"solution_id","cluster","cluster_events","marker","status","reason","valid_seeds","both_reject_seeds","dip_reject_seeds","acr_reject_seeds","min_dip_q","min_acr_q","size_stratum","refinement_reason"
"inflect_ward_k27",1,1026945,"CD11c","detected_multimodality","both tests reject in at least two seeds",3,3,3,3,0,0,3,"detected_multimodality"
"inflect_ward_k27",1,1026945,"CD127","no_detected_multimodality","neither test rejects in any seed",3,0,0,0,0.997179923719969,0.811444183630277,3,"stratified_5_percent_pass_audit"
"inflect_ward_k27",1,1026945,"CD14","no_detected_multimodality","neither test rejects in any seed",3,0,0,0,0.997179923719969,0.774387193596798,3,"stratified_5_percent_pass_audit"
"inflect_ward_k27",1,1026945,"CD159c_NKG2C","no_detected_multimodality","neither test rejects in any seed",3,0,0,0,0.997179923719969,0.790145072536268,3,"stratified_5_percent_pass_audit"
"inflect_ward_k27",1,1026945,"CD16","no_detected_multimodality","neither test rejects in any seed",3,0,0,0,0.997179923719969,0.807832487672408,3,
"inflect_ward_k27",1,1026945,"CD161","detected_multimodality","both tests reject in at least two seeds",3,3,3,3,0,0,3,"detected_multimodality"
"inflect_ward_k27",1,1026945,"CD185_CXCR5","no_detected_multimodality","neither test rejects in any seed",3,0,0,0,0.997179923719969,0.790145072536268,3,
"inflect_ward_k27",1,1026945,"CD19","no_detected_multimodality","neither test rejects in any seed",3,0,0,0,0.997179923719969,0.790145072536268,3,"stratified_5_percent_pass_audit"
"inflect_ward_k27",1,1026945,"CD197_CCR7","no_detected_multimodality","neither test rejects in any seed",3,0,0,0,0.997179923719969,0.104677338669335,3,
"inflect_ward_k27",1,1026945,"CD1c","no_detected_multimodality","neither test rejects in any seed",3,0,0,0,0.997179923719969,0.739494747373687,3,
"inflect_ward_k27",1,1026945,"CD21","no_detected_multimodality","neither test rejects in any seed",3,0,0,0,0.997179923719969,0.790145072536268,3,
"inflect_ward_k27",1,1026945,"CD25","no_detected_multimodality","neither test rejects in any seed",3,0,0,0,0.997179923719969,0.441863789037376,3,
"inflect_ward_k27",1,1026945,"CD27","no_detected_multimodality","neither test rejects in any seed",3,0,0,0,0.997179923719969,0.811444183630277,3,
"inflect_ward_k27",1,1026945,"CD294_CRTH2","no_detected_multimodality","neither test rejects in any seed",3,0,0,0,0.997179923719969,0.333166583291646,3,"stratified_5_percent_pass_audit"
"inflect_ward_k27",1,1026945,"CD3","no_detected_multimodality","neither test rejects in any seed",3,0,0,0,0.997179923719969,0.811444183630277,3,
"inflect_ward_k27",1,1026945,"CD303_TCRvd2","no_detected_multimodality","neither test rejects in any seed",3,0,0,0,0.997179923719969,0.790145072536268,3,
"inflect_ward_k27",1,1026945,"CD38","no_detected_multimodality","neither test rejects in any seed",3,0,0,0,0.997179923719969,0.811444183630277,3,"stratified_5_percent_pass_audit"
"inflect_ward_k27",1,1026945,"CD4","no_detected_multimodality","neither test rejects in any seed",3,0,0,0,0.997179923719969,0.175587793896948,3,
"inflect_ward_k27",1,1026945,"CD45RA","no_detected_multimodality","neither test rejects in any seed",3,0,0,0,0.997179923719969,0.819409704852426,3,
"inflect_ward_k27",1,1026945,"CD56","no_detected_multimodality","neither test rejects in any seed",3,0,0,0,0.997179923719969,0.790145072536268,3,"stratified_5_percent_pass_audit"
"inflect_ward_k27",1,1026945,"CD57","ambiguous","discordant_tests;seed_instability",3,0,0,2,0.997179923719969,0,3,"ambiguous"
"inflect_ward_k27",1,1026945,"CD7","no_detected_multimodality","neither test rejects in any seed",3,0,0,0,0.997179923719969,0.807832487672408,3,
"inflect_ward_k27",1,1026945,"CD8","no_detected_multimodality","neither test rejects in any seed",3,0,0,0,0.997179923719969,0.280940470235118,3,
"inflect_ward_k27",1,1026945,"FoxP3","no_detected_multimodality","neither test rejects in any seed",3,0,0,0,0.997179923719969,0.790145072536268,3,
"inflect_ward_k27",1,1026945,"HLA-DR","no_detected_multimodality","neither test rejects in any seed",3,0,0,0,0.997179923719969,0.807832487672408,3,
"inflect_ward_k27",1,1026945,"Tbet","no_detected_multimodality","neither test rejects in any seed",3,0,0,0,0.997179923719969,0.790145072536268,3,
"inflect_ward_k27",1,1026945,"TCRgd_CD141","no_detected_multimodality","neither test rejects in any seed",3,0,0,0,0.997179923719969,0.811444183630277,3,
"inflect_ward_k27",2,740677,"CD11c","no_detected_multimodality","neither test rejects in any seed",3,0,0,0,1,0.648324162081041,3,"stratified_5_percent_pass_audit"
"inflect_ward_k27",2,740677,"CD127","no_detected_multimodality","neither test rejects in any seed",3,0,0,0,1,0.892088901593654,3,
"inflect_ward_k27",2,740677,"CD14","no_detected_multimodality","neither test rejects in any seed",3,0,0,0,1,0.892088901593654,3,
"inflect_ward_k27",2,740677,"CD159c_NKG2C","no_detected_multimodality","neither test rejects in any seed",3,0,0,0,1,0.108054027013507,3,
"inflect_ward_k27",2,740677,"CD16","no_detected_multimodality","neither test rejects in any seed",3,0,0,0,1,0.91199947799987,3,
"inflect_ward_k27",2,740677,"CD161","no_detected_multimodality","neither test rejects in any seed",3,0,0,0,1,0.829700564567998,3,
"inflect_ward_k27",2,740677,"CD185_CXCR5","no_detected_multimodality","neither test rejects in any seed",3,0,0,0,1,0.892088901593654,3,"stratified_5_percent_pass_audit"
"inflect_ward_k27",2,740677,"CD19","no_detected_multimodality","neither test rejects in any seed",3,0,0,0,1,0.829700564567998,3,
"inflect_ward_k27",2,740677,"CD197_CCR7","no_detected_multimodality","neither test rejects in any seed",3,0,0,0,1,0.829700564567998,3,"stratified_5_percent_pass_audit"
"inflect_ward_k27",2,740677,"CD1c","no_detected_multimodality","neither test rejects in any seed",3,0,0,0,1,0.892088901593654,3,
"inflect_ward_k27",2,740677,"CD21","no_detected_multimodality","neither test rejects in any seed",3,0,0,0,1,0.829700564567998,3,
"inflect_ward_k27",2,740677,"CD25","no_detected_multimodality","neither test rejects in any seed",3,0,0,0,1,0.91199947799987,3,
"inflect_ward_k27",2,740677,"CD27","no_detected_multimodality","neither test rejects in any seed",3,0,0,0,1,0.949794897448724,3,
"inflect_ward_k27",2,740677,"CD294_CRTH2","no_detected_multimodality","neither test rejects in any seed",3,0,0,0,1,0.648324162081041,3,
"inflect_ward_k27",2,740677,"CD3","no_detected_multimodality","neither test rejects in any seed",3,0,0,0,1,0.892088901593654,3,
"inflect_ward_k27",2,740677,"CD303_TCRvd2","no_detected_multimodality","neither test rejects in any seed",3,0,0,0,1,0.209354677338669,3,
"inflect_ward_k27",2,740677,"CD38","no_detected_multimodality","neither test rejects in any seed",3,0,0,0,1,0.829700564567998,3,
"inflect_ward_k27",2,740677,"CD4","no_detected_multimodality","neither test rejects in any seed",3,0,0,0,1,0.847548774387194,3,
"inflect_ward_k27",2,740677,"CD45RA","no_detected_multimodality","neither test rejects in any seed",3,0,0,0,1,0.64832416208104,3,
"inflect_ward_k27",2,740677,"CD56","no_detected_multimodality","neither test rejects in any seed",3,0,0,0,1,0.829700564567998,3,
"inflect_ward_k27",2,740677,"CD57","detected_multimodality","both tests reject in at least two seeds",3,3,3,3,0,0,3,"detected_multimodality"
"inflect_ward_k27",2,740677,"CD7","no_detected_multimodality","neither test rejects in any seed",3,0,0,0,1,0.892088901593654,3,
"inflect_ward_k27",2,740677,"CD8","no_detected_multimodality","neither test rejects in any seed",3,0,0,0,1,0.989494747373687,3,
"inflect_ward_k27",2,740677,"FoxP3","no_detected_multimodality","neither test rejects in any seed",3,0,0,0,1,0.892088901593654,3,
"inflect_ward_k27",2,740677,"HLA-DR","no_detected_multimodality","neither test rejects in any seed",3,0,0,0,1,0.960909025941542,3,
"inflect_ward_k27",2,740677,"Tbet","no_detected_multimodality","neither test rejects in any seed",3,0,0,0,1,0.648324162081041,3,"stratified_5_percent_pass_audit"
"inflect_ward_k27",2,740677,"TCRgd_CD141","no_detected_multimodality","neither test rejects in any seed",3,0,0,0,1,0.562781390695348,3,
"inflect_ward_k27",3,374114,"CD11c","ambiguous","discordant_tests;seed_instability",3,0,0,2,0.269799287874204,0.00270135067533767,2,"ambiguous"
"inflect_ward_k27",3,374114,"CD127","no_detected_multimodality","neither test rejects in any seed",3,0,0,0,1,0.104194954620167,2,
"inflect_ward_k27",3,374114,"CD14","no_detected_multimodality","neither test rejects in any seed",3,0,0,0,1,0.996498249124562,2,
"inflect_ward_k27",3,374114,"CD159c_NKG2C","ambiguous","discordant_tests",3,0,0,3,0.216758227903341,0,2,"ambiguous"
"inflect_ward_k27",3,374114,"CD16","detected_multimodality","both tests reject in at least two seeds",3,3,3,3,0,0,2,"detected_multimodality"
"inflect_ward_k27",3,374114,"CD161","no_detected_multimodality","neither test rejects in any seed",3,0,0,0,1,0.688844422211106,2,
"inflect_ward_k27",3,374114,"CD185_CXCR5","no_detected_multimodality","neither test rejects in any seed",3,0,0,0,1,0.84192096048024,2,
"inflect_ward_k27",3,374114,"CD19","no_detected_multimodality","neither test rejects in any seed",3,0,0,0,1,0.268446723361681,2,
"inflect_ward_k27",3,374114,"CD197_CCR7","no_detected_multimodality","neither test rejects in any seed",3,0,0,0,1,0.949331808761524,2,"stratified_5_percent_pass_audit"
"inflect_ward_k27",3,374114,"CD1c","no_detected_multimodality","neither test rejects in any seed",3,0,0,0,1,0.268446723361681,2,"stratified_5_percent_pass_audit"
"inflect_ward_k27",3,374114,"CD21","no_detected_multimodality","neither test rejects in any seed",3,0,0,0,1,0.996498249124562,2,"stratified_5_percent_pass_audit"
"inflect_ward_k27",3,374114,"CD25","no_detected_multimodality","neither test rejects in any seed",3,0,0,0,1,0.976988494247124,2,
"inflect_ward_k27",3,374114,"CD27","no_detected_multimodality","neither test rejects in any seed",3,0,0,0,1,0.976988494247124,2,
"inflect_ward_k27",3,374114,"CD294_CRTH2","no_detected_multimodality","neither test rejects in any seed",3,0,0,0,1,0.140856142356893,2,"stratified_5_percent_pass_audit"
"inflect_ward_k27",3,374114,"CD3","detected_multimodality","both tests reject in at least two seeds",3,3,3,3,0,0,2,"detected_multimodality"
"inflect_ward_k27",3,374114,"CD303_TCRvd2","no_detected_multimodality","neither test rejects in any seed",3,0,0,0,1,0.688844422211106,2,"stratified_5_percent_pass_audit"
"inflect_ward_k27",3,374114,"CD38","ambiguous","discordant_tests;seed_instability",3,0,0,1,1,0.016208104052026,2,"ambiguous"
"inflect_ward_k27",3,374114,"CD4","no_detected_multimodality","neither test rejects in any seed",3,0,0,0,1,0.518168174996589,2,
"inflect_ward_k27",3,374114,"CD45RA","no_detected_multimodality","neither test rejects in any seed",3,0,0,0,1,0.518168174996589,2,
"inflect_ward_k27",3,374114,"CD56","ambiguous","discordant_tests;seed_instability",3,0,0,2,0.328349364900192,0,2,"ambiguous"
"inflect_ward_k27",3,374114,"CD57","detected_multimodality","both tests reject in at least two seeds",3,3,3,3,0,0,2,"detected_multimodality"
"inflect_ward_k27",3,374114,"CD7","no_detected_multimodality","neither test rejects in any seed",3,0,0,0,1,0.787364270370479,2,"stratified_5_percent_pass_audit"
"inflect_ward_k27",3,374114,"CD8","no_detected_multimodality","neither test rejects in any seed",3,0,0,0,1,0.926563281640821,2,
"inflect_ward_k27",3,374114,"FoxP3","no_detected_multimodality","neither test rejects in any seed",3,0,0,0,1,0.983831915957979,2,
"inflect_ward_k27",3,374114,"HLA-DR","no_detected_multimodality","neither test rejects in any seed",3,0,0,0,1,0.976988494247124,2,
"inflect_ward_k27",3,374114,"Tbet","no_detected_multimodality","neither test rejects in any seed",3,0,0,0,1,0.688844422211106,2,
"inflect_ward_k27",3,374114,"TCRgd_CD141","no_detected_multimodality","neither test rejects in any seed",3,0,0,0,1,0.518168174996589,2,
"inflect_ward_k27",4,510865,"CD11c","detected_multimodality","both tests reject in at least two seeds",3,3,3,3,0,0,2,"detected_multimodality"
"inflect_ward_k27",4,510865,"CD127","no_detected_multimodality","neither test rejects in any seed",3,0,0,0,1,0.953976988494247,2,
"inflect_ward_k27",4,510865,"CD14","no_detected_multimodality","neither test rejects in any seed",3,0,0,0,1,0.953976988494247,2,
"inflect_ward_k27",4,510865,"CD159c_NKG2C","no_detected_multimodality","neither test rejects in any seed",3,0,0,0,1,0.884692346173087,2,
"inflect_ward_k27",4,510865,"CD16","no_detected_multimodality","neither test rejects in any seed",3,0,0,0,1,0.580790395197599,2,"stratified_5_percent_pass_audit"
"inflect_ward_k27",4,510865,"CD161","no_detected_multimodality","neither test rejects in any seed",3,0,0,0,1,0.145872936468234,2,
"inflect_ward_k27",4,510865,"CD185_CXCR5","no_detected_multimodality","neither test rejects in any seed",3,0,0,0,1,0.923984719632544,2,"stratified_5_percent_pass_audit"
"inflect_ward_k27",4,510865,"CD19","no_detected_multimodality","neither test rejects in any seed",3,0,0,0,1,0.884692346173087,2,
"inflect_ward_k27",4,510865,"CD197_CCR7","no_detected_multimodality","neither test rejects in any seed",3,0,0,0,1,0.953976988494247,2,
"inflect_ward_k27",4,510865,"CD1c","no_detected_multimodality","neither test rejects in any seed",3,0,0,0,1,0.953976988494247,2,
"inflect_ward_k27",4,510865,"CD21","no_detected_multimodality","neither test rejects in any seed",3,0,0,0,1,0.453441006217394,2,
"inflect_ward_k27",4,510865,"CD25","no_detected_multimodality","neither test rejects in any seed",3,0,0,0,1,0.756378189094547,2,"stratified_5_percent_pass_audit"
"inflect_ward_k27",4,510865,"CD27","no_detected_multimodality","neither test rejects in any seed",3,0,0,0,1,0.923984719632544,2,
"inflect_ward_k27",4,510865,"CD294_CRTH2","no_detected_multimodality","neither test rejects in any seed",3,0,0,0,1,0.207103551775888,2,
"inflect_ward_k27",4,510865,"CD3","detected_multimodality","both tests reject in at least two seeds",3,3,3,3,0,0,2,"detected_multimodality"
"inflect_ward_k27",4,510865,"CD303_TCRvd2","no_detected_multimodality","neither test rejects in any seed",3,0,0,0,1,0.884692346173087,2,
"inflect_ward_k27",4,510865,"CD38","no_detected_multimodality","neither test rejects in any seed",3,0,0,0,1,0.923984719632544,2,
"inflect_ward_k27",4,510865,"CD4","no_detected_multimodality","neither test rejects in any seed",3,0,0,0,1,0.633466733366683,2,
"inflect_ward_k27",4,510865,"CD45RA","no_detected_multimodality","neither test rejects in any seed",3,0,0,0,1,0.884692346173087,2,"stratified_5_percent_pass_audit"
"inflect_ward_k27",4,510865,"CD56","detected_multimodality","both tests reject in at least two seeds",3,3,3,3,0,0,2,"detected_multimodality"
"inflect_ward_k27",4,510865,"CD57","detected_multimodality","both tests reject in at least two seeds",3,3,3,3,0.00336675905397604,0,2,"detected_multimodality"
"inflect_ward_k27",4,510865,"CD7","no_detected_multimodality","neither test rejects in any seed",3,0,0,0,1,0.953976988494247,2,
"inflect_ward_k27",4,510865,"CD8","no_detected_multimodality","neither test rejects in any seed",3,0,0,0,1,0.205302651325663,2,
"inflect_ward_k27",4,510865,"FoxP3","no_detected_multimodality","neither test rejects in any seed",3,0,0,0,1,0.633466733366683,2,"stratified_5_percent_pass_audit"
"inflect_ward_k27",4,510865,"HLA-DR","no_detected_multimodality","neither test rejects in any seed",3,0,0,0,1,0.923984719632544,2,
"inflect_ward_k27",4,510865,"Tbet","no_detected_multimodality","neither test rejects in any seed",3,0,0,0,1,0.632887872507682,2,
"inflect_ward_k27",4,510865,"TCRgd_CD141","no_detected_multimodality","neither test rejects in any seed",3,0,0,0,1,0.671654008822593,2,"stratified_5_percent_pass_audit"
"inflect_ward_k27",5,364460,"CD11c","detected_multimodality","both tests reject in at least two seeds",3,3,3,3,0,0,2,"detected_multimodality"
"inflect_ward_k27",5,364460,"CD127","no_detected_multimodality","neither test rejects in any seed",3,0,0,0,1,0.628064032016008,2,
"inflect_ward_k27",5,364460,"CD14","no_detected_multimodality","neither test rejects in any seed",3,0,0,0,1,0.917378689344672,2,
"inflect_ward_k27",5,364460,"CD159c_NKG2C","no_detected_multimodality","neither test rejects in any seed",3,0,0,0,1,0.664832416208104,2,"stratified_5_percent_pass_audit"
"inflect_ward_k27",5,364460,"CD16","no_detected_multimodality","neither test rejects in any seed",3,0,0,0,1,0.917378689344672,2,
"inflect_ward_k27",5,364460,"CD161","detected_multimodality","both tests reject in at least two seeds",3,2,2,3,0.000209671733034766,0,2,"detected_multimodality"
"inflect_ward_k27",5,364460,"CD185_CXCR5","no_detected_multimodality","neither test rejects in any seed",3,0,0,0,1,0.931465732866433,2,
"inflect_ward_k27",5,364460,"CD19","no_detected_multimodality","neither test rejects in any seed",3,0,0,0,1,0.917378689344672,2,
"inflect_ward_k27",5,364460,"CD197_CCR7","no_detected_multimodality","neither test rejects in any seed",3,0,0,0,1,0.917378689344672,2,
"inflect_ward_k27",5,364460,"CD1c","no_detected_multimodality","neither test rejects in any seed",3,0,0,0,1,0.917378689344672,2,
"inflect_ward_k27",5,364460,"CD21","no_detected_multimodality","neither test rejects in any seed",3,0,0,0,1,0.917378689344672,2,
"inflect_ward_k27",5,364460,"CD25","no_detected_multimodality","neither test rejects in any seed",3,0,0,0,1,0.931465732866433,2,
"inflect_ward_k27",5,364460,"CD27","no_detected_multimodality","neither test rejects in any seed",3,0,0,0,1,0.917378689344672,2,
"inflect_ward_k27",5,364460,"CD294_CRTH2","ambiguous","borderline_q",3,0,0,0,1,0.0877938969484742,2,"ambiguous"
"inflect_ward_k27",5,364460,"CD3","ambiguous","discordant_tests",3,0,0,3,1,0,2,"ambiguous"
"inflect_ward_k27",5,364460,"CD303_TCRvd2","no_detected_multimodality","neither test rejects in any seed",3,0,0,0,1,0.756378189094547,2,
"inflect_ward_k27",5,364460,"CD38","no_detected_multimodality","neither test rejects in any seed",3,0,0,0,1,0.917378689344672,2,
"inflect_ward_k27",5,364460,"CD4","no_detected_multimodality","neither test rejects in any seed",3,0,0,0,1,0.917378689344672,2,"stratified_5_percent_pass_audit"
"inflect_ward_k27",5,364460,"CD45RA","ambiguous","borderline_q",3,0,0,0,1,0.0630315157578789,2,"ambiguous"
"inflect_ward_k27",5,364460,"CD56","ambiguous","discordant_tests",3,0,0,3,0.581521703915507,0,2,"ambiguous"
"inflect_ward_k27",5,364460,"CD57","ambiguous","discordant_tests;seed_instability;borderline_q",3,0,0,1,0.420239122398135,0.00337668834417209,2,"ambiguous"
"inflect_ward_k27",5,364460,"CD7","no_detected_multimodality","neither test rejects in any seed",3,0,0,0,1,0.628064032016008,2,
"inflect_ward_k27",5,364460,"CD8","no_detected_multimodality","neither test rejects in any seed",3,0,0,0,1,0.917378689344672,2,"stratified_5_percent_pass_audit"
"inflect_ward_k27",5,364460,"FoxP3","no_detected_multimodality","neither test rejects in any seed",3,0,0,0,1,0.617451582934324,2,
"inflect_ward_k27",5,364460,"HLA-DR","no_detected_multimodality","neither test rejects in any seed",3,0,0,0,1,0.917378689344672,2,
"inflect_ward_k27",5,364460,"Tbet","no_detected_multimodality","neither test rejects in any seed",3,0,0,0,1,0.576288144072036,2,
"inflect_ward_k27",5,364460,"TCRgd_CD141","ambiguous","borderline_q",3,0,0,0,1,0.0877938969484742,2,"ambiguous"
"inflect_ward_k27",6,408648,"CD11c","no_detected_multimodality","neither test rejects in any seed",3,0,0,0,0.997751924174555,0.528185145204181,2,"stratified_5_percent_pass_audit"
"inflect_ward_k27",6,408648,"CD127","no_detected_multimodality","neither test rejects in any seed",3,0,0,0,0.997751924174555,0.488944472236118,2,
"inflect_ward_k27",6,408648,"CD14","no_detected_multimodality","neither test rejects in any seed",3,0,0,0,0.997751924174555,0.528185145204181,2,
"inflect_ward_k27",6,408648,"CD159c_NKG2C","ambiguous","discordant_tests;seed_instability",3,0,0,1,0.997751924174555,0.00675337668834417,2,"ambiguous"
"inflect_ward_k27",6,408648,"CD16","detected_multimodality","both tests reject in at least two seeds",3,3,3,3,0,0,2,"detected_multimodality"
"inflect_ward_k27",6,408648,"CD161","no_detected_multimodality","neither test rejects in any seed",3,0,0,0,0.997751924174555,0.339598370613878,2,
"inflect_ward_k27",6,408648,"CD185_CXCR5","no_detected_multimodality","neither test rejects in any seed",3,0,0,0,0.997751924174555,0.584006288858715,2,
"inflect_ward_k27",6,408648,"CD19","no_detected_multimodality","neither test rejects in any seed",3,0,0,0,0.997751924174555,0.530140070035018,2,
"inflect_ward_k27",6,408648,"CD197_CCR7","no_detected_multimodality","neither test rejects in any seed",3,0,0,0,0.997751924174555,0.208004002001001,2,
"inflect_ward_k27",6,408648,"CD1c","no_detected_multimodality","neither test rejects in any seed",3,0,0,0,0.997751924174555,0.763131565782891,2,
"inflect_ward_k27",6,408648,"CD21","no_detected_multimodality","neither test rejects in any seed",3,0,0,0,0.997751924174555,0.733416708354177,2,
"inflect_ward_k27",6,408648,"CD25","no_detected_multimodality","neither test rejects in any seed",3,0,0,0,0.997751924174555,0.798586793396698,2,
"inflect_ward_k27",6,408648,"CD27","no_detected_multimodality","neither test rejects in any seed",3,0,0,0,0.997751924174555,0.798586793396698,2,"stratified_5_percent_pass_audit"
"inflect_ward_k27",6,408648,"CD294_CRTH2","no_detected_multimodality","neither test rejects in any seed",3,0,0,0,0.997751924174555,0.337668834417209,2,
"inflect_ward_k27",6,408648,"CD3","detected_multimodality","both tests reject in at least two seeds",3,3,3,3,0,0,2,"detected_multimodality"
"inflect_ward_k27",6,408648,"CD303_TCRvd2","no_detected_multimodality","neither test rejects in any seed",3,0,0,0,0.997751924174555,0.528185145204181,2,
"inflect_ward_k27",6,408648,"CD38","no_detected_multimodality","neither test rejects in any seed",3,0,0,0,0.997751924174555,0.528185145204181,2,
"inflect_ward_k27",6,408648,"CD4","no_detected_multimodality","neither test rejects in any seed",3,0,0,0,0.997751924174555,0.528185145204181,2,
"inflect_ward_k27",6,408648,"CD45RA","no_detected_multimodality","neither test rejects in any seed",3,0,0,0,0.997751924174555,0.528185145204181,2,
"inflect_ward_k27",6,408648,"CD56","no_detected_multimodality","neither test rejects in any seed",3,0,0,0,0.997751924174555,0.528185145204181,2,
"inflect_ward_k27",6,408648,"CD57","detected_multimodality","both tests reject in at least two seeds",3,3,3,3,0,0,2,"detected_multimodality"
"inflect_ward_k27",6,408648,"CD7","no_detected_multimodality","neither test rejects in any seed",3,0,0,0,0.997751924174555,0.411955977988995,2,
"inflect_ward_k27",6,408648,"CD8","ambiguous","borderline_q",3,0,0,0,0.62631672140218,0.0742871435717859,2,"ambiguous"
"inflect_ward_k27",6,408648,"FoxP3","no_detected_multimodality","neither test rejects in any seed",3,0,0,0,0.997751924174555,0.528185145204181,2,
"inflect_ward_k27",6,408648,"HLA-DR","no_detected_multimodality","neither test rejects in any seed",3,0,0,0,0.997751924174555,0.865932966483242,2,
"inflect_ward_k27",6,408648,"Tbet","no_detected_multimodality","neither test rejects in any seed",3,0,0,0,0.997751924174555,0.528185145204181,2,"stratified_5_percent_pass_audit"
"inflect_ward_k27",6,408648,"TCRgd_CD141","no_detected_multimodality","neither test rejects in any seed",3,0,0,0,0.997751924174555,0.528185145204181,2,
"inflect_ward_k27",7,666506,"CD11c","no_detected_multimodality","neither test rejects in any seed",3,0,0,0,0.998071054499371,0.423211605802901,3,
"inflect_ward_k27",7,666506,"CD127","no_detected_multimodality","neither test rejects in any seed",3,0,0,0,0.998071054499371,0.344422211105553,3,
"inflect_ward_k27",7,666506,"CD14","no_detected_multimodality","neither test rejects in any seed",3,0,0,0,0.998071054499371,0.688844422211106,3,
"inflect_ward_k27",7,666506,"CD159c_NKG2C","no_detected_multimodality","neither test rejects in any seed",3,0,0,0,0.998071054499371,0.32609161723719,3,
"inflect_ward_k27",7,666506,"CD16","no_detected_multimodality","neither test rejects in any seed",3,0,0,0,0.998071054499371,0.640726613306653,3,"stratified_5_percent_pass_audit"
"inflect_ward_k27",7,666506,"CD161","no_detected_multimodality","neither test rejects in any seed",3,0,0,0,0.998071054499371,0.32609161723719,3,
"inflect_ward_k27",7,666506,"CD185_CXCR5","no_detected_multimodality","neither test rejects in any seed",3,0,0,0,0.998071054499371,0.637273182045568,3,
"inflect_ward_k27",7,666506,"CD19","no_detected_multimodality","neither test rejects in any seed",3,0,0,0,0.998071054499371,0.423211605802901,3,
"inflect_ward_k27",7,666506,"CD197_CCR7","no_detected_multimodality","neither test rejects in any seed",3,0,0,0,0.998071054499371,0.423211605802901,3,
"inflect_ward_k27",7,666506,"CD1c","no_detected_multimodality","neither test rejects in any seed",3,0,0,0,0.998071054499371,0.776316729793468,3,"stratified_5_percent_pass_audit"
"inflect_ward_k27",7,666506,"CD21","ambiguous","discordant_tests;seed_instability",3,0,0,1,0.998071054499371,0,3,"ambiguous"
"inflect_ward_k27",7,666506,"CD25","no_detected_multimodality","neither test rejects in any seed",3,0,0,0,0.998071054499371,0.637273182045568,3,
"inflect_ward_k27",7,666506,"CD27","no_detected_multimodality","neither test rejects in any seed",3,0,0,0,0.998071054499371,0.637273182045568,3,
"inflect_ward_k27",7,666506,"CD294_CRTH2","no_detected_multimodality","neither test rejects in any seed",3,0,0,0,0.998071054499371,0.688844422211106,3,
"inflect_ward_k27",7,666506,"CD3","no_detected_multimodality","neither test rejects in any seed",3,0,0,0,0.998071054499371,0.812247032607213,3,
"inflect_ward_k27",7,666506,"CD303_TCRvd2","no_detected_multimodality","neither test rejects in any seed",3,0,0,0,0.998071054499371,0.843327913956978,3,
"inflect_ward_k27",7,666506,"CD38","no_detected_multimodality","neither test rejects in any seed",3,0,0,0,0.998071054499371,0.423211605802901,3,
"inflect_ward_k27",7,666506,"CD4","no_detected_multimodality","neither test rejects in any seed",3,0,0,0,0.998071054499371,0.843327913956978,3,
"inflect_ward_k27",7,666506,"CD45RA","ambiguous","discordant_tests;seed_instability",3,0,0,2,0.281790926222486,0,3,"ambiguous"
"inflect_ward_k27",7,666506,"CD56","no_detected_multimodality","neither test rejects in any seed",3,0,0,0,0.998071054499371,0.423211605802901,3,
"inflect_ward_k27",7,666506,"CD57","ambiguous","discordant_tests;seed_instability",3,0,0,1,0.998071054499371,0.00675337668834417,3,"ambiguous"
"inflect_ward_k27",7,666506,"CD7","no_detected_multimodality","neither test rejects in any seed",3,0,0,0,0.998071054499371,0.423211605802901,3,
"inflect_ward_k27",7,666506,"CD8","no_detected_multimodality","neither test rejects in any seed",3,0,0,0,0.998071054499371,0.32609161723719,3,
"inflect_ward_k27",7,666506,"FoxP3","no_detected_multimodality","neither test rejects in any seed",3,0,0,0,0.998071054499371,0.637273182045568,3,
"inflect_ward_k27",7,666506,"HLA-DR","no_detected_multimodality","neither test rejects in any seed",3,0,0,0,0.998071054499371,0.423211605802901,3,
"inflect_ward_k27",7,666506,"Tbet","no_detected_multimodality","neither test rejects in any seed",3,0,0,0,0.998071054499371,0.861430715357679,3,
"inflect_ward_k27",7,666506,"TCRgd_CD141","no_detected_multimodality","neither test rejects in any seed",3,0,0,0,0.998071054499371,0.32609161723719,3,
"inflect_ward_k27",8,705582,"CD11c","detected_multimodality","both tests reject in at least two seeds",3,3,3,3,0,0,3,"detected_multimodality"
"inflect_ward_k27",8,705582,"CD127","no_detected_multimodality","neither test rejects in any seed",3,0,0,0,1,0.440657828914457,3,
"inflect_ward_k27",8,705582,"CD14","no_detected_multimodality","neither test rejects in any seed",3,0,0,0,1,0.990495247623812,3,
"inflect_ward_k27",8,705582,"CD159c_NKG2C","no_detected_multimodality","neither test rejects in any seed",3,0,0,0,1,0.987613806903452,3,
"inflect_ward_k27",8,705582,"CD16","no_detected_multimodality","neither test rejects in any seed",3,0,0,0,1,0.828414207103552,3,
"inflect_ward_k27",8,705582,"CD161","detected_multimodality","both tests reject in at least two seeds",3,3,3,3,0,0,3,"detected_multimodality"
"inflect_ward_k27",8,705582,"CD185_CXCR5","no_detected_multimodality","neither test rejects in any seed",3,0,0,0,1,0.939333303015144,3,
"inflect_ward_k27",8,705582,"CD19","no_detected_multimodality","neither test rejects in any seed",3,0,0,0,1,0.987613806903452,3,
"inflect_ward_k27",8,705582,"CD197_CCR7","no_detected_multimodality","neither test rejects in any seed",3,0,0,0,1,0.828414207103552,3,
"inflect_ward_k27",8,705582,"CD1c","no_detected_multimodality","neither test rejects in any seed",3,0,0,0,1,0.828414207103552,3,
"inflect_ward_k27",8,705582,"CD21","no_detected_multimodality","neither test rejects in any seed",3,0,0,0,1,0.575001786607589,3,
"inflect_ward_k27",8,705582,"CD25","no_detected_multimodality","neither test rejects in any seed",3,0,0,0,1,0.873886943471736,3,
"inflect_ward_k27",8,705582,"CD27","no_detected_multimodality","neither test rejects in any seed",3,0,0,0,1,0.95134523783631,3,
"inflect_ward_k27",8,705582,"CD294_CRTH2","no_detected_multimodality","neither test rejects in any seed",3,0,0,0,1,0.828414207103552,3,
"inflect_ward_k27",8,705582,"CD3","no_detected_multimodality","neither test rejects in any seed",3,0,0,0,1,0.682091045522761,3,
"inflect_ward_k27",8,705582,"CD303_TCRvd2","no_detected_multimodality","neither test rejects in any seed",3,0,0,0,1,0.601800900450225,3,
"inflect_ward_k27",8,705582,"CD38","ambiguous","discordant_tests;seed_instability",3,0,0,1,0.337806587316736,0.00900450225112556,3,"ambiguous"
"inflect_ward_k27",8,705582,"CD4","no_detected_multimodality","neither test rejects in any seed",3,0,0,0,1,0.873886943471736,3,
"inflect_ward_k27",8,705582,"CD45RA","no_detected_multimodality","neither test rejects in any seed",3,0,0,0,1,0.238619309654827,3,"stratified_5_percent_pass_audit"
"inflect_ward_k27",8,705582,"CD56","detected_multimodality","both tests reject in at least two seeds",3,3,3,3,0,0,3,"detected_multimodality"
"inflect_ward_k27",8,705582,"CD57","no_detected_multimodality","neither test rejects in any seed",3,0,0,0,1,0.95134523783631,3,"stratified_5_percent_pass_audit"
"inflect_ward_k27",8,705582,"CD7","ambiguous","discordant_tests;seed_instability",3,1,1,3,0.0069395807232242,0,3,"ambiguous"
"inflect_ward_k27",8,705582,"CD8","no_detected_multimodality","neither test rejects in any seed",3,0,0,0,1,0.95134523783631,3,
"inflect_ward_k27",8,705582,"FoxP3","ambiguous","discordant_tests",3,0,0,3,0.414408970931803,0,3,"ambiguous"
"inflect_ward_k27",8,705582,"HLA-DR","no_detected_multimodality","neither test rejects in any seed",3,0,0,0,1,0.95134523783631,3,"stratified_5_percent_pass_audit"
"inflect_ward_k27",8,705582,"Tbet","no_detected_multimodality","neither test rejects in any seed",3,0,0,0,1,0.939333303015144,3,
"inflect_ward_k27",8,705582,"TCRgd_CD141","no_detected_multimodality","neither test rejects in any seed",3,0,0,0,1,0.828414207103552,3,
"inflect_ward_k27",9,608176,"CD11c","no_detected_multimodality","neither test rejects in any seed",3,0,0,0,1,0.189094547273637,3,
"inflect_ward_k27",9,608176,"CD127","no_detected_multimodality","neither test rejects in any seed",3,0,0,0,1,0.92337077629724,3,
"inflect_ward_k27",9,608176,"CD14","no_detected_multimodality","neither test rejects in any seed",3,0,0,0,1,0.108054027013507,3,
"inflect_ward_k27",9,608176,"CD159c_NKG2C","no_detected_multimodality","neither test rejects in any seed",3,0,0,0,1,0.580790395197599,3,
"inflect_ward_k27",9,608176,"CD16","no_detected_multimodality","neither test rejects in any seed",3,0,0,0,1,0.847548774387194,3,
"inflect_ward_k27",9,608176,"CD161","no_detected_multimodality","neither test rejects in any seed",3,0,0,0,1,0.434467233616808,3,
"inflect_ward_k27",9,608176,"CD185_CXCR5","no_detected_multimodality","neither test rejects in any seed",3,0,0,0,1,0.74512256128064,3,
"inflect_ward_k27",9,608176,"CD19","no_detected_multimodality","neither test rejects in any seed",3,0,0,0,1,0.423211605802901,3,
"inflect_ward_k27",9,608176,"CD197_CCR7","no_detected_multimodality","neither test rejects in any seed",3,0,0,0,1,0.465232616308154,3,
"inflect_ward_k27",9,608176,"CD1c","ambiguous","discordant_tests;seed_instability",3,0,0,1,1,0.0202601300650325,3,"ambiguous"
"inflect_ward_k27",9,608176,"CD21","no_detected_multimodality","neither test rejects in any seed",3,0,0,0,1,0.423211605802901,3,
"inflect_ward_k27",9,608176,"CD25","no_detected_multimodality","neither test rejects in any seed",3,0,0,0,1,0.942471235617809,3,
"inflect_ward_k27",9,608176,"CD27","no_detected_multimodality","neither test rejects in any seed",3,0,0,0,1,0.847548774387194,3,
"inflect_ward_k27",9,608176,"CD294_CRTH2","no_detected_multimodality","neither test rejects in any seed",3,0,0,0,1,0.847548774387194,3,
"inflect_ward_k27",9,608176,"CD3","no_detected_multimodality","neither test rejects in any seed",3,0,0,0,1,0.847548774387194,3,"stratified_5_percent_pass_audit"
"inflect_ward_k27",9,608176,"CD303_TCRvd2","no_detected_multimodality","neither test rejects in any seed",3,0,0,0,1,0.108054027013507,3,
"inflect_ward_k27",9,608176,"CD38","no_detected_multimodality","neither test rejects in any seed",3,0,0,0,1,0.938199869165352,3,
"inflect_ward_k27",9,608176,"CD4","no_detected_multimodality","neither test rejects in any seed",3,0,0,0,1,0.847548774387194,3,"stratified_5_percent_pass_audit"
"inflect_ward_k27",9,608176,"CD45RA","no_detected_multimodality","neither test rejects in any seed",3,0,0,0,1,0.202601300650325,3,
"inflect_ward_k27",9,608176,"CD56","no_detected_multimodality","neither test rejects in any seed",3,0,0,0,1,0.679021328846241,3,
"inflect_ward_k27",9,608176,"CD57","detected_multimodality","both tests reject in at least two seeds",3,3,3,3,0,0,3,"detected_multimodality"
"inflect_ward_k27",9,608176,"CD7","no_detected_multimodality","neither test rejects in any seed",3,0,0,0,1,0.594297148574287,3,"stratified_5_percent_pass_audit"
"inflect_ward_k27",9,608176,"CD8","no_detected_multimodality","neither test rejects in any seed",3,0,0,0,1,0.938199869165352,3,"stratified_5_percent_pass_audit"
"inflect_ward_k27",9,608176,"FoxP3","no_detected_multimodality","neither test rejects in any seed",3,0,0,0,1,0.847548774387194,3,
"inflect_ward_k27",9,608176,"HLA-DR","no_detected_multimodality","neither test rejects in any seed",3,0,0,0,1,0.847548774387194,3,
"inflect_ward_k27",9,608176,"Tbet","no_detected_multimodality","neither test rejects in any seed",3,0,0,0,1,0.938199869165352,3,
"inflect_ward_k27",9,608176,"TCRgd_CD141","no_detected_multimodality","neither test rejects in any seed",3,0,0,0,1,0.465232616308154,3,
"inflect_ward_k27",10,264044,"CD11c","detected_multimodality","both tests reject in at least two seeds",3,3,3,3,0,0,1,"detected_multimodality"
"inflect_ward_k27",10,264044,"CD127","no_detected_multimodality","neither test rejects in any seed",3,0,0,0,0.999626448962759,0.689744872436218,1,"stratified_5_percent_pass_audit"
"inflect_ward_k27",10,264044,"CD14","ambiguous","borderline_q",3,0,0,0,0.999626448962759,0.0648324162081041,1,"ambiguous"
"inflect_ward_k27",10,264044,"CD159c_NKG2C","no_detected_multimodality","neither test rejects in any seed",3,0,0,0,0.999626448962759,0.921460730365183,1,
"inflect_ward_k27",10,264044,"CD16","detected_multimodality","both tests reject in at least two seeds",3,3,3,3,0,0,1,"detected_multimodality"
"inflect_ward_k27",10,264044,"CD161","detected_multimodality","both tests reject in at least two seeds",3,3,3,3,0,0,1,"detected_multimodality"
"inflect_ward_k27",10,264044,"CD185_CXCR5","no_detected_multimodality","neither test rejects in any seed",3,0,0,0,0.999626448962759,0.567283641820911,1,
"inflect_ward_k27",10,264044,"CD19","no_detected_multimodality","neither test rejects in any seed",3,0,0,0,0.999626448962759,0.362431215607804,1,"stratified_5_percent_pass_audit"
"inflect_ward_k27",10,264044,"CD197_CCR7","no_detected_multimodality","neither test rejects in any seed",3,0,0,0,0.999626448962759,0.368059029514757,1,"stratified_5_percent_pass_audit"
"inflect_ward_k27",10,264044,"CD1c","no_detected_multimodality","neither test rejects in any seed",3,0,0,0,0.999626448962759,0.921460730365183,1,
"inflect_ward_k27",10,264044,"CD21","no_detected_multimodality","neither test rejects in any seed",3,0,0,0,0.999626448962759,0.893578368131434,1,
"inflect_ward_k27",10,264044,"CD25","no_detected_multimodality","neither test rejects in any seed",3,0,0,0,0.999626448962759,0.567283641820911,1,
"inflect_ward_k27",10,264044,"CD27","no_detected_multimodality","neither test rejects in any seed",3,0,0,0,0.999626448962759,0.921460730365183,1,
"inflect_ward_k27",10,264044,"CD294_CRTH2","no_detected_multimodality","neither test rejects in any seed",3,0,0,0,0.999626448962759,0.92139548034887,1,"stratified_5_percent_pass_audit"
"inflect_ward_k27",10,264044,"CD3","no_detected_multimodality","neither test rejects in any seed",3,0,0,0,0.999626448962759,0.77923577173202,1,"stratified_5_percent_pass_audit"
"inflect_ward_k27",10,264044,"CD303_TCRvd2","no_detected_multimodality","neither test rejects in any seed",3,0,0,0,0.999626448962759,0.334292146073036,1,
"inflect_ward_k27",10,264044,"CD38","no_detected_multimodality","neither test rejects in any seed",3,0,0,0,0.999626448962759,0.152433359536911,1,"stratified_5_percent_pass_audit"
"inflect_ward_k27",10,264044,"CD4","no_detected_multimodality","neither test rejects in any seed",3,0,0,0,0.999626448962759,0.567283641820911,1,
"inflect_ward_k27",10,264044,"CD45RA","ambiguous","borderline_q",3,0,0,0,0.999626448962759,0.0999499749874938,1,"ambiguous"
"inflect_ward_k27",10,264044,"CD56","no_detected_multimodality","neither test rejects in any seed",3,0,0,0,0.999626448962759,0.92139548034887,1,
"inflect_ward_k27",10,264044,"CD57","no_detected_multimodality","neither test rejects in any seed",3,0,0,0,0.999626448962759,0.279139569784892,1,"stratified_5_percent_pass_audit"
"inflect_ward_k27",10,264044,"CD7","no_detected_multimodality","neither test rejects in any seed",3,0,0,0,0.999626448962759,0.840313013649682,1,"stratified_5_percent_pass_audit"
"inflect_ward_k27",10,264044,"CD8","no_detected_multimodality","neither test rejects in any seed",3,0,0,0,0.999626448962759,0.671478596441078,1,
"inflect_ward_k27",10,264044,"FoxP3","no_detected_multimodality","neither test rejects in any seed",3,0,0,0,0.999626448962759,0.817158579289645,1,
"inflect_ward_k27",10,264044,"HLA-DR","no_detected_multimodality","neither test rejects in any seed",3,0,0,0,0.999626448962759,0.77923577173202,1,
"inflect_ward_k27",10,264044,"Tbet","detected_multimodality","both tests reject in at least two seeds",3,3,3,3,0,0,1,"detected_multimodality"
"inflect_ward_k27",10,264044,"TCRgd_CD141","no_detected_multimodality","neither test rejects in any seed",3,0,0,0,0.999626448962759,0.128314157078539,1,
"inflect_ward_k27",11,132476,"CD11c","no_detected_multimodality","neither test rejects in any seed",3,0,0,0,1,0.207103551775888,1,"stratified_5_percent_pass_audit"
"inflect_ward_k27",11,132476,"CD127","no_detected_multimodality","neither test rejects in any seed",3,0,0,0,1,0.987493746873437,1,
"inflect_ward_k27",11,132476,"CD14","no_detected_multimodality","neither test rejects in any seed",3,0,0,0,1,0.987493746873437,1,"stratified_5_percent_pass_audit"
"inflect_ward_k27",11,132476,"CD159c_NKG2C","detected_multimodality","both tests reject in at least two seeds",3,3,3,3,5.99898772657426e-05,0,1,"detected_multimodality"
"inflect_ward_k27",11,132476,"CD16","no_detected_multimodality","neither test rejects in any seed",3,0,0,0,1,0.594297148574287,1,"stratified_5_percent_pass_audit"
"inflect_ward_k27",11,132476,"CD161","no_detected_multimodality","neither test rejects in any seed",3,0,0,0,1,0.987414760011585,1,
"inflect_ward_k27",11,132476,"CD185_CXCR5","no_detected_multimodality","neither test rejects in any seed",3,0,0,0,1,0.621310655327664,1,"stratified_5_percent_pass_audit"
"inflect_ward_k27",11,132476,"CD19","no_detected_multimodality","neither test rejects in any seed",3,0,0,0,1,0.987414760011585,1,
"inflect_ward_k27",11,132476,"CD197_CCR7","no_detected_multimodality","neither test rejects in any seed",3,0,0,0,1,0.590920460230115,1,
"inflect_ward_k27",11,132476,"CD1c","no_detected_multimodality","neither test rejects in any seed",3,0,0,0,1,0.975187593796899,1,
"inflect_ward_k27",11,132476,"CD21","no_detected_multimodality","neither test rejects in any seed",3,0,0,0,1,0.764257128564282,1,
"inflect_ward_k27",11,132476,"CD25","no_detected_multimodality","neither test rejects in any seed",3,0,0,0,1,0.973525224150537,1,
"inflect_ward_k27",11,132476,"CD27","no_detected_multimodality","neither test rejects in any seed",3,0,0,0,1,0.987493746873437,1,"stratified_5_percent_pass_audit"
"inflect_ward_k27",11,132476,"CD294_CRTH2","no_detected_multimodality","neither test rejects in any seed",3,0,0,0,1,0.667970348810769,1,
"inflect_ward_k27",11,132476,"CD3","ambiguous","discordant_tests;seed_instability",3,0,0,1,1,0.0472736368184092,1,"ambiguous"
"inflect_ward_k27",11,132476,"CD303_TCRvd2","no_detected_multimodality","neither test rejects in any seed",3,0,0,0,1,0.987493746873437,1,"stratified_5_percent_pass_audit"
"inflect_ward_k27",11,132476,"CD38","no_detected_multimodality","neither test rejects in any seed",3,0,0,0,1,0.987414760011585,1,
"inflect_ward_k27",11,132476,"CD4","no_detected_multimodality","neither test rejects in any seed",3,0,0,0,1,0.16208104052026,1,
"inflect_ward_k27",11,132476,"CD45RA","no_detected_multimodality","neither test rejects in any seed",3,0,0,0,1,0.621310655327664,1,
"inflect_ward_k27",11,132476,"CD56","no_detected_multimodality","neither test rejects in any seed",3,0,0,0,1,0.987493746873437,1,"stratified_5_percent_pass_audit"
"inflect_ward_k27",11,132476,"CD57","no_detected_multimodality","neither test rejects in any seed",3,0,0,0,1,0.621310655327664,1,
"inflect_ward_k27",11,132476,"CD7","no_detected_multimodality","neither test rejects in any seed",3,0,0,0,1,0.987493746873437,1,
"inflect_ward_k27",11,132476,"CD8","no_detected_multimodality","neither test rejects in any seed",3,0,0,0,1,0.621310655327664,1,"stratified_5_percent_pass_audit"
"inflect_ward_k27",11,132476,"FoxP3","no_detected_multimodality","neither test rejects in any seed",3,0,0,0,1,0.987493746873437,1,"stratified_5_percent_pass_audit"
"inflect_ward_k27",11,132476,"HLA-DR","no_detected_multimodality","neither test rejects in any seed",3,0,0,0,1,0.985092546273137,1,"stratified_5_percent_pass_audit"
"inflect_ward_k27",11,132476,"Tbet","no_detected_multimodality","neither test rejects in any seed",3,0,0,0,1,0.98020438790824,1,"stratified_5_percent_pass_audit"
"inflect_ward_k27",11,132476,"TCRgd_CD141","no_detected_multimodality","neither test rejects in any seed",3,0,0,0,1,0.621310655327664,1,"stratified_5_percent_pass_audit"
"inflect_ward_k27",12,195943,"CD11c","no_detected_multimodality","neither test rejects in any seed",3,0,0,0,1,0.861730865432716,1,
"inflect_ward_k27",12,195943,"CD127","no_detected_multimodality","neither test rejects in any seed",3,0,0,0,1,0.619622311155578,1,
"inflect_ward_k27",12,195943,"CD14","no_detected_multimodality","neither test rejects in any seed",3,0,0,0,1,0.899043271635818,1,
"inflect_ward_k27",12,195943,"CD159c_NKG2C","no_detected_multimodality","neither test rejects in any seed",3,0,0,0,1,0.861730865432716,1,
"inflect_ward_k27",12,195943,"CD16","no_detected_multimodality","neither test rejects in any seed",3,0,0,0,1,0.917037466101472,1,
"inflect_ward_k27",12,195943,"CD161","detected_multimodality","both tests reject in at least two seeds",3,3,3,3,0,0,1,"detected_multimodality"
"inflect_ward_k27",12,195943,"CD185_CXCR5","no_detected_multimodality","neither test rejects in any seed",3,0,0,0,1,0.928964482241121,1,
"inflect_ward_k27",12,195943,"CD19","no_detected_multimodality","neither test rejects in any seed",3,0,0,0,1,0.861430715357679,1,
"inflect_ward_k27",12,195943,"CD197_CCR7","no_detected_multimodality","neither test rejects in any seed",3,0,0,0,1,0.917037466101472,1,
"inflect_ward_k27",12,195943,"CD1c","no_detected_multimodality","neither test rejects in any seed",3,0,0,0,1,0.457300078610734,1,
"inflect_ward_k27",12,195943,"CD21","no_detected_multimodality","neither test rejects in any seed",3,0,0,0,1,0.917037466101472,1,
"inflect_ward_k27",12,195943,"CD25","no_detected_multimodality","neither test rejects in any seed",3,0,0,0,1,0.928964482241121,1,
"inflect_ward_k27",12,195943,"CD27","detected_multimodality","both tests reject in at least two seeds",3,3,3,3,0,0,1,"detected_multimodality"
"inflect_ward_k27",12,195943,"CD294_CRTH2","no_detected_multimodality","neither test rejects in any seed",3,0,0,0,1,0.861430715357679,1,
"inflect_ward_k27",12,195943,"CD3","no_detected_multimodality","neither test rejects in any seed",3,0,0,0,1,0.861430715357679,1,
"inflect_ward_k27",12,195943,"CD303_TCRvd2","no_detected_multimodality","neither test rejects in any seed",3,0,0,0,1,0.861730865432716,1,
"inflect_ward_k27",12,195943,"CD38","no_detected_multimodality","neither test rejects in any seed",3,0,0,0,1,0.910639530291461,1,
"inflect_ward_k27",12,195943,"CD4","no_detected_multimodality","neither test rejects in any seed",3,0,0,0,1,0.457300078610734,1,
"inflect_ward_k27",12,195943,"CD45RA","no_detected_multimodality","neither test rejects in any seed",3,0,0,0,1,0.861430715357679,1,
"inflect_ward_k27",12,195943,"CD56","no_detected_multimodality","neither test rejects in any seed",3,0,0,0,1,0.917037466101472,1,
"inflect_ward_k27",12,195943,"CD57","no_detected_multimodality","neither test rejects in any seed",3,0,0,0,1,0.910639530291461,1,
"inflect_ward_k27",12,195943,"CD7","no_detected_multimodality","neither test rejects in any seed",3,0,0,0,1,0.457300078610734,1,
"inflect_ward_k27",12,195943,"CD8","no_detected_multimodality","neither test rejects in any seed",3,0,0,0,1,0.861730865432716,1,
"inflect_ward_k27",12,195943,"FoxP3","no_detected_multimodality","neither test rejects in any seed",3,0,0,0,1,0.917037466101472,1,
"inflect_ward_k27",12,195943,"HLA-DR","no_detected_multimodality","neither test rejects in any seed",3,0,0,0,1,0.457300078610734,1,
"inflect_ward_k27",12,195943,"Tbet","no_detected_multimodality","neither test rejects in any seed",3,0,0,0,1,0.279139569784892,1,
"inflect_ward_k27",12,195943,"TCRgd_CD141","no_detected_multimodality","neither test rejects in any seed",3,0,0,0,1,0.861730865432716,1,
"inflect_ward_k27",13,6160354,"CD11c","ambiguous","borderline_q",3,0,0,0,1,0.0513256628314157,4,"ambiguous"
"inflect_ward_k27",13,6160354,"CD127","ambiguous","discordant_tests;seed_instability;borderline_q",3,1,1,2,0.0053695084720119,0,4,"ambiguous"
"inflect_ward_k27",13,6160354,"CD14","no_detected_multimodality","neither test rejects in any seed",3,0,0,0,1,0.569739415162127,4,
"inflect_ward_k27",13,6160354,"CD159c_NKG2C","no_detected_multimodality","neither test rejects in any seed",3,0,0,0,1,0.530815407703852,4,"stratified_5_percent_pass_audit"
"inflect_ward_k27",13,6160354,"CD16","no_detected_multimodality","neither test rejects in any seed",3,0,0,0,1,0.73515329093118,4,"stratified_5_percent_pass_audit"
"inflect_ward_k27",13,6160354,"CD161","no_detected_multimodality","neither test rejects in any seed",3,0,0,0,1,0.213406703351676,4,
"inflect_ward_k27",13,6160354,"CD185_CXCR5","no_detected_multimodality","neither test rejects in any seed",3,0,0,0,1,0.705052526263132,4,
"inflect_ward_k27",13,6160354,"CD19","no_detected_multimodality","neither test rejects in any seed",3,0,0,0,1,0.339598370613878,4,
"inflect_ward_k27",13,6160354,"CD197_CCR7","detected_multimodality","both tests reject in at least two seeds",3,3,3,3,0,0,4,"detected_multimodality"
"inflect_ward_k27",13,6160354,"CD1c","ambiguous","borderline_q",3,0,0,0,1,0.0607803901950975,4,"ambiguous"
"inflect_ward_k27",13,6160354,"CD21","no_detected_multimodality","neither test rejects in any seed",3,0,0,0,1,0.250839705567069,4,"stratified_5_percent_pass_audit"
"inflect_ward_k27",13,6160354,"CD25","no_detected_multimodality","neither test rejects in any seed",3,0,0,0,1,0.938469234617309,4,"stratified_5_percent_pass_audit"
"inflect_ward_k27",13,6160354,"CD27","detected_multimodality","both tests reject in at least two seeds",3,3,3,3,0,0,4,"detected_multimodality"
"inflect_ward_k27",13,6160354,"CD294_CRTH2","no_detected_multimodality","neither test rejects in any seed",3,0,0,0,1,0.530815407703852,4,
"inflect_ward_k27",13,6160354,"CD3","no_detected_multimodality","neither test rejects in any seed",3,0,0,0,1,0.569739415162127,4,
"inflect_ward_k27",13,6160354,"CD303_TCRvd2","no_detected_multimodality","neither test rejects in any seed",3,0,0,0,1,0.705052526263132,4,"stratified_5_percent_pass_audit"
"inflect_ward_k27",13,6160354,"CD38","no_detected_multimodality","neither test rejects in any seed",3,0,0,0,1,0.569739415162127,4,
"inflect_ward_k27",13,6160354,"CD4","no_detected_multimodality","neither test rejects in any seed",3,0,0,0,1,0.569739415162127,4,
"inflect_ward_k27",13,6160354,"CD45RA","detected_multimodality","both tests reject in at least two seeds",3,3,3,3,0,0,4,"detected_multimodality"
"inflect_ward_k27",13,6160354,"CD56","no_detected_multimodality","neither test rejects in any seed",3,0,0,0,1,0.864432216108054,4,
"inflect_ward_k27",13,6160354,"CD57","no_detected_multimodality","neither test rejects in any seed",3,0,0,0,1,0.861859501179161,4,
"inflect_ward_k27",13,6160354,"CD7","no_detected_multimodality","neither test rejects in any seed",3,0,0,0,1,0.226913456728364,4,
"inflect_ward_k27",13,6160354,"CD8","no_detected_multimodality","neither test rejects in any seed",3,0,0,0,1,0.646073036518259,4,
"inflect_ward_k27",13,6160354,"FoxP3","no_detected_multimodality","neither test rejects in any seed",3,0,0,0,1,0.827963981990996,4,"stratified_5_percent_pass_audit"
"inflect_ward_k27",13,6160354,"HLA-DR","no_detected_multimodality","neither test rejects in any seed",3,0,0,0,1,0.705052526263132,4,
"inflect_ward_k27",13,6160354,"Tbet","no_detected_multimodality","neither test rejects in any seed",3,0,0,0,1,0.569739415162127,4,
"inflect_ward_k27",13,6160354,"TCRgd_CD141","no_detected_multimodality","neither test rejects in any seed",3,0,0,0,1,0.827963981990996,4,
"inflect_ward_k27",14,547308,"CD11c","no_detected_multimodality","neither test rejects in any seed",3,0,0,0,1,0.935602416592912,2,
"inflect_ward_k27",14,547308,"CD127","no_detected_multimodality","neither test rejects in any seed",3,0,0,0,1,0.351175587793897,2,"stratified_5_percent_pass_audit"
"inflect_ward_k27",14,547308,"CD14","no_detected_multimodality","neither test rejects in any seed",3,0,0,0,1,0.700762145778772,2,
"inflect_ward_k27",14,547308,"CD159c_NKG2C","no_detected_multimodality","neither test rejects in any seed",3,0,0,0,1,0.351175587793897,2,
"inflect_ward_k27",14,547308,"CD16","no_detected_multimodality","neither test rejects in any seed",3,0,0,0,1,0.730115057528764,2,
"inflect_ward_k27",14,547308,"CD161","no_detected_multimodality","neither test rejects in any seed",3,0,0,0,1,0.191345672836418,2,"stratified_5_percent_pass_audit"
"inflect_ward_k27",14,547308,"CD185_CXCR5","no_detected_multimodality","neither test rejects in any seed",3,0,0,0,1,0.53091930580675,2,
"inflect_ward_k27",14,547308,"CD19","no_detected_multimodality","neither test rejects in any seed",3,0,0,0,1,0.803254568460701,2,"stratified_5_percent_pass_audit"
"inflect_ward_k27",14,547308,"CD197_CCR7","no_detected_multimodality","neither test rejects in any seed",3,0,0,0,1,0.288553367592887,2,
"inflect_ward_k27",14,547308,"CD1c","no_detected_multimodality","neither test rejects in any seed",3,0,0,0,1,0.859704852426213,2,
"inflect_ward_k27",14,547308,"CD21","no_detected_multimodality","neither test rejects in any seed",3,0,0,0,1,0.383591795897949,2,
"inflect_ward_k27",14,547308,"CD25","no_detected_multimodality","neither test rejects in any seed",3,0,0,0,1,0.288553367592887,2,
"inflect_ward_k27",14,547308,"CD27","ambiguous","discordant_tests;seed_instability",3,0,0,2,1,0,2,"ambiguous"
"inflect_ward_k27",14,547308,"CD294_CRTH2","no_detected_multimodality","neither test rejects in any seed",3,0,0,0,1,0.54650402124139,2,
"inflect_ward_k27",14,547308,"CD3","ambiguous","discordant_tests",3,0,0,3,1,0,2,"ambiguous"
"inflect_ward_k27",14,547308,"CD303_TCRvd2","detected_multimodality","both tests reject in at least two seeds",3,3,3,3,0,0,2,"detected_multimodality"
"inflect_ward_k27",14,547308,"CD38","no_detected_multimodality","neither test rejects in any seed",3,0,0,0,1,0.288553367592887,2,"stratified_5_percent_pass_audit"
"inflect_ward_k27",14,547308,"CD4","no_detected_multimodality","neither test rejects in any seed",3,0,0,0,1,0.53091930580675,2,
"inflect_ward_k27",14,547308,"CD45RA","ambiguous","borderline_q",3,0,0,0,1,0.0675337668834417,2,"ambiguous"
"inflect_ward_k27",14,547308,"CD56","no_detected_multimodality","neither test rejects in any seed",3,0,0,0,1,0.178289144572286,2,
"inflect_ward_k27",14,547308,"CD57","ambiguous","discordant_tests;seed_instability",3,0,0,1,1,0.0101300650325163,2,"ambiguous"
"inflect_ward_k27",14,547308,"CD7","no_detected_multimodality","neither test rejects in any seed",3,0,0,0,1,0.413644322161081,2,
"inflect_ward_k27",14,547308,"CD8","no_detected_multimodality","neither test rejects in any seed",3,0,0,0,1,0.575001786607589,2,
"inflect_ward_k27",14,547308,"FoxP3","no_detected_multimodality","neither test rejects in any seed",3,0,0,0,1,0.288553367592887,2,
"inflect_ward_k27",14,547308,"HLA-DR","no_detected_multimodality","neither test rejects in any seed",3,0,0,0,1,0.585292646323162,2,"stratified_5_percent_pass_audit"
"inflect_ward_k27",14,547308,"Tbet","no_detected_multimodality","neither test rejects in any seed",3,0,0,0,1,0.54650402124139,2,
"inflect_ward_k27",14,547308,"TCRgd_CD141","ambiguous","discordant_tests;seed_instability;borderline_q",3,0,0,2,0.228423875284449,0,2,"ambiguous"
"inflect_ward_k27",15,636588,"CD11c","ambiguous","discordant_tests;seed_instability",3,0,0,1,0.999247324000362,0.040520260130065,3,"ambiguous"
"inflect_ward_k27",15,636588,"CD127","ambiguous","discordant_tests;seed_instability",3,0,0,1,0.999247324000362,0.0270135067533767,3,"ambiguous"
"inflect_ward_k27",15,636588,"CD14","no_detected_multimodality","neither test rejects in any seed",3,0,0,0,0.999247324000362,0.466947759594083,3,
"inflect_ward_k27",15,636588,"CD159c_NKG2C","ambiguous","discordant_tests;seed_instability;borderline_q",3,0,0,1,0.999247324000362,0.0292646323161581,3,"ambiguous"
"inflect_ward_k27",15,636588,"CD16","detected_multimodality","both tests reject in at least two seeds",3,3,3,3,0,0,3,"detected_multimodality"
"inflect_ward_k27",15,636588,"CD161","no_detected_multimodality","neither test rejects in any seed",3,0,0,0,0.999247324000362,0.891445722861431,3,
"inflect_ward_k27",15,636588,"CD185_CXCR5","ambiguous","discordant_tests",3,0,0,3,0.999247324000362,0,3,"ambiguous"
"inflect_ward_k27",15,636588,"CD19","no_detected_multimodality","neither test rejects in any seed",3,0,0,0,0.999247324000362,0.257753876938469,3,
"inflect_ward_k27",15,636588,"CD197_CCR7","no_detected_multimodality","neither test rejects in any seed",3,0,0,0,0.999247324000362,0.213106553276638,3,
"inflect_ward_k27",15,636588,"CD1c","no_detected_multimodality","neither test rejects in any seed",3,0,0,0,0.999247324000362,0.178589294647324,3,
"inflect_ward_k27",15,636588,"CD21","ambiguous","discordant_tests;seed_instability;borderline_q",3,1,1,3,0.0138791614464484,0,3,"ambiguous"
"inflect_ward_k27",15,636588,"CD25","no_detected_multimodality","neither test rejects in any seed",3,0,0,0,0.999247324000362,0.303901950975488,3,
"inflect_ward_k27",15,636588,"CD27","no_detected_multimodality","neither test rejects in any seed",3,0,0,0,0.999247324000362,0.138926606160223,3,"stratified_5_percent_pass_audit"
"inflect_ward_k27",15,636588,"CD294_CRTH2","ambiguous","discordant_tests;seed_instability",3,0,0,1,0.999247324000362,0.0212248981633674,3,"ambiguous"
"inflect_ward_k27",15,636588,"CD3","ambiguous","discordant_tests;seed_instability",3,0,0,1,0.999247324000362,0.0212248981633674,3,"ambiguous"
"inflect_ward_k27",15,636588,"CD303_TCRvd2","no_detected_multimodality","neither test rejects in any seed",3,0,0,0,0.999247324000362,0.303382460461,3,"stratified_5_percent_pass_audit"
"inflect_ward_k27",15,636588,"CD38","ambiguous","discordant_tests",3,0,0,3,0.468313177156544,0,3,"ambiguous"
"inflect_ward_k27",15,636588,"CD4","no_detected_multimodality","neither test rejects in any seed",3,0,0,0,0.999247324000362,0.531265632816408,3,
"inflect_ward_k27",15,636588,"CD45RA","ambiguous","discordant_tests;seed_instability",3,0,0,2,0.999247324000362,0.0135067533766883,3,"ambiguous"
"inflect_ward_k27",15,636588,"CD56","no_detected_multimodality","neither test rejects in any seed",3,0,0,0,0.999247324000362,0.640606017294362,3,
"inflect_ward_k27",15,636588,"CD57","no_detected_multimodality","neither test rejects in any seed",3,0,0,0,0.999247324000362,0.229614807403702,3,
"inflect_ward_k27",15,636588,"CD7","no_detected_multimodality","neither test rejects in any seed",3,0,0,0,0.999247324000362,0.196461867297285,3,
"inflect_ward_k27",15,636588,"CD8","no_detected_multimodality","neither test rejects in any seed",3,0,0,0,0.999247324000362,0.358379189594797,3,
"inflect_ward_k27",15,636588,"FoxP3","no_detected_multimodality","neither test rejects in any seed",3,0,0,0,0.999247324000362,0.307953976988494,3,"stratified_5_percent_pass_audit"
"inflect_ward_k27",15,636588,"HLA-DR","no_detected_multimodality","neither test rejects in any seed",3,0,0,0,0.999247324000362,0.257753876938469,3,
"inflect_ward_k27",15,636588,"Tbet","ambiguous","discordant_tests;seed_instability",3,0,0,1,0.999247324000362,0.0135067533766883,3,"ambiguous"
"inflect_ward_k27",15,636588,"TCRgd_CD141","no_detected_multimodality","neither test rejects in any seed",3,0,0,0,0.999247324000362,0.474987493746873,3,"stratified_5_percent_pass_audit"
"inflect_ward_k27",16,1332180,"CD11c","no_detected_multimodality","neither test rejects in any seed",3,0,0,0,1,0.520010005002501,4,
"inflect_ward_k27",16,1332180,"CD127","ambiguous","discordant_tests;seed_instability",3,0,0,2,1,0.0347316515400557,4,"ambiguous"
"inflect_ward_k27",16,1332180,"CD14","no_detected_multimodality","neither test rejects in any seed",3,0,0,0,1,0.871185592796398,4,
"inflect_ward_k27",16,1332180,"CD159c_NKG2C","no_detected_multimodality","neither test rejects in any seed",3,0,0,0,1,0.383591795897949,4,
"inflect_ward_k27",16,1332180,"CD16","no_detected_multimodality","neither test rejects in any seed",3,0,0,0,1,0.57943971985993,4,
"inflect_ward_k27",16,1332180,"CD161","detected_multimodality","both tests reject in at least two seeds",3,2,2,2,0.0121396056589835,0,4,"detected_multimodality"
"inflect_ward_k27",16,1332180,"CD185_CXCR5","no_detected_multimodality","neither test rejects in any seed",3,0,0,0,1,0.898520688915887,4,
"inflect_ward_k27",16,1332180,"CD19","no_detected_multimodality","neither test rejects in any seed",3,0,0,0,1,0.804171316427445,4,
"inflect_ward_k27",16,1332180,"CD197_CCR7","no_detected_multimodality","neither test rejects in any seed",3,0,0,0,1,0.247623811905953,4,"stratified_5_percent_pass_audit"
"inflect_ward_k27",16,1332180,"CD1c","no_detected_multimodality","neither test rejects in any seed",3,0,0,0,1,0.395072536268134,4,
"inflect_ward_k27",16,1332180,"CD21","no_detected_multimodality","neither test rejects in any seed",3,0,0,0,1,0.861055527763882,4,
"inflect_ward_k27",16,1332180,"CD25","no_detected_multimodality","neither test rejects in any seed",3,0,0,0,1,0.965982991495748,4,
"inflect_ward_k27",16,1332180,"CD27","detected_multimodality","both tests reject in at least two seeds",3,3,3,3,0,0,4,"detected_multimodality"
"inflect_ward_k27",16,1332180,"CD294_CRTH2","no_detected_multimodality","neither test rejects in any seed",3,0,0,0,1,0.493610441584429,4,
"inflect_ward_k27",16,1332180,"CD3","ambiguous","discordant_tests;seed_instability",3,0,0,2,1,0.00540270135067534,4,"ambiguous"
"inflect_ward_k27",16,1332180,"CD303_TCRvd2","detected_multimodality","both tests reject in at least two seeds",3,3,3,3,0,0,4,"detected_multimodality"
"inflect_ward_k27",16,1332180,"CD38","no_detected_multimodality","neither test rejects in any seed",3,0,0,0,1,0.898520688915887,4,
"inflect_ward_k27",16,1332180,"CD4","no_detected_multimodality","neither test rejects in any seed",3,0,0,0,1,0.965982991495748,4,
"inflect_ward_k27",16,1332180,"CD45RA","ambiguous","discordant_tests;seed_instability;borderline_q",3,1,1,2,0.0425160003970993,0,4,"ambiguous"
"inflect_ward_k27",16,1332180,"CD56","no_detected_multimodality","neither test rejects in any seed",3,0,0,0,1,0.898520688915887,4,
"inflect_ward_k27",16,1332180,"CD57","no_detected_multimodality","neither test rejects in any seed",3,0,0,0,1,0.953190881154863,4,
"inflect_ward_k27",16,1332180,"CD7","no_detected_multimodality","neither test rejects in any seed",3,0,0,0,1,0.400700350175088,4,
"inflect_ward_k27",16,1332180,"CD8","no_detected_multimodality","neither test rejects in any seed",3,0,0,0,1,0.795670562554004,4,
"inflect_ward_k27",16,1332180,"FoxP3","ambiguous","discordant_tests;seed_instability",3,0,0,1,1,0.038831915957979,4,"ambiguous"
"inflect_ward_k27",16,1332180,"HLA-DR","no_detected_multimodality","neither test rejects in any seed",3,0,0,0,1,0.57943971985993,4,
"inflect_ward_k27",16,1332180,"Tbet","detected_multimodality","both tests reject in at least two seeds",3,3,3,3,0,0,4,"detected_multimodality"
"inflect_ward_k27",16,1332180,"TCRgd_CD141","no_detected_multimodality","neither test rejects in any seed",3,0,0,0,1,0.953190881154863,4,
"inflect_ward_k27",17,160846,"CD11c","no_detected_multimodality","neither test rejects in any seed",3,0,0,0,0.998441622560776,0.656765882941471,1,
"inflect_ward_k27",17,160846,"CD127","no_detected_multimodality","neither test rejects in any seed",3,0,0,0,0.998441622560776,0.900950475237619,1,
"inflect_ward_k27",17,160846,"CD14","no_detected_multimodality","neither test rejects in any seed",3,0,0,0,0.998441622560776,0.900950475237619,1,
"inflect_ward_k27",17,160846,"CD159c_NKG2C","ambiguous","discordant_tests;seed_instability;borderline_q",3,0,0,2,0.251416600233965,0,1,"ambiguous"
"inflect_ward_k27",17,160846,"CD16","ambiguous","borderline_q",3,0,0,0,0.998441622560776,0.0979239619809905,1,"ambiguous"
"inflect_ward_k27",17,160846,"CD161","no_detected_multimodality","neither test rejects in any seed",3,0,0,0,0.998441622560776,0.900950475237619,1,
"inflect_ward_k27",17,160846,"CD185_CXCR5","no_detected_multimodality","neither test rejects in any seed",3,0,0,0,0.998441622560776,0.515507753876938,1,
"inflect_ward_k27",17,160846,"CD19","no_detected_multimodality","neither test rejects in any seed",3,0,0,0,0.998441622560776,0.832507162672245,1,
"inflect_ward_k27",17,160846,"CD197_CCR7","no_detected_multimodality","neither test rejects in any seed",3,0,0,0,0.998441622560776,0.548374187093547,1,
"inflect_ward_k27",17,160846,"CD1c","no_detected_multimodality","neither test rejects in any seed",3,0,0,0,0.998441622560776,0.619959979989995,1,"stratified_5_percent_pass_audit"
"inflect_ward_k27",17,160846,"CD21","no_detected_multimodality","neither test rejects in any seed",3,0,0,0,0.998441622560776,0.616245622811406,1,"stratified_5_percent_pass_audit"
"inflect_ward_k27",17,160846,"CD25","no_detected_multimodality","neither test rejects in any seed",3,0,0,0,0.998441622560776,0.900950475237619,1,"stratified_5_percent_pass_audit"
"inflect_ward_k27",17,160846,"CD27","no_detected_multimodality","neither test rejects in any seed",3,0,0,0,0.998441622560776,0.900950475237619,1,
"inflect_ward_k27",17,160846,"CD294_CRTH2","no_detected_multimodality","neither test rejects in any seed",3,0,0,0,0.998441622560776,0.505152576288144,1,
"inflect_ward_k27",17,160846,"CD3","no_detected_multimodality","neither test rejects in any seed",3,0,0,0,0.998441622560776,0.509879939969985,1,
"inflect_ward_k27",17,160846,"CD303_TCRvd2","no_detected_multimodality","neither test rejects in any seed",3,0,0,0,0.998441622560776,0.671654008822593,1,
"inflect_ward_k27",17,160846,"CD38","no_detected_multimodality","neither test rejects in any seed",3,0,0,0,0.998441622560776,0.710069320374473,1,
"inflect_ward_k27",17,160846,"CD4","no_detected_multimodality","neither test rejects in any seed",3,0,0,0,0.998441622560776,0.897748874437219,1,
"inflect_ward_k27",17,160846,"CD45RA","no_detected_multimodality","neither test rejects in any seed",3,0,0,0,0.998441622560776,0.239744872436218,1,"stratified_5_percent_pass_audit"
"inflect_ward_k27",17,160846,"CD56","ambiguous","discordant_tests",3,0,0,3,0.750024987925529,0,1,"ambiguous"
"inflect_ward_k27",17,160846,"CD57","detected_multimodality","both tests reject in at least two seeds",3,3,3,3,0,0,1,"detected_multimodality"
"inflect_ward_k27",17,160846,"CD7","no_detected_multimodality","neither test rejects in any seed",3,0,0,0,0.998441622560776,0.900950475237619,1,
"inflect_ward_k27",17,160846,"CD8","no_detected_multimodality","neither test rejects in any seed",3,0,0,0,0.998441622560776,0.619959979989995,1,
"inflect_ward_k27",17,160846,"FoxP3","no_detected_multimodality","neither test rejects in any seed",3,0,0,0,0.998441622560776,0.900950475237619,1,
"inflect_ward_k27",17,160846,"HLA-DR","no_detected_multimodality","neither test rejects in any seed",3,0,0,0,0.998441622560776,0.900950475237619,1,
"inflect_ward_k27",17,160846,"Tbet","no_detected_multimodality","neither test rejects in any seed",3,0,0,0,0.998441622560776,0.65025369827771,1,
"inflect_ward_k27",17,160846,"TCRgd_CD141","no_detected_multimodality","neither test rejects in any seed",3,0,0,0,0.998441622560776,0.634817408704352,1,
"inflect_ward_k27",18,336733,"CD11c","no_detected_multimodality","neither test rejects in any seed",3,0,0,0,0.999211861109521,0.875044665189738,2,
"inflect_ward_k27",18,336733,"CD127","no_detected_multimodality","neither test rejects in any seed",3,0,0,0,0.999211861109521,0.352676338169085,2,
"inflect_ward_k27",18,336733,"CD14","no_detected_multimodality","neither test rejects in any seed",3,0,0,0,0.999211861109521,0.624687343671836,2,"stratified_5_percent_pass_audit"
"inflect_ward_k27",18,336733,"CD159c_NKG2C","no_detected_multimodality","neither test rejects in any seed",3,0,0,0,0.999211861109521,0.32995068963053,2,
"inflect_ward_k27",18,336733,"CD16","no_detected_multimodality","neither test rejects in any seed",3,0,0,0,0.999211861109521,0.32995068963053,2,
"inflect_ward_k27",18,336733,"CD161","detected_multimodality","both tests reject in at least two seeds",3,3,3,3,0.000449423095539747,0,2,"detected_multimodality"
"inflect_ward_k27",18,336733,"CD185_CXCR5","no_detected_multimodality","neither test rejects in any seed",3,0,0,0,0.999211861109521,0.509504752376188,2,
"inflect_ward_k27",18,336733,"CD19","ambiguous","discordant_tests;seed_instability",3,0,0,1,0.999211861109521,0.0270135067533767,2,"ambiguous"
"inflect_ward_k27",18,336733,"CD197_CCR7","no_detected_multimodality","neither test rejects in any seed",3,0,0,0,0.999211861109521,0.47183591795898,2,
"inflect_ward_k27",18,336733,"CD1c","no_detected_multimodality","neither test rejects in any seed",3,0,0,0,0.999211861109521,0.280940470235118,2,
"inflect_ward_k27",18,336733,"CD21","no_detected_multimodality","neither test rejects in any seed",3,0,0,0,0.999211861109521,0.426813406703352,2,
"inflect_ward_k27",18,336733,"CD25","no_detected_multimodality","neither test rejects in any seed",3,0,0,0,0.999211861109521,0.922461230615308,2,
"inflect_ward_k27",18,336733,"CD27","detected_multimodality","both tests reject in at least two seeds",3,3,3,3,0,0,2,"detected_multimodality"
"inflect_ward_k27",18,336733,"CD294_CRTH2","no_detected_multimodality","neither test rejects in any seed",3,0,0,0,0.999211861109521,0.494684842421211,2,
"inflect_ward_k27",18,336733,"CD3","no_detected_multimodality","neither test rejects in any seed",3,0,0,0,0.999211861109521,0.38831915957979,2,"stratified_5_percent_pass_audit"
"inflect_ward_k27",18,336733,"CD303_TCRvd2","no_detected_multimodality","neither test rejects in any seed",3,0,0,0,0.999211861109521,0.47183591795898,2,
"inflect_ward_k27",18,336733,"CD38","no_detected_multimodality","neither test rejects in any seed",3,0,0,0,0.999211861109521,0.580115057528764,2,
"inflect_ward_k27",18,336733,"CD4","ambiguous","discordant_tests;seed_instability",3,0,0,1,0.999211861109521,0.0360180090045022,2,"ambiguous"
"inflect_ward_k27",18,336733,"CD45RA","no_detected_multimodality","neither test rejects in any seed",3,0,0,0,0.999211861109521,0.624687343671836,2,
"inflect_ward_k27",18,336733,"CD56","no_detected_multimodality","neither test rejects in any seed",3,0,0,0,0.999211861109521,0.27823911955978,2,"stratified_5_percent_pass_audit"
"inflect_ward_k27",18,336733,"CD57","no_detected_multimodality","neither test rejects in any seed",3,0,0,0,0.999211861109521,0.922461230615308,2,"stratified_5_percent_pass_audit"
"inflect_ward_k27",18,336733,"CD7","no_detected_multimodality","neither test rejects in any seed",3,0,0,0,0.999211861109521,0.580115057528764,2,
"inflect_ward_k27",18,336733,"CD8","no_detected_multimodality","neither test rejects in any seed",3,0,0,0,0.999211861109521,0.253251625812907,2,
"inflect_ward_k27",18,336733,"FoxP3","no_detected_multimodality","neither test rejects in any seed",3,0,0,0,0.999211861109521,0.509504752376188,2,
"inflect_ward_k27",18,336733,"HLA-DR","no_detected_multimodality","neither test rejects in any seed",3,0,0,0,0.999211861109521,0.472736368184092,2,
"inflect_ward_k27",18,336733,"Tbet","ambiguous","borderline_q",3,0,0,0,0.999211861109521,0.0945472736368184,2,"ambiguous"
"inflect_ward_k27",18,336733,"TCRgd_CD141","no_detected_multimodality","neither test rejects in any seed",3,0,0,0,0.999211861109521,0.354859247805721,2,
"inflect_ward_k27",19,99969,"CD11c","no_detected_multimodality","neither test rejects in any seed",3,0,0,0,1,0.941970985492746,1,
"inflect_ward_k27",19,99969,"CD127","detected_multimodality","both tests reject in at least two seeds",3,2,2,3,0.00283361677879052,0,1,"detected_multimodality"
"inflect_ward_k27",19,99969,"CD14","ambiguous","discordant_tests;seed_instability",3,0,0,1,1,0.00385907239333953,1,"ambiguous"
"inflect_ward_k27",19,99969,"CD159c_NKG2C","no_detected_multimodality","neither test rejects in any seed",3,0,0,0,1,0.877938969484742,1,"stratified_5_percent_pass_audit"
"inflect_ward_k27",19,99969,"CD16","detected_multimodality","both tests reject in at least two seeds",3,3,3,3,0,0,1,"detected_multimodality"
"inflect_ward_k27",19,99969,"CD161","no_detected_multimodality","neither test rejects in any seed",3,0,0,0,1,0.40520260130065,1,
"inflect_ward_k27",19,99969,"CD185_CXCR5","no_detected_multimodality","neither test rejects in any seed",3,0,0,0,1,0.66408204102051,1,
"inflect_ward_k27",19,99969,"CD19","no_detected_multimodality","neither test rejects in any seed",3,0,0,0,1,0.27823911955978,1,
"inflect_ward_k27",19,99969,"CD197_CCR7","no_detected_multimodality","neither test rejects in any seed",3,0,0,0,1,0.477238619309655,1,
"inflect_ward_k27",19,99969,"CD1c","no_detected_multimodality","neither test rejects in any seed",3,0,0,0,1,0.702351175587794,1,
"inflect_ward_k27",19,99969,"CD21","no_detected_multimodality","neither test rejects in any seed",3,0,0,0,1,0.702351175587794,1,
"inflect_ward_k27",19,99969,"CD25","no_detected_multimodality","neither test rejects in any seed",3,0,0,0,1,0.66408204102051,1,
"inflect_ward_k27",19,99969,"CD27","detected_multimodality","both tests reject in at least two seeds",3,3,3,3,0,0,1,"detected_multimodality"
"inflect_ward_k27",19,99969,"CD294_CRTH2","no_detected_multimodality","neither test rejects in any seed",3,0,0,0,1,0.470806831987422,1,
"inflect_ward_k27",19,99969,"CD3","ambiguous","discordant_tests;seed_instability",3,0,0,2,1,0.0219484742371186,1,"ambiguous"
"inflect_ward_k27",19,99969,"CD303_TCRvd2","no_detected_multimodality","neither test rejects in any seed",3,0,0,0,1,0.484892446223112,1,
"inflect_ward_k27",19,99969,"CD38","no_detected_multimodality","neither test rejects in any seed",3,0,0,0,1,0.460355177588794,1,
"inflect_ward_k27",19,99969,"CD4","ambiguous","discordant_tests;seed_instability",3,0,0,2,1,0.0219484742371186,1,"ambiguous"
"inflect_ward_k27",19,99969,"CD45RA","detected_multimodality","both tests reject in at least two seeds",3,3,3,3,0,0,1,"detected_multimodality"
"inflect_ward_k27",19,99969,"CD56","detected_multimodality","both tests reject in at least two seeds",3,3,3,3,0.00458669943907727,0,1,"detected_multimodality"
"inflect_ward_k27",19,99969,"CD57","ambiguous","discordant_tests;seed_instability",3,0,0,1,1,0.0154362895733581,1,"ambiguous"
"inflect_ward_k27",19,99969,"CD7","no_detected_multimodality","neither test rejects in any seed",3,0,0,0,1,0.793682555563496,1,
"inflect_ward_k27",19,99969,"CD8","no_detected_multimodality","neither test rejects in any seed",3,0,0,0,1,0.509879939969985,1,
"inflect_ward_k27",19,99969,"FoxP3","no_detected_multimodality","neither test rejects in any seed",3,0,0,0,1,0.85767883941971,1,
"inflect_ward_k27",19,99969,"HLA-DR","no_detected_multimodality","neither test rejects in any seed",3,0,0,0,1,0.310655327663832,1,
"inflect_ward_k27",19,99969,"Tbet","detected_multimodality","both tests reject in at least two seeds",3,3,3,3,0.00134302945902343,0,1,"detected_multimodality"
"inflect_ward_k27",19,99969,"TCRgd_CD141","no_detected_multimodality","neither test rejects in any seed",3,0,0,0,1,0.793682555563496,1,
"inflect_ward_k27",20,1298228,"CD11c","no_detected_multimodality","neither test rejects in any seed",3,0,0,0,1,0.445722861430715,4,
"inflect_ward_k27",20,1298228,"CD127","no_detected_multimodality","neither test rejects in any seed",3,0,0,0,1,0.892867486374766,4,"stratified_5_percent_pass_audit"
"inflect_ward_k27",20,1298228,"CD14","no_detected_multimodality","neither test rejects in any seed",3,0,0,0,1,0.881315657828915,4,
"inflect_ward_k27",20,1298228,"CD159c_NKG2C","no_detected_multimodality","neither test rejects in any seed",3,0,0,0,1,0.715857928964482,4,
"inflect_ward_k27",20,1298228,"CD16","no_detected_multimodality","neither test rejects in any seed",3,0,0,0,1,0.815600107746181,4,
"inflect_ward_k27",20,1298228,"CD161","no_detected_multimodality","neither test rejects in any seed",3,0,0,0,1,0.892867486374766,4,
"inflect_ward_k27",20,1298228,"CD185_CXCR5","ambiguous","discordant_tests;seed_instability",3,1,1,2,0.0401988711466138,0,4,"ambiguous"
"inflect_ward_k27",20,1298228,"CD19","ambiguous","discordant_tests;seed_instability;borderline_q",3,1,1,3,0.00245306463503131,0,4,"ambiguous"
"inflect_ward_k27",20,1298228,"CD197_CCR7","no_detected_multimodality","neither test rejects in any seed",3,0,0,0,1,0.748874437218609,4,
"inflect_ward_k27",20,1298228,"CD1c","no_detected_multimodality","neither test rejects in any seed",3,0,0,0,1,0.748874437218609,4,
"inflect_ward_k27",20,1298228,"CD21","detected_multimodality","both tests reject in at least two seeds",3,3,3,3,0,0,4,"detected_multimodality"
"inflect_ward_k27",20,1298228,"CD25","no_detected_multimodality","neither test rejects in any seed",3,0,0,0,1,0.881315657828915,4,
"inflect_ward_k27",20,1298228,"CD27","no_detected_multimodality","neither test rejects in any seed",3,0,0,0,1,0.815600107746181,4,
"inflect_ward_k27",20,1298228,"CD294_CRTH2","no_detected_multimodality","neither test rejects in any seed",3,0,0,0,1,0.815600107746181,4,
"inflect_ward_k27",20,1298228,"CD3","no_detected_multimodality","neither test rejects in any seed",3,0,0,0,1,0.815600107746181,4,
"inflect_ward_k27",20,1298228,"CD303_TCRvd2","no_detected_multimodality","neither test rejects in any seed",3,0,0,0,1,0.881315657828915,4,
"inflect_ward_k27",20,1298228,"CD38","no_detected_multimodality","neither test rejects in any seed",3,0,0,0,1,0.237718859429715,4,
"inflect_ward_k27",20,1298228,"CD4","no_detected_multimodality","neither test rejects in any seed",3,0,0,0,1,0.881315657828915,4,
"inflect_ward_k27",20,1298228,"CD45RA","no_detected_multimodality","neither test rejects in any seed",3,0,0,0,1,0.815600107746181,4,
"inflect_ward_k27",20,1298228,"CD56","no_detected_multimodality","neither test rejects in any seed",3,0,0,0,1,0.528692917887515,4,
"inflect_ward_k27",20,1298228,"CD57","no_detected_multimodality","neither test rejects in any seed",3,0,0,0,1,0.956818409204602,4,
"inflect_ward_k27",20,1298228,"CD7","no_detected_multimodality","neither test rejects in any seed",3,0,0,0,1,0.148574287143572,4,
"inflect_ward_k27",20,1298228,"CD8","no_detected_multimodality","neither test rejects in any seed",3,0,0,0,1,0.815600107746181,4,
"inflect_ward_k27",20,1298228,"FoxP3","no_detected_multimodality","neither test rejects in any seed",3,0,0,0,1,0.815600107746181,4,
"inflect_ward_k27",20,1298228,"HLA-DR","no_detected_multimodality","neither test rejects in any seed",3,0,0,0,1,0.815600107746181,4,
"inflect_ward_k27",20,1298228,"Tbet","no_detected_multimodality","neither test rejects in any seed",3,0,0,0,1,0.508754377188594,4,
"inflect_ward_k27",20,1298228,"TCRgd_CD141","no_detected_multimodality","neither test rejects in any seed",3,0,0,0,1,0.881315657828915,4,
"inflect_ward_k27",21,1294395,"CD11c","detected_multimodality","both tests reject in at least two seeds",3,3,3,3,0,0,3,"detected_multimodality"
"inflect_ward_k27",21,1294395,"CD127","no_detected_multimodality","neither test rejects in any seed",3,0,0,0,0.998702759750097,0.48624312156078,3,
"inflect_ward_k27",21,1294395,"CD14","ambiguous","discordant_tests;seed_instability;borderline_q",3,0,0,2,0.998702759750097,0.00270135067533767,3,"ambiguous"
"inflect_ward_k27",21,1294395,"CD159c_NKG2C","no_detected_multimodality","neither test rejects in any seed",3,0,0,0,0.998702759750097,0.816803138411311,3,
"inflect_ward_k27",21,1294395,"CD16","ambiguous","discordant_tests;seed_instability",3,0,0,2,0.998702759750097,0,3,"ambiguous"
"inflect_ward_k27",21,1294395,"CD161","no_detected_multimodality","neither test rejects in any seed",3,0,0,0,0.998702759750097,0.555577788894447,3,"stratified_5_percent_pass_audit"
"inflect_ward_k27",21,1294395,"CD185_CXCR5","no_detected_multimodality","neither test rejects in any seed",3,0,0,0,0.998702759750097,0.92224112056028,3,
"inflect_ward_k27",21,1294395,"CD19","no_detected_multimodality","neither test rejects in any seed",3,0,0,0,0.998702759750097,0.410605302651326,3,
"inflect_ward_k27",21,1294395,"CD197_CCR7","no_detected_multimodality","neither test rejects in any seed",3,0,0,0,0.998702759750097,0.92224112056028,3,
"inflect_ward_k27",21,1294395,"CD1c","ambiguous","discordant_tests",3,0,0,3,0.468313177156544,0,3,"ambiguous"
"inflect_ward_k27",21,1294395,"CD21","no_detected_multimodality","neither test rejects in any seed",3,0,0,0,0.998702759750097,0.92224112056028,3,"stratified_5_percent_pass_audit"
"inflect_ward_k27",21,1294395,"CD25","no_detected_multimodality","neither test rejects in any seed",3,0,0,0,0.998702759750097,0.89723433145144,3,"stratified_5_percent_pass_audit"
"inflect_ward_k27",21,1294395,"CD27","no_detected_multimodality","neither test rejects in any seed",3,0,0,0,0.998702759750097,0.92224112056028,3,
"inflect_ward_k27",21,1294395,"CD294_CRTH2","no_detected_multimodality","neither test rejects in any seed",3,0,0,0,0.998702759750097,0.557153576788394,3,
"inflect_ward_k27",21,1294395,"CD3","no_detected_multimodality","neither test rejects in any seed",3,0,0,0,0.998702759750097,0.48624312156078,3,
"inflect_ward_k27",21,1294395,"CD303_TCRvd2","ambiguous","discordant_tests;seed_instability",3,1,1,3,0.0477448816048399,0,3,"ambiguous"
"inflect_ward_k27",21,1294395,"CD38","no_detected_multimodality","neither test rejects in any seed",3,0,0,0,0.998702759750097,0.48624312156078,3,
"inflect_ward_k27",21,1294395,"CD4","no_detected_multimodality","neither test rejects in any seed",3,0,0,0,0.998702759750097,0.48624312156078,3,
"inflect_ward_k27",21,1294395,"CD45RA","ambiguous","borderline_q",3,0,0,0,0.998702759750097,0.0735367683841921,3,"ambiguous"
"inflect_ward_k27",21,1294395,"CD56","no_detected_multimodality","neither test rejects in any seed",3,0,0,0,0.998702759750097,0.823911955977989,3,
"inflect_ward_k27",21,1294395,"CD57","ambiguous","borderline_q",3,0,0,0,0.998702759750097,0.0735367683841921,3,"ambiguous"
"inflect_ward_k27",21,1294395,"CD7","no_detected_multimodality","neither test rejects in any seed",3,0,0,0,0.998702759750097,0.555577788894447,3,
"inflect_ward_k27",21,1294395,"CD8","no_detected_multimodality","neither test rejects in any seed",3,0,0,0,0.998702759750097,0.92224112056028,3,
"inflect_ward_k27",21,1294395,"FoxP3","no_detected_multimodality","neither test rejects in any seed",3,0,0,0,0.998702759750097,0.92224112056028,3,
"inflect_ward_k27",21,1294395,"HLA-DR","ambiguous","borderline_q",3,0,0,0,0.998702759750097,0.0735367683841921,3,"ambiguous"
"inflect_ward_k27",21,1294395,"Tbet","no_detected_multimodality","neither test rejects in any seed",3,0,0,0,0.998702759750097,0.81415707853927,3,
"inflect_ward_k27",21,1294395,"TCRgd_CD141","ambiguous","discordant_tests",3,0,0,3,0.998702759750097,0.0157578789394697,3,"ambiguous"
"inflect_ward_k27",22,3058439,"CD11c","no_detected_multimodality","neither test rejects in any seed",3,0,0,0,1,0.975083695694001,4,
"inflect_ward_k27",22,3058439,"CD127","no_detected_multimodality","neither test rejects in any seed",3,0,0,0,1,0.153976988494247,4,
"inflect_ward_k27",22,3058439,"CD14","no_detected_multimodality","neither test rejects in any seed",3,0,0,0,1,0.975083695694001,4,
"inflect_ward_k27",22,3058439,"CD159c_NKG2C","no_detected_multimodality","neither test rejects in any seed",3,0,0,0,1,0.975083695694001,4,
"inflect_ward_k27",22,3058439,"CD16","no_detected_multimodality","neither test rejects in any seed",3,0,0,0,1,0.964982491245623,4,
"inflect_ward_k27",22,3058439,"CD161","ambiguous","discordant_tests;seed_instability",3,0,0,2,0.151750208461409,0,4,"ambiguous"
"inflect_ward_k27",22,3058439,"CD185_CXCR5","no_detected_multimodality","neither test rejects in any seed",3,0,0,0,1,0.975083695694001,4,"stratified_5_percent_pass_audit"
"inflect_ward_k27",22,3058439,"CD19","no_detected_multimodality","neither test rejects in any seed",3,0,0,0,1,0.629414707353677,4,"stratified_5_percent_pass_audit"
"inflect_ward_k27",22,3058439,"CD197_CCR7","no_detected_multimodality","neither test rejects in any seed",3,0,0,0,1,0.980365182591296,4,
"inflect_ward_k27",22,3058439,"CD1c","no_detected_multimodality","neither test rejects in any seed",3,0,0,0,1,0.975083695694001,4,
"inflect_ward_k27",22,3058439,"CD21","ambiguous","discordant_tests;seed_instability",3,0,0,1,1,0.0450225112556278,4,"ambiguous"
"inflect_ward_k27",22,3058439,"CD25","no_detected_multimodality","neither test rejects in any seed",3,0,0,0,1,0.625169727721003,4,
"inflect_ward_k27",22,3058439,"CD27","detected_multimodality","both tests reject in at least two seeds",3,3,3,3,0,0,4,"detected_multimodality"
"inflect_ward_k27",22,3058439,"CD294_CRTH2","no_detected_multimodality","neither test rejects in any seed",3,0,0,0,1,0.975083695694001,4,
"inflect_ward_k27",22,3058439,"CD3","no_detected_multimodality","neither test rejects in any seed",3,0,0,0,1,0.724862431215608,4,"stratified_5_percent_pass_audit"
"inflect_ward_k27",22,3058439,"CD303_TCRvd2","no_detected_multimodality","neither test rejects in any seed",3,0,0,0,1,0.975083695694001,4,
"inflect_ward_k27",22,3058439,"CD38","no_detected_multimodality","neither test rejects in any seed",3,0,0,0,1,0.975083695694001,4,"stratified_5_percent_pass_audit"
"inflect_ward_k27",22,3058439,"CD4","no_detected_multimodality","neither test rejects in any seed",3,0,0,0,1,0.114807403701851,4,"stratified_5_percent_pass_audit"
"inflect_ward_k27",22,3058439,"CD45RA","no_detected_multimodality","neither test rejects in any seed",3,0,0,0,1,0.975083695694001,4,
"inflect_ward_k27",22,3058439,"CD56","no_detected_multimodality","neither test rejects in any seed",3,0,0,0,1,0.94716108054027,4,
"inflect_ward_k27",22,3058439,"CD57","ambiguous","borderline_q",3,0,0,0,1,0.0765382691345673,4,"ambiguous"
"inflect_ward_k27",22,3058439,"CD7","no_detected_multimodality","neither test rejects in any seed",3,0,0,0,1,0.414207103551776,4,
"inflect_ward_k27",22,3058439,"CD8","no_detected_multimodality","neither test rejects in any seed",3,0,0,0,1,0.975083695694001,4,"stratified_5_percent_pass_audit"
"inflect_ward_k27",22,3058439,"FoxP3","no_detected_multimodality","neither test rejects in any seed",3,0,0,0,1,0.975083695694001,4,
"inflect_ward_k27",22,3058439,"HLA-DR","no_detected_multimodality","neither test rejects in any seed",3,0,0,0,1,0.625169727721003,4,
"inflect_ward_k27",22,3058439,"Tbet","no_detected_multimodality","neither test rejects in any seed",3,0,0,0,1,0.94716108054027,4,
"inflect_ward_k27",22,3058439,"TCRgd_CD141","no_detected_multimodality","neither test rejects in any seed",3,0,0,0,1,0.975083695694001,4,"stratified_5_percent_pass_audit"
"inflect_ward_k27",23,217883,"CD11c","ambiguous","discordant_tests",3,0,0,3,0.497290765118164,0,1,"ambiguous"
"inflect_ward_k27",23,217883,"CD127","no_detected_multimodality","neither test rejects in any seed",3,0,0,0,1,0.806139912061294,1,
"inflect_ward_k27",23,217883,"CD14","detected_multimodality","both tests reject in at least two seeds",3,3,3,3,0,0,1,"detected_multimodality"
"inflect_ward_k27",23,217883,"CD159c_NKG2C","no_detected_multimodality","neither test rejects in any seed",3,0,0,0,1,0.380440220110055,1,
"inflect_ward_k27",23,217883,"CD16","no_detected_multimodality","neither test rejects in any seed",3,0,0,0,1,0.806139912061294,1,
"inflect_ward_k27",23,217883,"CD161","no_detected_multimodality","neither test rejects in any seed",3,0,0,0,1,0.934043945049448,1,"stratified_5_percent_pass_audit"
"inflect_ward_k27",23,217883,"CD185_CXCR5","no_detected_multimodality","neither test rejects in any seed",3,0,0,0,1,0.353105123990567,1,
"inflect_ward_k27",23,217883,"CD19","no_detected_multimodality","neither test rejects in any seed",3,0,0,0,1,0.806139912061294,1,
"inflect_ward_k27",23,217883,"CD197_CCR7","no_detected_multimodality","neither test rejects in any seed",3,0,0,0,1,0.353105123990567,1,
"inflect_ward_k27",23,217883,"CD1c","detected_multimodality","both tests reject in at least two seeds",3,3,3,3,0,0,1,"detected_multimodality"
"inflect_ward_k27",23,217883,"CD21","no_detected_multimodality","neither test rejects in any seed",3,0,0,0,1,0.934043945049448,1,
"inflect_ward_k27",23,217883,"CD25","no_detected_multimodality","neither test rejects in any seed",3,0,0,0,1,0.688844422211106,1,
"inflect_ward_k27",23,217883,"CD27","no_detected_multimodality","neither test rejects in any seed",3,0,0,0,1,0.937368684342171,1,
"inflect_ward_k27",23,217883,"CD294_CRTH2","no_detected_multimodality","neither test rejects in any seed",3,0,0,0,1,0.281390695347674,1,
"inflect_ward_k27",23,217883,"CD3","no_detected_multimodality","neither test rejects in any seed",3,0,0,0,1,0.773261630815408,1,
"inflect_ward_k27",23,217883,"CD303_TCRvd2","no_detected_multimodality","neither test rejects in any seed",3,0,0,0,1,0.418709354677339,1,
"inflect_ward_k27",23,217883,"CD38","no_detected_multimodality","neither test rejects in any seed",3,0,0,0,1,0.440657828914457,1,
"inflect_ward_k27",23,217883,"CD4","no_detected_multimodality","neither test rejects in any seed",3,0,0,0,1,0.934043945049448,1,"stratified_5_percent_pass_audit"
"inflect_ward_k27",23,217883,"CD45RA","no_detected_multimodality","neither test rejects in any seed",3,0,0,0,1,0.871635817908955,1,
"inflect_ward_k27",23,217883,"CD56","no_detected_multimodality","neither test rejects in any seed",3,0,0,0,1,0.285571357107125,1,
"inflect_ward_k27",23,217883,"CD57","no_detected_multimodality","neither test rejects in any seed",3,0,0,0,1,0.651025512756378,1,
"inflect_ward_k27",23,217883,"CD7","no_detected_multimodality","neither test rejects in any seed",3,0,0,0,1,0.806139912061294,1,
"inflect_ward_k27",23,217883,"CD8","no_detected_multimodality","neither test rejects in any seed",3,0,0,0,1,0.418709354677339,1,
"inflect_ward_k27",23,217883,"FoxP3","no_detected_multimodality","neither test rejects in any seed",3,0,0,0,1,0.937368684342171,1,
"inflect_ward_k27",23,217883,"HLA-DR","detected_multimodality","both tests reject in at least two seeds",3,3,3,3,0,0,1,"detected_multimodality"
"inflect_ward_k27",23,217883,"Tbet","no_detected_multimodality","neither test rejects in any seed",3,0,0,0,1,0.47543771885943,1,
"inflect_ward_k27",23,217883,"TCRgd_CD141","detected_multimodality","both tests reject in at least two seeds",3,3,3,3,5.24345897258971e-05,0,1,"detected_multimodality"
"inflect_ward_k27",24,4350638,"CD11c","no_detected_multimodality","neither test rejects in any seed",3,0,0,0,1,0.772586293146573,4,"stratified_5_percent_pass_audit"
"inflect_ward_k27",24,4350638,"CD127","no_detected_multimodality","neither test rejects in any seed",3,0,0,0,1,0.726981137627637,4,
"inflect_ward_k27",24,4350638,"CD14","no_detected_multimodality","neither test rejects in any seed",3,0,0,0,1,0.922615153730712,4,
"inflect_ward_k27",24,4350638,"CD159c_NKG2C","no_detected_multimodality","neither test rejects in any seed",3,0,0,0,1,0.772586293146573,4,
"inflect_ward_k27",24,4350638,"CD16","no_detected_multimodality","neither test rejects in any seed",3,0,0,0,1,0.726981137627637,4,
"inflect_ward_k27",24,4350638,"CD161","no_detected_multimodality","neither test rejects in any seed",3,0,0,0,1,0.726981137627637,4,
"inflect_ward_k27",24,4350638,"CD185_CXCR5","no_detected_multimodality","neither test rejects in any seed",3,0,0,0,1,0.726981137627637,4,
"inflect_ward_k27",24,4350638,"CD19","no_detected_multimodality","neither test rejects in any seed",3,0,0,0,1,0.726981137627637,4,
"inflect_ward_k27",24,4350638,"CD197_CCR7","no_detected_multimodality","neither test rejects in any seed",3,0,0,0,1,0.726981137627637,4,
"inflect_ward_k27",24,4350638,"CD1c","no_detected_multimodality","neither test rejects in any seed",3,0,0,0,1,0.726981137627637,4,
"inflect_ward_k27",24,4350638,"CD21","no_detected_multimodality","neither test rejects in any seed",3,0,0,0,1,0.726981137627637,4,
"inflect_ward_k27",24,4350638,"CD25","no_detected_multimodality","neither test rejects in any seed",3,0,0,0,1,0.726981137627637,4,
"inflect_ward_k27",24,4350638,"CD27","no_detected_multimodality","neither test rejects in any seed",3,0,0,0,1,0.952976488244122,4,
"inflect_ward_k27",24,4350638,"CD294_CRTH2","no_detected_multimodality","neither test rejects in any seed",3,0,0,0,1,0.726981137627637,4,
"inflect_ward_k27",24,4350638,"CD3","no_detected_multimodality","neither test rejects in any seed",3,0,0,0,1,0.726981137627637,4,
"inflect_ward_k27",24,4350638,"CD303_TCRvd2","no_detected_multimodality","neither test rejects in any seed",3,0,0,0,1,0.726981137627637,4,
"inflect_ward_k27",24,4350638,"CD38","no_detected_multimodality","neither test rejects in any seed",3,0,0,0,1,0.726981137627637,4,
"inflect_ward_k27",24,4350638,"CD4","no_detected_multimodality","neither test rejects in any seed",3,0,0,0,1,0.922615153730712,4,
"inflect_ward_k27",24,4350638,"CD45RA","no_detected_multimodality","neither test rejects in any seed",3,0,0,0,1,0.864432216108054,4,
"inflect_ward_k27",24,4350638,"CD56","no_detected_multimodality","neither test rejects in any seed",3,0,0,0,1,0.772586293146573,4,
"inflect_ward_k27",24,4350638,"CD57","no_detected_multimodality","neither test rejects in any seed",3,0,0,0,1,0.726981137627637,4,
"inflect_ward_k27",24,4350638,"CD7","no_detected_multimodality","neither test rejects in any seed",3,0,0,0,1,0.829057385835775,4,
"inflect_ward_k27",24,4350638,"CD8","no_detected_multimodality","neither test rejects in any seed",3,0,0,0,1,0.922615153730712,4,
"inflect_ward_k27",24,4350638,"FoxP3","no_detected_multimodality","neither test rejects in any seed",3,0,0,0,1,0.726981137627637,4,
"inflect_ward_k27",24,4350638,"HLA-DR","no_detected_multimodality","neither test rejects in any seed",3,0,0,0,1,0.726981137627637,4,
"inflect_ward_k27",24,4350638,"Tbet","no_detected_multimodality","neither test rejects in any seed",3,0,0,0,1,0.726981137627637,4,
"inflect_ward_k27",24,4350638,"TCRgd_CD141","no_detected_multimodality","neither test rejects in any seed",3,0,0,0,1,0.202601300650325,4,
"inflect_ward_k27",25,10638712,"CD11c","no_detected_multimodality","neither test rejects in any seed",3,0,0,0,1,0.556028014007004,4,
"inflect_ward_k27",25,10638712,"CD127","ambiguous","discordant_tests;seed_instability",3,0,0,2,0.104770135201846,0,4,"ambiguous"
"inflect_ward_k27",25,10638712,"CD14","no_detected_multimodality","neither test rejects in any seed",3,0,0,0,1,0.48817265775745,4,
"inflect_ward_k27",25,10638712,"CD159c_NKG2C","no_detected_multimodality","neither test rejects in any seed",3,0,0,0,1,0.384192096048024,4,
"inflect_ward_k27",25,10638712,"CD16","no_detected_multimodality","neither test rejects in any seed",3,0,0,0,1,0.964264741066185,4,
"inflect_ward_k27",25,10638712,"CD161","no_detected_multimodality","neither test rejects in any seed",3,0,0,0,1,0.92875008933038,4,"stratified_5_percent_pass_audit"
"inflect_ward_k27",25,10638712,"CD185_CXCR5","no_detected_multimodality","neither test rejects in any seed",3,0,0,0,1,0.973486743371686,4,
"inflect_ward_k27",25,10638712,"CD19","no_detected_multimodality","neither test rejects in any seed",3,0,0,0,1,0.556028014007004,4,
"inflect_ward_k27",25,10638712,"CD197_CCR7","detected_multimodality","both tests reject in at least two seeds",3,3,3,3,0,0,4,"detected_multimodality"
"inflect_ward_k27",25,10638712,"CD1c","no_detected_multimodality","neither test rejects in any seed",3,0,0,0,1,0.333166583291646,4,"stratified_5_percent_pass_audit"
"inflect_ward_k27",25,10638712,"CD21","no_detected_multimodality","neither test rejects in any seed",3,0,0,0,1,0.973486743371686,4,
"inflect_ward_k27",25,10638712,"CD25","no_detected_multimodality","neither test rejects in any seed",3,0,0,0,1,0.973486743371686,4,
"inflect_ward_k27",25,10638712,"CD27","detected_multimodality","both tests reject in at least two seeds",3,3,3,3,0,0,4,"detected_multimodality"
"inflect_ward_k27",25,10638712,"CD294_CRTH2","no_detected_multimodality","neither test rejects in any seed",3,0,0,0,1,0.584946319313503,4,"stratified_5_percent_pass_audit"
"inflect_ward_k27",25,10638712,"CD3","no_detected_multimodality","neither test rejects in any seed",3,0,0,0,1,0.742121060530265,4,
"inflect_ward_k27",25,10638712,"CD303_TCRvd2","no_detected_multimodality","neither test rejects in any seed",3,0,0,0,1,0.366370685342671,4,
"inflect_ward_k27",25,10638712,"CD38","no_detected_multimodality","neither test rejects in any seed",3,0,0,0,1,0.973486743371686,4,
"inflect_ward_k27",25,10638712,"CD4","no_detected_multimodality","neither test rejects in any seed",3,0,0,0,1,0.742121060530265,4,
"inflect_ward_k27",25,10638712,"CD45RA","ambiguous","discordant_tests;seed_instability;borderline_q",3,0,0,2,0.318271750987157,0,4,"ambiguous"
"inflect_ward_k27",25,10638712,"CD56","no_detected_multimodality","neither test rejects in any seed",3,0,0,0,1,0.742121060530265,4,
"inflect_ward_k27",25,10638712,"CD57","no_detected_multimodality","neither test rejects in any seed",3,0,0,0,1,0.520010005002501,4,
"inflect_ward_k27",25,10638712,"CD7","detected_multimodality","both tests reject in at least two seeds",3,2,2,3,0,0,4,"detected_multimodality"
"inflect_ward_k27",25,10638712,"CD8","no_detected_multimodality","neither test rejects in any seed",3,0,0,0,1,0.318759379689845,4,
"inflect_ward_k27",25,10638712,"FoxP3","no_detected_multimodality","neither test rejects in any seed",3,0,0,0,1,0.742121060530265,4,
"inflect_ward_k27",25,10638712,"HLA-DR","no_detected_multimodality","neither test rejects in any seed",3,0,0,0,1,0.964264741066185,4,
"inflect_ward_k27",25,10638712,"Tbet","no_detected_multimodality","neither test rejects in any seed",3,0,0,0,1,0.556028014007004,4,
"inflect_ward_k27",25,10638712,"TCRgd_CD141","no_detected_multimodality","neither test rejects in any seed",3,0,0,0,1,0.16208104052026,4,
"inflect_ward_k27",26,0,"CD11c","unresolved_discrete","no_finite_values",0,0,0,0,,,1,
"inflect_ward_k27",26,0,"CD127","unresolved_discrete","no_finite_values",0,0,0,0,,,1,
"inflect_ward_k27",26,0,"CD14","unresolved_discrete","no_finite_values",0,0,0,0,,,1,
"inflect_ward_k27",26,0,"CD159c_NKG2C","unresolved_discrete","no_finite_values",0,0,0,0,,,1,
"inflect_ward_k27",26,0,"CD16","unresolved_discrete","no_finite_values",0,0,0,0,,,1,
"inflect_ward_k27",26,0,"CD161","unresolved_discrete","no_finite_values",0,0,0,0,,,1,
"inflect_ward_k27",26,0,"CD185_CXCR5","unresolved_discrete","no_finite_values",0,0,0,0,,,1,
"inflect_ward_k27",26,0,"CD19","unresolved_discrete","no_finite_values",0,0,0,0,,,1,
"inflect_ward_k27",26,0,"CD197_CCR7","unresolved_discrete","no_finite_values",0,0,0,0,,,1,
"inflect_ward_k27",26,0,"CD1c","unresolved_discrete","no_finite_values",0,0,0,0,,,1,
"inflect_ward_k27",26,0,"CD21","unresolved_discrete","no_finite_values",0,0,0,0,,,1,
"inflect_ward_k27",26,0,"CD25","unresolved_discrete","no_finite_values",0,0,0,0,,,1,
"inflect_ward_k27",26,0,"CD27","unresolved_discrete","no_finite_values",0,0,0,0,,,1,
"inflect_ward_k27",26,0,"CD294_CRTH2","unresolved_discrete","no_finite_values",0,0,0,0,,,1,
"inflect_ward_k27",26,0,"CD3","unresolved_discrete","no_finite_values",0,0,0,0,,,1,
"inflect_ward_k27",26,0,"CD303_TCRvd2","unresolved_discrete","no_finite_values",0,0,0,0,,,1,
"inflect_ward_k27",26,0,"CD38","unresolved_discrete","no_finite_values",0,0,0,0,,,1,
"inflect_ward_k27",26,0,"CD4","unresolved_discrete","no_finite_values",0,0,0,0,,,1,
"inflect_ward_k27",26,0,"CD45RA","unresolved_discrete","no_finite_values",0,0,0,0,,,1,
"inflect_ward_k27",26,0,"CD56","unresolved_discrete","no_finite_values",0,0,0,0,,,1,
"inflect_ward_k27",26,0,"CD57","unresolved_discrete","no_finite_values",0,0,0,0,,,1,
"inflect_ward_k27",26,0,"CD7","unresolved_discrete","no_finite_values",0,0,0,0,,,1,
"inflect_ward_k27",26,0,"CD8","unresolved_discrete","no_finite_values",0,0,0,0,,,1,
"inflect_ward_k27",26,0,"FoxP3","unresolved_discrete","no_finite_values",0,0,0,0,,,1,
"inflect_ward_k27",26,0,"HLA-DR","unresolved_discrete","no_finite_values",0,0,0,0,,,1,
"inflect_ward_k27",26,0,"Tbet","unresolved_discrete","no_finite_values",0,0,0,0,,,1,
"inflect_ward_k27",26,0,"TCRgd_CD141","unresolved_discrete","no_finite_values",0,0,0,0,,,1,
"inflect_ward_k27",27,2920244,"CD11c","no_detected_multimodality","neither test rejects in any seed",3,0,0,0,1,0.786235222874595,4,
"inflect_ward_k27",27,2920244,"CD127","no_detected_multimodality","neither test rejects in any seed",3,0,0,0,1,0.529464732366183,4,
"inflect_ward_k27",27,2920244,"CD14","no_detected_multimodality","neither test rejects in any seed",3,0,0,0,1,0.462606303151576,4,"stratified_5_percent_pass_audit"
"inflect_ward_k27",27,2920244,"CD159c_NKG2C","no_detected_multimodality","neither test rejects in any seed",3,0,0,0,1,0.623240191524334,4,
"inflect_ward_k27",27,2920244,"CD16","no_detected_multimodality","neither test rejects in any seed",3,0,0,0,1,0.825600300150075,4,
"inflect_ward_k27",27,2920244,"CD161","no_detected_multimodality","neither test rejects in any seed",3,0,0,0,1,0.786235222874595,4,
"inflect_ward_k27",27,2920244,"CD185_CXCR5","no_detected_multimodality","neither test rejects in any seed",3,0,0,0,1,0.786235222874595,4,
"inflect_ward_k27",27,2920244,"CD19","no_detected_multimodality","neither test rejects in any seed",3,0,0,0,1,0.270135067533767,4,
"inflect_ward_k27",27,2920244,"CD197_CCR7","no_detected_multimodality","neither test rejects in any seed",3,0,0,0,1,0.462606303151576,4,
"inflect_ward_k27",27,2920244,"CD1c","no_detected_multimodality","neither test rejects in any seed",3,0,0,0,1,0.529464732366183,4,
"inflect_ward_k27",27,2920244,"CD21","no_detected_multimodality","neither test rejects in any seed",3,0,0,0,1,0.51775887943972,4,
"inflect_ward_k27",27,2920244,"CD25","no_detected_multimodality","neither test rejects in any seed",3,0,0,0,1,0.848899449724863,4,
"inflect_ward_k27",27,2920244,"CD27","no_detected_multimodality","neither test rejects in any seed",3,0,0,0,1,0.529464732366183,4,"stratified_5_percent_pass_audit"
"inflect_ward_k27",27,2920244,"CD294_CRTH2","no_detected_multimodality","neither test rejects in any seed",3,0,0,0,1,0.786235222874595,4,
"inflect_ward_k27",27,2920244,"CD3","no_detected_multimodality","neither test rejects in any seed",3,0,0,0,1,0.786235222874595,4,
"inflect_ward_k27",27,2920244,"CD303_TCRvd2","no_detected_multimodality","neither test rejects in any seed",3,0,0,0,1,0.462606303151576,4,
"inflect_ward_k27",27,2920244,"CD38","no_detected_multimodality","neither test rejects in any seed",3,0,0,0,1,0.462606303151576,4,
"inflect_ward_k27",27,2920244,"CD4","no_detected_multimodality","neither test rejects in any seed",3,0,0,0,1,0.71248124062031,4,
"inflect_ward_k27",27,2920244,"CD45RA","no_detected_multimodality","neither test rejects in any seed",3,0,0,0,1,0.462606303151576,4,"stratified_5_percent_pass_audit"
"inflect_ward_k27",27,2920244,"CD56","no_detected_multimodality","neither test rejects in any seed",3,0,0,0,1,0.499749874937469,4,"stratified_5_percent_pass_audit"
"inflect_ward_k27",27,2920244,"CD57","no_detected_multimodality","neither test rejects in any seed",3,0,0,0,1,0.462606303151576,4,"stratified_5_percent_pass_audit"
"inflect_ward_k27",27,2920244,"CD7","no_detected_multimodality","neither test rejects in any seed",3,0,0,0,1,0.51775887943972,4,"stratified_5_percent_pass_audit"
"inflect_ward_k27",27,2920244,"CD8","no_detected_multimodality","neither test rejects in any seed",3,0,0,0,1,0.529464732366183,4,
"inflect_ward_k27",27,2920244,"FoxP3","no_detected_multimodality","neither test rejects in any seed",3,0,0,0,1,0.462606303151576,4,
"inflect_ward_k27",27,2920244,"HLA-DR","no_detected_multimodality","neither test rejects in any seed",3,0,0,0,1,0.51775887943972,4,"stratified_5_percent_pass_audit"
"inflect_ward_k27",27,2920244,"Tbet","no_detected_multimodality","neither test rejects in any seed",3,0,0,0,1,0.529464732366183,4,"stratified_5_percent_pass_audit"
"inflect_ward_k27",27,2920244,"TCRgd_CD141","no_detected_multimodality","neither test rejects in any seed",3,0,0,0,1,0.825600300150075,4,
"inflect_ward_k28",1,1026945,"CD11c","detected_multimodality","both tests reject in at least two seeds",3,3,3,3,0,0,3,"detected_multimodality"
"inflect_ward_k28",1,1026945,"CD127","no_detected_multimodality","neither test rejects in any seed",3,0,0,0,1,0.582379425006621,3,
"inflect_ward_k28",1,1026945,"CD14","no_detected_multimodality","neither test rejects in any seed",3,0,0,0,1,0.952976488244122,3,
"inflect_ward_k28",1,1026945,"CD159c_NKG2C","no_detected_multimodality","neither test rejects in any seed",3,0,0,0,1,0.458264846709069,3,
"inflect_ward_k28",1,1026945,"CD16","no_detected_multimodality","neither test rejects in any seed",3,0,0,0,1,0.582379425006621,3,
"inflect_ward_k28",1,1026945,"CD161","detected_multimodality","both tests reject in at least two seeds",3,3,3,3,0,0,3,"detected_multimodality"
"inflect_ward_k28",1,1026945,"CD185_CXCR5","ambiguous","discordant_tests;seed_instability",3,0,0,1,1,0.0495247623811906,3,"ambiguous"
"inflect_ward_k28",1,1026945,"CD19","no_detected_multimodality","neither test rejects in any seed",3,0,0,0,1,0.153976988494247,3,
"inflect_ward_k28",1,1026945,"CD197_CCR7","no_detected_multimodality","neither test rejects in any seed",3,0,0,0,1,0.189094547273637,3,"stratified_5_percent_pass_audit"
"inflect_ward_k28",1,1026945,"CD1c","no_detected_multimodality","neither test rejects in any seed",3,0,0,0,1,0.373686843421711,3,
"inflect_ward_k28",1,1026945,"CD21","no_detected_multimodality","neither test rejects in any seed",3,0,0,0,1,0.458264846709069,3,
"inflect_ward_k28",1,1026945,"CD25","no_detected_multimodality","neither test rejects in any seed",3,0,0,0,1,0.458264846709069,3,
"inflect_ward_k28",1,1026945,"CD27","no_detected_multimodality","neither test rejects in any seed",3,0,0,0,1,0.9491091699696,3,"stratified_5_percent_pass_audit"
"inflect_ward_k28",1,1026945,"CD294_CRTH2","no_detected_multimodality","neither test rejects in any seed",3,0,0,0,1,0.381565782891446,3,
"inflect_ward_k28",1,1026945,"CD3","no_detected_multimodality","neither test rejects in any seed",3,0,0,0,1,0.9491091699696,3,
"inflect_ward_k28",1,1026945,"CD303_TCRvd2","no_detected_multimodality","neither test rejects in any seed",3,0,0,0,1,0.66048024012006,3,
"inflect_ward_k28",1,1026945,"CD38","no_detected_multimodality","neither test rejects in any seed",3,0,0,0,1,0.381565782891446,3,
"inflect_ward_k28",1,1026945,"CD4","no_detected_multimodality","neither test rejects in any seed",3,0,0,0,1,0.458264846709069,3,
"inflect_ward_k28",1,1026945,"CD45RA","no_detected_multimodality","neither test rejects in any seed",3,0,0,0,1,0.263381690845423,3,
"inflect_ward_k28",1,1026945,"CD56","no_detected_multimodality","neither test rejects in any seed",3,0,0,0,1,0.314514400057171,3,
"inflect_ward_k28",1,1026945,"CD57","ambiguous","borderline_q",3,0,0,0,1,0.0911705852926463,3,"ambiguous"
"inflect_ward_k28",1,1026945,"CD7","no_detected_multimodality","neither test rejects in any seed",3,0,0,0,1,0.32416208104052,3,"stratified_5_percent_pass_audit"
"inflect_ward_k28",1,1026945,"CD8","no_detected_multimodality","neither test rejects in any seed",3,0,0,0,1,0.47543771885943,3,
"inflect_ward_k28",1,1026945,"FoxP3","no_detected_multimodality","neither test rejects in any seed",3,0,0,0,1,0.263381690845423,3,
"inflect_ward_k28",1,1026945,"HLA-DR","no_detected_multimodality","neither test rejects in any seed",3,0,0,0,1,0.552088544272136,3,
"inflect_ward_k28",1,1026945,"Tbet","ambiguous","borderline_q",3,0,0,0,1,0.0911705852926463,3,"ambiguous"
"inflect_ward_k28",1,1026945,"TCRgd_CD141","no_detected_multimodality","neither test rejects in any seed",3,0,0,0,1,0.582379425006621,3,
"inflect_ward_k28",2,740677,"CD11c","no_detected_multimodality","neither test rejects in any seed",3,0,0,0,1,0.24312156078039,3,
"inflect_ward_k28",2,740677,"CD127","no_detected_multimodality","neither test rejects in any seed",3,0,0,0,1,0.983915034440297,3,"stratified_5_percent_pass_audit"
"inflect_ward_k28",2,740677,"CD14","no_detected_multimodality","neither test rejects in any seed",3,0,0,0,1,0.908811548631459,3,
"inflect_ward_k28",2,740677,"CD159c_NKG2C","ambiguous","discordant_tests",3,0,0,3,0.510035663073678,0,3,"ambiguous"
"inflect_ward_k28",2,740677,"CD16","no_detected_multimodality","neither test rejects in any seed",3,0,0,0,1,0.317408704352176,3,"stratified_5_percent_pass_audit"
"inflect_ward_k28",2,740677,"CD161","no_detected_multimodality","neither test rejects in any seed",3,0,0,0,1,0.875687843921961,3,"stratified_5_percent_pass_audit"
"inflect_ward_k28",2,740677,"CD185_CXCR5","no_detected_multimodality","neither test rejects in any seed",3,0,0,0,1,0.983915034440297,3,
"inflect_ward_k28",2,740677,"CD19","no_detected_multimodality","neither test rejects in any seed",3,0,0,0,1,0.983915034440297,3,
"inflect_ward_k28",2,740677,"CD197_CCR7","no_detected_multimodality","neither test rejects in any seed",3,0,0,0,1,0.908811548631459,3,
"inflect_ward_k28",2,740677,"CD1c","no_detected_multimodality","neither test rejects in any seed",3,0,0,0,1,0.983915034440297,3,"stratified_5_percent_pass_audit"
"inflect_ward_k28",2,740677,"CD21","no_detected_multimodality","neither test rejects in any seed",3,0,0,0,1,0.918459229614807,3,"stratified_5_percent_pass_audit"
"inflect_ward_k28",2,740677,"CD25","no_detected_multimodality","neither test rejects in any seed",3,0,0,0,1,0.983915034440297,3,
"inflect_ward_k28",2,740677,"CD27","no_detected_multimodality","neither test rejects in any seed",3,0,0,0,1,0.27823911955978,3,
"inflect_ward_k28",2,740677,"CD294_CRTH2","no_detected_multimodality","neither test rejects in any seed",3,0,0,0,1,0.983915034440297,3,
"inflect_ward_k28",2,740677,"CD3","no_detected_multimodality","neither test rejects in any seed",3,0,0,0,1,0.983915034440297,3,
"inflect_ward_k28",2,740677,"CD303_TCRvd2","no_detected_multimodality","neither test rejects in any seed",3,0,0,0,1,0.756378189094547,3,
"inflect_ward_k28",2,740677,"CD38","no_detected_multimodality","neither test rejects in any seed",3,0,0,0,1,0.908811548631459,3,
"inflect_ward_k28",2,740677,"CD4","no_detected_multimodality","neither test rejects in any seed",3,0,0,0,1,0.983915034440297,3,
"inflect_ward_k28",2,740677,"CD45RA","no_detected_multimodality","neither test rejects in any seed",3,0,0,0,1,0.908811548631459,3,
"inflect_ward_k28",2,740677,"CD56","no_detected_multimodality","neither test rejects in any seed",3,0,0,0,1,0.454727363681841,3,
"inflect_ward_k28",2,740677,"CD57","detected_multimodality","both tests reject in at least two seeds",3,3,3,3,0,0,3,"detected_multimodality"
"inflect_ward_k28",2,740677,"CD7","no_detected_multimodality","neither test rejects in any seed",3,0,0,0,1,0.908811548631459,3,
"inflect_ward_k28",2,740677,"CD8","no_detected_multimodality","neither test rejects in any seed",3,0,0,0,1,0.984954015469273,3,"stratified_5_percent_pass_audit"
"inflect_ward_k28",2,740677,"FoxP3","no_detected_multimodality","neither test rejects in any seed",3,0,0,0,1,0.908811548631459,3,
"inflect_ward_k28",2,740677,"HLA-DR","no_detected_multimodality","neither test rejects in any seed",3,0,0,0,1,0.908811548631459,3,"stratified_5_percent_pass_audit"
"inflect_ward_k28",2,740677,"Tbet","no_detected_multimodality","neither test rejects in any seed",3,0,0,0,1,0.908811548631459,3,
"inflect_ward_k28",2,740677,"TCRgd_CD141","no_detected_multimodality","neither test rejects in any seed",3,0,0,0,1,0.157578789394697,3,"stratified_5_percent_pass_audit"
"inflect_ward_k28",3,374114,"CD11c","ambiguous","discordant_tests;seed_instability",3,0,0,1,0.571257738854488,0.0101300650325163,2,"ambiguous"
"inflect_ward_k28",3,374114,"CD127","no_detected_multimodality","neither test rejects in any seed",3,0,0,0,1,0.699349674837419,2,
"inflect_ward_k28",3,374114,"CD14","no_detected_multimodality","neither test rejects in any seed",3,0,0,0,1,0.582868357255551,2,
"inflect_ward_k28",3,374114,"CD159c_NKG2C","no_detected_multimodality","neither test rejects in any seed",3,0,0,0,1,0.102651325662831,2,
"inflect_ward_k28",3,374114,"CD16","detected_multimodality","both tests reject in at least two seeds",3,3,3,3,0,0,2,"detected_multimodality"
"inflect_ward_k28",3,374114,"CD161","no_detected_multimodality","neither test rejects in any seed",3,0,0,0,1,0.582868357255551,2,
"inflect_ward_k28",3,374114,"CD185_CXCR5","no_detected_multimodality","neither test rejects in any seed",3,0,0,0,1,0.930407511448032,2,
"inflect_ward_k28",3,374114,"CD19","no_detected_multimodality","neither test rejects in any seed",3,0,0,0,1,0.670426122151985,2,
"inflect_ward_k28",3,374114,"CD197_CCR7","no_detected_multimodality","neither test rejects in any seed",3,0,0,0,1,0.930407511448032,2,
"inflect_ward_k28",3,374114,"CD1c","no_detected_multimodality","neither test rejects in any seed",3,0,0,0,1,0.475737868934467,2,
"inflect_ward_k28",3,374114,"CD21","no_detected_multimodality","neither test rejects in any seed",3,0,0,0,1,0.146644750946902,2,
"inflect_ward_k28",3,374114,"CD25","no_detected_multimodality","neither test rejects in any seed",3,0,0,0,1,0.882441220610305,2,"stratified_5_percent_pass_audit"
"inflect_ward_k28",3,374114,"CD27","no_detected_multimodality","neither test rejects in any seed",3,0,0,0,1,0.930407511448032,2,
"inflect_ward_k28",3,374114,"CD294_CRTH2","no_detected_multimodality","neither test rejects in any seed",3,0,0,0,1,0.24119202458372,2,"stratified_5_percent_pass_audit"
"inflect_ward_k28",3,374114,"CD3","detected_multimodality","both tests reject in at least two seeds",3,3,3,3,0,0,2,"detected_multimodality"
"inflect_ward_k28",3,374114,"CD303_TCRvd2","no_detected_multimodality","neither test rejects in any seed",3,0,0,0,1,0.882441220610305,2,
"inflect_ward_k28",3,374114,"CD38","no_detected_multimodality","neither test rejects in any seed",3,0,0,0,1,0.475737868934467,2,"stratified_5_percent_pass_audit"
"inflect_ward_k28",3,374114,"CD4","no_detected_multimodality","neither test rejects in any seed",3,0,0,0,1,0.595985492746373,2,"stratified_5_percent_pass_audit"
"inflect_ward_k28",3,374114,"CD45RA","no_detected_multimodality","neither test rejects in any seed",3,0,0,0,1,0.881798041878082,2,
"inflect_ward_k28",3,374114,"CD56","ambiguous","discordant_tests;seed_instability",3,0,0,1,1,0.0202601300650325,2,"ambiguous"
"inflect_ward_k28",3,374114,"CD57","detected_multimodality","both tests reject in at least two seeds",3,3,3,3,0,0,2,"detected_multimodality"
"inflect_ward_k28",3,374114,"CD7","no_detected_multimodality","neither test rejects in any seed",3,0,0,0,1,0.54195847923962,2,
"inflect_ward_k28",3,374114,"CD8","no_detected_multimodality","neither test rejects in any seed",3,0,0,0,1,0.475737868934467,2,
"inflect_ward_k28",3,374114,"FoxP3","no_detected_multimodality","neither test rejects in any seed",3,0,0,0,1,0.657328664332166,2,"stratified_5_percent_pass_audit"
"inflect_ward_k28",3,374114,"HLA-DR","no_detected_multimodality","neither test rejects in any seed",3,0,0,0,1,0.877938969484742,2,
"inflect_ward_k28",3,374114,"Tbet","no_detected_multimodality","neither test rejects in any seed",3,0,0,0,1,0.877938969484742,2,
"inflect_ward_k28",3,374114,"TCRgd_CD141","no_detected_multimodality","neither test rejects in any seed",3,0,0,0,1,0.475737868934467,2,
"inflect_ward_k28",4,510865,"CD11c","detected_multimodality","both tests reject in at least two seeds",3,3,3,3,0,0,2,"detected_multimodality"
"inflect_ward_k28",4,510865,"CD127","no_detected_multimodality","neither test rejects in any seed",3,0,0,0,0.99911405971634,0.703026513256628,2,"stratified_5_percent_pass_audit"
"inflect_ward_k28",4,510865,"CD14","no_detected_multimodality","neither test rejects in any seed",3,0,0,0,0.99911405971634,0.64112056028014,2,"stratified_5_percent_pass_audit"
"inflect_ward_k28",4,510865,"CD159c_NKG2C","no_detected_multimodality","neither test rejects in any seed",3,0,0,0,0.99911405971634,0.498249124562281,2,"stratified_5_percent_pass_audit"
"inflect_ward_k28",4,510865,"CD16","no_detected_multimodality","neither test rejects in any seed",3,0,0,0,0.99911405971634,0.451511470020725,2,"stratified_5_percent_pass_audit"
"inflect_ward_k28",4,510865,"CD161","no_detected_multimodality","neither test rejects in any seed",3,0,0,0,0.99911405971634,0.429964982491246,2,"stratified_5_percent_pass_audit"
"inflect_ward_k28",4,510865,"CD185_CXCR5","no_detected_multimodality","neither test rejects in any seed",3,0,0,0,0.99911405971634,0.657328664332166,2,
"inflect_ward_k28",4,510865,"CD19","no_detected_multimodality","neither test rejects in any seed",3,0,0,0,0.99911405971634,0.745572786393197,2,"stratified_5_percent_pass_audit"
"inflect_ward_k28",4,510865,"CD197_CCR7","no_detected_multimodality","neither test rejects in any seed",3,0,0,0,0.99911405971634,0.835257628814407,2,
"inflect_ward_k28",4,510865,"CD1c","no_detected_multimodality","neither test rejects in any seed",3,0,0,0,0.99911405971634,0.657328664332166,2,
"inflect_ward_k28",4,510865,"CD21","no_detected_multimodality","neither test rejects in any seed",3,0,0,0,0.99911405971634,0.64112056028014,2,
"inflect_ward_k28",4,510865,"CD25","no_detected_multimodality","neither test rejects in any seed",3,0,0,0,0.99911405971634,0.358893732580576,2,
"inflect_ward_k28",4,510865,"CD27","no_detected_multimodality","neither test rejects in any seed",3,0,0,0,0.99911405971634,0.794442675883396,2,
"inflect_ward_k28",4,510865,"CD294_CRTH2","no_detected_multimodality","neither test rejects in any seed",3,0,0,0,0.99911405971634,0.64112056028014,2,
"inflect_ward_k28",4,510865,"CD3","detected_multimodality","both tests reject in at least two seeds",3,3,3,3,0,0,2,"detected_multimodality"
"inflect_ward_k28",4,510865,"CD303_TCRvd2","no_detected_multimodality","neither test rejects in any seed",3,0,0,0,0.99911405971634,0.683779389694847,2,"stratified_5_percent_pass_audit"
"inflect_ward_k28",4,510865,"CD38","no_detected_multimodality","neither test rejects in any seed",3,0,0,0,0.99911405971634,0.310655327663832,2,
"inflect_ward_k28",4,510865,"CD4","no_detected_multimodality","neither test rejects in any seed",3,0,0,0,0.99911405971634,0.148574287143572,2,
"inflect_ward_k28",4,510865,"CD45RA","no_detected_multimodality","neither test rejects in any seed",3,0,0,0,0.99911405971634,0.64112056028014,2,
"inflect_ward_k28",4,510865,"CD56","detected_multimodality","both tests reject in at least two seeds",3,3,3,3,0,0,2,"detected_multimodality"
"inflect_ward_k28",4,510865,"CD57","ambiguous","discordant_tests;seed_instability",3,1,1,3,0.0382026012434219,0,2,"ambiguous"
"inflect_ward_k28",4,510865,"CD7","no_detected_multimodality","neither test rejects in any seed",3,0,0,0,0.99911405971634,0.226913456728364,2,
"inflect_ward_k28",4,510865,"CD8","no_detected_multimodality","neither test rejects in any seed",3,0,0,0,0.99911405971634,0.450787893946973,2,
"inflect_ward_k28",4,510865,"FoxP3","no_detected_multimodality","neither test rejects in any seed",3,0,0,0,0.99911405971634,0.64112056028014,2,
"inflect_ward_k28",4,510865,"HLA-DR","no_detected_multimodality","neither test rejects in any seed",3,0,0,0,0.99911405971634,0.8951975987994,2,
"inflect_ward_k28",4,510865,"Tbet","no_detected_multimodality","neither test rejects in any seed",3,0,0,0,0.99911405971634,0.703026513256628,2,
"inflect_ward_k28",4,510865,"TCRgd_CD141","no_detected_multimodality","neither test rejects in any seed",3,0,0,0,0.99911405971634,0.628064032016008,2,"stratified_5_percent_pass_audit"
"inflect_ward_k28",5,364460,"CD11c","detected_multimodality","both tests reject in at least two seeds",3,3,3,3,0,0,2,"detected_multimodality"
"inflect_ward_k28",5,364460,"CD127","no_detected_multimodality","neither test rejects in any seed",3,0,0,0,1,0.437411013198907,2,
"inflect_ward_k28",5,364460,"CD14","no_detected_multimodality","neither test rejects in any seed",3,0,0,0,1,0.715857928964482,2,
"inflect_ward_k28",5,364460,"CD159c_NKG2C","no_detected_multimodality","neither test rejects in any seed",3,0,0,0,1,0.260487386550418,2,
"inflect_ward_k28",5,364460,"CD16","no_detected_multimodality","neither test rejects in any seed",3,0,0,0,1,0.715857928964482,2,
"inflect_ward_k28",5,364460,"CD161","ambiguous","discordant_tests;seed_instability;borderline_q",3,0,0,2,0.0537640704291557,0,2,"ambiguous"
"inflect_ward_k28",5,364460,"CD185_CXCR5","no_detected_multimodality","neither test rejects in any seed",3,0,0,0,1,0.715857928964482,2,
"inflect_ward_k28",5,364460,"CD19","no_detected_multimodality","neither test rejects in any seed",3,0,0,0,1,0.463088687200743,2,
"inflect_ward_k28",5,364460,"CD197_CCR7","no_detected_multimodality","neither test rejects in any seed",3,0,0,0,1,0.715857928964482,2,"stratified_5_percent_pass_audit"
"inflect_ward_k28",5,364460,"CD1c","no_detected_multimodality","neither test rejects in any seed",3,0,0,0,1,0.198099049524762,2,
"inflect_ward_k28",5,364460,"CD21","no_detected_multimodality","neither test rejects in any seed",3,0,0,0,1,0.525862931465733,2,
"inflect_ward_k28",5,364460,"CD25","no_detected_multimodality","neither test rejects in any seed",3,0,0,0,1,0.118184092046023,2,
"inflect_ward_k28",5,364460,"CD27","no_detected_multimodality","neither test rejects in any seed",3,0,0,0,1,0.715857928964482,2,"stratified_5_percent_pass_audit"
"inflect_ward_k28",5,364460,"CD294_CRTH2","no_detected_multimodality","neither test rejects in any seed",3,0,0,0,1,0.587941029338198,2,
"inflect_ward_k28",5,364460,"CD3","ambiguous","discordant_tests",3,0,0,3,1,0,2,"ambiguous"
"inflect_ward_k28",5,364460,"CD303_TCRvd2","no_detected_multimodality","neither test rejects in any seed",3,0,0,0,1,0.437411013198907,2,
"inflect_ward_k28",5,364460,"CD38","no_detected_multimodality","neither test rejects in any seed",3,0,0,0,1,0.437411013198907,2,
"inflect_ward_k28",5,364460,"CD4","no_detected_multimodality","neither test rejects in any seed",3,0,0,0,1,0.345172586293147,2,
"inflect_ward_k28",5,364460,"CD45RA","no_detected_multimodality","neither test rejects in any seed",3,0,0,0,1,0.643259129564782,2,"stratified_5_percent_pass_audit"
"inflect_ward_k28",5,364460,"CD56","ambiguous","discordant_tests",3,0,0,3,1,0,2,"ambiguous"
"inflect_ward_k28",5,364460,"CD57","ambiguous","discordant_tests;seed_instability",3,0,0,2,1,0,2,"ambiguous"
"inflect_ward_k28",5,364460,"CD7","no_detected_multimodality","neither test rejects in any seed",3,0,0,0,1,0.715857928964482,2,
"inflect_ward_k28",5,364460,"CD8","no_detected_multimodality","neither test rejects in any seed",3,0,0,0,1,0.287018509254627,2,
"inflect_ward_k28",5,364460,"FoxP3","no_detected_multimodality","neither test rejects in any seed",3,0,0,0,1,0.962981490745373,2,
"inflect_ward_k28",5,364460,"HLA-DR","no_detected_multimodality","neither test rejects in any seed",3,0,0,0,1,0.715857928964482,2,"stratified_5_percent_pass_audit"
"inflect_ward_k28",5,364460,"Tbet","no_detected_multimodality","neither test rejects in any seed",3,0,0,0,1,0.571504502251126,2,
"inflect_ward_k28",5,364460,"TCRgd_CD141","no_detected_multimodality","neither test rejects in any seed",3,0,0,0,1,0.437411013198907,2,
"inflect_ward_k28",6,408648,"CD11c","no_detected_multimodality","neither test rejects in any seed",3,0,0,0,0.999352124435121,0.507853926963482,2,
"inflect_ward_k28",6,408648,"CD127","no_detected_multimodality","neither test rejects in any seed",3,0,0,0,0.999352124435121,0.455370542414064,2,
"inflect_ward_k28",6,408648,"CD14","no_detected_multimodality","neither test rejects in any seed",3,0,0,0,0.999352124435121,0.393946973486743,2,
"inflect_ward_k28",6,408648,"CD159c_NKG2C","ambiguous","discordant_tests;seed_instability",3,0,0,1,0.620322000589815,0,2,"ambiguous"
"inflect_ward_k28",6,408648,"CD16","detected_multimodality","both tests reject in at least two seeds",3,3,3,3,0,0,2,"detected_multimodality"
"inflect_ward_k28",6,408648,"CD161","no_detected_multimodality","neither test rejects in any seed",3,0,0,0,0.999352124435121,0.635611923608863,2,
"inflect_ward_k28",6,408648,"CD185_CXCR5","no_detected_multimodality","neither test rejects in any seed",3,0,0,0,0.999352124435121,0.807468951867238,2,
"inflect_ward_k28",6,408648,"CD19","no_detected_multimodality","neither test rejects in any seed",3,0,0,0,0.999352124435121,0.370085042521261,2,
"inflect_ward_k28",6,408648,"CD197_CCR7","no_detected_multimodality","neither test rejects in any seed",3,0,0,0,0.999352124435121,0.690345172586293,2,
"inflect_ward_k28",6,408648,"CD1c","no_detected_multimodality","neither test rejects in any seed",3,0,0,0,0.999352124435121,0.127349388980204,2,"stratified_5_percent_pass_audit"
"inflect_ward_k28",6,408648,"CD21","no_detected_multimodality","neither test rejects in any seed",3,0,0,0,0.999352124435121,0.635611923608863,2,"stratified_5_percent_pass_audit"
"inflect_ward_k28",6,408648,"CD25","no_detected_multimodality","neither test rejects in any seed",3,0,0,0,0.999352124435121,0.48024012006003,2,
"inflect_ward_k28",6,408648,"CD27","no_detected_multimodality","neither test rejects in any seed",3,0,0,0,0.999352124435121,0.679310243356973,2,
"inflect_ward_k28",6,408648,"CD294_CRTH2","no_detected_multimodality","neither test rejects in any seed",3,0,0,0,0.999352124435121,0.753308472418027,2,
"inflect_ward_k28",6,408648,"CD3","detected_multimodality","both tests reject in at least two seeds",3,3,3,3,0,0,2,"detected_multimodality"
"inflect_ward_k28",6,408648,"CD303_TCRvd2","no_detected_multimodality","neither test rejects in any seed",3,0,0,0,0.999352124435121,0.635611923608863,2,
"inflect_ward_k28",6,408648,"CD38","no_detected_multimodality","neither test rejects in any seed",3,0,0,0,0.999352124435121,0.268446723361681,2,
"inflect_ward_k28",6,408648,"CD4","no_detected_multimodality","neither test rejects in any seed",3,0,0,0,0.999352124435121,0.748499249624812,2,
"inflect_ward_k28",6,408648,"CD45RA","no_detected_multimodality","neither test rejects in any seed",3,0,0,0,0.999352124435121,0.557635960837562,2,
"inflect_ward_k28",6,408648,"CD56","no_detected_multimodality","neither test rejects in any seed",3,0,0,0,0.999352124435121,0.509572968302333,2,
"inflect_ward_k28",6,408648,"CD57","detected_multimodality","both tests reject in at least two seeds",3,3,3,3,0,0,2,"detected_multimodality"
"inflect_ward_k28",6,408648,"CD7","no_detected_multimodality","neither test rejects in any seed",3,0,0,0,0.999352124435121,0.509572968302333,2,"stratified_5_percent_pass_audit"
"inflect_ward_k28",6,408648,"CD8","ambiguous","discordant_tests;seed_instability",3,0,0,1,0.246505917375151,0,2,"ambiguous"
"inflect_ward_k28",6,408648,"FoxP3","no_detected_multimodality","neither test rejects in any seed",3,0,0,0,0.999352124435121,0.509572968302333,2,
"inflect_ward_k28",6,408648,"HLA-DR","no_detected_multimodality","neither test rejects in any seed",3,0,0,0,0.999352124435121,0.509572968302333,2,
"inflect_ward_k28",6,408648,"Tbet","no_detected_multimodality","neither test rejects in any seed",3,0,0,0,0.999352124435121,0.635611923608863,2,
"inflect_ward_k28",6,408648,"TCRgd_CD141","ambiguous","borderline_q",3,0,0,0,0.999352124435121,0.0621310655327664,2,"ambiguous"
"inflect_ward_k28",7,666506,"CD11c","no_detected_multimodality","neither test rejects in any seed",3,0,0,0,1,0.65604230686772,3,"stratified_5_percent_pass_audit"
"inflect_ward_k28",7,666506,"CD127","no_detected_multimodality","neither test rejects in any seed",3,0,0,0,1,0.438969484742371,3,
"inflect_ward_k28",7,666506,"CD14","no_detected_multimodality","neither test rejects in any seed",3,0,0,0,1,0.945992226882672,3,
"inflect_ward_k28",7,666506,"CD159c_NKG2C","no_detected_multimodality","neither test rejects in any seed",3,0,0,0,1,0.858559714639929,3,
"inflect_ward_k28",7,666506,"CD16","no_detected_multimodality","neither test rejects in any seed",3,0,0,0,1,0.858559714639929,3,
"inflect_ward_k28",7,666506,"CD161","no_detected_multimodality","neither test rejects in any seed",3,0,0,0,1,0.858559714639929,3,
"inflect_ward_k28",7,666506,"CD185_CXCR5","no_detected_multimodality","neither test rejects in any seed",3,0,0,0,1,0.65604230686772,3,
"inflect_ward_k28",7,666506,"CD19","no_detected_multimodality","neither test rejects in any seed",3,0,0,0,1,0.870060030015007,3,
"inflect_ward_k28",7,666506,"CD197_CCR7","no_detected_multimodality","neither test rejects in any seed",3,0,0,0,1,0.858559714639929,3,
"inflect_ward_k28",7,666506,"CD1c","no_detected_multimodality","neither test rejects in any seed",3,0,0,0,1,0.873076538269135,3,
"inflect_ward_k28",7,666506,"CD21","no_detected_multimodality","neither test rejects in any seed",3,0,0,0,1,0.858559714639929,3,
"inflect_ward_k28",7,666506,"CD25","no_detected_multimodality","neither test rejects in any seed",3,0,0,0,1,0.858559714639929,3,"stratified_5_percent_pass_audit"
"inflect_ward_k28",7,666506,"CD27","no_detected_multimodality","neither test rejects in any seed",3,0,0,0,1,0.880016931542695,3,
"inflect_ward_k28",7,666506,"CD294_CRTH2","no_detected_multimodality","neither test rejects in any seed",3,0,0,0,1,0.65604230686772,3,
"inflect_ward_k28",7,666506,"CD3","no_detected_multimodality","neither test rejects in any seed",3,0,0,0,1,0.858559714639929,3,"stratified_5_percent_pass_audit"
"inflect_ward_k28",7,666506,"CD303_TCRvd2","no_detected_multimodality","neither test rejects in any seed",3,0,0,0,1,0.858559714639929,3,
"inflect_ward_k28",7,666506,"CD38","no_detected_multimodality","neither test rejects in any seed",3,0,0,0,1,0.858559714639929,3,"stratified_5_percent_pass_audit"
"inflect_ward_k28",7,666506,"CD4","no_detected_multimodality","neither test rejects in any seed",3,0,0,0,1,0.65604230686772,3,
"inflect_ward_k28",7,666506,"CD45RA","ambiguous","discordant_tests;seed_instability",3,0,0,2,0.786336616735894,0.0135067533766883,3,"ambiguous"
"inflect_ward_k28",7,666506,"CD56","no_detected_multimodality","neither test rejects in any seed",3,0,0,0,1,0.774387193596798,3,
"inflect_ward_k28",7,666506,"CD57","no_detected_multimodality","neither test rejects in any seed",3,0,0,0,1,0.378189094547274,3,"stratified_5_percent_pass_audit"
"inflect_ward_k28",7,666506,"CD7","no_detected_multimodality","neither test rejects in any seed",3,0,0,0,1,0.817158579289645,3,
"inflect_ward_k28",7,666506,"CD8","no_detected_multimodality","neither test rejects in any seed",3,0,0,0,1,0.65604230686772,3,
"inflect_ward_k28",7,666506,"FoxP3","no_detected_multimodality","neither test rejects in any seed",3,0,0,0,1,0.858559714639929,3,
"inflect_ward_k28",7,666506,"HLA-DR","no_detected_multimodality","neither test rejects in any seed",3,0,0,0,1,0.858559714639929,3,
"inflect_ward_k28",7,666506,"Tbet","no_detected_multimodality","neither test rejects in any seed",3,0,0,0,1,0.508754377188594,3,
"inflect_ward_k28",7,666506,"TCRgd_CD141","no_detected_multimodality","neither test rejects in any seed",3,0,0,0,1,0.858559714639929,3,
"inflect_ward_k28",8,705582,"CD11c","detected_multimodality","both tests reject in at least two seeds",3,3,3,3,0,0,3,"detected_multimodality"
"inflect_ward_k28",8,705582,"CD127","no_detected_multimodality","neither test rejects in any seed",3,0,0,0,1,0.848764382191096,3,
"inflect_ward_k28",8,705582,"CD14","no_detected_multimodality","neither test rejects in any seed",3,0,0,0,1,0.848764382191096,3,
"inflect_ward_k28",8,705582,"CD159c_NKG2C","no_detected_multimodality","neither test rejects in any seed",3,0,0,0,1,0.794647323661831,3,
"inflect_ward_k28",8,705582,"CD16","no_detected_multimodality","neither test rejects in any seed",3,0,0,0,1,0.175587793896948,3,
"inflect_ward_k28",8,705582,"CD161","ambiguous","discordant_tests;seed_instability;borderline_q",3,1,1,3,8.70271918869125e-05,0,3,"ambiguous"
"inflect_ward_k28",8,705582,"CD185_CXCR5","no_detected_multimodality","neither test rejects in any seed",3,0,0,0,1,0.175587793896948,3,
"inflect_ward_k28",8,705582,"CD19","no_detected_multimodality","neither test rejects in any seed",3,0,0,0,1,0.418709354677339,3,
"inflect_ward_k28",8,705582,"CD197_CCR7","no_detected_multimodality","neither test rejects in any seed",3,0,0,0,1,0.817608804402201,3,
"inflect_ward_k28",8,705582,"CD1c","no_detected_multimodality","neither test rejects in any seed",3,0,0,0,1,0.729364682341171,3,
"inflect_ward_k28",8,705582,"CD21","no_detected_multimodality","neither test rejects in any seed",3,0,0,0,1,0.794647323661831,3,
"inflect_ward_k28",8,705582,"CD25","no_detected_multimodality","neither test rejects in any seed",3,0,0,0,1,0.817608804402201,3,
"inflect_ward_k28",8,705582,"CD27","no_detected_multimodality","neither test rejects in any seed",3,0,0,0,1,0.727286720283219,3,
"inflect_ward_k28",8,705582,"CD294_CRTH2","no_detected_multimodality","neither test rejects in any seed",3,0,0,0,1,0.32995068963053,3,"stratified_5_percent_pass_audit"
"inflect_ward_k28",8,705582,"CD3","no_detected_multimodality","neither test rejects in any seed",3,0,0,0,1,0.837418709354677,3,
"inflect_ward_k28",8,705582,"CD303_TCRvd2","no_detected_multimodality","neither test rejects in any seed",3,0,0,0,1,0.91289762528323,3,
"inflect_ward_k28",8,705582,"CD38","no_detected_multimodality","neither test rejects in any seed",3,0,0,0,1,0.175587793896948,3,
"inflect_ward_k28",8,705582,"CD4","no_detected_multimodality","neither test rejects in any seed",3,0,0,0,1,0.794647323661831,3,"stratified_5_percent_pass_audit"
"inflect_ward_k28",8,705582,"CD45RA","no_detected_multimodality","neither test rejects in any seed",3,0,0,0,1,0.526763381690845,3,"stratified_5_percent_pass_audit"
"inflect_ward_k28",8,705582,"CD56","detected_multimodality","both tests reject in at least two seeds",3,3,3,3,0,0,3,"detected_multimodality"
"inflect_ward_k28",8,705582,"CD57","no_detected_multimodality","neither test rejects in any seed",3,0,0,0,1,0.499749874937469,3,
"inflect_ward_k28",8,705582,"CD7","ambiguous","discordant_tests;seed_instability",3,1,1,3,0.0432047980585687,0,3,"ambiguous"
"inflect_ward_k28",8,705582,"CD8","no_detected_multimodality","neither test rejects in any seed",3,0,0,0,1,0.675337668834417,3,
"inflect_ward_k28",8,705582,"FoxP3","ambiguous","discordant_tests;seed_instability;borderline_q",3,0,0,2,1,0,3,"ambiguous"
"inflect_ward_k28",8,705582,"HLA-DR","ambiguous","borderline_q",3,0,0,0,1,0.0832916458229114,3,"ambiguous"
"inflect_ward_k28",8,705582,"Tbet","no_detected_multimodality","neither test rejects in any seed",3,0,0,0,1,0.403701850925463,3,
"inflect_ward_k28",8,705582,"TCRgd_CD141","no_detected_multimodality","neither test rejects in any seed",3,0,0,0,1,0.794647323661831,3,
"inflect_ward_k28",9,608176,"CD11c","no_detected_multimodality","neither test rejects in any seed",3,0,0,0,1,0.741643549047251,2,"stratified_5_percent_pass_audit"
"inflect_ward_k28",9,608176,"CD127","no_detected_multimodality","neither test rejects in any seed",3,0,0,0,1,0.49010219395412,2,
"inflect_ward_k28",9,608176,"CD14","no_detected_multimodality","neither test rejects in any seed",3,0,0,0,1,0.49010219395412,2,
"inflect_ward_k28",9,608176,"CD159c_NKG2C","no_detected_multimodality","neither test rejects in any seed",3,0,0,0,1,0.687343671835918,2,
"inflect_ward_k28",9,608176,"CD16","no_detected_multimodality","neither test rejects in any seed",3,0,0,0,1,0.575725362681341,2,
"inflect_ward_k28",9,608176,"CD161","no_detected_multimodality","neither test rejects in any seed",3,0,0,0,1,0.49010219395412,2,
"inflect_ward_k28",9,608176,"CD185_CXCR5","no_detected_multimodality","neither test rejects in any seed",3,0,0,0,1,0.893523684919383,2,
"inflect_ward_k28",9,608176,"CD19","no_detected_multimodality","neither test rejects in any seed",3,0,0,0,1,0.540270135067534,2,
"inflect_ward_k28",9,608176,"CD197_CCR7","no_detected_multimodality","neither test rejects in any seed",3,0,0,0,1,0.909864022920551,2,
"inflect_ward_k28",9,608176,"CD1c","no_detected_multimodality","neither test rejects in any seed",3,0,0,0,1,0.909864022920551,2,
"inflect_ward_k28",9,608176,"CD21","no_detected_multimodality","neither test rejects in any seed",3,0,0,0,1,0.944932466233117,2,
"inflect_ward_k28",9,608176,"CD25","no_detected_multimodality","neither test rejects in any seed",3,0,0,0,1,0.741643549047251,2,
"inflect_ward_k28",9,608176,"CD27","no_detected_multimodality","neither test rejects in any seed",3,0,0,0,1,0.909864022920551,2,
"inflect_ward_k28",9,608176,"CD294_CRTH2","no_detected_multimodality","neither test rejects in any seed",3,0,0,0,1,0.944932466233117,2,
"inflect_ward_k28",9,608176,"CD3","no_detected_multimodality","neither test rejects in any seed",3,0,0,0,1,0.812656328164082,2,"stratified_5_percent_pass_audit"
"inflect_ward_k28",9,608176,"CD303_TCRvd2","no_detected_multimodality","neither test rejects in any seed",3,0,0,0,1,0.909864022920551,2,
"inflect_ward_k28",9,608176,"CD38","no_detected_multimodality","neither test rejects in any seed",3,0,0,0,1,0.441220610305153,2,
"inflect_ward_k28",9,608176,"CD4","no_detected_multimodality","neither test rejects in any seed",3,0,0,0,1,0.49010219395412,2,
"inflect_ward_k28",9,608176,"CD45RA","ambiguous","discordant_tests;seed_instability",3,0,0,1,1,0.0135067533766883,2,"ambiguous"
"inflect_ward_k28",9,608176,"CD56","ambiguous","discordant_tests;seed_instability",3,0,0,1,1,0.0270135067533767,2,"ambiguous"
"inflect_ward_k28",9,608176,"CD57","detected_multimodality","both tests reject in at least two seeds",3,3,3,3,0,0,2,"detected_multimodality"
"inflect_ward_k28",9,608176,"CD7","no_detected_multimodality","neither test rejects in any seed",3,0,0,0,1,0.909864022920551,2,
"inflect_ward_k28",9,608176,"CD8","no_detected_multimodality","neither test rejects in any seed",3,0,0,0,1,0.853626813406703,2,
"inflect_ward_k28",9,608176,"FoxP3","no_detected_multimodality","neither test rejects in any seed",3,0,0,0,1,0.49010219395412,2,
"inflect_ward_k28",9,608176,"HLA-DR","no_detected_multimodality","neither test rejects in any seed",3,0,0,0,1,0.952976488244122,2,
"inflect_ward_k28",9,608176,"Tbet","no_detected_multimodality","neither test rejects in any seed",3,0,0,0,1,0.909864022920551,2,
"inflect_ward_k28",9,608176,"TCRgd_CD141","no_detected_multimodality","neither test rejects in any seed",3,0,0,0,1,0.909864022920551,2,
"inflect_ward_k28",10,264044,"CD11c","detected_multimodality","both tests reject in at least two seeds",3,3,3,3,0,0,1,"detected_multimodality"
"inflect_ward_k28",10,264044,"CD127","no_detected_multimodality","neither test rejects in any seed",3,0,0,0,1,0.856487067062943,1,
"inflect_ward_k28",10,264044,"CD14","no_detected_multimodality","neither test rejects in any seed",3,0,0,0,1,0.135067533766883,1,
"inflect_ward_k28",10,264044,"CD159c_NKG2C","no_detected_multimodality","neither test rejects in any seed",3,0,0,0,1,0.485204140531804,1,
"inflect_ward_k28",10,264044,"CD16","detected_multimodality","both tests reject in at least two seeds",3,3,3,3,0,0,1,"detected_multimodality"
"inflect_ward_k28",10,264044,"CD161","detected_multimodality","both tests reject in at least two seeds",3,3,3,3,0,0,1,"detected_multimodality"
"inflect_ward_k28",10,264044,"CD185_CXCR5","no_detected_multimodality","neither test rejects in any seed",3,0,0,0,1,0.856487067062943,1,"stratified_5_percent_pass_audit"
"inflect_ward_k28",10,264044,"CD19","no_detected_multimodality","neither test rejects in any seed",3,0,0,0,1,0.604909597655971,1,
"inflect_ward_k28",10,264044,"CD197_CCR7","no_detected_multimodality","neither test rejects in any seed",3,0,0,0,1,0.86968484242121,1,"stratified_5_percent_pass_audit"
"inflect_ward_k28",10,264044,"CD1c","no_detected_multimodality","neither test rejects in any seed",3,0,0,0,1,0.35567783891946,1,
"inflect_ward_k28",10,264044,"CD21","no_detected_multimodality","neither test rejects in any seed",3,0,0,0,1,0.86968484242121,1,
"inflect_ward_k28",10,264044,"CD25","no_detected_multimodality","neither test rejects in any seed",3,0,0,0,1,0.946973486743372,1,
"inflect_ward_k28",10,264044,"CD27","no_detected_multimodality","neither test rejects in any seed",3,0,0,0,1,0.833816908454227,1,"stratified_5_percent_pass_audit"
"inflect_ward_k28",10,264044,"CD294_CRTH2","ambiguous","borderline_q",3,0,0,0,1,0.0832916458229114,1,"ambiguous"
"inflect_ward_k28",10,264044,"CD3","no_detected_multimodality","neither test rejects in any seed",3,0,0,0,1,0.207666333166583,1,
"inflect_ward_k28",10,264044,"CD303_TCRvd2","no_detected_multimodality","neither test rejects in any seed",3,0,0,0,1,0.946973486743372,1,
"inflect_ward_k28",10,264044,"CD38","no_detected_multimodality","neither test rejects in any seed",3,0,0,0,1,0.485204140531804,1,
"inflect_ward_k28",10,264044,"CD4","no_detected_multimodality","neither test rejects in any seed",3,0,0,0,1,0.565595297648824,1,
"inflect_ward_k28",10,264044,"CD45RA","no_detected_multimodality","neither test rejects in any seed",3,0,0,0,1,0.86968484242121,1,
"inflect_ward_k28",10,264044,"CD56","no_detected_multimodality","neither test rejects in any seed",3,0,0,0,1,0.872962797188068,1,"stratified_5_percent_pass_audit"
"inflect_ward_k28",10,264044,"CD57","no_detected_multimodality","neither test rejects in any seed",3,0,0,0,1,0.946973486743372,1,
"inflect_ward_k28",10,264044,"CD7","no_detected_multimodality","neither test rejects in any seed",3,0,0,0,1,0.485204140531804,1,
"inflect_ward_k28",10,264044,"CD8","no_detected_multimodality","neither test rejects in any seed",3,0,0,0,1,0.86968484242121,1,
"inflect_ward_k28",10,264044,"FoxP3","ambiguous","borderline_q",3,0,0,0,1,0.0832916458229114,1,"ambiguous"
"inflect_ward_k28",10,264044,"HLA-DR","no_detected_multimodality","neither test rejects in any seed",3,0,0,0,1,0.86968484242121,1,
"inflect_ward_k28",10,264044,"Tbet","detected_multimodality","both tests reject in at least two seeds",3,3,3,3,0,0,1,"detected_multimodality"
"inflect_ward_k28",10,264044,"TCRgd_CD141","no_detected_multimodality","neither test rejects in any seed",3,0,0,0,1,0.485204140531804,1,
"inflect_ward_k28",11,132476,"CD11c","no_detected_multimodality","neither test rejects in any seed",3,0,0,0,0.99948733988417,0.168834417208604,1,
"inflect_ward_k28",11,132476,"CD127","no_detected_multimodality","neither test rejects in any seed",3,0,0,0,0.99948733988417,0.9231346442452,1,"stratified_5_percent_pass_audit"
"inflect_ward_k28",11,132476,"CD14","no_detected_multimodality","neither test rejects in any seed",3,0,0,0,0.99948733988417,0.9231346442452,1,
"inflect_ward_k28",11,132476,"CD159c_NKG2C","detected_multimodality","both tests reject in at least two seeds",3,3,3,3,0.00366513156220216,0,1,"detected_multimodality"
"inflect_ward_k28",11,132476,"CD16","no_detected_multimodality","neither test rejects in any seed",3,0,0,0,0.99948733988417,0.487931465732866,1,"stratified_5_percent_pass_audit"
"inflect_ward_k28",11,132476,"CD161","no_detected_multimodality","neither test rejects in any seed",3,0,0,0,0.99948733988417,0.9231346442452,1,"stratified_5_percent_pass_audit"
"inflect_ward_k28",11,132476,"CD185_CXCR5","no_detected_multimodality","neither test rejects in any seed",3,0,0,0,0.99948733988417,0.9231346442452,1,
"inflect_ward_k28",11,132476,"CD19","no_detected_multimodality","neither test rejects in any seed",3,0,0,0,0.99948733988417,0.568784392196098,1,
"inflect_ward_k28",11,132476,"CD197_CCR7","no_detected_multimodality","neither test rejects in any seed",3,0,0,0,0.99948733988417,0.798827985421282,1,
"inflect_ward_k28",11,132476,"CD1c","no_detected_multimodality","neither test rejects in any seed",3,0,0,0,0.99948733988417,0.798827985421282,1,"stratified_5_percent_pass_audit"
"inflect_ward_k28",11,132476,"CD21","no_detected_multimodality","neither test rejects in any seed",3,0,0,0,0.99948733988417,0.9231346442452,1,"stratified_5_percent_pass_audit"
"inflect_ward_k28",11,132476,"CD25","no_detected_multimodality","neither test rejects in any seed",3,0,0,0,0.99948733988417,0.721260630315158,1,
"inflect_ward_k28",11,132476,"CD27","no_detected_multimodality","neither test rejects in any seed",3,0,0,0,0.99948733988417,0.487931465732866,1,
"inflect_ward_k28",11,132476,"CD294_CRTH2","no_detected_multimodality","neither test rejects in any seed",3,0,0,0,0.99948733988417,0.9231346442452,1,"stratified_5_percent_pass_audit"
"inflect_ward_k28",11,132476,"CD3","ambiguous","borderline_q",3,0,0,0,0.99948733988417,0.0945472736368184,1,"ambiguous"
"inflect_ward_k28",11,132476,"CD303_TCRvd2","no_detected_multimodality","neither test rejects in any seed",3,0,0,0,0.99948733988417,0.465982991495748,1,
"inflect_ward_k28",11,132476,"CD38","no_detected_multimodality","neither test rejects in any seed",3,0,0,0,0.99948733988417,0.9231346442452,1,
"inflect_ward_k28",11,132476,"CD4","no_detected_multimodality","neither test rejects in any seed",3,0,0,0,0.99948733988417,0.9231346442452,1,
"inflect_ward_k28",11,132476,"CD45RA","no_detected_multimodality","neither test rejects in any seed",3,0,0,0,0.99948733988417,0.487931465732866,1,
"inflect_ward_k28",11,132476,"CD56","no_detected_multimodality","neither test rejects in any seed",3,0,0,0,0.99948733988417,0.9231346442452,1,
"inflect_ward_k28",11,132476,"CD57","no_detected_multimodality","neither test rejects in any seed",3,0,0,0,0.99948733988417,0.168834417208604,1,
"inflect_ward_k28",11,132476,"CD7","no_detected_multimodality","neither test rejects in any seed",3,0,0,0,0.99948733988417,0.645622811405703,1,
"inflect_ward_k28",11,132476,"CD8","no_detected_multimodality","neither test rejects in any seed",3,0,0,0,0.99948733988417,0.487931465732866,1,
"inflect_ward_k28",11,132476,"FoxP3","no_detected_multimodality","neither test rejects in any seed",3,0,0,0,0.99948733988417,0.742871435717859,1,
"inflect_ward_k28",11,132476,"HLA-DR","no_detected_multimodality","neither test rejects in any seed",3,0,0,0,0.99948733988417,0.9231346442452,1,
"inflect_ward_k28",11,132476,"Tbet","no_detected_multimodality","neither test rejects in any seed",3,0,0,0,0.99948733988417,0.168834417208604,1,"stratified_5_percent_pass_audit"
"inflect_ward_k28",11,132476,"TCRgd_CD141","no_detected_multimodality","neither test rejects in any seed",3,0,0,0,0.99948733988417,0.9231346442452,1,
"inflect_ward_k28",12,195943,"CD11c","no_detected_multimodality","neither test rejects in any seed",3,0,0,0,0.998831030090369,0.238619309654827,1,
"inflect_ward_k28",12,195943,"CD127","no_detected_multimodality","neither test rejects in any seed",3,0,0,0,0.998831030090369,0.628677975351312,1,
"inflect_ward_k28",12,195943,"CD14","no_detected_multimodality","neither test rejects in any seed",3,0,0,0,0.998831030090369,0.628677975351312,1,
"inflect_ward_k28",12,195943,"CD159c_NKG2C","no_detected_multimodality","neither test rejects in any seed",3,0,0,0,0.998831030090369,0.368059029514757,1,
"inflect_ward_k28",12,195943,"CD16","no_detected_multimodality","neither test rejects in any seed",3,0,0,0,0.998831030090369,0.761202029586222,1,
"inflect_ward_k28",12,195943,"CD161","detected_multimodality","both tests reject in at least two seeds",3,3,3,3,0,0,1,"detected_multimodality"
"inflect_ward_k28",12,195943,"CD185_CXCR5","no_detected_multimodality","neither test rejects in any seed",3,0,0,0,0.998831030090369,0.735667833916958,1,
"inflect_ward_k28",12,195943,"CD19","no_detected_multimodality","neither test rejects in any seed",3,0,0,0,0.998831030090369,0.170185092546273,1,
"inflect_ward_k28",12,195943,"CD197_CCR7","no_detected_multimodality","neither test rejects in any seed",3,0,0,0,0.998831030090369,0.837418709354677,1,
"inflect_ward_k28",12,195943,"CD1c","no_detected_multimodality","neither test rejects in any seed",3,0,0,0,0.998831030090369,0.895447723861931,1,
"inflect_ward_k28",12,195943,"CD21","ambiguous","discordant_tests;seed_instability",3,0,0,1,0.998831030090369,0.0225112556278139,1,"ambiguous"
"inflect_ward_k28",12,195943,"CD25","no_detected_multimodality","neither test rejects in any seed",3,0,0,0,0.998831030090369,0.895447723861931,1,"stratified_5_percent_pass_audit"
"inflect_ward_k28",12,195943,"CD27","detected_multimodality","both tests reject in at least two seeds",3,3,3,3,0,0,1,"detected_multimodality"
"inflect_ward_k28",12,195943,"CD294_CRTH2","no_detected_multimodality","neither test rejects in any seed",3,0,0,0,0.998831030090369,0.741183091545773,1,
"inflect_ward_k28",12,195943,"CD3","no_detected_multimodality","neither test rejects in any seed",3,0,0,0,0.998831030090369,0.279139569784892,1,"stratified_5_percent_pass_audit"
"inflect_ward_k28",12,195943,"CD303_TCRvd2","no_detected_multimodality","neither test rejects in any seed",3,0,0,0,0.998831030090369,0.781890945472736,1,
"inflect_ward_k28",12,195943,"CD38","no_detected_multimodality","neither test rejects in any seed",3,0,0,0,0.998831030090369,0.895447723861931,1,
"inflect_ward_k28",12,195943,"CD4","no_detected_multimodality","neither test rejects in any seed",3,0,0,0,0.998831030090369,0.170185092546273,1,"stratified_5_percent_pass_audit"
"inflect_ward_k28",12,195943,"CD45RA","no_detected_multimodality","neither test rejects in any seed",3,0,0,0,0.998831030090369,0.742871435717859,1,
"inflect_ward_k28",12,195943,"CD56","no_detected_multimodality","neither test rejects in any seed",3,0,0,0,0.998831030090369,0.634817408704352,1,
"inflect_ward_k28",12,195943,"CD57","no_detected_multimodality","neither test rejects in any seed",3,0,0,0,0.998831030090369,0.470035017508754,1,"stratified_5_percent_pass_audit"
"inflect_ward_k28",12,195943,"CD7","no_detected_multimodality","neither test rejects in any seed",3,0,0,0,0.998831030090369,0.104677338669335,1,
"inflect_ward_k28",12,195943,"CD8","no_detected_multimodality","neither test rejects in any seed",3,0,0,0,0.998831030090369,0.401825912956478,1,"stratified_5_percent_pass_audit"
"inflect_ward_k28",12,195943,"FoxP3","no_detected_multimodality","neither test rejects in any seed",3,0,0,0,0.998831030090369,0.735667833916958,1,
"inflect_ward_k28",12,195943,"HLA-DR","no_detected_multimodality","neither test rejects in any seed",3,0,0,0,0.998831030090369,0.757967218903569,1,
"inflect_ward_k28",12,195943,"Tbet","no_detected_multimodality","neither test rejects in any seed",3,0,0,0,0.998831030090369,0.634817408704352,1,
"inflect_ward_k28",12,195943,"TCRgd_CD141","no_detected_multimodality","neither test rejects in any seed",3,0,0,0,0.998831030090369,0.607803901950976,1,"stratified_5_percent_pass_audit"
"inflect_ward_k28",13,6160354,"CD11c","no_detected_multimodality","neither test rejects in any seed",3,0,0,0,1,0.833153418814671,4,
"inflect_ward_k28",13,6160354,"CD127","ambiguous","discordant_tests;seed_instability",3,0,0,2,0.147200162314836,0,4,"ambiguous"
"inflect_ward_k28",13,6160354,"CD14","no_detected_multimodality","neither test rejects in any seed",3,0,0,0,1,0.77663831915958,4,"stratified_5_percent_pass_audit"
"inflect_ward_k28",13,6160354,"CD159c_NKG2C","no_detected_multimodality","neither test rejects in any seed",3,0,0,0,1,0.320303008647181,4,
"inflect_ward_k28",13,6160354,"CD16","no_detected_multimodality","neither test rejects in any seed",3,0,0,0,1,0.844465711116428,4,
"inflect_ward_k28",13,6160354,"CD161","no_detected_multimodality","neither test rejects in any seed",3,0,0,0,1,0.844465711116428,4,
"inflect_ward_k28",13,6160354,"CD185_CXCR5","no_detected_multimodality","neither test rejects in any seed",3,0,0,0,1,0.528114057028514,4,
"inflect_ward_k28",13,6160354,"CD19","no_detected_multimodality","neither test rejects in any seed",3,0,0,0,1,0.197536268134067,4,"stratified_5_percent_pass_audit"
"inflect_ward_k28",13,6160354,"CD197_CCR7","detected_multimodality","both tests reject in at least two seeds",3,3,3,3,0,0,4,"detected_multimodality"
"inflect_ward_k28",13,6160354,"CD1c","no_detected_multimodality","neither test rejects in any seed",3,0,0,0,1,0.58304152076038,4,
"inflect_ward_k28",13,6160354,"CD21","no_detected_multimodality","neither test rejects in any seed",3,0,0,0,1,0.172886443221611,4,
"inflect_ward_k28",13,6160354,"CD25","no_detected_multimodality","neither test rejects in any seed",3,0,0,0,1,0.335980490245123,4,
"inflect_ward_k28",13,6160354,"CD27","detected_multimodality","both tests reject in at least two seeds",3,3,3,3,0,0,4,"detected_multimodality"
"inflect_ward_k28",13,6160354,"CD294_CRTH2","no_detected_multimodality","neither test rejects in any seed",3,0,0,0,1,0.656765882941471,4,
"inflect_ward_k28",13,6160354,"CD3","no_detected_multimodality","neither test rejects in any seed",3,0,0,0,1,0.823911955977989,4,
"inflect_ward_k28",13,6160354,"CD303_TCRvd2","no_detected_multimodality","neither test rejects in any seed",3,0,0,0,1,0.923321660830415,4,
"inflect_ward_k28",13,6160354,"CD38","no_detected_multimodality","neither test rejects in any seed",3,0,0,0,1,0.58304152076038,4,
"inflect_ward_k28",13,6160354,"CD4","no_detected_multimodality","neither test rejects in any seed",3,0,0,0,1,0.258557850353748,4,"stratified_5_percent_pass_audit"
"inflect_ward_k28",13,6160354,"CD45RA","detected_multimodality","both tests reject in at least two seeds",3,3,3,3,0,0,4,"detected_multimodality"
"inflect_ward_k28",13,6160354,"CD56","no_detected_multimodality","neither test rejects in any seed",3,0,0,0,1,0.681340670335168,4,"stratified_5_percent_pass_audit"
"inflect_ward_k28",13,6160354,"CD57","no_detected_multimodality","neither test rejects in any seed",3,0,0,0,1,0.911412227853057,4,
"inflect_ward_k28",13,6160354,"CD7","ambiguous","borderline_q",3,0,0,0,1,0.0999499749874938,4,"ambiguous"
"inflect_ward_k28",13,6160354,"CD8","no_detected_multimodality","neither test rejects in any seed",3,0,0,0,1,0.184592296148074,4,
"inflect_ward_k28",13,6160354,"FoxP3","no_detected_multimodality","neither test rejects in any seed",3,0,0,0,1,0.320303008647181,4,
"inflect_ward_k28",13,6160354,"HLA-DR","no_detected_multimodality","neither test rejects in any seed",3,0,0,0,1,0.911412227853057,4,"stratified_5_percent_pass_audit"
"inflect_ward_k28",13,6160354,"Tbet","no_detected_multimodality","neither test rejects in any seed",3,0,0,0,1,0.180090045022511,4,
"inflect_ward_k28",13,6160354,"TCRgd_CD141","no_detected_multimodality","neither test rejects in any seed",3,0,0,0,1,0.682610536037249,4,
"inflect_ward_k28",14,547308,"CD11c","no_detected_multimodality","neither test rejects in any seed",3,0,0,0,1,0.959979989994997,2,
"inflect_ward_k28",14,547308,"CD127","no_detected_multimodality","neither test rejects in any seed",3,0,0,0,1,0.718313702305698,2,
"inflect_ward_k28",14,547308,"CD14","no_detected_multimodality","neither test rejects in any seed",3,0,0,0,1,0.352676338169085,2,
"inflect_ward_k28",14,547308,"CD159c_NKG2C","no_detected_multimodality","neither test rejects in any seed",3,0,0,0,1,0.497048524262131,2,
"inflect_ward_k28",14,547308,"CD16","no_detected_multimodality","neither test rejects in any seed",3,0,0,0,1,0.352676338169085,2,
"inflect_ward_k28",14,547308,"CD161","ambiguous","discordant_tests;seed_instability",3,0,0,2,0.112417784815967,0,2,"ambiguous"
"inflect_ward_k28",14,547308,"CD185_CXCR5","no_detected_multimodality","neither test rejects in any seed",3,0,0,0,1,0.959979989994997,2,"stratified_5_percent_pass_audit"
"inflect_ward_k28",14,547308,"CD19","no_detected_multimodality","neither test rejects in any seed",3,0,0,0,1,0.959979989994997,2,
"inflect_ward_k28",14,547308,"CD197_CCR7","no_detected_multimodality","neither test rejects in any seed",3,0,0,0,1,0.711355677838919,2,
"inflect_ward_k28",14,547308,"CD1c","no_detected_multimodality","neither test rejects in any seed",3,0,0,0,1,0.959979989994997,2,
"inflect_ward_k28",14,547308,"CD21","no_detected_multimodality","neither test rejects in any seed",3,0,0,0,1,0.953190881154863,2,
"inflect_ward_k28",14,547308,"CD25","no_detected_multimodality","neither test rejects in any seed",3,0,0,0,1,0.959979989994997,2,
"inflect_ward_k28",14,547308,"CD27","ambiguous","discordant_tests;seed_instability",3,0,0,2,0.335552421272531,0,2,"ambiguous"
"inflect_ward_k28",14,547308,"CD294_CRTH2","no_detected_multimodality","neither test rejects in any seed",3,0,0,0,1,0.924598662967848,2,
"inflect_ward_k28",14,547308,"CD3","ambiguous","discordant_tests",3,0,0,3,1,0,2,"ambiguous"
"inflect_ward_k28",14,547308,"CD303_TCRvd2","detected_multimodality","both tests reject in at least two seeds",3,3,3,3,0,0,2,"detected_multimodality"
"inflect_ward_k28",14,547308,"CD38","no_detected_multimodality","neither test rejects in any seed",3,0,0,0,1,0.321910955477739,2,
"inflect_ward_k28",14,547308,"CD4","no_detected_multimodality","neither test rejects in any seed",3,0,0,0,1,0.778889444722361,2,
"inflect_ward_k28",14,547308,"CD45RA","no_detected_multimodality","neither test rejects in any seed",3,0,0,0,1,0.297148574287144,2,
"inflect_ward_k28",14,547308,"CD56","no_detected_multimodality","neither test rejects in any seed",3,0,0,0,1,0.718313702305698,2,"stratified_5_percent_pass_audit"
"inflect_ward_k28",14,547308,"CD57","ambiguous","discordant_tests;seed_instability",3,0,0,1,1,0,2,"ambiguous"
"inflect_ward_k28",14,547308,"CD7","no_detected_multimodality","neither test rejects in any seed",3,0,0,0,1,0.352676338169085,2,
"inflect_ward_k28",14,547308,"CD8","no_detected_multimodality","neither test rejects in any seed",3,0,0,0,1,0.959979989994997,2,
"inflect_ward_k28",14,547308,"FoxP3","no_detected_multimodality","neither test rejects in any seed",3,0,0,0,1,0.953190881154863,2,
"inflect_ward_k28",14,547308,"HLA-DR","no_detected_multimodality","neither test rejects in any seed",3,0,0,0,1,0.711355677838919,2,
"inflect_ward_k28",14,547308,"Tbet","no_detected_multimodality","neither test rejects in any seed",3,0,0,0,1,0.297148574287144,2,"stratified_5_percent_pass_audit"
"inflect_ward_k28",14,547308,"TCRgd_CD141","ambiguous","discordant_tests;seed_instability",3,0,0,1,0.335552421272531,0,2,"ambiguous"
"inflect_ward_k28",15,636588,"CD11c","no_detected_multimodality","neither test rejects in any seed",3,0,0,0,1,0.318759379689845,3,
"inflect_ward_k28",15,636588,"CD127","no_detected_multimodality","neither test rejects in any seed",3,0,0,0,1,0.173658257700279,3,
"inflect_ward_k28",15,636588,"CD14","no_detected_multimodality","neither test rejects in any seed",3,0,0,0,1,0.948474237118559,3,
"inflect_ward_k28",15,636588,"CD159c_NKG2C","no_detected_multimodality","neither test rejects in any seed",3,0,0,0,1,0.15363931965983,3,
"inflect_ward_k28",15,636588,"CD16","detected_multimodality","both tests reject in at least two seeds",3,3,3,3,0,0,3,"detected_multimodality"
"inflect_ward_k28",15,636588,"CD161","no_detected_multimodality","neither test rejects in any seed",3,0,0,0,1,0.858745162054712,3,
"inflect_ward_k28",15,636588,"CD185_CXCR5","ambiguous","discordant_tests",3,0,0,3,0.799356629511176,0,3,"ambiguous"
"inflect_ward_k28",15,636588,"CD19","no_detected_multimodality","neither test rejects in any seed",3,0,0,0,1,0.872413479467006,3,
"inflect_ward_k28",15,636588,"CD197_CCR7","ambiguous","borderline_q",3,0,0,0,1,0.0585292646323162,3,"ambiguous"
"inflect_ward_k28",15,636588,"CD1c","no_detected_multimodality","neither test rejects in any seed",3,0,0,0,1,0.655527763881941,3,
"inflect_ward_k28",15,636588,"CD21","detected_multimodality","both tests reject in at least two seeds",3,2,2,3,0.00608305389353292,0,3,"detected_multimodality"
"inflect_ward_k28",15,636588,"CD25","no_detected_multimodality","neither test rejects in any seed",3,0,0,0,1,0.24312156078039,3,
"inflect_ward_k28",15,636588,"CD27","no_detected_multimodality","neither test rejects in any seed",3,0,0,0,1,0.15363931965983,3,
"inflect_ward_k28",15,636588,"CD294_CRTH2","no_detected_multimodality","neither test rejects in any seed",3,0,0,0,1,0.40407703851926,3,
"inflect_ward_k28",15,636588,"CD3","ambiguous","discordant_tests;seed_instability",3,0,0,1,1,0.00337668834417209,3,"ambiguous"
"inflect_ward_k28",15,636588,"CD303_TCRvd2","no_detected_multimodality","neither test rejects in any seed",3,0,0,0,1,0.508061723169277,3,"stratified_5_percent_pass_audit"
"inflect_ward_k28",15,636588,"CD38","ambiguous","discordant_tests",3,0,0,3,1,0,3,"ambiguous"
"inflect_ward_k28",15,636588,"CD4","no_detected_multimodality","neither test rejects in any seed",3,0,0,0,1,0.483126178473852,3,
"inflect_ward_k28",15,636588,"CD45RA","ambiguous","discordant_tests;seed_instability",3,0,0,2,1,0.0135067533766883,3,"ambiguous"
"inflect_ward_k28",15,636588,"CD56","no_detected_multimodality","neither test rejects in any seed",3,0,0,0,1,0.649168334167084,3,
"inflect_ward_k28",15,636588,"CD57","no_detected_multimodality","neither test rejects in any seed",3,0,0,0,1,0.239744872436218,3,
"inflect_ward_k28",15,636588,"CD7","no_detected_multimodality","neither test rejects in any seed",3,0,0,0,1,0.312906453226613,3,
"inflect_ward_k28",15,636588,"CD8","no_detected_multimodality","neither test rejects in any seed",3,0,0,0,1,0.606903451725863,3,
"inflect_ward_k28",15,636588,"FoxP3","no_detected_multimodality","neither test rejects in any seed",3,0,0,0,1,0.454318068124972,3,
"inflect_ward_k28",15,636588,"HLA-DR","no_detected_multimodality","neither test rejects in any seed",3,0,0,0,1,0.858745162054712,3,
"inflect_ward_k28",15,636588,"Tbet","no_detected_multimodality","neither test rejects in any seed",3,0,0,0,1,0.877938969484742,3,
"inflect_ward_k28",15,636588,"TCRgd_CD141","no_detected_multimodality","neither test rejects in any seed",3,0,0,0,1,0.649168334167084,3,
"inflect_ward_k28",16,1332180,"CD11c","no_detected_multimodality","neither test rejects in any seed",3,0,0,0,1,0.977988994497249,4,
"inflect_ward_k28",16,1332180,"CD127","no_detected_multimodality","neither test rejects in any seed",3,0,0,0,1,0.326863431715858,4,
"inflect_ward_k28",16,1332180,"CD14","no_detected_multimodality","neither test rejects in any seed",3,0,0,0,1,0.820535267633817,4,
"inflect_ward_k28",16,1332180,"CD159c_NKG2C","no_detected_multimodality","neither test rejects in any seed",3,0,0,0,1,0.472736368184092,4,
"inflect_ward_k28",16,1332180,"CD16","no_detected_multimodality","neither test rejects in any seed",3,0,0,0,1,0.977988994497249,4,
"inflect_ward_k28",16,1332180,"CD161","ambiguous","discordant_tests;seed_instability;borderline_q",3,1,1,3,0.0417143500314388,0,4,"ambiguous"
"inflect_ward_k28",16,1332180,"CD185_CXCR5","no_detected_multimodality","neither test rejects in any seed",3,0,0,0,1,0.977988994497249,4,
"inflect_ward_k28",16,1332180,"CD19","no_detected_multimodality","neither test rejects in any seed",3,0,0,0,1,0.868653076538269,4,
"inflect_ward_k28",16,1332180,"CD197_CCR7","no_detected_multimodality","neither test rejects in any seed",3,0,0,0,1,0.667458729364682,4,
"inflect_ward_k28",16,1332180,"CD1c","no_detected_multimodality","neither test rejects in any seed",3,0,0,0,1,0.765382691345673,4,
"inflect_ward_k28",16,1332180,"CD21","no_detected_multimodality","neither test rejects in any seed",3,0,0,0,1,0.977988994497249,4,"stratified_5_percent_pass_audit"
"inflect_ward_k28",16,1332180,"CD25","no_detected_multimodality","neither test rejects in any seed",3,0,0,0,1,0.765382691345673,4,
"inflect_ward_k28",16,1332180,"CD27","detected_multimodality","both tests reject in at least two seeds",3,3,3,3,0,0,4,"detected_multimodality"
"inflect_ward_k28",16,1332180,"CD294_CRTH2","no_detected_multimodality","neither test rejects in any seed",3,0,0,0,1,0.977988994497249,4,
"inflect_ward_k28",16,1332180,"CD3","ambiguous","borderline_q",3,0,0,0,1,0.0855427713856929,4,"ambiguous"
"inflect_ward_k28",16,1332180,"CD303_TCRvd2","detected_multimodality","both tests reject in at least two seeds",3,3,3,3,0,0,4,"detected_multimodality"
"inflect_ward_k28",16,1332180,"CD38","no_detected_multimodality","neither test rejects in any seed",3,0,0,0,1,0.977988994497249,4,"stratified_5_percent_pass_audit"
"inflect_ward_k28",16,1332180,"CD4","no_detected_multimodality","neither test rejects in any seed",3,0,0,0,1,0.820535267633817,4,
"inflect_ward_k28",16,1332180,"CD45RA","ambiguous","discordant_tests;seed_instability",3,1,1,3,0.00129417502799403,0,4,"ambiguous"
"inflect_ward_k28",16,1332180,"CD56","no_detected_multimodality","neither test rejects in any seed",3,0,0,0,1,0.144072036018009,4,
"inflect_ward_k28",16,1332180,"CD57","no_detected_multimodality","neither test rejects in any seed",3,0,0,0,1,0.110305152576288,4,
"inflect_ward_k28",16,1332180,"CD7","no_detected_multimodality","neither test rejects in any seed",3,0,0,0,1,0.977988994497249,4,
"inflect_ward_k28",16,1332180,"CD8","no_detected_multimodality","neither test rejects in any seed",3,0,0,0,1,0.667458729364682,4,
"inflect_ward_k28",16,1332180,"FoxP3","no_detected_multimodality","neither test rejects in any seed",3,0,0,0,1,0.661830915457729,4,
"inflect_ward_k28",16,1332180,"HLA-DR","no_detected_multimodality","neither test rejects in any seed",3,0,0,0,1,0.977988994497249,4,
"inflect_ward_k28",16,1332180,"Tbet","detected_multimodality","both tests reject in at least two seeds",3,3,3,3,0,0,4,"detected_multimodality"
"inflect_ward_k28",16,1332180,"TCRgd_CD141","no_detected_multimodality","neither test rejects in any seed",3,0,0,0,1,0.144072036018009,4,
"inflect_ward_k28",17,160846,"CD11c","no_detected_multimodality","neither test rejects in any seed",3,0,0,0,0.999245315809753,0.40520260130065,1,
"inflect_ward_k28",17,160846,"CD127","no_detected_multimodality","neither test rejects in any seed",3,0,0,0,0.999245315809753,0.321910955477739,1,
"inflect_ward_k28",17,160846,"CD14","no_detected_multimodality","neither test rejects in any seed",3,0,0,0,0.999245315809753,0.474325397993114,1,"stratified_5_percent_pass_audit"
"inflect_ward_k28",17,160846,"CD159c_NKG2C","ambiguous","discordant_tests;seed_instability;borderline_q",3,0,0,2,0.999245315809753,0.00900450225112556,1,"ambiguous"
"inflect_ward_k28",17,160846,"CD16","no_detected_multimodality","neither test rejects in any seed",3,0,0,0,0.999245315809753,0.1935967983992,1,
"inflect_ward_k28",17,160846,"CD161","no_detected_multimodality","neither test rejects in any seed",3,0,0,0,0.999245315809753,0.741745872936468,1,
"inflect_ward_k28",17,160846,"CD185_CXCR5","no_detected_multimodality","neither test rejects in any seed",3,0,0,0,0.999245315809753,0.765774191443548,1,
"inflect_ward_k28",17,160846,"CD19","no_detected_multimodality","neither test rejects in any seed",3,0,0,0,0.999245315809753,0.148574287143572,1,"stratified_5_percent_pass_audit"
"inflect_ward_k28",17,160846,"CD197_CCR7","no_detected_multimodality","neither test rejects in any seed",3,0,0,0,0.999245315809753,0.741745872936468,1,
"inflect_ward_k28",17,160846,"CD1c","no_detected_multimodality","neither test rejects in any seed",3,0,0,0,0.999245315809753,0.765619651931229,1,
"inflect_ward_k28",17,160846,"CD21","no_detected_multimodality","neither test rejects in any seed",3,0,0,0,0.999245315809753,0.1935967983992,1,
"inflect_ward_k28",17,160846,"CD25","no_detected_multimodality","neither test rejects in any seed",3,0,0,0,0.999245315809753,0.457151652749452,1,
"inflect_ward_k28",17,160846,"CD27","no_detected_multimodality","neither test rejects in any seed",3,0,0,0,0.999245315809753,0.765619651931229,1,
"inflect_ward_k28",17,160846,"CD294_CRTH2","no_detected_multimodality","neither test rejects in any seed",3,0,0,0,0.999245315809753,0.306796255270492,1,
"inflect_ward_k28",17,160846,"CD3","no_detected_multimodality","neither test rejects in any seed",3,0,0,0,0.999245315809753,0.189094547273637,1,
"inflect_ward_k28",17,160846,"CD303_TCRvd2","no_detected_multimodality","neither test rejects in any seed",3,0,0,0,0.999245315809753,0.594972486243122,1,"stratified_5_percent_pass_audit"
"inflect_ward_k28",17,160846,"CD38","no_detected_multimodality","neither test rejects in any seed",3,0,0,0,0.999245315809753,0.457151652749452,1,"stratified_5_percent_pass_audit"
"inflect_ward_k28",17,160846,"CD4","no_detected_multimodality","neither test rejects in any seed",3,0,0,0,0.999245315809753,0.765774191443548,1,
"inflect_ward_k28",17,160846,"CD45RA","no_detected_multimodality","neither test rejects in any seed",3,0,0,0,0.999245315809753,0.461159151004073,1,"stratified_5_percent_pass_audit"
"inflect_ward_k28",17,160846,"CD56","ambiguous","discordant_tests",3,0,0,3,0.268880453836848,0,1,"ambiguous"
"inflect_ward_k28",17,160846,"CD57","detected_multimodality","both tests reject in at least two seeds",3,3,3,3,0,0,1,"detected_multimodality"
"inflect_ward_k28",17,160846,"CD7","no_detected_multimodality","neither test rejects in any seed",3,0,0,0,0.999245315809753,0.148574287143572,1,
"inflect_ward_k28",17,160846,"CD8","no_detected_multimodality","neither test rejects in any seed",3,0,0,0,0.999245315809753,0.339169584792396,1,
"inflect_ward_k28",17,160846,"FoxP3","no_detected_multimodality","neither test rejects in any seed",3,0,0,0,0.999245315809753,0.474325397993114,1,
"inflect_ward_k28",17,160846,"HLA-DR","no_detected_multimodality","neither test rejects in any seed",3,0,0,0,0.999245315809753,0.457151652749452,1,"stratified_5_percent_pass_audit"
"inflect_ward_k28",17,160846,"Tbet","no_detected_multimodality","neither test rejects in any seed",3,0,0,0,0.999245315809753,0.474325397993114,1,
"inflect_ward_k28",17,160846,"TCRgd_CD141","no_detected_multimodality","neither test rejects in any seed",3,0,0,0,0.999245315809753,0.565150996550907,1,
"inflect_ward_k28",18,336733,"CD11c","no_detected_multimodality","neither test rejects in any seed",3,0,0,0,1,0.793039376831273,2,
"inflect_ward_k28",18,336733,"CD127","no_detected_multimodality","neither test rejects in any seed",3,0,0,0,1,0.793039376831273,2,
"inflect_ward_k28",18,336733,"CD14","no_detected_multimodality","neither test rejects in any seed",3,0,0,0,1,0.445722861430715,2,
"inflect_ward_k28",18,336733,"CD159c_NKG2C","no_detected_multimodality","neither test rejects in any seed",3,0,0,0,1,0.859929964982491,2,
"inflect_ward_k28",18,336733,"CD16","no_detected_multimodality","neither test rejects in any seed",3,0,0,0,1,0.859929964982491,2,
"inflect_ward_k28",18,336733,"CD161","detected_multimodality","both tests reject in at least two seeds",3,3,3,3,0.000868278728225091,0,2,"detected_multimodality"
"inflect_ward_k28",18,336733,"CD185_CXCR5","no_detected_multimodality","neither test rejects in any seed",3,0,0,0,1,0.859929964982491,2,
"inflect_ward_k28",18,336733,"CD19","no_detected_multimodality","neither test rejects in any seed",3,0,0,0,1,0.947856281081717,2,
"inflect_ward_k28",18,336733,"CD197_CCR7","no_detected_multimodality","neither test rejects in any seed",3,0,0,0,1,0.793039376831273,2,
"inflect_ward_k28",18,336733,"CD1c","no_detected_multimodality","neither test rejects in any seed",3,0,0,0,1,0.859929964982491,2,
"inflect_ward_k28",18,336733,"CD21","no_detected_multimodality","neither test rejects in any seed",3,0,0,0,1,0.859929964982491,2,
"inflect_ward_k28",18,336733,"CD25","no_detected_multimodality","neither test rejects in any seed",3,0,0,0,1,0.859929964982491,2,
"inflect_ward_k28",18,336733,"CD27","detected_multimodality","both tests reject in at least two seeds",3,3,3,3,0,0,2,"detected_multimodality"
"inflect_ward_k28",18,336733,"CD294_CRTH2","no_detected_multimodality","neither test rejects in any seed",3,0,0,0,1,0.793039376831273,2,
"inflect_ward_k28",18,336733,"CD3","no_detected_multimodality","neither test rejects in any seed",3,0,0,0,1,0.793039376831273,2,
"inflect_ward_k28",18,336733,"CD303_TCRvd2","no_detected_multimodality","neither test rejects in any seed",3,0,0,0,1,0.793039376831273,2,
"inflect_ward_k28",18,336733,"CD38","no_detected_multimodality","neither test rejects in any seed",3,0,0,0,1,0.859929964982491,2,
"inflect_ward_k28",18,336733,"CD4","no_detected_multimodality","neither test rejects in any seed",3,0,0,0,1,0.793039376831273,2,
"inflect_ward_k28",18,336733,"CD45RA","no_detected_multimodality","neither test rejects in any seed",3,0,0,0,1,0.859929964982491,2,
"inflect_ward_k28",18,336733,"CD56","no_detected_multimodality","neither test rejects in any seed",3,0,0,0,1,0.705727863931966,2,
"inflect_ward_k28",18,336733,"CD57","no_detected_multimodality","neither test rejects in any seed",3,0,0,0,1,0.859929964982491,2,"stratified_5_percent_pass_audit"
"inflect_ward_k28",18,336733,"CD7","no_detected_multimodality","neither test rejects in any seed",3,0,0,0,1,0.928589294647324,2,
"inflect_ward_k28",18,336733,"CD8","no_detected_multimodality","neither test rejects in any seed",3,0,0,0,1,0.793039376831273,2,"stratified_5_percent_pass_audit"
"inflect_ward_k28",18,336733,"FoxP3","no_detected_multimodality","neither test rejects in any seed",3,0,0,0,1,0.793039376831273,2,
"inflect_ward_k28",18,336733,"HLA-DR","no_detected_multimodality","neither test rejects in any seed",3,0,0,0,1,0.943089191654651,2,
"inflect_ward_k28",18,336733,"Tbet","no_detected_multimodality","neither test rejects in any seed",3,0,0,0,1,0.793039376831273,2,
"inflect_ward_k28",18,336733,"TCRgd_CD141","no_detected_multimodality","neither test rejects in any seed",3,0,0,0,1,0.859929964982491,2,
"inflect_ward_k28",19,99969,"CD11c","no_detected_multimodality","neither test rejects in any seed",3,0,0,0,1,0.106553276638319,1,"stratified_5_percent_pass_audit"
"inflect_ward_k28",19,99969,"CD127","ambiguous","discordant_tests;seed_instability;borderline_q",3,1,1,3,0.00885820696555492,0,1,"ambiguous"
"inflect_ward_k28",19,99969,"CD14","no_detected_multimodality","neither test rejects in any seed",3,0,0,0,1,0.716758379189595,1,
"inflect_ward_k28",19,99969,"CD159c_NKG2C","no_detected_multimodality","neither test rejects in any seed",3,0,0,0,1,0.663908877515681,1,"stratified_5_percent_pass_audit"
"inflect_ward_k28",19,99969,"CD16","detected_multimodality","both tests reject in at least two seeds",3,3,3,3,0,0,1,"detected_multimodality"
"inflect_ward_k28",19,99969,"CD161","ambiguous","discordant_tests;seed_instability",3,0,0,1,0.59157758440029,0.0154362895733581,1,"ambiguous"
"inflect_ward_k28",19,99969,"CD185_CXCR5","no_detected_multimodality","neither test rejects in any seed",3,0,0,0,1,0.923861930965483,1,
"inflect_ward_k28",19,99969,"CD19","no_detected_multimodality","neither test rejects in any seed",3,0,0,0,1,0.929616982404246,1,
"inflect_ward_k28",19,99969,"CD197_CCR7","no_detected_multimodality","neither test rejects in any seed",3,0,0,0,1,0.297148574287144,1,
"inflect_ward_k28",19,99969,"CD1c","no_detected_multimodality","neither test rejects in any seed",3,0,0,0,1,0.402746827959434,1,
"inflect_ward_k28",19,99969,"CD21","no_detected_multimodality","neither test rejects in any seed",3,0,0,0,1,0.723961980990495,1,
"inflect_ward_k28",19,99969,"CD25","no_detected_multimodality","neither test rejects in any seed",3,0,0,0,1,0.9072036018009,1,
"inflect_ward_k28",19,99969,"CD27","detected_multimodality","both tests reject in at least two seeds",3,3,3,3,0,0,1,"detected_multimodality"
"inflect_ward_k28",19,99969,"CD294_CRTH2","no_detected_multimodality","neither test rejects in any seed",3,0,0,0,1,0.147223611805903,1,
"inflect_ward_k28",19,99969,"CD3","no_detected_multimodality","neither test rejects in any seed",3,0,0,0,1,0.158397380508436,1,
"inflect_ward_k28",19,99969,"CD303_TCRvd2","no_detected_multimodality","neither test rejects in any seed",3,0,0,0,1,0.949974987493747,1,
"inflect_ward_k28",19,99969,"CD38","no_detected_multimodality","neither test rejects in any seed",3,0,0,0,1,0.214982491245623,1,
"inflect_ward_k28",19,99969,"CD4","ambiguous","borderline_q",3,0,0,0,1,0.0926177374401486,1,"ambiguous"
"inflect_ward_k28",19,99969,"CD45RA","detected_multimodality","both tests reject in at least two seeds",3,3,3,3,0,0,1,"detected_multimodality"
"inflect_ward_k28",19,99969,"CD56","detected_multimodality","both tests reject in at least two seeds",3,3,3,3,0.00357043802355004,0,1,"detected_multimodality"
"inflect_ward_k28",19,99969,"CD57","ambiguous","discordant_tests;seed_instability;borderline_q",3,0,0,1,1,0.00578860859000929,1,"ambiguous"
"inflect_ward_k28",19,99969,"CD7","no_detected_multimodality","neither test rejects in any seed",3,0,0,0,1,0.811444183630277,1,
"inflect_ward_k28",19,99969,"CD8","no_detected_multimodality","neither test rejects in any seed",3,0,0,0,1,0.923861930965483,1,
"inflect_ward_k28",19,99969,"FoxP3","no_detected_multimodality","neither test rejects in any seed",3,0,0,0,1,0.9072036018009,1,
"inflect_ward_k28",19,99969,"HLA-DR","no_detected_multimodality","neither test rejects in any seed",3,0,0,0,1,0.716758379189595,1,
"inflect_ward_k28",19,99969,"Tbet","detected_multimodality","both tests reject in at least two seeds",3,3,3,3,0.000588155184173017,0,1,"detected_multimodality"
"inflect_ward_k28",19,99969,"TCRgd_CD141","no_detected_multimodality","neither test rejects in any seed",3,0,0,0,1,0.659375142116513,1,
"inflect_ward_k28",20,1298228,"CD11c","no_detected_multimodality","neither test rejects in any seed",3,0,0,0,1,0.239744872436218,4,
"inflect_ward_k28",20,1298228,"CD127","no_detected_multimodality","neither test rejects in any seed",3,0,0,0,1,0.907113556778389,4,"stratified_5_percent_pass_audit"
"inflect_ward_k28",20,1298228,"CD14","no_detected_multimodality","neither test rejects in any seed",3,0,0,0,1,0.812206103051526,4,
"inflect_ward_k28",20,1298228,"CD159c_NKG2C","no_detected_multimodality","neither test rejects in any seed",3,0,0,0,1,0.660142571285643,4,
"inflect_ward_k28",20,1298228,"CD16","no_detected_multimodality","neither test rejects in any seed",3,0,0,0,1,0.907113556778389,4,"stratified_5_percent_pass_audit"
"inflect_ward_k28",20,1298228,"CD161","no_detected_multimodality","neither test rejects in any seed",3,0,0,0,1,0.695995056351705,4,"stratified_5_percent_pass_audit"
"inflect_ward_k28",20,1298228,"CD185_CXCR5","detected_multimodality","both tests reject in at least two seeds",3,3,3,3,0,0,4,"detected_multimodality"
"inflect_ward_k28",20,1298228,"CD19","ambiguous","discordant_tests;seed_instability;borderline_q",3,1,1,3,0.0160618398615294,0,4,"ambiguous"
"inflect_ward_k28",20,1298228,"CD197_CCR7","no_detected_multimodality","neither test rejects in any seed",3,0,0,0,1,0.812206103051526,4,
"inflect_ward_k28",20,1298228,"CD1c","no_detected_multimodality","neither test rejects in any seed",3,0,0,0,1,0.695995056351705,4,"stratified_5_percent_pass_audit"
"inflect_ward_k28",20,1298228,"CD21","detected_multimodality","both tests reject in at least two seeds",3,3,3,3,0,0,4,"detected_multimodality"
"inflect_ward_k28",20,1298228,"CD25","no_detected_multimodality","neither test rejects in any seed",3,0,0,0,1,0.695995056351705,4,"stratified_5_percent_pass_audit"
"inflect_ward_k28",20,1298228,"CD27","no_detected_multimodality","neither test rejects in any seed",3,0,0,0,1,0.695995056351705,4,"stratified_5_percent_pass_audit"
"inflect_ward_k28",20,1298228,"CD294_CRTH2","no_detected_multimodality","neither test rejects in any seed",3,0,0,0,1,0.239744872436218,4,"stratified_5_percent_pass_audit"
"inflect_ward_k28",20,1298228,"CD3","no_detected_multimodality","neither test rejects in any seed",3,0,0,0,1,0.838544272136068,4,
"inflect_ward_k28",20,1298228,"CD303_TCRvd2","no_detected_multimodality","neither test rejects in any seed",3,0,0,0,1,0.695995056351705,4,
"inflect_ward_k28",20,1298228,"CD38","ambiguous","discordant_tests;seed_instability",3,0,0,1,1,0.00675337668834417,4,"ambiguous"
"inflect_ward_k28",20,1298228,"CD4","no_detected_multimodality","neither test rejects in any seed",3,0,0,0,1,0.695995056351705,4,
"inflect_ward_k28",20,1298228,"CD45RA","no_detected_multimodality","neither test rejects in any seed",3,0,0,0,1,0.828414207103552,4,
"inflect_ward_k28",20,1298228,"CD56","no_detected_multimodality","neither test rejects in any seed",3,0,0,0,1,0.695995056351705,4,
"inflect_ward_k28",20,1298228,"CD57","no_detected_multimodality","neither test rejects in any seed",3,0,0,0,1,0.490745372686343,4,"stratified_5_percent_pass_audit"
"inflect_ward_k28",20,1298228,"CD7","no_detected_multimodality","neither test rejects in any seed",3,0,0,0,1,0.495890802544129,4,
"inflect_ward_k28",20,1298228,"CD8","no_detected_multimodality","neither test rejects in any seed",3,0,0,0,1,0.239744872436218,4,
"inflect_ward_k28",20,1298228,"FoxP3","no_detected_multimodality","neither test rejects in any seed",3,0,0,0,1,0.48624312156078,4,
"inflect_ward_k28",20,1298228,"HLA-DR","no_detected_multimodality","neither test rejects in any seed",3,0,0,0,1,0.695995056351705,4,
"inflect_ward_k28",20,1298228,"Tbet","no_detected_multimodality","neither test rejects in any seed",3,0,0,0,1,0.183691845922962,4,
"inflect_ward_k28",20,1298228,"TCRgd_CD141","no_detected_multimodality","neither test rejects in any seed",3,0,0,0,1,0.695995056351705,4,
"inflect_ward_k28",21,1294395,"CD11c","detected_multimodality","both tests reject in at least two seeds",3,3,3,3,0,0,3,"detected_multimodality"
"inflect_ward_k28",21,1294395,"CD127","no_detected_multimodality","neither test rejects in any seed",3,0,0,0,0.99922651369266,0.414657328664332,3,
"inflect_ward_k28",21,1294395,"CD14","no_detected_multimodality","neither test rejects in any seed",3,0,0,0,0.99922651369266,0.240870435217609,3,"stratified_5_percent_pass_audit"
"inflect_ward_k28",21,1294395,"CD159c_NKG2C","no_detected_multimodality","neither test rejects in any seed",3,0,0,0,0.99922651369266,0.813928703482176,3,"stratified_5_percent_pass_audit"
"inflect_ward_k28",21,1294395,"CD16","ambiguous","discordant_tests;seed_instability",3,0,0,2,0.99922651369266,0,3,"ambiguous"
"inflect_ward_k28",21,1294395,"CD161","no_detected_multimodality","neither test rejects in any seed",3,0,0,0,0.99922651369266,0.920620310155078,3,
"inflect_ward_k28",21,1294395,"CD185_CXCR5","no_detected_multimodality","neither test rejects in any seed",3,0,0,0,0.99922651369266,0.715182591295648,3,"stratified_5_percent_pass_audit"
"inflect_ward_k28",21,1294395,"CD19","no_detected_multimodality","neither test rejects in any seed",3,0,0,0,0.99922651369266,0.326617854381736,3,"stratified_5_percent_pass_audit"
"inflect_ward_k28",21,1294395,"CD197_CCR7","no_detected_multimodality","neither test rejects in any seed",3,0,0,0,0.99922651369266,0.756992132429851,3,
"inflect_ward_k28",21,1294395,"CD1c","ambiguous","discordant_tests",3,0,0,3,0.99922651369266,0,3,"ambiguous"
"inflect_ward_k28",21,1294395,"CD21","no_detected_multimodality","neither test rejects in any seed",3,0,0,0,0.99922651369266,0.625812906453227,3,
"inflect_ward_k28",21,1294395,"CD25","no_detected_multimodality","neither test rejects in any seed",3,0,0,0,0.99922651369266,0.352863931965983,3,
"inflect_ward_k28",21,1294395,"CD27","no_detected_multimodality","neither test rejects in any seed",3,0,0,0,0.99922651369266,0.92696348174087,3,
"inflect_ward_k28",21,1294395,"CD294_CRTH2","ambiguous","borderline_q",3,0,0,0,0.99922651369266,0.0999499749874938,3,"ambiguous"
"inflect_ward_k28",21,1294395,"CD3","no_detected_multimodality","neither test rejects in any seed",3,0,0,0,0.99922651369266,0.322811405702851,3,
"inflect_ward_k28",21,1294395,"CD303_TCRvd2","ambiguous","discordant_tests",3,0,0,3,0.111639602731718,0,3,"ambiguous"
"inflect_ward_k28",21,1294395,"CD38","ambiguous","discordant_tests;seed_instability",3,0,0,1,0.99922651369266,0.0225112556278139,3,"ambiguous"
"inflect_ward_k28",21,1294395,"CD4","no_detected_multimodality","neither test rejects in any seed",3,0,0,0,0.99922651369266,0.322811405702851,3,
"inflect_ward_k28",21,1294395,"CD45RA","ambiguous","borderline_q",3,0,0,0,0.99922651369266,0.0999499749874938,3,"ambiguous"
"inflect_ward_k28",21,1294395,"CD56","no_detected_multimodality","neither test rejects in any seed",3,0,0,0,0.99922651369266,0.511455727863932,3,"stratified_5_percent_pass_audit"
"inflect_ward_k28",21,1294395,"CD57","no_detected_multimodality","neither test rejects in any seed",3,0,0,0,0.99922651369266,0.715182591295648,3,
"inflect_ward_k28",21,1294395,"CD7","no_detected_multimodality","neither test rejects in any seed",3,0,0,0,0.99922651369266,0.504661421619901,3,
"inflect_ward_k28",21,1294395,"CD8","no_detected_multimodality","neither test rejects in any seed",3,0,0,0,0.99922651369266,0.920620310155078,3,
"inflect_ward_k28",21,1294395,"FoxP3","no_detected_multimodality","neither test rejects in any seed",3,0,0,0,0.99922651369266,0.414657328664332,3,"stratified_5_percent_pass_audit"
"inflect_ward_k28",21,1294395,"HLA-DR","no_detected_multimodality","neither test rejects in any seed",3,0,0,0,0.99922651369266,0.715182591295648,3,
"inflect_ward_k28",21,1294395,"Tbet","no_detected_multimodality","neither test rejects in any seed",3,0,0,0,0.99922651369266,0.322811405702851,3,
"inflect_ward_k28",21,1294395,"TCRgd_CD141","ambiguous","discordant_tests;seed_instability",3,0,0,1,0.28050007201573,0,3,"ambiguous"
"inflect_ward_k28",22,3058439,"CD11c","no_detected_multimodality","neither test rejects in any seed",3,0,0,0,1,0.837418709354677,4,
"inflect_ward_k28",22,3058439,"CD127","ambiguous","discordant_tests;seed_instability;borderline_q",3,0,0,1,1,0,4,"ambiguous"
"inflect_ward_k28",22,3058439,"CD14","no_detected_multimodality","neither test rejects in any seed",3,0,0,0,1,0.495247623811906,4,
"inflect_ward_k28",22,3058439,"CD159c_NKG2C","no_detected_multimodality","neither test rejects in any seed",3,0,0,0,1,0.837418709354677,4,
"inflect_ward_k28",22,3058439,"CD16","no_detected_multimodality","neither test rejects in any seed",3,0,0,0,1,0.150825412706353,4,
"inflect_ward_k28",22,3058439,"CD161","ambiguous","discordant_tests;seed_instability",3,0,0,2,0.53855452624409,0,4,"ambiguous"
"inflect_ward_k28",22,3058439,"CD185_CXCR5","no_detected_multimodality","neither test rejects in any seed",3,0,0,0,1,0.177517330093618,4,
"inflect_ward_k28",22,3058439,"CD19","no_detected_multimodality","neither test rejects in any seed",3,0,0,0,1,0.246498249124562,4,
"inflect_ward_k28",22,3058439,"CD197_CCR7","no_detected_multimodality","neither test rejects in any seed",3,0,0,0,1,0.510255127563782,4,"stratified_5_percent_pass_audit"
"inflect_ward_k28",22,3058439,"CD1c","no_detected_multimodality","neither test rejects in any seed",3,0,0,0,1,0.434917458729365,4,
"inflect_ward_k28",22,3058439,"CD21","no_detected_multimodality","neither test rejects in any seed",3,0,0,0,1,0.837418709354677,4,
"inflect_ward_k28",22,3058439,"CD25","no_detected_multimodality","neither test rejects in any seed",3,0,0,0,1,0.988494247123562,4,
"inflect_ward_k28",22,3058439,"CD27","detected_multimodality","both tests reject in at least two seeds",3,3,3,3,0,0,4,"detected_multimodality"
"inflect_ward_k28",22,3058439,"CD294_CRTH2","no_detected_multimodality","neither test rejects in any seed",3,0,0,0,1,0.288706853426713,4,
"inflect_ward_k28",22,3058439,"CD3","no_detected_multimodality","neither test rejects in any seed",3,0,0,0,1,0.837418709354677,4,
"inflect_ward_k28",22,3058439,"CD303_TCRvd2","no_detected_multimodality","neither test rejects in any seed",3,0,0,0,1,0.137768884442221,4,
"inflect_ward_k28",22,3058439,"CD38","no_detected_multimodality","neither test rejects in any seed",3,0,0,0,1,0.837418709354677,4,
"inflect_ward_k28",22,3058439,"CD4","no_detected_multimodality","neither test rejects in any seed",3,0,0,0,1,0.958439219609805,4,
"inflect_ward_k28",22,3058439,"CD45RA","no_detected_multimodality","neither test rejects in any seed",3,0,0,0,1,0.363181590795398,4,"stratified_5_percent_pass_audit"
"inflect_ward_k28",22,3058439,"CD56","no_detected_multimodality","neither test rejects in any seed",3,0,0,0,1,0.759754877438719,4,
"inflect_ward_k28",22,3058439,"CD57","ambiguous","discordant_tests;seed_instability",3,0,0,2,1,0.0180090045022511,4,"ambiguous"
"inflect_ward_k28",22,3058439,"CD7","ambiguous","discordant_tests;seed_instability;borderline_q",3,0,0,1,1,0.00675337668834417,4,"ambiguous"
"inflect_ward_k28",22,3058439,"CD8","no_detected_multimodality","neither test rejects in any seed",3,0,0,0,1,0.89859635700203,4,
"inflect_ward_k28",22,3058439,"FoxP3","no_detected_multimodality","neither test rejects in any seed",3,0,0,0,1,0.837418709354677,4,
"inflect_ward_k28",22,3058439,"HLA-DR","no_detected_multimodality","neither test rejects in any seed",3,0,0,0,1,0.137768884442221,4,
"inflect_ward_k28",22,3058439,"Tbet","no_detected_multimodality","neither test rejects in any seed",3,0,0,0,1,0.575878848515167,4,"stratified_5_percent_pass_audit"
"inflect_ward_k28",22,3058439,"TCRgd_CD141","no_detected_multimodality","neither test rejects in any seed",3,0,0,0,1,0.958439219609805,4,
"inflect_ward_k28",23,217883,"CD11c","ambiguous","discordant_tests",3,0,0,3,0.132585821189405,0,1,"ambiguous"
"inflect_ward_k28",23,217883,"CD127","no_detected_multimodality","neither test rejects in any seed",3,0,0,0,0.999874698935467,0.254698777960409,1,
"inflect_ward_k28",23,217883,"CD14","detected_multimodality","both tests reject in at least two seeds",3,3,3,3,0,0,1,"detected_multimodality"
"inflect_ward_k28",23,217883,"CD159c_NKG2C","no_detected_multimodality","neither test rejects in any seed",3,0,0,0,0.999874698935467,0.855652826413207,1,
"inflect_ward_k28",23,217883,"CD16","no_detected_multimodality","neither test rejects in any seed",3,0,0,0,0.999874698935467,0.157578789394697,1,
"inflect_ward_k28",23,217883,"CD161","no_detected_multimodality","neither test rejects in any seed",3,0,0,0,0.999874698935467,0.760430215107554,1,
"inflect_ward_k28",23,217883,"CD185_CXCR5","no_detected_multimodality","neither test rejects in any seed",3,0,0,0,0.999874698935467,0.414553430561435,1,
"inflect_ward_k28",23,217883,"CD19","no_detected_multimodality","neither test rejects in any seed",3,0,0,0,0.999874698935467,0.236368184092046,1,
"inflect_ward_k28",23,217883,"CD197_CCR7","no_detected_multimodality","neither test rejects in any seed",3,0,0,0,0.999874698935467,0.386630815407704,1,
"inflect_ward_k28",23,217883,"CD1c","detected_multimodality","both tests reject in at least two seeds",3,3,3,3,0,0,1,"detected_multimodality"
"inflect_ward_k28",23,217883,"CD21","no_detected_multimodality","neither test rejects in any seed",3,0,0,0,0.999874698935467,0.743836203816194,1,
"inflect_ward_k28",23,217883,"CD25","no_detected_multimodality","neither test rejects in any seed",3,0,0,0,0.999874698935467,0.831184823180821,1,
"inflect_ward_k28",23,217883,"CD27","no_detected_multimodality","neither test rejects in any seed",3,0,0,0,0.999874698935467,0.836707827598009,1,
"inflect_ward_k28",23,217883,"CD294_CRTH2","no_detected_multimodality","neither test rejects in any seed",3,0,0,0,0.999874698935467,0.831184823180821,1,
"inflect_ward_k28",23,217883,"CD3","ambiguous","borderline_q",3,0,0,0,0.999874698935467,0.0787893946973487,1,"ambiguous"
"inflect_ward_k28",23,217883,"CD303_TCRvd2","no_detected_multimodality","neither test rejects in any seed",3,0,0,0,0.999874698935467,0.32416208104052,1,
"inflect_ward_k28",23,217883,"CD38","no_detected_multimodality","neither test rejects in any seed",3,0,0,0,0.999874698935467,0.945972986493247,1,
"inflect_ward_k28",23,217883,"CD4","no_detected_multimodality","neither test rejects in any seed",3,0,0,0,0.999874698935467,0.808021657887767,1,
"inflect_ward_k28",23,217883,"CD45RA","no_detected_multimodality","neither test rejects in any seed",3,0,0,0,0.999874698935467,0.808021657887767,1,
"inflect_ward_k28",23,217883,"CD56","no_detected_multimodality","neither test rejects in any seed",3,0,0,0,0.999874698935467,0.363454454499977,1,
"inflect_ward_k28",23,217883,"CD57","no_detected_multimodality","neither test rejects in any seed",3,0,0,0,0.999874698935467,0.945972986493247,1,
"inflect_ward_k28",23,217883,"CD7","no_detected_multimodality","neither test rejects in any seed",3,0,0,0,0.999874698935467,0.303151575787894,1,"stratified_5_percent_pass_audit"
"inflect_ward_k28",23,217883,"CD8","no_detected_multimodality","neither test rejects in any seed",3,0,0,0,0.999874698935467,0.808021657887767,1,
"inflect_ward_k28",23,217883,"FoxP3","no_detected_multimodality","neither test rejects in any seed",3,0,0,0,0.999874698935467,0.55040020010005,1,"stratified_5_percent_pass_audit"
"inflect_ward_k28",23,217883,"HLA-DR","detected_multimodality","both tests reject in at least two seeds",3,3,3,3,0,0,1,"detected_multimodality"
"inflect_ward_k28",23,217883,"Tbet","no_detected_multimodality","neither test rejects in any seed",3,0,0,0,0.999874698935467,0.856714071321375,1,
"inflect_ward_k28",23,217883,"TCRgd_CD141","detected_multimodality","both tests reject in at least two seeds",3,3,3,3,0.000149996668018543,0,1,"detected_multimodality"
"inflect_ward_k28",24,4350638,"CD11c","no_detected_multimodality","neither test rejects in any seed",3,0,0,0,1,0.73322375473451,4,
"inflect_ward_k28",24,4350638,"CD127","no_detected_multimodality","neither test rejects in any seed",3,0,0,0,1,0.595985492746373,4,
"inflect_ward_k28",24,4350638,"CD14","no_detected_multimodality","neither test rejects in any seed",3,0,0,0,1,0.745765740012864,4,
"inflect_ward_k28",24,4350638,"CD159c_NKG2C","no_detected_multimodality","neither test rejects in any seed",3,0,0,0,1,0.655597029283873,4,
"inflect_ward_k28",24,4350638,"CD16","no_detected_multimodality","neither test rejects in any seed",3,0,0,0,1,0.595985492746373,4,
"inflect_ward_k28",24,4350638,"CD161","no_detected_multimodality","neither test rejects in any seed",3,0,0,0,1,0.595985492746373,4,
"inflect_ward_k28",24,4350638,"CD185_CXCR5","no_detected_multimodality","neither test rejects in any seed",3,0,0,0,1,0.655597029283873,4,
"inflect_ward_k28",24,4350638,"CD19","no_detected_multimodality","neither test rejects in any seed",3,0,0,0,1,0.595985492746373,4,
"inflect_ward_k28",24,4350638,"CD197_CCR7","no_detected_multimodality","neither test rejects in any seed",3,0,0,0,1,0.739977131422854,4,
"inflect_ward_k28",24,4350638,"CD1c","no_detected_multimodality","neither test rejects in any seed",3,0,0,0,1,0.655597029283873,4,
"inflect_ward_k28",24,4350638,"CD21","no_detected_multimodality","neither test rejects in any seed",3,0,0,0,1,0.351175587793897,4,
"inflect_ward_k28",24,4350638,"CD25","no_detected_multimodality","neither test rejects in any seed",3,0,0,0,1,0.918459229614807,4,
"inflect_ward_k28",24,4350638,"CD27","no_detected_multimodality","neither test rejects in any seed",3,0,0,0,1,0.848392946473237,4,
"inflect_ward_k28",24,4350638,"CD294_CRTH2","no_detected_multimodality","neither test rejects in any seed",3,0,0,0,1,0.73322375473451,4,
"inflect_ward_k28",24,4350638,"CD3","no_detected_multimodality","neither test rejects in any seed",3,0,0,0,1,0.73322375473451,4,
"inflect_ward_k28",24,4350638,"CD303_TCRvd2","no_detected_multimodality","neither test rejects in any seed",3,0,0,0,1,0.621310655327664,4,
"inflect_ward_k28",24,4350638,"CD38","no_detected_multimodality","neither test rejects in any seed",3,0,0,0,1,0.595985492746373,4,
"inflect_ward_k28",24,4350638,"CD4","no_detected_multimodality","neither test rejects in any seed",3,0,0,0,1,0.621310655327664,4,
"inflect_ward_k28",24,4350638,"CD45RA","no_detected_multimodality","neither test rejects in any seed",3,0,0,0,1,0.621310655327664,4,
"inflect_ward_k28",24,4350638,"CD56","no_detected_multimodality","neither test rejects in any seed",3,0,0,0,1,0.655597029283873,4,
"inflect_ward_k28",24,4350638,"CD57","no_detected_multimodality","neither test rejects in any seed",3,0,0,0,1,0.73322375473451,4,
"inflect_ward_k28",24,4350638,"CD7","no_detected_multimodality","neither test rejects in any seed",3,0,0,0,1,0.944761854611516,4,
"inflect_ward_k28",24,4350638,"CD8","no_detected_multimodality","neither test rejects in any seed",3,0,0,0,1,0.616808404202101,4,"stratified_5_percent_pass_audit"
"inflect_ward_k28",24,4350638,"FoxP3","no_detected_multimodality","neither test rejects in any seed",3,0,0,0,1,0.202601300650325,4,
"inflect_ward_k28",24,4350638,"HLA-DR","no_detected_multimodality","neither test rejects in any seed",3,0,0,0,1,0.595985492746373,4,
"inflect_ward_k28",24,4350638,"Tbet","no_detected_multimodality","neither test rejects in any seed",3,0,0,0,1,0.595985492746373,4,
"inflect_ward_k28",24,4350638,"TCRgd_CD141","no_detected_multimodality","neither test rejects in any seed",3,0,0,0,1,0.290395197598799,4,
"inflect_ward_k28",25,9610568,"CD11c","no_detected_multimodality","neither test rejects in any seed",3,0,0,0,1,0.175587793896948,4,"stratified_5_percent_pass_audit"
"inflect_ward_k28",25,9610568,"CD127","no_detected_multimodality","neither test rejects in any seed",3,0,0,0,1,0.507853926963482,4,
"inflect_ward_k28",25,9610568,"CD14","no_detected_multimodality","neither test rejects in any seed",3,0,0,0,1,0.551075537768885,4,
"inflect_ward_k28",25,9610568,"CD159c_NKG2C","no_detected_multimodality","neither test rejects in any seed",3,0,0,0,1,0.507853926963482,4,"stratified_5_percent_pass_audit"
"inflect_ward_k28",25,9610568,"CD16","no_detected_multimodality","neither test rejects in any seed",3,0,0,0,1,0.507853926963482,4,
"inflect_ward_k28",25,9610568,"CD161","no_detected_multimodality","neither test rejects in any seed",3,0,0,0,1,0.966983491745873,4,
"inflect_ward_k28",25,9610568,"CD185_CXCR5","no_detected_multimodality","neither test rejects in any seed",3,0,0,0,1,0.604427213606803,4,"stratified_5_percent_pass_audit"
"inflect_ward_k28",25,9610568,"CD19","no_detected_multimodality","neither test rejects in any seed",3,0,0,0,1,0.891445722861431,4,
"inflect_ward_k28",25,9610568,"CD197_CCR7","detected_multimodality","both tests reject in at least two seeds",3,3,3,3,0,0,4,"detected_multimodality"
"inflect_ward_k28",25,9610568,"CD1c","no_detected_multimodality","neither test rejects in any seed",3,0,0,0,1,0.507853926963482,4,
"inflect_ward_k28",25,9610568,"CD21","no_detected_multimodality","neither test rejects in any seed",3,0,0,0,1,0.63751875937969,4,
"inflect_ward_k28",25,9610568,"CD25","no_detected_multimodality","neither test rejects in any seed",3,0,0,0,1,0.966983491745873,4,
"inflect_ward_k28",25,9610568,"CD27","detected_multimodality","both tests reject in at least two seeds",3,3,3,3,0,0,4,"detected_multimodality"
"inflect_ward_k28",25,9610568,"CD294_CRTH2","no_detected_multimodality","neither test rejects in any seed",3,0,0,0,1,0.552812120345887,4,
"inflect_ward_k28",25,9610568,"CD3","no_detected_multimodality","neither test rejects in any seed",3,0,0,0,1,0.552812120345887,4,
"inflect_ward_k28",25,9610568,"CD303_TCRvd2","no_detected_multimodality","neither test rejects in any seed",3,0,0,0,1,0.966983491745873,4,"stratified_5_percent_pass_audit"
"inflect_ward_k28",25,9610568,"CD38","no_detected_multimodality","neither test rejects in any seed",3,0,0,0,1,0.604427213606803,4,
"inflect_ward_k28",25,9610568,"CD4","no_detected_multimodality","neither test rejects in any seed",3,0,0,0,1,0.552812120345887,4,
"inflect_ward_k28",25,9610568,"CD45RA","detected_multimodality","both tests reject in at least two seeds",3,2,2,3,0.0122467111262597,0,4,"detected_multimodality"
"inflect_ward_k28",25,9610568,"CD56","no_detected_multimodality","neither test rejects in any seed",3,0,0,0,1,0.31335667833917,4,
"inflect_ward_k28",25,9610568,"CD57","no_detected_multimodality","neither test rejects in any seed",3,0,0,0,1,0.750852699076811,4,
"inflect_ward_k28",25,9610568,"CD7","detected_multimodality","both tests reject in at least two seeds",3,3,3,3,0.00336314899186929,0,4,"detected_multimodality"
"inflect_ward_k28",25,9610568,"CD8","no_detected_multimodality","neither test rejects in any seed",3,0,0,0,1,0.507853926963482,4,
"inflect_ward_k28",25,9610568,"FoxP3","no_detected_multimodality","neither test rejects in any seed",3,0,0,0,1,0.601894697348674,4,"stratified_5_percent_pass_audit"
"inflect_ward_k28",25,9610568,"HLA-DR","no_detected_multimodality","neither test rejects in any seed",3,0,0,0,1,0.601894697348674,4,
"inflect_ward_k28",25,9610568,"Tbet","no_detected_multimodality","neither test rejects in any seed",3,0,0,0,1,0.750589580504538,4,
"inflect_ward_k28",25,9610568,"TCRgd_CD141","no_detected_multimodality","neither test rejects in any seed",3,0,0,0,1,0.750589580504538,4,"stratified_5_percent_pass_audit"
"inflect_ward_k28",26,1028144,"CD11c","no_detected_multimodality","neither test rejects in any seed",3,0,0,0,1,0.890905452726363,3,
"inflect_ward_k28",26,1028144,"CD127","no_detected_multimodality","neither test rejects in any seed",3,0,0,0,1,0.809729864932466,3,
"inflect_ward_k28",26,1028144,"CD14","no_detected_multimodality","neither test rejects in any seed",3,0,0,0,1,0.68742265869777,3,
"inflect_ward_k28",26,1028144,"CD159c_NKG2C","no_detected_multimodality","neither test rejects in any seed",3,0,0,0,1,0.710455227613807,3,
"inflect_ward_k28",26,1028144,"CD16","no_detected_multimodality","neither test rejects in any seed",3,0,0,0,1,0.68742265869777,3,
"inflect_ward_k28",26,1028144,"CD161","no_detected_multimodality","neither test rejects in any seed",3,0,0,0,1,0.68742265869777,3,
"inflect_ward_k28",26,1028144,"CD185_CXCR5","no_detected_multimodality","neither test rejects in any seed",3,0,0,0,1,0.68742265869777,3,
"inflect_ward_k28",26,1028144,"CD19","no_detected_multimodality","neither test rejects in any seed",3,0,0,0,1,0.68742265869777,3,
"inflect_ward_k28",26,1028144,"CD197_CCR7","no_detected_multimodality","neither test rejects in any seed",3,0,0,0,1,0.68742265869777,3,
"inflect_ward_k28",26,1028144,"CD1c","no_detected_multimodality","neither test rejects in any seed",3,0,0,0,1,0.821562955390739,3,
"inflect_ward_k28",26,1028144,"CD21","no_detected_multimodality","neither test rejects in any seed",3,0,0,0,1,0.710455227613807,3,
"inflect_ward_k28",26,1028144,"CD25","detected_multimodality","both tests reject in at least two seeds",3,2,2,3,0.0138791614464484,0,3,"detected_multimodality"
"inflect_ward_k28",26,1028144,"CD27","no_detected_multimodality","neither test rejects in any seed",3,0,0,0,1,0.68742265869777,3,
"inflect_ward_k28",26,1028144,"CD294_CRTH2","no_detected_multimodality","neither test rejects in any seed",3,0,0,0,1,0.68742265869777,3,
"inflect_ward_k28",26,1028144,"CD3","no_detected_multimodality","neither test rejects in any seed",3,0,0,0,1,0.288144072036018,3,
"inflect_ward_k28",26,1028144,"CD303_TCRvd2","no_detected_multimodality","neither test rejects in any seed",3,0,0,0,1,0.68742265869777,3,
"inflect_ward_k28",26,1028144,"CD38","no_detected_multimodality","neither test rejects in any seed",3,0,0,0,1,0.812860975942517,3,
"inflect_ward_k28",26,1028144,"CD4","no_detected_multimodality","neither test rejects in any seed",3,0,0,0,1,0.68742265869777,3,
"inflect_ward_k28",26,1028144,"CD45RA","no_detected_multimodality","neither test rejects in any seed",3,0,0,0,1,0.68742265869777,3,
"inflect_ward_k28",26,1028144,"CD56","no_detected_multimodality","neither test rejects in any seed",3,0,0,0,1,0.68742265869777,3,
"inflect_ward_k28",26,1028144,"CD57","no_detected_multimodality","neither test rejects in any seed",3,0,0,0,1,0.68742265869777,3,
"inflect_ward_k28",26,1028144,"CD7","no_detected_multimodality","neither test rejects in any seed",3,0,0,0,1,0.607803901950975,3,
"inflect_ward_k28",26,1028144,"CD8","no_detected_multimodality","neither test rejects in any seed",3,0,0,0,1,0.68742265869777,3,
"inflect_ward_k28",26,1028144,"FoxP3","detected_multimodality","both tests reject in at least two seeds",3,3,3,3,0,0,3,"detected_multimodality"
"inflect_ward_k28",26,1028144,"HLA-DR","no_detected_multimodality","neither test rejects in any seed",3,0,0,0,1,0.68742265869777,3,
"inflect_ward_k28",26,1028144,"Tbet","no_detected_multimodality","neither test rejects in any seed",3,0,0,0,1,0.68742265869777,3,"stratified_5_percent_pass_audit"
"inflect_ward_k28",26,1028144,"TCRgd_CD141","no_detected_multimodality","neither test rejects in any seed",3,0,0,0,1,0.96448224112056,3,
"inflect_ward_k28",27,0,"CD11c","unresolved_discrete","no_finite_values",0,0,0,0,,,1,
"inflect_ward_k28",27,0,"CD127","unresolved_discrete","no_finite_values",0,0,0,0,,,1,
"inflect_ward_k28",27,0,"CD14","unresolved_discrete","no_finite_values",0,0,0,0,,,1,
"inflect_ward_k28",27,0,"CD159c_NKG2C","unresolved_discrete","no_finite_values",0,0,0,0,,,1,
"inflect_ward_k28",27,0,"CD16","unresolved_discrete","no_finite_values",0,0,0,0,,,1,
"inflect_ward_k28",27,0,"CD161","unresolved_discrete","no_finite_values",0,0,0,0,,,1,
"inflect_ward_k28",27,0,"CD185_CXCR5","unresolved_discrete","no_finite_values",0,0,0,0,,,1,
"inflect_ward_k28",27,0,"CD19","unresolved_discrete","no_finite_values",0,0,0,0,,,1,
"inflect_ward_k28",27,0,"CD197_CCR7","unresolved_discrete","no_finite_values",0,0,0,0,,,1,
"inflect_ward_k28",27,0,"CD1c","unresolved_discrete","no_finite_values",0,0,0,0,,,1,
"inflect_ward_k28",27,0,"CD21","unresolved_discrete","no_finite_values",0,0,0,0,,,1,
"inflect_ward_k28",27,0,"CD25","unresolved_discrete","no_finite_values",0,0,0,0,,,1,
"inflect_ward_k28",27,0,"CD27","unresolved_discrete","no_finite_values",0,0,0,0,,,1,
"inflect_ward_k28",27,0,"CD294_CRTH2","unresolved_discrete","no_finite_values",0,0,0,0,,,1,
"inflect_ward_k28",27,0,"CD3","unresolved_discrete","no_finite_values",0,0,0,0,,,1,
"inflect_ward_k28",27,0,"CD303_TCRvd2","unresolved_discrete","no_finite_values",0,0,0,0,,,1,
"inflect_ward_k28",27,0,"CD38","unresolved_discrete","no_finite_values",0,0,0,0,,,1,
"inflect_ward_k28",27,0,"CD4","unresolved_discrete","no_finite_values",0,0,0,0,,,1,
"inflect_ward_k28",27,0,"CD45RA","unresolved_discrete","no_finite_values",0,0,0,0,,,1,
"inflect_ward_k28",27,0,"CD56","unresolved_discrete","no_finite_values",0,0,0,0,,,1,
"inflect_ward_k28",27,0,"CD57","unresolved_discrete","no_finite_values",0,0,0,0,,,1,
"inflect_ward_k28",27,0,"CD7","unresolved_discrete","no_finite_values",0,0,0,0,,,1,
"inflect_ward_k28",27,0,"CD8","unresolved_discrete","no_finite_values",0,0,0,0,,,1,
"inflect_ward_k28",27,0,"FoxP3","unresolved_discrete","no_finite_values",0,0,0,0,,,1,
"inflect_ward_k28",27,0,"HLA-DR","unresolved_discrete","no_finite_values",0,0,0,0,,,1,
"inflect_ward_k28",27,0,"Tbet","unresolved_discrete","no_finite_values",0,0,0,0,,,1,
"inflect_ward_k28",27,0,"TCRgd_CD141","unresolved_discrete","no_finite_values",0,0,0,0,,,1,
"inflect_ward_k28",28,2920244,"CD11c","no_detected_multimodality","neither test rejects in any seed",3,0,0,0,1,0.850311519396062,4,
"inflect_ward_k28",28,2920244,"CD127","no_detected_multimodality","neither test rejects in any seed",3,0,0,0,1,0.850311519396062,4,
"inflect_ward_k28",28,2920244,"CD14","no_detected_multimodality","neither test rejects in any seed",3,0,0,0,1,0.850311519396062,4,
"inflect_ward_k28",28,2920244,"CD159c_NKG2C","no_detected_multimodality","neither test rejects in any seed",3,0,0,0,1,0.749624812406203,4,
"inflect_ward_k28",28,2920244,"CD16","no_detected_multimodality","neither test rejects in any seed",3,0,0,0,1,0.999499749874938,4,
"inflect_ward_k28",28,2920244,"CD161","no_detected_multimodality","neither test rejects in any seed",3,0,0,0,1,0.850311519396062,4,
"inflect_ward_k28",28,2920244,"CD185_CXCR5","no_detected_multimodality","neither test rejects in any seed",3,0,0,0,1,0.850311519396062,4,
"inflect_ward_k28",28,2920244,"CD19","no_detected_multimodality","neither test rejects in any seed",3,0,0,0,1,0.880190095047524,4,
"inflect_ward_k28",28,2920244,"CD197_CCR7","no_detected_multimodality","neither test rejects in any seed",3,0,0,0,1,0.932760497896007,4,
"inflect_ward_k28",28,2920244,"CD1c","no_detected_multimodality","neither test rejects in any seed",3,0,0,0,1,0.850311519396062,4,
"inflect_ward_k28",28,2920244,"CD21","no_detected_multimodality","neither test rejects in any seed",3,0,0,0,1,0.121560780390195,4,
"inflect_ward_k28",28,2920244,"CD25","no_detected_multimodality","neither test rejects in any seed",3,0,0,0,1,0.850311519396062,4,
"inflect_ward_k28",28,2920244,"CD27","no_detected_multimodality","neither test rejects in any seed",3,0,0,0,1,0.850311519396062,4,
"inflect_ward_k28",28,2920244,"CD294_CRTH2","no_detected_multimodality","neither test rejects in any seed",3,0,0,0,1,0.699649824912456,4,
"inflect_ward_k28",28,2920244,"CD3","no_detected_multimodality","neither test rejects in any seed",3,0,0,0,1,0.850311519396062,4,"stratified_5_percent_pass_audit"
"inflect_ward_k28",28,2920244,"CD303_TCRvd2","no_detected_multimodality","neither test rejects in any seed",3,0,0,0,1,0.850311519396062,4,
"inflect_ward_k28",28,2920244,"CD38","no_detected_multimodality","neither test rejects in any seed",3,0,0,0,1,0.571785892946473,4,
"inflect_ward_k28",28,2920244,"CD4","no_detected_multimodality","neither test rejects in any seed",3,0,0,0,1,0.371435717858929,4,
"inflect_ward_k28",28,2920244,"CD45RA","no_detected_multimodality","neither test rejects in any seed",3,0,0,0,1,0.850311519396062,4,
"inflect_ward_k28",28,2920244,"CD56","no_detected_multimodality","neither test rejects in any seed",3,0,0,0,1,0.850311519396062,4,
"inflect_ward_k28",28,2920244,"CD57","no_detected_multimodality","neither test rejects in any seed",3,0,0,0,1,0.351175587793897,4,
"inflect_ward_k28",28,2920244,"CD7","no_detected_multimodality","neither test rejects in any seed",3,0,0,0,1,0.84192096048024,4,"stratified_5_percent_pass_audit"
"inflect_ward_k28",28,2920244,"CD8","no_detected_multimodality","neither test rejects in any seed",3,0,0,0,1,0.850311519396062,4,
"inflect_ward_k28",28,2920244,"FoxP3","no_detected_multimodality","neither test rejects in any seed",3,0,0,0,1,0.850311519396062,4,
"inflect_ward_k28",28,2920244,"HLA-DR","no_detected_multimodality","neither test rejects in any seed",3,0,0,0,1,0.850311519396062,4,
"inflect_ward_k28",28,2920244,"Tbet","no_detected_multimodality","neither test rejects in any seed",3,0,0,0,1,0.850311519396062,4,
"inflect_ward_k28",28,2920244,"TCRgd_CD141","no_detected_multimodality","neither test rejects in any seed",3,0,0,0,1,0.850311519396062,4,
"inflect_ward_k38",1,1026945,"CD11c","detected_multimodality","both tests reject in at least two seeds",3,3,3,3,0,0,4,"detected_multimodality"
"inflect_ward_k38",1,1026945,"CD127","no_detected_multimodality","neither test rejects in any seed",3,0,0,0,0.999506190843542,0.650575287643822,4,
"inflect_ward_k38",1,1026945,"CD14","no_detected_multimodality","neither test rejects in any seed",3,0,0,0,0.999506190843542,0.862590386102142,4,
"inflect_ward_k38",1,1026945,"CD159c_NKG2C","no_detected_multimodality","neither test rejects in any seed",3,0,0,0,0.999506190843542,0.871185592796398,4,
"inflect_ward_k38",1,1026945,"CD16","no_detected_multimodality","neither test rejects in any seed",3,0,0,0,0.999506190843542,0.494684842421211,4,
"inflect_ward_k38",1,1026945,"CD161","detected_multimodality","both tests reject in at least two seeds",3,3,3,3,0,0,4,"detected_multimodality"
"inflect_ward_k38",1,1026945,"CD185_CXCR5","no_detected_multimodality","neither test rejects in any seed",3,0,0,0,0.999506190843542,0.428839419709855,4,
"inflect_ward_k38",1,1026945,"CD19","no_detected_multimodality","neither test rejects in any seed",3,0,0,0,0.999506190843542,0.858643607518045,4,
"inflect_ward_k38",1,1026945,"CD197_CCR7","no_detected_multimodality","neither test rejects in any seed",3,0,0,0,0.999506190843542,0.1935967983992,4,
"inflect_ward_k38",1,1026945,"CD1c","no_detected_multimodality","neither test rejects in any seed",3,0,0,0,0.999506190843542,0.833559636961338,4,
"inflect_ward_k38",1,1026945,"CD21","no_detected_multimodality","neither test rejects in any seed",3,0,0,0,0.999506190843542,0.513256628314157,4,
"inflect_ward_k38",1,1026945,"CD25","no_detected_multimodality","neither test rejects in any seed",3,0,0,0,0.999506190843542,0.632116058029014,4,"stratified_5_percent_pass_audit"
"inflect_ward_k38",1,1026945,"CD27","no_detected_multimodality","neither test rejects in any seed",3,0,0,0,0.999506190843542,0.875937968984492,4,
"inflect_ward_k38",1,1026945,"CD294_CRTH2","no_detected_multimodality","neither test rejects in any seed",3,0,0,0,0.999506190843542,0.778196790703044,4,
"inflect_ward_k38",1,1026945,"CD3","no_detected_multimodality","neither test rejects in any seed",3,0,0,0,0.999506190843542,0.845016258129065,4,
"inflect_ward_k38",1,1026945,"CD303_TCRvd2","no_detected_multimodality","neither test rejects in any seed",3,0,0,0,0.999506190843542,0.794647323661831,4,
"inflect_ward_k38",1,1026945,"CD38","no_detected_multimodality","neither test rejects in any seed",3,0,0,0,0.999506190843542,0.845016258129065,4,
"inflect_ward_k38",1,1026945,"CD4","no_detected_multimodality","neither test rejects in any seed",3,0,0,0,0.999506190843542,0.845016258129065,4,
"inflect_ward_k38",1,1026945,"CD45RA","no_detected_multimodality","neither test rejects in any seed",3,0,0,0,0.999506190843542,0.494684842421211,4,
"inflect_ward_k38",1,1026945,"CD56","no_detected_multimodality","neither test rejects in any seed",3,0,0,0,0.999506190843542,0.494684842421211,4,
"inflect_ward_k38",1,1026945,"CD57","no_detected_multimodality","neither test rejects in any seed",3,0,0,0,0.999506190843542,0.513256628314157,4,
"inflect_ward_k38",1,1026945,"CD7","no_detected_multimodality","neither test rejects in any seed",3,0,0,0,0.999506190843542,0.767633816908454,4,
"inflect_ward_k38",1,1026945,"CD8","no_detected_multimodality","neither test rejects in any seed",3,0,0,0,0.999506190843542,0.548374187093547,4,
"inflect_ward_k38",1,1026945,"FoxP3","no_detected_multimodality","neither test rejects in any seed",3,0,0,0,0.999506190843542,0.494684842421211,4,
"inflect_ward_k38",1,1026945,"HLA-DR","no_detected_multimodality","neither test rejects in any seed",3,0,0,0,0.999506190843542,0.845016258129065,4,
"inflect_ward_k38",1,1026945,"Tbet","no_detected_multimodality","neither test rejects in any seed",3,0,0,0,0.999506190843542,0.548374187093547,4,
"inflect_ward_k38",1,1026945,"TCRgd_CD141","no_detected_multimodality","neither test rejects in any seed",3,0,0,0,0.999506190843542,0.494684842421211,4,
"inflect_ward_k38",2,740677,"CD11c","no_detected_multimodality","neither test rejects in any seed",3,0,0,0,0.999508078161286,0.356578289144572,4,
"inflect_ward_k38",2,740677,"CD127","no_detected_multimodality","neither test rejects in any seed",3,0,0,0,0.999508078161286,0.757021367826771,4,
"inflect_ward_k38",2,740677,"CD14","no_detected_multimodality","neither test rejects in any seed",3,0,0,0,0.999508078161286,0.75931443982861,4,
"inflect_ward_k38",2,740677,"CD159c_NKG2C","ambiguous","discordant_tests;seed_instability",3,0,0,2,0.510035663073678,0,4,"ambiguous"
"inflect_ward_k38",2,740677,"CD16","no_detected_multimodality","neither test rejects in any seed",3,0,0,0,0.999508078161286,0.582719931394269,4,
"inflect_ward_k38",2,740677,"CD161","no_detected_multimodality","neither test rejects in any seed",3,0,0,0,0.999508078161286,0.757021367826771,4,
"inflect_ward_k38",2,740677,"CD185_CXCR5","no_detected_multimodality","neither test rejects in any seed",3,0,0,0,0.999508078161286,0.757021367826771,4,
"inflect_ward_k38",2,740677,"CD19","no_detected_multimodality","neither test rejects in any seed",3,0,0,0,0.999508078161286,0.594297148574287,4,"stratified_5_percent_pass_audit"
"inflect_ward_k38",2,740677,"CD197_CCR7","no_detected_multimodality","neither test rejects in any seed",3,0,0,0,0.999508078161286,0.624687343671836,4,
"inflect_ward_k38",2,740677,"CD1c","no_detected_multimodality","neither test rejects in any seed",3,0,0,0,0.999508078161286,0.855990495247624,4,
"inflect_ward_k38",2,740677,"CD21","no_detected_multimodality","neither test rejects in any seed",3,0,0,0,0.999508078161286,0.75931443982861,4,
"inflect_ward_k38",2,740677,"CD25","no_detected_multimodality","neither test rejects in any seed",3,0,0,0,0.999508078161286,0.757021367826771,4,
"inflect_ward_k38",2,740677,"CD27","no_detected_multimodality","neither test rejects in any seed",3,0,0,0,0.999508078161286,0.880100050025013,4,
"inflect_ward_k38",2,740677,"CD294_CRTH2","no_detected_multimodality","neither test rejects in any seed",3,0,0,0,0.999508078161286,0.757021367826771,4,
"inflect_ward_k38",2,740677,"CD3","no_detected_multimodality","neither test rejects in any seed",3,0,0,0,0.999508078161286,0.594297148574287,4,
"inflect_ward_k38",2,740677,"CD303_TCRvd2","no_detected_multimodality","neither test rejects in any seed",3,0,0,0,0.999508078161286,0.738819409704852,4,
"inflect_ward_k38",2,740677,"CD38","no_detected_multimodality","neither test rejects in any seed",3,0,0,0,0.999508078161286,0.582719931394269,4,"stratified_5_percent_pass_audit"
"inflect_ward_k38",2,740677,"CD4","no_detected_multimodality","neither test rejects in any seed",3,0,0,0,0.999508078161286,0.757021367826771,4,
"inflect_ward_k38",2,740677,"CD45RA","no_detected_multimodality","neither test rejects in any seed",3,0,0,0,0.999508078161286,0.356578289144572,4,
"inflect_ward_k38",2,740677,"CD56","no_detected_multimodality","neither test rejects in any seed",3,0,0,0,0.999508078161286,0.757021367826771,4,
"inflect_ward_k38",2,740677,"CD57","detected_multimodality","both tests reject in at least two seeds",3,3,3,3,0,0,4,"detected_multimodality"
"inflect_ward_k38",2,740677,"CD7","no_detected_multimodality","neither test rejects in any seed",3,0,0,0,0.999508078161286,0.757021367826771,4,"stratified_5_percent_pass_audit"
"inflect_ward_k38",2,740677,"CD8","no_detected_multimodality","neither test rejects in any seed",3,0,0,0,0.999508078161286,0.738819409704852,4,
"inflect_ward_k38",2,740677,"FoxP3","no_detected_multimodality","neither test rejects in any seed",3,0,0,0,0.999508078161286,0.738819409704852,4,
"inflect_ward_k38",2,740677,"HLA-DR","no_detected_multimodality","neither test rejects in any seed",3,0,0,0,0.999508078161286,0.939238850194328,4,
"inflect_ward_k38",2,740677,"Tbet","no_detected_multimodality","neither test rejects in any seed",3,0,0,0,0.999508078161286,0.757021367826771,4,
"inflect_ward_k38",2,740677,"TCRgd_CD141","no_detected_multimodality","neither test rejects in any seed",3,0,0,0,0.999508078161286,0.356578289144572,4,
"inflect_ward_k38",3,333974,"CD11c","no_detected_multimodality","neither test rejects in any seed",3,0,0,0,1,0.393946973486743,2,
"inflect_ward_k38",3,333974,"CD127","no_detected_multimodality","neither test rejects in any seed",3,0,0,0,1,0.884370756806975,2,
"inflect_ward_k38",3,333974,"CD14","no_detected_multimodality","neither test rejects in any seed",3,0,0,0,1,0.884370756806975,2,"stratified_5_percent_pass_audit"
"inflect_ward_k38",3,333974,"CD159c_NKG2C","ambiguous","borderline_q",3,0,0,0,1,0.0844172086043021,2,"ambiguous"
"inflect_ward_k38",3,333974,"CD16","detected_multimodality","both tests reject in at least two seeds",3,3,3,3,0,0,2,"detected_multimodality"
"inflect_ward_k38",3,333974,"CD161","no_detected_multimodality","neither test rejects in any seed",3,0,0,0,1,0.759754877438719,2,
"inflect_ward_k38",3,333974,"CD185_CXCR5","no_detected_multimodality","neither test rejects in any seed",3,0,0,0,1,0.894259629814907,2,
"inflect_ward_k38",3,333974,"CD19","no_detected_multimodality","neither test rejects in any seed",3,0,0,0,1,0.797937430253588,2,"stratified_5_percent_pass_audit"
"inflect_ward_k38",3,333974,"CD197_CCR7","no_detected_multimodality","neither test rejects in any seed",3,0,0,0,1,0.884370756806975,2,
"inflect_ward_k38",3,333974,"CD1c","no_detected_multimodality","neither test rejects in any seed",3,0,0,0,1,0.369184592296148,2,
"inflect_ward_k38",3,333974,"CD21","no_detected_multimodality","neither test rejects in any seed",3,0,0,0,1,0.91791895947974,2,
"inflect_ward_k38",3,333974,"CD25","no_detected_multimodality","neither test rejects in any seed",3,0,0,0,1,0.941836302766768,2,
"inflect_ward_k38",3,333974,"CD27","no_detected_multimodality","neither test rejects in any seed",3,0,0,0,1,0.328664332166083,2,
"inflect_ward_k38",3,333974,"CD294_CRTH2","no_detected_multimodality","neither test rejects in any seed",3,0,0,0,1,0.183691845922962,2,
"inflect_ward_k38",3,333974,"CD3","detected_multimodality","both tests reject in at least two seeds",3,3,3,3,0,0,2,"detected_multimodality"
"inflect_ward_k38",3,333974,"CD303_TCRvd2","no_detected_multimodality","neither test rejects in any seed",3,0,0,0,1,0.535205102551276,2,
"inflect_ward_k38",3,333974,"CD38","no_detected_multimodality","neither test rejects in any seed",3,0,0,0,1,0.328664332166083,2,"stratified_5_percent_pass_audit"
"inflect_ward_k38",3,333974,"CD4","no_detected_multimodality","neither test rejects in any seed",3,0,0,0,1,0.584649467590938,2,
"inflect_ward_k38",3,333974,"CD45RA","no_detected_multimodality","neither test rejects in any seed",3,0,0,0,1,0.850925462731366,2,
"inflect_ward_k38",3,333974,"CD56","no_detected_multimodality","neither test rejects in any seed",3,0,0,0,1,0.894259629814907,2,"stratified_5_percent_pass_audit"
"inflect_ward_k38",3,333974,"CD57","detected_multimodality","both tests reject in at least two seeds",3,3,3,3,0,0,2,"detected_multimodality"
"inflect_ward_k38",3,333974,"CD7","no_detected_multimodality","neither test rejects in any seed",3,0,0,0,1,0.884370756806975,2,
"inflect_ward_k38",3,333974,"CD8","no_detected_multimodality","neither test rejects in any seed",3,0,0,0,1,0.884370756806975,2,
"inflect_ward_k38",3,333974,"FoxP3","no_detected_multimodality","neither test rejects in any seed",3,0,0,0,1,0.884370756806975,2,
"inflect_ward_k38",3,333974,"HLA-DR","no_detected_multimodality","neither test rejects in any seed",3,0,0,0,1,0.884370756806975,2,
"inflect_ward_k38",3,333974,"Tbet","no_detected_multimodality","neither test rejects in any seed",3,0,0,0,1,0.393946973486743,2,"stratified_5_percent_pass_audit"
"inflect_ward_k38",3,333974,"TCRgd_CD141","no_detected_multimodality","neither test rejects in any seed",3,0,0,0,1,0.535205102551276,2,
"inflect_ward_k38",4,331025,"CD11c","ambiguous","discordant_tests;seed_instability;borderline_q",3,1,1,2,0.000518132957011697,0,2,"ambiguous"
"inflect_ward_k38",4,331025,"CD127","no_detected_multimodality","neither test rejects in any seed",3,0,0,0,0.998005612357856,0.209354677338669,2,
"inflect_ward_k38",4,331025,"CD14","no_detected_multimodality","neither test rejects in any seed",3,0,0,0,0.998005612357856,0.879939969984992,2,
"inflect_ward_k38",4,331025,"CD159c_NKG2C","no_detected_multimodality","neither test rejects in any seed",3,0,0,0,0.998005612357856,0.879939969984992,2,"stratified_5_percent_pass_audit"
"inflect_ward_k38",4,331025,"CD16","no_detected_multimodality","neither test rejects in any seed",3,0,0,0,0.998005612357856,0.685467733866933,2,
"inflect_ward_k38",4,331025,"CD161","detected_multimodality","both tests reject in at least two seeds",3,2,2,3,0.016942382351636,0,2,"detected_multimodality"
"inflect_ward_k38",4,331025,"CD185_CXCR5","no_detected_multimodality","neither test rejects in any seed",3,0,0,0,0.998005612357856,0.879939969984992,2,
"inflect_ward_k38",4,331025,"CD19","no_detected_multimodality","neither test rejects in any seed",3,0,0,0,0.998005612357856,0.723130796167314,2,
"inflect_ward_k38",4,331025,"CD197_CCR7","no_detected_multimodality","neither test rejects in any seed",3,0,0,0,0.998005612357856,0.879939969984992,2,
"inflect_ward_k38",4,331025,"CD1c","no_detected_multimodality","neither test rejects in any seed",3,0,0,0,0.998005612357856,0.665882941470735,2,
"inflect_ward_k38",4,331025,"CD21","no_detected_multimodality","neither test rejects in any seed",3,0,0,0,0.998005612357856,0.674212106053027,2,
"inflect_ward_k38",4,331025,"CD25","no_detected_multimodality","neither test rejects in any seed",3,0,0,0,0.998005612357856,0.674212106053027,2,
"inflect_ward_k38",4,331025,"CD27","no_detected_multimodality","neither test rejects in any seed",3,0,0,0,0.998005612357856,0.879939969984992,2,
"inflect_ward_k38",4,331025,"CD294_CRTH2","ambiguous","borderline_q",3,0,0,0,0.998005612357856,0.0567283641820911,2,"ambiguous"
"inflect_ward_k38",4,331025,"CD3","detected_multimodality","both tests reject in at least two seeds",3,3,3,3,0,0,2,"detected_multimodality"
"inflect_ward_k38",4,331025,"CD303_TCRvd2","no_detected_multimodality","neither test rejects in any seed",3,0,0,0,0.998005612357856,0.518321660830415,2,"stratified_5_percent_pass_audit"
"inflect_ward_k38",4,331025,"CD38","no_detected_multimodality","neither test rejects in any seed",3,0,0,0,0.998005612357856,0.879939969984992,2,
"inflect_ward_k38",4,331025,"CD4","no_detected_multimodality","neither test rejects in any seed",3,0,0,0,0.998005612357856,0.518321660830415,2,
"inflect_ward_k38",4,331025,"CD45RA","no_detected_multimodality","neither test rejects in any seed",3,0,0,0,0.998005612357856,0.517115700707497,2,
"inflect_ward_k38",4,331025,"CD56","no_detected_multimodality","neither test rejects in any seed",3,0,0,0,0.998005612357856,0.685467733866933,2,
"inflect_ward_k38",4,331025,"CD57","ambiguous","discordant_tests;seed_instability",3,1,1,3,0.0135071224050572,0,2,"ambiguous"
"inflect_ward_k38",4,331025,"CD7","no_detected_multimodality","neither test rejects in any seed",3,0,0,0,0.998005612357856,0.517115700707497,2,
"inflect_ward_k38",4,331025,"CD8","no_detected_multimodality","neither test rejects in any seed",3,0,0,0,0.998005612357856,0.665882941470735,2,"stratified_5_percent_pass_audit"
"inflect_ward_k38",4,331025,"FoxP3","no_detected_multimodality","neither test rejects in any seed",3,0,0,0,0.998005612357856,0.879939969984992,2,
"inflect_ward_k38",4,331025,"HLA-DR","no_detected_multimodality","neither test rejects in any seed",3,0,0,0,0.998005612357856,0.665882941470735,2,"stratified_5_percent_pass_audit"
"inflect_ward_k38",4,331025,"Tbet","no_detected_multimodality","neither test rejects in any seed",3,0,0,0,0.998005612357856,0.879939969984992,2,
"inflect_ward_k38",4,331025,"TCRgd_CD141","no_detected_multimodality","neither test rejects in any seed",3,0,0,0,0.998005612357856,0.760237261487887,2,
"inflect_ward_k38",5,317695,"CD11c","detected_multimodality","both tests reject in at least two seeds",3,3,3,3,0.000122019911615756,0,2,"detected_multimodality"
"inflect_ward_k38",5,317695,"CD127","no_detected_multimodality","neither test rejects in any seed",3,0,0,0,1,0.874255309472918,2,
"inflect_ward_k38",5,317695,"CD14","no_detected_multimodality","neither test rejects in any seed",3,0,0,0,1,0.69672336168084,2,
"inflect_ward_k38",5,317695,"CD159c_NKG2C","no_detected_multimodality","neither test rejects in any seed",3,0,0,0,1,0.819184592296148,2,
"inflect_ward_k38",5,317695,"CD16","no_detected_multimodality","neither test rejects in any seed",3,0,0,0,1,0.819184592296148,2,"stratified_5_percent_pass_audit"
"inflect_ward_k38",5,317695,"CD161","ambiguous","discordant_tests;seed_instability",3,1,1,3,0.0478715038946317,0,2,"ambiguous"
"inflect_ward_k38",5,317695,"CD185_CXCR5","no_detected_multimodality","neither test rejects in any seed",3,0,0,0,1,0.69672336168084,2,
"inflect_ward_k38",5,317695,"CD19","no_detected_multimodality","neither test rejects in any seed",3,0,0,0,1,0.290395197598799,2,
"inflect_ward_k38",5,317695,"CD197_CCR7","no_detected_multimodality","neither test rejects in any seed",3,0,0,0,1,0.837418709354677,2,
"inflect_ward_k38",5,317695,"CD1c","no_detected_multimodality","neither test rejects in any seed",3,0,0,0,1,0.69672336168084,2,"stratified_5_percent_pass_audit"
"inflect_ward_k38",5,317695,"CD21","no_detected_multimodality","neither test rejects in any seed",3,0,0,0,1,0.874255309472918,2,"stratified_5_percent_pass_audit"
"inflect_ward_k38",5,317695,"CD25","no_detected_multimodality","neither test rejects in any seed",3,0,0,0,1,0.678039019509755,2,"stratified_5_percent_pass_audit"
"inflect_ward_k38",5,317695,"CD27","no_detected_multimodality","neither test rejects in any seed",3,0,0,0,1,0.819184592296148,2,
"inflect_ward_k38",5,317695,"CD294_CRTH2","no_detected_multimodality","neither test rejects in any seed",3,0,0,0,1,0.819184592296148,2,
"inflect_ward_k38",5,317695,"CD3","ambiguous","borderline_q",3,0,0,0,1,0.0810405202601301,2,"ambiguous"
"inflect_ward_k38",5,317695,"CD303_TCRvd2","no_detected_multimodality","neither test rejects in any seed",3,0,0,0,1,0.837418709354677,2,
"inflect_ward_k38",5,317695,"CD38","no_detected_multimodality","neither test rejects in any seed",3,0,0,0,1,0.679196741227757,2,
"inflect_ward_k38",5,317695,"CD4","no_detected_multimodality","neither test rejects in any seed",3,0,0,0,1,0.679196741227757,2,
"inflect_ward_k38",5,317695,"CD45RA","no_detected_multimodality","neither test rejects in any seed",3,0,0,0,1,0.819184592296148,2,
"inflect_ward_k38",5,317695,"CD56","no_detected_multimodality","neither test rejects in any seed",3,0,0,0,1,0.819184592296148,2,
"inflect_ward_k38",5,317695,"CD57","ambiguous","discordant_tests;seed_instability",3,0,0,2,0.326025449603596,0,2,"ambiguous"
"inflect_ward_k38",5,317695,"CD7","no_detected_multimodality","neither test rejects in any seed",3,0,0,0,1,0.69672336168084,2,
"inflect_ward_k38",5,317695,"CD8","no_detected_multimodality","neither test rejects in any seed",3,0,0,0,1,0.819184592296148,2,
"inflect_ward_k38",5,317695,"FoxP3","no_detected_multimodality","neither test rejects in any seed",3,0,0,0,1,0.624012006003002,2,
"inflect_ward_k38",5,317695,"HLA-DR","no_detected_multimodality","neither test rejects in any seed",3,0,0,0,1,0.819184592296148,2,
"inflect_ward_k38",5,317695,"Tbet","no_detected_multimodality","neither test rejects in any seed",3,0,0,0,1,0.819184592296148,2,
"inflect_ward_k38",5,317695,"TCRgd_CD141","no_detected_multimodality","neither test rejects in any seed",3,0,0,0,1,0.69672336168084,2,
"inflect_ward_k38",6,128303,"CD11c","no_detected_multimodality","neither test rejects in any seed",3,0,0,0,1,0.267433716858429,1,
"inflect_ward_k38",6,128303,"CD127","no_detected_multimodality","neither test rejects in any seed",3,0,0,0,1,0.775446546802813,1,
"inflect_ward_k38",6,128303,"CD14","no_detected_multimodality","neither test rejects in any seed",3,0,0,0,1,0.342171085542771,1,
"inflect_ward_k38",6,128303,"CD159c_NKG2C","ambiguous","discordant_tests;seed_instability",3,0,0,2,0.214207544524189,0,1,"ambiguous"
"inflect_ward_k38",6,128303,"CD16","no_detected_multimodality","neither test rejects in any seed",3,0,0,0,1,0.574037018509255,1,
"inflect_ward_k38",6,128303,"CD161","no_detected_multimodality","neither test rejects in any seed",3,0,0,0,1,0.853861713465428,1,
"inflect_ward_k38",6,128303,"CD185_CXCR5","no_detected_multimodality","neither test rejects in any seed",3,0,0,0,1,0.574037018509255,1,
"inflect_ward_k38",6,128303,"CD19","no_detected_multimodality","neither test rejects in any seed",3,0,0,0,1,0.416008004002001,1,"stratified_5_percent_pass_audit"
"inflect_ward_k38",6,128303,"CD197_CCR7","no_detected_multimodality","neither test rejects in any seed",3,0,0,0,1,0.853861713465428,1,
"inflect_ward_k38",6,128303,"CD1c","no_detected_multimodality","neither test rejects in any seed",3,0,0,0,1,0.696562566997785,1,
"inflect_ward_k38",6,128303,"CD21","no_detected_multimodality","neither test rejects in any seed",3,0,0,0,1,0.775446546802813,1,
"inflect_ward_k38",6,128303,"CD25","no_detected_multimodality","neither test rejects in any seed",3,0,0,0,1,0.756378189094547,1,
"inflect_ward_k38",6,128303,"CD27","no_detected_multimodality","neither test rejects in any seed",3,0,0,0,1,0.853861713465428,1,
"inflect_ward_k38",6,128303,"CD294_CRTH2","no_detected_multimodality","neither test rejects in any seed",3,0,0,0,1,0.103551775887944,1,
"inflect_ward_k38",6,128303,"CD3","no_detected_multimodality","neither test rejects in any seed",3,0,0,0,1,0.775446546802813,1,
"inflect_ward_k38",6,128303,"CD303_TCRvd2","no_detected_multimodality","neither test rejects in any seed",3,0,0,0,1,0.327538769384692,1,"stratified_5_percent_pass_audit"
"inflect_ward_k38",6,128303,"CD38","no_detected_multimodality","neither test rejects in any seed",3,0,0,0,1,0.696562566997785,1,"stratified_5_percent_pass_audit"
"inflect_ward_k38",6,128303,"CD4","no_detected_multimodality","neither test rejects in any seed",3,0,0,0,1,0.788644322161081,1,
"inflect_ward_k38",6,128303,"CD45RA","no_detected_multimodality","neither test rejects in any seed",3,0,0,0,1,0.574037018509255,1,
"inflect_ward_k38",6,128303,"CD56","no_detected_multimodality","neither test rejects in any seed",3,0,0,0,1,0.267433716858429,1,
"inflect_ward_k38",6,128303,"CD57","detected_multimodality","both tests reject in at least two seeds",3,3,3,3,0,0,1,"detected_multimodality"
"inflect_ward_k38",6,128303,"CD7","no_detected_multimodality","neither test rejects in any seed",3,0,0,0,1,0.546058743657543,1,
"inflect_ward_k38",6,128303,"CD8","ambiguous","discordant_tests;seed_instability",3,0,0,1,1,0.0450225112556278,1,"ambiguous"
"inflect_ward_k38",6,128303,"FoxP3","no_detected_multimodality","neither test rejects in any seed",3,0,0,0,1,0.775446546802813,1,"stratified_5_percent_pass_audit"
"inflect_ward_k38",6,128303,"HLA-DR","no_detected_multimodality","neither test rejects in any seed",3,0,0,0,1,0.327538769384692,1,
"inflect_ward_k38",6,128303,"Tbet","no_detected_multimodality","neither test rejects in any seed",3,0,0,0,1,0.574037018509255,1,
"inflect_ward_k38",6,128303,"TCRgd_CD141","no_detected_multimodality","neither test rejects in any seed",3,0,0,0,1,0.574037018509255,1,
"inflect_ward_k38",7,280345,"CD11c","no_detected_multimodality","neither test rejects in any seed",3,0,0,0,1,0.411955977988995,2,
"inflect_ward_k38",7,280345,"CD127","no_detected_multimodality","neither test rejects in any seed",3,0,0,0,1,0.51775887943972,2,
"inflect_ward_k38",7,280345,"CD14","no_detected_multimodality","neither test rejects in any seed",3,0,0,0,1,0.726363181590795,2,
"inflect_ward_k38",7,280345,"CD159c_NKG2C","ambiguous","discordant_tests;seed_instability",3,0,0,2,1,0.00675337668834417,2,"ambiguous"
"inflect_ward_k38",7,280345,"CD16","no_detected_multimodality","neither test rejects in any seed",3,0,0,0,1,0.726363181590795,2,
"inflect_ward_k38",7,280345,"CD161","no_detected_multimodality","neither test rejects in any seed",3,0,0,0,1,0.922615153730712,2,
"inflect_ward_k38",7,280345,"CD185_CXCR5","no_detected_multimodality","neither test rejects in any seed",3,0,0,0,1,0.753845672836418,2,
"inflect_ward_k38",7,280345,"CD19","no_detected_multimodality","neither test rejects in any seed",3,0,0,0,1,0.753845672836418,2,
"inflect_ward_k38",7,280345,"CD197_CCR7","no_detected_multimodality","neither test rejects in any seed",3,0,0,0,1,0.720360180090045,2,
"inflect_ward_k38",7,280345,"CD1c","no_detected_multimodality","neither test rejects in any seed",3,0,0,0,1,0.922615153730712,2,
"inflect_ward_k38",7,280345,"CD21","no_detected_multimodality","neither test rejects in any seed",3,0,0,0,1,0.753845672836418,2,
"inflect_ward_k38",7,280345,"CD25","no_detected_multimodality","neither test rejects in any seed",3,0,0,0,1,0.922615153730712,2,
"inflect_ward_k38",7,280345,"CD27","no_detected_multimodality","neither test rejects in any seed",3,0,0,0,1,0.922615153730712,2,"stratified_5_percent_pass_audit"
"inflect_ward_k38",7,280345,"CD294_CRTH2","no_detected_multimodality","neither test rejects in any seed",3,0,0,0,1,0.476595440577432,2,
"inflect_ward_k38",7,280345,"CD3","no_detected_multimodality","neither test rejects in any seed",3,0,0,0,1,0.476595440577432,2,
"inflect_ward_k38",7,280345,"CD303_TCRvd2","no_detected_multimodality","neither test rejects in any seed",3,0,0,0,1,0.753845672836418,2,
"inflect_ward_k38",7,280345,"CD38","no_detected_multimodality","neither test rejects in any seed",3,0,0,0,1,0.922615153730712,2,
"inflect_ward_k38",7,280345,"CD4","no_detected_multimodality","neither test rejects in any seed",3,0,0,0,1,0.476595440577432,2,
"inflect_ward_k38",7,280345,"CD45RA","no_detected_multimodality","neither test rejects in any seed",3,0,0,0,1,0.922615153730712,2,"stratified_5_percent_pass_audit"
"inflect_ward_k38",7,280345,"CD56","no_detected_multimodality","neither test rejects in any seed",3,0,0,0,1,0.726363181590795,2,
"inflect_ward_k38",7,280345,"CD57","detected_multimodality","both tests reject in at least two seeds",3,3,3,3,0,0,2,"detected_multimodality"
"inflect_ward_k38",7,280345,"CD7","no_detected_multimodality","neither test rejects in any seed",3,0,0,0,1,0.753845672836418,2,
"inflect_ward_k38",7,280345,"CD8","no_detected_multimodality","neither test rejects in any seed",3,0,0,0,1,0.59159579789895,2,
"inflect_ward_k38",7,280345,"FoxP3","no_detected_multimodality","neither test rejects in any seed",3,0,0,0,1,0.850925462731366,2,
"inflect_ward_k38",7,280345,"HLA-DR","no_detected_multimodality","neither test rejects in any seed",3,0,0,0,1,0.974987493746873,2,
"inflect_ward_k38",7,280345,"Tbet","no_detected_multimodality","neither test rejects in any seed",3,0,0,0,1,0.753845672836418,2,
"inflect_ward_k38",7,280345,"TCRgd_CD141","no_detected_multimodality","neither test rejects in any seed",3,0,0,0,1,0.43671835917959,2,
"inflect_ward_k38",8,666506,"CD11c","no_detected_multimodality","neither test rejects in any seed",3,0,0,0,1,0.848224112056028,3,
"inflect_ward_k38",8,666506,"CD127","no_detected_multimodality","neither test rejects in any seed",3,0,0,0,1,0.848224112056028,3,
"inflect_ward_k38",8,666506,"CD14","no_detected_multimodality","neither test rejects in any seed",3,0,0,0,1,0.981490745372686,3,
"inflect_ward_k38",8,666506,"CD159c_NKG2C","ambiguous","borderline_q",3,0,0,0,1,0.0742871435717859,3,"ambiguous"
"inflect_ward_k38",8,666506,"CD16","no_detected_multimodality","neither test rejects in any seed",3,0,0,0,1,0.666333166583292,3,
"inflect_ward_k38",8,666506,"CD161","no_detected_multimodality","neither test rejects in any seed",3,0,0,0,1,0.848224112056028,3,"stratified_5_percent_pass_audit"
"inflect_ward_k38",8,666506,"CD185_CXCR5","no_detected_multimodality","neither test rejects in any seed",3,0,0,0,1,0.937754591581505,3,
"inflect_ward_k38",8,666506,"CD19","no_detected_multimodality","neither test rejects in any seed",3,0,0,0,1,0.848224112056028,3,
"inflect_ward_k38",8,666506,"CD197_CCR7","no_detected_multimodality","neither test rejects in any seed",3,0,0,0,1,0.981490745372686,3,
"inflect_ward_k38",8,666506,"CD1c","no_detected_multimodality","neither test rejects in any seed",3,0,0,0,1,0.848224112056028,3,
"inflect_ward_k38",8,666506,"CD21","ambiguous","borderline_q",3,0,0,0,1,0.0720360180090045,3,"ambiguous"
"inflect_ward_k38",8,666506,"CD25","no_detected_multimodality","neither test rejects in any seed",3,0,0,0,1,0.848224112056028,3,
"inflect_ward_k38",8,666506,"CD27","no_detected_multimodality","neither test rejects in any seed",3,0,0,0,1,0.293771885942971,3,
"inflect_ward_k38",8,666506,"CD294_CRTH2","no_detected_multimodality","neither test rejects in any seed",3,0,0,0,1,0.848224112056028,3,
"inflect_ward_k38",8,666506,"CD3","no_detected_multimodality","neither test rejects in any seed",3,0,0,0,1,0.981490745372686,3,"stratified_5_percent_pass_audit"
"inflect_ward_k38",8,666506,"CD303_TCRvd2","no_detected_multimodality","neither test rejects in any seed",3,0,0,0,1,0.848224112056028,3,
"inflect_ward_k38",8,666506,"CD38","no_detected_multimodality","neither test rejects in any seed",3,0,0,0,1,0.981490745372686,3,
"inflect_ward_k38",8,666506,"CD4","no_detected_multimodality","neither test rejects in any seed",3,0,0,0,1,0.848224112056028,3,
"inflect_ward_k38",8,666506,"CD45RA","ambiguous","seed_instability",3,1,1,1,0.000185989130343844,0,3,"ambiguous"
"inflect_ward_k38",8,666506,"CD56","no_detected_multimodality","neither test rejects in any seed",3,0,0,0,1,0.981490745372686,3,
"inflect_ward_k38",8,666506,"CD57","ambiguous","discordant_tests;seed_instability;borderline_q",3,0,0,1,1,0.0270135067533767,3,"ambiguous"
"inflect_ward_k38",8,666506,"CD7","no_detected_multimodality","neither test rejects in any seed",3,0,0,0,1,0.737806403201601,3,"stratified_5_percent_pass_audit"
"inflect_ward_k38",8,666506,"CD8","no_detected_multimodality","neither test rejects in any seed",3,0,0,0,1,0.981490745372686,3,
"inflect_ward_k38",8,666506,"FoxP3","no_detected_multimodality","neither test rejects in any seed",3,0,0,0,1,0.293771885942971,3,
"inflect_ward_k38",8,666506,"HLA-DR","no_detected_multimodality","neither test rejects in any seed",3,0,0,0,1,0.666333166583292,3,"stratified_5_percent_pass_audit"
"inflect_ward_k38",8,666506,"Tbet","no_detected_multimodality","neither test rejects in any seed",3,0,0,0,1,0.472736368184092,3,
"inflect_ward_k38",8,666506,"TCRgd_CD141","no_detected_multimodality","neither test rejects in any seed",3,0,0,0,1,0.848224112056028,3,
"inflect_ward_k38",9,582601,"CD11c","ambiguous","discordant_tests;seed_instability",3,0,0,1,1,0.040520260130065,3,"ambiguous"
"inflect_ward_k38",9,582601,"CD127","no_detected_multimodality","neither test rejects in any seed",3,0,0,0,1,0.982991495747874,3,"stratified_5_percent_pass_audit"
"inflect_ward_k38",9,582601,"CD14","no_detected_multimodality","neither test rejects in any seed",3,0,0,0,1,0.982991495747874,3,
"inflect_ward_k38",9,582601,"CD159c_NKG2C","no_detected_multimodality","neither test rejects in any seed",3,0,0,0,1,0.864432216108054,3,
"inflect_ward_k38",9,582601,"CD16","no_detected_multimodality","neither test rejects in any seed",3,0,0,0,1,0.126063031515758,3,"stratified_5_percent_pass_audit"
"inflect_ward_k38",9,582601,"CD161","detected_multimodality","both tests reject in at least two seeds",3,3,3,3,0.000114404647961086,0,3,"detected_multimodality"
"inflect_ward_k38",9,582601,"CD185_CXCR5","no_detected_multimodality","neither test rejects in any seed",3,0,0,0,1,0.841470735367684,3,
"inflect_ward_k38",9,582601,"CD19","no_detected_multimodality","neither test rejects in any seed",3,0,0,0,1,0.982991495747874,3,
"inflect_ward_k38",9,582601,"CD197_CCR7","no_detected_multimodality","neither test rejects in any seed",3,0,0,0,1,0.841470735367684,3,
"inflect_ward_k38",9,582601,"CD1c","no_detected_multimodality","neither test rejects in any seed",3,0,0,0,1,0.982991495747874,3,"stratified_5_percent_pass_audit"
"inflect_ward_k38",9,582601,"CD21","no_detected_multimodality","neither test rejects in any seed",3,0,0,0,1,0.973714129792169,3,
"inflect_ward_k38",9,582601,"CD25","no_detected_multimodality","neither test rejects in any seed",3,0,0,0,1,0.982991495747874,3,"stratified_5_percent_pass_audit"
"inflect_ward_k38",9,582601,"CD27","no_detected_multimodality","neither test rejects in any seed",3,0,0,0,1,0.982991495747874,3,
"inflect_ward_k38",9,582601,"CD294_CRTH2","no_detected_multimodality","neither test rejects in any seed",3,0,0,0,1,0.841470735367684,3,"stratified_5_percent_pass_audit"
"inflect_ward_k38",9,582601,"CD3","no_detected_multimodality","neither test rejects in any seed",3,0,0,0,1,0.982991495747874,3,
"inflect_ward_k38",9,582601,"CD303_TCRvd2","no_detected_multimodality","neither test rejects in any seed",3,0,0,0,1,0.982991495747874,3,
"inflect_ward_k38",9,582601,"CD38","no_detected_multimodality","neither test rejects in any seed",3,0,0,0,1,0.973714129792169,3,
"inflect_ward_k38",9,582601,"CD4","no_detected_multimodality","neither test rejects in any seed",3,0,0,0,1,0.841470735367684,3,
"inflect_ward_k38",9,582601,"CD45RA","no_detected_multimodality","neither test rejects in any seed",3,0,0,0,1,0.629414707353677,3,
"inflect_ward_k38",9,582601,"CD56","no_detected_multimodality","neither test rejects in any seed",3,0,0,0,1,0.969369300034633,3,
"inflect_ward_k38",9,582601,"CD57","ambiguous","discordant_tests;seed_instability",3,0,0,1,1,0.040520260130065,3,"ambiguous"
"inflect_ward_k38",9,582601,"CD7","no_detected_multimodality","neither test rejects in any seed",3,0,0,0,1,0.841470735367684,3,
"inflect_ward_k38",9,582601,"CD8","no_detected_multimodality","neither test rejects in any seed",3,0,0,0,1,0.969369300034633,3,
"inflect_ward_k38",9,582601,"FoxP3","no_detected_multimodality","neither test rejects in any seed",3,0,0,0,1,0.982991495747874,3,
"inflect_ward_k38",9,582601,"HLA-DR","no_detected_multimodality","neither test rejects in any seed",3,0,0,0,1,0.982991495747874,3,
"inflect_ward_k38",9,582601,"Tbet","no_detected_multimodality","neither test rejects in any seed",3,0,0,0,1,0.126063031515758,3,
"inflect_ward_k38",9,582601,"TCRgd_CD141","no_detected_multimodality","neither test rejects in any seed",3,0,0,0,1,0.171085542771386,3,
"inflect_ward_k38",10,46765,"CD11c","ambiguous","discordant_tests;seed_instability;borderline_q",3,1,1,3,0.000577650787834005,0,1,"ambiguous"
"inflect_ward_k38",10,46765,"CD127","no_detected_multimodality","neither test rejects in any seed",3,0,0,0,1,0.837418709354677,1,"stratified_5_percent_pass_audit"
"inflect_ward_k38",10,46765,"CD14","no_detected_multimodality","neither test rejects in any seed",3,0,0,0,1,0.837418709354677,1,"stratified_5_percent_pass_audit"
"inflect_ward_k38",10,46765,"CD159c_NKG2C","no_detected_multimodality","neither test rejects in any seed",3,0,0,0,1,0.583907338284527,1,"stratified_5_percent_pass_audit"
"inflect_ward_k38",10,46765,"CD16","no_detected_multimodality","neither test rejects in any seed",3,0,0,0,1,0.388694347173587,1,
"inflect_ward_k38",10,46765,"CD161","ambiguous","borderline_q",3,0,0,0,1,0.0607803901950975,1,"ambiguous"
"inflect_ward_k38",10,46765,"CD185_CXCR5","no_detected_multimodality","neither test rejects in any seed",3,0,0,0,1,0.845297648824412,1,
"inflect_ward_k38",10,46765,"CD19","no_detected_multimodality","neither test rejects in any seed",3,0,0,0,1,0.167869649110269,1,
"inflect_ward_k38",10,46765,"CD197_CCR7","no_detected_multimodality","neither test rejects in any seed",3,0,0,0,1,0.583907338284527,1,
"inflect_ward_k38",10,46765,"CD1c","no_detected_multimodality","neither test rejects in any seed",3,0,0,0,1,0.586351999529176,1,
"inflect_ward_k38",10,46765,"CD21","no_detected_multimodality","neither test rejects in any seed",3,0,0,0,1,0.936828414207104,1,
"inflect_ward_k38",10,46765,"CD25","no_detected_multimodality","neither test rejects in any seed",3,0,0,0,1,0.845297648824412,1,
"inflect_ward_k38",10,46765,"CD27","ambiguous","discordant_tests;seed_instability",3,0,0,1,1,0.0168834417208604,1,"ambiguous"
"inflect_ward_k38",10,46765,"CD294_CRTH2","no_detected_multimodality","neither test rejects in any seed",3,0,0,0,1,0.583907338284527,1,
"inflect_ward_k38",10,46765,"CD3","detected_multimodality","both tests reject in at least two seeds",3,3,3,3,0,0,1,"detected_multimodality"
"inflect_ward_k38",10,46765,"CD303_TCRvd2","no_detected_multimodality","neither test rejects in any seed",3,0,0,0,1,0.422761380690345,1,
"inflect_ward_k38",10,46765,"CD38","no_detected_multimodality","neither test rejects in any seed",3,0,0,0,1,0.348474237118559,1,
"inflect_ward_k38",10,46765,"CD4","no_detected_multimodality","neither test rejects in any seed",3,0,0,0,1,0.422761380690345,1,
"inflect_ward_k38",10,46765,"CD45RA","no_detected_multimodality","neither test rejects in any seed",3,0,0,0,1,0.167869649110269,1,
"inflect_ward_k38",10,46765,"CD56","detected_multimodality","both tests reject in at least two seeds",3,2,2,3,0,0,1,"detected_multimodality"
"inflect_ward_k38",10,46765,"CD57","ambiguous","discordant_tests;seed_instability",3,0,0,1,1,0,1,"ambiguous"
"inflect_ward_k38",10,46765,"CD7","no_detected_multimodality","neither test rejects in any seed",3,0,0,0,1,0.381565782891446,1,
"inflect_ward_k38",10,46765,"CD8","no_detected_multimodality","neither test rejects in any seed",3,0,0,0,1,0.357928964482241,1,
"inflect_ward_k38",10,46765,"FoxP3","no_detected_multimodality","neither test rejects in any seed",3,0,0,0,1,0.586351999529176,1,
"inflect_ward_k38",10,46765,"HLA-DR","no_detected_multimodality","neither test rejects in any seed",3,0,0,0,1,0.907549928810559,1,
"inflect_ward_k38",10,46765,"Tbet","no_detected_multimodality","neither test rejects in any seed",3,0,0,0,1,0.422761380690345,1,
"inflect_ward_k38",10,46765,"TCRgd_CD141","no_detected_multimodality","neither test rejects in any seed",3,0,0,0,1,0.422761380690345,1,
"inflect_ward_k38",11,608176,"CD11c","no_detected_multimodality","neither test rejects in any seed",3,0,0,0,0.999877576880795,0.364682341170585,3,
"inflect_ward_k38",11,608176,"CD127","no_detected_multimodality","neither test rejects in any seed",3,0,0,0,0.999877576880795,0.48624312156078,3,
"inflect_ward_k38",11,608176,"CD14","no_detected_multimodality","neither test rejects in any seed",3,0,0,0,0.999877576880795,0.711885354441927,3,
"inflect_ward_k38",11,608176,"CD159c_NKG2C","no_detected_multimodality","neither test rejects in any seed",3,0,0,0,0.999877576880795,0.48624312156078,3,
"inflect_ward_k38",11,608176,"CD16","no_detected_multimodality","neither test rejects in any seed",3,0,0,0,0.999877576880795,0.854977488744372,3,
"inflect_ward_k38",11,608176,"CD161","no_detected_multimodality","neither test rejects in any seed",3,0,0,0,0.999877576880795,0.48624312156078,3,
"inflect_ward_k38",11,608176,"CD185_CXCR5","no_detected_multimodality","neither test rejects in any seed",3,0,0,0,0.999877576880795,0.711885354441927,3,
"inflect_ward_k38",11,608176,"CD19","no_detected_multimodality","neither test rejects in any seed",3,0,0,0,0.999877576880795,0.11255627813907,3,
"inflect_ward_k38",11,608176,"CD197_CCR7","no_detected_multimodality","neither test rejects in any seed",3,0,0,0,0.999877576880795,0.74152076038019,3,
"inflect_ward_k38",11,608176,"CD1c","ambiguous","borderline_q",3,0,0,0,0.999877576880795,0.0877938969484742,3,"ambiguous"
"inflect_ward_k38",11,608176,"CD21","no_detected_multimodality","neither test rejects in any seed",3,0,0,0,0.999877576880795,0.711885354441927,3,
"inflect_ward_k38",11,608176,"CD25","no_detected_multimodality","neither test rejects in any seed",3,0,0,0,0.999877576880795,0.711885354441927,3,
"inflect_ward_k38",11,608176,"CD27","no_detected_multimodality","neither test rejects in any seed",3,0,0,0,0.999877576880795,0.48624312156078,3,"stratified_5_percent_pass_audit"
"inflect_ward_k38",11,608176,"CD294_CRTH2","no_detected_multimodality","neither test rejects in any seed",3,0,0,0,0.999877576880795,0.178964482241121,3,
"inflect_ward_k38",11,608176,"CD3","no_detected_multimodality","neither test rejects in any seed",3,0,0,0,0.999877576880795,0.74152076038019,3,
"inflect_ward_k38",11,608176,"CD303_TCRvd2","no_detected_multimodality","neither test rejects in any seed",3,0,0,0,0.999877576880795,0.711885354441927,3,
"inflect_ward_k38",11,608176,"CD38","no_detected_multimodality","neither test rejects in any seed",3,0,0,0,0.999877576880795,0.48624312156078,3,
"inflect_ward_k38",11,608176,"CD4","no_detected_multimodality","neither test rejects in any seed",3,0,0,0,0.999877576880795,0.817452204363051,3,
"inflect_ward_k38",11,608176,"CD45RA","no_detected_multimodality","neither test rejects in any seed",3,0,0,0,0.999877576880795,0.208004002001001,3,
"inflect_ward_k38",11,608176,"CD56","no_detected_multimodality","neither test rejects in any seed",3,0,0,0,0.999877576880795,0.668584292146073,3,
"inflect_ward_k38",11,608176,"CD57","detected_multimodality","both tests reject in at least two seeds",3,3,3,3,0,0,3,"detected_multimodality"
"inflect_ward_k38",11,608176,"CD7","no_detected_multimodality","neither test rejects in any seed",3,0,0,0,0.999877576880795,0.817452204363051,3,
"inflect_ward_k38",11,608176,"CD8","no_detected_multimodality","neither test rejects in any seed",3,0,0,0,0.999877576880795,0.802687057814622,3,
"inflect_ward_k38",11,608176,"FoxP3","no_detected_multimodality","neither test rejects in any seed",3,0,0,0,0.999877576880795,0.669334667333667,3,"stratified_5_percent_pass_audit"
"inflect_ward_k38",11,608176,"HLA-DR","no_detected_multimodality","neither test rejects in any seed",3,0,0,0,0.999877576880795,0.817452204363051,3,
"inflect_ward_k38",11,608176,"Tbet","no_detected_multimodality","neither test rejects in any seed",3,0,0,0,0.999877576880795,0.48624312156078,3,"stratified_5_percent_pass_audit"
"inflect_ward_k38",11,608176,"TCRgd_CD141","no_detected_multimodality","neither test rejects in any seed",3,0,0,0,0.999877576880795,0.182341170585293,3,
"inflect_ward_k38",12,179840,"CD11c","ambiguous","discordant_tests;seed_instability",3,0,0,1,1,0.040520260130065,2,"ambiguous"
"inflect_ward_k38",12,179840,"CD127","no_detected_multimodality","neither test rejects in any seed",3,0,0,0,1,0.717279692477818,2,"stratified_5_percent_pass_audit"
"inflect_ward_k38",12,179840,"CD14","no_detected_multimodality","neither test rejects in any seed",3,0,0,0,1,0.361305652826413,2,
"inflect_ward_k38",12,179840,"CD159c_NKG2C","no_detected_multimodality","neither test rejects in any seed",3,0,0,0,1,0.900040929555687,2,
"inflect_ward_k38",12,179840,"CD16","no_detected_multimodality","neither test rejects in any seed",3,0,0,0,1,0.767858929464732,2,
"inflect_ward_k38",12,179840,"CD161","no_detected_multimodality","neither test rejects in any seed",3,0,0,0,1,0.646073036518259,2,
"inflect_ward_k38",12,179840,"CD185_CXCR5","no_detected_multimodality","neither test rejects in any seed",3,0,0,0,1,0.717279692477818,2,"stratified_5_percent_pass_audit"
"inflect_ward_k38",12,179840,"CD19","ambiguous","borderline_q",3,0,0,0,1,0.0675337668834417,2,"ambiguous"
"inflect_ward_k38",12,179840,"CD197_CCR7","no_detected_multimodality","neither test rejects in any seed",3,0,0,0,1,0.732741370685343,2,"stratified_5_percent_pass_audit"
"inflect_ward_k38",12,179840,"CD1c","no_detected_multimodality","neither test rejects in any seed",3,0,0,0,1,0.834301766267749,2,
"inflect_ward_k38",12,179840,"CD21","no_detected_multimodality","neither test rejects in any seed",3,0,0,0,1,0.632887872507682,2,
"inflect_ward_k38",12,179840,"CD25","no_detected_multimodality","neither test rejects in any seed",3,0,0,0,1,0.646073036518259,2,
"inflect_ward_k38",12,179840,"CD27","no_detected_multimodality","neither test rejects in any seed",3,0,0,0,1,0.717279692477818,2,
"inflect_ward_k38",12,179840,"CD294_CRTH2","no_detected_multimodality","neither test rejects in any seed",3,0,0,0,1,0.275923676123776,2,
"inflect_ward_k38",12,179840,"CD3","detected_multimodality","both tests reject in at least two seeds",3,3,3,3,0,0,2,"detected_multimodality"
"inflect_ward_k38",12,179840,"CD303_TCRvd2","no_detected_multimodality","neither test rejects in any seed",3,0,0,0,1,0.275923676123776,2,
"inflect_ward_k38",12,179840,"CD38","no_detected_multimodality","neither test rejects in any seed",3,0,0,0,1,0.944298236074559,2,
"inflect_ward_k38",12,179840,"CD4","no_detected_multimodality","neither test rejects in any seed",3,0,0,0,1,0.543646823411706,2,
"inflect_ward_k38",12,179840,"CD45RA","no_detected_multimodality","neither test rejects in any seed",3,0,0,0,1,0.717279692477818,2,
"inflect_ward_k38",12,179840,"CD56","detected_multimodality","both tests reject in at least two seeds",3,3,3,3,0,0,2,"detected_multimodality"
"inflect_ward_k38",12,179840,"CD57","detected_multimodality","both tests reject in at least two seeds",3,3,3,3,0,0,2,"detected_multimodality"
"inflect_ward_k38",12,179840,"CD7","no_detected_multimodality","neither test rejects in any seed",3,0,0,0,1,0.632887872507682,2,
"inflect_ward_k38",12,179840,"CD8","no_detected_multimodality","neither test rejects in any seed",3,0,0,0,1,0.717279692477818,2,
"inflect_ward_k38",12,179840,"FoxP3","no_detected_multimodality","neither test rejects in any seed",3,0,0,0,1,0.290395197598799,2,
"inflect_ward_k38",12,179840,"HLA-DR","no_detected_multimodality","neither test rejects in any seed",3,0,0,0,1,0.717279692477818,2,
"inflect_ward_k38",12,179840,"Tbet","no_detected_multimodality","neither test rejects in any seed",3,0,0,0,1,0.632887872507682,2,
"inflect_ward_k38",12,179840,"TCRgd_CD141","no_detected_multimodality","neither test rejects in any seed",3,0,0,0,1,0.275923676123776,2,
"inflect_ward_k38",13,175259,"CD11c","ambiguous","borderline_q",3,0,0,0,1,0.0810405202601301,2,"ambiguous"
"inflect_ward_k38",13,175259,"CD127","no_detected_multimodality","neither test rejects in any seed",3,0,0,0,1,0.473775349213068,2,
"inflect_ward_k38",13,175259,"CD14","no_detected_multimodality","neither test rejects in any seed",3,0,0,0,1,0.753534662067876,2,
"inflect_ward_k38",13,175259,"CD159c_NKG2C","no_detected_multimodality","neither test rejects in any seed",3,0,0,0,1,0.175587793896948,2,
"inflect_ward_k38",13,175259,"CD16","no_detected_multimodality","neither test rejects in any seed",3,0,0,0,1,0.497498749374687,2,
"inflect_ward_k38",13,175259,"CD161","detected_multimodality","both tests reject in at least two seeds",3,2,2,3,0,0,2,"detected_multimodality"
"inflect_ward_k38",13,175259,"CD185_CXCR5","no_detected_multimodality","neither test rejects in any seed",3,0,0,0,1,0.473775349213068,2,
"inflect_ward_k38",13,175259,"CD19","no_detected_multimodality","neither test rejects in any seed",3,0,0,0,1,0.473775349213068,2,
"inflect_ward_k38",13,175259,"CD197_CCR7","no_detected_multimodality","neither test rejects in any seed",3,0,0,0,1,0.473775349213068,2,
"inflect_ward_k38",13,175259,"CD1c","no_detected_multimodality","neither test rejects in any seed",3,0,0,0,1,0.652826413206603,2,
"inflect_ward_k38",13,175259,"CD21","no_detected_multimodality","neither test rejects in any seed",3,0,0,0,1,0.473775349213068,2,
"inflect_ward_k38",13,175259,"CD25","no_detected_multimodality","neither test rejects in any seed",3,0,0,0,1,0.81233473879797,2,
"inflect_ward_k38",13,175259,"CD27","no_detected_multimodality","neither test rejects in any seed",3,0,0,0,1,0.902496702896903,2,
"inflect_ward_k38",13,175259,"CD294_CRTH2","no_detected_multimodality","neither test rejects in any seed",3,0,0,0,1,0.81233473879797,2,
"inflect_ward_k38",13,175259,"CD3","no_detected_multimodality","neither test rejects in any seed",3,0,0,0,1,0.364682341170585,2,
"inflect_ward_k38",13,175259,"CD303_TCRvd2","ambiguous","borderline_q",3,0,0,0,1,0.0765382691345673,2,"ambiguous"
"inflect_ward_k38",13,175259,"CD38","no_detected_multimodality","neither test rejects in any seed",3,0,0,0,1,0.118184092046023,2,
"inflect_ward_k38",13,175259,"CD4","no_detected_multimodality","neither test rejects in any seed",3,0,0,0,1,0.570660330165083,2,
"inflect_ward_k38",13,175259,"CD45RA","no_detected_multimodality","neither test rejects in any seed",3,0,0,0,1,0.833895208473802,2,
"inflect_ward_k38",13,175259,"CD56","no_detected_multimodality","neither test rejects in any seed",3,0,0,0,1,0.148574287143572,2,
"inflect_ward_k38",13,175259,"CD57","no_detected_multimodality","neither test rejects in any seed",3,0,0,0,1,0.473775349213068,2,"stratified_5_percent_pass_audit"
"inflect_ward_k38",13,175259,"CD7","no_detected_multimodality","neither test rejects in any seed",3,0,0,0,1,0.473775349213068,2,
"inflect_ward_k38",13,175259,"CD8","no_detected_multimodality","neither test rejects in any seed",3,0,0,0,1,0.753534662067876,2,
"inflect_ward_k38",13,175259,"FoxP3","no_detected_multimodality","neither test rejects in any seed",3,0,0,0,1,0.652826413206603,2,"stratified_5_percent_pass_audit"
"inflect_ward_k38",13,175259,"HLA-DR","no_detected_multimodality","neither test rejects in any seed",3,0,0,0,1,0.971985992996498,2,
"inflect_ward_k38",13,175259,"Tbet","ambiguous","discordant_tests;seed_instability;borderline_q",3,0,0,1,1,0.00675337668834417,2,"ambiguous"
"inflect_ward_k38",13,175259,"TCRgd_CD141","no_detected_multimodality","neither test rejects in any seed",3,0,0,0,1,0.364682341170585,2,
"inflect_ward_k38",14,132476,"CD11c","ambiguous","discordant_tests;seed_instability;borderline_q",3,0,0,1,0.072040351654894,0,1,"ambiguous"
"inflect_ward_k38",14,132476,"CD127","no_detected_multimodality","neither test rejects in any seed",3,0,0,0,0.999685656906453,0.724502251125563,1,
"inflect_ward_k38",14,132476,"CD14","no_detected_multimodality","neither test rejects in any seed",3,0,0,0,0.999685656906453,0.171085542771386,1,
"inflect_ward_k38",14,132476,"CD159c_NKG2C","detected_multimodality","both tests reject in at least two seeds",3,3,3,3,0,0,1,"detected_multimodality"
"inflect_ward_k38",14,132476,"CD16","no_detected_multimodality","neither test rejects in any seed",3,0,0,0,0.999685656906453,0.565354105624241,1,
"inflect_ward_k38",14,132476,"CD161","no_detected_multimodality","neither test rejects in any seed",3,0,0,0,0.999685656906453,0.724502251125563,1,
"inflect_ward_k38",14,132476,"CD185_CXCR5","no_detected_multimodality","neither test rejects in any seed",3,0,0,0,0.999685656906453,0.889944972486243,1,"stratified_5_percent_pass_audit"
"inflect_ward_k38",14,132476,"CD19","no_detected_multimodality","neither test rejects in any seed",3,0,0,0,0.999685656906453,0.71135567783892,1,
"inflect_ward_k38",14,132476,"CD197_CCR7","no_detected_multimodality","neither test rejects in any seed",3,0,0,0,0.999685656906453,0.71135567783892,1,
"inflect_ward_k38",14,132476,"CD1c","no_detected_multimodality","neither test rejects in any seed",3,0,0,0,0.999685656906453,0.71135567783892,1,
"inflect_ward_k38",14,132476,"CD21","no_detected_multimodality","neither test rejects in any seed",3,0,0,0,0.999685656906453,0.63988244122061,1,
"inflect_ward_k38",14,132476,"CD25","no_detected_multimodality","neither test rejects in any seed",3,0,0,0,0.999685656906453,0.565354105624241,1,
"inflect_ward_k38",14,132476,"CD27","no_detected_multimodality","neither test rejects in any seed",3,0,0,0,0.999685656906453,0.565354105624241,1,
"inflect_ward_k38",14,132476,"CD294_CRTH2","no_detected_multimodality","neither test rejects in any seed",3,0,0,0,0.999685656906453,0.724502251125563,1,
"inflect_ward_k38",14,132476,"CD3","no_detected_multimodality","neither test rejects in any seed",3,0,0,0,0.999685656906453,0.565354105624241,1,"stratified_5_percent_pass_audit"
"inflect_ward_k38",14,132476,"CD303_TCRvd2","no_detected_multimodality","neither test rejects in any seed",3,0,0,0,0.999685656906453,0.565354105624241,1,
"inflect_ward_k38",14,132476,"CD38","no_detected_multimodality","neither test rejects in any seed",3,0,0,0,0.999685656906453,0.71135567783892,1,
"inflect_ward_k38",14,132476,"CD4","no_detected_multimodality","neither test rejects in any seed",3,0,0,0,0.999685656906453,0.71135567783892,1,"stratified_5_percent_pass_audit"
"inflect_ward_k38",14,132476,"CD45RA","no_detected_multimodality","neither test rejects in any seed",3,0,0,0,0.999685656906453,0.724502251125563,1,
"inflect_ward_k38",14,132476,"CD56","no_detected_multimodality","neither test rejects in any seed",3,0,0,0,0.999685656906453,0.71135567783892,1,"stratified_5_percent_pass_audit"
"inflect_ward_k38",14,132476,"CD57","no_detected_multimodality","neither test rejects in any seed",3,0,0,0,0.999685656906453,0.724502251125563,1,
"inflect_ward_k38",14,132476,"CD7","no_detected_multimodality","neither test rejects in any seed",3,0,0,0,0.999685656906453,0.724502251125563,1,
"inflect_ward_k38",14,132476,"CD8","no_detected_multimodality","neither test rejects in any seed",3,0,0,0,0.999685656906453,0.889944972486243,1,"stratified_5_percent_pass_audit"
"inflect_ward_k38",14,132476,"FoxP3","no_detected_multimodality","neither test rejects in any seed",3,0,0,0,0.999685656906453,0.724502251125563,1,
"inflect_ward_k38",14,132476,"HLA-DR","no_detected_multimodality","neither test rejects in any seed",3,0,0,0,0.999685656906453,0.724502251125563,1,
"inflect_ward_k38",14,132476,"Tbet","no_detected_multimodality","neither test rejects in any seed",3,0,0,0,0.999685656906453,0.724502251125563,1,
"inflect_ward_k38",14,132476,"TCRgd_CD141","no_detected_multimodality","neither test rejects in any seed",3,0,0,0,0.999685656906453,0.71135567783892,1,
"inflect_ward_k38",15,195943,"CD11c","no_detected_multimodality","neither test rejects in any seed",3,0,0,0,1,0.932466233116558,2,"stratified_5_percent_pass_audit"
"inflect_ward_k38",15,195943,"CD127","no_detected_multimodality","neither test rejects in any seed",3,0,0,0,1,0.826913456728364,2,
"inflect_ward_k38",15,195943,"CD14","no_detected_multimodality","neither test rejects in any seed",3,0,0,0,1,0.772136068034017,2,
"inflect_ward_k38",15,195943,"CD159c_NKG2C","no_detected_multimodality","neither test rejects in any seed",3,0,0,0,1,0.247623811905953,2,
"inflect_ward_k38",15,195943,"CD16","no_detected_multimodality","neither test rejects in any seed",3,0,0,0,1,0.826913456728364,2,
"inflect_ward_k38",15,195943,"CD161","detected_multimodality","both tests reject in at least two seeds",3,3,3,3,0,0,2,"detected_multimodality"
"inflect_ward_k38",15,195943,"CD185_CXCR5","no_detected_multimodality","neither test rejects in any seed",3,0,0,0,1,0.793039376831273,2,
"inflect_ward_k38",15,195943,"CD19","no_detected_multimodality","neither test rejects in any seed",3,0,0,0,1,0.826913456728364,2,
"inflect_ward_k38",15,195943,"CD197_CCR7","no_detected_multimodality","neither test rejects in any seed",3,0,0,0,1,0.890734841104763,2,
"inflect_ward_k38",15,195943,"CD1c","no_detected_multimodality","neither test rejects in any seed",3,0,0,0,1,0.290395197598799,2,
"inflect_ward_k38",15,195943,"CD21","no_detected_multimodality","neither test rejects in any seed",3,0,0,0,1,0.826913456728364,2,
"inflect_ward_k38",15,195943,"CD25","no_detected_multimodality","neither test rejects in any seed",3,0,0,0,1,0.826913456728364,2,
"inflect_ward_k38",15,195943,"CD27","detected_multimodality","both tests reject in at least two seeds",3,3,3,3,0,0,2,"detected_multimodality"
"inflect_ward_k38",15,195943,"CD294_CRTH2","no_detected_multimodality","neither test rejects in any seed",3,0,0,0,1,0.854302151075538,2,
"inflect_ward_k38",15,195943,"CD3","no_detected_multimodality","neither test rejects in any seed",3,0,0,0,1,0.793039376831273,2,
"inflect_ward_k38",15,195943,"CD303_TCRvd2","no_detected_multimodality","neither test rejects in any seed",3,0,0,0,1,0.772136068034017,2,
"inflect_ward_k38",15,195943,"CD38","no_detected_multimodality","neither test rejects in any seed",3,0,0,0,1,0.826913456728364,2,
"inflect_ward_k38",15,195943,"CD4","no_detected_multimodality","neither test rejects in any seed",3,0,0,0,1,0.826913456728364,2,"stratified_5_percent_pass_audit"
"inflect_ward_k38",15,195943,"CD45RA","no_detected_multimodality","neither test rejects in any seed",3,0,0,0,1,0.793039376831273,2,
"inflect_ward_k38",15,195943,"CD56","no_detected_multimodality","neither test rejects in any seed",3,0,0,0,1,0.826913456728364,2,
"inflect_ward_k38",15,195943,"CD57","no_detected_multimodality","neither test rejects in any seed",3,0,0,0,1,0.895129382873255,2,
"inflect_ward_k38",15,195943,"CD7","no_detected_multimodality","neither test rejects in any seed",3,0,0,0,1,0.793039376831273,2,
"inflect_ward_k38",15,195943,"CD8","no_detected_multimodality","neither test rejects in any seed",3,0,0,0,1,0.898874437218609,2,
"inflect_ward_k38",15,195943,"FoxP3","no_detected_multimodality","neither test rejects in any seed",3,0,0,0,1,0.919809904952476,2,
"inflect_ward_k38",15,195943,"HLA-DR","no_detected_multimodality","neither test rejects in any seed",3,0,0,0,1,0.906126976531744,2,
"inflect_ward_k38",15,195943,"Tbet","no_detected_multimodality","neither test rejects in any seed",3,0,0,0,1,0.906126976531744,2,
"inflect_ward_k38",15,195943,"TCRgd_CD141","no_detected_multimodality","neither test rejects in any seed",3,0,0,0,1,0.826913456728364,2,
"inflect_ward_k38",16,6160354,"CD11c","no_detected_multimodality","neither test rejects in any seed",3,0,0,0,1,0.110755377688844,4,
"inflect_ward_k38",16,6160354,"CD127","ambiguous","discordant_tests",3,0,0,3,0.10389332845817,0,4,"ambiguous"
"inflect_ward_k38",16,6160354,"CD14","no_detected_multimodality","neither test rejects in any seed",3,0,0,0,1,0.551847352247552,4,
"inflect_ward_k38",16,6160354,"CD159c_NKG2C","no_detected_multimodality","neither test rejects in any seed",3,0,0,0,1,0.725312656328164,4,
"inflect_ward_k38",16,6160354,"CD16","ambiguous","borderline_q",3,0,0,0,1,0.0810405202601301,4,"ambiguous"
"inflect_ward_k38",16,6160354,"CD161","ambiguous","discordant_tests;seed_instability",3,0,0,1,1,0.00540270135067534,4,"ambiguous"
"inflect_ward_k38",16,6160354,"CD185_CXCR5","no_detected_multimodality","neither test rejects in any seed",3,0,0,0,1,0.450787893946973,4,
"inflect_ward_k38",16,6160354,"CD19","no_detected_multimodality","neither test rejects in any seed",3,0,0,0,1,0.724169777196291,4,
"inflect_ward_k38",16,6160354,"CD197_CCR7","detected_multimodality","both tests reject in at least two seeds",3,3,3,3,0,0,4,"detected_multimodality"
"inflect_ward_k38",16,6160354,"CD1c","no_detected_multimodality","neither test rejects in any seed",3,0,0,0,1,0.839348245551347,4,
"inflect_ward_k38",16,6160354,"CD21","no_detected_multimodality","neither test rejects in any seed",3,0,0,0,1,0.777988994497249,4,"stratified_5_percent_pass_audit"
"inflect_ward_k38",16,6160354,"CD25","no_detected_multimodality","neither test rejects in any seed",3,0,0,0,1,0.961057451802825,4,
"inflect_ward_k38",16,6160354,"CD27","detected_multimodality","both tests reject in at least two seeds",3,3,3,3,0,0,4,"detected_multimodality"
"inflect_ward_k38",16,6160354,"CD294_CRTH2","no_detected_multimodality","neither test rejects in any seed",3,0,0,0,1,0.9556028014007,4,
"inflect_ward_k38",16,6160354,"CD3","no_detected_multimodality","neither test rejects in any seed",3,0,0,0,1,0.450787893946973,4,
"inflect_ward_k38",16,6160354,"CD303_TCRvd2","no_detected_multimodality","neither test rejects in any seed",3,0,0,0,1,0.725312656328164,4,
"inflect_ward_k38",16,6160354,"CD38","no_detected_multimodality","neither test rejects in any seed",3,0,0,0,1,0.9556028014007,4,
"inflect_ward_k38",16,6160354,"CD4","no_detected_multimodality","neither test rejects in any seed",3,0,0,0,1,0.331880225827199,4,
"inflect_ward_k38",16,6160354,"CD45RA","detected_multimodality","both tests reject in at least two seeds",3,3,3,3,0,0,4,"detected_multimodality"
"inflect_ward_k38",16,6160354,"CD56","no_detected_multimodality","neither test rejects in any seed",3,0,0,0,1,0.602738869434717,4,
"inflect_ward_k38",16,6160354,"CD57","no_detected_multimodality","neither test rejects in any seed",3,0,0,0,1,0.382691345672836,4,
"inflect_ward_k38",16,6160354,"CD7","no_detected_multimodality","neither test rejects in any seed",3,0,0,0,1,0.724169777196291,4,
"inflect_ward_k38",16,6160354,"CD8","no_detected_multimodality","neither test rejects in any seed",3,0,0,0,1,0.777988994497249,4,
"inflect_ward_k38",16,6160354,"FoxP3","no_detected_multimodality","neither test rejects in any seed",3,0,0,0,1,0.605102551275638,4,
"inflect_ward_k38",16,6160354,"HLA-DR","no_detected_multimodality","neither test rejects in any seed",3,0,0,0,1,0.839669834917459,4,
"inflect_ward_k38",16,6160354,"Tbet","no_detected_multimodality","neither test rejects in any seed",3,0,0,0,1,0.672881895493201,4,
"inflect_ward_k38",16,6160354,"TCRgd_CD141","no_detected_multimodality","neither test rejects in any seed",3,0,0,0,1,0.202601300650325,4,"stratified_5_percent_pass_audit"
"inflect_ward_k38",17,122981,"CD11c","no_detected_multimodality","neither test rejects in any seed",3,0,0,0,1,0.927255294313823,1,"stratified_5_percent_pass_audit"
"inflect_ward_k38",17,122981,"CD127","no_detected_multimodality","neither test rejects in any seed",3,0,0,0,1,0.927255294313823,1,
"inflect_ward_k38",17,122981,"CD14","no_detected_multimodality","neither test rejects in any seed",3,0,0,0,1,0.927255294313823,1,
"inflect_ward_k38",17,122981,"CD159c_NKG2C","no_detected_multimodality","neither test rejects in any seed",3,0,0,0,1,0.484130954366072,1,
"inflect_ward_k38",17,122981,"CD16","no_detected_multimodality","neither test rejects in any seed",3,0,0,0,1,0.927255294313823,1,"stratified_5_percent_pass_audit"
"inflect_ward_k38",17,122981,"CD161","ambiguous","discordant_tests;seed_instability",3,1,1,2,0.00439555392265004,0,1,"ambiguous"
"inflect_ward_k38",17,122981,"CD185_CXCR5","no_detected_multimodality","neither test rejects in any seed",3,0,0,0,1,0.466933466733367,1,
"inflect_ward_k38",17,122981,"CD19","no_detected_multimodality","neither test rejects in any seed",3,0,0,0,1,0.158679339669835,1,
"inflect_ward_k38",17,122981,"CD197_CCR7","ambiguous","borderline_q",3,0,0,0,1,0.0975487743871936,1,"ambiguous"
"inflect_ward_k38",17,122981,"CD1c","no_detected_multimodality","neither test rejects in any seed",3,0,0,0,1,0.927255294313823,1,"stratified_5_percent_pass_audit"
"inflect_ward_k38",17,122981,"CD21","no_detected_multimodality","neither test rejects in any seed",3,0,0,0,1,0.379046666190238,1,"stratified_5_percent_pass_audit"
"inflect_ward_k38",17,122981,"CD25","no_detected_multimodality","neither test rejects in any seed",3,0,0,0,1,0.927255294313823,1,"stratified_5_percent_pass_audit"
"inflect_ward_k38",17,122981,"CD27","no_detected_multimodality","neither test rejects in any seed",3,0,0,0,1,0.927255294313823,1,
"inflect_ward_k38",17,122981,"CD294_CRTH2","no_detected_multimodality","neither test rejects in any seed",3,0,0,0,1,0.962981490745373,1,
"inflect_ward_k38",17,122981,"CD3","no_detected_multimodality","neither test rejects in any seed",3,0,0,0,1,0.7650188730729,1,
"inflect_ward_k38",17,122981,"CD303_TCRvd2","no_detected_multimodality","neither test rejects in any seed",3,0,0,0,1,0.962981490745373,1,
"inflect_ward_k38",17,122981,"CD38","detected_multimodality","both tests reject in at least two seeds",3,3,3,3,0,0,1,"detected_multimodality"
"inflect_ward_k38",17,122981,"CD4","no_detected_multimodality","neither test rejects in any seed",3,0,0,0,1,0.623011505752876,1,
"inflect_ward_k38",17,122981,"CD45RA","ambiguous","discordant_tests;seed_instability;borderline_q",3,0,0,1,1,0.00780390195097549,1,"ambiguous"
"inflect_ward_k38",17,122981,"CD56","unresolved_discrete","boundary_saturation",0,0,0,0,,,1,
"inflect_ward_k38",17,122981,"CD57","no_detected_multimodality","neither test rejects in any seed",3,0,0,0,1,0.466933466733367,1,"stratified_5_percent_pass_audit"
"inflect_ward_k38",17,122981,"CD7","detected_multimodality","both tests reject in at least two seeds",3,2,2,3,0.00430607034114801,0,1,"detected_multimodality"
"inflect_ward_k38",17,122981,"CD8","ambiguous","borderline_q",3,0,0,0,1,0.071535767883942,1,"ambiguous"
"inflect_ward_k38",17,122981,"FoxP3","detected_multimodality","both tests reject in at least two seeds",3,3,3,3,0,0,1,"detected_multimodality"
"inflect_ward_k38",17,122981,"HLA-DR","no_detected_multimodality","neither test rejects in any seed",3,0,0,0,1,0.927255294313823,1,
"inflect_ward_k38",17,122981,"Tbet","no_detected_multimodality","neither test rejects in any seed",3,0,0,0,1,0.274994640177231,1,"stratified_5_percent_pass_audit"
"inflect_ward_k38",17,122981,"TCRgd_CD141","no_detected_multimodality","neither test rejects in any seed",3,0,0,0,1,0.927255294313823,1,
"inflect_ward_k38",18,40140,"CD11c","ambiguous","discordant_tests;seed_instability",3,0,0,1,0.999338979213672,0.0168834417208604,1,"ambiguous"
"inflect_ward_k38",18,40140,"CD127","no_detected_multimodality","neither test rejects in any seed",3,0,0,0,0.999338979213672,0.783391695847924,1,
"inflect_ward_k38",18,40140,"CD14","no_detected_multimodality","neither test rejects in any seed",3,0,0,0,0.999338979213672,0.833262785238773,1,
"inflect_ward_k38",18,40140,"CD159c_NKG2C","ambiguous","discordant_tests;seed_instability;borderline_q",3,1,1,3,0.0317465391469615,0,1,"ambiguous"
"inflect_ward_k38",18,40140,"CD16","ambiguous","discordant_tests;seed_instability",3,0,0,2,0.56165972346713,0,1,"ambiguous"
"inflect_ward_k38",18,40140,"CD161","no_detected_multimodality","neither test rejects in any seed",3,0,0,0,0.999338979213672,0.736732002364819,1,
"inflect_ward_k38",18,40140,"CD185_CXCR5","no_detected_multimodality","neither test rejects in any seed",3,0,0,0,0.999338979213672,0.833262785238773,1,
"inflect_ward_k38",18,40140,"CD19","no_detected_multimodality","neither test rejects in any seed",3,0,0,0,0.999338979213672,0.720360180090045,1,
"inflect_ward_k38",18,40140,"CD197_CCR7","no_detected_multimodality","neither test rejects in any seed",3,0,0,0,0.999338979213672,0.332266133066533,1,"stratified_5_percent_pass_audit"
"inflect_ward_k38",18,40140,"CD1c","no_detected_multimodality","neither test rejects in any seed",3,0,0,0,0.999338979213672,0.815470235117559,1,
"inflect_ward_k38",18,40140,"CD21","no_detected_multimodality","neither test rejects in any seed",3,0,0,0,0.999338979213672,0.833262785238773,1,
"inflect_ward_k38",18,40140,"CD25","no_detected_multimodality","neither test rejects in any seed",3,0,0,0,0.999338979213672,0.783391695847924,1,
"inflect_ward_k38",18,40140,"CD27","no_detected_multimodality","neither test rejects in any seed",3,0,0,0,0.999338979213672,0.24119202458372,1,
"inflect_ward_k38",18,40140,"CD294_CRTH2","no_detected_multimodality","neither test rejects in any seed",3,0,0,0,0.999338979213672,0.833262785238773,1,
"inflect_ward_k38",18,40140,"CD3","detected_multimodality","both tests reject in at least two seeds",3,3,3,3,0.000176908413576315,0,1,"detected_multimodality"
"inflect_ward_k38",18,40140,"CD303_TCRvd2","no_detected_multimodality","neither test rejects in any seed",3,0,0,0,0.999338979213672,0.783391695847924,1,
"inflect_ward_k38",18,40140,"CD38","no_detected_multimodality","neither test rejects in any seed",3,0,0,0,0.999338979213672,0.507253626813407,1,
"inflect_ward_k38",18,40140,"CD4","no_detected_multimodality","neither test rejects in any seed",3,0,0,0,0.999338979213672,0.833262785238773,1,
"inflect_ward_k38",18,40140,"CD45RA","no_detected_multimodality","neither test rejects in any seed",3,0,0,0,0.999338979213672,0.756378189094547,1,
"inflect_ward_k38",18,40140,"CD56","ambiguous","discordant_tests;seed_instability",3,0,0,2,0.999338979213672,0.00675337668834417,1,"ambiguous"
"inflect_ward_k38",18,40140,"CD57","ambiguous","seed_instability;borderline_q",3,1,1,1,0.0259667688734639,0,1,"ambiguous"
"inflect_ward_k38",18,40140,"CD7","no_detected_multimodality","neither test rejects in any seed",3,0,0,0,0.999338979213672,0.519045236904166,1,"stratified_5_percent_pass_audit"
"inflect_ward_k38",18,40140,"CD8","no_detected_multimodality","neither test rejects in any seed",3,0,0,0,0.999338979213672,0.552088544272136,1,
"inflect_ward_k38",18,40140,"FoxP3","no_detected_multimodality","neither test rejects in any seed",3,0,0,0,0.999338979213672,0.552088544272136,1,
"inflect_ward_k38",18,40140,"HLA-DR","no_detected_multimodality","neither test rejects in any seed",3,0,0,0,0.999338979213672,0.833262785238773,1,
"inflect_ward_k38",18,40140,"Tbet","no_detected_multimodality","neither test rejects in any seed",3,0,0,0,0.999338979213672,0.833262785238773,1,
"inflect_ward_k38",18,40140,"TCRgd_CD141","no_detected_multimodality","neither test rejects in any seed",3,0,0,0,0.999338979213672,0.492996498249125,1,
"inflect_ward_k38",19,331660,"CD11c","no_detected_multimodality","neither test rejects in any seed",3,0,0,0,0.999179981381082,0.440527956285835,2,
"inflect_ward_k38",19,331660,"CD127","no_detected_multimodality","neither test rejects in any seed",3,0,0,0,0.999179981381082,0.121560780390195,2,
"inflect_ward_k38",19,331660,"CD14","no_detected_multimodality","neither test rejects in any seed",3,0,0,0,0.999179981381082,0.838032652689981,2,
"inflect_ward_k38",19,331660,"CD159c_NKG2C","no_detected_multimodality","neither test rejects in any seed",3,0,0,0,0.999179981381082,0.73708282712785,2,
"inflect_ward_k38",19,331660,"CD16","no_detected_multimodality","neither test rejects in any seed",3,0,0,0,0.999179981381082,0.670361496537743,2,
"inflect_ward_k38",19,331660,"CD161","ambiguous","discordant_tests;seed_instability",3,0,0,2,0.643451284902841,0.00450225112556278,2,"ambiguous"
"inflect_ward_k38",19,331660,"CD185_CXCR5","no_detected_multimodality","neither test rejects in any seed",3,0,0,0,0.999179981381082,0.124262131065533,2,
"inflect_ward_k38",19,331660,"CD19","no_detected_multimodality","neither test rejects in any seed",3,0,0,0,0.999179981381082,0.256628314157079,2,
"inflect_ward_k38",19,331660,"CD197_CCR7","no_detected_multimodality","neither test rejects in any seed",3,0,0,0,0.999179981381082,0.87743871935968,2,
"inflect_ward_k38",19,331660,"CD1c","no_detected_multimodality","neither test rejects in any seed",3,0,0,0,0.999179981381082,0.301007646680483,2,
"inflect_ward_k38",19,331660,"CD21","no_detected_multimodality","neither test rejects in any seed",3,0,0,0,0.999179981381082,0.111430715357679,2,
"inflect_ward_k38",19,331660,"CD25","no_detected_multimodality","neither test rejects in any seed",3,0,0,0,0.999179981381082,0.73708282712785,2,
"inflect_ward_k38",19,331660,"CD27","detected_multimodality","both tests reject in at least two seeds",3,2,2,3,6.50897147470575e-05,0,2,"detected_multimodality"
"inflect_ward_k38",19,331660,"CD294_CRTH2","no_detected_multimodality","neither test rejects in any seed",3,0,0,0,0.999179981381082,0.87743871935968,2,
"inflect_ward_k38",19,331660,"CD3","no_detected_multimodality","neither test rejects in any seed",3,0,0,0,0.999179981381082,0.670361496537743,2,
"inflect_ward_k38",19,331660,"CD303_TCRvd2","detected_multimodality","both tests reject in at least two seeds",3,3,3,3,0,0,2,"detected_multimodality"
"inflect_ward_k38",19,331660,"CD38","no_detected_multimodality","neither test rejects in any seed",3,0,0,0,0.999179981381082,0.491066962052455,2,
"inflect_ward_k38",19,331660,"CD4","no_detected_multimodality","neither test rejects in any seed",3,0,0,0,0.999179981381082,0.409704852426213,2,
"inflect_ward_k38",19,331660,"CD45RA","no_detected_multimodality","neither test rejects in any seed",3,0,0,0,0.999179981381082,0.564282141070535,2,
"inflect_ward_k38",19,331660,"CD56","no_detected_multimodality","neither test rejects in any seed",3,0,0,0,0.999179981381082,0.229614807403702,2,
"inflect_ward_k38",19,331660,"CD57","no_detected_multimodality","neither test rejects in any seed",3,0,0,0,0.999179981381082,0.310655327663832,2,
"inflect_ward_k38",19,331660,"CD7","no_detected_multimodality","neither test rejects in any seed",3,0,0,0,0.999179981381082,0.347491927782073,2,
"inflect_ward_k38",19,331660,"CD8","no_detected_multimodality","neither test rejects in any seed",3,0,0,0,0.999179981381082,0.87743871935968,2,
"inflect_ward_k38",19,331660,"FoxP3","no_detected_multimodality","neither test rejects in any seed",3,0,0,0,0.999179981381082,0.650012506253127,2,
"inflect_ward_k38",19,331660,"HLA-DR","no_detected_multimodality","neither test rejects in any seed",3,0,0,0,0.999179981381082,0.87743871935968,2,
"inflect_ward_k38",19,331660,"Tbet","no_detected_multimodality","neither test rejects in any seed",3,0,0,0,0.999179981381082,0.650012506253127,2,
"inflect_ward_k38",19,331660,"TCRgd_CD141","detected_multimodality","both tests reject in at least two seeds",3,3,3,3,0,0,2,"detected_multimodality"
"inflect_ward_k38",20,636588,"CD11c","ambiguous","discordant_tests;seed_instability;borderline_q",3,0,0,2,0.999525086350487,0.0270135067533767,3,"ambiguous"
"inflect_ward_k38",20,636588,"CD127","ambiguous","discordant_tests",3,0,0,3,0.999525086350487,0.0135067533766883,3,"ambiguous"
"inflect_ward_k38",20,636588,"CD14","ambiguous","discordant_tests;seed_instability",3,0,0,1,0.999525086350487,0.016208104052026,3,"ambiguous"
"inflect_ward_k38",20,636588,"CD159c_NKG2C","ambiguous","discordant_tests;seed_instability",3,0,0,1,0.999525086350487,0.0157578789394697,3,"ambiguous"
"inflect_ward_k38",20,636588,"CD16","detected_multimodality","both tests reject in at least two seeds",3,3,3,3,0,0,3,"detected_multimodality"
"inflect_ward_k38",20,636588,"CD161","no_detected_multimodality","neither test rejects in any seed",3,0,0,0,0.999525086350487,0.528114057028514,3,
"inflect_ward_k38",20,636588,"CD185_CXCR5","ambiguous","discordant_tests;seed_instability;borderline_q",3,0,0,2,0.999525086350487,0.0101300650325163,3,"ambiguous"
"inflect_ward_k38",20,636588,"CD19","no_detected_multimodality","neither test rejects in any seed",3,0,0,0,0.999525086350487,0.248749374687344,3,
"inflect_ward_k38",20,636588,"CD197_CCR7","no_detected_multimodality","neither test rejects in any seed",3,0,0,0,0.999525086350487,0.835257628814407,3,"stratified_5_percent_pass_audit"
"inflect_ward_k38",20,636588,"CD1c","no_detected_multimodality","neither test rejects in any seed",3,0,0,0,0.999525086350487,0.179639819909955,3,
"inflect_ward_k38",20,636588,"CD21","detected_multimodality","both tests reject in at least two seeds",3,2,2,3,0.000124911061301913,0,3,"detected_multimodality"
"inflect_ward_k38",20,636588,"CD25","no_detected_multimodality","neither test rejects in any seed",3,0,0,0,0.999525086350487,0.454462525380337,3,
"inflect_ward_k38",20,636588,"CD27","ambiguous","discordant_tests;seed_instability;borderline_q",3,0,0,1,0.999525086350487,0.0192953619666976,3,"ambiguous"
"inflect_ward_k38",20,636588,"CD294_CRTH2","no_detected_multimodality","neither test rejects in any seed",3,0,0,0,0.999525086350487,0.194006093956069,3,
"inflect_ward_k38",20,636588,"CD3","ambiguous","discordant_tests;seed_instability;borderline_q",3,0,0,2,0.999525086350487,0.00337668834417209,3,"ambiguous"
"inflect_ward_k38",20,636588,"CD303_TCRvd2","no_detected_multimodality","neither test rejects in any seed",3,0,0,0,0.999525086350487,0.505538483527478,3,
"inflect_ward_k38",20,636588,"CD38","ambiguous","discordant_tests",3,0,0,3,0.999525086350487,0,3,"ambiguous"
"inflect_ward_k38",20,636588,"CD4","no_detected_multimodality","neither test rejects in any seed",3,0,0,0,0.999525086350487,0.5141008004002,3,
"inflect_ward_k38",20,636588,"CD45RA","ambiguous","discordant_tests;seed_instability;borderline_q",3,0,0,1,0.999525086350487,0.0354552276138069,3,"ambiguous"
"inflect_ward_k38",20,636588,"CD56","no_detected_multimodality","neither test rejects in any seed",3,0,0,0,0.999525086350487,0.528114057028514,3,
"inflect_ward_k38",20,636588,"CD57","no_detected_multimodality","neither test rejects in any seed",3,0,0,0,0.999525086350487,0.740941899521189,3,
"inflect_ward_k38",20,636588,"CD7","ambiguous","discordant_tests;seed_instability",3,0,0,1,0.999525086350487,0.0438969484742371,3,"ambiguous"
"inflect_ward_k38",20,636588,"CD8","no_detected_multimodality","neither test rejects in any seed",3,0,0,0,0.999525086350487,0.710572677643169,3,
"inflect_ward_k38",20,636588,"FoxP3","no_detected_multimodality","neither test rejects in any seed",3,0,0,0,0.999525086350487,0.225931147391878,3,
"inflect_ward_k38",20,636588,"HLA-DR","no_detected_multimodality","neither test rejects in any seed",3,0,0,0,0.999525086350487,0.528114057028514,3,
"inflect_ward_k38",20,636588,"Tbet","no_detected_multimodality","neither test rejects in any seed",3,0,0,0,0.999525086350487,0.28846566140213,3,
"inflect_ward_k38",20,636588,"TCRgd_CD141","no_detected_multimodality","neither test rejects in any seed",3,0,0,0,0.999525086350487,0.388094047023512,3,
"inflect_ward_k38",21,606074,"CD11c","no_detected_multimodality","neither test rejects in any seed",3,0,0,0,1,0.806353176588294,3,
"inflect_ward_k38",21,606074,"CD127","no_detected_multimodality","neither test rejects in any seed",3,0,0,0,1,0.445722861430715,3,
"inflect_ward_k38",21,606074,"CD14","no_detected_multimodality","neither test rejects in any seed",3,0,0,0,1,0.909627890868511,3,
"inflect_ward_k38",21,606074,"CD159c_NKG2C","no_detected_multimodality","neither test rejects in any seed",3,0,0,0,1,0.829314657328664,3,
"inflect_ward_k38",21,606074,"CD16","no_detected_multimodality","neither test rejects in any seed",3,0,0,0,1,0.909627890868511,3,
"inflect_ward_k38",21,606074,"CD161","ambiguous","discordant_tests;seed_instability;borderline_q",3,1,1,3,0.0417044161696621,0,3,"ambiguous"
"inflect_ward_k38",21,606074,"CD185_CXCR5","no_detected_multimodality","neither test rejects in any seed",3,0,0,0,1,0.829314657328664,3,"stratified_5_percent_pass_audit"
"inflect_ward_k38",21,606074,"CD19","no_detected_multimodality","neither test rejects in any seed",3,0,0,0,1,0.89032016008004,3,
"inflect_ward_k38",21,606074,"CD197_CCR7","no_detected_multimodality","neither test rejects in any seed",3,0,0,0,1,0.806353176588294,3,
"inflect_ward_k38",21,606074,"CD1c","no_detected_multimodality","neither test rejects in any seed",3,0,0,0,1,0.345386979203888,3,
"inflect_ward_k38",21,606074,"CD21","no_detected_multimodality","neither test rejects in any seed",3,0,0,0,1,0.89032016008004,3,
"inflect_ward_k38",21,606074,"CD25","no_detected_multimodality","neither test rejects in any seed",3,0,0,0,1,0.849799899949975,3,
"inflect_ward_k38",21,606074,"CD27","detected_multimodality","both tests reject in at least two seeds",3,3,3,3,0,0,3,"detected_multimodality"
"inflect_ward_k38",21,606074,"CD294_CRTH2","no_detected_multimodality","neither test rejects in any seed",3,0,0,0,1,0.283641820910455,3,
"inflect_ward_k38",21,606074,"CD3","no_detected_multimodality","neither test rejects in any seed",3,0,0,0,1,0.829314657328664,3,
"inflect_ward_k38",21,606074,"CD303_TCRvd2","detected_multimodality","both tests reject in at least two seeds",3,3,3,3,0,0,3,"detected_multimodality"
"inflect_ward_k38",21,606074,"CD38","no_detected_multimodality","neither test rejects in any seed",3,0,0,0,1,0.806353176588294,3,
"inflect_ward_k38",21,606074,"CD4","ambiguous","borderline_q",3,0,0,0,1,0.051775887943972,3,"ambiguous"
"inflect_ward_k38",21,606074,"CD45RA","no_detected_multimodality","neither test rejects in any seed",3,0,0,0,1,0.89032016008004,3,
"inflect_ward_k38",21,606074,"CD56","no_detected_multimodality","neither test rejects in any seed",3,0,0,0,1,0.829314657328664,3,
"inflect_ward_k38",21,606074,"CD57","ambiguous","discordant_tests;borderline_q",3,0,0,3,0.0604939898176494,0,3,"ambiguous"
"inflect_ward_k38",21,606074,"CD7","no_detected_multimodality","neither test rejects in any seed",3,0,0,0,1,0.683779389694847,3,
"inflect_ward_k38",21,606074,"CD8","no_detected_multimodality","neither test rejects in any seed",3,0,0,0,1,0.829314657328664,3,
"inflect_ward_k38",21,606074,"FoxP3","no_detected_multimodality","neither test rejects in any seed",3,0,0,0,1,0.89032016008004,3,
"inflect_ward_k38",21,606074,"HLA-DR","no_detected_multimodality","neither test rejects in any seed",3,0,0,0,1,0.89032016008004,3,
"inflect_ward_k38",21,606074,"Tbet","no_detected_multimodality","neither test rejects in any seed",3,0,0,0,1,0.829314657328664,3,
"inflect_ward_k38",21,606074,"TCRgd_CD141","detected_multimodality","both tests reject in at least two seeds",3,3,3,3,0,0,3,"detected_multimodality"
"inflect_ward_k38",22,160846,"CD11c","no_detected_multimodality","neither test rejects in any seed",3,0,0,0,0.998907713302299,0.87943971985993,1,
"inflect_ward_k38",22,160846,"CD127","no_detected_multimodality","neither test rejects in any seed",3,0,0,0,0.998907713302299,0.843207317944687,1,
"inflect_ward_k38",22,160846,"CD14","no_detected_multimodality","neither test rejects in any seed",3,0,0,0,0.998907713302299,0.869130217282554,1,
"inflect_ward_k38",22,160846,"CD159c_NKG2C","ambiguous","discordant_tests;seed_instability",3,0,0,2,0.998907713302299,0.0270135067533767,1,"ambiguous"
"inflect_ward_k38",22,160846,"CD16","no_detected_multimodality","neither test rejects in any seed",3,0,0,0,0.998907713302299,0.503608947330808,1,
"inflect_ward_k38",22,160846,"CD161","no_detected_multimodality","neither test rejects in any seed",3,0,0,0,0.998907713302299,0.654558048254897,1,
"inflect_ward_k38",22,160846,"CD185_CXCR5","no_detected_multimodality","neither test rejects in any seed",3,0,0,0,0.998907713302299,0.843207317944687,1,
"inflect_ward_k38",22,160846,"CD19","no_detected_multimodality","neither test rejects in any seed",3,0,0,0,0.998907713302299,0.654558048254897,1,
"inflect_ward_k38",22,160846,"CD197_CCR7","no_detected_multimodality","neither test rejects in any seed",3,0,0,0,0.998907713302299,0.340370185092546,1,
"inflect_ward_k38",22,160846,"CD1c","no_detected_multimodality","neither test rejects in any seed",3,0,0,0,0.998907713302299,0.654558048254897,1,
"inflect_ward_k38",22,160846,"CD21","no_detected_multimodality","neither test rejects in any seed",3,0,0,0,0.998907713302299,0.327538769384692,1,
"inflect_ward_k38",22,160846,"CD25","no_detected_multimodality","neither test rejects in any seed",3,0,0,0,0.998907713302299,0.129664832416208,1,
"inflect_ward_k38",22,160846,"CD27","no_detected_multimodality","neither test rejects in any seed",3,0,0,0,0.998907713302299,0.87943971985993,1,
"inflect_ward_k38",22,160846,"CD294_CRTH2","no_detected_multimodality","neither test rejects in any seed",3,0,0,0,0.998907713302299,0.111430715357679,1,"stratified_5_percent_pass_audit"
"inflect_ward_k38",22,160846,"CD3","no_detected_multimodality","neither test rejects in any seed",3,0,0,0,0.998907713302299,0.654558048254897,1,
"inflect_ward_k38",22,160846,"CD303_TCRvd2","no_detected_multimodality","neither test rejects in any seed",3,0,0,0,0.998907713302299,0.843207317944687,1,
"inflect_ward_k38",22,160846,"CD38","no_detected_multimodality","neither test rejects in any seed",3,0,0,0,0.998907713302299,0.87943971985993,1,
"inflect_ward_k38",22,160846,"CD4","no_detected_multimodality","neither test rejects in any seed",3,0,0,0,0.998907713302299,0.654558048254897,1,
"inflect_ward_k38",22,160846,"CD45RA","no_detected_multimodality","neither test rejects in any seed",3,0,0,0,0.998907713302299,0.511568284142071,1,"stratified_5_percent_pass_audit"
"inflect_ward_k38",22,160846,"CD56","ambiguous","discordant_tests",3,0,0,3,0.998907713302299,0,1,"ambiguous"
"inflect_ward_k38",22,160846,"CD57","detected_multimodality","both tests reject in at least two seeds",3,3,3,3,0,0,1,"detected_multimodality"
"inflect_ward_k38",22,160846,"CD7","no_detected_multimodality","neither test rejects in any seed",3,0,0,0,0.998907713302299,0.843207317944687,1,
"inflect_ward_k38",22,160846,"CD8","no_detected_multimodality","neither test rejects in any seed",3,0,0,0,0.998907713302299,0.503608947330808,1,
"inflect_ward_k38",22,160846,"FoxP3","no_detected_multimodality","neither test rejects in any seed",3,0,0,0,0.998907713302299,0.418709354677339,1,
"inflect_ward_k38",22,160846,"HLA-DR","no_detected_multimodality","neither test rejects in any seed",3,0,0,0,0.998907713302299,0.843207317944687,1,"stratified_5_percent_pass_audit"
"inflect_ward_k38",22,160846,"Tbet","no_detected_multimodality","neither test rejects in any seed",3,0,0,0,0.998907713302299,0.511568284142071,1,
"inflect_ward_k38",22,160846,"TCRgd_CD141","no_detected_multimodality","neither test rejects in any seed",3,0,0,0,0.998907713302299,0.654558048254897,1,
"inflect_ward_k38",23,88785,"CD11c","no_detected_multimodality","neither test rejects in any seed",3,0,0,0,1,0.790145072536268,1,
"inflect_ward_k38",23,88785,"CD127","ambiguous","discordant_tests;seed_instability;borderline_q",3,0,0,2,0.145218741157304,0,1,"ambiguous"
"inflect_ward_k38",23,88785,"CD14","detected_multimodality","both tests reject in at least two seeds",3,2,2,3,0.0126573070795813,0,1,"detected_multimodality"
"inflect_ward_k38",23,88785,"CD159c_NKG2C","no_detected_multimodality","neither test rejects in any seed",3,0,0,0,1,0.498249124562281,1,
"inflect_ward_k38",23,88785,"CD16","no_detected_multimodality","neither test rejects in any seed",3,0,0,0,1,0.386630815407704,1,
"inflect_ward_k38",23,88785,"CD161","ambiguous","discordant_tests;seed_instability",3,1,1,3,0.0324035985439265,0,1,"ambiguous"
"inflect_ward_k38",23,88785,"CD185_CXCR5","ambiguous","discordant_tests;borderline_q",3,0,0,3,0.0527127870491317,0,1,"ambiguous"
"inflect_ward_k38",23,88785,"CD19","no_detected_multimodality","neither test rejects in any seed",3,0,0,0,1,0.569984992496248,1,
"inflect_ward_k38",23,88785,"CD197_CCR7","no_detected_multimodality","neither test rejects in any seed",3,0,0,0,1,0.790145072536268,1,
"inflect_ward_k38",23,88785,"CD1c","ambiguous","discordant_tests;seed_instability",3,0,0,1,1,0.00385907239333953,1,"ambiguous"
"inflect_ward_k38",23,88785,"CD21","no_detected_multimodality","neither test rejects in any seed",3,0,0,0,1,0.790145072536268,1,
"inflect_ward_k38",23,88785,"CD25","no_detected_multimodality","neither test rejects in any seed",3,0,0,0,1,0.208604302151076,1,
"inflect_ward_k38",23,88785,"CD27","no_detected_multimodality","neither test rejects in any seed",3,0,0,0,1,0.538919459729865,1,"stratified_5_percent_pass_audit"
"inflect_ward_k38",23,88785,"CD294_CRTH2","no_detected_multimodality","neither test rejects in any seed",3,0,0,0,1,0.288144072036018,1,
"inflect_ward_k38",23,88785,"CD3","no_detected_multimodality","neither test rejects in any seed",3,0,0,0,1,0.790145072536268,1,
"inflect_ward_k38",23,88785,"CD303_TCRvd2","no_detected_multimodality","neither test rejects in any seed",3,0,0,0,1,0.829314657328664,1,
"inflect_ward_k38",23,88785,"CD38","detected_multimodality","both tests reject in at least two seeds",3,3,3,3,0,0,1,"detected_multimodality"
"inflect_ward_k38",23,88785,"CD4","no_detected_multimodality","neither test rejects in any seed",3,0,0,0,1,0.829314657328664,1,
"inflect_ward_k38",23,88785,"CD45RA","no_detected_multimodality","neither test rejects in any seed",3,0,0,0,1,0.790145072536268,1,
"inflect_ward_k38",23,88785,"CD56","ambiguous","discordant_tests;seed_instability",3,0,0,1,0.355207672331833,0,1,"ambiguous"
"inflect_ward_k38",23,88785,"CD57","no_detected_multimodality","neither test rejects in any seed",3,0,0,0,1,0.969984992496248,1,
"inflect_ward_k38",23,88785,"CD7","ambiguous","discordant_tests",3,0,0,3,0.193907349465502,0,1,"ambiguous"
"inflect_ward_k38",23,88785,"CD8","no_detected_multimodality","neither test rejects in any seed",3,0,0,0,1,0.525412706353177,1,
"inflect_ward_k38",23,88785,"FoxP3","no_detected_multimodality","neither test rejects in any seed",3,0,0,0,1,0.969984992496248,1,
"inflect_ward_k38",23,88785,"HLA-DR","no_detected_multimodality","neither test rejects in any seed",3,0,0,0,1,0.92656328164082,1,
"inflect_ward_k38",23,88785,"Tbet","detected_multimodality","both tests reject in at least two seeds",3,3,3,3,0,0,1,"detected_multimodality"
"inflect_ward_k38",23,88785,"TCRgd_CD141","no_detected_multimodality","neither test rejects in any seed",3,0,0,0,1,0.724862431215608,1,
"inflect_ward_k38",24,336733,"CD11c","no_detected_multimodality","neither test rejects in any seed",3,0,0,0,1,0.643259129564782,3,
"inflect_ward_k38",24,336733,"CD127","no_detected_multimodality","neither test rejects in any seed",3,0,0,0,1,0.744949397775811,3,
"inflect_ward_k38",24,336733,"CD14","no_detected_multimodality","neither test rejects in any seed",3,0,0,0,1,0.48624312156078,3,
"inflect_ward_k38",24,336733,"CD159c_NKG2C","no_detected_multimodality","neither test rejects in any seed",3,0,0,0,1,0.802901450725363,3,"stratified_5_percent_pass_audit"
"inflect_ward_k38",24,336733,"CD16","ambiguous","discordant_tests;seed_instability",3,0,0,1,1,0.0225112556278139,3,"ambiguous"
"inflect_ward_k38",24,336733,"CD161","detected_multimodality","both tests reject in at least two seeds",3,3,3,3,8.81387777782461e-05,0,3,"detected_multimodality"
"inflect_ward_k38",24,336733,"CD185_CXCR5","no_detected_multimodality","neither test rejects in any seed",3,0,0,0,1,0.643259129564782,3,
"inflect_ward_k38",24,336733,"CD19","no_detected_multimodality","neither test rejects in any seed",3,0,0,0,1,0.337668834417209,3,
"inflect_ward_k38",24,336733,"CD197_CCR7","no_detected_multimodality","neither test rejects in any seed",3,0,0,0,1,0.802901450725363,3,
"inflect_ward_k38",24,336733,"CD1c","no_detected_multimodality","neither test rejects in any seed",3,0,0,0,1,0.906238833702566,3,
"inflect_ward_k38",24,336733,"CD21","no_detected_multimodality","neither test rejects in any seed",3,0,0,0,1,0.802901450725363,3,"stratified_5_percent_pass_audit"
"inflect_ward_k38",24,336733,"CD25","no_detected_multimodality","neither test rejects in any seed",3,0,0,0,1,0.725208758225267,3,
"inflect_ward_k38",24,336733,"CD27","detected_multimodality","both tests reject in at least two seeds",3,3,3,3,0,0,3,"detected_multimodality"
"inflect_ward_k38",24,336733,"CD294_CRTH2","no_detected_multimodality","neither test rejects in any seed",3,0,0,0,1,0.744949397775811,3,
"inflect_ward_k38",24,336733,"CD3","no_detected_multimodality","neither test rejects in any seed",3,0,0,0,1,0.687343671835918,3,
"inflect_ward_k38",24,336733,"CD303_TCRvd2","no_detected_multimodality","neither test rejects in any seed",3,0,0,0,1,0.687343671835918,3,
"inflect_ward_k38",24,336733,"CD38","no_detected_multimodality","neither test rejects in any seed",3,0,0,0,1,0.802901450725363,3,
"inflect_ward_k38",24,336733,"CD4","no_detected_multimodality","neither test rejects in any seed",3,0,0,0,1,0.297148574287144,3,
"inflect_ward_k38",24,336733,"CD45RA","no_detected_multimodality","neither test rejects in any seed",3,0,0,0,1,0.53351675837919,3,"stratified_5_percent_pass_audit"
"inflect_ward_k38",24,336733,"CD56","no_detected_multimodality","neither test rejects in any seed",3,0,0,0,1,0.725208758225267,3,
"inflect_ward_k38",24,336733,"CD57","no_detected_multimodality","neither test rejects in any seed",3,0,0,0,1,0.665689987851068,3,
"inflect_ward_k38",24,336733,"CD7","no_detected_multimodality","neither test rejects in any seed",3,0,0,0,1,0.725208758225267,3,
"inflect_ward_k38",24,336733,"CD8","no_detected_multimodality","neither test rejects in any seed",3,0,0,0,1,0.908329164582291,3,
"inflect_ward_k38",24,336733,"FoxP3","no_detected_multimodality","neither test rejects in any seed",3,0,0,0,1,0.48624312156078,3,
"inflect_ward_k38",24,336733,"HLA-DR","no_detected_multimodality","neither test rejects in any seed",3,0,0,0,1,0.887891314078092,3,
"inflect_ward_k38",24,336733,"Tbet","no_detected_multimodality","neither test rejects in any seed",3,0,0,0,1,0.744949397775811,3,
"inflect_ward_k38",24,336733,"TCRgd_CD141","no_detected_multimodality","neither test rejects in any seed",3,0,0,0,1,0.744949397775811,3,
"inflect_ward_k38",25,215648,"CD11c","no_detected_multimodality","neither test rejects in any seed",3,0,0,0,1,0.317408704352176,2,
"inflect_ward_k38",25,215648,"CD127","no_detected_multimodality","neither test rejects in any seed",3,0,0,0,1,0.646823411705853,2,
"inflect_ward_k38",25,215648,"CD14","no_detected_multimodality","neither test rejects in any seed",3,0,0,0,1,0.897585156214471,2,
"inflect_ward_k38",25,215648,"CD159c_NKG2C","no_detected_multimodality","neither test rejects in any seed",3,0,0,0,1,0.690195097548775,2,
"inflect_ward_k38",25,215648,"CD16","no_detected_multimodality","neither test rejects in any seed",3,0,0,0,1,0.545335167583792,2,
"inflect_ward_k38",25,215648,"CD161","no_detected_multimodality","neither test rejects in any seed",3,0,0,0,1,0.934538697920389,2,"stratified_5_percent_pass_audit"
"inflect_ward_k38",25,215648,"CD185_CXCR5","no_detected_multimodality","neither test rejects in any seed",3,0,0,0,1,0.646823411705853,2,
"inflect_ward_k38",25,215648,"CD19","no_detected_multimodality","neither test rejects in any seed",3,0,0,0,1,0.934538697920389,2,
"inflect_ward_k38",25,215648,"CD197_CCR7","no_detected_multimodality","neither test rejects in any seed",3,0,0,0,1,0.545335167583792,2,
"inflect_ward_k38",25,215648,"CD1c","no_detected_multimodality","neither test rejects in any seed",3,0,0,0,1,0.934538697920389,2,
"inflect_ward_k38",25,215648,"CD21","no_detected_multimodality","neither test rejects in any seed",3,0,0,0,1,0.545335167583792,2,
"inflect_ward_k38",25,215648,"CD25","no_detected_multimodality","neither test rejects in any seed",3,0,0,0,1,0.966252356947705,2,
"inflect_ward_k38",25,215648,"CD27","no_detected_multimodality","neither test rejects in any seed",3,0,0,0,1,0.651325662831416,2,
"inflect_ward_k38",25,215648,"CD294_CRTH2","no_detected_multimodality","neither test rejects in any seed",3,0,0,0,1,0.966252356947705,2,
"inflect_ward_k38",25,215648,"CD3","detected_multimodality","both tests reject in at least two seeds",3,3,3,3,0,0,2,"detected_multimodality"
"inflect_ward_k38",25,215648,"CD303_TCRvd2","detected_multimodality","both tests reject in at least two seeds",3,3,3,3,0.0120864728383655,0,2,"detected_multimodality"
"inflect_ward_k38",25,215648,"CD38","no_detected_multimodality","neither test rejects in any seed",3,0,0,0,1,0.651325662831416,2,
"inflect_ward_k38",25,215648,"CD4","no_detected_multimodality","neither test rejects in any seed",3,0,0,0,1,0.929433466733367,2,
"inflect_ward_k38",25,215648,"CD45RA","no_detected_multimodality","neither test rejects in any seed",3,0,0,0,1,0.545335167583792,2,
"inflect_ward_k38",25,215648,"CD56","no_detected_multimodality","neither test rejects in any seed",3,0,0,0,1,0.545335167583792,2,
"inflect_ward_k38",25,215648,"CD57","detected_multimodality","both tests reject in at least two seeds",3,3,3,3,0,0,2,"detected_multimodality"
"inflect_ward_k38",25,215648,"CD7","no_detected_multimodality","neither test rejects in any seed",3,0,0,0,1,0.445722861430715,2,"stratified_5_percent_pass_audit"
"inflect_ward_k38",25,215648,"CD8","no_detected_multimodality","neither test rejects in any seed",3,0,0,0,1,0.907653826913457,2,
"inflect_ward_k38",25,215648,"FoxP3","no_detected_multimodality","neither test rejects in any seed",3,0,0,0,1,0.934538697920389,2,
"inflect_ward_k38",25,215648,"HLA-DR","no_detected_multimodality","neither test rejects in any seed",3,0,0,0,1,0.973611805902951,2,
"inflect_ward_k38",25,215648,"Tbet","no_detected_multimodality","neither test rejects in any seed",3,0,0,0,1,0.672336168084042,2,
"inflect_ward_k38",25,215648,"TCRgd_CD141","no_detected_multimodality","neither test rejects in any seed",3,0,0,0,1,0.437618809404702,2,"stratified_5_percent_pass_audit"
"inflect_ward_k38",26,726106,"CD11c","no_detected_multimodality","neither test rejects in any seed",3,0,0,0,1,0.626938469234617,3,"stratified_5_percent_pass_audit"
"inflect_ward_k38",26,726106,"CD127","no_detected_multimodality","neither test rejects in any seed",3,0,0,0,1,0.528451725862931,3,
"inflect_ward_k38",26,726106,"CD14","no_detected_multimodality","neither test rejects in any seed",3,0,0,0,1,0.971199885657114,3,"stratified_5_percent_pass_audit"
"inflect_ward_k38",26,726106,"CD159c_NKG2C","no_detected_multimodality","neither test rejects in any seed",3,0,0,0,1,0.175587793896948,3,
"inflect_ward_k38",26,726106,"CD16","no_detected_multimodality","neither test rejects in any seed",3,0,0,0,1,0.591841375233071,3,
"inflect_ward_k38",26,726106,"CD161","no_detected_multimodality","neither test rejects in any seed",3,0,0,0,1,0.256628314157079,3,
"inflect_ward_k38",26,726106,"CD185_CXCR5","no_detected_multimodality","neither test rejects in any seed",3,0,0,0,1,0.938199869165352,3,
"inflect_ward_k38",26,726106,"CD19","no_detected_multimodality","neither test rejects in any seed",3,0,0,0,1,0.99399699849925,3,"stratified_5_percent_pass_audit"
"inflect_ward_k38",26,726106,"CD197_CCR7","no_detected_multimodality","neither test rejects in any seed",3,0,0,0,1,0.971199885657114,3,
"inflect_ward_k38",26,726106,"CD1c","no_detected_multimodality","neither test rejects in any seed",3,0,0,0,1,0.869343762790486,3,
"inflect_ward_k38",26,726106,"CD21","no_detected_multimodality","neither test rejects in any seed",3,0,0,0,1,0.798249124562281,3,
"inflect_ward_k38",26,726106,"CD25","no_detected_multimodality","neither test rejects in any seed",3,0,0,0,1,0.99399699849925,3,
"inflect_ward_k38",26,726106,"CD27","detected_multimodality","both tests reject in at least two seeds",3,3,3,3,0,0,3,"detected_multimodality"
"inflect_ward_k38",26,726106,"CD294_CRTH2","no_detected_multimodality","neither test rejects in any seed",3,0,0,0,1,0.877144454580231,3,
"inflect_ward_k38",26,726106,"CD3","ambiguous","discordant_tests;borderline_q",3,0,0,3,0.0665406886690518,0,3,"ambiguous"
"inflect_ward_k38",26,726106,"CD303_TCRvd2","ambiguous","discordant_tests",3,0,0,3,0.523910922312492,0,3,"ambiguous"
"inflect_ward_k38",26,726106,"CD38","no_detected_multimodality","neither test rejects in any seed",3,0,0,0,1,0.175587793896948,3,"stratified_5_percent_pass_audit"
"inflect_ward_k38",26,726106,"CD4","no_detected_multimodality","neither test rejects in any seed",3,0,0,0,1,0.925212606303152,3,
"inflect_ward_k38",26,726106,"CD45RA","detected_multimodality","both tests reject in at least two seeds",3,3,3,3,0,0,3,"detected_multimodality"
"inflect_ward_k38",26,726106,"CD56","no_detected_multimodality","neither test rejects in any seed",3,0,0,0,1,0.591841375233071,3,"stratified_5_percent_pass_audit"
"inflect_ward_k38",26,726106,"CD57","no_detected_multimodality","neither test rejects in any seed",3,0,0,0,1,0.971199885657114,3,
"inflect_ward_k38",26,726106,"CD7","no_detected_multimodality","neither test rejects in any seed",3,0,0,0,1,0.55884192096048,3,
"inflect_ward_k38",26,726106,"CD8","no_detected_multimodality","neither test rejects in any seed",3,0,0,0,1,0.591841375233071,3,"stratified_5_percent_pass_audit"
"inflect_ward_k38",26,726106,"FoxP3","no_detected_multimodality","neither test rejects in any seed",3,0,0,0,1,0.644465089687701,3,
"inflect_ward_k38",26,726106,"HLA-DR","no_detected_multimodality","neither test rejects in any seed",3,0,0,0,1,0.758629314657329,3,
"inflect_ward_k38",26,726106,"Tbet","detected_multimodality","both tests reject in at least two seeds",3,3,3,3,0,0,3,"detected_multimodality"
"inflect_ward_k38",26,726106,"TCRgd_CD141","no_detected_multimodality","neither test rejects in any seed",3,0,0,0,1,0.758629314657329,3,
"inflect_ward_k38",27,99969,"CD11c","no_detected_multimodality","neither test rejects in any seed",3,0,0,0,1,0.865075394840277,1,
"inflect_ward_k38",27,99969,"CD127","detected_multimodality","both tests reject in at least two seeds",3,2,2,3,0.00209617650371818,0,1,"detected_multimodality"
"inflect_ward_k38",27,99969,"CD14","no_detected_multimodality","neither test rejects in any seed",3,0,0,0,1,0.647285181052065,1,
"inflect_ward_k38",27,99969,"CD159c_NKG2C","no_detected_multimodality","neither test rejects in any seed",3,0,0,0,1,0.865075394840277,1,
"inflect_ward_k38",27,99969,"CD16","detected_multimodality","both tests reject in at least two seeds",3,3,3,3,0,0,1,"detected_multimodality"
"inflect_ward_k38",27,99969,"CD161","no_detected_multimodality","neither test rejects in any seed",3,0,0,0,1,0.133566783391696,1,"stratified_5_percent_pass_audit"
"inflect_ward_k38",27,99969,"CD185_CXCR5","no_detected_multimodality","neither test rejects in any seed",3,0,0,0,1,0.385907239333953,1,
"inflect_ward_k38",27,99969,"CD19","no_detected_multimodality","neither test rejects in any seed",3,0,0,0,1,0.260487386550418,1,
"inflect_ward_k38",27,99969,"CD197_CCR7","no_detected_multimodality","neither test rejects in any seed",3,0,0,0,1,0.277338669334667,1,
"inflect_ward_k38",27,99969,"CD1c","no_detected_multimodality","neither test rejects in any seed",3,0,0,0,1,0.536893446723362,1,
"inflect_ward_k38",27,99969,"CD21","no_detected_multimodality","neither test rejects in any seed",3,0,0,0,1,0.865075394840277,1,
"inflect_ward_k38",27,99969,"CD25","no_detected_multimodality","neither test rejects in any seed",3,0,0,0,1,0.679310243356973,1,
"inflect_ward_k38",27,99969,"CD27","detected_multimodality","both tests reject in at least two seeds",3,3,3,3,0,0,1,"detected_multimodality"
"inflect_ward_k38",27,99969,"CD294_CRTH2","no_detected_multimodality","neither test rejects in any seed",3,0,0,0,1,0.260487386550418,1,
"inflect_ward_k38",27,99969,"CD3","no_detected_multimodality","neither test rejects in any seed",3,0,0,0,1,0.428164082041021,1,
"inflect_ward_k38",27,99969,"CD303_TCRvd2","no_detected_multimodality","neither test rejects in any seed",3,0,0,0,1,0.880190095047524,1,
"inflect_ward_k38",27,99969,"CD38","ambiguous","discordant_tests;seed_instability",3,0,0,1,1,0.0135067533766883,1,"ambiguous"
"inflect_ward_k38",27,99969,"CD4","ambiguous","borderline_q",3,0,0,0,1,0.0585292646323162,1,"ambiguous"
"inflect_ward_k38",27,99969,"CD45RA","detected_multimodality","both tests reject in at least two seeds",3,3,3,3,0,0,1,"detected_multimodality"
"inflect_ward_k38",27,99969,"CD56","detected_multimodality","both tests reject in at least two seeds",3,3,3,3,0.0011737961947798,0,1,"detected_multimodality"
"inflect_ward_k38",27,99969,"CD57","ambiguous","discordant_tests;seed_instability",3,0,0,1,0.866983044607209,0,1,"ambiguous"
"inflect_ward_k38",27,99969,"CD7","no_detected_multimodality","neither test rejects in any seed",3,0,0,0,1,0.140470235117559,1,
"inflect_ward_k38",27,99969,"CD8","no_detected_multimodality","neither test rejects in any seed",3,0,0,0,1,0.834886193096548,1,
"inflect_ward_k38",27,99969,"FoxP3","no_detected_multimodality","neither test rejects in any seed",3,0,0,0,1,0.585011255627814,1,
"inflect_ward_k38",27,99969,"HLA-DR","no_detected_multimodality","neither test rejects in any seed",3,0,0,0,1,0.87970071992518,1,
"inflect_ward_k38",27,99969,"Tbet","detected_multimodality","both tests reject in at least two seeds",3,3,3,3,0.000888333516133682,0,1,"detected_multimodality"
"inflect_ward_k38",27,99969,"TCRgd_CD141","no_detected_multimodality","neither test rejects in any seed",3,0,0,0,1,0.208229114557279,1,"stratified_5_percent_pass_audit"
"inflect_ward_k38",28,1298228,"CD11c","no_detected_multimodality","neither test rejects in any seed",3,0,0,0,0.99946021659399,0.808904452226113,4,"stratified_5_percent_pass_audit"
"inflect_ward_k38",28,1298228,"CD127","no_detected_multimodality","neither test rejects in any seed",3,0,0,0,0.99946021659399,0.361305652826413,4,
"inflect_ward_k38",28,1298228,"CD14","no_detected_multimodality","neither test rejects in any seed",3,0,0,0,0.99946021659399,0.218809404702351,4,
"inflect_ward_k38",28,1298228,"CD159c_NKG2C","no_detected_multimodality","neither test rejects in any seed",3,0,0,0,0.99946021659399,0.790595297648824,4,
"inflect_ward_k38",28,1298228,"CD16","no_detected_multimodality","neither test rejects in any seed",3,0,0,0,0.99946021659399,0.808904452226113,4,"stratified_5_percent_pass_audit"
"inflect_ward_k38",28,1298228,"CD161","no_detected_multimodality","neither test rejects in any seed",3,0,0,0,0.99946021659399,0.63631815907954,4,
"inflect_ward_k38",28,1298228,"CD185_CXCR5","detected_multimodality","both tests reject in at least two seeds",3,3,3,3,0,0,4,"detected_multimodality"
"inflect_ward_k38",28,1298228,"CD19","ambiguous","discordant_tests;borderline_q",3,0,0,3,0.0723030828473075,0,4,"ambiguous"
"inflect_ward_k38",28,1298228,"CD197_CCR7","no_detected_multimodality","neither test rejects in any seed",3,0,0,0,0.99946021659399,0.943471735867934,4,
"inflect_ward_k38",28,1298228,"CD1c","no_detected_multimodality","neither test rejects in any seed",3,0,0,0,0.99946021659399,0.361305652826413,4,"stratified_5_percent_pass_audit"
"inflect_ward_k38",28,1298228,"CD21","detected_multimodality","both tests reject in at least two seeds",3,3,3,3,0,0,4,"detected_multimodality"
"inflect_ward_k38",28,1298228,"CD25","no_detected_multimodality","neither test rejects in any seed",3,0,0,0,0.99946021659399,0.943471735867934,4,
"inflect_ward_k38",28,1298228,"CD27","no_detected_multimodality","neither test rejects in any seed",3,0,0,0,0.99946021659399,0.164782391195598,4,
"inflect_ward_k38",28,1298228,"CD294_CRTH2","no_detected_multimodality","neither test rejects in any seed",3,0,0,0,0.99946021659399,0.361305652826413,4,
"inflect_ward_k38",28,1298228,"CD3","no_detected_multimodality","neither test rejects in any seed",3,0,0,0,0.99946021659399,0.63631815907954,4,
"inflect_ward_k38",28,1298228,"CD303_TCRvd2","no_detected_multimodality","neither test rejects in any seed",3,0,0,0,0.99946021659399,0.790595297648824,4,
"inflect_ward_k38",28,1298228,"CD38","ambiguous","discordant_tests;seed_instability",3,0,0,2,0.99946021659399,0.00337668834417209,4,"ambiguous"
"inflect_ward_k38",28,1298228,"CD4","no_detected_multimodality","neither test rejects in any seed",3,0,0,0,0.99946021659399,0.943471735867934,4,
"inflect_ward_k38",28,1298228,"CD45RA","no_detected_multimodality","neither test rejects in any seed",3,0,0,0,0.99946021659399,0.746730508111198,4,
"inflect_ward_k38",28,1298228,"CD56","no_detected_multimodality","neither test rejects in any seed",3,0,0,0,0.99946021659399,0.925212606303152,4,
"inflect_ward_k38",28,1298228,"CD57","no_detected_multimodality","neither test rejects in any seed",3,0,0,0,0.99946021659399,0.774796489153668,4,
"inflect_ward_k38",28,1298228,"CD7","no_detected_multimodality","neither test rejects in any seed",3,0,0,0,0.99946021659399,0.663181590795398,4,
"inflect_ward_k38",28,1298228,"CD8","no_detected_multimodality","neither test rejects in any seed",3,0,0,0,0.99946021659399,0.782352714818948,4,
"inflect_ward_k38",28,1298228,"FoxP3","no_detected_multimodality","neither test rejects in any seed",3,0,0,0,0.99946021659399,0.663181590795398,4,
"inflect_ward_k38",28,1298228,"HLA-DR","no_detected_multimodality","neither test rejects in any seed",3,0,0,0,0.99946021659399,0.943471735867934,4,
"inflect_ward_k38",28,1298228,"Tbet","no_detected_multimodality","neither test rejects in any seed",3,0,0,0,0.99946021659399,0.782352714818948,4,
"inflect_ward_k38",28,1298228,"TCRgd_CD141","no_detected_multimodality","neither test rejects in any seed",3,0,0,0,0.99946021659399,0.63631815907954,4,
"inflect_ward_k38",29,413636,"CD11c","no_detected_multimodality","neither test rejects in any seed",3,0,0,0,1,0.148574287143572,3,
"inflect_ward_k38",29,413636,"CD127","no_detected_multimodality","neither test rejects in any seed",3,0,0,0,1,0.867808904452226,3,
"inflect_ward_k38",29,413636,"CD14","no_detected_multimodality","neither test rejects in any seed",3,0,0,0,1,0.95447723861931,3,
"inflect_ward_k38",29,413636,"CD159c_NKG2C","no_detected_multimodality","neither test rejects in any seed",3,0,0,0,1,0.95447723861931,3,
"inflect_ward_k38",29,413636,"CD16","no_detected_multimodality","neither test rejects in any seed",3,0,0,0,1,0.655077538769385,3,
"inflect_ward_k38",29,413636,"CD161","no_detected_multimodality","neither test rejects in any seed",3,0,0,0,1,0.95447723861931,3,
"inflect_ward_k38",29,413636,"CD185_CXCR5","no_detected_multimodality","neither test rejects in any seed",3,0,0,0,1,0.867808904452226,3,
"inflect_ward_k38",29,413636,"CD19","no_detected_multimodality","neither test rejects in any seed",3,0,0,0,1,0.95447723861931,3,
"inflect_ward_k38",29,413636,"CD197_CCR7","no_detected_multimodality","neither test rejects in any seed",3,0,0,0,1,0.95447723861931,3,
"inflect_ward_k38",29,413636,"CD1c","no_detected_multimodality","neither test rejects in any seed",3,0,0,0,1,0.877938969484742,3,
"inflect_ward_k38",29,413636,"CD21","no_detected_multimodality","neither test rejects in any seed",3,0,0,0,1,0.95447723861931,3,
"inflect_ward_k38",29,413636,"CD25","no_detected_multimodality","neither test rejects in any seed",3,0,0,0,1,0.95447723861931,3,
"inflect_ward_k38",29,413636,"CD27","ambiguous","borderline_q",3,0,0,0,1,0.0945472736368184,3,"ambiguous"
"inflect_ward_k38",29,413636,"CD294_CRTH2","no_detected_multimodality","neither test rejects in any seed",3,0,0,0,1,0.877938969484742,3,
"inflect_ward_k38",29,413636,"CD3","no_detected_multimodality","neither test rejects in any seed",3,0,0,0,1,0.95447723861931,3,
"inflect_ward_k38",29,413636,"CD303_TCRvd2","no_detected_multimodality","neither test rejects in any seed",3,0,0,0,1,0.925212606303151,3,"stratified_5_percent_pass_audit"
"inflect_ward_k38",29,413636,"CD38","no_detected_multimodality","neither test rejects in any seed",3,0,0,0,1,0.95447723861931,3,
"inflect_ward_k38",29,413636,"CD4","no_detected_multimodality","neither test rejects in any seed",3,0,0,0,1,0.95447723861931,3,
"inflect_ward_k38",29,413636,"CD45RA","no_detected_multimodality","neither test rejects in any seed",3,0,0,0,1,0.567283641820911,3,
"inflect_ward_k38",29,413636,"CD56","no_detected_multimodality","neither test rejects in any seed",3,0,0,0,1,0.95447723861931,3,
"inflect_ward_k38",29,413636,"CD57","no_detected_multimodality","neither test rejects in any seed",3,0,0,0,1,0.95447723861931,3,"stratified_5_percent_pass_audit"
"inflect_ward_k38",29,413636,"CD7","no_detected_multimodality","neither test rejects in any seed",3,0,0,0,1,0.95447723861931,3,
"inflect_ward_k38",29,413636,"CD8","no_detected_multimodality","neither test rejects in any seed",3,0,0,0,1,0.95447723861931,3,
"inflect_ward_k38",29,413636,"FoxP3","no_detected_multimodality","neither test rejects in any seed",3,0,0,0,1,0.877938969484742,3,
"inflect_ward_k38",29,413636,"HLA-DR","no_detected_multimodality","neither test rejects in any seed",3,0,0,0,1,0.877938969484742,3,
"inflect_ward_k38",29,413636,"Tbet","no_detected_multimodality","neither test rejects in any seed",3,0,0,0,1,0.95447723861931,3,
"inflect_ward_k38",29,413636,"TCRgd_CD141","no_detected_multimodality","neither test rejects in any seed",3,0,0,0,1,0.95447723861931,3,
"inflect_ward_k38",30,3058439,"CD11c","no_detected_multimodality","neither test rejects in any seed",3,0,0,0,1,0.712679869346438,4,
"inflect_ward_k38",30,3058439,"CD127","no_detected_multimodality","neither test rejects in any seed",3,0,0,0,1,0.552549001773614,4,
"inflect_ward_k38",30,3058439,"CD14","ambiguous","borderline_q",3,0,0,0,1,0.0979239619809905,4,"ambiguous"
"inflect_ward_k38",30,3058439,"CD159c_NKG2C","no_detected_multimodality","neither test rejects in any seed",3,0,0,0,1,0.874079897091403,4,
"inflect_ward_k38",30,3058439,"CD16","no_detected_multimodality","neither test rejects in any seed",3,0,0,0,1,0.874079897091403,4,
"inflect_ward_k38",30,3058439,"CD161","ambiguous","seed_instability;borderline_q",3,1,1,1,0.00583863687772673,0,4,"ambiguous"
"inflect_ward_k38",30,3058439,"CD185_CXCR5","ambiguous","borderline_q",3,0,0,0,1,0.0999499749874938,4,"ambiguous"
"inflect_ward_k38",30,3058439,"CD19","no_detected_multimodality","neither test rejects in any seed",3,0,0,0,1,0.862181090545273,4,
"inflect_ward_k38",30,3058439,"CD197_CCR7","no_detected_multimodality","neither test rejects in any seed",3,0,0,0,1,0.24312156078039,4,
"inflect_ward_k38",30,3058439,"CD1c","no_detected_multimodality","neither test rejects in any seed",3,0,0,0,1,0.699456871292789,4,
"inflect_ward_k38",30,3058439,"CD21","no_detected_multimodality","neither test rejects in any seed",3,0,0,0,1,0.331665832916458,4,
"inflect_ward_k38",30,3058439,"CD25","no_detected_multimodality","neither test rejects in any seed",3,0,0,0,1,0.910237727559432,4,
"inflect_ward_k38",30,3058439,"CD27","detected_multimodality","both tests reject in at least two seeds",3,3,3,3,0,0,4,"detected_multimodality"
"inflect_ward_k38",30,3058439,"CD294_CRTH2","no_detected_multimodality","neither test rejects in any seed",3,0,0,0,1,0.502451225612806,4,
"inflect_ward_k38",30,3058439,"CD3","no_detected_multimodality","neither test rejects in any seed",3,0,0,0,1,0.434917458729365,4,
"inflect_ward_k38",30,3058439,"CD303_TCRvd2","no_detected_multimodality","neither test rejects in any seed",3,0,0,0,1,0.130565282641321,4,
"inflect_ward_k38",30,3058439,"CD38","no_detected_multimodality","neither test rejects in any seed",3,0,0,0,1,0.375487743871936,4,
"inflect_ward_k38",30,3058439,"CD4","no_detected_multimodality","neither test rejects in any seed",3,0,0,0,1,0.607803901950976,4,
"inflect_ward_k38",30,3058439,"CD45RA","no_detected_multimodality","neither test rejects in any seed",3,0,0,0,1,0.361305652826413,4,
"inflect_ward_k38",30,3058439,"CD56","no_detected_multimodality","neither test rejects in any seed",3,0,0,0,1,0.490295147573787,4,"stratified_5_percent_pass_audit"
"inflect_ward_k38",30,3058439,"CD57","ambiguous","discordant_tests;seed_instability;borderline_q",3,0,0,1,1,0.0270135067533767,4,"ambiguous"
"inflect_ward_k38",30,3058439,"CD7","no_detected_multimodality","neither test rejects in any seed",3,0,0,0,1,0.699456871292789,4,
"inflect_ward_k38",30,3058439,"CD8","no_detected_multimodality","neither test rejects in any seed",3,0,0,0,1,0.712679869346438,4,
"inflect_ward_k38",30,3058439,"FoxP3","no_detected_multimodality","neither test rejects in any seed",3,0,0,0,1,0.795859468195636,4,"stratified_5_percent_pass_audit"
"inflect_ward_k38",30,3058439,"HLA-DR","no_detected_multimodality","neither test rejects in any seed",3,0,0,0,1,0.607803901950976,4,
"inflect_ward_k38",30,3058439,"Tbet","no_detected_multimodality","neither test rejects in any seed",3,0,0,0,1,0.331665832916458,4,
"inflect_ward_k38",30,3058439,"TCRgd_CD141","no_detected_multimodality","neither test rejects in any seed",3,0,0,0,1,0.490295147573787,4,
"inflect_ward_k38",31,217883,"CD11c","ambiguous","discordant_tests",3,0,0,3,0.592618909032207,0,2,"ambiguous"
"inflect_ward_k38",31,217883,"CD127","no_detected_multimodality","neither test rejects in any seed",3,0,0,0,1,0.421410705352676,2,
"inflect_ward_k38",31,217883,"CD14","detected_multimodality","both tests reject in at least two seeds",3,3,3,3,0,0,2,"detected_multimodality"
"inflect_ward_k38",31,217883,"CD159c_NKG2C","no_detected_multimodality","neither test rejects in any seed",3,0,0,0,1,0.911186362411975,2,
"inflect_ward_k38",31,217883,"CD16","no_detected_multimodality","neither test rejects in any seed",3,0,0,0,1,0.414207103551776,2,
"inflect_ward_k38",31,217883,"CD161","no_detected_multimodality","neither test rejects in any seed",3,0,0,0,1,0.911186362411975,2,
"inflect_ward_k38",31,217883,"CD185_CXCR5","no_detected_multimodality","neither test rejects in any seed",3,0,0,0,1,0.911186362411975,2,
"inflect_ward_k38",31,217883,"CD19","no_detected_multimodality","neither test rejects in any seed",3,0,0,0,1,0.16015150432359,2,
"inflect_ward_k38",31,217883,"CD197_CCR7","no_detected_multimodality","neither test rejects in any seed",3,0,0,0,1,0.820795012891061,2,
"inflect_ward_k38",31,217883,"CD1c","detected_multimodality","both tests reject in at least two seeds",3,3,3,3,0,0,2,"detected_multimodality"
"inflect_ward_k38",31,217883,"CD21","no_detected_multimodality","neither test rejects in any seed",3,0,0,0,1,0.820795012891061,2,
"inflect_ward_k38",31,217883,"CD25","no_detected_multimodality","neither test rejects in any seed",3,0,0,0,1,0.731748227054704,2,
"inflect_ward_k38",31,217883,"CD27","no_detected_multimodality","neither test rejects in any seed",3,0,0,0,1,0.911186362411975,2,
"inflect_ward_k38",31,217883,"CD294_CRTH2","no_detected_multimodality","neither test rejects in any seed",3,0,0,0,1,0.911186362411975,2,"stratified_5_percent_pass_audit"
"inflect_ward_k38",31,217883,"CD3","no_detected_multimodality","neither test rejects in any seed",3,0,0,0,1,0.911186362411975,2,"stratified_5_percent_pass_audit"
"inflect_ward_k38",31,217883,"CD303_TCRvd2","no_detected_multimodality","neither test rejects in any seed",3,0,0,0,1,0.911186362411975,2,
"inflect_ward_k38",31,217883,"CD38","no_detected_multimodality","neither test rejects in any seed",3,0,0,0,1,0.67263631815908,2,
"inflect_ward_k38",31,217883,"CD4","no_detected_multimodality","neither test rejects in any seed",3,0,0,0,1,0.341527906810548,2,
"inflect_ward_k38",31,217883,"CD45RA","no_detected_multimodality","neither test rejects in any seed",3,0,0,0,1,0.67263631815908,2,
"inflect_ward_k38",31,217883,"CD56","no_detected_multimodality","neither test rejects in any seed",3,0,0,0,1,0.447223611805903,2,
"inflect_ward_k38",31,217883,"CD57","no_detected_multimodality","neither test rejects in any seed",3,0,0,0,1,0.334292146073036,2,
"inflect_ward_k38",31,217883,"CD7","no_detected_multimodality","neither test rejects in any seed",3,0,0,0,1,0.447223611805903,2,
"inflect_ward_k38",31,217883,"CD8","ambiguous","discordant_tests;seed_instability",3,0,0,1,1,0.0472736368184092,2,"ambiguous"
"inflect_ward_k38",31,217883,"FoxP3","no_detected_multimodality","neither test rejects in any seed",3,0,0,0,1,0.67263631815908,2,
"inflect_ward_k38",31,217883,"HLA-DR","detected_multimodality","both tests reject in at least two seeds",3,3,3,3,0,0,2,"detected_multimodality"
"inflect_ward_k38",31,217883,"Tbet","no_detected_multimodality","neither test rejects in any seed",3,0,0,0,1,0.731748227054704,2,
"inflect_ward_k38",31,217883,"TCRgd_CD141","detected_multimodality","both tests reject in at least two seeds",3,3,3,3,0,0,2,"detected_multimodality"
"inflect_ward_k38",32,880759,"CD11c","detected_multimodality","both tests reject in at least two seeds",3,3,3,3,0,0,4,"detected_multimodality"
"inflect_ward_k38",32,880759,"CD127","no_detected_multimodality","neither test rejects in any seed",3,0,0,0,1,0.160730365182591,4,
"inflect_ward_k38",32,880759,"CD14","detected_multimodality","both tests reject in at least two seeds",3,3,3,3,0,0,4,"detected_multimodality"
"inflect_ward_k38",32,880759,"CD159c_NKG2C","no_detected_multimodality","neither test rejects in any seed",3,0,0,0,1,0.583173939911132,4,
"inflect_ward_k38",32,880759,"CD16","no_detected_multimodality","neither test rejects in any seed",3,0,0,0,1,0.583173939911132,4,
"inflect_ward_k38",32,880759,"CD161","no_detected_multimodality","neither test rejects in any seed",3,0,0,0,1,0.583173939911132,4,
"inflect_ward_k38",32,880759,"CD185_CXCR5","no_detected_multimodality","neither test rejects in any seed",3,0,0,0,1,0.904952476238119,4,"stratified_5_percent_pass_audit"
"inflect_ward_k38",32,880759,"CD19","no_detected_multimodality","neither test rejects in any seed",3,0,0,0,1,0.396519688415636,4,
"inflect_ward_k38",32,880759,"CD197_CCR7","ambiguous","borderline_q",3,0,0,0,1,0.0630315157578789,4,"ambiguous"
"inflect_ward_k38",32,880759,"CD1c","detected_multimodality","both tests reject in at least two seeds",3,2,2,3,0.00423486044918736,0,4,"detected_multimodality"
"inflect_ward_k38",32,880759,"CD21","no_detected_multimodality","neither test rejects in any seed",3,0,0,0,1,0.904952476238119,4,
"inflect_ward_k38",32,880759,"CD25","no_detected_multimodality","neither test rejects in any seed",3,0,0,0,1,0.904952476238119,4,
"inflect_ward_k38",32,880759,"CD27","no_detected_multimodality","neither test rejects in any seed",3,0,0,0,1,0.286097594251671,4,"stratified_5_percent_pass_audit"
"inflect_ward_k38",32,880759,"CD294_CRTH2","no_detected_multimodality","neither test rejects in any seed",3,0,0,0,1,0.836518259129565,4,
"inflect_ward_k38",32,880759,"CD3","ambiguous","discordant_tests;seed_instability",3,0,0,1,1,0.0495247623811906,4,"ambiguous"
"inflect_ward_k38",32,880759,"CD303_TCRvd2","detected_multimodality","both tests reject in at least two seeds",3,3,3,3,4.82636143350756e-06,0,4,"detected_multimodality"
"inflect_ward_k38",32,880759,"CD38","no_detected_multimodality","neither test rejects in any seed",3,0,0,0,1,0.396519688415636,4,
"inflect_ward_k38",32,880759,"CD4","ambiguous","discordant_tests;seed_instability",3,0,0,1,1,0.00964768098334882,4,"ambiguous"
"inflect_ward_k38",32,880759,"CD45RA","ambiguous","discordant_tests;seed_instability",3,0,0,2,1,0.00450225112556278,4,"ambiguous"
"inflect_ward_k38",32,880759,"CD56","no_detected_multimodality","neither test rejects in any seed",3,0,0,0,1,0.217608804402201,4,
"inflect_ward_k38",32,880759,"CD57","no_detected_multimodality","neither test rejects in any seed",3,0,0,0,1,0.528841343748797,4,
"inflect_ward_k38",32,880759,"CD7","no_detected_multimodality","neither test rejects in any seed",3,0,0,0,1,0.217608804402201,4,
"inflect_ward_k38",32,880759,"CD8","no_detected_multimodality","neither test rejects in any seed",3,0,0,0,1,0.217608804402201,4,"stratified_5_percent_pass_audit"
"inflect_ward_k38",32,880759,"FoxP3","no_detected_multimodality","neither test rejects in any seed",3,0,0,0,1,0.688844422211106,4,
"inflect_ward_k38",32,880759,"HLA-DR","ambiguous","discordant_tests;seed_instability",3,0,0,1,0.234156588578272,0.00450225112556278,4,"ambiguous"
"inflect_ward_k38",32,880759,"Tbet","no_detected_multimodality","neither test rejects in any seed",3,0,0,0,1,0.609304652326163,4,
"inflect_ward_k38",32,880759,"TCRgd_CD141","ambiguous","discordant_tests;seed_instability",3,1,1,3,0.00122653231751566,0,4,"ambiguous"
"inflect_ward_k38",33,4350638,"CD11c","no_detected_multimodality","neither test rejects in any seed",3,0,0,0,1,0.175587793896948,4,
"inflect_ward_k38",33,4350638,"CD127","no_detected_multimodality","neither test rejects in any seed",3,0,0,0,1,0.747092296148074,4,"stratified_5_percent_pass_audit"
"inflect_ward_k38",33,4350638,"CD14","no_detected_multimodality","neither test rejects in any seed",3,0,0,0,1,0.681477102187457,4,
"inflect_ward_k38",33,4350638,"CD159c_NKG2C","no_detected_multimodality","neither test rejects in any seed",3,0,0,0,1,0.681477102187457,4,
"inflect_ward_k38",33,4350638,"CD16","no_detected_multimodality","neither test rejects in any seed",3,0,0,0,1,0.710069320374473,4,
"inflect_ward_k38",33,4350638,"CD161","no_detected_multimodality","neither test rejects in any seed",3,0,0,0,1,0.91695847923962,4,"stratified_5_percent_pass_audit"
"inflect_ward_k38",33,4350638,"CD185_CXCR5","no_detected_multimodality","neither test rejects in any seed",3,0,0,0,1,0.91695847923962,4,
"inflect_ward_k38",33,4350638,"CD19","no_detected_multimodality","neither test rejects in any seed",3,0,0,0,1,0.681477102187457,4,
"inflect_ward_k38",33,4350638,"CD197_CCR7","no_detected_multimodality","neither test rejects in any seed",3,0,0,0,1,0.567283641820911,4,
"inflect_ward_k38",33,4350638,"CD1c","no_detected_multimodality","neither test rejects in any seed",3,0,0,0,1,0.91695847923962,4,
"inflect_ward_k38",33,4350638,"CD21","no_detected_multimodality","neither test rejects in any seed",3,0,0,0,1,0.681477102187457,4,
"inflect_ward_k38",33,4350638,"CD25","no_detected_multimodality","neither test rejects in any seed",3,0,0,0,1,0.91695847923962,4,
"inflect_ward_k38",33,4350638,"CD27","no_detected_multimodality","neither test rejects in any seed",3,0,0,0,1,0.681477102187457,4,
"inflect_ward_k38",33,4350638,"CD294_CRTH2","no_detected_multimodality","neither test rejects in any seed",3,0,0,0,1,0.45247623811906,4,"stratified_5_percent_pass_audit"
"inflect_ward_k38",33,4350638,"CD3","no_detected_multimodality","neither test rejects in any seed",3,0,0,0,1,0.175587793896948,4,
"inflect_ward_k38",33,4350638,"CD303_TCRvd2","no_detected_multimodality","neither test rejects in any seed",3,0,0,0,1,0.681477102187457,4,"stratified_5_percent_pass_audit"
"inflect_ward_k38",33,4350638,"CD38","no_detected_multimodality","neither test rejects in any seed",3,0,0,0,1,0.87634993967572,4,
"inflect_ward_k38",33,4350638,"CD4","no_detected_multimodality","neither test rejects in any seed",3,0,0,0,1,0.697156270442914,4,
"inflect_ward_k38",33,4350638,"CD45RA","no_detected_multimodality","neither test rejects in any seed",3,0,0,0,1,0.681477102187457,4,"stratified_5_percent_pass_audit"
"inflect_ward_k38",33,4350638,"CD56","no_detected_multimodality","neither test rejects in any seed",3,0,0,0,1,0.91695847923962,4,
"inflect_ward_k38",33,4350638,"CD57","no_detected_multimodality","neither test rejects in any seed",3,0,0,0,1,0.800757521617952,4,"stratified_5_percent_pass_audit"
"inflect_ward_k38",33,4350638,"CD7","no_detected_multimodality","neither test rejects in any seed",3,0,0,0,1,0.681477102187457,4,
"inflect_ward_k38",33,4350638,"CD8","no_detected_multimodality","neither test rejects in any seed",3,0,0,0,1,0.681477102187457,4,
"inflect_ward_k38",33,4350638,"FoxP3","no_detected_multimodality","neither test rejects in any seed",3,0,0,0,1,0.574037018509255,4,
"inflect_ward_k38",33,4350638,"HLA-DR","no_detected_multimodality","neither test rejects in any seed",3,0,0,0,1,0.45247623811906,4,
"inflect_ward_k38",33,4350638,"Tbet","no_detected_multimodality","neither test rejects in any seed",3,0,0,0,1,0.91695847923962,4,
"inflect_ward_k38",33,4350638,"TCRgd_CD141","no_detected_multimodality","neither test rejects in any seed",3,0,0,0,1,0.91695847923962,4,
"inflect_ward_k38",34,9068600,"CD11c","no_detected_multimodality","neither test rejects in any seed",3,0,0,0,1,0.464141161489836,4,
"inflect_ward_k38",34,9068600,"CD127","ambiguous","discordant_tests;seed_instability",3,0,0,1,1,0.040520260130065,4,"ambiguous"
"inflect_ward_k38",34,9068600,"CD14","no_detected_multimodality","neither test rejects in any seed",3,0,0,0,1,0.662393696848424,4,"stratified_5_percent_pass_audit"
"inflect_ward_k38",34,9068600,"CD159c_NKG2C","no_detected_multimodality","neither test rejects in any seed",3,0,0,0,1,0.540270135067534,4,
"inflect_ward_k38",34,9068600,"CD16","no_detected_multimodality","neither test rejects in any seed",3,0,0,0,1,0.740273983145419,4,
"inflect_ward_k38",34,9068600,"CD161","no_detected_multimodality","neither test rejects in any seed",3,0,0,0,1,0.662393696848424,4,
"inflect_ward_k38",34,9068600,"CD185_CXCR5","no_detected_multimodality","neither test rejects in any seed",3,0,0,0,1,0.662393696848424,4,
"inflect_ward_k38",34,9068600,"CD19","no_detected_multimodality","neither test rejects in any seed",3,0,0,0,1,0.662393696848424,4,
"inflect_ward_k38",34,9068600,"CD197_CCR7","detected_multimodality","both tests reject in at least two seeds",3,3,3,3,0,0,4,"detected_multimodality"
"inflect_ward_k38",34,9068600,"CD1c","no_detected_multimodality","neither test rejects in any seed",3,0,0,0,1,0.553776888444222,4,
"inflect_ward_k38",34,9068600,"CD21","no_detected_multimodality","neither test rejects in any seed",3,0,0,0,1,0.662393696848424,4,
"inflect_ward_k38",34,9068600,"CD25","no_detected_multimodality","neither test rejects in any seed",3,0,0,0,1,0.913456728364182,4,
"inflect_ward_k38",34,9068600,"CD27","detected_multimodality","both tests reject in at least two seeds",3,3,3,3,0,0,4,"detected_multimodality"
"inflect_ward_k38",34,9068600,"CD294_CRTH2","no_detected_multimodality","neither test rejects in any seed",3,0,0,0,1,0.576288144072036,4,
"inflect_ward_k38",34,9068600,"CD3","no_detected_multimodality","neither test rejects in any seed",3,0,0,0,1,0.129278925176874,4,
"inflect_ward_k38",34,9068600,"CD303_TCRvd2","no_detected_multimodality","neither test rejects in any seed",3,0,0,0,1,0.366370685342671,4,
"inflect_ward_k38",34,9068600,"CD38","no_detected_multimodality","neither test rejects in any seed",3,0,0,0,1,0.662393696848424,4,
"inflect_ward_k38",34,9068600,"CD4","no_detected_multimodality","neither test rejects in any seed",3,0,0,0,1,0.662393696848424,4,
"inflect_ward_k38",34,9068600,"CD45RA","detected_multimodality","both tests reject in at least two seeds",3,2,2,3,0.00139739727987476,0,4,"detected_multimodality"
"inflect_ward_k38",34,9068600,"CD56","no_detected_multimodality","neither test rejects in any seed",3,0,0,0,1,0.553776888444222,4,
"inflect_ward_k38",34,9068600,"CD57","no_detected_multimodality","neither test rejects in any seed",3,0,0,0,1,0.272836418209105,4,
"inflect_ward_k38",34,9068600,"CD7","detected_multimodality","both tests reject in at least two seeds",3,3,3,3,0.00163481838831103,0,4,"detected_multimodality"
"inflect_ward_k38",34,9068600,"CD8","no_detected_multimodality","neither test rejects in any seed",3,0,0,0,1,0.662393696848424,4,
"inflect_ward_k38",34,9068600,"FoxP3","ambiguous","borderline_q",3,0,0,0,1,0.0607803901950975,4,"ambiguous"
"inflect_ward_k38",34,9068600,"HLA-DR","no_detected_multimodality","neither test rejects in any seed",3,0,0,0,1,0.455177588794397,4,
"inflect_ward_k38",34,9068600,"Tbet","no_detected_multimodality","neither test rejects in any seed",3,0,0,0,1,0.740273983145419,4,
"inflect_ward_k38",34,9068600,"TCRgd_CD141","no_detected_multimodality","neither test rejects in any seed",3,0,0,0,1,0.406703351675838,4,
"inflect_ward_k38",35,1028144,"CD11c","no_detected_multimodality","neither test rejects in any seed",3,0,0,0,1,0.868034017008504,4,
"inflect_ward_k38",35,1028144,"CD127","no_detected_multimodality","neither test rejects in any seed",3,0,0,0,1,0.868034017008504,4,
"inflect_ward_k38",35,1028144,"CD14","no_detected_multimodality","neither test rejects in any seed",3,0,0,0,1,0.428839419709855,4,
"inflect_ward_k38",35,1028144,"CD159c_NKG2C","no_detected_multimodality","neither test rejects in any seed",3,0,0,0,1,0.95061816622597,4,"stratified_5_percent_pass_audit"
"inflect_ward_k38",35,1028144,"CD16","no_detected_multimodality","neither test rejects in any seed",3,0,0,0,1,0.211605802901451,4,
"inflect_ward_k38",35,1028144,"CD161","no_detected_multimodality","neither test rejects in any seed",3,0,0,0,1,0.801400700350175,4,
"inflect_ward_k38",35,1028144,"CD185_CXCR5","no_detected_multimodality","neither test rejects in any seed",3,0,0,0,1,0.425462731365683,4,
"inflect_ward_k38",35,1028144,"CD19","no_detected_multimodality","neither test rejects in any seed",3,0,0,0,1,0.609733438147645,4,
"inflect_ward_k38",35,1028144,"CD197_CCR7","no_detected_multimodality","neither test rejects in any seed",3,0,0,0,1,0.609733438147645,4,
"inflect_ward_k38",35,1028144,"CD1c","no_detected_multimodality","neither test rejects in any seed",3,0,0,0,1,0.658454227113557,4,
"inflect_ward_k38",35,1028144,"CD21","no_detected_multimodality","neither test rejects in any seed",3,0,0,0,1,0.692221110555278,4,
"inflect_ward_k38",35,1028144,"CD25","ambiguous","discordant_tests",3,0,0,3,0.331464552973513,0,4,"ambiguous"
"inflect_ward_k38",35,1028144,"CD27","ambiguous","discordant_tests;seed_instability",3,0,0,1,1,0.0135067533766883,4,"ambiguous"
"inflect_ward_k38",35,1028144,"CD294_CRTH2","no_detected_multimodality","neither test rejects in any seed",3,0,0,0,1,0.95061816622597,4,
"inflect_ward_k38",35,1028144,"CD3","no_detected_multimodality","neither test rejects in any seed",3,0,0,0,1,0.868034017008504,4,
"inflect_ward_k38",35,1028144,"CD303_TCRvd2","no_detected_multimodality","neither test rejects in any seed",3,0,0,0,1,0.307953976988494,4,
"inflect_ward_k38",35,1028144,"CD38","no_detected_multimodality","neither test rejects in any seed",3,0,0,0,1,0.95170662254204,4,
"inflect_ward_k38",35,1028144,"CD4","no_detected_multimodality","neither test rejects in any seed",3,0,0,0,1,0.641570785392696,4,
"inflect_ward_k38",35,1028144,"CD45RA","no_detected_multimodality","neither test rejects in any seed",3,0,0,0,1,0.876250625312656,4,
"inflect_ward_k38",35,1028144,"CD56","no_detected_multimodality","neither test rejects in any seed",3,0,0,0,1,0.692221110555278,4,
"inflect_ward_k38",35,1028144,"CD57","no_detected_multimodality","neither test rejects in any seed",3,0,0,0,1,0.71735867933967,4,
"inflect_ward_k38",35,1028144,"CD7","no_detected_multimodality","neither test rejects in any seed",3,0,0,0,1,0.126063031515758,4,
"inflect_ward_k38",35,1028144,"CD8","no_detected_multimodality","neither test rejects in any seed",3,0,0,0,1,0.95061816622597,4,
"inflect_ward_k38",35,1028144,"FoxP3","detected_multimodality","both tests reject in at least two seeds",3,3,3,3,0,0,4,"detected_multimodality"
"inflect_ward_k38",35,1028144,"HLA-DR","no_detected_multimodality","neither test rejects in any seed",3,0,0,0,1,0.95061816622597,4,
"inflect_ward_k38",35,1028144,"Tbet","no_detected_multimodality","neither test rejects in any seed",3,0,0,0,1,0.95061816622597,4,"stratified_5_percent_pass_audit"
"inflect_ward_k38",35,1028144,"TCRgd_CD141","no_detected_multimodality","neither test rejects in any seed",3,0,0,0,1,0.95061816622597,4,
"inflect_ward_k38",36,0,"CD11c","unresolved_discrete","no_finite_values",0,0,0,0,,,1,
"inflect_ward_k38",36,0,"CD127","unresolved_discrete","no_finite_values",0,0,0,0,,,1,
"inflect_ward_k38",36,0,"CD14","unresolved_discrete","no_finite_values",0,0,0,0,,,1,
"inflect_ward_k38",36,0,"CD159c_NKG2C","unresolved_discrete","no_finite_values",0,0,0,0,,,1,
"inflect_ward_k38",36,0,"CD16","unresolved_discrete","no_finite_values",0,0,0,0,,,1,
"inflect_ward_k38",36,0,"CD161","unresolved_discrete","no_finite_values",0,0,0,0,,,1,
"inflect_ward_k38",36,0,"CD185_CXCR5","unresolved_discrete","no_finite_values",0,0,0,0,,,1,
"inflect_ward_k38",36,0,"CD19","unresolved_discrete","no_finite_values",0,0,0,0,,,1,
"inflect_ward_k38",36,0,"CD197_CCR7","unresolved_discrete","no_finite_values",0,0,0,0,,,1,
"inflect_ward_k38",36,0,"CD1c","unresolved_discrete","no_finite_values",0,0,0,0,,,1,
"inflect_ward_k38",36,0,"CD21","unresolved_discrete","no_finite_values",0,0,0,0,,,1,
"inflect_ward_k38",36,0,"CD25","unresolved_discrete","no_finite_values",0,0,0,0,,,1,
"inflect_ward_k38",36,0,"CD27","unresolved_discrete","no_finite_values",0,0,0,0,,,1,
"inflect_ward_k38",36,0,"CD294_CRTH2","unresolved_discrete","no_finite_values",0,0,0,0,,,1,
"inflect_ward_k38",36,0,"CD3","unresolved_discrete","no_finite_values",0,0,0,0,,,1,
"inflect_ward_k38",36,0,"CD303_TCRvd2","unresolved_discrete","no_finite_values",0,0,0,0,,,1,
"inflect_ward_k38",36,0,"CD38","unresolved_discrete","no_finite_values",0,0,0,0,,,1,
"inflect_ward_k38",36,0,"CD4","unresolved_discrete","no_finite_values",0,0,0,0,,,1,
"inflect_ward_k38",36,0,"CD45RA","unresolved_discrete","no_finite_values",0,0,0,0,,,1,
"inflect_ward_k38",36,0,"CD56","unresolved_discrete","no_finite_values",0,0,0,0,,,1,
"inflect_ward_k38",36,0,"CD57","unresolved_discrete","no_finite_values",0,0,0,0,,,1,
"inflect_ward_k38",36,0,"CD7","unresolved_discrete","no_finite_values",0,0,0,0,,,1,
"inflect_ward_k38",36,0,"CD8","unresolved_discrete","no_finite_values",0,0,0,0,,,1,
"inflect_ward_k38",36,0,"FoxP3","unresolved_discrete","no_finite_values",0,0,0,0,,,1,
"inflect_ward_k38",36,0,"HLA-DR","unresolved_discrete","no_finite_values",0,0,0,0,,,1,
"inflect_ward_k38",36,0,"Tbet","unresolved_discrete","no_finite_values",0,0,0,0,,,1,
"inflect_ward_k38",36,0,"TCRgd_CD141","unresolved_discrete","no_finite_values",0,0,0,0,,,1,
"inflect_ward_k38",37,2920244,"CD11c","no_detected_multimodality","neither test rejects in any seed",3,0,0,0,1,0.865718573572501,4,
"inflect_ward_k38",37,2920244,"CD127","no_detected_multimodality","neither test rejects in any seed",3,0,0,0,1,0.751313156578289,4,
"inflect_ward_k38",37,2920244,"CD14","no_detected_multimodality","neither test rejects in any seed",3,0,0,0,1,0.23231615807904,4,
"inflect_ward_k38",37,2920244,"CD159c_NKG2C","no_detected_multimodality","neither test rejects in any seed",3,0,0,0,1,0.930465232616308,4,
"inflect_ward_k38",37,2920244,"CD16","no_detected_multimodality","neither test rejects in any seed",3,0,0,0,1,0.742871435717859,4,
"inflect_ward_k38",37,2920244,"CD161","no_detected_multimodality","neither test rejects in any seed",3,0,0,0,1,0.742871435717859,4,
"inflect_ward_k38",37,2920244,"CD185_CXCR5","no_detected_multimodality","neither test rejects in any seed",3,0,0,0,1,0.742871435717859,4,
"inflect_ward_k38",37,2920244,"CD19","no_detected_multimodality","neither test rejects in any seed",3,0,0,0,1,0.742871435717859,4,
"inflect_ward_k38",37,2920244,"CD197_CCR7","no_detected_multimodality","neither test rejects in any seed",3,0,0,0,1,0.23231615807904,4,"stratified_5_percent_pass_audit"
"inflect_ward_k38",37,2920244,"CD1c","no_detected_multimodality","neither test rejects in any seed",3,0,0,0,1,0.742871435717859,4,
"inflect_ward_k38",37,2920244,"CD21","no_detected_multimodality","neither test rejects in any seed",3,0,0,0,1,0.247623811905953,4,
"inflect_ward_k38",37,2920244,"CD25","no_detected_multimodality","neither test rejects in any seed",3,0,0,0,1,0.23231615807904,4,
"inflect_ward_k38",37,2920244,"CD27","no_detected_multimodality","neither test rejects in any seed",3,0,0,0,1,0.175587793896948,4,
"inflect_ward_k38",37,2920244,"CD294_CRTH2","no_detected_multimodality","neither test rejects in any seed",3,0,0,0,1,0.742871435717859,4,
"inflect_ward_k38",37,2920244,"CD3","no_detected_multimodality","neither test rejects in any seed",3,0,0,0,1,0.930465232616308,4,"stratified_5_percent_pass_audit"
"inflect_ward_k38",37,2920244,"CD303_TCRvd2","no_detected_multimodality","neither test rejects in any seed",3,0,0,0,1,0.819859929964983,4,
"inflect_ward_k38",37,2920244,"CD38","no_detected_multimodality","neither test rejects in any seed",3,0,0,0,1,0.751313156578289,4,
"inflect_ward_k38",37,2920244,"CD4","no_detected_multimodality","neither test rejects in any seed",3,0,0,0,1,0.828209559325117,4,"stratified_5_percent_pass_audit"
"inflect_ward_k38",37,2920244,"CD45RA","no_detected_multimodality","neither test rejects in any seed",3,0,0,0,1,0.819859929964983,4,
"inflect_ward_k38",37,2920244,"CD56","no_detected_multimodality","neither test rejects in any seed",3,0,0,0,1,0.742871435717859,4,
"inflect_ward_k38",37,2920244,"CD57","no_detected_multimodality","neither test rejects in any seed",3,0,0,0,1,0.865718573572501,4,
"inflect_ward_k38",37,2920244,"CD7","no_detected_multimodality","neither test rejects in any seed",3,0,0,0,1,0.819859929964983,4,
"inflect_ward_k38",37,2920244,"CD8","no_detected_multimodality","neither test rejects in any seed",3,0,0,0,1,0.751313156578289,4,
"inflect_ward_k38",37,2920244,"FoxP3","no_detected_multimodality","neither test rejects in any seed",3,0,0,0,1,0.742871435717859,4,
"inflect_ward_k38",37,2920244,"HLA-DR","no_detected_multimodality","neither test rejects in any seed",3,0,0,0,1,0.828209559325117,4,"stratified_5_percent_pass_audit"
"inflect_ward_k38",37,2920244,"Tbet","no_detected_multimodality","neither test rejects in any seed",3,0,0,0,1,0.23231615807904,4,
"inflect_ward_k38",37,2920244,"TCRgd_CD141","no_detected_multimodality","neither test rejects in any seed",3,0,0,0,1,0.23231615807904,4,
"inflect_ward_k38",38,541968,"CD11c","no_detected_multimodality","neither test rejects in any seed",3,0,0,0,0.999378841117608,0.890365182591296,3,
"inflect_ward_k38",38,541968,"CD127","ambiguous","discordant_tests;seed_instability",3,0,0,1,0.999378841117608,0,3,"ambiguous"
"inflect_ward_k38",38,541968,"CD14","no_detected_multimodality","neither test rejects in any seed",3,0,0,0,0.999378841117608,0.67263631815908,3,
"inflect_ward_k38",38,541968,"CD159c_NKG2C","no_detected_multimodality","neither test rejects in any seed",3,0,0,0,0.999378841117608,0.890365182591296,3,
"inflect_ward_k38",38,541968,"CD16","no_detected_multimodality","neither test rejects in any seed",3,0,0,0,0.999378841117608,0.890365182591296,3,
"inflect_ward_k38",38,541968,"CD161","no_detected_multimodality","neither test rejects in any seed",3,0,0,0,0.999378841117608,0.435592796398199,3,
"inflect_ward_k38",38,541968,"CD185_CXCR5","no_detected_multimodality","neither test rejects in any seed",3,0,0,0,0.999378841117608,0.693065282641321,3,
"inflect_ward_k38",38,541968,"CD19","no_detected_multimodality","neither test rejects in any seed",3,0,0,0,0.999378841117608,0.890365182591296,3,
"inflect_ward_k38",38,541968,"CD197_CCR7","ambiguous","discordant_tests;seed_instability;borderline_q",3,0,0,1,0.999378841117608,0,3,"ambiguous"
"inflect_ward_k38",38,541968,"CD1c","no_detected_multimodality","neither test rejects in any seed",3,0,0,0,0.999378841117608,0.939844922461231,3,
"inflect_ward_k38",38,541968,"CD21","no_detected_multimodality","neither test rejects in any seed",3,0,0,0,0.999378841117608,0.414207103551776,3,
"inflect_ward_k38",38,541968,"CD25","no_detected_multimodality","neither test rejects in any seed",3,0,0,0,0.999378841117608,0.693065282641321,3,
"inflect_ward_k38",38,541968,"CD27","ambiguous","discordant_tests;seed_instability",3,0,0,1,0.999378841117608,0.00900450225112556,3,"ambiguous"
"inflect_ward_k38",38,541968,"CD294_CRTH2","no_detected_multimodality","neither test rejects in any seed",3,0,0,0,0.999378841117608,0.693065282641321,3,
"inflect_ward_k38",38,541968,"CD3","no_detected_multimodality","neither test rejects in any seed",3,0,0,0,0.999378841117608,0.621310655327664,3,
"inflect_ward_k38",38,541968,"CD303_TCRvd2","no_detected_multimodality","neither test rejects in any seed",3,0,0,0,0.999378841117608,0.721860930465233,3,
"inflect_ward_k38",38,541968,"CD38","no_detected_multimodality","neither test rejects in any seed",3,0,0,0,0.999378841117608,0.503608947330808,3,
"inflect_ward_k38",38,541968,"CD4","no_detected_multimodality","neither test rejects in any seed",3,0,0,0,0.999378841117608,0.326863431715858,3,"stratified_5_percent_pass_audit"
"inflect_ward_k38",38,541968,"CD45RA","no_detected_multimodality","neither test rejects in any seed",3,0,0,0,0.999378841117608,0.180090045022511,3,
"inflect_ward_k38",38,541968,"CD56","no_detected_multimodality","neither test rejects in any seed",3,0,0,0,0.999378841117608,0.693065282641321,3,
"inflect_ward_k38",38,541968,"CD57","no_detected_multimodality","neither test rejects in any seed",3,0,0,0,0.999378841117608,0.488944472236118,3,
"inflect_ward_k38",38,541968,"CD7","no_detected_multimodality","neither test rejects in any seed",3,0,0,0,0.999378841117608,0.151950975487744,3,
"inflect_ward_k38",38,541968,"CD8","no_detected_multimodality","neither test rejects in any seed",3,0,0,0,0.999378841117608,0.503608947330808,3,
"inflect_ward_k38",38,541968,"FoxP3","no_detected_multimodality","neither test rejects in any seed",3,0,0,0,0.999378841117608,0.890365182591296,3,
"inflect_ward_k38",38,541968,"HLA-DR","no_detected_multimodality","neither test rejects in any seed",3,0,0,0,0.999378841117608,0.180090045022511,3,
"inflect_ward_k38",38,541968,"Tbet","no_detected_multimodality","neither test rejects in any seed",3,0,0,0,0.999378841117608,0.890365182591296,3,
"inflect_ward_k38",38,541968,"TCRgd_CD141","no_detected_multimodality","neither test rejects in any seed",3,0,0,0,0.999378841117608,0.787075355859748,3,"stratified_5_percent_pass_audit"
"inflect_ward_k44",1,1026945,"CD11c","detected_multimodality","both tests reject in at least two seeds",3,3,3,3,0,0,4,"detected_multimodality"
"inflect_ward_k44",1,1026945,"CD127","no_detected_multimodality","neither test rejects in any seed",3,0,0,0,0.99771465108581,0.770595824227904,4,
"inflect_ward_k44",1,1026945,"CD14","no_detected_multimodality","neither test rejects in any seed",3,0,0,0,0.99771465108581,0.734617308654327,4,
"inflect_ward_k44",1,1026945,"CD159c_NKG2C","no_detected_multimodality","neither test rejects in any seed",3,0,0,0,0.99771465108581,0.734617308654327,4,
"inflect_ward_k44",1,1026945,"CD16","no_detected_multimodality","neither test rejects in any seed",3,0,0,0,0.99771465108581,0.272836418209105,4,
"inflect_ward_k44",1,1026945,"CD161","detected_multimodality","both tests reject in at least two seeds",3,3,3,3,0,0,4,"detected_multimodality"
"inflect_ward_k44",1,1026945,"CD185_CXCR5","no_detected_multimodality","neither test rejects in any seed",3,0,0,0,0.99771465108581,0.225112556278139,4,
"inflect_ward_k44",1,1026945,"CD19","no_detected_multimodality","neither test rejects in any seed",3,0,0,0,0.99771465108581,0.277853212320446,4,
"inflect_ward_k44",1,1026945,"CD197_CCR7","no_detected_multimodality","neither test rejects in any seed",3,0,0,0,0.99771465108581,0.734617308654327,4,
"inflect_ward_k44",1,1026945,"CD1c","no_detected_multimodality","neither test rejects in any seed",3,0,0,0,0.99771465108581,0.647096275410432,4,
"inflect_ward_k44",1,1026945,"CD21","no_detected_multimodality","neither test rejects in any seed",3,0,0,0,0.99771465108581,0.77404086658714,4,
"inflect_ward_k44",1,1026945,"CD25","no_detected_multimodality","neither test rejects in any seed",3,0,0,0,0.99771465108581,0.273511755877939,4,
"inflect_ward_k44",1,1026945,"CD27","no_detected_multimodality","neither test rejects in any seed",3,0,0,0,0.99771465108581,0.77404086658714,4,
"inflect_ward_k44",1,1026945,"CD294_CRTH2","no_detected_multimodality","neither test rejects in any seed",3,0,0,0,0.99771465108581,0.519259629814907,4,
"inflect_ward_k44",1,1026945,"CD3","no_detected_multimodality","neither test rejects in any seed",3,0,0,0,0.99771465108581,0.234117058529265,4,
"inflect_ward_k44",1,1026945,"CD303_TCRvd2","no_detected_multimodality","neither test rejects in any seed",3,0,0,0,0.99771465108581,0.487931465732866,4,
"inflect_ward_k44",1,1026945,"CD38","no_detected_multimodality","neither test rejects in any seed",3,0,0,0,0.99771465108581,0.455852926463232,4,
"inflect_ward_k44",1,1026945,"CD4","no_detected_multimodality","neither test rejects in any seed",3,0,0,0,0.99771465108581,0.725681022329347,4,
"inflect_ward_k44",1,1026945,"CD45RA","no_detected_multimodality","neither test rejects in any seed",3,0,0,0,0.99771465108581,0.77404086658714,4,
"inflect_ward_k44",1,1026945,"CD56","no_detected_multimodality","neither test rejects in any seed",3,0,0,0,0.99771465108581,0.734617308654327,4,
"inflect_ward_k44",1,1026945,"CD57","no_detected_multimodality","neither test rejects in any seed",3,0,0,0,0.99771465108581,0.272836418209105,4,
"inflect_ward_k44",1,1026945,"CD7","no_detected_multimodality","neither test rejects in any seed",3,0,0,0,0.99771465108581,0.277853212320446,4,
"inflect_ward_k44",1,1026945,"CD8","no_detected_multimodality","neither test rejects in any seed",3,0,0,0,0.99771465108581,0.277853212320446,4,
"inflect_ward_k44",1,1026945,"FoxP3","no_detected_multimodality","neither test rejects in any seed",3,0,0,0,0.99771465108581,0.734617308654327,4,
"inflect_ward_k44",1,1026945,"HLA-DR","no_detected_multimodality","neither test rejects in any seed",3,0,0,0,0.99771465108581,0.77404086658714,4,
"inflect_ward_k44",1,1026945,"Tbet","no_detected_multimodality","neither test rejects in any seed",3,0,0,0,0.99771465108581,0.277853212320446,4,
"inflect_ward_k44",1,1026945,"TCRgd_CD141","no_detected_multimodality","neither test rejects in any seed",3,0,0,0,0.99771465108581,0.252126063031516,4,
"inflect_ward_k44",2,438555,"CD11c","no_detected_multimodality","neither test rejects in any seed",3,0,0,0,1,0.87456228114057,3,
"inflect_ward_k44",2,438555,"CD127","no_detected_multimodality","neither test rejects in any seed",3,0,0,0,1,0.882706058911809,3,"stratified_5_percent_pass_audit"
"inflect_ward_k44",2,438555,"CD14","no_detected_multimodality","neither test rejects in any seed",3,0,0,0,1,0.87456228114057,3,
"inflect_ward_k44",2,438555,"CD159c_NKG2C","no_detected_multimodality","neither test rejects in any seed",3,0,0,0,1,0.435592796398199,3,
"inflect_ward_k44",2,438555,"CD16","no_detected_multimodality","neither test rejects in any seed",3,0,0,0,1,0.643821910955478,3,
"inflect_ward_k44",2,438555,"CD161","no_detected_multimodality","neither test rejects in any seed",3,0,0,0,1,0.87456228114057,3,"stratified_5_percent_pass_audit"
"inflect_ward_k44",2,438555,"CD185_CXCR5","no_detected_multimodality","neither test rejects in any seed",3,0,0,0,1,0.643821910955478,3,
"inflect_ward_k44",2,438555,"CD19","no_detected_multimodality","neither test rejects in any seed",3,0,0,0,1,0.547023511755878,3,
"inflect_ward_k44",2,438555,"CD197_CCR7","no_detected_multimodality","neither test rejects in any seed",3,0,0,0,1,0.456528264132066,3,
"inflect_ward_k44",2,438555,"CD1c","no_detected_multimodality","neither test rejects in any seed",3,0,0,0,1,0.942355793281256,3,
"inflect_ward_k44",2,438555,"CD21","no_detected_multimodality","neither test rejects in any seed",3,0,0,0,1,0.889194597298649,3,
"inflect_ward_k44",2,438555,"CD25","no_detected_multimodality","neither test rejects in any seed",3,0,0,0,1,0.704280711784464,3,
"inflect_ward_k44",2,438555,"CD27","no_detected_multimodality","neither test rejects in any seed",3,0,0,0,1,0.889194597298649,3,
"inflect_ward_k44",2,438555,"CD294_CRTH2","no_detected_multimodality","neither test rejects in any seed",3,0,0,0,1,0.89032016008004,3,
"inflect_ward_k44",2,438555,"CD3","no_detected_multimodality","neither test rejects in any seed",3,0,0,0,1,0.569534767383692,3,
"inflect_ward_k44",2,438555,"CD303_TCRvd2","no_detected_multimodality","neither test rejects in any seed",3,0,0,0,1,0.643821910955478,3,"stratified_5_percent_pass_audit"
"inflect_ward_k44",2,438555,"CD38","no_detected_multimodality","neither test rejects in any seed",3,0,0,0,1,0.560530265132566,3,
"inflect_ward_k44",2,438555,"CD4","no_detected_multimodality","neither test rejects in any seed",3,0,0,0,1,0.87456228114057,3,
"inflect_ward_k44",2,438555,"CD45RA","no_detected_multimodality","neither test rejects in any seed",3,0,0,0,1,0.135067533766883,3,"stratified_5_percent_pass_audit"
"inflect_ward_k44",2,438555,"CD56","no_detected_multimodality","neither test rejects in any seed",3,0,0,0,1,0.384942471235618,3,
"inflect_ward_k44",2,438555,"CD57","detected_multimodality","both tests reject in at least two seeds",3,3,3,3,0,0,3,"detected_multimodality"
"inflect_ward_k44",2,438555,"CD7","no_detected_multimodality","neither test rejects in any seed",3,0,0,0,1,0.889194597298649,3,
"inflect_ward_k44",2,438555,"CD8","no_detected_multimodality","neither test rejects in any seed",3,0,0,0,1,0.569534767383692,3,
"inflect_ward_k44",2,438555,"FoxP3","no_detected_multimodality","neither test rejects in any seed",3,0,0,0,1,0.87456228114057,3,
"inflect_ward_k44",2,438555,"HLA-DR","no_detected_multimodality","neither test rejects in any seed",3,0,0,0,1,0.882706058911809,3,
"inflect_ward_k44",2,438555,"Tbet","no_detected_multimodality","neither test rejects in any seed",3,0,0,0,1,0.435592796398199,3,
"inflect_ward_k44",2,438555,"TCRgd_CD141","no_detected_multimodality","neither test rejects in any seed",3,0,0,0,1,0.43671835917959,3,
"inflect_ward_k44",3,302122,"CD11c","no_detected_multimodality","neither test rejects in any seed",3,0,0,0,0.999920078130232,0.27463731865933,2,
"inflect_ward_k44",3,302122,"CD127","no_detected_multimodality","neither test rejects in any seed",3,0,0,0,0.999920078130232,0.730403663370147,2,
"inflect_ward_k44",3,302122,"CD14","no_detected_multimodality","neither test rejects in any seed",3,0,0,0,0.999920078130232,0.619381119130994,2,
"inflect_ward_k44",3,302122,"CD159c_NKG2C","detected_multimodality","both tests reject in at least two seeds",3,3,3,3,0,0,2,"detected_multimodality"
"inflect_ward_k44",3,302122,"CD16","no_detected_multimodality","neither test rejects in any seed",3,0,0,0,0.999920078130232,0.750589580504538,2,
"inflect_ward_k44",3,302122,"CD161","no_detected_multimodality","neither test rejects in any seed",3,0,0,0,0.999920078130232,0.108054027013507,2,
"inflect_ward_k44",3,302122,"CD185_CXCR5","no_detected_multimodality","neither test rejects in any seed",3,0,0,0,0.999920078130232,0.849424712356178,2,
"inflect_ward_k44",3,302122,"CD19","no_detected_multimodality","neither test rejects in any seed",3,0,0,0,0.999920078130232,0.27463731865933,2,
"inflect_ward_k44",3,302122,"CD197_CCR7","no_detected_multimodality","neither test rejects in any seed",3,0,0,0,0.999920078130232,0.887180432321424,2,
"inflect_ward_k44",3,302122,"CD1c","no_detected_multimodality","neither test rejects in any seed",3,0,0,0,0.999920078130232,0.896308154077039,2,
"inflect_ward_k44",3,302122,"CD21","no_detected_multimodality","neither test rejects in any seed",3,0,0,0,0.999920078130232,0.849424712356178,2,
"inflect_ward_k44",3,302122,"CD25","no_detected_multimodality","neither test rejects in any seed",3,0,0,0,0.999920078130232,0.958979489744872,2,
"inflect_ward_k44",3,302122,"CD27","no_detected_multimodality","neither test rejects in any seed",3,0,0,0,0.999920078130232,0.730403663370147,2,"stratified_5_percent_pass_audit"
"inflect_ward_k44",3,302122,"CD294_CRTH2","no_detected_multimodality","neither test rejects in any seed",3,0,0,0,0.999920078130232,0.688844422211106,2,
"inflect_ward_k44",3,302122,"CD3","ambiguous","borderline_q",3,0,0,0,0.999920078130232,0.0630315157578789,2,"ambiguous"
"inflect_ward_k44",3,302122,"CD303_TCRvd2","no_detected_multimodality","neither test rejects in any seed",3,0,0,0,0.999920078130232,0.887180432321424,2,
"inflect_ward_k44",3,302122,"CD38","no_detected_multimodality","neither test rejects in any seed",3,0,0,0,0.999920078130232,0.896308154077039,2,
"inflect_ward_k44",3,302122,"CD4","no_detected_multimodality","neither test rejects in any seed",3,0,0,0,0.999920078130232,0.896308154077039,2,
"inflect_ward_k44",3,302122,"CD45RA","no_detected_multimodality","neither test rejects in any seed",3,0,0,0,0.999920078130232,0.27463731865933,2,
"inflect_ward_k44",3,302122,"CD56","no_detected_multimodality","neither test rejects in any seed",3,0,0,0,0.999920078130232,0.630958336311013,2,
"inflect_ward_k44",3,302122,"CD57","detected_multimodality","both tests reject in at least two seeds",3,3,3,3,0,0,2,"detected_multimodality"
"inflect_ward_k44",3,302122,"CD7","no_detected_multimodality","neither test rejects in any seed",3,0,0,0,0.999920078130232,0.722611305652826,2,
"inflect_ward_k44",3,302122,"CD8","no_detected_multimodality","neither test rejects in any seed",3,0,0,0,0.999920078130232,0.305252626313157,2,
"inflect_ward_k44",3,302122,"FoxP3","no_detected_multimodality","neither test rejects in any seed",3,0,0,0,0.999920078130232,0.730403663370147,2,"stratified_5_percent_pass_audit"
"inflect_ward_k44",3,302122,"HLA-DR","no_detected_multimodality","neither test rejects in any seed",3,0,0,0,0.999920078130232,0.887180432321424,2,
"inflect_ward_k44",3,302122,"Tbet","no_detected_multimodality","neither test rejects in any seed",3,0,0,0,0.999920078130232,0.825600300150075,2,
"inflect_ward_k44",3,302122,"TCRgd_CD141","no_detected_multimodality","neither test rejects in any seed",3,0,0,0,0.999920078130232,0.1935967983992,2,"stratified_5_percent_pass_audit"
"inflect_ward_k44",4,228900,"CD11c","no_detected_multimodality","neither test rejects in any seed",3,0,0,0,0.999857300962519,0.894147073536768,2,
"inflect_ward_k44",4,228900,"CD127","no_detected_multimodality","neither test rejects in any seed",3,0,0,0,0.999857300962519,0.601050525262631,2,"stratified_5_percent_pass_audit"
"inflect_ward_k44",4,228900,"CD14","no_detected_multimodality","neither test rejects in any seed",3,0,0,0,0.999857300962519,0.701640293831126,2,
"inflect_ward_k44",4,228900,"CD159c_NKG2C","no_detected_multimodality","neither test rejects in any seed",3,0,0,0,0.999857300962519,0.297148574287144,2,"stratified_5_percent_pass_audit"
"inflect_ward_k44",4,228900,"CD16","no_detected_multimodality","neither test rejects in any seed",3,0,0,0,0.999857300962519,0.411955977988995,2,
"inflect_ward_k44",4,228900,"CD161","no_detected_multimodality","neither test rejects in any seed",3,0,0,0,0.999857300962519,0.619232693269712,2,"stratified_5_percent_pass_audit"
"inflect_ward_k44",4,228900,"CD185_CXCR5","no_detected_multimodality","neither test rejects in any seed",3,0,0,0,0.999857300962519,0.894147073536768,2,
"inflect_ward_k44",4,228900,"CD19","no_detected_multimodality","neither test rejects in any seed",3,0,0,0,0.999857300962519,0.625531515757879,2,
"inflect_ward_k44",4,228900,"CD197_CCR7","no_detected_multimodality","neither test rejects in any seed",3,0,0,0,0.999857300962519,0.756378189094547,2,
"inflect_ward_k44",4,228900,"CD1c","no_detected_multimodality","neither test rejects in any seed",3,0,0,0,0.999857300962519,0.619232693269712,2,
"inflect_ward_k44",4,228900,"CD21","no_detected_multimodality","neither test rejects in any seed",3,0,0,0,0.999857300962519,0.792396198099049,2,
"inflect_ward_k44",4,228900,"CD25","no_detected_multimodality","neither test rejects in any seed",3,0,0,0,0.999857300962519,0.944628564282141,2,"stratified_5_percent_pass_audit"
"inflect_ward_k44",4,228900,"CD27","no_detected_multimodality","neither test rejects in any seed",3,0,0,0,0.999857300962519,0.421165128018555,2,
"inflect_ward_k44",4,228900,"CD294_CRTH2","no_detected_multimodality","neither test rejects in any seed",3,0,0,0,0.999857300962519,0.411955977988995,2,
"inflect_ward_k44",4,228900,"CD3","detected_multimodality","both tests reject in at least two seeds",3,3,3,3,0,0,2,"detected_multimodality"
"inflect_ward_k44",4,228900,"CD303_TCRvd2","no_detected_multimodality","neither test rejects in any seed",3,0,0,0,0.999857300962519,0.256628314157079,2,
"inflect_ward_k44",4,228900,"CD38","no_detected_multimodality","neither test rejects in any seed",3,0,0,0,0.999857300962519,0.24312156078039,2,
"inflect_ward_k44",4,228900,"CD4","no_detected_multimodality","neither test rejects in any seed",3,0,0,0,0.999857300962519,0.411955977988995,2,
"inflect_ward_k44",4,228900,"CD45RA","no_detected_multimodality","neither test rejects in any seed",3,0,0,0,0.999857300962519,0.411955977988995,2,
"inflect_ward_k44",4,228900,"CD56","no_detected_multimodality","neither test rejects in any seed",3,0,0,0,0.999857300962519,0.944628564282141,2,
"inflect_ward_k44",4,228900,"CD57","detected_multimodality","both tests reject in at least two seeds",3,3,3,3,0,0,2,"detected_multimodality"
"inflect_ward_k44",4,228900,"CD7","no_detected_multimodality","neither test rejects in any seed",3,0,0,0,0.999857300962519,0.522261130565283,2,"stratified_5_percent_pass_audit"
"inflect_ward_k44",4,228900,"CD8","no_detected_multimodality","neither test rejects in any seed",3,0,0,0,0.999857300962519,0.761105552776388,2,
"inflect_ward_k44",4,228900,"FoxP3","no_detected_multimodality","neither test rejects in any seed",3,0,0,0,0.999857300962519,0.625531515757879,2,
"inflect_ward_k44",4,228900,"HLA-DR","no_detected_multimodality","neither test rejects in any seed",3,0,0,0,0.999857300962519,0.878903737583077,2,
"inflect_ward_k44",4,228900,"Tbet","no_detected_multimodality","neither test rejects in any seed",3,0,0,0,0.999857300962519,0.629414707353677,2,
"inflect_ward_k44",4,228900,"TCRgd_CD141","no_detected_multimodality","neither test rejects in any seed",3,0,0,0,0.999857300962519,0.411955977988995,2,
"inflect_ward_k44",5,331025,"CD11c","detected_multimodality","both tests reject in at least two seeds",3,3,3,3,0,0,3,"detected_multimodality"
"inflect_ward_k44",5,331025,"CD127","no_detected_multimodality","neither test rejects in any seed",3,0,0,0,1,0.892346173086543,3,
"inflect_ward_k44",5,331025,"CD14","no_detected_multimodality","neither test rejects in any seed",3,0,0,0,1,0.942096048024012,3,
"inflect_ward_k44",5,331025,"CD159c_NKG2C","no_detected_multimodality","neither test rejects in any seed",3,0,0,0,1,0.32609161723719,3,
"inflect_ward_k44",5,331025,"CD16","no_detected_multimodality","neither test rejects in any seed",3,0,0,0,1,0.892346173086543,3,
"inflect_ward_k44",5,331025,"CD161","ambiguous","discordant_tests;seed_instability;borderline_q",3,1,1,3,0.000420950748056537,0,3,"ambiguous"
"inflect_ward_k44",5,331025,"CD185_CXCR5","no_detected_multimodality","neither test rejects in any seed",3,0,0,0,1,0.921675123275924,3,
"inflect_ward_k44",5,331025,"CD19","no_detected_multimodality","neither test rejects in any seed",3,0,0,0,1,0.741643549047251,3,"stratified_5_percent_pass_audit"
"inflect_ward_k44",5,331025,"CD197_CCR7","no_detected_multimodality","neither test rejects in any seed",3,0,0,0,1,0.641570785392696,3,
"inflect_ward_k44",5,331025,"CD1c","no_detected_multimodality","neither test rejects in any seed",3,0,0,0,1,0.626713356678339,3,
"inflect_ward_k44",5,331025,"CD21","no_detected_multimodality","neither test rejects in any seed",3,0,0,0,1,0.644465089687701,3,
"inflect_ward_k44",5,331025,"CD25","no_detected_multimodality","neither test rejects in any seed",3,0,0,0,1,0.921675123275924,3,
"inflect_ward_k44",5,331025,"CD27","no_detected_multimodality","neither test rejects in any seed",3,0,0,0,1,0.741643549047251,3,
"inflect_ward_k44",5,331025,"CD294_CRTH2","no_detected_multimodality","neither test rejects in any seed",3,0,0,0,1,0.32609161723719,3,
"inflect_ward_k44",5,331025,"CD3","detected_multimodality","both tests reject in at least two seeds",3,3,3,3,0,0,3,"detected_multimodality"
"inflect_ward_k44",5,331025,"CD303_TCRvd2","no_detected_multimodality","neither test rejects in any seed",3,0,0,0,1,0.741643549047251,3,
"inflect_ward_k44",5,331025,"CD38","no_detected_multimodality","neither test rejects in any seed",3,0,0,0,1,0.156678339169585,3,
"inflect_ward_k44",5,331025,"CD4","no_detected_multimodality","neither test rejects in any seed",3,0,0,0,1,0.741643549047251,3,
"inflect_ward_k44",5,331025,"CD45RA","no_detected_multimodality","neither test rejects in any seed",3,0,0,0,1,0.72092296148074,3,
"inflect_ward_k44",5,331025,"CD56","no_detected_multimodality","neither test rejects in any seed",3,0,0,0,1,0.628064032016008,3,
"inflect_ward_k44",5,331025,"CD57","ambiguous","discordant_tests;seed_instability;borderline_q",3,1,1,3,0.0203570834512342,0,3,"ambiguous"
"inflect_ward_k44",5,331025,"CD7","no_detected_multimodality","neither test rejects in any seed",3,0,0,0,1,0.840795397698849,3,
"inflect_ward_k44",5,331025,"CD8","no_detected_multimodality","neither test rejects in any seed",3,0,0,0,1,0.892346173086543,3,"stratified_5_percent_pass_audit"
"inflect_ward_k44",5,331025,"FoxP3","no_detected_multimodality","neither test rejects in any seed",3,0,0,0,1,0.921675123275924,3,
"inflect_ward_k44",5,331025,"HLA-DR","no_detected_multimodality","neither test rejects in any seed",3,0,0,0,1,0.964982491245623,3,
"inflect_ward_k44",5,331025,"Tbet","no_detected_multimodality","neither test rejects in any seed",3,0,0,0,1,0.957898949474737,3,
"inflect_ward_k44",5,331025,"TCRgd_CD141","no_detected_multimodality","neither test rejects in any seed",3,0,0,0,1,0.901774416620075,3,"stratified_5_percent_pass_audit"
"inflect_ward_k44",6,317695,"CD11c","detected_multimodality","both tests reject in at least two seeds",3,2,2,2,0.0240845541398961,0,2,"detected_multimodality"
"inflect_ward_k44",6,317695,"CD127","no_detected_multimodality","neither test rejects in any seed",3,0,0,0,1,0.936828414207104,2,
"inflect_ward_k44",6,317695,"CD14","no_detected_multimodality","neither test rejects in any seed",3,0,0,0,1,0.421165128018555,2,
"inflect_ward_k44",6,317695,"CD159c_NKG2C","no_detected_multimodality","neither test rejects in any seed",3,0,0,0,1,0.78853712570571,2,
"inflect_ward_k44",6,317695,"CD16","no_detected_multimodality","neither test rejects in any seed",3,0,0,0,1,0.442346173086543,2,
"inflect_ward_k44",6,317695,"CD161","ambiguous","discordant_tests;seed_instability;borderline_q",3,1,1,3,0.0172648083524803,0,2,"ambiguous"
"inflect_ward_k44",6,317695,"CD185_CXCR5","no_detected_multimodality","neither test rejects in any seed",3,0,0,0,1,0.469734867433717,2,
"inflect_ward_k44",6,317695,"CD19","no_detected_multimodality","neither test rejects in any seed",3,0,0,0,1,0.402501250625313,2,
"inflect_ward_k44",6,317695,"CD197_CCR7","no_detected_multimodality","neither test rejects in any seed",3,0,0,0,1,0.536411062674194,2,
"inflect_ward_k44",6,317695,"CD1c","no_detected_multimodality","neither test rejects in any seed",3,0,0,0,1,0.654627313656828,2,
"inflect_ward_k44",6,317695,"CD21","no_detected_multimodality","neither test rejects in any seed",3,0,0,0,1,0.706853426713357,2,
"inflect_ward_k44",6,317695,"CD25","no_detected_multimodality","neither test rejects in any seed",3,0,0,0,1,0.751554348602873,2,
"inflect_ward_k44",6,317695,"CD27","no_detected_multimodality","neither test rejects in any seed",3,0,0,0,1,0.706853426713357,2,
"inflect_ward_k44",6,317695,"CD294_CRTH2","ambiguous","discordant_tests;seed_instability",3,0,0,1,1,0.0371435717858929,2,"ambiguous"
"inflect_ward_k44",6,317695,"CD3","ambiguous","discordant_tests;seed_instability",3,0,0,1,1,0,2,"ambiguous"
"inflect_ward_k44",6,317695,"CD303_TCRvd2","no_detected_multimodality","neither test rejects in any seed",3,0,0,0,1,0.442346173086543,2,
"inflect_ward_k44",6,317695,"CD38","no_detected_multimodality","neither test rejects in any seed",3,0,0,0,1,0.299849924962481,2,
"inflect_ward_k44",6,317695,"CD4","no_detected_multimodality","neither test rejects in any seed",3,0,0,0,1,0.78853712570571,2,
"inflect_ward_k44",6,317695,"CD45RA","no_detected_multimodality","neither test rejects in any seed",3,0,0,0,1,0.442346173086543,2,
"inflect_ward_k44",6,317695,"CD56","no_detected_multimodality","neither test rejects in any seed",3,0,0,0,1,0.306153076538269,2,
"inflect_ward_k44",6,317695,"CD57","ambiguous","discordant_tests",3,0,0,3,0.301437558240091,0,2,"ambiguous"
"inflect_ward_k44",6,317695,"CD7","no_detected_multimodality","neither test rejects in any seed",3,0,0,0,1,0.402501250625313,2,
"inflect_ward_k44",6,317695,"CD8","ambiguous","discordant_tests;seed_instability",3,0,0,1,1,0.0270135067533767,2,"ambiguous"
"inflect_ward_k44",6,317695,"FoxP3","no_detected_multimodality","neither test rejects in any seed",3,0,0,0,1,0.536411062674194,2,
"inflect_ward_k44",6,317695,"HLA-DR","no_detected_multimodality","neither test rejects in any seed",3,0,0,0,1,0.672805152576288,2,"stratified_5_percent_pass_audit"
"inflect_ward_k44",6,317695,"Tbet","no_detected_multimodality","neither test rejects in any seed",3,0,0,0,1,0.402501250625313,2,"stratified_5_percent_pass_audit"
"inflect_ward_k44",6,317695,"TCRgd_CD141","no_detected_multimodality","neither test rejects in any seed",3,0,0,0,1,0.697848924462231,2,
"inflect_ward_k44",7,128303,"CD11c","ambiguous","discordant_tests",3,0,0,3,1,0.0180090045022511,1,"ambiguous"
"inflect_ward_k44",7,128303,"CD127","no_detected_multimodality","neither test rejects in any seed",3,0,0,0,1,0.844622311155578,1,
"inflect_ward_k44",7,128303,"CD14","no_detected_multimodality","neither test rejects in any seed",3,0,0,0,1,0.950148150998576,1,
"inflect_ward_k44",7,128303,"CD159c_NKG2C","ambiguous","discordant_tests",3,0,0,3,0.702469765734816,0,1,"ambiguous"
"inflect_ward_k44",7,128303,"CD16","no_detected_multimodality","neither test rejects in any seed",3,0,0,0,1,0.950148150998576,1,
"inflect_ward_k44",7,128303,"CD161","no_detected_multimodality","neither test rejects in any seed",3,0,0,0,1,0.730592569011779,1,
"inflect_ward_k44",7,128303,"CD185_CXCR5","no_detected_multimodality","neither test rejects in any seed",3,0,0,0,1,0.730592569011779,1,"stratified_5_percent_pass_audit"
"inflect_ward_k44",7,128303,"CD19","no_detected_multimodality","neither test rejects in any seed",3,0,0,0,1,0.844622311155578,1,
"inflect_ward_k44",7,128303,"CD197_CCR7","no_detected_multimodality","neither test rejects in any seed",3,0,0,0,1,0.730592569011779,1,
"inflect_ward_k44",7,128303,"CD1c","no_detected_multimodality","neither test rejects in any seed",3,0,0,0,1,0.730592569011779,1,
"inflect_ward_k44",7,128303,"CD21","no_detected_multimodality","neither test rejects in any seed",3,0,0,0,1,0.844622311155578,1,
"inflect_ward_k44",7,128303,"CD25","no_detected_multimodality","neither test rejects in any seed",3,0,0,0,1,0.950148150998576,1,
"inflect_ward_k44",7,128303,"CD27","no_detected_multimodality","neither test rejects in any seed",3,0,0,0,1,0.950148150998576,1,
"inflect_ward_k44",7,128303,"CD294_CRTH2","no_detected_multimodality","neither test rejects in any seed",3,0,0,0,1,0.710455227613807,1,
"inflect_ward_k44",7,128303,"CD3","no_detected_multimodality","neither test rejects in any seed",3,0,0,0,1,0.506503251625813,1,
"inflect_ward_k44",7,128303,"CD303_TCRvd2","no_detected_multimodality","neither test rejects in any seed",3,0,0,0,1,0.170185092546273,1,
"inflect_ward_k44",7,128303,"CD38","no_detected_multimodality","neither test rejects in any seed",3,0,0,0,1,0.730592569011779,1,
"inflect_ward_k44",7,128303,"CD4","no_detected_multimodality","neither test rejects in any seed",3,0,0,0,1,0.844622311155578,1,
"inflect_ward_k44",7,128303,"CD45RA","no_detected_multimodality","neither test rejects in any seed",3,0,0,0,1,0.736118059029515,1,
"inflect_ward_k44",7,128303,"CD56","no_detected_multimodality","neither test rejects in any seed",3,0,0,0,1,0.443793325234046,1,
"inflect_ward_k44",7,128303,"CD57","detected_multimodality","both tests reject in at least two seeds",3,3,3,3,0,0,1,"detected_multimodality"
"inflect_ward_k44",7,128303,"CD7","no_detected_multimodality","neither test rejects in any seed",3,0,0,0,1,0.950148150998576,1,
"inflect_ward_k44",7,128303,"CD8","ambiguous","discordant_tests;seed_instability",3,0,0,1,1,0.0270135067533767,1,"ambiguous"
"inflect_ward_k44",7,128303,"FoxP3","no_detected_multimodality","neither test rejects in any seed",3,0,0,0,1,0.736118059029515,1,
"inflect_ward_k44",7,128303,"HLA-DR","no_detected_multimodality","neither test rejects in any seed",3,0,0,0,1,0.730592569011779,1,
"inflect_ward_k44",7,128303,"Tbet","no_detected_multimodality","neither test rejects in any seed",3,0,0,0,1,0.443793325234046,1,
"inflect_ward_k44",7,128303,"TCRgd_CD141","no_detected_multimodality","neither test rejects in any seed",3,0,0,0,1,0.914407203601801,1,
"inflect_ward_k44",8,280345,"CD11c","no_detected_multimodality","neither test rejects in any seed",3,0,0,0,1,0.168834417208604,2,
"inflect_ward_k44",8,280345,"CD127","no_detected_multimodality","neither test rejects in any seed",3,0,0,0,1,0.919539769884943,2,
"inflect_ward_k44",8,280345,"CD14","no_detected_multimodality","neither test rejects in any seed",3,0,0,0,1,0.430715357678839,2,
"inflect_ward_k44",8,280345,"CD159c_NKG2C","ambiguous","discordant_tests;seed_instability",3,0,0,1,1,0,2,"ambiguous"
"inflect_ward_k44",8,280345,"CD16","no_detected_multimodality","neither test rejects in any seed",3,0,0,0,1,0.534481526477524,2,
"inflect_ward_k44",8,280345,"CD161","no_detected_multimodality","neither test rejects in any seed",3,0,0,0,1,0.430715357678839,2,
"inflect_ward_k44",8,280345,"CD185_CXCR5","no_detected_multimodality","neither test rejects in any seed",3,0,0,0,1,0.168834417208604,2,
"inflect_ward_k44",8,280345,"CD19","no_detected_multimodality","neither test rejects in any seed",3,0,0,0,1,0.919539769884943,2,
"inflect_ward_k44",8,280345,"CD197_CCR7","no_detected_multimodality","neither test rejects in any seed",3,0,0,0,1,0.572686343171586,2,
"inflect_ward_k44",8,280345,"CD1c","no_detected_multimodality","neither test rejects in any seed",3,0,0,0,1,0.628814407203602,2,
"inflect_ward_k44",8,280345,"CD21","no_detected_multimodality","neither test rejects in any seed",3,0,0,0,1,0.534481526477524,2,
"inflect_ward_k44",8,280345,"CD25","no_detected_multimodality","neither test rejects in any seed",3,0,0,0,1,0.578089044522261,2,
"inflect_ward_k44",8,280345,"CD27","no_detected_multimodality","neither test rejects in any seed",3,0,0,0,1,0.887180432321424,2,
"inflect_ward_k44",8,280345,"CD294_CRTH2","no_detected_multimodality","neither test rejects in any seed",3,0,0,0,1,0.898554540428109,2,
"inflect_ward_k44",8,280345,"CD3","no_detected_multimodality","neither test rejects in any seed",3,0,0,0,1,0.24312156078039,2,
"inflect_ward_k44",8,280345,"CD303_TCRvd2","no_detected_multimodality","neither test rejects in any seed",3,0,0,0,1,0.153076538269135,2,
"inflect_ward_k44",8,280345,"CD38","no_detected_multimodality","neither test rejects in any seed",3,0,0,0,1,0.919539769884943,2,
"inflect_ward_k44",8,280345,"CD4","no_detected_multimodality","neither test rejects in any seed",3,0,0,0,1,0.919539769884943,2,
"inflect_ward_k44",8,280345,"CD45RA","no_detected_multimodality","neither test rejects in any seed",3,0,0,0,1,0.534481526477524,2,
"inflect_ward_k44",8,280345,"CD56","no_detected_multimodality","neither test rejects in any seed",3,0,0,0,1,0.534481526477524,2,
"inflect_ward_k44",8,280345,"CD57","detected_multimodality","both tests reject in at least two seeds",3,3,3,3,0,0,2,"detected_multimodality"
"inflect_ward_k44",8,280345,"CD7","no_detected_multimodality","neither test rejects in any seed",3,0,0,0,1,0.168834417208604,2,
"inflect_ward_k44",8,280345,"CD8","no_detected_multimodality","neither test rejects in any seed",3,0,0,0,1,0.919539769884943,2,
"inflect_ward_k44",8,280345,"FoxP3","no_detected_multimodality","neither test rejects in any seed",3,0,0,0,1,0.628814407203602,2,
"inflect_ward_k44",8,280345,"HLA-DR","no_detected_multimodality","neither test rejects in any seed",3,0,0,0,1,0.624012006003002,2,
"inflect_ward_k44",8,280345,"Tbet","no_detected_multimodality","neither test rejects in any seed",3,0,0,0,1,0.628814407203602,2,
"inflect_ward_k44",8,280345,"TCRgd_CD141","no_detected_multimodality","neither test rejects in any seed",3,0,0,0,1,0.534481526477524,2,
"inflect_ward_k44",9,58949,"CD11c","no_detected_multimodality","neither test rejects in any seed",3,0,0,0,0.997733702813433,0.454405774315729,1,
"inflect_ward_k44",9,58949,"CD127","no_detected_multimodality","neither test rejects in any seed",3,0,0,0,0.997733702813433,0.730786445854506,1,
"inflect_ward_k44",9,58949,"CD14","no_detected_multimodality","neither test rejects in any seed",3,0,0,0,0.997733702813433,0.576288144072036,1,
"inflect_ward_k44",9,58949,"CD159c_NKG2C","detected_multimodality","both tests reject in at least two seeds",3,2,2,3,0.042766758460592,0,1,"detected_multimodality"
"inflect_ward_k44",9,58949,"CD16","no_detected_multimodality","neither test rejects in any seed",3,0,0,0,0.997733702813433,0.454405774315729,1,
"inflect_ward_k44",9,58949,"CD161","no_detected_multimodality","neither test rejects in any seed",3,0,0,0,0.997733702813433,0.454405774315729,1,
"inflect_ward_k44",9,58949,"CD185_CXCR5","no_detected_multimodality","neither test rejects in any seed",3,0,0,0,0.997733702813433,0.639038269134567,1,
"inflect_ward_k44",9,58949,"CD19","no_detected_multimodality","neither test rejects in any seed",3,0,0,0,0.997733702813433,0.454405774315729,1,"stratified_5_percent_pass_audit"
"inflect_ward_k44",9,58949,"CD197_CCR7","no_detected_multimodality","neither test rejects in any seed",3,0,0,0,0.997733702813433,0.639038269134567,1,"stratified_5_percent_pass_audit"
"inflect_ward_k44",9,58949,"CD1c","no_detected_multimodality","neither test rejects in any seed",3,0,0,0,0.997733702813433,0.471892196098049,1,
"inflect_ward_k44",9,58949,"CD21","no_detected_multimodality","neither test rejects in any seed",3,0,0,0,0.997733702813433,0.454405774315729,1,
"inflect_ward_k44",9,58949,"CD25","no_detected_multimodality","neither test rejects in any seed",3,0,0,0,0.997733702813433,0.846013916048934,1,
"inflect_ward_k44",9,58949,"CD27","no_detected_multimodality","neither test rejects in any seed",3,0,0,0,0.997733702813433,0.175587793896948,1,
"inflect_ward_k44",9,58949,"CD294_CRTH2","no_detected_multimodality","neither test rejects in any seed",3,0,0,0,0.997733702813433,0.454405774315729,1,
"inflect_ward_k44",9,58949,"CD3","no_detected_multimodality","neither test rejects in any seed",3,0,0,0,0.997733702813433,0.586929828550639,1,
"inflect_ward_k44",9,58949,"CD303_TCRvd2","no_detected_multimodality","neither test rejects in any seed",3,0,0,0,0.997733702813433,0.454405774315729,1,
"inflect_ward_k44",9,58949,"CD38","no_detected_multimodality","neither test rejects in any seed",3,0,0,0,0.997733702813433,0.541859164876556,1,
"inflect_ward_k44",9,58949,"CD4","no_detected_multimodality","neither test rejects in any seed",3,0,0,0,0.997733702813433,0.32416208104052,1,
"inflect_ward_k44",9,58949,"CD45RA","no_detected_multimodality","neither test rejects in any seed",3,0,0,0,0.997733702813433,0.32416208104052,1,
"inflect_ward_k44",9,58949,"CD56","detected_multimodality","both tests reject in at least two seeds",3,2,2,3,9.31954039040672e-06,0,1,"detected_multimodality"
"inflect_ward_k44",9,58949,"CD57","ambiguous","discordant_tests;borderline_q",3,0,0,3,0.0712515542115126,0,1,"ambiguous"
"inflect_ward_k44",9,58949,"CD7","no_detected_multimodality","neither test rejects in any seed",3,0,0,0,0.997733702813433,0.532766383191596,1,
"inflect_ward_k44",9,58949,"CD8","no_detected_multimodality","neither test rejects in any seed",3,0,0,0,0.997733702813433,0.532766383191596,1,
"inflect_ward_k44",9,58949,"FoxP3","no_detected_multimodality","neither test rejects in any seed",3,0,0,0,0.997733702813433,0.750075037518759,1,
"inflect_ward_k44",9,58949,"HLA-DR","no_detected_multimodality","neither test rejects in any seed",3,0,0,0,0.997733702813433,0.862811405702851,1,
"inflect_ward_k44",9,58949,"Tbet","no_detected_multimodality","neither test rejects in any seed",3,0,0,0,0.997733702813433,0.45247623811906,1,
"inflect_ward_k44",9,58949,"TCRgd_CD141","no_detected_multimodality","neither test rejects in any seed",3,0,0,0,0.997733702813433,0.471892196098049,1,
"inflect_ward_k44",10,607557,"CD11c","no_detected_multimodality","neither test rejects in any seed",3,0,0,0,0.998561283398447,0.88344172086043,3,
"inflect_ward_k44",10,607557,"CD127","no_detected_multimodality","neither test rejects in any seed",3,0,0,0,0.998561283398447,0.88344172086043,3,
"inflect_ward_k44",10,607557,"CD14","no_detected_multimodality","neither test rejects in any seed",3,0,0,0,0.998561283398447,0.744672336168084,3,
"inflect_ward_k44",10,607557,"CD159c_NKG2C","no_detected_multimodality","neither test rejects in any seed",3,0,0,0,0.998561283398447,0.744672336168084,3,
"inflect_ward_k44",10,607557,"CD16","no_detected_multimodality","neither test rejects in any seed",3,0,0,0,0.998561283398447,0.692703494604445,3,
"inflect_ward_k44",10,607557,"CD161","no_detected_multimodality","neither test rejects in any seed",3,0,0,0,0.998561283398447,0.692703494604445,3,
"inflect_ward_k44",10,607557,"CD185_CXCR5","no_detected_multimodality","neither test rejects in any seed",3,0,0,0,0.998561283398447,0.882441220610305,3,
"inflect_ward_k44",10,607557,"CD19","no_detected_multimodality","neither test rejects in any seed",3,0,0,0,0.998561283398447,0.476113056528264,3,
"inflect_ward_k44",10,607557,"CD197_CCR7","no_detected_multimodality","neither test rejects in any seed",3,0,0,0,0.998561283398447,0.16208104052026,3,
"inflect_ward_k44",10,607557,"CD1c","no_detected_multimodality","neither test rejects in any seed",3,0,0,0,0.998561283398447,0.560530265132566,3,
"inflect_ward_k44",10,607557,"CD21","no_detected_multimodality","neither test rejects in any seed",3,0,0,0,0.998561283398447,0.756378189094547,3,
"inflect_ward_k44",10,607557,"CD25","no_detected_multimodality","neither test rejects in any seed",3,0,0,0,0.998561283398447,0.88344172086043,3,
"inflect_ward_k44",10,607557,"CD27","no_detected_multimodality","neither test rejects in any seed",3,0,0,0,0.998561283398447,0.756378189094547,3,"stratified_5_percent_pass_audit"
"inflect_ward_k44",10,607557,"CD294_CRTH2","no_detected_multimodality","neither test rejects in any seed",3,0,0,0,0.998561283398447,0.871185592796398,3,
"inflect_ward_k44",10,607557,"CD3","no_detected_multimodality","neither test rejects in any seed",3,0,0,0,0.998561283398447,0.756378189094547,3,
"inflect_ward_k44",10,607557,"CD303_TCRvd2","no_detected_multimodality","neither test rejects in any seed",3,0,0,0,0.998561283398447,0.744672336168084,3,
"inflect_ward_k44",10,607557,"CD38","ambiguous","discordant_tests;seed_instability",3,0,0,1,0.998561283398447,0.040520260130065,3,"ambiguous"
"inflect_ward_k44",10,607557,"CD4","no_detected_multimodality","neither test rejects in any seed",3,0,0,0,0.998561283398447,0.756378189094547,3,
"inflect_ward_k44",10,607557,"CD45RA","ambiguous","discordant_tests;seed_instability",3,0,0,2,0.626932054704073,0.0270135067533767,3,"ambiguous"
"inflect_ward_k44",10,607557,"CD56","no_detected_multimodality","neither test rejects in any seed",3,0,0,0,0.998561283398447,0.808475666404631,3,
"inflect_ward_k44",10,607557,"CD57","no_detected_multimodality","neither test rejects in any seed",3,0,0,0,0.998561283398447,0.48624312156078,3,
"inflect_ward_k44",10,607557,"CD7","no_detected_multimodality","neither test rejects in any seed",3,0,0,0,0.998561283398447,0.744672336168084,3,
"inflect_ward_k44",10,607557,"CD8","no_detected_multimodality","neither test rejects in any seed",3,0,0,0,0.998561283398447,0.744672336168084,3,
"inflect_ward_k44",10,607557,"FoxP3","no_detected_multimodality","neither test rejects in any seed",3,0,0,0,0.998561283398447,0.531265632816408,3,"stratified_5_percent_pass_audit"
"inflect_ward_k44",10,607557,"HLA-DR","no_detected_multimodality","neither test rejects in any seed",3,0,0,0,0.998561283398447,0.744672336168084,3,
"inflect_ward_k44",10,607557,"Tbet","no_detected_multimodality","neither test rejects in any seed",3,0,0,0,0.998561283398447,0.744672336168084,3,"stratified_5_percent_pass_audit"
"inflect_ward_k44",10,607557,"TCRgd_CD141","no_detected_multimodality","neither test rejects in any seed",3,0,0,0,0.998561283398447,0.744672336168084,3,
"inflect_ward_k44",11,582601,"CD11c","ambiguous","borderline_q",3,0,0,0,1,0.0630315157578789,3,"ambiguous"
"inflect_ward_k44",11,582601,"CD127","no_detected_multimodality","neither test rejects in any seed",3,0,0,0,1,0.949738026908191,3,
"inflect_ward_k44",11,582601,"CD14","no_detected_multimodality","neither test rejects in any seed",3,0,0,0,1,0.967483741870935,3,
"inflect_ward_k44",11,582601,"CD159c_NKG2C","no_detected_multimodality","neither test rejects in any seed",3,0,0,0,1,0.900979901715564,3,
"inflect_ward_k44",11,582601,"CD16","no_detected_multimodality","neither test rejects in any seed",3,0,0,0,1,0.40520260130065,3,"stratified_5_percent_pass_audit"
"inflect_ward_k44",11,582601,"CD161","detected_multimodality","both tests reject in at least two seeds",3,2,2,3,0.00195084530903655,0,3,"detected_multimodality"
"inflect_ward_k44",11,582601,"CD185_CXCR5","no_detected_multimodality","neither test rejects in any seed",3,0,0,0,1,0.548711855927964,3,
"inflect_ward_k44",11,582601,"CD19","no_detected_multimodality","neither test rejects in any seed",3,0,0,0,1,0.790145072536268,3,
"inflect_ward_k44",11,582601,"CD197_CCR7","no_detected_multimodality","neither test rejects in any seed",3,0,0,0,1,0.949738026908191,3,
"inflect_ward_k44",11,582601,"CD1c","no_detected_multimodality","neither test rejects in any seed",3,0,0,0,1,0.578860859000929,3,"stratified_5_percent_pass_audit"
"inflect_ward_k44",11,582601,"CD21","no_detected_multimodality","neither test rejects in any seed",3,0,0,0,1,0.900979901715564,3,"stratified_5_percent_pass_audit"
"inflect_ward_k44",11,582601,"CD25","no_detected_multimodality","neither test rejects in any seed",3,0,0,0,1,0.967483741870935,3,
"inflect_ward_k44",11,582601,"CD27","no_detected_multimodality","neither test rejects in any seed",3,0,0,0,1,0.967483741870935,3,
"inflect_ward_k44",11,582601,"CD294_CRTH2","ambiguous","discordant_tests;seed_instability",3,0,0,1,1,0.00900450225112556,3,"ambiguous"
"inflect_ward_k44",11,582601,"CD3","no_detected_multimodality","neither test rejects in any seed",3,0,0,0,1,0.40520260130065,3,
"inflect_ward_k44",11,582601,"CD303_TCRvd2","no_detected_multimodality","neither test rejects in any seed",3,0,0,0,1,0.967483741870935,3,
"inflect_ward_k44",11,582601,"CD38","no_detected_multimodality","neither test rejects in any seed",3,0,0,0,1,0.341527906810548,3,
"inflect_ward_k44",11,582601,"CD4","no_detected_multimodality","neither test rejects in any seed",3,0,0,0,1,0.328664332166083,3,
"inflect_ward_k44",11,582601,"CD45RA","no_detected_multimodality","neither test rejects in any seed",3,0,0,0,1,0.900979901715564,3,
"inflect_ward_k44",11,582601,"CD56","no_detected_multimodality","neither test rejects in any seed",3,0,0,0,1,0.328664332166083,3,
"inflect_ward_k44",11,582601,"CD57","ambiguous","discordant_tests;seed_instability",3,0,0,2,1,0,3,"ambiguous"
"inflect_ward_k44",11,582601,"CD7","no_detected_multimodality","neither test rejects in any seed",3,0,0,0,1,0.900979901715564,3,
"inflect_ward_k44",11,582601,"CD8","no_detected_multimodality","neither test rejects in any seed",3,0,0,0,1,0.328664332166083,3,
"inflect_ward_k44",11,582601,"FoxP3","no_detected_multimodality","neither test rejects in any seed",3,0,0,0,1,0.888069034517259,3,
"inflect_ward_k44",11,582601,"HLA-DR","no_detected_multimodality","neither test rejects in any seed",3,0,0,0,1,0.967483741870935,3,
"inflect_ward_k44",11,582601,"Tbet","no_detected_multimodality","neither test rejects in any seed",3,0,0,0,1,0.40520260130065,3,
"inflect_ward_k44",11,582601,"TCRgd_CD141","no_detected_multimodality","neither test rejects in any seed",3,0,0,0,1,0.900979901715564,3,
"inflect_ward_k44",12,46765,"CD11c","ambiguous","discordant_tests;seed_instability",3,1,1,3,0.0115085891594716,0,1,"ambiguous"
"inflect_ward_k44",12,46765,"CD127","no_detected_multimodality","neither test rejects in any seed",3,0,0,0,1,0.71855927963982,1,
"inflect_ward_k44",12,46765,"CD14","no_detected_multimodality","neither test rejects in any seed",3,0,0,0,1,0.14632316158079,1,
"inflect_ward_k44",12,46765,"CD159c_NKG2C","no_detected_multimodality","neither test rejects in any seed",3,0,0,0,1,0.71855927963982,1,
"inflect_ward_k44",12,46765,"CD16","no_detected_multimodality","neither test rejects in any seed",3,0,0,0,1,0.762456228114057,1,"stratified_5_percent_pass_audit"
"inflect_ward_k44",12,46765,"CD161","ambiguous","discordant_tests;seed_instability;borderline_q",3,0,0,1,0.89935181924952,0.00337668834417209,1,"ambiguous"
"inflect_ward_k44",12,46765,"CD185_CXCR5","no_detected_multimodality","neither test rejects in any seed",3,0,0,0,1,0.84728902912995,1,
"inflect_ward_k44",12,46765,"CD19","no_detected_multimodality","neither test rejects in any seed",3,0,0,0,1,0.762456228114057,1,
"inflect_ward_k44",12,46765,"CD197_CCR7","no_detected_multimodality","neither test rejects in any seed",3,0,0,0,1,0.139569784892446,1,
"inflect_ward_k44",12,46765,"CD1c","no_detected_multimodality","neither test rejects in any seed",3,0,0,0,1,0.256628314157079,1,
"inflect_ward_k44",12,46765,"CD21","no_detected_multimodality","neither test rejects in any seed",3,0,0,0,1,0.71855927963982,1,
"inflect_ward_k44",12,46765,"CD25","no_detected_multimodality","neither test rejects in any seed",3,0,0,0,1,0.360823268777246,1,"stratified_5_percent_pass_audit"
"inflect_ward_k44",12,46765,"CD27","no_detected_multimodality","neither test rejects in any seed",3,0,0,0,1,0.663181590795398,1,
"inflect_ward_k44",12,46765,"CD294_CRTH2","no_detected_multimodality","neither test rejects in any seed",3,0,0,0,1,0.731615807903952,1,
"inflect_ward_k44",12,46765,"CD3","detected_multimodality","both tests reject in at least two seeds",3,3,3,3,0,0,1,"detected_multimodality"
"inflect_ward_k44",12,46765,"CD303_TCRvd2","no_detected_multimodality","neither test rejects in any seed",3,0,0,0,1,0.250839705567069,1,
"inflect_ward_k44",12,46765,"CD38","no_detected_multimodality","neither test rejects in any seed",3,0,0,0,1,0.671960980490245,1,
"inflect_ward_k44",12,46765,"CD4","no_detected_multimodality","neither test rejects in any seed",3,0,0,0,1,0.135067533766883,1,
"inflect_ward_k44",12,46765,"CD45RA","no_detected_multimodality","neither test rejects in any seed",3,0,0,0,1,0.224212106053027,1,
"inflect_ward_k44",12,46765,"CD56","detected_multimodality","both tests reject in at least two seeds",3,2,2,2,0.0127650419492678,0,1,"detected_multimodality"
"inflect_ward_k44",12,46765,"CD57","no_detected_multimodality","neither test rejects in any seed",3,0,0,0,1,0.663181590795398,1,"stratified_5_percent_pass_audit"
"inflect_ward_k44",12,46765,"CD7","no_detected_multimodality","neither test rejects in any seed",3,0,0,0,1,0.346673336668334,1,
"inflect_ward_k44",12,46765,"CD8","no_detected_multimodality","neither test rejects in any seed",3,0,0,0,1,0.191024083470307,1,
"inflect_ward_k44",12,46765,"FoxP3","no_detected_multimodality","neither test rejects in any seed",3,0,0,0,1,0.827963981990996,1,"stratified_5_percent_pass_audit"
"inflect_ward_k44",12,46765,"HLA-DR","ambiguous","borderline_q",3,0,0,0,1,0.0675337668834417,1,"ambiguous"
"inflect_ward_k44",12,46765,"Tbet","ambiguous","borderline_q",3,0,0,0,1,0.0675337668834417,1,"ambiguous"
"inflect_ward_k44",12,46765,"TCRgd_CD141","no_detected_multimodality","neither test rejects in any seed",3,0,0,0,1,0.568971985992996,1,
"inflect_ward_k44",13,277783,"CD11c","no_detected_multimodality","neither test rejects in any seed",3,0,0,0,1,0.719830503487038,2,
"inflect_ward_k44",13,277783,"CD127","ambiguous","borderline_q",3,0,0,0,1,0.0945472736368184,2,"ambiguous"
"inflect_ward_k44",13,277783,"CD14","no_detected_multimodality","neither test rejects in any seed",3,0,0,0,1,0.471048024012006,2,"stratified_5_percent_pass_audit"
"inflect_ward_k44",13,277783,"CD159c_NKG2C","no_detected_multimodality","neither test rejects in any seed",3,0,0,0,1,0.523386693346673,2,
"inflect_ward_k44",13,277783,"CD16","no_detected_multimodality","neither test rejects in any seed",3,0,0,0,1,0.719830503487038,2,
"inflect_ward_k44",13,277783,"CD161","no_detected_multimodality","neither test rejects in any seed",3,0,0,0,1,0.180090045022511,2,
"inflect_ward_k44",13,277783,"CD185_CXCR5","no_detected_multimodality","neither test rejects in any seed",3,0,0,0,1,0.719830503487038,2,
"inflect_ward_k44",13,277783,"CD19","no_detected_multimodality","neither test rejects in any seed",3,0,0,0,1,0.629028800114343,2,"stratified_5_percent_pass_audit"
"inflect_ward_k44",13,277783,"CD197_CCR7","no_detected_multimodality","neither test rejects in any seed",3,0,0,0,1,0.761289735776979,2,
"inflect_ward_k44",13,277783,"CD1c","no_detected_multimodality","neither test rejects in any seed",3,0,0,0,1,0.719830503487038,2,
"inflect_ward_k44",13,277783,"CD21","no_detected_multimodality","neither test rejects in any seed",3,0,0,0,1,0.391695847923962,2,
"inflect_ward_k44",13,277783,"CD25","no_detected_multimodality","neither test rejects in any seed",3,0,0,0,1,0.471048024012006,2,
"inflect_ward_k44",13,277783,"CD27","ambiguous","borderline_q",3,0,0,0,1,0.0630315157578789,2,"ambiguous"
"inflect_ward_k44",13,277783,"CD294_CRTH2","no_detected_multimodality","neither test rejects in any seed",3,0,0,0,1,0.232991495747874,2,"stratified_5_percent_pass_audit"
"inflect_ward_k44",13,277783,"CD3","no_detected_multimodality","neither test rejects in any seed",3,0,0,0,1,0.922142889626631,2,
"inflect_ward_k44",13,277783,"CD303_TCRvd2","no_detected_multimodality","neither test rejects in any seed",3,0,0,0,1,0.761289735776979,2,"stratified_5_percent_pass_audit"
"inflect_ward_k44",13,277783,"CD38","no_detected_multimodality","neither test rejects in any seed",3,0,0,0,1,0.719830503487038,2,
"inflect_ward_k44",13,277783,"CD4","no_detected_multimodality","neither test rejects in any seed",3,0,0,0,1,0.867133566783392,2,
"inflect_ward_k44",13,277783,"CD45RA","no_detected_multimodality","neither test rejects in any seed",3,0,0,0,1,0.391695847923962,2,
"inflect_ward_k44",13,277783,"CD56","no_detected_multimodality","neither test rejects in any seed",3,0,0,0,1,0.719830503487038,2,"stratified_5_percent_pass_audit"
"inflect_ward_k44",13,277783,"CD57","detected_multimodality","both tests reject in at least two seeds",3,3,3,3,0,0,2,"detected_multimodality"
"inflect_ward_k44",13,277783,"CD7","no_detected_multimodality","neither test rejects in any seed",3,0,0,0,1,0.498249124562281,2,
"inflect_ward_k44",13,277783,"CD8","ambiguous","borderline_q",3,0,0,0,1,0.0630315157578789,2,"ambiguous"
"inflect_ward_k44",13,277783,"FoxP3","no_detected_multimodality","neither test rejects in any seed",3,0,0,0,1,0.471048024012006,2,
"inflect_ward_k44",13,277783,"HLA-DR","no_detected_multimodality","neither test rejects in any seed",3,0,0,0,1,0.471048024012006,2,
"inflect_ward_k44",13,277783,"Tbet","no_detected_multimodality","neither test rejects in any seed",3,0,0,0,1,0.719830503487038,2,
"inflect_ward_k44",13,277783,"TCRgd_CD141","no_detected_multimodality","neither test rejects in any seed",3,0,0,0,1,0.471048024012006,2,
"inflect_ward_k44",14,330393,"CD11c","no_detected_multimodality","neither test rejects in any seed",3,0,0,0,1,0.931965982991496,3,
"inflect_ward_k44",14,330393,"CD127","no_detected_multimodality","neither test rejects in any seed",3,0,0,0,1,0.869834917458729,3,
"inflect_ward_k44",14,330393,"CD14","no_detected_multimodality","neither test rejects in any seed",3,0,0,0,1,0.931965982991496,3,
"inflect_ward_k44",14,330393,"CD159c_NKG2C","no_detected_multimodality","neither test rejects in any seed",3,0,0,0,1,0.931965982991496,3,
"inflect_ward_k44",14,330393,"CD16","no_detected_multimodality","neither test rejects in any seed",3,0,0,0,1,0.931965982991496,3,
"inflect_ward_k44",14,330393,"CD161","no_detected_multimodality","neither test rejects in any seed",3,0,0,0,1,0.931965982991496,3,
"inflect_ward_k44",14,330393,"CD185_CXCR5","no_detected_multimodality","neither test rejects in any seed",3,0,0,0,1,0.931965982991496,3,"stratified_5_percent_pass_audit"
"inflect_ward_k44",14,330393,"CD19","no_detected_multimodality","neither test rejects in any seed",3,0,0,0,1,0.578089044522261,3,
"inflect_ward_k44",14,330393,"CD197_CCR7","no_detected_multimodality","neither test rejects in any seed",3,0,0,0,1,0.931965982991496,3,"stratified_5_percent_pass_audit"
"inflect_ward_k44",14,330393,"CD1c","no_detected_multimodality","neither test rejects in any seed",3,0,0,0,1,0.578089044522261,3,
"inflect_ward_k44",14,330393,"CD21","no_detected_multimodality","neither test rejects in any seed",3,0,0,0,1,0.942875283795744,3,
"inflect_ward_k44",14,330393,"CD25","no_detected_multimodality","neither test rejects in any seed",3,0,0,0,1,0.931965982991496,3,
"inflect_ward_k44",14,330393,"CD27","no_detected_multimodality","neither test rejects in any seed",3,0,0,0,1,0.931965982991496,3,
"inflect_ward_k44",14,330393,"CD294_CRTH2","no_detected_multimodality","neither test rejects in any seed",3,0,0,0,1,0.869834917458729,3,
"inflect_ward_k44",14,330393,"CD3","no_detected_multimodality","neither test rejects in any seed",3,0,0,0,1,0.931965982991496,3,
"inflect_ward_k44",14,330393,"CD303_TCRvd2","no_detected_multimodality","neither test rejects in any seed",3,0,0,0,1,0.931965982991496,3,
"inflect_ward_k44",14,330393,"CD38","no_detected_multimodality","neither test rejects in any seed",3,0,0,0,1,0.931965982991496,3,
"inflect_ward_k44",14,330393,"CD4","no_detected_multimodality","neither test rejects in any seed",3,0,0,0,1,0.465982991495748,3,
"inflect_ward_k44",14,330393,"CD45RA","ambiguous","discordant_tests;seed_instability;borderline_q",3,0,0,2,0.432383974128119,0,3,"ambiguous"
"inflect_ward_k44",14,330393,"CD56","no_detected_multimodality","neither test rejects in any seed",3,0,0,0,1,0.931965982991496,3,
"inflect_ward_k44",14,330393,"CD57","detected_multimodality","both tests reject in at least two seeds",3,3,3,3,0,0,3,"detected_multimodality"
"inflect_ward_k44",14,330393,"CD7","no_detected_multimodality","neither test rejects in any seed",3,0,0,0,1,0.333166583291646,3,"stratified_5_percent_pass_audit"
"inflect_ward_k44",14,330393,"CD8","no_detected_multimodality","neither test rejects in any seed",3,0,0,0,1,0.396198099049525,3,
"inflect_ward_k44",14,330393,"FoxP3","no_detected_multimodality","neither test rejects in any seed",3,0,0,0,1,0.931965982991496,3,
"inflect_ward_k44",14,330393,"HLA-DR","no_detected_multimodality","neither test rejects in any seed",3,0,0,0,1,0.931965982991496,3,
"inflect_ward_k44",14,330393,"Tbet","no_detected_multimodality","neither test rejects in any seed",3,0,0,0,1,0.869834917458729,3,
"inflect_ward_k44",14,330393,"TCRgd_CD141","no_detected_multimodality","neither test rejects in any seed",3,0,0,0,1,0.931965982991496,3,
"inflect_ward_k44",15,179840,"CD11c","ambiguous","discordant_tests;seed_instability",3,0,0,1,1,0.0101300650325163,2,"ambiguous"
"inflect_ward_k44",15,179840,"CD127","no_detected_multimodality","neither test rejects in any seed",3,0,0,0,1,0.961980990495248,2,
"inflect_ward_k44",15,179840,"CD14","no_detected_multimodality","neither test rejects in any seed",3,0,0,0,1,0.961980990495248,2,
"inflect_ward_k44",15,179840,"CD159c_NKG2C","no_detected_multimodality","neither test rejects in any seed",3,0,0,0,1,0.860380190095048,2,
"inflect_ward_k44",15,179840,"CD16","no_detected_multimodality","neither test rejects in any seed",3,0,0,0,1,0.961112135014876,2,"stratified_5_percent_pass_audit"
"inflect_ward_k44",15,179840,"CD161","no_detected_multimodality","neither test rejects in any seed",3,0,0,0,1,0.961980990495248,2,
"inflect_ward_k44",15,179840,"CD185_CXCR5","no_detected_multimodality","neither test rejects in any seed",3,0,0,0,1,0.961112135014876,2,
"inflect_ward_k44",15,179840,"CD19","no_detected_multimodality","neither test rejects in any seed",3,0,0,0,1,0.860380190095048,2,
"inflect_ward_k44",15,179840,"CD197_CCR7","no_detected_multimodality","neither test rejects in any seed",3,0,0,0,1,0.961980990495248,2,
"inflect_ward_k44",15,179840,"CD1c","no_detected_multimodality","neither test rejects in any seed",3,0,0,0,1,0.378189094547274,2,"stratified_5_percent_pass_audit"
"inflect_ward_k44",15,179840,"CD21","no_detected_multimodality","neither test rejects in any seed",3,0,0,0,1,0.129664832416208,2,"stratified_5_percent_pass_audit"
"inflect_ward_k44",15,179840,"CD25","no_detected_multimodality","neither test rejects in any seed",3,0,0,0,1,0.961112135014876,2,
"inflect_ward_k44",15,179840,"CD27","no_detected_multimodality","neither test rejects in any seed",3,0,0,0,1,0.719234617308654,2,
"inflect_ward_k44",15,179840,"CD294_CRTH2","no_detected_multimodality","neither test rejects in any seed",3,0,0,0,1,0.515957978989495,2,
"inflect_ward_k44",15,179840,"CD3","detected_multimodality","both tests reject in at least two seeds",3,3,3,3,0,0,2,"detected_multimodality"
"inflect_ward_k44",15,179840,"CD303_TCRvd2","no_detected_multimodality","neither test rejects in any seed",3,0,0,0,1,0.367383691845923,2,
"inflect_ward_k44",15,179840,"CD38","no_detected_multimodality","neither test rejects in any seed",3,0,0,0,1,0.961112135014876,2,
"inflect_ward_k44",15,179840,"CD4","no_detected_multimodality","neither test rejects in any seed",3,0,0,0,1,0.924087043521761,2,
"inflect_ward_k44",15,179840,"CD45RA","no_detected_multimodality","neither test rejects in any seed",3,0,0,0,1,0.961112135014876,2,
"inflect_ward_k44",15,179840,"CD56","detected_multimodality","both tests reject in at least two seeds",3,3,3,3,0,0,2,"detected_multimodality"
"inflect_ward_k44",15,179840,"CD57","detected_multimodality","both tests reject in at least two seeds",3,3,3,3,0,0,2,"detected_multimodality"
"inflect_ward_k44",15,179840,"CD7","no_detected_multimodality","neither test rejects in any seed",3,0,0,0,1,0.283641820910455,2,
"inflect_ward_k44",15,179840,"CD8","no_detected_multimodality","neither test rejects in any seed",3,0,0,0,1,0.961980990495248,2,
"inflect_ward_k44",15,179840,"FoxP3","no_detected_multimodality","neither test rejects in any seed",3,0,0,0,1,0.961980990495248,2,
"inflect_ward_k44",15,179840,"HLA-DR","no_detected_multimodality","neither test rejects in any seed",3,0,0,0,1,0.752519116701208,2,
"inflect_ward_k44",15,179840,"Tbet","no_detected_multimodality","neither test rejects in any seed",3,0,0,0,1,0.129664832416208,2,
"inflect_ward_k44",15,179840,"TCRgd_CD141","no_detected_multimodality","neither test rejects in any seed",3,0,0,0,1,0.616808404202101,2,
"inflect_ward_k44",16,175259,"CD11c","ambiguous","discordant_tests",3,0,0,3,1,0,2,"ambiguous"
"inflect_ward_k44",16,175259,"CD127","no_detected_multimodality","neither test rejects in any seed",3,0,0,0,1,0.137768884442221,2,
"inflect_ward_k44",16,175259,"CD14","no_detected_multimodality","neither test rejects in any seed",3,0,0,0,1,0.747936468234117,2,
"inflect_ward_k44",16,175259,"CD159c_NKG2C","ambiguous","discordant_tests;seed_instability",3,0,0,1,1,0,2,"ambiguous"
"inflect_ward_k44",16,175259,"CD16","no_detected_multimodality","neither test rejects in any seed",3,0,0,0,1,0.901013006503252,2,
"inflect_ward_k44",16,175259,"CD161","detected_multimodality","both tests reject in at least two seeds",3,2,2,3,0.0111895582174318,0,2,"detected_multimodality"
"inflect_ward_k44",16,175259,"CD185_CXCR5","no_detected_multimodality","neither test rejects in any seed",3,0,0,0,1,0.985492746373187,2,"stratified_5_percent_pass_audit"
"inflect_ward_k44",16,175259,"CD19","no_detected_multimodality","neither test rejects in any seed",3,0,0,0,1,0.747936468234117,2,
"inflect_ward_k44",16,175259,"CD197_CCR7","no_detected_multimodality","neither test rejects in any seed",3,0,0,0,1,0.471048024012006,2,
"inflect_ward_k44",16,175259,"CD1c","no_detected_multimodality","neither test rejects in any seed",3,0,0,0,1,0.186843421710855,2,
"inflect_ward_k44",16,175259,"CD21","no_detected_multimodality","neither test rejects in any seed",3,0,0,0,1,0.505752876438219,2,
"inflect_ward_k44",16,175259,"CD25","no_detected_multimodality","neither test rejects in any seed",3,0,0,0,1,0.901013006503252,2,
"inflect_ward_k44",16,175259,"CD27","no_detected_multimodality","neither test rejects in any seed",3,0,0,0,1,0.985492746373187,2,
"inflect_ward_k44",16,175259,"CD294_CRTH2","no_detected_multimodality","neither test rejects in any seed",3,0,0,0,1,0.471048024012006,2,
"inflect_ward_k44",16,175259,"CD3","no_detected_multimodality","neither test rejects in any seed",3,0,0,0,1,0.372400485957264,2,
"inflect_ward_k44",16,175259,"CD303_TCRvd2","no_detected_multimodality","neither test rejects in any seed",3,0,0,0,1,0.273136568284142,2,
"inflect_ward_k44",16,175259,"CD38","no_detected_multimodality","neither test rejects in any seed",3,0,0,0,1,0.664947858544657,2,"stratified_5_percent_pass_audit"
"inflect_ward_k44",16,175259,"CD4","no_detected_multimodality","neither test rejects in any seed",3,0,0,0,1,0.273136568284142,2,"stratified_5_percent_pass_audit"
"inflect_ward_k44",16,175259,"CD45RA","no_detected_multimodality","neither test rejects in any seed",3,0,0,0,1,0.471048024012006,2,
"inflect_ward_k44",16,175259,"CD56","no_detected_multimodality","neither test rejects in any seed",3,0,0,0,1,0.220610305152576,2,
"inflect_ward_k44",16,175259,"CD57","no_detected_multimodality","neither test rejects in any seed",3,0,0,0,1,0.401825912956478,2,"stratified_5_percent_pass_audit"
"inflect_ward_k44",16,175259,"CD7","no_detected_multimodality","neither test rejects in any seed",3,0,0,0,1,0.273136568284142,2,
"inflect_ward_k44",16,175259,"CD8","no_detected_multimodality","neither test rejects in any seed",3,0,0,0,1,0.63144072036018,2,"stratified_5_percent_pass_audit"
"inflect_ward_k44",16,175259,"FoxP3","no_detected_multimodality","neither test rejects in any seed",3,0,0,0,1,0.550093228432398,2,
"inflect_ward_k44",16,175259,"HLA-DR","no_detected_multimodality","neither test rejects in any seed",3,0,0,0,1,0.24312156078039,2,
"inflect_ward_k44",16,175259,"Tbet","ambiguous","discordant_tests;seed_instability",3,0,0,1,1,0,2,"ambiguous"
"inflect_ward_k44",16,175259,"TCRgd_CD141","no_detected_multimodality","neither test rejects in any seed",3,0,0,0,1,0.24312156078039,2,
"inflect_ward_k44",17,132476,"CD11c","no_detected_multimodality","neither test rejects in any seed",3,0,0,0,1,0.378189094547274,1,
"inflect_ward_k44",17,132476,"CD127","no_detected_multimodality","neither test rejects in any seed",3,0,0,0,1,0.744800971914529,1,"stratified_5_percent_pass_audit"
"inflect_ward_k44",17,132476,"CD14","no_detected_multimodality","neither test rejects in any seed",3,0,0,0,1,0.488944472236118,1,
"inflect_ward_k44",17,132476,"CD159c_NKG2C","detected_multimodality","both tests reject in at least two seeds",3,2,2,3,0,0,1,"detected_multimodality"
"inflect_ward_k44",17,132476,"CD16","no_detected_multimodality","neither test rejects in any seed",3,0,0,0,1,0.511327092117487,1,
"inflect_ward_k44",17,132476,"CD161","no_detected_multimodality","neither test rejects in any seed",3,0,0,0,1,0.47543771885943,1,
"inflect_ward_k44",17,132476,"CD185_CXCR5","no_detected_multimodality","neither test rejects in any seed",3,0,0,0,1,0.560530265132566,1,
"inflect_ward_k44",17,132476,"CD19","no_detected_multimodality","neither test rejects in any seed",3,0,0,0,1,0.607803901950976,1,
"inflect_ward_k44",17,132476,"CD197_CCR7","no_detected_multimodality","neither test rejects in any seed",3,0,0,0,1,0.728136795670563,1,
"inflect_ward_k44",17,132476,"CD1c","no_detected_multimodality","neither test rejects in any seed",3,0,0,0,1,0.488944472236118,1,
"inflect_ward_k44",17,132476,"CD21","no_detected_multimodality","neither test rejects in any seed",3,0,0,0,1,0.488944472236118,1,
"inflect_ward_k44",17,132476,"CD25","no_detected_multimodality","neither test rejects in any seed",3,0,0,0,1,0.607803901950976,1,
"inflect_ward_k44",17,132476,"CD27","no_detected_multimodality","neither test rejects in any seed",3,0,0,0,1,0.95690152768692,1,
"inflect_ward_k44",17,132476,"CD294_CRTH2","no_detected_multimodality","neither test rejects in any seed",3,0,0,0,1,0.95690152768692,1,
"inflect_ward_k44",17,132476,"CD3","no_detected_multimodality","neither test rejects in any seed",3,0,0,0,1,0.511327092117487,1,
"inflect_ward_k44",17,132476,"CD303_TCRvd2","no_detected_multimodality","neither test rejects in any seed",3,0,0,0,1,0.496373186593297,1,"stratified_5_percent_pass_audit"
"inflect_ward_k44",17,132476,"CD38","no_detected_multimodality","neither test rejects in any seed",3,0,0,0,1,0.784067033516758,1,
"inflect_ward_k44",17,132476,"CD4","no_detected_multimodality","neither test rejects in any seed",3,0,0,0,1,0.580790395197599,1,
"inflect_ward_k44",17,132476,"CD45RA","no_detected_multimodality","neither test rejects in any seed",3,0,0,0,1,0.784067033516758,1,
"inflect_ward_k44",17,132476,"CD56","no_detected_multimodality","neither test rejects in any seed",3,0,0,0,1,0.558279139569785,1,"stratified_5_percent_pass_audit"
"inflect_ward_k44",17,132476,"CD57","no_detected_multimodality","neither test rejects in any seed",3,0,0,0,1,0.256628314157079,1,
"inflect_ward_k44",17,132476,"CD7","no_detected_multimodality","neither test rejects in any seed",3,0,0,0,1,0.728136795670563,1,
"inflect_ward_k44",17,132476,"CD8","no_detected_multimodality","neither test rejects in any seed",3,0,0,0,1,0.784067033516758,1,
"inflect_ward_k44",17,132476,"FoxP3","ambiguous","borderline_q",3,0,0,0,1,0.0877938969484742,1,"ambiguous"
"inflect_ward_k44",17,132476,"HLA-DR","no_detected_multimodality","neither test rejects in any seed",3,0,0,0,1,0.784067033516758,1,
"inflect_ward_k44",17,132476,"Tbet","no_detected_multimodality","neither test rejects in any seed",3,0,0,0,1,0.896848424212106,1,
"inflect_ward_k44",17,132476,"TCRgd_CD141","no_detected_multimodality","neither test rejects in any seed",3,0,0,0,1,0.607803901950976,1,
"inflect_ward_k44",18,195943,"CD11c","no_detected_multimodality","neither test rejects in any seed",3,0,0,0,0.999967655684242,0.103551775887944,2,
"inflect_ward_k44",18,195943,"CD127","no_detected_multimodality","neither test rejects in any seed",3,0,0,0,0.999967655684242,0.900796552122215,2,
"inflect_ward_k44",18,195943,"CD14","no_detected_multimodality","neither test rejects in any seed",3,0,0,0,0.999967655684242,0.664532266133067,2,
"inflect_ward_k44",18,195943,"CD159c_NKG2C","no_detected_multimodality","neither test rejects in any seed",3,0,0,0,0.999967655684242,0.664532266133067,2,
"inflect_ward_k44",18,195943,"CD16","no_detected_multimodality","neither test rejects in any seed",3,0,0,0,0.999967655684242,0.496373186593297,2,
"inflect_ward_k44",18,195943,"CD161","detected_multimodality","both tests reject in at least two seeds",3,3,3,3,0,0,2,"detected_multimodality"
"inflect_ward_k44",18,195943,"CD185_CXCR5","no_detected_multimodality","neither test rejects in any seed",3,0,0,0,0.999967655684242,0.875687843921961,2,
"inflect_ward_k44",18,195943,"CD19","no_detected_multimodality","neither test rejects in any seed",3,0,0,0,0.999967655684242,0.862631315657829,2,
"inflect_ward_k44",18,195943,"CD197_CCR7","no_detected_multimodality","neither test rejects in any seed",3,0,0,0,0.999967655684242,0.875687843921961,2,"stratified_5_percent_pass_audit"
"inflect_ward_k44",18,195943,"CD1c","no_detected_multimodality","neither test rejects in any seed",3,0,0,0,0.999967655684242,0.875687843921961,2,
"inflect_ward_k44",18,195943,"CD21","no_detected_multimodality","neither test rejects in any seed",3,0,0,0,0.999967655684242,0.862631315657829,2,
"inflect_ward_k44",18,195943,"CD25","no_detected_multimodality","neither test rejects in any seed",3,0,0,0,0.999967655684242,0.875687843921961,2,
"inflect_ward_k44",18,195943,"CD27","detected_multimodality","both tests reject in at least two seeds",3,3,3,3,0,0,2,"detected_multimodality"
"inflect_ward_k44",18,195943,"CD294_CRTH2","ambiguous","borderline_q",3,0,0,0,0.999967655684242,0.0900450225112556,2,"ambiguous"
"inflect_ward_k44",18,195943,"CD3","no_detected_multimodality","neither test rejects in any seed",3,0,0,0,0.999967655684242,0.875687843921961,2,
"inflect_ward_k44",18,195943,"CD303_TCRvd2","no_detected_multimodality","neither test rejects in any seed",3,0,0,0,0.999967655684242,0.41099120989066,2,
"inflect_ward_k44",18,195943,"CD38","no_detected_multimodality","neither test rejects in any seed",3,0,0,0,0.999967655684242,0.875687843921961,2,
"inflect_ward_k44",18,195943,"CD4","no_detected_multimodality","neither test rejects in any seed",3,0,0,0,0.999967655684242,0.664532266133067,2,
"inflect_ward_k44",18,195943,"CD45RA","no_detected_multimodality","neither test rejects in any seed",3,0,0,0,0.999967655684242,0.506503251625813,2,
"inflect_ward_k44",18,195943,"CD56","no_detected_multimodality","neither test rejects in any seed",3,0,0,0,0.999967655684242,0.167483741870935,2,
"inflect_ward_k44",18,195943,"CD57","no_detected_multimodality","neither test rejects in any seed",3,0,0,0,0.999967655684242,0.875687843921961,2,
"inflect_ward_k44",18,195943,"CD7","no_detected_multimodality","neither test rejects in any seed",3,0,0,0,0.999967655684242,0.128314157078539,2,
"inflect_ward_k44",18,195943,"CD8","no_detected_multimodality","neither test rejects in any seed",3,0,0,0,0.999967655684242,0.875687843921961,2,
"inflect_ward_k44",18,195943,"FoxP3","no_detected_multimodality","neither test rejects in any seed",3,0,0,0,0.999967655684242,0.496373186593297,2,
"inflect_ward_k44",18,195943,"HLA-DR","no_detected_multimodality","neither test rejects in any seed",3,0,0,0,0.999967655684242,0.900796552122215,2,
"inflect_ward_k44",18,195943,"Tbet","no_detected_multimodality","neither test rejects in any seed",3,0,0,0,0.999967655684242,0.664532266133067,2,
"inflect_ward_k44",18,195943,"TCRgd_CD141","no_detected_multimodality","neither test rejects in any seed",3,0,0,0,0.999967655684242,0.41099120989066,2,
"inflect_ward_k44",19,1888077,"CD11c","no_detected_multimodality","neither test rejects in any seed",3,0,0,0,0.999045156486246,0.720360180090045,4,
"inflect_ward_k44",19,1888077,"CD127","no_detected_multimodality","neither test rejects in any seed",3,0,0,0,0.999045156486246,0.135067533766883,4,
"inflect_ward_k44",19,1888077,"CD14","no_detected_multimodality","neither test rejects in any seed",3,0,0,0,0.999045156486246,0.478739369684842,4,
"inflect_ward_k44",19,1888077,"CD159c_NKG2C","no_detected_multimodality","neither test rejects in any seed",3,0,0,0,0.999045156486246,0.823911955977989,4,"stratified_5_percent_pass_audit"
"inflect_ward_k44",19,1888077,"CD16","no_detected_multimodality","neither test rejects in any seed",3,0,0,0,0.999045156486246,0.678714357178589,4,"stratified_5_percent_pass_audit"
"inflect_ward_k44",19,1888077,"CD161","no_detected_multimodality","neither test rejects in any seed",3,0,0,0,0.999045156486246,0.236368184092046,4,
"inflect_ward_k44",19,1888077,"CD185_CXCR5","no_detected_multimodality","neither test rejects in any seed",3,0,0,0,0.999045156486246,0.657971843064389,4,
"inflect_ward_k44",19,1888077,"CD19","no_detected_multimodality","neither test rejects in any seed",3,0,0,0,0.999045156486246,0.580790395197599,4,
"inflect_ward_k44",19,1888077,"CD197_CCR7","no_detected_multimodality","neither test rejects in any seed",3,0,0,0,0.999045156486246,0.182341170585293,4,
"inflect_ward_k44",19,1888077,"CD1c","no_detected_multimodality","neither test rejects in any seed",3,0,0,0,0.999045156486246,0.823911955977989,4,"stratified_5_percent_pass_audit"
"inflect_ward_k44",19,1888077,"CD21","no_detected_multimodality","neither test rejects in any seed",3,0,0,0,0.999045156486246,0.678714357178589,4,"stratified_5_percent_pass_audit"
"inflect_ward_k44",19,1888077,"CD25","no_detected_multimodality","neither test rejects in any seed",3,0,0,0,0.999045156486246,0.823911955977989,4,
"inflect_ward_k44",19,1888077,"CD27","detected_multimodality","both tests reject in at least two seeds",3,3,3,3,0,0,4,"detected_multimodality"
"inflect_ward_k44",19,1888077,"CD294_CRTH2","no_detected_multimodality","neither test rejects in any seed",3,0,0,0,0.999045156486246,0.172211105552776,4,
"inflect_ward_k44",19,1888077,"CD3","no_detected_multimodality","neither test rejects in any seed",3,0,0,0,0.999045156486246,0.823911955977989,4,
"inflect_ward_k44",19,1888077,"CD303_TCRvd2","no_detected_multimodality","neither test rejects in any seed",3,0,0,0,0.999045156486246,0.229614807403702,4,"stratified_5_percent_pass_audit"
"inflect_ward_k44",19,1888077,"CD38","no_detected_multimodality","neither test rejects in any seed",3,0,0,0,0.999045156486246,0.678714357178589,4,
"inflect_ward_k44",19,1888077,"CD4","no_detected_multimodality","neither test rejects in any seed",3,0,0,0,0.999045156486246,0.172211105552776,4,
"inflect_ward_k44",19,1888077,"CD45RA","ambiguous","discordant_tests;seed_instability",3,0,0,1,0.999045156486246,0.0495247623811906,4,"ambiguous"
"inflect_ward_k44",19,1888077,"CD56","no_detected_multimodality","neither test rejects in any seed",3,0,0,0,0.999045156486246,0.53351675837919,4,
"inflect_ward_k44",19,1888077,"CD57","no_detected_multimodality","neither test rejects in any seed",3,0,0,0,0.999045156486246,0.657971843064389,4,
"inflect_ward_k44",19,1888077,"CD7","no_detected_multimodality","neither test rejects in any seed",3,0,0,0,0.999045156486246,0.182341170585293,4,
"inflect_ward_k44",19,1888077,"CD8","no_detected_multimodality","neither test rejects in any seed",3,0,0,0,0.999045156486246,0.165457728864432,4,
"inflect_ward_k44",19,1888077,"FoxP3","no_detected_multimodality","neither test rejects in any seed",3,0,0,0,0.999045156486246,0.678714357178589,4,
"inflect_ward_k44",19,1888077,"HLA-DR","no_detected_multimodality","neither test rejects in any seed",3,0,0,0,0.999045156486246,0.823911955977989,4,
"inflect_ward_k44",19,1888077,"Tbet","detected_multimodality","both tests reject in at least two seeds",3,3,3,3,0,0,4,"detected_multimodality"
"inflect_ward_k44",19,1888077,"TCRgd_CD141","no_detected_multimodality","neither test rejects in any seed",3,0,0,0,0.999045156486246,0.678714357178589,4,
"inflect_ward_k44",20,122981,"CD11c","no_detected_multimodality","neither test rejects in any seed",3,0,0,0,1,0.95647823911956,1,
"inflect_ward_k44",20,122981,"CD127","no_detected_multimodality","neither test rejects in any seed",3,0,0,0,1,0.95647823911956,1,
"inflect_ward_k44",20,122981,"CD14","no_detected_multimodality","neither test rejects in any seed",3,0,0,0,1,0.95647823911956,1,
"inflect_ward_k44",20,122981,"CD159c_NKG2C","no_detected_multimodality","neither test rejects in any seed",3,0,0,0,1,0.136568284142071,1,
"inflect_ward_k44",20,122981,"CD16","no_detected_multimodality","neither test rejects in any seed",3,0,0,0,1,0.905035851258963,1,
"inflect_ward_k44",20,122981,"CD161","ambiguous","discordant_tests;seed_instability;borderline_q",3,1,1,3,0.0399576235907272,0,1,"ambiguous"
"inflect_ward_k44",20,122981,"CD185_CXCR5","no_detected_multimodality","neither test rejects in any seed",3,0,0,0,1,0.134400533600133,1,
"inflect_ward_k44",20,122981,"CD19","no_detected_multimodality","neither test rejects in any seed",3,0,0,0,1,0.95647823911956,1,
"inflect_ward_k44",20,122981,"CD197_CCR7","no_detected_multimodality","neither test rejects in any seed",3,0,0,0,1,0.427588794397199,1,
"inflect_ward_k44",20,122981,"CD1c","no_detected_multimodality","neither test rejects in any seed",3,0,0,0,1,0.466788950030571,1,
"inflect_ward_k44",20,122981,"CD21","no_detected_multimodality","neither test rejects in any seed",3,0,0,0,1,0.95647823911956,1,
"inflect_ward_k44",20,122981,"CD25","no_detected_multimodality","neither test rejects in any seed",3,0,0,0,1,0.418066175945115,1,
"inflect_ward_k44",20,122981,"CD27","no_detected_multimodality","neither test rejects in any seed",3,0,0,0,1,0.90454318068125,1,
"inflect_ward_k44",20,122981,"CD294_CRTH2","no_detected_multimodality","neither test rejects in any seed",3,0,0,0,1,0.929964982491246,1,
"inflect_ward_k44",20,122981,"CD3","no_detected_multimodality","neither test rejects in any seed",3,0,0,0,1,0.600900450225113,1,
"inflect_ward_k44",20,122981,"CD303_TCRvd2","no_detected_multimodality","neither test rejects in any seed",3,0,0,0,1,0.833598617490564,1,
"inflect_ward_k44",20,122981,"CD38","detected_multimodality","both tests reject in at least two seeds",3,3,3,3,0,0,1,"detected_multimodality"
"inflect_ward_k44",20,122981,"CD4","no_detected_multimodality","neither test rejects in any seed",3,0,0,0,1,0.431072679196741,1,
"inflect_ward_k44",20,122981,"CD45RA","ambiguous","discordant_tests",3,0,0,3,0.631539146767459,0,1,"ambiguous"
"inflect_ward_k44",20,122981,"CD56","unresolved_discrete","boundary_saturation",0,0,0,0,,,1,
"inflect_ward_k44",20,122981,"CD57","no_detected_multimodality","neither test rejects in any seed",3,0,0,0,1,0.95647823911956,1,
"inflect_ward_k44",20,122981,"CD7","detected_multimodality","both tests reject in at least two seeds",3,2,2,3,0.000171988588335115,0,1,"detected_multimodality"
"inflect_ward_k44",20,122981,"CD8","no_detected_multimodality","neither test rejects in any seed",3,0,0,0,1,0.95647823911956,1,
"inflect_ward_k44",20,122981,"FoxP3","detected_multimodality","both tests reject in at least two seeds",3,3,3,3,0,0,1,"detected_multimodality"
"inflect_ward_k44",20,122981,"HLA-DR","no_detected_multimodality","neither test rejects in any seed",3,0,0,0,1,0.95647823911956,1,
"inflect_ward_k44",20,122981,"Tbet","no_detected_multimodality","neither test rejects in any seed",3,0,0,0,1,0.227613806903452,1,
"inflect_ward_k44",20,122981,"TCRgd_CD141","no_detected_multimodality","neither test rejects in any seed",3,0,0,0,1,0.466788950030571,1,
"inflect_ward_k44",21,40140,"CD11c","no_detected_multimodality","neither test rejects in any seed",3,0,0,0,1,0.16208104052026,1,
"inflect_ward_k44",21,40140,"CD127","no_detected_multimodality","neither test rejects in any seed",3,0,0,0,1,0.183691845922962,1,
"inflect_ward_k44",21,40140,"CD14","no_detected_multimodality","neither test rejects in any seed",3,0,0,0,1,0.849799899949975,1,"stratified_5_percent_pass_audit"
"inflect_ward_k44",21,40140,"CD159c_NKG2C","ambiguous","discordant_tests;seed_instability",3,1,1,3,0.028831272418626,0,1,"ambiguous"
"inflect_ward_k44",21,40140,"CD16","no_detected_multimodality","neither test rejects in any seed",3,0,0,0,1,0.126063031515758,1,
"inflect_ward_k44",21,40140,"CD161","no_detected_multimodality","neither test rejects in any seed",3,0,0,0,1,0.390195097548774,1,
"inflect_ward_k44",21,40140,"CD185_CXCR5","no_detected_multimodality","neither test rejects in any seed",3,0,0,0,1,0.534867433716858,1,
"inflect_ward_k44",21,40140,"CD19","no_detected_multimodality","neither test rejects in any seed",3,0,0,0,1,0.642184728728,1,
"inflect_ward_k44",21,40140,"CD197_CCR7","no_detected_multimodality","neither test rejects in any seed",3,0,0,0,1,0.491645822911456,1,
"inflect_ward_k44",21,40140,"CD1c","no_detected_multimodality","neither test rejects in any seed",3,0,0,0,1,0.484554777388694,1,
"inflect_ward_k44",21,40140,"CD21","no_detected_multimodality","neither test rejects in any seed",3,0,0,0,1,0.990668411128641,1,
"inflect_ward_k44",21,40140,"CD25","no_detected_multimodality","neither test rejects in any seed",3,0,0,0,1,0.926056778389195,1,
"inflect_ward_k44",21,40140,"CD27","no_detected_multimodality","neither test rejects in any seed",3,0,0,0,1,0.963200350175088,1,
"inflect_ward_k44",21,40140,"CD294_CRTH2","no_detected_multimodality","neither test rejects in any seed",3,0,0,0,1,0.143171585792896,1,
"inflect_ward_k44",21,40140,"CD3","detected_multimodality","both tests reject in at least two seeds",3,3,3,3,0,0,1,"detected_multimodality"
"inflect_ward_k44",21,40140,"CD303_TCRvd2","no_detected_multimodality","neither test rejects in any seed",3,0,0,0,1,0.990668411128641,1,
"inflect_ward_k44",21,40140,"CD38","no_detected_multimodality","neither test rejects in any seed",3,0,0,0,1,0.762166797684557,1,
"inflect_ward_k44",21,40140,"CD4","no_detected_multimodality","neither test rejects in any seed",3,0,0,0,1,0.990668411128641,1,
"inflect_ward_k44",21,40140,"CD45RA","no_detected_multimodality","neither test rejects in any seed",3,0,0,0,1,0.762166797684557,1,
"inflect_ward_k44",21,40140,"CD56","ambiguous","discordant_tests;seed_instability",3,0,0,1,1,0.0225112556278139,1,"ambiguous"
"inflect_ward_k44",21,40140,"CD57","ambiguous","discordant_tests;seed_instability;borderline_q",3,0,0,1,1,0.0495247623811906,1,"ambiguous"
"inflect_ward_k44",21,40140,"CD7","no_detected_multimodality","neither test rejects in any seed",3,0,0,0,1,0.390195097548774,1,
"inflect_ward_k44",21,40140,"CD8","no_detected_multimodality","neither test rejects in any seed",3,0,0,0,1,0.967233616808404,1,
"inflect_ward_k44",21,40140,"FoxP3","no_detected_multimodality","neither test rejects in any seed",3,0,0,0,1,0.967233616808404,1,
"inflect_ward_k44",21,40140,"HLA-DR","no_detected_multimodality","neither test rejects in any seed",3,0,0,0,1,0.85574930322304,1,"stratified_5_percent_pass_audit"
"inflect_ward_k44",21,40140,"Tbet","no_detected_multimodality","neither test rejects in any seed",3,0,0,0,1,0.913056528264132,1,
"inflect_ward_k44",21,40140,"TCRgd_CD141","no_detected_multimodality","neither test rejects in any seed",3,0,0,0,1,0.222861430715358,1,
"inflect_ward_k44",22,331660,"CD11c","no_detected_multimodality","neither test rejects in any seed",3,0,0,0,1,0.741282405908837,3,
"inflect_ward_k44",22,331660,"CD127","ambiguous","discordant_tests;seed_instability",3,0,0,1,0.159169751830645,0,3,"ambiguous"
"inflect_ward_k44",22,331660,"CD14","no_detected_multimodality","neither test rejects in any seed",3,0,0,0,1,0.16208104052026,3,
"inflect_ward_k44",22,331660,"CD159c_NKG2C","no_detected_multimodality","neither test rejects in any seed",3,0,0,0,1,0.741282405908837,3,
"inflect_ward_k44",22,331660,"CD16","no_detected_multimodality","neither test rejects in any seed",3,0,0,0,1,0.690195097548775,3,
"inflect_ward_k44",22,331660,"CD161","ambiguous","discordant_tests;seed_instability",3,0,0,2,0.613301647804109,0,3,"ambiguous"
"inflect_ward_k44",22,331660,"CD185_CXCR5","no_detected_multimodality","neither test rejects in any seed",3,0,0,0,1,0.783391695847924,3,
"inflect_ward_k44",22,331660,"CD19","no_detected_multimodality","neither test rejects in any seed",3,0,0,0,1,0.892620223155056,3,
"inflect_ward_k44",22,331660,"CD197_CCR7","no_detected_multimodality","neither test rejects in any seed",3,0,0,0,1,0.690195097548775,3,
"inflect_ward_k44",22,331660,"CD1c","no_detected_multimodality","neither test rejects in any seed",3,0,0,0,1,0.877295790752519,3,
"inflect_ward_k44",22,331660,"CD21","no_detected_multimodality","neither test rejects in any seed",3,0,0,0,1,0.709104552276138,3,
"inflect_ward_k44",22,331660,"CD25","no_detected_multimodality","neither test rejects in any seed",3,0,0,0,1,0.971405702851426,3,
"inflect_ward_k44",22,331660,"CD27","detected_multimodality","both tests reject in at least two seeds",3,3,3,3,0,0,3,"detected_multimodality"
"inflect_ward_k44",22,331660,"CD294_CRTH2","no_detected_multimodality","neither test rejects in any seed",3,0,0,0,1,0.892620223155056,3,"stratified_5_percent_pass_audit"
"inflect_ward_k44",22,331660,"CD3","ambiguous","discordant_tests;seed_instability",3,0,0,1,1,0.0270135067533767,3,"ambiguous"
"inflect_ward_k44",22,331660,"CD303_TCRvd2","detected_multimodality","both tests reject in at least two seeds",3,3,3,3,0,0,3,"detected_multimodality"
"inflect_ward_k44",22,331660,"CD38","no_detected_multimodality","neither test rejects in any seed",3,0,0,0,1,0.108054027013507,3,
"inflect_ward_k44",22,331660,"CD4","no_detected_multimodality","neither test rejects in any seed",3,0,0,0,1,0.702351175587794,3,
"inflect_ward_k44",22,331660,"CD45RA","no_detected_multimodality","neither test rejects in any seed",3,0,0,0,1,0.786235222874595,3,
"inflect_ward_k44",22,331660,"CD56","no_detected_multimodality","neither test rejects in any seed",3,0,0,0,1,0.741282405908837,3,
"inflect_ward_k44",22,331660,"CD57","no_detected_multimodality","neither test rejects in any seed",3,0,0,0,1,0.832353676838419,3,
"inflect_ward_k44",22,331660,"CD7","no_detected_multimodality","neither test rejects in any seed",3,0,0,0,1,0.892620223155056,3,
"inflect_ward_k44",22,331660,"CD8","no_detected_multimodality","neither test rejects in any seed",3,0,0,0,1,0.741282405908837,3,
"inflect_ward_k44",22,331660,"FoxP3","no_detected_multimodality","neither test rejects in any seed",3,0,0,0,1,0.741282405908837,3,
"inflect_ward_k44",22,331660,"HLA-DR","no_detected_multimodality","neither test rejects in any seed",3,0,0,0,1,0.783391695847924,3,
"inflect_ward_k44",22,331660,"Tbet","no_detected_multimodality","neither test rejects in any seed",3,0,0,0,1,0.253926963481741,3,
"inflect_ward_k44",22,331660,"TCRgd_CD141","detected_multimodality","both tests reject in at least two seeds",3,3,3,3,0,0,3,"detected_multimodality"
"inflect_ward_k44",23,636588,"CD11c","no_detected_multimodality","neither test rejects in any seed",3,0,0,0,1,0.179446866290288,3,
"inflect_ward_k44",23,636588,"CD127","no_detected_multimodality","neither test rejects in any seed",3,0,0,0,1,0.115772171800186,3,
"inflect_ward_k44",23,636588,"CD14","no_detected_multimodality","neither test rejects in any seed",3,0,0,0,1,0.703062057344462,3,
"inflect_ward_k44",23,636588,"CD159c_NKG2C","no_detected_multimodality","neither test rejects in any seed",3,0,0,0,1,0.471385692846423,3,"stratified_5_percent_pass_audit"
"inflect_ward_k44",23,636588,"CD16","detected_multimodality","both tests reject in at least two seeds",3,3,3,3,0,0,3,"detected_multimodality"
"inflect_ward_k44",23,636588,"CD161","no_detected_multimodality","neither test rejects in any seed",3,0,0,0,1,0.703062057344462,3,
"inflect_ward_k44",23,636588,"CD185_CXCR5","ambiguous","discordant_tests",3,0,0,3,0.46010251644479,0,3,"ambiguous"
"inflect_ward_k44",23,636588,"CD19","no_detected_multimodality","neither test rejects in any seed",3,0,0,0,1,0.257978989494747,3,
"inflect_ward_k44",23,636588,"CD197_CCR7","no_detected_multimodality","neither test rejects in any seed",3,0,0,0,1,0.755339208065571,3,
"inflect_ward_k44",23,636588,"CD1c","no_detected_multimodality","neither test rejects in any seed",3,0,0,0,1,0.806850793817962,3,
"inflect_ward_k44",23,636588,"CD21","ambiguous","discordant_tests;seed_instability",3,1,1,3,0.00158744903130414,0,3,"ambiguous"
"inflect_ward_k44",23,636588,"CD25","no_detected_multimodality","neither test rejects in any seed",3,0,0,0,1,0.21856382736823,3,
"inflect_ward_k44",23,636588,"CD27","no_detected_multimodality","neither test rejects in any seed",3,0,0,0,1,0.204289644822411,3,
"inflect_ward_k44",23,636588,"CD294_CRTH2","no_detected_multimodality","neither test rejects in any seed",3,0,0,0,1,0.807468951867238,3,
"inflect_ward_k44",23,636588,"CD3","ambiguous","discordant_tests;seed_instability",3,0,0,2,1,0.00450225112556278,3,"ambiguous"
"inflect_ward_k44",23,636588,"CD303_TCRvd2","no_detected_multimodality","neither test rejects in any seed",3,0,0,0,1,0.21856382736823,3,
"inflect_ward_k44",23,636588,"CD38","ambiguous","discordant_tests",3,0,0,3,0.902123232980623,0,3,"ambiguous"
"inflect_ward_k44",23,636588,"CD4","no_detected_multimodality","neither test rejects in any seed",3,0,0,0,1,0.166583291645823,3,
"inflect_ward_k44",23,636588,"CD45RA","ambiguous","discordant_tests;seed_instability",3,0,0,1,0.492269930553077,0,3,"ambiguous"
"inflect_ward_k44",23,636588,"CD56","no_detected_multimodality","neither test rejects in any seed",3,0,0,0,1,0.262256128064032,3,
"inflect_ward_k44",23,636588,"CD57","no_detected_multimodality","neither test rejects in any seed",3,0,0,0,1,0.807468951867238,3,
"inflect_ward_k44",23,636588,"CD7","no_detected_multimodality","neither test rejects in any seed",3,0,0,0,1,0.605102551275638,3,
"inflect_ward_k44",23,636588,"CD8","no_detected_multimodality","neither test rejects in any seed",3,0,0,0,1,0.806850793817962,3,
"inflect_ward_k44",23,636588,"FoxP3","no_detected_multimodality","neither test rejects in any seed",3,0,0,0,1,0.306499403547928,3,
"inflect_ward_k44",23,636588,"HLA-DR","no_detected_multimodality","neither test rejects in any seed",3,0,0,0,1,0.703062057344462,3,
"inflect_ward_k44",23,636588,"Tbet","no_detected_multimodality","neither test rejects in any seed",3,0,0,0,1,0.807468951867238,3,
"inflect_ward_k44",23,636588,"TCRgd_CD141","no_detected_multimodality","neither test rejects in any seed",3,0,0,0,1,0.214419709854927,3,
"inflect_ward_k44",24,105074,"CD11c","detected_multimodality","both tests reject in at least two seeds",3,3,3,3,0.00961685252510386,0,1,"detected_multimodality"
"inflect_ward_k44",24,105074,"CD127","no_detected_multimodality","neither test rejects in any seed",3,0,0,0,1,0.626222202010096,1,
"inflect_ward_k44",24,105074,"CD14","no_detected_multimodality","neither test rejects in any seed",3,0,0,0,1,0.575001786607589,1,
"inflect_ward_k44",24,105074,"CD159c_NKG2C","detected_multimodality","both tests reject in at least two seeds",3,3,3,3,0.00154741174090062,0,1,"detected_multimodality"
"inflect_ward_k44",24,105074,"CD16","no_detected_multimodality","neither test rejects in any seed",3,0,0,0,1,0.626222202010096,1,
"inflect_ward_k44",24,105074,"CD161","no_detected_multimodality","neither test rejects in any seed",3,0,0,0,1,0.977988994497249,1,"stratified_5_percent_pass_audit"
"inflect_ward_k44",24,105074,"CD185_CXCR5","no_detected_multimodality","neither test rejects in any seed",3,0,0,0,1,0.609304652326163,1,
"inflect_ward_k44",24,105074,"CD19","no_detected_multimodality","neither test rejects in any seed",3,0,0,0,1,0.141820910455228,1,
"inflect_ward_k44",24,105074,"CD197_CCR7","no_detected_multimodality","neither test rejects in any seed",3,0,0,0,1,0.690773958407775,1,
"inflect_ward_k44",24,105074,"CD1c","no_detected_multimodality","neither test rejects in any seed",3,0,0,0,1,0.853176588294147,1,
"inflect_ward_k44",24,105074,"CD21","no_detected_multimodality","neither test rejects in any seed",3,0,0,0,1,0.908022192914639,1,
"inflect_ward_k44",24,105074,"CD25","no_detected_multimodality","neither test rejects in any seed",3,0,0,0,1,0.977988994497249,1,
"inflect_ward_k44",24,105074,"CD27","no_detected_multimodality","neither test rejects in any seed",3,0,0,0,1,0.690773958407775,1,
"inflect_ward_k44",24,105074,"CD294_CRTH2","no_detected_multimodality","neither test rejects in any seed",3,0,0,0,1,0.846873436718359,1,
"inflect_ward_k44",24,105074,"CD3","ambiguous","discordant_tests;seed_instability;borderline_q",3,1,1,3,0.0393689971572283,0,1,"ambiguous"
"inflect_ward_k44",24,105074,"CD303_TCRvd2","no_detected_multimodality","neither test rejects in any seed",3,0,0,0,1,0.546058743657543,1,
"inflect_ward_k44",24,105074,"CD38","no_detected_multimodality","neither test rejects in any seed",3,0,0,0,1,0.908022192914639,1,"stratified_5_percent_pass_audit"
"inflect_ward_k44",24,105074,"CD4","no_detected_multimodality","neither test rejects in any seed",3,0,0,0,1,0.454727363681841,1,
"inflect_ward_k44",24,105074,"CD45RA","no_detected_multimodality","neither test rejects in any seed",3,0,0,0,1,0.364682341170585,1,"stratified_5_percent_pass_audit"
"inflect_ward_k44",24,105074,"CD56","no_detected_multimodality","neither test rejects in any seed",3,0,0,0,1,0.321460730365183,1,
"inflect_ward_k44",24,105074,"CD57","detected_multimodality","both tests reject in at least two seeds",3,3,3,3,0,0,1,"detected_multimodality"
"inflect_ward_k44",24,105074,"CD7","no_detected_multimodality","neither test rejects in any seed",3,0,0,0,1,0.690773958407775,1,
"inflect_ward_k44",24,105074,"CD8","no_detected_multimodality","neither test rejects in any seed",3,0,0,0,1,0.690773958407775,1,
"inflect_ward_k44",24,105074,"FoxP3","no_detected_multimodality","neither test rejects in any seed",3,0,0,0,1,0.690773958407775,1,
"inflect_ward_k44",24,105074,"HLA-DR","no_detected_multimodality","neither test rejects in any seed",3,0,0,0,1,0.846873436718359,1,
"inflect_ward_k44",24,105074,"Tbet","no_detected_multimodality","neither test rejects in any seed",3,0,0,0,1,0.11615807903952,1,
"inflect_ward_k44",24,105074,"TCRgd_CD141","no_detected_multimodality","neither test rejects in any seed",3,0,0,0,1,0.690773958407775,1,
"inflect_ward_k44",25,606074,"CD11c","no_detected_multimodality","neither test rejects in any seed",3,0,0,0,1,0.344422211105553,3,"stratified_5_percent_pass_audit"
"inflect_ward_k44",25,606074,"CD127","no_detected_multimodality","neither test rejects in any seed",3,0,0,0,1,0.828414207103552,3,
"inflect_ward_k44",25,606074,"CD14","no_detected_multimodality","neither test rejects in any seed",3,0,0,0,1,0.715857928964482,3,"stratified_5_percent_pass_audit"
"inflect_ward_k44",25,606074,"CD159c_NKG2C","no_detected_multimodality","neither test rejects in any seed",3,0,0,0,1,0.855146323161581,3,
"inflect_ward_k44",25,606074,"CD16","no_detected_multimodality","neither test rejects in any seed",3,0,0,0,1,0.983491745872936,3,
"inflect_ward_k44",25,606074,"CD161","ambiguous","discordant_tests",3,0,0,3,0.117143949314743,0,3,"ambiguous"
"inflect_ward_k44",25,606074,"CD185_CXCR5","no_detected_multimodality","neither test rejects in any seed",3,0,0,0,1,0.459229614807404,3,
"inflect_ward_k44",25,606074,"CD19","no_detected_multimodality","neither test rejects in any seed",3,0,0,0,1,0.726663331665833,3,
"inflect_ward_k44",25,606074,"CD197_CCR7","no_detected_multimodality","neither test rejects in any seed",3,0,0,0,1,0.459229614807404,3,
"inflect_ward_k44",25,606074,"CD1c","no_detected_multimodality","neither test rejects in any seed",3,0,0,0,1,0.451511470020725,3,
"inflect_ward_k44",25,606074,"CD21","no_detected_multimodality","neither test rejects in any seed",3,0,0,0,1,0.983491745872936,3,
"inflect_ward_k44",25,606074,"CD25","no_detected_multimodality","neither test rejects in any seed",3,0,0,0,1,0.513256628314157,3,
"inflect_ward_k44",25,606074,"CD27","detected_multimodality","both tests reject in at least two seeds",3,3,3,3,0,0,3,"detected_multimodality"
"inflect_ward_k44",25,606074,"CD294_CRTH2","no_detected_multimodality","neither test rejects in any seed",3,0,0,0,1,0.828414207103552,3,
"inflect_ward_k44",25,606074,"CD3","no_detected_multimodality","neither test rejects in any seed",3,0,0,0,1,0.481178089044522,3,
"inflect_ward_k44",25,606074,"CD303_TCRvd2","detected_multimodality","both tests reject in at least two seeds",3,3,3,3,0,0,3,"detected_multimodality"
"inflect_ward_k44",25,606074,"CD38","no_detected_multimodality","neither test rejects in any seed",3,0,0,0,1,0.983491745872936,3,
"inflect_ward_k44",25,606074,"CD4","no_detected_multimodality","neither test rejects in any seed",3,0,0,0,1,0.983491745872936,3,
"inflect_ward_k44",25,606074,"CD45RA","no_detected_multimodality","neither test rejects in any seed",3,0,0,0,1,0.983491745872936,3,
"inflect_ward_k44",25,606074,"CD56","no_detected_multimodality","neither test rejects in any seed",3,0,0,0,1,0.855146323161581,3,"stratified_5_percent_pass_audit"
"inflect_ward_k44",25,606074,"CD57","detected_multimodality","both tests reject in at least two seeds",3,2,2,3,0.0131278163944789,0,3,"detected_multimodality"
"inflect_ward_k44",25,606074,"CD7","no_detected_multimodality","neither test rejects in any seed",3,0,0,0,1,0.715857928964482,3,
"inflect_ward_k44",25,606074,"CD8","no_detected_multimodality","neither test rejects in any seed",3,0,0,0,1,0.983491745872936,3,
"inflect_ward_k44",25,606074,"FoxP3","no_detected_multimodality","neither test rejects in any seed",3,0,0,0,1,0.726663331665833,3,
"inflect_ward_k44",25,606074,"HLA-DR","no_detected_multimodality","neither test rejects in any seed",3,0,0,0,1,0.855146323161581,3,
"inflect_ward_k44",25,606074,"Tbet","no_detected_multimodality","neither test rejects in any seed",3,0,0,0,1,0.983491745872936,3,
"inflect_ward_k44",25,606074,"TCRgd_CD141","detected_multimodality","both tests reject in at least two seeds",3,3,3,3,0,0,3,"detected_multimodality"
"inflect_ward_k44",26,160846,"CD11c","no_detected_multimodality","neither test rejects in any seed",3,0,0,0,1,0.264732366183092,1,
"inflect_ward_k44",26,160846,"CD127","no_detected_multimodality","neither test rejects in any seed",3,0,0,0,1,0.801400700350175,1,
"inflect_ward_k44",26,160846,"CD14","no_detected_multimodality","neither test rejects in any seed",3,0,0,0,1,0.956728364182091,1,
"inflect_ward_k44",26,160846,"CD159c_NKG2C","ambiguous","discordant_tests;seed_instability",3,0,0,2,0.394079012426947,0,1,"ambiguous"
"inflect_ward_k44",26,160846,"CD16","ambiguous","borderline_q",3,0,0,0,1,0.0585292646323162,1,"ambiguous"
"inflect_ward_k44",26,160846,"CD161","no_detected_multimodality","neither test rejects in any seed",3,0,0,0,1,0.981837072382345,1,
"inflect_ward_k44",26,160846,"CD185_CXCR5","no_detected_multimodality","neither test rejects in any seed",3,0,0,0,1,0.536893446723362,1,
"inflect_ward_k44",26,160846,"CD19","no_detected_multimodality","neither test rejects in any seed",3,0,0,0,1,0.820052883584649,1,
"inflect_ward_k44",26,160846,"CD197_CCR7","no_detected_multimodality","neither test rejects in any seed",3,0,0,0,1,0.971810905452726,1,
"inflect_ward_k44",26,160846,"CD1c","no_detected_multimodality","neither test rejects in any seed",3,0,0,0,1,0.971810905452726,1,
"inflect_ward_k44",26,160846,"CD21","no_detected_multimodality","neither test rejects in any seed",3,0,0,0,1,0.69559779889945,1,
"inflect_ward_k44",26,160846,"CD25","no_detected_multimodality","neither test rejects in any seed",3,0,0,0,1,0.971810905452726,1,
"inflect_ward_k44",26,160846,"CD27","no_detected_multimodality","neither test rejects in any seed",3,0,0,0,1,0.69559779889945,1,"stratified_5_percent_pass_audit"
"inflect_ward_k44",26,160846,"CD294_CRTH2","no_detected_multimodality","neither test rejects in any seed",3,0,0,0,1,0.981837072382345,1,
"inflect_ward_k44",26,160846,"CD3","no_detected_multimodality","neither test rejects in any seed",3,0,0,0,1,0.567283641820911,1,"stratified_5_percent_pass_audit"
"inflect_ward_k44",26,160846,"CD303_TCRvd2","no_detected_multimodality","neither test rejects in any seed",3,0,0,0,1,0.801400700350175,1,
"inflect_ward_k44",26,160846,"CD38","no_detected_multimodality","neither test rejects in any seed",3,0,0,0,1,0.981837072382345,1,
"inflect_ward_k44",26,160846,"CD4","no_detected_multimodality","neither test rejects in any seed",3,0,0,0,1,0.801400700350175,1,
"inflect_ward_k44",26,160846,"CD45RA","no_detected_multimodality","neither test rejects in any seed",3,0,0,0,1,0.981837072382345,1,
"inflect_ward_k44",26,160846,"CD56","ambiguous","discordant_tests",3,0,0,3,0.245199220177894,0,1,"ambiguous"
"inflect_ward_k44",26,160846,"CD57","detected_multimodality","both tests reject in at least two seeds",3,3,3,3,0,0,1,"detected_multimodality"
"inflect_ward_k44",26,160846,"CD7","no_detected_multimodality","neither test rejects in any seed",3,0,0,0,1,0.836190822684069,1,"stratified_5_percent_pass_audit"
"inflect_ward_k44",26,160846,"CD8","no_detected_multimodality","neither test rejects in any seed",3,0,0,0,1,0.926771077846616,1,
"inflect_ward_k44",26,160846,"FoxP3","no_detected_multimodality","neither test rejects in any seed",3,0,0,0,1,0.981837072382345,1,
"inflect_ward_k44",26,160846,"HLA-DR","no_detected_multimodality","neither test rejects in any seed",3,0,0,0,1,0.981837072382345,1,
"inflect_ward_k44",26,160846,"Tbet","no_detected_multimodality","neither test rejects in any seed",3,0,0,0,1,0.801400700350175,1,"stratified_5_percent_pass_audit"
"inflect_ward_k44",26,160846,"TCRgd_CD141","no_detected_multimodality","neither test rejects in any seed",3,0,0,0,1,0.836190822684069,1,
"inflect_ward_k44",27,88785,"CD11c","no_detected_multimodality","neither test rejects in any seed",3,0,0,0,1,0.575878848515167,1,"stratified_5_percent_pass_audit"
"inflect_ward_k44",27,88785,"CD127","ambiguous","discordant_tests;seed_instability;borderline_q",3,0,0,2,0.0736912020166474,0,1,"ambiguous"
"inflect_ward_k44",27,88785,"CD14","ambiguous","discordant_tests",3,0,0,3,0.128372693819482,0,1,"ambiguous"
"inflect_ward_k44",27,88785,"CD159c_NKG2C","no_detected_multimodality","neither test rejects in any seed",3,0,0,0,1,0.240420210105053,1,"stratified_5_percent_pass_audit"
"inflect_ward_k44",27,88785,"CD16","ambiguous","discordant_tests;seed_instability",3,0,0,1,1,0.0315157578789395,1,"ambiguous"
"inflect_ward_k44",27,88785,"CD161","ambiguous","discordant_tests",3,0,0,3,0.250617014135062,0,1,"ambiguous"
"inflect_ward_k44",27,88785,"CD185_CXCR5","ambiguous","discordant_tests",3,0,0,3,0.250617014135062,0,1,"ambiguous"
"inflect_ward_k44",27,88785,"CD19","no_detected_multimodality","neither test rejects in any seed",3,0,0,0,1,0.576023305770532,1,
"inflect_ward_k44",27,88785,"CD197_CCR7","no_detected_multimodality","neither test rejects in any seed",3,0,0,0,1,0.561880940470235,1,
"inflect_ward_k44",27,88785,"CD1c","ambiguous","borderline_q",3,0,0,0,1,0.077663831915958,1,"ambiguous"
"inflect_ward_k44",27,88785,"CD21","no_detected_multimodality","neither test rejects in any seed",3,0,0,0,1,0.580115057528764,1,
"inflect_ward_k44",27,88785,"CD25","no_detected_multimodality","neither test rejects in any seed",3,0,0,0,1,0.561880940470235,1,
"inflect_ward_k44",27,88785,"CD27","no_detected_multimodality","neither test rejects in any seed",3,0,0,0,1,0.511005502751376,1,
"inflect_ward_k44",27,88785,"CD294_CRTH2","no_detected_multimodality","neither test rejects in any seed",3,0,0,0,1,0.126625812906453,1,
"inflect_ward_k44",27,88785,"CD3","no_detected_multimodality","neither test rejects in any seed",3,0,0,0,1,0.571504502251126,1,
"inflect_ward_k44",27,88785,"CD303_TCRvd2","no_detected_multimodality","neither test rejects in any seed",3,0,0,0,1,0.569084542271136,1,
"inflect_ward_k44",27,88785,"CD38","detected_multimodality","both tests reject in at least two seeds",3,3,3,3,0,0,1,"detected_multimodality"
"inflect_ward_k44",27,88785,"CD4","no_detected_multimodality","neither test rejects in any seed",3,0,0,0,1,0.575878848515167,1,"stratified_5_percent_pass_audit"
"inflect_ward_k44",27,88785,"CD45RA","no_detected_multimodality","neither test rejects in any seed",3,0,0,0,1,0.315566874346264,1,
"inflect_ward_k44",27,88785,"CD56","no_detected_multimodality","neither test rejects in any seed",3,0,0,0,1,0.596829664832416,1,
"inflect_ward_k44",27,88785,"CD57","no_detected_multimodality","neither test rejects in any seed",3,0,0,0,1,0.580115057528764,1,
"inflect_ward_k44",27,88785,"CD7","ambiguous","discordant_tests;seed_instability",3,0,0,2,1,0.0385907239333953,1,"ambiguous"
"inflect_ward_k44",27,88785,"CD8","no_detected_multimodality","neither test rejects in any seed",3,0,0,0,1,0.707978989494747,1,"stratified_5_percent_pass_audit"
"inflect_ward_k44",27,88785,"FoxP3","no_detected_multimodality","neither test rejects in any seed",3,0,0,0,1,0.756378189094547,1,
"inflect_ward_k44",27,88785,"HLA-DR","no_detected_multimodality","neither test rejects in any seed",3,0,0,0,1,0.552737907415246,1,
"inflect_ward_k44",27,88785,"Tbet","detected_multimodality","both tests reject in at least two seeds",3,3,3,3,0,0,1,"detected_multimodality"
"inflect_ward_k44",27,88785,"TCRgd_CD141","no_detected_multimodality","neither test rejects in any seed",3,0,0,0,1,0.464857428714357,1,"stratified_5_percent_pass_audit"
"inflect_ward_k44",28,336733,"CD11c","no_detected_multimodality","neither test rejects in any seed",3,0,0,0,1,0.793039376831273,3,
"inflect_ward_k44",28,336733,"CD127","no_detected_multimodality","neither test rejects in any seed",3,0,0,0,1,0.795210105052526,3,
"inflect_ward_k44",28,336733,"CD14","no_detected_multimodality","neither test rejects in any seed",3,0,0,0,1,0.795210105052526,3,
"inflect_ward_k44",28,336733,"CD159c_NKG2C","no_detected_multimodality","neither test rejects in any seed",3,0,0,0,1,0.793039376831273,3,
"inflect_ward_k44",28,336733,"CD16","no_detected_multimodality","neither test rejects in any seed",3,0,0,0,1,0.369184592296148,3,
"inflect_ward_k44",28,336733,"CD161","ambiguous","discordant_tests;seed_instability;borderline_q",3,1,1,3,0.00266366280779051,0,3,"ambiguous"
"inflect_ward_k44",28,336733,"CD185_CXCR5","no_detected_multimodality","neither test rejects in any seed",3,0,0,0,1,0.793039376831273,3,
"inflect_ward_k44",28,336733,"CD19","no_detected_multimodality","neither test rejects in any seed",3,0,0,0,1,0.793039376831273,3,
"inflect_ward_k44",28,336733,"CD197_CCR7","no_detected_multimodality","neither test rejects in any seed",3,0,0,0,1,0.793039376831273,3,
"inflect_ward_k44",28,336733,"CD1c","no_detected_multimodality","neither test rejects in any seed",3,0,0,0,1,0.807335485924781,3,
"inflect_ward_k44",28,336733,"CD21","no_detected_multimodality","neither test rejects in any seed",3,0,0,0,1,0.795210105052526,3,
"inflect_ward_k44",28,336733,"CD25","no_detected_multimodality","neither test rejects in any seed",3,0,0,0,1,0.795210105052526,3,"stratified_5_percent_pass_audit"
"inflect_ward_k44",28,336733,"CD27","detected_multimodality","both tests reject in at least two seeds",3,3,3,3,0,0,3,"detected_multimodality"
"inflect_ward_k44",28,336733,"CD294_CRTH2","no_detected_multimodality","neither test rejects in any seed",3,0,0,0,1,0.795210105052526,3,
"inflect_ward_k44",28,336733,"CD3","no_detected_multimodality","neither test rejects in any seed",3,0,0,0,1,0.793039376831273,3,
"inflect_ward_k44",28,336733,"CD303_TCRvd2","no_detected_multimodality","neither test rejects in any seed",3,0,0,0,1,0.795210105052526,3,
"inflect_ward_k44",28,336733,"CD38","no_detected_multimodality","neither test rejects in any seed",3,0,0,0,1,0.786093046523262,3,"stratified_5_percent_pass_audit"
"inflect_ward_k44",28,336733,"CD4","no_detected_multimodality","neither test rejects in any seed",3,0,0,0,1,0.793039376831273,3,"stratified_5_percent_pass_audit"
"inflect_ward_k44",28,336733,"CD45RA","no_detected_multimodality","neither test rejects in any seed",3,0,0,0,1,0.795210105052526,3,
"inflect_ward_k44",28,336733,"CD56","no_detected_multimodality","neither test rejects in any seed",3,0,0,0,1,0.793039376831273,3,
"inflect_ward_k44",28,336733,"CD57","no_detected_multimodality","neither test rejects in any seed",3,0,0,0,1,0.580790395197599,3,"stratified_5_percent_pass_audit"
"inflect_ward_k44",28,336733,"CD7","no_detected_multimodality","neither test rejects in any seed",3,0,0,0,1,0.795210105052526,3,
"inflect_ward_k44",28,336733,"CD8","no_detected_multimodality","neither test rejects in any seed",3,0,0,0,1,0.793039376831273,3,
"inflect_ward_k44",28,336733,"FoxP3","no_detected_multimodality","neither test rejects in any seed",3,0,0,0,1,0.795210105052526,3,
"inflect_ward_k44",28,336733,"HLA-DR","no_detected_multimodality","neither test rejects in any seed",3,0,0,0,1,0.807335485924781,3,"stratified_5_percent_pass_audit"
"inflect_ward_k44",28,336733,"Tbet","no_detected_multimodality","neither test rejects in any seed",3,0,0,0,1,0.795210105052526,3,
"inflect_ward_k44",28,336733,"TCRgd_CD141","no_detected_multimodality","neither test rejects in any seed",3,0,0,0,1,0.807335485924781,3,
"inflect_ward_k44",29,215648,"CD11c","no_detected_multimodality","neither test rejects in any seed",3,0,0,0,0.999728021402753,0.538340598870864,2,"stratified_5_percent_pass_audit"
"inflect_ward_k44",29,215648,"CD127","no_detected_multimodality","neither test rejects in any seed",3,0,0,0,0.999728021402753,0.910455227613807,2,
"inflect_ward_k44",29,215648,"CD14","no_detected_multimodality","neither test rejects in any seed",3,0,0,0,0.999728021402753,0.564582291145573,2,
"inflect_ward_k44",29,215648,"CD159c_NKG2C","no_detected_multimodality","neither test rejects in any seed",3,0,0,0,0.999728021402753,0.369184592296148,2,
"inflect_ward_k44",29,215648,"CD16","no_detected_multimodality","neither test rejects in any seed",3,0,0,0,0.999728021402753,0.888444222111055,2,
"inflect_ward_k44",29,215648,"CD161","no_detected_multimodality","neither test rejects in any seed",3,0,0,0,0.999728021402753,0.910455227613807,2,
"inflect_ward_k44",29,215648,"CD185_CXCR5","no_detected_multimodality","neither test rejects in any seed",3,0,0,0,0.999728021402753,0.890545272636318,2,
"inflect_ward_k44",29,215648,"CD19","no_detected_multimodality","neither test rejects in any seed",3,0,0,0,0.999728021402753,0.582719931394269,2,
"inflect_ward_k44",29,215648,"CD197_CCR7","no_detected_multimodality","neither test rejects in any seed",3,0,0,0,0.999728021402753,0.848995926534696,2,
"inflect_ward_k44",29,215648,"CD1c","no_detected_multimodality","neither test rejects in any seed",3,0,0,0,0.999728021402753,0.890545272636318,2,
"inflect_ward_k44",29,215648,"CD21","no_detected_multimodality","neither test rejects in any seed",3,0,0,0,0.999728021402753,0.890545272636318,2,
"inflect_ward_k44",29,215648,"CD25","no_detected_multimodality","neither test rejects in any seed",3,0,0,0,0.999728021402753,0.910455227613807,2,
"inflect_ward_k44",29,215648,"CD27","no_detected_multimodality","neither test rejects in any seed",3,0,0,0,0.999728021402753,0.890545272636318,2,
"inflect_ward_k44",29,215648,"CD294_CRTH2","no_detected_multimodality","neither test rejects in any seed",3,0,0,0,0.999728021402753,0.848995926534696,2,
"inflect_ward_k44",29,215648,"CD3","detected_multimodality","both tests reject in at least two seeds",3,3,3,3,0,0,2,"detected_multimodality"
"inflect_ward_k44",29,215648,"CD303_TCRvd2","ambiguous","discordant_tests;borderline_q",3,0,0,3,0.0597245881889573,0,2,"ambiguous"
"inflect_ward_k44",29,215648,"CD38","no_detected_multimodality","neither test rejects in any seed",3,0,0,0,0.999728021402753,0.910455227613807,2,
"inflect_ward_k44",29,215648,"CD4","no_detected_multimodality","neither test rejects in any seed",3,0,0,0,0.999728021402753,0.84792396198099,2,
"inflect_ward_k44",29,215648,"CD45RA","ambiguous","discordant_tests;seed_instability",3,0,0,1,0.999728021402753,0.0135067533766883,2,"ambiguous"
"inflect_ward_k44",29,215648,"CD56","no_detected_multimodality","neither test rejects in any seed",3,0,0,0,0.999728021402753,0.848995926534696,2,
"inflect_ward_k44",29,215648,"CD57","detected_multimodality","both tests reject in at least two seeds",3,3,3,3,0,0,2,"detected_multimodality"
"inflect_ward_k44",29,215648,"CD7","no_detected_multimodality","neither test rejects in any seed",3,0,0,0,0.999728021402753,0.910455227613807,2,
"inflect_ward_k44",29,215648,"CD8","no_detected_multimodality","neither test rejects in any seed",3,0,0,0,0.999728021402753,0.369184592296148,2,
"inflect_ward_k44",29,215648,"FoxP3","no_detected_multimodality","neither test rejects in any seed",3,0,0,0,0.999728021402753,0.369184592296148,2,
"inflect_ward_k44",29,215648,"HLA-DR","no_detected_multimodality","neither test rejects in any seed",3,0,0,0,0.999728021402753,0.910455227613807,2,
"inflect_ward_k44",29,215648,"Tbet","no_detected_multimodality","neither test rejects in any seed",3,0,0,0,0.999728021402753,0.848995926534696,2,
"inflect_ward_k44",29,215648,"TCRgd_CD141","no_detected_multimodality","neither test rejects in any seed",3,0,0,0,0.999728021402753,0.910455227613807,2,
"inflect_ward_k44",30,726106,"CD11c","no_detected_multimodality","neither test rejects in any seed",3,0,0,0,1,0.842185798781744,4,
"inflect_ward_k44",30,726106,"CD127","no_detected_multimodality","neither test rejects in any seed",3,0,0,0,1,0.643412615398608,4,"stratified_5_percent_pass_audit"
"inflect_ward_k44",30,726106,"CD14","no_detected_multimodality","neither test rejects in any seed",3,0,0,0,1,0.216108054027013,4,
"inflect_ward_k44",30,726106,"CD159c_NKG2C","no_detected_multimodality","neither test rejects in any seed",3,0,0,0,1,0.825600300150075,4,
"inflect_ward_k44",30,726106,"CD16","no_detected_multimodality","neither test rejects in any seed",3,0,0,0,1,0.757342957192882,4,
"inflect_ward_k44",30,726106,"CD161","no_detected_multimodality","neither test rejects in any seed",3,0,0,0,1,0.684985349817766,4,
"inflect_ward_k44",30,726106,"CD185_CXCR5","no_detected_multimodality","neither test rejects in any seed",3,0,0,0,1,0.655691482104689,4,
"inflect_ward_k44",30,726106,"CD19","no_detected_multimodality","neither test rejects in any seed",3,0,0,0,1,0.655691482104689,4,
"inflect_ward_k44",30,726106,"CD197_CCR7","ambiguous","borderline_q",3,0,0,0,1,0.0652826413206603,4,"ambiguous"
"inflect_ward_k44",30,726106,"CD1c","no_detected_multimodality","neither test rejects in any seed",3,0,0,0,1,0.825600300150075,4,
"inflect_ward_k44",30,726106,"CD21","no_detected_multimodality","neither test rejects in any seed",3,0,0,0,1,0.948714357178589,4,
"inflect_ward_k44",30,726106,"CD25","no_detected_multimodality","neither test rejects in any seed",3,0,0,0,1,0.435217608804402,4,
"inflect_ward_k44",30,726106,"CD27","detected_multimodality","both tests reject in at least two seeds",3,3,3,3,0,0,4,"detected_multimodality"
"inflect_ward_k44",30,726106,"CD294_CRTH2","no_detected_multimodality","neither test rejects in any seed",3,0,0,0,1,0.544772386193097,4,
"inflect_ward_k44",30,726106,"CD3","ambiguous","discordant_tests",3,0,0,3,0.91637242033575,0,4,"ambiguous"
"inflect_ward_k44",30,726106,"CD303_TCRvd2","ambiguous","discordant_tests",3,0,0,3,1,0,4,"ambiguous"
"inflect_ward_k44",30,726106,"CD38","no_detected_multimodality","neither test rejects in any seed",3,0,0,0,1,0.227926463231616,4,
"inflect_ward_k44",30,726106,"CD4","no_detected_multimodality","neither test rejects in any seed",3,0,0,0,1,0.132816408204102,4,
"inflect_ward_k44",30,726106,"CD45RA","detected_multimodality","both tests reject in at least two seeds",3,3,3,3,0,0,4,"detected_multimodality"
"inflect_ward_k44",30,726106,"CD56","no_detected_multimodality","neither test rejects in any seed",3,0,0,0,1,0.456978489244622,4,
"inflect_ward_k44",30,726106,"CD57","no_detected_multimodality","neither test rejects in any seed",3,0,0,0,1,0.924598662967848,4,
"inflect_ward_k44",30,726106,"CD7","no_detected_multimodality","neither test rejects in any seed",3,0,0,0,1,0.185235474880297,4,
"inflect_ward_k44",30,726106,"CD8","no_detected_multimodality","neither test rejects in any seed",3,0,0,0,1,0.825600300150075,4,
"inflect_ward_k44",30,726106,"FoxP3","no_detected_multimodality","neither test rejects in any seed",3,0,0,0,1,0.825600300150075,4,
"inflect_ward_k44",30,726106,"HLA-DR","no_detected_multimodality","neither test rejects in any seed",3,0,0,0,1,0.123490316586865,4,"stratified_5_percent_pass_audit"
"inflect_ward_k44",30,726106,"Tbet","detected_multimodality","both tests reject in at least two seeds",3,3,3,3,0,0,4,"detected_multimodality"
"inflect_ward_k44",30,726106,"TCRgd_CD141","no_detected_multimodality","neither test rejects in any seed",3,0,0,0,1,0.911350412048129,4,
"inflect_ward_k44",31,99969,"CD11c","no_detected_multimodality","neither test rejects in any seed",3,0,0,0,1,0.768984492246123,1,
"inflect_ward_k44",31,99969,"CD127","ambiguous","discordant_tests;borderline_q",3,0,0,3,0.0515825946766367,0,1,"ambiguous"
"inflect_ward_k44",31,99969,"CD14","no_detected_multimodality","neither test rejects in any seed",3,0,0,0,1,0.574556509023743,1,
"inflect_ward_k44",31,99969,"CD159c_NKG2C","no_detected_multimodality","neither test rejects in any seed",3,0,0,0,1,0.128314157078539,1,
"inflect_ward_k44",31,99969,"CD16","detected_multimodality","both tests reject in at least two seeds",3,3,3,3,0,0,1,"detected_multimodality"
"inflect_ward_k44",31,99969,"CD161","no_detected_multimodality","neither test rejects in any seed",3,0,0,0,1,0.103551775887944,1,
"inflect_ward_k44",31,99969,"CD185_CXCR5","no_detected_multimodality","neither test rejects in any seed",3,0,0,0,1,0.971966752607073,1,
"inflect_ward_k44",31,99969,"CD19","no_detected_multimodality","neither test rejects in any seed",3,0,0,0,1,0.536893446723362,1,
"inflect_ward_k44",31,99969,"CD197_CCR7","no_detected_multimodality","neither test rejects in any seed",3,0,0,0,1,0.396198099049525,1,
"inflect_ward_k44",31,99969,"CD1c","no_detected_multimodality","neither test rejects in any seed",3,0,0,0,1,0.827595615989813,1,"stratified_5_percent_pass_audit"
"inflect_ward_k44",31,99969,"CD21","no_detected_multimodality","neither test rejects in any seed",3,0,0,0,1,0.584842421210605,1,"stratified_5_percent_pass_audit"
"inflect_ward_k44",31,99969,"CD25","no_detected_multimodality","neither test rejects in any seed",3,0,0,0,1,0.455627813906953,1,
"inflect_ward_k44",31,99969,"CD27","detected_multimodality","both tests reject in at least two seeds",3,3,3,3,1.822234762483e-05,0,1,"detected_multimodality"
"inflect_ward_k44",31,99969,"CD294_CRTH2","no_detected_multimodality","neither test rejects in any seed",3,0,0,0,1,0.135067533766883,1,"stratified_5_percent_pass_audit"
"inflect_ward_k44",31,99969,"CD3","ambiguous","discordant_tests;seed_instability;borderline_q",3,0,0,1,1,0.0489619809904952,1,"ambiguous"
"inflect_ward_k44",31,99969,"CD303_TCRvd2","no_detected_multimodality","neither test rejects in any seed",3,0,0,0,1,0.455627813906953,1,
"inflect_ward_k44",31,99969,"CD38","no_detected_multimodality","neither test rejects in any seed",3,0,0,0,1,0.584842421210605,1,
"inflect_ward_k44",31,99969,"CD4","no_detected_multimodality","neither test rejects in any seed",3,0,0,0,1,0.125612806403202,1,
"inflect_ward_k44",31,99969,"CD45RA","detected_multimodality","both tests reject in at least two seeds",3,3,3,3,0,0,1,"detected_multimodality"
"inflect_ward_k44",31,99969,"CD56","detected_multimodality","both tests reject in at least two seeds",3,3,3,3,0.00234712026647976,0,1,"detected_multimodality"
"inflect_ward_k44",31,99969,"CD57","ambiguous","discordant_tests",3,0,0,3,1,0,1,"ambiguous"
"inflect_ward_k44",31,99969,"CD7","no_detected_multimodality","neither test rejects in any seed",3,0,0,0,1,0.443471735867934,1,
"inflect_ward_k44",31,99969,"CD8","no_detected_multimodality","neither test rejects in any seed",3,0,0,0,1,0.584842421210605,1,
"inflect_ward_k44",31,99969,"FoxP3","no_detected_multimodality","neither test rejects in any seed",3,0,0,0,1,0.890271222567806,1,
"inflect_ward_k44",31,99969,"HLA-DR","no_detected_multimodality","neither test rejects in any seed",3,0,0,0,1,0.241620810405203,1,
"inflect_ward_k44",31,99969,"Tbet","detected_multimodality","both tests reject in at least two seeds",3,3,3,3,0.000903069887151386,0,1,"detected_multimodality"
"inflect_ward_k44",31,99969,"TCRgd_CD141","no_detected_multimodality","neither test rejects in any seed",3,0,0,0,1,0.455627813906953,1,
"inflect_ward_k44",32,1298228,"CD11c","no_detected_multimodality","neither test rejects in any seed",3,0,0,0,0.999935718221026,0.590141224458383,4,
"inflect_ward_k44",32,1298228,"CD127","no_detected_multimodality","neither test rejects in any seed",3,0,0,0,0.999935718221026,0.472736368184092,4,
"inflect_ward_k44",32,1298228,"CD14","no_detected_multimodality","neither test rejects in any seed",3,0,0,0,0.999935718221026,0.590141224458383,4,
"inflect_ward_k44",32,1298228,"CD159c_NKG2C","no_detected_multimodality","neither test rejects in any seed",3,0,0,0,0.999935718221026,0.910955477738869,4,
"inflect_ward_k44",32,1298228,"CD16","no_detected_multimodality","neither test rejects in any seed",3,0,0,0,0.999935718221026,0.708139784177803,4,
"inflect_ward_k44",32,1298228,"CD161","no_detected_multimodality","neither test rejects in any seed",3,0,0,0,0.999935718221026,0.910955477738869,4,
"inflect_ward_k44",32,1298228,"CD185_CXCR5","detected_multimodality","both tests reject in at least two seeds",3,2,2,3,0,0,4,"detected_multimodality"
"inflect_ward_k44",32,1298228,"CD19","ambiguous","discordant_tests",3,0,0,3,0.214207544524189,0,4,"ambiguous"
"inflect_ward_k44",32,1298228,"CD197_CCR7","no_detected_multimodality","neither test rejects in any seed",3,0,0,0,0.999935718221026,0.41099120989066,4,
"inflect_ward_k44",32,1298228,"CD1c","no_detected_multimodality","neither test rejects in any seed",3,0,0,0,0.999935718221026,0.590141224458383,4,
"inflect_ward_k44",32,1298228,"CD21","detected_multimodality","both tests reject in at least two seeds",3,3,3,3,0,0,4,"detected_multimodality"
"inflect_ward_k44",32,1298228,"CD25","no_detected_multimodality","neither test rejects in any seed",3,0,0,0,0.999935718221026,0.910955477738869,4,"stratified_5_percent_pass_audit"
"inflect_ward_k44",32,1298228,"CD27","no_detected_multimodality","neither test rejects in any seed",3,0,0,0,0.999935718221026,0.563906953476738,4,
"inflect_ward_k44",32,1298228,"CD294_CRTH2","no_detected_multimodality","neither test rejects in any seed",3,0,0,0,0.999935718221026,0.326863431715858,4,
"inflect_ward_k44",32,1298228,"CD3","no_detected_multimodality","neither test rejects in any seed",3,0,0,0,0.999935718221026,0.910955477738869,4,
"inflect_ward_k44",32,1298228,"CD303_TCRvd2","no_detected_multimodality","neither test rejects in any seed",3,0,0,0,0.999935718221026,0.910955477738869,4,
"inflect_ward_k44",32,1298228,"CD38","no_detected_multimodality","neither test rejects in any seed",3,0,0,0,0.999935718221026,0.310655327663832,4,"stratified_5_percent_pass_audit"
"inflect_ward_k44",32,1298228,"CD4","no_detected_multimodality","neither test rejects in any seed",3,0,0,0,0.999935718221026,0.708139784177803,4,
"inflect_ward_k44",32,1298228,"CD45RA","no_detected_multimodality","neither test rejects in any seed",3,0,0,0,0.999935718221026,0.128314157078539,4,
"inflect_ward_k44",32,1298228,"CD56","no_detected_multimodality","neither test rejects in any seed",3,0,0,0,0.999935718221026,0.719234617308654,4,
"inflect_ward_k44",32,1298228,"CD57","no_detected_multimodality","neither test rejects in any seed",3,0,0,0,0.999935718221026,0.590141224458383,4,"stratified_5_percent_pass_audit"
"inflect_ward_k44",32,1298228,"CD7","no_detected_multimodality","neither test rejects in any seed",3,0,0,0,0.999935718221026,0.808154077038519,4,"stratified_5_percent_pass_audit"
"inflect_ward_k44",32,1298228,"CD8","no_detected_multimodality","neither test rejects in any seed",3,0,0,0,0.999935718221026,0.398449224612306,4,
"inflect_ward_k44",32,1298228,"FoxP3","no_detected_multimodality","neither test rejects in any seed",3,0,0,0,0.999935718221026,0.770785392696348,4,
"inflect_ward_k44",32,1298228,"HLA-DR","no_detected_multimodality","neither test rejects in any seed",3,0,0,0,0.999935718221026,0.590141224458383,4,
"inflect_ward_k44",32,1298228,"Tbet","no_detected_multimodality","neither test rejects in any seed",3,0,0,0,0.999935718221026,0.910955477738869,4,
"inflect_ward_k44",32,1298228,"TCRgd_CD141","no_detected_multimodality","neither test rejects in any seed",3,0,0,0,0.999935718221026,0.590141224458383,4,
"inflect_ward_k44",33,4272277,"CD11c","no_detected_multimodality","neither test rejects in any seed",3,0,0,0,0.998800049264925,0.803651825912956,4,
"inflect_ward_k44",33,4272277,"CD127","ambiguous","discordant_tests;seed_instability",3,0,0,1,0.998800049264925,0,4,"ambiguous"
"inflect_ward_k44",33,4272277,"CD14","no_detected_multimodality","neither test rejects in any seed",3,0,0,0,0.998800049264925,0.875483196143526,4,"stratified_5_percent_pass_audit"
"inflect_ward_k44",33,4272277,"CD159c_NKG2C","no_detected_multimodality","neither test rejects in any seed",3,0,0,0,0.998800049264925,0.731053026513257,4,
"inflect_ward_k44",33,4272277,"CD16","no_detected_multimodality","neither test rejects in any seed",3,0,0,0,0.998800049264925,0.81175587793897,4,
"inflect_ward_k44",33,4272277,"CD161","no_detected_multimodality","neither test rejects in any seed",3,0,0,0,0.998800049264925,0.803651825912956,4,
"inflect_ward_k44",33,4272277,"CD185_CXCR5","no_detected_multimodality","neither test rejects in any seed",3,0,0,0,0.998800049264925,0.584167083541771,4,
"inflect_ward_k44",33,4272277,"CD19","no_detected_multimodality","neither test rejects in any seed",3,0,0,0,0.998800049264925,0.81175587793897,4,"stratified_5_percent_pass_audit"
"inflect_ward_k44",33,4272277,"CD197_CCR7","detected_multimodality","both tests reject in at least two seeds",3,3,3,3,0,0,4,"detected_multimodality"
"inflect_ward_k44",33,4272277,"CD1c","no_detected_multimodality","neither test rejects in any seed",3,0,0,0,0.998800049264925,0.875483196143526,4,
"inflect_ward_k44",33,4272277,"CD21","no_detected_multimodality","neither test rejects in any seed",3,0,0,0,0.998800049264925,0.87586100742679,4,
"inflect_ward_k44",33,4272277,"CD25","no_detected_multimodality","neither test rejects in any seed",3,0,0,0,0.998800049264925,0.837418709354677,4,
"inflect_ward_k44",33,4272277,"CD27","no_detected_multimodality","neither test rejects in any seed",3,0,0,0,0.998800049264925,0.515186164510827,4,
"inflect_ward_k44",33,4272277,"CD294_CRTH2","no_detected_multimodality","neither test rejects in any seed",3,0,0,0,0.998800049264925,0.515186164510827,4,
"inflect_ward_k44",33,4272277,"CD3","no_detected_multimodality","neither test rejects in any seed",3,0,0,0,0.998800049264925,0.515186164510827,4,
"inflect_ward_k44",33,4272277,"CD303_TCRvd2","no_detected_multimodality","neither test rejects in any seed",3,0,0,0,0.998800049264925,0.875483196143526,4,
"inflect_ward_k44",33,4272277,"CD38","no_detected_multimodality","neither test rejects in any seed",3,0,0,0,0.998800049264925,0.875483196143526,4,
"inflect_ward_k44",33,4272277,"CD4","no_detected_multimodality","neither test rejects in any seed",3,0,0,0,0.998800049264925,0.139569784892446,4,
"inflect_ward_k44",33,4272277,"CD45RA","detected_multimodality","both tests reject in at least two seeds",3,3,3,3,0,0,4,"detected_multimodality"
"inflect_ward_k44",33,4272277,"CD56","no_detected_multimodality","neither test rejects in any seed",3,0,0,0,0.998800049264925,0.87586100742679,4,"stratified_5_percent_pass_audit"
"inflect_ward_k44",33,4272277,"CD57","no_detected_multimodality","neither test rejects in any seed",3,0,0,0,0.998800049264925,0.875483196143526,4,
"inflect_ward_k44",33,4272277,"CD7","no_detected_multimodality","neither test rejects in any seed",3,0,0,0,0.998800049264925,0.731053026513257,4,
"inflect_ward_k44",33,4272277,"CD8","no_detected_multimodality","neither test rejects in any seed",3,0,0,0,0.998800049264925,0.87586100742679,4,"stratified_5_percent_pass_audit"
"inflect_ward_k44",33,4272277,"FoxP3","no_detected_multimodality","neither test rejects in any seed",3,0,0,0,0.998800049264925,0.731053026513257,4,"stratified_5_percent_pass_audit"
"inflect_ward_k44",33,4272277,"HLA-DR","no_detected_multimodality","neither test rejects in any seed",3,0,0,0,0.998800049264925,0.515186164510827,4,
"inflect_ward_k44",33,4272277,"Tbet","no_detected_multimodality","neither test rejects in any seed",3,0,0,0,0.998800049264925,0.638194097048524,4,
"inflect_ward_k44",33,4272277,"TCRgd_CD141","ambiguous","discordant_tests;seed_instability",3,0,0,1,0.998800049264925,0.0225112556278139,4,"ambiguous"
"inflect_ward_k44",34,413636,"CD11c","ambiguous","borderline_q",3,0,0,0,1,0.0945472736368184,3,"ambiguous"
"inflect_ward_k44",34,413636,"CD127","no_detected_multimodality","neither test rejects in any seed",3,0,0,0,1,0.135067533766883,3,
"inflect_ward_k44",34,413636,"CD14","no_detected_multimodality","neither test rejects in any seed",3,0,0,0,1,0.878733484389253,3,
"inflect_ward_k44",34,413636,"CD159c_NKG2C","no_detected_multimodality","neither test rejects in any seed",3,0,0,0,1,0.65218323447438,3,
"inflect_ward_k44",34,413636,"CD16","no_detected_multimodality","neither test rejects in any seed",3,0,0,0,1,0.175587793896948,3,
"inflect_ward_k44",34,413636,"CD161","no_detected_multimodality","neither test rejects in any seed",3,0,0,0,1,0.859929964982491,3,
"inflect_ward_k44",34,413636,"CD185_CXCR5","no_detected_multimodality","neither test rejects in any seed",3,0,0,0,1,0.686143071535768,3,
"inflect_ward_k44",34,413636,"CD19","no_detected_multimodality","neither test rejects in any seed",3,0,0,0,1,0.655077538769385,3,
"inflect_ward_k44",34,413636,"CD197_CCR7","no_detected_multimodality","neither test rejects in any seed",3,0,0,0,1,0.387836775530622,3,
"inflect_ward_k44",34,413636,"CD1c","no_detected_multimodality","neither test rejects in any seed",3,0,0,0,1,0.762517622447587,3,
"inflect_ward_k44",34,413636,"CD21","no_detected_multimodality","neither test rejects in any seed",3,0,0,0,1,0.135067533766883,3,
"inflect_ward_k44",34,413636,"CD25","no_detected_multimodality","neither test rejects in any seed",3,0,0,0,1,0.297148574287144,3,
"inflect_ward_k44",34,413636,"CD27","ambiguous","borderline_q",3,0,0,0,1,0.0675337668834417,3,"ambiguous"
"inflect_ward_k44",34,413636,"CD294_CRTH2","no_detected_multimodality","neither test rejects in any seed",3,0,0,0,1,0.762517622447587,3,
"inflect_ward_k44",34,413636,"CD3","no_detected_multimodality","neither test rejects in any seed",3,0,0,0,1,0.697848924462231,3,
"inflect_ward_k44",34,413636,"CD303_TCRvd2","no_detected_multimodality","neither test rejects in any seed",3,0,0,0,1,0.762517622447587,3,
"inflect_ward_k44",34,413636,"CD38","no_detected_multimodality","neither test rejects in any seed",3,0,0,0,1,0.762517622447587,3,
"inflect_ward_k44",34,413636,"CD4","no_detected_multimodality","neither test rejects in any seed",3,0,0,0,1,0.762517622447587,3,
"inflect_ward_k44",34,413636,"CD45RA","no_detected_multimodality","neither test rejects in any seed",3,0,0,0,1,0.597298649324662,3,
"inflect_ward_k44",34,413636,"CD56","no_detected_multimodality","neither test rejects in any seed",3,0,0,0,1,0.438969484742371,3,
"inflect_ward_k44",34,413636,"CD57","no_detected_multimodality","neither test rejects in any seed",3,0,0,0,1,0.6024012006003,3,
"inflect_ward_k44",34,413636,"CD7","no_detected_multimodality","neither test rejects in any seed",3,0,0,0,1,0.877938969484742,3,
"inflect_ward_k44",34,413636,"CD8","no_detected_multimodality","neither test rejects in any seed",3,0,0,0,1,0.762517622447587,3,
"inflect_ward_k44",34,413636,"FoxP3","no_detected_multimodality","neither test rejects in any seed",3,0,0,0,1,0.371435717858929,3,
"inflect_ward_k44",34,413636,"HLA-DR","no_detected_multimodality","neither test rejects in any seed",3,0,0,0,1,0.762517622447587,3,
"inflect_ward_k44",34,413636,"Tbet","no_detected_multimodality","neither test rejects in any seed",3,0,0,0,1,0.175587793896948,3,
"inflect_ward_k44",34,413636,"TCRgd_CD141","no_detected_multimodality","neither test rejects in any seed",3,0,0,0,1,0.6024012006003,3,
"inflect_ward_k44",35,2887542,"CD11c","no_detected_multimodality","neither test rejects in any seed",3,0,0,0,0.999891156957746,0.846013916048934,4,
"inflect_ward_k44",35,2887542,"CD127","no_detected_multimodality","neither test rejects in any seed",3,0,0,0,0.999891156957746,0.669934967483742,4,
"inflect_ward_k44",35,2887542,"CD14","no_detected_multimodality","neither test rejects in any seed",3,0,0,0,0.999891156957746,0.846013916048934,4,
"inflect_ward_k44",35,2887542,"CD159c_NKG2C","no_detected_multimodality","neither test rejects in any seed",3,0,0,0,0.999891156957746,0.782041020510255,4,
"inflect_ward_k44",35,2887542,"CD16","no_detected_multimodality","neither test rejects in any seed",3,0,0,0,0.999891156957746,0.297148574287144,4,
"inflect_ward_k44",35,2887542,"CD161","detected_multimodality","both tests reject in at least two seeds",3,2,2,2,0.00295534841977391,0,4,"detected_multimodality"
"inflect_ward_k44",35,2887542,"CD185_CXCR5","no_detected_multimodality","neither test rejects in any seed",3,0,0,0,0.999891156957746,0.878526219631555,4,
"inflect_ward_k44",35,2887542,"CD19","ambiguous","discordant_tests;seed_instability",3,0,0,1,0.999891156957746,0.0135067533766883,4,"ambiguous"
"inflect_ward_k44",35,2887542,"CD197_CCR7","no_detected_multimodality","neither test rejects in any seed",3,0,0,0,0.999891156957746,0.222861430715358,4,
"inflect_ward_k44",35,2887542,"CD1c","no_detected_multimodality","neither test rejects in any seed",3,0,0,0,0.999891156957746,0.1935967983992,4,
"inflect_ward_k44",35,2887542,"CD21","no_detected_multimodality","neither test rejects in any seed",3,0,0,0,0.999891156957746,0.782041020510255,4,
"inflect_ward_k44",35,2887542,"CD25","no_detected_multimodality","neither test rejects in any seed",3,0,0,0,0.999891156957746,0.846013916048934,4,
"inflect_ward_k44",35,2887542,"CD27","detected_multimodality","both tests reject in at least two seeds",3,3,3,3,0,0,4,"detected_multimodality"
"inflect_ward_k44",35,2887542,"CD294_CRTH2","no_detected_multimodality","neither test rejects in any seed",3,0,0,0,0.999891156957746,0.70480694892901,4,
"inflect_ward_k44",35,2887542,"CD3","no_detected_multimodality","neither test rejects in any seed",3,0,0,0,0.999891156957746,0.878526219631555,4,
"inflect_ward_k44",35,2887542,"CD303_TCRvd2","no_detected_multimodality","neither test rejects in any seed",3,0,0,0,0.999891156957746,0.850925462731366,4,
"inflect_ward_k44",35,2887542,"CD38","no_detected_multimodality","neither test rejects in any seed",3,0,0,0,0.999891156957746,0.846013916048934,4,
"inflect_ward_k44",35,2887542,"CD4","no_detected_multimodality","neither test rejects in any seed",3,0,0,0,0.999891156957746,0.846013916048934,4,
"inflect_ward_k44",35,2887542,"CD45RA","no_detected_multimodality","neither test rejects in any seed",3,0,0,0,0.999891156957746,0.782041020510255,4,
"inflect_ward_k44",35,2887542,"CD56","no_detected_multimodality","neither test rejects in any seed",3,0,0,0,0.999891156957746,0.488494247123562,4,
"inflect_ward_k44",35,2887542,"CD57","no_detected_multimodality","neither test rejects in any seed",3,0,0,0,0.999891156957746,0.128314157078539,4,
"inflect_ward_k44",35,2887542,"CD7","ambiguous","seed_instability",3,1,1,1,0.0413911300584802,0,4,"ambiguous"
"inflect_ward_k44",35,2887542,"CD8","no_detected_multimodality","neither test rejects in any seed",3,0,0,0,0.999891156957746,0.846013916048934,4,
"inflect_ward_k44",35,2887542,"FoxP3","no_detected_multimodality","neither test rejects in any seed",3,0,0,0,0.999891156957746,0.846013916048934,4,
"inflect_ward_k44",35,2887542,"HLA-DR","no_detected_multimodality","neither test rejects in any seed",3,0,0,0,0.999891156957746,0.484313585364111,4,
"inflect_ward_k44",35,2887542,"Tbet","no_detected_multimodality","neither test rejects in any seed",3,0,0,0,0.999891156957746,0.666895947973987,4,
"inflect_ward_k44",35,2887542,"TCRgd_CD141","no_detected_multimodality","neither test rejects in any seed",3,0,0,0,0.999891156957746,0.559565497034231,4,
"inflect_ward_k44",36,217883,"CD11c","ambiguous","discordant_tests;seed_instability",3,0,0,2,0.999526169713075,0.00270135067533767,2,"ambiguous"
"inflect_ward_k44",36,217883,"CD127","no_detected_multimodality","neither test rejects in any seed",3,0,0,0,0.999526169713075,0.784517258629315,2,
"inflect_ward_k44",36,217883,"CD14","detected_multimodality","both tests reject in at least two seeds",3,3,3,3,0,0,2,"detected_multimodality"
"inflect_ward_k44",36,217883,"CD159c_NKG2C","no_detected_multimodality","neither test rejects in any seed",3,0,0,0,0.999526169713075,0.579102051025513,2,
"inflect_ward_k44",36,217883,"CD16","no_detected_multimodality","neither test rejects in any seed",3,0,0,0,0.999526169713075,0.71248124062031,2,
"inflect_ward_k44",36,217883,"CD161","no_detected_multimodality","neither test rejects in any seed",3,0,0,0,0.999526169713075,0.336168084042021,2,
"inflect_ward_k44",36,217883,"CD185_CXCR5","no_detected_multimodality","neither test rejects in any seed",3,0,0,0,0.999526169713075,0.29883691845923,2,
"inflect_ward_k44",36,217883,"CD19","no_detected_multimodality","neither test rejects in any seed",3,0,0,0,0.999526169713075,0.8927963981991,2,
"inflect_ward_k44",36,217883,"CD197_CCR7","no_detected_multimodality","neither test rejects in any seed",3,0,0,0,0.999526169713075,0.144072036018009,2,
"inflect_ward_k44",36,217883,"CD1c","detected_multimodality","both tests reject in at least two seeds",3,3,3,3,0,0,2,"detected_multimodality"
"inflect_ward_k44",36,217883,"CD21","no_detected_multimodality","neither test rejects in any seed",3,0,0,0,0.999526169713075,0.71248124062031,2,
"inflect_ward_k44",36,217883,"CD25","no_detected_multimodality","neither test rejects in any seed",3,0,0,0,0.999526169713075,0.784517258629315,2,
"inflect_ward_k44",36,217883,"CD27","no_detected_multimodality","neither test rejects in any seed",3,0,0,0,0.999526169713075,0.71248124062031,2,
"inflect_ward_k44",36,217883,"CD294_CRTH2","no_detected_multimodality","neither test rejects in any seed",3,0,0,0,0.999526169713075,0.29883691845923,2,
"inflect_ward_k44",36,217883,"CD3","no_detected_multimodality","neither test rejects in any seed",3,0,0,0,0.999526169713075,0.211043021510755,2,
"inflect_ward_k44",36,217883,"CD303_TCRvd2","no_detected_multimodality","neither test rejects in any seed",3,0,0,0,0.999526169713075,0.900128635746445,2,
"inflect_ward_k44",36,217883,"CD38","no_detected_multimodality","neither test rejects in any seed",3,0,0,0,0.999526169713075,0.264346458943758,2,
"inflect_ward_k44",36,217883,"CD4","no_detected_multimodality","neither test rejects in any seed",3,0,0,0,0.999526169713075,0.71248124062031,2,
"inflect_ward_k44",36,217883,"CD45RA","no_detected_multimodality","neither test rejects in any seed",3,0,0,0,0.999526169713075,0.211043021510755,2,"stratified_5_percent_pass_audit"
"inflect_ward_k44",36,217883,"CD56","no_detected_multimodality","neither test rejects in any seed",3,0,0,0,0.999526169713075,0.101300650325163,2,
"inflect_ward_k44",36,217883,"CD57","no_detected_multimodality","neither test rejects in any seed",3,0,0,0,0.999526169713075,0.71248124062031,2,
"inflect_ward_k44",36,217883,"CD7","no_detected_multimodality","neither test rejects in any seed",3,0,0,0,0.999526169713075,0.840262236381349,2,
"inflect_ward_k44",36,217883,"CD8","no_detected_multimodality","neither test rejects in any seed",3,0,0,0,0.999526169713075,0.71248124062031,2,
"inflect_ward_k44",36,217883,"FoxP3","no_detected_multimodality","neither test rejects in any seed",3,0,0,0,0.999526169713075,0.784517258629315,2,
"inflect_ward_k44",36,217883,"HLA-DR","detected_multimodality","both tests reject in at least two seeds",3,3,3,3,0,0,2,"detected_multimodality"
"inflect_ward_k44",36,217883,"Tbet","no_detected_multimodality","neither test rejects in any seed",3,0,0,0,0.999526169713075,0.896591152719217,2,
"inflect_ward_k44",36,217883,"TCRgd_CD141","detected_multimodality","both tests reject in at least two seeds",3,3,3,3,0,0,2,"detected_multimodality"
"inflect_ward_k44",37,170897,"CD11c","no_detected_multimodality","neither test rejects in any seed",3,0,0,0,0.998487067059999,0.742871435717859,2,
"inflect_ward_k44",37,170897,"CD127","no_detected_multimodality","neither test rejects in any seed",3,0,0,0,0.998487067059999,0.676838419209605,2,
"inflect_ward_k44",37,170897,"CD14","no_detected_multimodality","neither test rejects in any seed",3,0,0,0,0.998487067059999,0.676838419209605,2,
"inflect_ward_k44",37,170897,"CD159c_NKG2C","no_detected_multimodality","neither test rejects in any seed",3,0,0,0,0.998487067059999,0.676838419209605,2,
"inflect_ward_k44",37,170897,"CD16","no_detected_multimodality","neither test rejects in any seed",3,0,0,0,0.998487067059999,0.876711082814134,2,
"inflect_ward_k44",37,170897,"CD161","no_detected_multimodality","neither test rejects in any seed",3,0,0,0,0.998487067059999,0.63144072036018,2,
"inflect_ward_k44",37,170897,"CD185_CXCR5","no_detected_multimodality","neither test rejects in any seed",3,0,0,0,0.998487067059999,0.676838419209605,2,
"inflect_ward_k44",37,170897,"CD19","no_detected_multimodality","neither test rejects in any seed",3,0,0,0,0.998487067059999,0.885502751375688,2,
"inflect_ward_k44",37,170897,"CD197_CCR7","no_detected_multimodality","neither test rejects in any seed",3,0,0,0,0.998487067059999,0.547023511755878,2,
"inflect_ward_k44",37,170897,"CD1c","no_detected_multimodality","neither test rejects in any seed",3,0,0,0,0.998487067059999,0.216108054027013,2,
"inflect_ward_k44",37,170897,"CD21","no_detected_multimodality","neither test rejects in any seed",3,0,0,0,0.998487067059999,0.742871435717859,2,
"inflect_ward_k44",37,170897,"CD25","no_detected_multimodality","neither test rejects in any seed",3,0,0,0,0.998487067059999,0.919959979989995,2,
"inflect_ward_k44",37,170897,"CD27","no_detected_multimodality","neither test rejects in any seed",3,0,0,0,0.998487067059999,0.742871435717859,2,
"inflect_ward_k44",37,170897,"CD294_CRTH2","no_detected_multimodality","neither test rejects in any seed",3,0,0,0,0.998487067059999,0.876711082814134,2,
"inflect_ward_k44",37,170897,"CD3","no_detected_multimodality","neither test rejects in any seed",3,0,0,0,0.998487067059999,0.742871435717859,2,"stratified_5_percent_pass_audit"
"inflect_ward_k44",37,170897,"CD303_TCRvd2","no_detected_multimodality","neither test rejects in any seed",3,0,0,0,0.998487067059999,0.885502751375688,2,
"inflect_ward_k44",37,170897,"CD38","no_detected_multimodality","neither test rejects in any seed",3,0,0,0,0.998487067059999,0.589794897448724,2,
"inflect_ward_k44",37,170897,"CD4","no_detected_multimodality","neither test rejects in any seed",3,0,0,0,0.998487067059999,0.676838419209605,2,
"inflect_ward_k44",37,170897,"CD45RA","no_detected_multimodality","neither test rejects in any seed",3,0,0,0,0.998487067059999,0.667233616808404,2,
"inflect_ward_k44",37,170897,"CD56","no_detected_multimodality","neither test rejects in any seed",3,0,0,0,0.998487067059999,0.885502751375688,2,
"inflect_ward_k44",37,170897,"CD57","no_detected_multimodality","neither test rejects in any seed",3,0,0,0,0.998487067059999,0.676838419209605,2,
"inflect_ward_k44",37,170897,"CD7","no_detected_multimodality","neither test rejects in any seed",3,0,0,0,0.998487067059999,0.876711082814134,2,
"inflect_ward_k44",37,170897,"CD8","no_detected_multimodality","neither test rejects in any seed",3,0,0,0,0.998487067059999,0.676838419209605,2,
"inflect_ward_k44",37,170897,"FoxP3","no_detected_multimodality","neither test rejects in any seed",3,0,0,0,0.998487067059999,0.676838419209605,2,
"inflect_ward_k44",37,170897,"HLA-DR","no_detected_multimodality","neither test rejects in any seed",3,0,0,0,0.998487067059999,0.676838419209605,2,
"inflect_ward_k44",37,170897,"Tbet","no_detected_multimodality","neither test rejects in any seed",3,0,0,0,0.998487067059999,0.742871435717859,2,
"inflect_ward_k44",37,170897,"TCRgd_CD141","no_detected_multimodality","neither test rejects in any seed",3,0,0,0,0.998487067059999,0.876711082814134,2,
"inflect_ward_k44",38,880759,"CD11c","detected_multimodality","both tests reject in at least two seeds",3,3,3,3,0,0,4,"detected_multimodality"
"inflect_ward_k44",38,880759,"CD127","ambiguous","borderline_q",3,0,0,0,1,0.088544272136068,4,"ambiguous"
"inflect_ward_k44",38,880759,"CD14","detected_multimodality","both tests reject in at least two seeds",3,3,3,3,0,0,4,"detected_multimodality"
"inflect_ward_k44",38,880759,"CD159c_NKG2C","no_detected_multimodality","neither test rejects in any seed",3,0,0,0,1,0.170185092546273,4,
"inflect_ward_k44",38,880759,"CD16","no_detected_multimodality","neither test rejects in any seed",3,0,0,0,1,0.141820910455228,4,
"inflect_ward_k44",38,880759,"CD161","no_detected_multimodality","neither test rejects in any seed",3,0,0,0,1,0.213652280685797,4,
"inflect_ward_k44",38,880759,"CD185_CXCR5","no_detected_multimodality","neither test rejects in any seed",3,0,0,0,1,0.759079539769885,4,
"inflect_ward_k44",38,880759,"CD19","no_detected_multimodality","neither test rejects in any seed",3,0,0,0,1,0.292646323161581,4,
"inflect_ward_k44",38,880759,"CD197_CCR7","no_detected_multimodality","neither test rejects in any seed",3,0,0,0,1,0.287500893303795,4,"stratified_5_percent_pass_audit"
"inflect_ward_k44",38,880759,"CD1c","detected_multimodality","both tests reject in at least two seeds",3,3,3,3,0.00122653231751566,0,4,"detected_multimodality"
"inflect_ward_k44",38,880759,"CD21","no_detected_multimodality","neither test rejects in any seed",3,0,0,0,1,0.827851425712856,4,
"inflect_ward_k44",38,880759,"CD25","no_detected_multimodality","neither test rejects in any seed",3,0,0,0,1,0.213652280685797,4,
"inflect_ward_k44",38,880759,"CD27","no_detected_multimodality","neither test rejects in any seed",3,0,0,0,1,0.759079539769885,4,"stratified_5_percent_pass_audit"
"inflect_ward_k44",38,880759,"CD294_CRTH2","no_detected_multimodality","neither test rejects in any seed",3,0,0,0,1,0.170185092546273,4,
"inflect_ward_k44",38,880759,"CD3","no_detected_multimodality","neither test rejects in any seed",3,0,0,0,1,0.953265094085504,4,"stratified_5_percent_pass_audit"
"inflect_ward_k44",38,880759,"CD303_TCRvd2","detected_multimodality","both tests reject in at least two seeds",3,3,3,3,5.97074392247876e-05,0,4,"detected_multimodality"
"inflect_ward_k44",38,880759,"CD38","no_detected_multimodality","neither test rejects in any seed",3,0,0,0,1,0.503608947330808,4,
"inflect_ward_k44",38,880759,"CD4","ambiguous","discordant_tests;seed_instability;borderline_q",3,0,0,1,1,0.0219484742371186,4,"ambiguous"
"inflect_ward_k44",38,880759,"CD45RA","ambiguous","discordant_tests",3,0,0,3,1,0,4,"ambiguous"
"inflect_ward_k44",38,880759,"CD56","no_detected_multimodality","neither test rejects in any seed",3,0,0,0,1,0.606959729864933,4,
"inflect_ward_k44",38,880759,"CD57","no_detected_multimodality","neither test rejects in any seed",3,0,0,0,1,0.827851425712856,4,
"inflect_ward_k44",38,880759,"CD7","no_detected_multimodality","neither test rejects in any seed",3,0,0,0,1,0.284869707581063,4,
"inflect_ward_k44",38,880759,"CD8","no_detected_multimodality","neither test rejects in any seed",3,0,0,0,1,0.615749050996086,4,
"inflect_ward_k44",38,880759,"FoxP3","no_detected_multimodality","neither test rejects in any seed",3,0,0,0,1,0.287500893303795,4,
"inflect_ward_k44",38,880759,"HLA-DR","ambiguous","discordant_tests",3,0,0,3,0.294240716029449,0.0135067533766883,4,"ambiguous"
"inflect_ward_k44",38,880759,"Tbet","no_detected_multimodality","neither test rejects in any seed",3,0,0,0,1,0.759079539769885,4,"stratified_5_percent_pass_audit"
"inflect_ward_k44",38,880759,"TCRgd_CD141","ambiguous","discordant_tests;seed_instability;borderline_q",3,1,1,3,0.0264790710240379,0,4,"ambiguous"
"inflect_ward_k44",39,4350638,"CD11c","no_detected_multimodality","neither test rejects in any seed",3,0,0,0,1,0.48624312156078,4,
"inflect_ward_k44",39,4350638,"CD127","no_detected_multimodality","neither test rejects in any seed",3,0,0,0,1,0.9556028014007,4,
"inflect_ward_k44",39,4350638,"CD14","no_detected_multimodality","neither test rejects in any seed",3,0,0,0,1,0.964174394889753,4,
"inflect_ward_k44",39,4350638,"CD159c_NKG2C","no_detected_multimodality","neither test rejects in any seed",3,0,0,0,1,0.858034280298044,4,
"inflect_ward_k44",39,4350638,"CD16","no_detected_multimodality","neither test rejects in any seed",3,0,0,0,1,0.81426427499464,4,
"inflect_ward_k44",39,4350638,"CD161","no_detected_multimodality","neither test rejects in any seed",3,0,0,0,1,0.858034280298044,4,
"inflect_ward_k44",39,4350638,"CD185_CXCR5","no_detected_multimodality","neither test rejects in any seed",3,0,0,0,1,0.805902951475738,4,
"inflect_ward_k44",39,4350638,"CD19","no_detected_multimodality","neither test rejects in any seed",3,0,0,0,1,0.48624312156078,4,
"inflect_ward_k44",39,4350638,"CD197_CCR7","no_detected_multimodality","neither test rejects in any seed",3,0,0,0,1,0.297148574287144,4,
"inflect_ward_k44",39,4350638,"CD1c","no_detected_multimodality","neither test rejects in any seed",3,0,0,0,1,0.81426427499464,4,
"inflect_ward_k44",39,4350638,"CD21","no_detected_multimodality","neither test rejects in any seed",3,0,0,0,1,0.904952476238119,4,
"inflect_ward_k44",39,4350638,"CD25","no_detected_multimodality","neither test rejects in any seed",3,0,0,0,1,0.81426427499464,4,
"inflect_ward_k44",39,4350638,"CD27","no_detected_multimodality","neither test rejects in any seed",3,0,0,0,1,0.904952476238119,4,
"inflect_ward_k44",39,4350638,"CD294_CRTH2","no_detected_multimodality","neither test rejects in any seed",3,0,0,0,1,0.805902951475738,4,
"inflect_ward_k44",39,4350638,"CD3","no_detected_multimodality","neither test rejects in any seed",3,0,0,0,1,0.805902951475738,4,
"inflect_ward_k44",39,4350638,"CD303_TCRvd2","no_detected_multimodality","neither test rejects in any seed",3,0,0,0,1,0.858034280298044,4,
"inflect_ward_k44",39,4350638,"CD38","no_detected_multimodality","neither test rejects in any seed",3,0,0,0,1,0.862406203101551,4,
"inflect_ward_k44",39,4350638,"CD4","no_detected_multimodality","neither test rejects in any seed",3,0,0,0,1,0.81426427499464,4,"stratified_5_percent_pass_audit"
"inflect_ward_k44",39,4350638,"CD45RA","no_detected_multimodality","neither test rejects in any seed",3,0,0,0,1,0.805902951475738,4,
"inflect_ward_k44",39,4350638,"CD56","no_detected_multimodality","neither test rejects in any seed",3,0,0,0,1,0.81426427499464,4,
"inflect_ward_k44",39,4350638,"CD57","no_detected_multimodality","neither test rejects in any seed",3,0,0,0,1,0.858034280298044,4,
"inflect_ward_k44",39,4350638,"CD7","no_detected_multimodality","neither test rejects in any seed",3,0,0,0,1,0.936828414207104,4,
"inflect_ward_k44",39,4350638,"CD8","no_detected_multimodality","neither test rejects in any seed",3,0,0,0,1,0.904952476238119,4,
"inflect_ward_k44",39,4350638,"FoxP3","no_detected_multimodality","neither test rejects in any seed",3,0,0,0,1,0.81426427499464,4,
"inflect_ward_k44",39,4350638,"HLA-DR","no_detected_multimodality","neither test rejects in any seed",3,0,0,0,1,0.81426427499464,4,
"inflect_ward_k44",39,4350638,"Tbet","no_detected_multimodality","neither test rejects in any seed",3,0,0,0,1,0.904952476238119,4,
"inflect_ward_k44",39,4350638,"TCRgd_CD141","no_detected_multimodality","neither test rejects in any seed",3,0,0,0,1,0.805902951475738,4,
"inflect_ward_k44",40,9068600,"CD11c","no_detected_multimodality","neither test rejects in any seed",3,0,0,0,1,0.616115750182784,4,"stratified_5_percent_pass_audit"
"inflect_ward_k44",40,9068600,"CD127","no_detected_multimodality","neither test rejects in any seed",3,0,0,0,1,0.126063031515758,4,
"inflect_ward_k44",40,9068600,"CD14","no_detected_multimodality","neither test rejects in any seed",3,0,0,0,1,0.973525224150537,4,
"inflect_ward_k44",40,9068600,"CD159c_NKG2C","no_detected_multimodality","neither test rejects in any seed",3,0,0,0,1,0.818509254627314,4,
"inflect_ward_k44",40,9068600,"CD16","no_detected_multimodality","neither test rejects in any seed",3,0,0,0,1,0.699895402246578,4,
"inflect_ward_k44",40,9068600,"CD161","no_detected_multimodality","neither test rejects in any seed",3,0,0,0,1,0.616115750182784,4,
"inflect_ward_k44",40,9068600,"CD185_CXCR5","no_detected_multimodality","neither test rejects in any seed",3,0,0,0,1,0.616115750182784,4,
"inflect_ward_k44",40,9068600,"CD19","no_detected_multimodality","neither test rejects in any seed",3,0,0,0,1,0.403514257128564,4,
"inflect_ward_k44",40,9068600,"CD197_CCR7","detected_multimodality","both tests reject in at least two seeds",3,3,3,3,0,0,4,"detected_multimodality"
"inflect_ward_k44",40,9068600,"CD1c","no_detected_multimodality","neither test rejects in any seed",3,0,0,0,1,0.790145072536268,4,
"inflect_ward_k44",40,9068600,"CD21","no_detected_multimodality","neither test rejects in any seed",3,0,0,0,1,0.966858429214607,4,
"inflect_ward_k44",40,9068600,"CD25","no_detected_multimodality","neither test rejects in any seed",3,0,0,0,1,0.848576462144116,4,
"inflect_ward_k44",40,9068600,"CD27","detected_multimodality","both tests reject in at least two seeds",3,3,3,3,0,0,4,"detected_multimodality"
"inflect_ward_k44",40,9068600,"CD294_CRTH2","no_detected_multimodality","neither test rejects in any seed",3,0,0,0,1,0.364682341170585,4,"stratified_5_percent_pass_audit"
"inflect_ward_k44",40,9068600,"CD3","no_detected_multimodality","neither test rejects in any seed",3,0,0,0,1,0.462606303151576,4,
"inflect_ward_k44",40,9068600,"CD303_TCRvd2","no_detected_multimodality","neither test rejects in any seed",3,0,0,0,1,0.616115750182784,4,
"inflect_ward_k44",40,9068600,"CD38","no_detected_multimodality","neither test rejects in any seed",3,0,0,0,1,0.403514257128564,4,
"inflect_ward_k44",40,9068600,"CD4","no_detected_multimodality","neither test rejects in any seed",3,0,0,0,1,0.218809404702351,4,
"inflect_ward_k44",40,9068600,"CD45RA","ambiguous","discordant_tests;seed_instability",3,1,1,3,0.000279588000097641,0,4,"ambiguous"
"inflect_ward_k44",40,9068600,"CD56","no_detected_multimodality","neither test rejects in any seed",3,0,0,0,1,0.171728721503609,4,
"inflect_ward_k44",40,9068600,"CD57","no_detected_multimodality","neither test rejects in any seed",3,0,0,0,1,0.616115750182784,4,
"inflect_ward_k44",40,9068600,"CD7","detected_multimodality","both tests reject in at least two seeds",3,2,2,3,0.00068203090395047,0,4,"detected_multimodality"
"inflect_ward_k44",40,9068600,"CD8","no_detected_multimodality","neither test rejects in any seed",3,0,0,0,1,0.264732366183092,4,
"inflect_ward_k44",40,9068600,"FoxP3","no_detected_multimodality","neither test rejects in any seed",3,0,0,0,1,0.848576462144116,4,
"inflect_ward_k44",40,9068600,"HLA-DR","no_detected_multimodality","neither test rejects in any seed",3,0,0,0,1,0.332603801900951,4,
"inflect_ward_k44",40,9068600,"Tbet","no_detected_multimodality","neither test rejects in any seed",3,0,0,0,1,0.848576462144116,4,
"inflect_ward_k44",40,9068600,"TCRgd_CD141","no_detected_multimodality","neither test rejects in any seed",3,0,0,0,1,0.113456728364182,4,"stratified_5_percent_pass_audit"
"inflect_ward_k44",41,1028144,"CD11c","no_detected_multimodality","neither test rejects in any seed",3,0,0,0,1,0.945992226882672,4,
"inflect_ward_k44",41,1028144,"CD127","no_detected_multimodality","neither test rejects in any seed",3,0,0,0,1,0.694847423711856,4,
"inflect_ward_k44",41,1028144,"CD14","no_detected_multimodality","neither test rejects in any seed",3,0,0,0,1,0.741970985492746,4,
"inflect_ward_k44",41,1028144,"CD159c_NKG2C","no_detected_multimodality","neither test rejects in any seed",3,0,0,0,1,0.888069034517259,4,
"inflect_ward_k44",41,1028144,"CD16","no_detected_multimodality","neither test rejects in any seed",3,0,0,0,1,0.588894447223612,4,
"inflect_ward_k44",41,1028144,"CD161","no_detected_multimodality","neither test rejects in any seed",3,0,0,0,1,0.694847423711856,4,"stratified_5_percent_pass_audit"
"inflect_ward_k44",41,1028144,"CD185_CXCR5","no_detected_multimodality","neither test rejects in any seed",3,0,0,0,1,0.945992226882672,4,
"inflect_ward_k44",41,1028144,"CD19","no_detected_multimodality","neither test rejects in any seed",3,0,0,0,1,0.888069034517259,4,
"inflect_ward_k44",41,1028144,"CD197_CCR7","no_detected_multimodality","neither test rejects in any seed",3,0,0,0,1,0.840420210105053,4,
"inflect_ward_k44",41,1028144,"CD1c","no_detected_multimodality","neither test rejects in any seed",3,0,0,0,1,0.888069034517259,4,
"inflect_ward_k44",41,1028144,"CD21","no_detected_multimodality","neither test rejects in any seed",3,0,0,0,1,0.741970985492746,4,
"inflect_ward_k44",41,1028144,"CD25","ambiguous","discordant_tests;seed_instability",3,1,1,3,0.00349888648968349,0,4,"ambiguous"
"inflect_ward_k44",41,1028144,"CD27","no_detected_multimodality","neither test rejects in any seed",3,0,0,0,1,0.70339015661677,4,
"inflect_ward_k44",41,1028144,"CD294_CRTH2","no_detected_multimodality","neither test rejects in any seed",3,0,0,0,1,0.701000500250125,4,
"inflect_ward_k44",41,1028144,"CD3","no_detected_multimodality","neither test rejects in any seed",3,0,0,0,1,0.588894447223612,4,
"inflect_ward_k44",41,1028144,"CD303_TCRvd2","no_detected_multimodality","neither test rejects in any seed",3,0,0,0,1,0.694847423711856,4,
"inflect_ward_k44",41,1028144,"CD38","no_detected_multimodality","neither test rejects in any seed",3,0,0,0,1,0.945992226882672,4,
"inflect_ward_k44",41,1028144,"CD4","no_detected_multimodality","neither test rejects in any seed",3,0,0,0,1,0.815470235117559,4,
"inflect_ward_k44",41,1028144,"CD45RA","no_detected_multimodality","neither test rejects in any seed",3,0,0,0,1,0.694847423711856,4,
"inflect_ward_k44",41,1028144,"CD56","no_detected_multimodality","neither test rejects in any seed",3,0,0,0,1,0.853626813406703,4,
"inflect_ward_k44",41,1028144,"CD57","no_detected_multimodality","neither test rejects in any seed",3,0,0,0,1,0.588894447223612,4,
"inflect_ward_k44",41,1028144,"CD7","no_detected_multimodality","neither test rejects in any seed",3,0,0,0,1,0.70339015661677,4,
"inflect_ward_k44",41,1028144,"CD8","no_detected_multimodality","neither test rejects in any seed",3,0,0,0,1,0.70339015661677,4,
"inflect_ward_k44",41,1028144,"FoxP3","detected_multimodality","both tests reject in at least two seeds",3,3,3,3,2.36344294135549e-08,0,4,"detected_multimodality"
"inflect_ward_k44",41,1028144,"HLA-DR","no_detected_multimodality","neither test rejects in any seed",3,0,0,0,1,0.945992226882672,4,
"inflect_ward_k44",41,1028144,"Tbet","no_detected_multimodality","neither test rejects in any seed",3,0,0,0,1,0.945992226882672,4,
"inflect_ward_k44",41,1028144,"TCRgd_CD141","no_detected_multimodality","neither test rejects in any seed",3,0,0,0,1,0.840420210105053,4,
"inflect_ward_k44",42,0,"CD11c","unresolved_discrete","no_finite_values",0,0,0,0,,,1,
"inflect_ward_k44",42,0,"CD127","unresolved_discrete","no_finite_values",0,0,0,0,,,1,
"inflect_ward_k44",42,0,"CD14","unresolved_discrete","no_finite_values",0,0,0,0,,,1,
"inflect_ward_k44",42,0,"CD159c_NKG2C","unresolved_discrete","no_finite_values",0,0,0,0,,,1,
"inflect_ward_k44",42,0,"CD16","unresolved_discrete","no_finite_values",0,0,0,0,,,1,
"inflect_ward_k44",42,0,"CD161","unresolved_discrete","no_finite_values",0,0,0,0,,,1,
"inflect_ward_k44",42,0,"CD185_CXCR5","unresolved_discrete","no_finite_values",0,0,0,0,,,1,
"inflect_ward_k44",42,0,"CD19","unresolved_discrete","no_finite_values",0,0,0,0,,,1,
"inflect_ward_k44",42,0,"CD197_CCR7","unresolved_discrete","no_finite_values",0,0,0,0,,,1,
"inflect_ward_k44",42,0,"CD1c","unresolved_discrete","no_finite_values",0,0,0,0,,,1,
"inflect_ward_k44",42,0,"CD21","unresolved_discrete","no_finite_values",0,0,0,0,,,1,
"inflect_ward_k44",42,0,"CD25","unresolved_discrete","no_finite_values",0,0,0,0,,,1,
"inflect_ward_k44",42,0,"CD27","unresolved_discrete","no_finite_values",0,0,0,0,,,1,
"inflect_ward_k44",42,0,"CD294_CRTH2","unresolved_discrete","no_finite_values",0,0,0,0,,,1,
"inflect_ward_k44",42,0,"CD3","unresolved_discrete","no_finite_values",0,0,0,0,,,1,
"inflect_ward_k44",42,0,"CD303_TCRvd2","unresolved_discrete","no_finite_values",0,0,0,0,,,1,
"inflect_ward_k44",42,0,"CD38","unresolved_discrete","no_finite_values",0,0,0,0,,,1,
"inflect_ward_k44",42,0,"CD4","unresolved_discrete","no_finite_values",0,0,0,0,,,1,
"inflect_ward_k44",42,0,"CD45RA","unresolved_discrete","no_finite_values",0,0,0,0,,,1,
"inflect_ward_k44",42,0,"CD56","unresolved_discrete","no_finite_values",0,0,0,0,,,1,
"inflect_ward_k44",42,0,"CD57","unresolved_discrete","no_finite_values",0,0,0,0,,,1,
"inflect_ward_k44",42,0,"CD7","unresolved_discrete","no_finite_values",0,0,0,0,,,1,
"inflect_ward_k44",42,0,"CD8","unresolved_discrete","no_finite_values",0,0,0,0,,,1,
"inflect_ward_k44",42,0,"FoxP3","unresolved_discrete","no_finite_values",0,0,0,0,,,1,
"inflect_ward_k44",42,0,"HLA-DR","unresolved_discrete","no_finite_values",0,0,0,0,,,1,
"inflect_ward_k44",42,0,"Tbet","unresolved_discrete","no_finite_values",0,0,0,0,,,1,
"inflect_ward_k44",42,0,"TCRgd_CD141","unresolved_discrete","no_finite_values",0,0,0,0,,,1,
"inflect_ward_k44",43,2920244,"CD11c","no_detected_multimodality","neither test rejects in any seed",3,0,0,0,1,0.962761380690345,4,
"inflect_ward_k44",43,2920244,"CD127","no_detected_multimodality","neither test rejects in any seed",3,0,0,0,1,0.962761380690345,4,
"inflect_ward_k44",43,2920244,"CD14","no_detected_multimodality","neither test rejects in any seed",3,0,0,0,1,0.962761380690345,4,
"inflect_ward_k44",43,2920244,"CD159c_NKG2C","no_detected_multimodality","neither test rejects in any seed",3,0,0,0,1,0.962761380690345,4,
"inflect_ward_k44",43,2920244,"CD16","no_detected_multimodality","neither test rejects in any seed",3,0,0,0,1,0.966346809768521,4,
"inflect_ward_k44",43,2920244,"CD161","no_detected_multimodality","neither test rejects in any seed",3,0,0,0,1,0.962761380690345,4,
"inflect_ward_k44",43,2920244,"CD185_CXCR5","no_detected_multimodality","neither test rejects in any seed",3,0,0,0,1,0.588894447223612,4,"stratified_5_percent_pass_audit"
"inflect_ward_k44",43,2920244,"CD19","no_detected_multimodality","neither test rejects in any seed",3,0,0,0,1,0.962761380690345,4,
"inflect_ward_k44",43,2920244,"CD197_CCR7","no_detected_multimodality","neither test rejects in any seed",3,0,0,0,1,0.962761380690345,4,
"inflect_ward_k44",43,2920244,"CD1c","no_detected_multimodality","neither test rejects in any seed",3,0,0,0,1,0.975487743871936,4,
"inflect_ward_k44",43,2920244,"CD21","no_detected_multimodality","neither test rejects in any seed",3,0,0,0,1,0.303901950975488,4,
"inflect_ward_k44",43,2920244,"CD25","no_detected_multimodality","neither test rejects in any seed",3,0,0,0,1,0.962761380690345,4,
"inflect_ward_k44",43,2920244,"CD27","no_detected_multimodality","neither test rejects in any seed",3,0,0,0,1,0.445722861430715,4,
"inflect_ward_k44",43,2920244,"CD294_CRTH2","no_detected_multimodality","neither test rejects in any seed",3,0,0,0,1,0.962761380690345,4,
"inflect_ward_k44",43,2920244,"CD3","no_detected_multimodality","neither test rejects in any seed",3,0,0,0,1,0.962761380690345,4,
"inflect_ward_k44",43,2920244,"CD303_TCRvd2","no_detected_multimodality","neither test rejects in any seed",3,0,0,0,1,0.962761380690345,4,
"inflect_ward_k44",43,2920244,"CD38","no_detected_multimodality","neither test rejects in any seed",3,0,0,0,1,0.499749874937469,4,
"inflect_ward_k44",43,2920244,"CD4","no_detected_multimodality","neither test rejects in any seed",3,0,0,0,1,0.270135067533767,4,
"inflect_ward_k44",43,2920244,"CD45RA","no_detected_multimodality","neither test rejects in any seed",3,0,0,0,1,0.962761380690345,4,"stratified_5_percent_pass_audit"
"inflect_ward_k44",43,2920244,"CD56","no_detected_multimodality","neither test rejects in any seed",3,0,0,0,1,0.962761380690345,4,
"inflect_ward_k44",43,2920244,"CD57","no_detected_multimodality","neither test rejects in any seed",3,0,0,0,1,0.962761380690345,4,
"inflect_ward_k44",43,2920244,"CD7","no_detected_multimodality","neither test rejects in any seed",3,0,0,0,1,0.962761380690345,4,
"inflect_ward_k44",43,2920244,"CD8","no_detected_multimodality","neither test rejects in any seed",3,0,0,0,1,0.927463731865933,4,
"inflect_ward_k44",43,2920244,"FoxP3","no_detected_multimodality","neither test rejects in any seed",3,0,0,0,1,0.962761380690345,4,
"inflect_ward_k44",43,2920244,"HLA-DR","no_detected_multimodality","neither test rejects in any seed",3,0,0,0,1,0.445722861430715,4,
"inflect_ward_k44",43,2920244,"Tbet","no_detected_multimodality","neither test rejects in any seed",3,0,0,0,1,0.962761380690345,4,
"inflect_ward_k44",43,2920244,"TCRgd_CD141","no_detected_multimodality","neither test rejects in any seed",3,0,0,0,1,0.962761380690345,4,
"inflect_ward_k44",44,541968,"CD11c","no_detected_multimodality","neither test rejects in any seed",3,0,0,0,0.999479244586142,0.792171085542771,3,
"inflect_ward_k44",44,541968,"CD127","ambiguous","borderline_q",3,0,0,0,0.999479244586142,0.0945472736368184,3,"ambiguous"
"inflect_ward_k44",44,541968,"CD14","no_detected_multimodality","neither test rejects in any seed",3,0,0,0,0.999479244586142,0.595647823911956,3,
"inflect_ward_k44",44,541968,"CD159c_NKG2C","no_detected_multimodality","neither test rejects in any seed",3,0,0,0,0.999479244586142,0.792171085542771,3,
"inflect_ward_k44",44,541968,"CD16","no_detected_multimodality","neither test rejects in any seed",3,0,0,0,0.999479244586142,0.738369184592296,3,
"inflect_ward_k44",44,541968,"CD161","no_detected_multimodality","neither test rejects in any seed",3,0,0,0,0.999479244586142,0.478524976774101,3,
"inflect_ward_k44",44,541968,"CD185_CXCR5","no_detected_multimodality","neither test rejects in any seed",3,0,0,0,0.999479244586142,0.595647823911956,3,
"inflect_ward_k44",44,541968,"CD19","no_detected_multimodality","neither test rejects in any seed",3,0,0,0,0.999479244586142,0.738369184592296,3,
"inflect_ward_k44",44,541968,"CD197_CCR7","ambiguous","discordant_tests;seed_instability;borderline_q",3,0,0,1,0.999479244586142,0,3,"ambiguous"
"inflect_ward_k44",44,541968,"CD1c","no_detected_multimodality","neither test rejects in any seed",3,0,0,0,0.999479244586142,0.792171085542771,3,
"inflect_ward_k44",44,541968,"CD21","no_detected_multimodality","neither test rejects in any seed",3,0,0,0,0.999479244586142,0.814088862613125,3,
"inflect_ward_k44",44,541968,"CD25","no_detected_multimodality","neither test rejects in any seed",3,0,0,0,0.999479244586142,0.589232116058029,3,
"inflect_ward_k44",44,541968,"CD27","no_detected_multimodality","neither test rejects in any seed",3,0,0,0,0.999479244586142,0.256628314157079,3,
"inflect_ward_k44",44,541968,"CD294_CRTH2","no_detected_multimodality","neither test rejects in any seed",3,0,0,0,0.999479244586142,0.781462159651254,3,
"inflect_ward_k44",44,541968,"CD3","no_detected_multimodality","neither test rejects in any seed",3,0,0,0,0.999479244586142,0.413306653326663,3,"stratified_5_percent_pass_audit"
"inflect_ward_k44",44,541968,"CD303_TCRvd2","no_detected_multimodality","neither test rejects in any seed",3,0,0,0,0.999479244586142,0.736868434217109,3,
"inflect_ward_k44",44,541968,"CD38","no_detected_multimodality","neither test rejects in any seed",3,0,0,0,0.999479244586142,0.790664563050756,3,
"inflect_ward_k44",44,541968,"CD4","no_detected_multimodality","neither test rejects in any seed",3,0,0,0,0.999479244586142,0.595647823911956,3,
"inflect_ward_k44",44,541968,"CD45RA","no_detected_multimodality","neither test rejects in any seed",3,0,0,0,0.999479244586142,0.108054027013507,3,
"inflect_ward_k44",44,541968,"CD56","no_detected_multimodality","neither test rejects in any seed",3,0,0,0,0.999479244586142,0.589232116058029,3,
"inflect_ward_k44",44,541968,"CD57","no_detected_multimodality","neither test rejects in any seed",3,0,0,0,0.999479244586142,0.832133458033365,3,
"inflect_ward_k44",44,541968,"CD7","no_detected_multimodality","neither test rejects in any seed",3,0,0,0,0.999479244586142,0.478524976774101,3,
"inflect_ward_k44",44,541968,"CD8","no_detected_multimodality","neither test rejects in any seed",3,0,0,0,0.999479244586142,0.76742916913002,3,
"inflect_ward_k44",44,541968,"FoxP3","no_detected_multimodality","neither test rejects in any seed",3,0,0,0,0.999479244586142,0.888444222111056,3,
"inflect_ward_k44",44,541968,"HLA-DR","no_detected_multimodality","neither test rejects in any seed",3,0,0,0,0.999479244586142,0.589232116058029,3,
"inflect_ward_k44",44,541968,"Tbet","no_detected_multimodality","neither test rejects in any seed",3,0,0,0,0.999479244586142,0.589232116058029,3,
"inflect_ward_k44",44,541968,"TCRgd_CD141","no_detected_multimodality","neither test rejects in any seed",3,0,0,0,0.999479244586142,0.148574287143572,3,
