"solution_id","cluster","cluster_events","marker","status","reason","valid_seeds","both_reject_seeds","dip_reject_seeds","acr_reject_seeds","min_dip_q","min_acr_q","size_stratum","refinement_reason"
"inflect_ward_k27",1,1026945,"CD11c","detected_multimodality","both tests reject in at least two seeds",3,3,3,3,0,0,3,"detected_multimodality"
"inflect_ward_k27",1,1026945,"CD127","no_detected_multimodality","neither test rejects in any seed",3,0,0,0,0.997179923719969,0.811444183630277,3,"stratified_5_percent_pass_audit"
"inflect_ward_k27",1,1026945,"CD14","no_detected_multimodality","neither test rejects in any seed",3,0,0,0,0.997179923719969,0.774387193596798,3,"stratified_5_percent_pass_audit"
"inflect_ward_k27",1,1026945,"CD159c_NKG2C","no_detected_multimodality","neither test rejects in any seed",3,0,0,0,0.997179923719969,0.790145072536268,3,"stratified_5_percent_pass_audit"
"inflect_ward_k27",1,1026945,"CD161","detected_multimodality","both tests reject in at least two seeds",3,3,3,3,0,0,3,"detected_multimodality"
"inflect_ward_k27",1,1026945,"CD19","no_detected_multimodality","neither test rejects in any seed",3,0,0,0,0.997179923719969,0.790145072536268,3,"stratified_5_percent_pass_audit"
"inflect_ward_k27",1,1026945,"CD294_CRTH2","no_detected_multimodality","neither test rejects in any seed",3,0,0,0,0.997179923719969,0.333166583291646,3,"stratified_5_percent_pass_audit"
"inflect_ward_k27",1,1026945,"CD38","no_detected_multimodality","neither test rejects in any seed",3,0,0,0,0.997179923719969,0.811444183630277,3,"stratified_5_percent_pass_audit"
"inflect_ward_k27",1,1026945,"CD56","no_detected_multimodality","neither test rejects in any seed",3,0,0,0,0.997179923719969,0.790145072536268,3,"stratified_5_percent_pass_audit"
"inflect_ward_k27",1,1026945,"CD57","ambiguous","discordant_tests;seed_instability",3,0,0,2,0.997179923719969,0,3,"ambiguous"
"inflect_ward_k27",2,740677,"CD11c","no_detected_multimodality","neither test rejects in any seed",3,0,0,0,1,0.648324162081041,3,"stratified_5_percent_pass_audit"
"inflect_ward_k27",2,740677,"CD185_CXCR5","no_detected_multimodality","neither test rejects in any seed",3,0,0,0,1,0.892088901593654,3,"stratified_5_percent_pass_audit"
"inflect_ward_k27",2,740677,"CD197_CCR7","no_detected_multimodality","neither test rejects in any seed",3,0,0,0,1,0.829700564567998,3,"stratified_5_percent_pass_audit"
"inflect_ward_k27",2,740677,"CD57","detected_multimodality","both tests reject in at least two seeds",3,3,3,3,0,0,3,"detected_multimodality"
"inflect_ward_k27",2,740677,"Tbet","no_detected_multimodality","neither test rejects in any seed",3,0,0,0,1,0.648324162081041,3,"stratified_5_percent_pass_audit"
"inflect_ward_k27",3,374114,"CD11c","ambiguous","discordant_tests;seed_instability",3,0,0,2,0.269799287874204,0.00270135067533767,2,"ambiguous"
"inflect_ward_k27",3,374114,"CD159c_NKG2C","ambiguous","discordant_tests",3,0,0,3,0.216758227903341,0,2,"ambiguous"
"inflect_ward_k27",3,374114,"CD16","detected_multimodality","both tests reject in at least two seeds",3,3,3,3,0,0,2,"detected_multimodality"
"inflect_ward_k27",3,374114,"CD197_CCR7","no_detected_multimodality","neither test rejects in any seed",3,0,0,0,1,0.949331808761524,2,"stratified_5_percent_pass_audit"
"inflect_ward_k27",3,374114,"CD1c","no_detected_multimodality","neither test rejects in any seed",3,0,0,0,1,0.268446723361681,2,"stratified_5_percent_pass_audit"
"inflect_ward_k27",3,374114,"CD21","no_detected_multimodality","neither test rejects in any seed",3,0,0,0,1,0.996498249124562,2,"stratified_5_percent_pass_audit"
"inflect_ward_k27",3,374114,"CD294_CRTH2","no_detected_multimodality","neither test rejects in any seed",3,0,0,0,1,0.140856142356893,2,"stratified_5_percent_pass_audit"
"inflect_ward_k27",3,374114,"CD3","detected_multimodality","both tests reject in at least two seeds",3,3,3,3,0,0,2,"detected_multimodality"
"inflect_ward_k27",3,374114,"CD303_TCRvd2","no_detected_multimodality","neither test rejects in any seed",3,0,0,0,1,0.688844422211106,2,"stratified_5_percent_pass_audit"
"inflect_ward_k27",3,374114,"CD38","ambiguous","discordant_tests;seed_instability",3,0,0,1,1,0.016208104052026,2,"ambiguous"
"inflect_ward_k27",3,374114,"CD56","ambiguous","discordant_tests;seed_instability",3,0,0,2,0.328349364900192,0,2,"ambiguous"
"inflect_ward_k27",3,374114,"CD57","detected_multimodality","both tests reject in at least two seeds",3,3,3,3,0,0,2,"detected_multimodality"
"inflect_ward_k27",3,374114,"CD7","no_detected_multimodality","neither test rejects in any seed",3,0,0,0,1,0.787364270370479,2,"stratified_5_percent_pass_audit"
"inflect_ward_k27",4,510865,"CD11c","detected_multimodality","both tests reject in at least two seeds",3,3,3,3,0,0,2,"detected_multimodality"
"inflect_ward_k27",4,510865,"CD16","no_detected_multimodality","neither test rejects in any seed",3,0,0,0,1,0.580790395197599,2,"stratified_5_percent_pass_audit"
"inflect_ward_k27",4,510865,"CD185_CXCR5","no_detected_multimodality","neither test rejects in any seed",3,0,0,0,1,0.923984719632544,2,"stratified_5_percent_pass_audit"
"inflect_ward_k27",4,510865,"CD25","no_detected_multimodality","neither test rejects in any seed",3,0,0,0,1,0.756378189094547,2,"stratified_5_percent_pass_audit"
"inflect_ward_k27",4,510865,"CD3","detected_multimodality","both tests reject in at least two seeds",3,3,3,3,0,0,2,"detected_multimodality"
"inflect_ward_k27",4,510865,"CD45RA","no_detected_multimodality","neither test rejects in any seed",3,0,0,0,1,0.884692346173087,2,"stratified_5_percent_pass_audit"
"inflect_ward_k27",4,510865,"CD56","detected_multimodality","both tests reject in at least two seeds",3,3,3,3,0,0,2,"detected_multimodality"
"inflect_ward_k27",4,510865,"CD57","detected_multimodality","both tests reject in at least two seeds",3,3,3,3,0.00336675905397604,0,2,"detected_multimodality"
"inflect_ward_k27",4,510865,"FoxP3","no_detected_multimodality","neither test rejects in any seed",3,0,0,0,1,0.633466733366683,2,"stratified_5_percent_pass_audit"
"inflect_ward_k27",4,510865,"TCRgd_CD141","no_detected_multimodality","neither test rejects in any seed",3,0,0,0,1,0.671654008822593,2,"stratified_5_percent_pass_audit"
"inflect_ward_k27",5,364460,"CD11c","detected_multimodality","both tests reject in at least two seeds",3,3,3,3,0,0,2,"detected_multimodality"
"inflect_ward_k27",5,364460,"CD159c_NKG2C","no_detected_multimodality","neither test rejects in any seed",3,0,0,0,1,0.664832416208104,2,"stratified_5_percent_pass_audit"
"inflect_ward_k27",5,364460,"CD161","detected_multimodality","both tests reject in at least two seeds",3,2,2,3,0.000209671733034766,0,2,"detected_multimodality"
"inflect_ward_k27",5,364460,"CD294_CRTH2","ambiguous","borderline_q",3,0,0,0,1,0.0877938969484742,2,"ambiguous"
"inflect_ward_k27",5,364460,"CD3","ambiguous","discordant_tests",3,0,0,3,1,0,2,"ambiguous"
"inflect_ward_k27",5,364460,"CD4","no_detected_multimodality","neither test rejects in any seed",3,0,0,0,1,0.917378689344672,2,"stratified_5_percent_pass_audit"
"inflect_ward_k27",5,364460,"CD45RA","ambiguous","borderline_q",3,0,0,0,1,0.0630315157578789,2,"ambiguous"
"inflect_ward_k27",5,364460,"CD56","ambiguous","discordant_tests",3,0,0,3,0.581521703915507,0,2,"ambiguous"
"inflect_ward_k27",5,364460,"CD57","ambiguous","discordant_tests;seed_instability;borderline_q",3,0,0,1,0.420239122398135,0.00337668834417209,2,"ambiguous"
"inflect_ward_k27",5,364460,"CD8","no_detected_multimodality","neither test rejects in any seed",3,0,0,0,1,0.917378689344672,2,"stratified_5_percent_pass_audit"
"inflect_ward_k27",5,364460,"TCRgd_CD141","ambiguous","borderline_q",3,0,0,0,1,0.0877938969484742,2,"ambiguous"
"inflect_ward_k27",6,408648,"CD11c","no_detected_multimodality","neither test rejects in any seed",3,0,0,0,0.997751924174555,0.528185145204181,2,"stratified_5_percent_pass_audit"
"inflect_ward_k27",6,408648,"CD159c_NKG2C","ambiguous","discordant_tests;seed_instability",3,0,0,1,0.997751924174555,0.00675337668834417,2,"ambiguous"
"inflect_ward_k27",6,408648,"CD16","detected_multimodality","both tests reject in at least two seeds",3,3,3,3,0,0,2,"detected_multimodality"
"inflect_ward_k27",6,408648,"CD27","no_detected_multimodality","neither test rejects in any seed",3,0,0,0,0.997751924174555,0.798586793396698,2,"stratified_5_percent_pass_audit"
"inflect_ward_k27",6,408648,"CD3","detected_multimodality","both tests reject in at least two seeds",3,3,3,3,0,0,2,"detected_multimodality"
"inflect_ward_k27",6,408648,"CD57","detected_multimodality","both tests reject in at least two seeds",3,3,3,3,0,0,2,"detected_multimodality"
"inflect_ward_k27",6,408648,"CD8","ambiguous","borderline_q",3,0,0,0,0.62631672140218,0.0742871435717859,2,"ambiguous"
"inflect_ward_k27",6,408648,"Tbet","no_detected_multimodality","neither test rejects in any seed",3,0,0,0,0.997751924174555,0.528185145204181,2,"stratified_5_percent_pass_audit"
"inflect_ward_k27",7,666506,"CD16","no_detected_multimodality","neither test rejects in any seed",3,0,0,0,0.998071054499371,0.640726613306653,3,"stratified_5_percent_pass_audit"
"inflect_ward_k27",7,666506,"CD1c","no_detected_multimodality","neither test rejects in any seed",3,0,0,0,0.998071054499371,0.776316729793468,3,"stratified_5_percent_pass_audit"
"inflect_ward_k27",7,666506,"CD21","ambiguous","discordant_tests;seed_instability",3,0,0,1,0.998071054499371,0,3,"ambiguous"
"inflect_ward_k27",7,666506,"CD45RA","ambiguous","discordant_tests;seed_instability",3,0,0,2,0.281790926222486,0,3,"ambiguous"
"inflect_ward_k27",7,666506,"CD57","ambiguous","discordant_tests;seed_instability",3,0,0,1,0.998071054499371,0.00675337668834417,3,"ambiguous"
"inflect_ward_k27",8,705582,"CD11c","detected_multimodality","both tests reject in at least two seeds",3,3,3,3,0,0,3,"detected_multimodality"
"inflect_ward_k27",8,705582,"CD161","detected_multimodality","both tests reject in at least two seeds",3,3,3,3,0,0,3,"detected_multimodality"
"inflect_ward_k27",8,705582,"CD38","ambiguous","discordant_tests;seed_instability",3,0,0,1,0.337806587316736,0.00900450225112556,3,"ambiguous"
"inflect_ward_k27",8,705582,"CD45RA","no_detected_multimodality","neither test rejects in any seed",3,0,0,0,1,0.238619309654827,3,"stratified_5_percent_pass_audit"
"inflect_ward_k27",8,705582,"CD56","detected_multimodality","both tests reject in at least two seeds",3,3,3,3,0,0,3,"detected_multimodality"
"inflect_ward_k27",8,705582,"CD57","no_detected_multimodality","neither test rejects in any seed",3,0,0,0,1,0.95134523783631,3,"stratified_5_percent_pass_audit"
"inflect_ward_k27",8,705582,"CD7","ambiguous","discordant_tests;seed_instability",3,1,1,3,0.0069395807232242,0,3,"ambiguous"
"inflect_ward_k27",8,705582,"FoxP3","ambiguous","discordant_tests",3,0,0,3,0.414408970931803,0,3,"ambiguous"
"inflect_ward_k27",8,705582,"HLA-DR","no_detected_multimodality","neither test rejects in any seed",3,0,0,0,1,0.95134523783631,3,"stratified_5_percent_pass_audit"
"inflect_ward_k27",9,608176,"CD1c","ambiguous","discordant_tests;seed_instability",3,0,0,1,1,0.0202601300650325,3,"ambiguous"
"inflect_ward_k27",9,608176,"CD3","no_detected_multimodality","neither test rejects in any seed",3,0,0,0,1,0.847548774387194,3,"stratified_5_percent_pass_audit"
"inflect_ward_k27",9,608176,"CD4","no_detected_multimodality","neither test rejects in any seed",3,0,0,0,1,0.847548774387194,3,"stratified_5_percent_pass_audit"
"inflect_ward_k27",9,608176,"CD57","detected_multimodality","both tests reject in at least two seeds",3,3,3,3,0,0,3,"detected_multimodality"
"inflect_ward_k27",9,608176,"CD7","no_detected_multimodality","neither test rejects in any seed",3,0,0,0,1,0.594297148574287,3,"stratified_5_percent_pass_audit"
"inflect_ward_k27",9,608176,"CD8","no_detected_multimodality","neither test rejects in any seed",3,0,0,0,1,0.938199869165352,3,"stratified_5_percent_pass_audit"
"inflect_ward_k27",10,264044,"CD11c","detected_multimodality","both tests reject in at least two seeds",3,3,3,3,0,0,1,"detected_multimodality"
"inflect_ward_k27",10,264044,"CD127","no_detected_multimodality","neither test rejects in any seed",3,0,0,0,0.999626448962759,0.689744872436218,1,"stratified_5_percent_pass_audit"
"inflect_ward_k27",10,264044,"CD14","ambiguous","borderline_q",3,0,0,0,0.999626448962759,0.0648324162081041,1,"ambiguous"
"inflect_ward_k27",10,264044,"CD16","detected_multimodality","both tests reject in at least two seeds",3,3,3,3,0,0,1,"detected_multimodality"
"inflect_ward_k27",10,264044,"CD161","detected_multimodality","both tests reject in at least two seeds",3,3,3,3,0,0,1,"detected_multimodality"
"inflect_ward_k27",10,264044,"CD19","no_detected_multimodality","neither test rejects in any seed",3,0,0,0,0.999626448962759,0.362431215607804,1,"stratified_5_percent_pass_audit"
"inflect_ward_k27",10,264044,"CD197_CCR7","no_detected_multimodality","neither test rejects in any seed",3,0,0,0,0.999626448962759,0.368059029514757,1,"stratified_5_percent_pass_audit"
"inflect_ward_k27",10,264044,"CD294_CRTH2","no_detected_multimodality","neither test rejects in any seed",3,0,0,0,0.999626448962759,0.92139548034887,1,"stratified_5_percent_pass_audit"
"inflect_ward_k27",10,264044,"CD3","no_detected_multimodality","neither test rejects in any seed",3,0,0,0,0.999626448962759,0.77923577173202,1,"stratified_5_percent_pass_audit"
"inflect_ward_k27",10,264044,"CD38","no_detected_multimodality","neither test rejects in any seed",3,0,0,0,0.999626448962759,0.152433359536911,1,"stratified_5_percent_pass_audit"
"inflect_ward_k27",10,264044,"CD45RA","ambiguous","borderline_q",3,0,0,0,0.999626448962759,0.0999499749874938,1,"ambiguous"
"inflect_ward_k27",10,264044,"CD57","no_detected_multimodality","neither test rejects in any seed",3,0,0,0,0.999626448962759,0.279139569784892,1,"stratified_5_percent_pass_audit"
"inflect_ward_k27",10,264044,"CD7","no_detected_multimodality","neither test rejects in any seed",3,0,0,0,0.999626448962759,0.840313013649682,1,"stratified_5_percent_pass_audit"
"inflect_ward_k27",10,264044,"Tbet","detected_multimodality","both tests reject in at least two seeds",3,3,3,3,0,0,1,"detected_multimodality"
"inflect_ward_k27",11,132476,"CD11c","no_detected_multimodality","neither test rejects in any seed",3,0,0,0,1,0.207103551775888,1,"stratified_5_percent_pass_audit"
"inflect_ward_k27",11,132476,"CD14","no_detected_multimodality","neither test rejects in any seed",3,0,0,0,1,0.987493746873437,1,"stratified_5_percent_pass_audit"
"inflect_ward_k27",11,132476,"CD159c_NKG2C","detected_multimodality","both tests reject in at least two seeds",3,3,3,3,5.99898772657426e-05,0,1,"detected_multimodality"
"inflect_ward_k27",11,132476,"CD16","no_detected_multimodality","neither test rejects in any seed",3,0,0,0,1,0.594297148574287,1,"stratified_5_percent_pass_audit"
"inflect_ward_k27",11,132476,"CD185_CXCR5","no_detected_multimodality","neither test rejects in any seed",3,0,0,0,1,0.621310655327664,1,"stratified_5_percent_pass_audit"
"inflect_ward_k27",11,132476,"CD27","no_detected_multimodality","neither test rejects in any seed",3,0,0,0,1,0.987493746873437,1,"stratified_5_percent_pass_audit"
"inflect_ward_k27",11,132476,"CD3","ambiguous","discordant_tests;seed_instability",3,0,0,1,1,0.0472736368184092,1,"ambiguous"
"inflect_ward_k27",11,132476,"CD303_TCRvd2","no_detected_multimodality","neither test rejects in any seed",3,0,0,0,1,0.987493746873437,1,"stratified_5_percent_pass_audit"
"inflect_ward_k27",11,132476,"CD56","no_detected_multimodality","neither test rejects in any seed",3,0,0,0,1,0.987493746873437,1,"stratified_5_percent_pass_audit"
"inflect_ward_k27",11,132476,"CD8","no_detected_multimodality","neither test rejects in any seed",3,0,0,0,1,0.621310655327664,1,"stratified_5_percent_pass_audit"
"inflect_ward_k27",11,132476,"FoxP3","no_detected_multimodality","neither test rejects in any seed",3,0,0,0,1,0.987493746873437,1,"stratified_5_percent_pass_audit"
"inflect_ward_k27",11,132476,"HLA-DR","no_detected_multimodality","neither test rejects in any seed",3,0,0,0,1,0.985092546273137,1,"stratified_5_percent_pass_audit"
"inflect_ward_k27",11,132476,"Tbet","no_detected_multimodality","neither test rejects in any seed",3,0,0,0,1,0.98020438790824,1,"stratified_5_percent_pass_audit"
"inflect_ward_k27",11,132476,"TCRgd_CD141","no_detected_multimodality","neither test rejects in any seed",3,0,0,0,1,0.621310655327664,1,"stratified_5_percent_pass_audit"
"inflect_ward_k27",12,195943,"CD161","detected_multimodality","both tests reject in at least two seeds",3,3,3,3,0,0,1,"detected_multimodality"
"inflect_ward_k27",12,195943,"CD27","detected_multimodality","both tests reject in at least two seeds",3,3,3,3,0,0,1,"detected_multimodality"
"inflect_ward_k27",13,6160354,"CD11c","ambiguous","borderline_q",3,0,0,0,1,0.0513256628314157,4,"ambiguous"
"inflect_ward_k27",13,6160354,"CD127","ambiguous","discordant_tests;seed_instability;borderline_q",3,1,1,2,0.0053695084720119,0,4,"ambiguous"
"inflect_ward_k27",13,6160354,"CD159c_NKG2C","no_detected_multimodality","neither test rejects in any seed",3,0,0,0,1,0.530815407703852,4,"stratified_5_percent_pass_audit"
"inflect_ward_k27",13,6160354,"CD16","no_detected_multimodality","neither test rejects in any seed",3,0,0,0,1,0.73515329093118,4,"stratified_5_percent_pass_audit"
"inflect_ward_k27",13,6160354,"CD197_CCR7","detected_multimodality","both tests reject in at least two seeds",3,3,3,3,0,0,4,"detected_multimodality"
"inflect_ward_k27",13,6160354,"CD1c","ambiguous","borderline_q",3,0,0,0,1,0.0607803901950975,4,"ambiguous"
"inflect_ward_k27",13,6160354,"CD21","no_detected_multimodality","neither test rejects in any seed",3,0,0,0,1,0.250839705567069,4,"stratified_5_percent_pass_audit"
"inflect_ward_k27",13,6160354,"CD25","no_detected_multimodality","neither test rejects in any seed",3,0,0,0,1,0.938469234617309,4,"stratified_5_percent_pass_audit"
"inflect_ward_k27",13,6160354,"CD27","detected_multimodality","both tests reject in at least two seeds",3,3,3,3,0,0,4,"detected_multimodality"
"inflect_ward_k27",13,6160354,"CD303_TCRvd2","no_detected_multimodality","neither test rejects in any seed",3,0,0,0,1,0.705052526263132,4,"stratified_5_percent_pass_audit"
"inflect_ward_k27",13,6160354,"CD45RA","detected_multimodality","both tests reject in at least two seeds",3,3,3,3,0,0,4,"detected_multimodality"
"inflect_ward_k27",13,6160354,"FoxP3","no_detected_multimodality","neither test rejects in any seed",3,0,0,0,1,0.827963981990996,4,"stratified_5_percent_pass_audit"
"inflect_ward_k27",14,547308,"CD127","no_detected_multimodality","neither test rejects in any seed",3,0,0,0,1,0.351175587793897,2,"stratified_5_percent_pass_audit"
"inflect_ward_k27",14,547308,"CD161","no_detected_multimodality","neither test rejects in any seed",3,0,0,0,1,0.191345672836418,2,"stratified_5_percent_pass_audit"
"inflect_ward_k27",14,547308,"CD19","no_detected_multimodality","neither test rejects in any seed",3,0,0,0,1,0.803254568460701,2,"stratified_5_percent_pass_audit"
"inflect_ward_k27",14,547308,"CD27","ambiguous","discordant_tests;seed_instability",3,0,0,2,1,0,2,"ambiguous"
"inflect_ward_k27",14,547308,"CD3","ambiguous","discordant_tests",3,0,0,3,1,0,2,"ambiguous"
"inflect_ward_k27",14,547308,"CD303_TCRvd2","detected_multimodality","both tests reject in at least two seeds",3,3,3,3,0,0,2,"detected_multimodality"
"inflect_ward_k27",14,547308,"CD38","no_detected_multimodality","neither test rejects in any seed",3,0,0,0,1,0.288553367592887,2,"stratified_5_percent_pass_audit"
"inflect_ward_k27",14,547308,"CD45RA","ambiguous","borderline_q",3,0,0,0,1,0.0675337668834417,2,"ambiguous"
"inflect_ward_k27",14,547308,"CD57","ambiguous","discordant_tests;seed_instability",3,0,0,1,1,0.0101300650325163,2,"ambiguous"
"inflect_ward_k27",14,547308,"HLA-DR","no_detected_multimodality","neither test rejects in any seed",3,0,0,0,1,0.585292646323162,2,"stratified_5_percent_pass_audit"
"inflect_ward_k27",14,547308,"TCRgd_CD141","ambiguous","discordant_tests;seed_instability;borderline_q",3,0,0,2,0.228423875284449,0,2,"ambiguous"
"inflect_ward_k27",15,636588,"CD11c","ambiguous","discordant_tests;seed_instability",3,0,0,1,0.999247324000362,0.040520260130065,3,"ambiguous"
"inflect_ward_k27",15,636588,"CD127","ambiguous","discordant_tests;seed_instability",3,0,0,1,0.999247324000362,0.0270135067533767,3,"ambiguous"
"inflect_ward_k27",15,636588,"CD159c_NKG2C","ambiguous","discordant_tests;seed_instability;borderline_q",3,0,0,1,0.999247324000362,0.0292646323161581,3,"ambiguous"
"inflect_ward_k27",15,636588,"CD16","detected_multimodality","both tests reject in at least two seeds",3,3,3,3,0,0,3,"detected_multimodality"
"inflect_ward_k27",15,636588,"CD185_CXCR5","ambiguous","discordant_tests",3,0,0,3,0.999247324000362,0,3,"ambiguous"
"inflect_ward_k27",15,636588,"CD21","ambiguous","discordant_tests;seed_instability;borderline_q",3,1,1,3,0.0138791614464484,0,3,"ambiguous"
"inflect_ward_k27",15,636588,"CD27","no_detected_multimodality","neither test rejects in any seed",3,0,0,0,0.999247324000362,0.138926606160223,3,"stratified_5_percent_pass_audit"
"inflect_ward_k27",15,636588,"CD294_CRTH2","ambiguous","discordant_tests;seed_instability",3,0,0,1,0.999247324000362,0.0212248981633674,3,"ambiguous"
"inflect_ward_k27",15,636588,"CD3","ambiguous","discordant_tests;seed_instability",3,0,0,1,0.999247324000362,0.0212248981633674,3,"ambiguous"
"inflect_ward_k27",15,636588,"CD303_TCRvd2","no_detected_multimodality","neither test rejects in any seed",3,0,0,0,0.999247324000362,0.303382460461,3,"stratified_5_percent_pass_audit"
"inflect_ward_k27",15,636588,"CD38","ambiguous","discordant_tests",3,0,0,3,0.468313177156544,0,3,"ambiguous"
"inflect_ward_k27",15,636588,"CD45RA","ambiguous","discordant_tests;seed_instability",3,0,0,2,0.999247324000362,0.0135067533766883,3,"ambiguous"
"inflect_ward_k27",15,636588,"FoxP3","no_detected_multimodality","neither test rejects in any seed",3,0,0,0,0.999247324000362,0.307953976988494,3,"stratified_5_percent_pass_audit"
"inflect_ward_k27",15,636588,"Tbet","ambiguous","discordant_tests;seed_instability",3,0,0,1,0.999247324000362,0.0135067533766883,3,"ambiguous"
"inflect_ward_k27",15,636588,"TCRgd_CD141","no_detected_multimodality","neither test rejects in any seed",3,0,0,0,0.999247324000362,0.474987493746873,3,"stratified_5_percent_pass_audit"
"inflect_ward_k27",16,1332180,"CD127","ambiguous","discordant_tests;seed_instability",3,0,0,2,1,0.0347316515400557,4,"ambiguous"
"inflect_ward_k27",16,1332180,"CD161","detected_multimodality","both tests reject in at least two seeds",3,2,2,2,0.0121396056589835,0,4,"detected_multimodality"
"inflect_ward_k27",16,1332180,"CD197_CCR7","no_detected_multimodality","neither test rejects in any seed",3,0,0,0,1,0.247623811905953,4,"stratified_5_percent_pass_audit"
"inflect_ward_k27",16,1332180,"CD27","detected_multimodality","both tests reject in at least two seeds",3,3,3,3,0,0,4,"detected_multimodality"
"inflect_ward_k27",16,1332180,"CD3","ambiguous","discordant_tests;seed_instability",3,0,0,2,1,0.00540270135067534,4,"ambiguous"
"inflect_ward_k27",16,1332180,"CD303_TCRvd2","detected_multimodality","both tests reject in at least two seeds",3,3,3,3,0,0,4,"detected_multimodality"
"inflect_ward_k27",16,1332180,"CD45RA","ambiguous","discordant_tests;seed_instability;borderline_q",3,1,1,2,0.0425160003970993,0,4,"ambiguous"
"inflect_ward_k27",16,1332180,"FoxP3","ambiguous","discordant_tests;seed_instability",3,0,0,1,1,0.038831915957979,4,"ambiguous"
"inflect_ward_k27",16,1332180,"Tbet","detected_multimodality","both tests reject in at least two seeds",3,3,3,3,0,0,4,"detected_multimodality"
"inflect_ward_k27",17,160846,"CD159c_NKG2C","ambiguous","discordant_tests;seed_instability;borderline_q",3,0,0,2,0.251416600233965,0,1,"ambiguous"
"inflect_ward_k27",17,160846,"CD16","ambiguous","borderline_q",3,0,0,0,0.998441622560776,0.0979239619809905,1,"ambiguous"
"inflect_ward_k27",17,160846,"CD1c","no_detected_multimodality","neither test rejects in any seed",3,0,0,0,0.998441622560776,0.619959979989995,1,"stratified_5_percent_pass_audit"
"inflect_ward_k27",17,160846,"CD21","no_detected_multimodality","neither test rejects in any seed",3,0,0,0,0.998441622560776,0.616245622811406,1,"stratified_5_percent_pass_audit"
"inflect_ward_k27",17,160846,"CD25","no_detected_multimodality","neither test rejects in any seed",3,0,0,0,0.998441622560776,0.900950475237619,1,"stratified_5_percent_pass_audit"
"inflect_ward_k27",17,160846,"CD45RA","no_detected_multimodality","neither test rejects in any seed",3,0,0,0,0.998441622560776,0.239744872436218,1,"stratified_5_percent_pass_audit"
"inflect_ward_k27",17,160846,"CD56","ambiguous","discordant_tests",3,0,0,3,0.750024987925529,0,1,"ambiguous"
"inflect_ward_k27",17,160846,"CD57","detected_multimodality","both tests reject in at least two seeds",3,3,3,3,0,0,1,"detected_multimodality"
"inflect_ward_k27",18,336733,"CD14","no_detected_multimodality","neither test rejects in any seed",3,0,0,0,0.999211861109521,0.624687343671836,2,"stratified_5_percent_pass_audit"
"inflect_ward_k27",18,336733,"CD161","detected_multimodality","both tests reject in at least two seeds",3,3,3,3,0.000449423095539747,0,2,"detected_multimodality"
"inflect_ward_k27",18,336733,"CD19","ambiguous","discordant_tests;seed_instability",3,0,0,1,0.999211861109521,0.0270135067533767,2,"ambiguous"
"inflect_ward_k27",18,336733,"CD27","detected_multimodality","both tests reject in at least two seeds",3,3,3,3,0,0,2,"detected_multimodality"
"inflect_ward_k27",18,336733,"CD3","no_detected_multimodality","neither test rejects in any seed",3,0,0,0,0.999211861109521,0.38831915957979,2,"stratified_5_percent_pass_audit"
"inflect_ward_k27",18,336733,"CD4","ambiguous","discordant_tests;seed_instability",3,0,0,1,0.999211861109521,0.0360180090045022,2,"ambiguous"
"inflect_ward_k27",18,336733,"CD56","no_detected_multimodality","neither test rejects in any seed",3,0,0,0,0.999211861109521,0.27823911955978,2,"stratified_5_percent_pass_audit"
"inflect_ward_k27",18,336733,"CD57","no_detected_multimodality","neither test rejects in any seed",3,0,0,0,0.999211861109521,0.922461230615308,2,"stratified_5_percent_pass_audit"
"inflect_ward_k27",18,336733,"Tbet","ambiguous","borderline_q",3,0,0,0,0.999211861109521,0.0945472736368184,2,"ambiguous"
"inflect_ward_k27",19,99969,"CD127","detected_multimodality","both tests reject in at least two seeds",3,2,2,3,0.00283361677879052,0,1,"detected_multimodality"
"inflect_ward_k27",19,99969,"CD14","ambiguous","discordant_tests;seed_instability",3,0,0,1,1,0.00385907239333953,1,"ambiguous"
"inflect_ward_k27",19,99969,"CD159c_NKG2C","no_detected_multimodality","neither test rejects in any seed",3,0,0,0,1,0.877938969484742,1,"stratified_5_percent_pass_audit"
"inflect_ward_k27",19,99969,"CD16","detected_multimodality","both tests reject in at least two seeds",3,3,3,3,0,0,1,"detected_multimodality"
"inflect_ward_k27",19,99969,"CD27","detected_multimodality","both tests reject in at least two seeds",3,3,3,3,0,0,1,"detected_multimodality"
"inflect_ward_k27",19,99969,"CD3","ambiguous","discordant_tests;seed_instability",3,0,0,2,1,0.0219484742371186,1,"ambiguous"
"inflect_ward_k27",19,99969,"CD4","ambiguous","discordant_tests;seed_instability",3,0,0,2,1,0.0219484742371186,1,"ambiguous"
"inflect_ward_k27",19,99969,"CD45RA","detected_multimodality","both tests reject in at least two seeds",3,3,3,3,0,0,1,"detected_multimodality"
"inflect_ward_k27",19,99969,"CD56","detected_multimodality","both tests reject in at least two seeds",3,3,3,3,0.00458669943907727,0,1,"detected_multimodality"
"inflect_ward_k27",19,99969,"CD57","ambiguous","discordant_tests;seed_instability",3,0,0,1,1,0.0154362895733581,1,"ambiguous"
"inflect_ward_k27",19,99969,"Tbet","detected_multimodality","both tests reject in at least two seeds",3,3,3,3,0.00134302945902343,0,1,"detected_multimodality"
"inflect_ward_k27",20,1298228,"CD127","no_detected_multimodality","neither test rejects in any seed",3,0,0,0,1,0.892867486374766,4,"stratified_5_percent_pass_audit"
"inflect_ward_k27",20,1298228,"CD185_CXCR5","ambiguous","discordant_tests;seed_instability",3,1,1,2,0.0401988711466138,0,4,"ambiguous"
"inflect_ward_k27",20,1298228,"CD19","ambiguous","discordant_tests;seed_instability;borderline_q",3,1,1,3,0.00245306463503131,0,4,"ambiguous"
"inflect_ward_k27",20,1298228,"CD21","detected_multimodality","both tests reject in at least two seeds",3,3,3,3,0,0,4,"detected_multimodality"
"inflect_ward_k27",21,1294395,"CD11c","detected_multimodality","both tests reject in at least two seeds",3,3,3,3,0,0,3,"detected_multimodality"
"inflect_ward_k27",21,1294395,"CD14","ambiguous","discordant_tests;seed_instability;borderline_q",3,0,0,2,0.998702759750097,0.00270135067533767,3,"ambiguous"
"inflect_ward_k27",21,1294395,"CD16","ambiguous","discordant_tests;seed_instability",3,0,0,2,0.998702759750097,0,3,"ambiguous"
"inflect_ward_k27",21,1294395,"CD161","no_detected_multimodality","neither test rejects in any seed",3,0,0,0,0.998702759750097,0.555577788894447,3,"stratified_5_percent_pass_audit"
"inflect_ward_k27",21,1294395,"CD1c","ambiguous","discordant_tests",3,0,0,3,0.468313177156544,0,3,"ambiguous"
"inflect_ward_k27",21,1294395,"CD21","no_detected_multimodality","neither test rejects in any seed",3,0,0,0,0.998702759750097,0.92224112056028,3,"stratified_5_percent_pass_audit"
"inflect_ward_k27",21,1294395,"CD25","no_detected_multimodality","neither test rejects in any seed",3,0,0,0,0.998702759750097,0.89723433145144,3,"stratified_5_percent_pass_audit"
"inflect_ward_k27",21,1294395,"CD303_TCRvd2","ambiguous","discordant_tests;seed_instability",3,1,1,3,0.0477448816048399,0,3,"ambiguous"
"inflect_ward_k27",21,1294395,"CD45RA","ambiguous","borderline_q",3,0,0,0,0.998702759750097,0.0735367683841921,3,"ambiguous"
"inflect_ward_k27",21,1294395,"CD57","ambiguous","borderline_q",3,0,0,0,0.998702759750097,0.0735367683841921,3,"ambiguous"
"inflect_ward_k27",21,1294395,"HLA-DR","ambiguous","borderline_q",3,0,0,0,0.998702759750097,0.0735367683841921,3,"ambiguous"
"inflect_ward_k27",21,1294395,"TCRgd_CD141","ambiguous","discordant_tests",3,0,0,3,0.998702759750097,0.0157578789394697,3,"ambiguous"
"inflect_ward_k27",22,3058439,"CD161","ambiguous","discordant_tests;seed_instability",3,0,0,2,0.151750208461409,0,4,"ambiguous"
"inflect_ward_k27",22,3058439,"CD185_CXCR5","no_detected_multimodality","neither test rejects in any seed",3,0,0,0,1,0.975083695694001,4,"stratified_5_percent_pass_audit"
"inflect_ward_k27",22,3058439,"CD19","no_detected_multimodality","neither test rejects in any seed",3,0,0,0,1,0.629414707353677,4,"stratified_5_percent_pass_audit"
"inflect_ward_k27",22,3058439,"CD21","ambiguous","discordant_tests;seed_instability",3,0,0,1,1,0.0450225112556278,4,"ambiguous"
"inflect_ward_k27",22,3058439,"CD27","detected_multimodality","both tests reject in at least two seeds",3,3,3,3,0,0,4,"detected_multimodality"
"inflect_ward_k27",22,3058439,"CD3","no_detected_multimodality","neither test rejects in any seed",3,0,0,0,1,0.724862431215608,4,"stratified_5_percent_pass_audit"
"inflect_ward_k27",22,3058439,"CD38","no_detected_multimodality","neither test rejects in any seed",3,0,0,0,1,0.975083695694001,4,"stratified_5_percent_pass_audit"
"inflect_ward_k27",22,3058439,"CD4","no_detected_multimodality","neither test rejects in any seed",3,0,0,0,1,0.114807403701851,4,"stratified_5_percent_pass_audit"
"inflect_ward_k27",22,3058439,"CD57","ambiguous","borderline_q",3,0,0,0,1,0.0765382691345673,4,"ambiguous"
"inflect_ward_k27",22,3058439,"CD8","no_detected_multimodality","neither test rejects in any seed",3,0,0,0,1,0.975083695694001,4,"stratified_5_percent_pass_audit"
"inflect_ward_k27",22,3058439,"TCRgd_CD141","no_detected_multimodality","neither test rejects in any seed",3,0,0,0,1,0.975083695694001,4,"stratified_5_percent_pass_audit"
"inflect_ward_k27",23,217883,"CD11c","ambiguous","discordant_tests",3,0,0,3,0.497290765118164,0,1,"ambiguous"
"inflect_ward_k27",23,217883,"CD14","detected_multimodality","both tests reject in at least two seeds",3,3,3,3,0,0,1,"detected_multimodality"
"inflect_ward_k27",23,217883,"CD161","no_detected_multimodality","neither test rejects in any seed",3,0,0,0,1,0.934043945049448,1,"stratified_5_percent_pass_audit"
"inflect_ward_k27",23,217883,"CD1c","detected_multimodality","both tests reject in at least two seeds",3,3,3,3,0,0,1,"detected_multimodality"
"inflect_ward_k27",23,217883,"CD4","no_detected_multimodality","neither test rejects in any seed",3,0,0,0,1,0.934043945049448,1,"stratified_5_percent_pass_audit"
"inflect_ward_k27",23,217883,"HLA-DR","detected_multimodality","both tests reject in at least two seeds",3,3,3,3,0,0,1,"detected_multimodality"
"inflect_ward_k27",23,217883,"TCRgd_CD141","detected_multimodality","both tests reject in at least two seeds",3,3,3,3,5.24345897258971e-05,0,1,"detected_multimodality"
"inflect_ward_k27",24,4350638,"CD11c","no_detected_multimodality","neither test rejects in any seed",3,0,0,0,1,0.772586293146573,4,"stratified_5_percent_pass_audit"
"inflect_ward_k27",25,10638712,"CD127","ambiguous","discordant_tests;seed_instability",3,0,0,2,0.104770135201846,0,4,"ambiguous"
"inflect_ward_k27",25,10638712,"CD161","no_detected_multimodality","neither test rejects in any seed",3,0,0,0,1,0.92875008933038,4,"stratified_5_percent_pass_audit"
"inflect_ward_k27",25,10638712,"CD197_CCR7","detected_multimodality","both tests reject in at least two seeds",3,3,3,3,0,0,4,"detected_multimodality"
"inflect_ward_k27",25,10638712,"CD1c","no_detected_multimodality","neither test rejects in any seed",3,0,0,0,1,0.333166583291646,4,"stratified_5_percent_pass_audit"
"inflect_ward_k27",25,10638712,"CD27","detected_multimodality","both tests reject in at least two seeds",3,3,3,3,0,0,4,"detected_multimodality"
"inflect_ward_k27",25,10638712,"CD294_CRTH2","no_detected_multimodality","neither test rejects in any seed",3,0,0,0,1,0.584946319313503,4,"stratified_5_percent_pass_audit"
"inflect_ward_k27",25,10638712,"CD45RA","ambiguous","discordant_tests;seed_instability;borderline_q",3,0,0,2,0.318271750987157,0,4,"ambiguous"
"inflect_ward_k27",25,10638712,"CD7","detected_multimodality","both tests reject in at least two seeds",3,2,2,3,0,0,4,"detected_multimodality"
"inflect_ward_k27",27,2920244,"CD14","no_detected_multimodality","neither test rejects in any seed",3,0,0,0,1,0.462606303151576,4,"stratified_5_percent_pass_audit"
"inflect_ward_k27",27,2920244,"CD27","no_detected_multimodality","neither test rejects in any seed",3,0,0,0,1,0.529464732366183,4,"stratified_5_percent_pass_audit"
"inflect_ward_k27",27,2920244,"CD45RA","no_detected_multimodality","neither test rejects in any seed",3,0,0,0,1,0.462606303151576,4,"stratified_5_percent_pass_audit"
"inflect_ward_k27",27,2920244,"CD56","no_detected_multimodality","neither test rejects in any seed",3,0,0,0,1,0.499749874937469,4,"stratified_5_percent_pass_audit"
"inflect_ward_k27",27,2920244,"CD57","no_detected_multimodality","neither test rejects in any seed",3,0,0,0,1,0.462606303151576,4,"stratified_5_percent_pass_audit"
"inflect_ward_k27",27,2920244,"CD7","no_detected_multimodality","neither test rejects in any seed",3,0,0,0,1,0.51775887943972,4,"stratified_5_percent_pass_audit"
"inflect_ward_k27",27,2920244,"HLA-DR","no_detected_multimodality","neither test rejects in any seed",3,0,0,0,1,0.51775887943972,4,"stratified_5_percent_pass_audit"
"inflect_ward_k27",27,2920244,"Tbet","no_detected_multimodality","neither test rejects in any seed",3,0,0,0,1,0.529464732366183,4,"stratified_5_percent_pass_audit"
"inflect_ward_k28",1,1026945,"CD11c","detected_multimodality","both tests reject in at least two seeds",3,3,3,3,0,0,3,"detected_multimodality"
"inflect_ward_k28",1,1026945,"CD161","detected_multimodality","both tests reject in at least two seeds",3,3,3,3,0,0,3,"detected_multimodality"
"inflect_ward_k28",1,1026945,"CD185_CXCR5","ambiguous","discordant_tests;seed_instability",3,0,0,1,1,0.0495247623811906,3,"ambiguous"
"inflect_ward_k28",1,1026945,"CD197_CCR7","no_detected_multimodality","neither test rejects in any seed",3,0,0,0,1,0.189094547273637,3,"stratified_5_percent_pass_audit"
"inflect_ward_k28",1,1026945,"CD27","no_detected_multimodality","neither test rejects in any seed",3,0,0,0,1,0.9491091699696,3,"stratified_5_percent_pass_audit"
"inflect_ward_k28",1,1026945,"CD57","ambiguous","borderline_q",3,0,0,0,1,0.0911705852926463,3,"ambiguous"
"inflect_ward_k28",1,1026945,"CD7","no_detected_multimodality","neither test rejects in any seed",3,0,0,0,1,0.32416208104052,3,"stratified_5_percent_pass_audit"
"inflect_ward_k28",1,1026945,"Tbet","ambiguous","borderline_q",3,0,0,0,1,0.0911705852926463,3,"ambiguous"
"inflect_ward_k28",2,740677,"CD127","no_detected_multimodality","neither test rejects in any seed",3,0,0,0,1,0.983915034440297,3,"stratified_5_percent_pass_audit"
"inflect_ward_k28",2,740677,"CD159c_NKG2C","ambiguous","discordant_tests",3,0,0,3,0.510035663073678,0,3,"ambiguous"
"inflect_ward_k28",2,740677,"CD16","no_detected_multimodality","neither test rejects in any seed",3,0,0,0,1,0.317408704352176,3,"stratified_5_percent_pass_audit"
"inflect_ward_k28",2,740677,"CD161","no_detected_multimodality","neither test rejects in any seed",3,0,0,0,1,0.875687843921961,3,"stratified_5_percent_pass_audit"
"inflect_ward_k28",2,740677,"CD1c","no_detected_multimodality","neither test rejects in any seed",3,0,0,0,1,0.983915034440297,3,"stratified_5_percent_pass_audit"
"inflect_ward_k28",2,740677,"CD21","no_detected_multimodality","neither test rejects in any seed",3,0,0,0,1,0.918459229614807,3,"stratified_5_percent_pass_audit"
"inflect_ward_k28",2,740677,"CD57","detected_multimodality","both tests reject in at least two seeds",3,3,3,3,0,0,3,"detected_multimodality"
"inflect_ward_k28",2,740677,"CD8","no_detected_multimodality","neither test rejects in any seed",3,0,0,0,1,0.984954015469273,3,"stratified_5_percent_pass_audit"
"inflect_ward_k28",2,740677,"HLA-DR","no_detected_multimodality","neither test rejects in any seed",3,0,0,0,1,0.908811548631459,3,"stratified_5_percent_pass_audit"
"inflect_ward_k28",2,740677,"TCRgd_CD141","no_detected_multimodality","neither test rejects in any seed",3,0,0,0,1,0.157578789394697,3,"stratified_5_percent_pass_audit"
"inflect_ward_k28",3,374114,"CD11c","ambiguous","discordant_tests;seed_instability",3,0,0,1,0.571257738854488,0.0101300650325163,2,"ambiguous"
"inflect_ward_k28",3,374114,"CD16","detected_multimodality","both tests reject in at least two seeds",3,3,3,3,0,0,2,"detected_multimodality"
"inflect_ward_k28",3,374114,"CD25","no_detected_multimodality","neither test rejects in any seed",3,0,0,0,1,0.882441220610305,2,"stratified_5_percent_pass_audit"
"inflect_ward_k28",3,374114,"CD294_CRTH2","no_detected_multimodality","neither test rejects in any seed",3,0,0,0,1,0.24119202458372,2,"stratified_5_percent_pass_audit"
"inflect_ward_k28",3,374114,"CD3","detected_multimodality","both tests reject in at least two seeds",3,3,3,3,0,0,2,"detected_multimodality"
"inflect_ward_k28",3,374114,"CD38","no_detected_multimodality","neither test rejects in any seed",3,0,0,0,1,0.475737868934467,2,"stratified_5_percent_pass_audit"
"inflect_ward_k28",3,374114,"CD4","no_detected_multimodality","neither test rejects in any seed",3,0,0,0,1,0.595985492746373,2,"stratified_5_percent_pass_audit"
"inflect_ward_k28",3,374114,"CD56","ambiguous","discordant_tests;seed_instability",3,0,0,1,1,0.0202601300650325,2,"ambiguous"
"inflect_ward_k28",3,374114,"CD57","detected_multimodality","both tests reject in at least two seeds",3,3,3,3,0,0,2,"detected_multimodality"
"inflect_ward_k28",3,374114,"FoxP3","no_detected_multimodality","neither test rejects in any seed",3,0,0,0,1,0.657328664332166,2,"stratified_5_percent_pass_audit"
"inflect_ward_k28",4,510865,"CD11c","detected_multimodality","both tests reject in at least two seeds",3,3,3,3,0,0,2,"detected_multimodality"
"inflect_ward_k28",4,510865,"CD127","no_detected_multimodality","neither test rejects in any seed",3,0,0,0,0.99911405971634,0.703026513256628,2,"stratified_5_percent_pass_audit"
"inflect_ward_k28",4,510865,"CD14","no_detected_multimodality","neither test rejects in any seed",3,0,0,0,0.99911405971634,0.64112056028014,2,"stratified_5_percent_pass_audit"
"inflect_ward_k28",4,510865,"CD159c_NKG2C","no_detected_multimodality","neither test rejects in any seed",3,0,0,0,0.99911405971634,0.498249124562281,2,"stratified_5_percent_pass_audit"
"inflect_ward_k28",4,510865,"CD16","no_detected_multimodality","neither test rejects in any seed",3,0,0,0,0.99911405971634,0.451511470020725,2,"stratified_5_percent_pass_audit"
"inflect_ward_k28",4,510865,"CD161","no_detected_multimodality","neither test rejects in any seed",3,0,0,0,0.99911405971634,0.429964982491246,2,"stratified_5_percent_pass_audit"
"inflect_ward_k28",4,510865,"CD19","no_detected_multimodality","neither test rejects in any seed",3,0,0,0,0.99911405971634,0.745572786393197,2,"stratified_5_percent_pass_audit"
"inflect_ward_k28",4,510865,"CD3","detected_multimodality","both tests reject in at least two seeds",3,3,3,3,0,0,2,"detected_multimodality"
"inflect_ward_k28",4,510865,"CD303_TCRvd2","no_detected_multimodality","neither test rejects in any seed",3,0,0,0,0.99911405971634,0.683779389694847,2,"stratified_5_percent_pass_audit"
"inflect_ward_k28",4,510865,"CD56","detected_multimodality","both tests reject in at least two seeds",3,3,3,3,0,0,2,"detected_multimodality"
"inflect_ward_k28",4,510865,"CD57","ambiguous","discordant_tests;seed_instability",3,1,1,3,0.0382026012434219,0,2,"ambiguous"
"inflect_ward_k28",4,510865,"TCRgd_CD141","no_detected_multimodality","neither test rejects in any seed",3,0,0,0,0.99911405971634,0.628064032016008,2,"stratified_5_percent_pass_audit"
"inflect_ward_k28",5,364460,"CD11c","detected_multimodality","both tests reject in at least two seeds",3,3,3,3,0,0,2,"detected_multimodality"
"inflect_ward_k28",5,364460,"CD161","ambiguous","discordant_tests;seed_instability;borderline_q",3,0,0,2,0.0537640704291557,0,2,"ambiguous"
"inflect_ward_k28",5,364460,"CD197_CCR7","no_detected_multimodality","neither test rejects in any seed",3,0,0,0,1,0.715857928964482,2,"stratified_5_percent_pass_audit"
"inflect_ward_k28",5,364460,"CD27","no_detected_multimodality","neither test rejects in any seed",3,0,0,0,1,0.715857928964482,2,"stratified_5_percent_pass_audit"
"inflect_ward_k28",5,364460,"CD3","ambiguous","discordant_tests",3,0,0,3,1,0,2,"ambiguous"
"inflect_ward_k28",5,364460,"CD45RA","no_detected_multimodality","neither test rejects in any seed",3,0,0,0,1,0.643259129564782,2,"stratified_5_percent_pass_audit"
"inflect_ward_k28",5,364460,"CD56","ambiguous","discordant_tests",3,0,0,3,1,0,2,"ambiguous"
"inflect_ward_k28",5,364460,"CD57","ambiguous","discordant_tests;seed_instability",3,0,0,2,1,0,2,"ambiguous"
"inflect_ward_k28",5,364460,"HLA-DR","no_detected_multimodality","neither test rejects in any seed",3,0,0,0,1,0.715857928964482,2,"stratified_5_percent_pass_audit"
"inflect_ward_k28",6,408648,"CD159c_NKG2C","ambiguous","discordant_tests;seed_instability",3,0,0,1,0.620322000589815,0,2,"ambiguous"
"inflect_ward_k28",6,408648,"CD16","detected_multimodality","both tests reject in at least two seeds",3,3,3,3,0,0,2,"detected_multimodality"
"inflect_ward_k28",6,408648,"CD1c","no_detected_multimodality","neither test rejects in any seed",3,0,0,0,0.999352124435121,0.127349388980204,2,"stratified_5_percent_pass_audit"
"inflect_ward_k28",6,408648,"CD21","no_detected_multimodality","neither test rejects in any seed",3,0,0,0,0.999352124435121,0.635611923608863,2,"stratified_5_percent_pass_audit"
"inflect_ward_k28",6,408648,"CD3","detected_multimodality","both tests reject in at least two seeds",3,3,3,3,0,0,2,"detected_multimodality"
"inflect_ward_k28",6,408648,"CD57","detected_multimodality","both tests reject in at least two seeds",3,3,3,3,0,0,2,"detected_multimodality"
"inflect_ward_k28",6,408648,"CD7","no_detected_multimodality","neither test rejects in any seed",3,0,0,0,0.999352124435121,0.509572968302333,2,"stratified_5_percent_pass_audit"
"inflect_ward_k28",6,408648,"CD8","ambiguous","discordant_tests;seed_instability",3,0,0,1,0.246505917375151,0,2,"ambiguous"
"inflect_ward_k28",6,408648,"TCRgd_CD141","ambiguous","borderline_q",3,0,0,0,0.999352124435121,0.0621310655327664,2,"ambiguous"
"inflect_ward_k28",7,666506,"CD11c","no_detected_multimodality","neither test rejects in any seed",3,0,0,0,1,0.65604230686772,3,"stratified_5_percent_pass_audit"
"inflect_ward_k28",7,666506,"CD25","no_detected_multimodality","neither test rejects in any seed",3,0,0,0,1,0.858559714639929,3,"stratified_5_percent_pass_audit"
"inflect_ward_k28",7,666506,"CD3","no_detected_multimodality","neither test rejects in any seed",3,0,0,0,1,0.858559714639929,3,"stratified_5_percent_pass_audit"
"inflect_ward_k28",7,666506,"CD38","no_detected_multimodality","neither test rejects in any seed",3,0,0,0,1,0.858559714639929,3,"stratified_5_percent_pass_audit"
"inflect_ward_k28",7,666506,"CD45RA","ambiguous","discordant_tests;seed_instability",3,0,0,2,0.786336616735894,0.0135067533766883,3,"ambiguous"
"inflect_ward_k28",7,666506,"CD57","no_detected_multimodality","neither test rejects in any seed",3,0,0,0,1,0.378189094547274,3,"stratified_5_percent_pass_audit"
"inflect_ward_k28",8,705582,"CD11c","detected_multimodality","both tests reject in at least two seeds",3,3,3,3,0,0,3,"detected_multimodality"
"inflect_ward_k28",8,705582,"CD161","ambiguous","discordant_tests;seed_instability;borderline_q",3,1,1,3,8.70271918869125e-05,0,3,"ambiguous"
"inflect_ward_k28",8,705582,"CD294_CRTH2","no_detected_multimodality","neither test rejects in any seed",3,0,0,0,1,0.32995068963053,3,"stratified_5_percent_pass_audit"
"inflect_ward_k28",8,705582,"CD4","no_detected_multimodality","neither test rejects in any seed",3,0,0,0,1,0.794647323661831,3,"stratified_5_percent_pass_audit"
"inflect_ward_k28",8,705582,"CD45RA","no_detected_multimodality","neither test rejects in any seed",3,0,0,0,1,0.526763381690845,3,"stratified_5_percent_pass_audit"
"inflect_ward_k28",8,705582,"CD56","detected_multimodality","both tests reject in at least two seeds",3,3,3,3,0,0,3,"detected_multimodality"
"inflect_ward_k28",8,705582,"CD7","ambiguous","discordant_tests;seed_instability",3,1,1,3,0.0432047980585687,0,3,"ambiguous"
"inflect_ward_k28",8,705582,"FoxP3","ambiguous","discordant_tests;seed_instability;borderline_q",3,0,0,2,1,0,3,"ambiguous"
"inflect_ward_k28",8,705582,"HLA-DR","ambiguous","borderline_q",3,0,0,0,1,0.0832916458229114,3,"ambiguous"
"inflect_ward_k28",9,608176,"CD11c","no_detected_multimodality","neither test rejects in any seed",3,0,0,0,1,0.741643549047251,2,"stratified_5_percent_pass_audit"
"inflect_ward_k28",9,608176,"CD3","no_detected_multimodality","neither test rejects in any seed",3,0,0,0,1,0.812656328164082,2,"stratified_5_percent_pass_audit"
"inflect_ward_k28",9,608176,"CD45RA","ambiguous","discordant_tests;seed_instability",3,0,0,1,1,0.0135067533766883,2,"ambiguous"
"inflect_ward_k28",9,608176,"CD56","ambiguous","discordant_tests;seed_instability",3,0,0,1,1,0.0270135067533767,2,"ambiguous"
"inflect_ward_k28",9,608176,"CD57","detected_multimodality","both tests reject in at least two seeds",3,3,3,3,0,0,2,"detected_multimodality"
"inflect_ward_k28",10,264044,"CD11c","detected_multimodality","both tests reject in at least two seeds",3,3,3,3,0,0,1,"detected_multimodality"
"inflect_ward_k28",10,264044,"CD16","detected_multimodality","both tests reject in at least two seeds",3,3,3,3,0,0,1,"detected_multimodality"
"inflect_ward_k28",10,264044,"CD161","detected_multimodality","both tests reject in at least two seeds",3,3,3,3,0,0,1,"detected_multimodality"
"inflect_ward_k28",10,264044,"CD185_CXCR5","no_detected_multimodality","neither test rejects in any seed",3,0,0,0,1,0.856487067062943,1,"stratified_5_percent_pass_audit"
"inflect_ward_k28",10,264044,"CD197_CCR7","no_detected_multimodality","neither test rejects in any seed",3,0,0,0,1,0.86968484242121,1,"stratified_5_percent_pass_audit"
"inflect_ward_k28",10,264044,"CD27","no_detected_multimodality","neither test rejects in any seed",3,0,0,0,1,0.833816908454227,1,"stratified_5_percent_pass_audit"
"inflect_ward_k28",10,264044,"CD294_CRTH2","ambiguous","borderline_q",3,0,0,0,1,0.0832916458229114,1,"ambiguous"
"inflect_ward_k28",10,264044,"CD56","no_detected_multimodality","neither test rejects in any seed",3,0,0,0,1,0.872962797188068,1,"stratified_5_percent_pass_audit"
"inflect_ward_k28",10,264044,"FoxP3","ambiguous","borderline_q",3,0,0,0,1,0.0832916458229114,1,"ambiguous"
"inflect_ward_k28",10,264044,"Tbet","detected_multimodality","both tests reject in at least two seeds",3,3,3,3,0,0,1,"detected_multimodality"
"inflect_ward_k28",11,132476,"CD127","no_detected_multimodality","neither test rejects in any seed",3,0,0,0,0.99948733988417,0.9231346442452,1,"stratified_5_percent_pass_audit"
"inflect_ward_k28",11,132476,"CD159c_NKG2C","detected_multimodality","both tests reject in at least two seeds",3,3,3,3,0.00366513156220216,0,1,"detected_multimodality"
"inflect_ward_k28",11,132476,"CD16","no_detected_multimodality","neither test rejects in any seed",3,0,0,0,0.99948733988417,0.487931465732866,1,"stratified_5_percent_pass_audit"
"inflect_ward_k28",11,132476,"CD161","no_detected_multimodality","neither test rejects in any seed",3,0,0,0,0.99948733988417,0.9231346442452,1,"stratified_5_percent_pass_audit"
"inflect_ward_k28",11,132476,"CD1c","no_detected_multimodality","neither test rejects in any seed",3,0,0,0,0.99948733988417,0.798827985421282,1,"stratified_5_percent_pass_audit"
"inflect_ward_k28",11,132476,"CD21","no_detected_multimodality","neither test rejects in any seed",3,0,0,0,0.99948733988417,0.9231346442452,1,"stratified_5_percent_pass_audit"
"inflect_ward_k28",11,132476,"CD294_CRTH2","no_detected_multimodality","neither test rejects in any seed",3,0,0,0,0.99948733988417,0.9231346442452,1,"stratified_5_percent_pass_audit"
"inflect_ward_k28",11,132476,"CD3","ambiguous","borderline_q",3,0,0,0,0.99948733988417,0.0945472736368184,1,"ambiguous"
"inflect_ward_k28",11,132476,"Tbet","no_detected_multimodality","neither test rejects in any seed",3,0,0,0,0.99948733988417,0.168834417208604,1,"stratified_5_percent_pass_audit"
"inflect_ward_k28",12,195943,"CD161","detected_multimodality","both tests reject in at least two seeds",3,3,3,3,0,0,1,"detected_multimodality"
"inflect_ward_k28",12,195943,"CD21","ambiguous","discordant_tests;seed_instability",3,0,0,1,0.998831030090369,0.0225112556278139,1,"ambiguous"
"inflect_ward_k28",12,195943,"CD25","no_detected_multimodality","neither test rejects in any seed",3,0,0,0,0.998831030090369,0.895447723861931,1,"stratified_5_percent_pass_audit"
"inflect_ward_k28",12,195943,"CD27","detected_multimodality","both tests reject in at least two seeds",3,3,3,3,0,0,1,"detected_multimodality"
"inflect_ward_k28",12,195943,"CD3","no_detected_multimodality","neither test rejects in any seed",3,0,0,0,0.998831030090369,0.279139569784892,1,"stratified_5_percent_pass_audit"
"inflect_ward_k28",12,195943,"CD4","no_detected_multimodality","neither test rejects in any seed",3,0,0,0,0.998831030090369,0.170185092546273,1,"stratified_5_percent_pass_audit"
"inflect_ward_k28",12,195943,"CD57","no_detected_multimodality","neither test rejects in any seed",3,0,0,0,0.998831030090369,0.470035017508754,1,"stratified_5_percent_pass_audit"
"inflect_ward_k28",12,195943,"CD8","no_detected_multimodality","neither test rejects in any seed",3,0,0,0,0.998831030090369,0.401825912956478,1,"stratified_5_percent_pass_audit"
"inflect_ward_k28",12,195943,"TCRgd_CD141","no_detected_multimodality","neither test rejects in any seed",3,0,0,0,0.998831030090369,0.607803901950976,1,"stratified_5_percent_pass_audit"
"inflect_ward_k28",13,6160354,"CD127","ambiguous","discordant_tests;seed_instability",3,0,0,2,0.147200162314836,0,4,"ambiguous"
"inflect_ward_k28",13,6160354,"CD14","no_detected_multimodality","neither test rejects in any seed",3,0,0,0,1,0.77663831915958,4,"stratified_5_percent_pass_audit"
"inflect_ward_k28",13,6160354,"CD19","no_detected_multimodality","neither test rejects in any seed",3,0,0,0,1,0.197536268134067,4,"stratified_5_percent_pass_audit"
"inflect_ward_k28",13,6160354,"CD197_CCR7","detected_multimodality","both tests reject in at least two seeds",3,3,3,3,0,0,4,"detected_multimodality"
"inflect_ward_k28",13,6160354,"CD27","detected_multimodality","both tests reject in at least two seeds",3,3,3,3,0,0,4,"detected_multimodality"
"inflect_ward_k28",13,6160354,"CD4","no_detected_multimodality","neither test rejects in any seed",3,0,0,0,1,0.258557850353748,4,"stratified_5_percent_pass_audit"
"inflect_ward_k28",13,6160354,"CD45RA","detected_multimodality","both tests reject in at least two seeds",3,3,3,3,0,0,4,"detected_multimodality"
"inflect_ward_k28",13,6160354,"CD56","no_detected_multimodality","neither test rejects in any seed",3,0,0,0,1,0.681340670335168,4,"stratified_5_percent_pass_audit"
"inflect_ward_k28",13,6160354,"CD7","ambiguous","borderline_q",3,0,0,0,1,0.0999499749874938,4,"ambiguous"
"inflect_ward_k28",13,6160354,"HLA-DR","no_detected_multimodality","neither test rejects in any seed",3,0,0,0,1,0.911412227853057,4,"stratified_5_percent_pass_audit"
"inflect_ward_k28",14,547308,"CD161","ambiguous","discordant_tests;seed_instability",3,0,0,2,0.112417784815967,0,2,"ambiguous"
"inflect_ward_k28",14,547308,"CD185_CXCR5","no_detected_multimodality","neither test rejects in any seed",3,0,0,0,1,0.959979989994997,2,"stratified_5_percent_pass_audit"
"inflect_ward_k28",14,547308,"CD27","ambiguous","discordant_tests;seed_instability",3,0,0,2,0.335552421272531,0,2,"ambiguous"
"inflect_ward_k28",14,547308,"CD3","ambiguous","discordant_tests",3,0,0,3,1,0,2,"ambiguous"
"inflect_ward_k28",14,547308,"CD303_TCRvd2","detected_multimodality","both tests reject in at least two seeds",3,3,3,3,0,0,2,"detected_multimodality"
"inflect_ward_k28",14,547308,"CD56","no_detected_multimodality","neither test rejects in any seed",3,0,0,0,1,0.718313702305698,2,"stratified_5_percent_pass_audit"
"inflect_ward_k28",14,547308,"CD57","ambiguous","discordant_tests;seed_instability",3,0,0,1,1,0,2,"ambiguous"
"inflect_ward_k28",14,547308,"Tbet","no_detected_multimodality","neither test rejects in any seed",3,0,0,0,1,0.297148574287144,2,"stratified_5_percent_pass_audit"
"inflect_ward_k28",14,547308,"TCRgd_CD141","ambiguous","discordant_tests;seed_instability",3,0,0,1,0.335552421272531,0,2,"ambiguous"
"inflect_ward_k28",15,636588,"CD16","detected_multimodality","both tests reject in at least two seeds",3,3,3,3,0,0,3,"detected_multimodality"
"inflect_ward_k28",15,636588,"CD185_CXCR5","ambiguous","discordant_tests",3,0,0,3,0.799356629511176,0,3,"ambiguous"
"inflect_ward_k28",15,636588,"CD197_CCR7","ambiguous","borderline_q",3,0,0,0,1,0.0585292646323162,3,"ambiguous"
"inflect_ward_k28",15,636588,"CD21","detected_multimodality","both tests reject in at least two seeds",3,2,2,3,0.00608305389353292,0,3,"detected_multimodality"
"inflect_ward_k28",15,636588,"CD3","ambiguous","discordant_tests;seed_instability",3,0,0,1,1,0.00337668834417209,3,"ambiguous"
"inflect_ward_k28",15,636588,"CD303_TCRvd2","no_detected_multimodality","neither test rejects in any seed",3,0,0,0,1,0.508061723169277,3,"stratified_5_percent_pass_audit"
"inflect_ward_k28",15,636588,"CD38","ambiguous","discordant_tests",3,0,0,3,1,0,3,"ambiguous"
"inflect_ward_k28",15,636588,"CD45RA","ambiguous","discordant_tests;seed_instability",3,0,0,2,1,0.0135067533766883,3,"ambiguous"
"inflect_ward_k28",16,1332180,"CD161","ambiguous","discordant_tests;seed_instability;borderline_q",3,1,1,3,0.0417143500314388,0,4,"ambiguous"
"inflect_ward_k28",16,1332180,"CD21","no_detected_multimodality","neither test rejects in any seed",3,0,0,0,1,0.977988994497249,4,"stratified_5_percent_pass_audit"
"inflect_ward_k28",16,1332180,"CD27","detected_multimodality","both tests reject in at least two seeds",3,3,3,3,0,0,4,"detected_multimodality"
"inflect_ward_k28",16,1332180,"CD3","ambiguous","borderline_q",3,0,0,0,1,0.0855427713856929,4,"ambiguous"
"inflect_ward_k28",16,1332180,"CD303_TCRvd2","detected_multimodality","both tests reject in at least two seeds",3,3,3,3,0,0,4,"detected_multimodality"
"inflect_ward_k28",16,1332180,"CD38","no_detected_multimodality","neither test rejects in any seed",3,0,0,0,1,0.977988994497249,4,"stratified_5_percent_pass_audit"
"inflect_ward_k28",16,1332180,"CD45RA","ambiguous","discordant_tests;seed_instability",3,1,1,3,0.00129417502799403,0,4,"ambiguous"
"inflect_ward_k28",16,1332180,"Tbet","detected_multimodality","both tests reject in at least two seeds",3,3,3,3,0,0,4,"detected_multimodality"
"inflect_ward_k28",17,160846,"CD14","no_detected_multimodality","neither test rejects in any seed",3,0,0,0,0.999245315809753,0.474325397993114,1,"stratified_5_percent_pass_audit"
"inflect_ward_k28",17,160846,"CD159c_NKG2C","ambiguous","discordant_tests;seed_instability;borderline_q",3,0,0,2,0.999245315809753,0.00900450225112556,1,"ambiguous"
"inflect_ward_k28",17,160846,"CD19","no_detected_multimodality","neither test rejects in any seed",3,0,0,0,0.999245315809753,0.148574287143572,1,"stratified_5_percent_pass_audit"
"inflect_ward_k28",17,160846,"CD303_TCRvd2","no_detected_multimodality","neither test rejects in any seed",3,0,0,0,0.999245315809753,0.594972486243122,1,"stratified_5_percent_pass_audit"
"inflect_ward_k28",17,160846,"CD38","no_detected_multimodality","neither test rejects in any seed",3,0,0,0,0.999245315809753,0.457151652749452,1,"stratified_5_percent_pass_audit"
"inflect_ward_k28",17,160846,"CD45RA","no_detected_multimodality","neither test rejects in any seed",3,0,0,0,0.999245315809753,0.461159151004073,1,"stratified_5_percent_pass_audit"
"inflect_ward_k28",17,160846,"CD56","ambiguous","discordant_tests",3,0,0,3,0.268880453836848,0,1,"ambiguous"
"inflect_ward_k28",17,160846,"CD57","detected_multimodality","both tests reject in at least two seeds",3,3,3,3,0,0,1,"detected_multimodality"
"inflect_ward_k28",17,160846,"HLA-DR","no_detected_multimodality","neither test rejects in any seed",3,0,0,0,0.999245315809753,0.457151652749452,1,"stratified_5_percent_pass_audit"
"inflect_ward_k28",18,336733,"CD161","detected_multimodality","both tests reject in at least two seeds",3,3,3,3,0.000868278728225091,0,2,"detected_multimodality"
"inflect_ward_k28",18,336733,"CD27","detected_multimodality","both tests reject in at least two seeds",3,3,3,3,0,0,2,"detected_multimodality"
"inflect_ward_k28",18,336733,"CD57","no_detected_multimodality","neither test rejects in any seed",3,0,0,0,1,0.859929964982491,2,"stratified_5_percent_pass_audit"
"inflect_ward_k28",18,336733,"CD8","no_detected_multimodality","neither test rejects in any seed",3,0,0,0,1,0.793039376831273,2,"stratified_5_percent_pass_audit"
"inflect_ward_k28",19,99969,"CD11c","no_detected_multimodality","neither test rejects in any seed",3,0,0,0,1,0.106553276638319,1,"stratified_5_percent_pass_audit"
"inflect_ward_k28",19,99969,"CD127","ambiguous","discordant_tests;seed_instability;borderline_q",3,1,1,3,0.00885820696555492,0,1,"ambiguous"
"inflect_ward_k28",19,99969,"CD159c_NKG2C","no_detected_multimodality","neither test rejects in any seed",3,0,0,0,1,0.663908877515681,1,"stratified_5_percent_pass_audit"
"inflect_ward_k28",19,99969,"CD16","detected_multimodality","both tests reject in at least two seeds",3,3,3,3,0,0,1,"detected_multimodality"
"inflect_ward_k28",19,99969,"CD161","ambiguous","discordant_tests;seed_instability",3,0,0,1,0.59157758440029,0.0154362895733581,1,"ambiguous"
"inflect_ward_k28",19,99969,"CD27","detected_multimodality","both tests reject in at least two seeds",3,3,3,3,0,0,1,"detected_multimodality"
"inflect_ward_k28",19,99969,"CD4","ambiguous","borderline_q",3,0,0,0,1,0.0926177374401486,1,"ambiguous"
"inflect_ward_k28",19,99969,"CD45RA","detected_multimodality","both tests reject in at least two seeds",3,3,3,3,0,0,1,"detected_multimodality"
"inflect_ward_k28",19,99969,"CD56","detected_multimodality","both tests reject in at least two seeds",3,3,3,3,0.00357043802355004,0,1,"detected_multimodality"
"inflect_ward_k28",19,99969,"CD57","ambiguous","discordant_tests;seed_instability;borderline_q",3,0,0,1,1,0.00578860859000929,1,"ambiguous"
"inflect_ward_k28",19,99969,"Tbet","detected_multimodality","both tests reject in at least two seeds",3,3,3,3,0.000588155184173017,0,1,"detected_multimodality"
"inflect_ward_k28",20,1298228,"CD127","no_detected_multimodality","neither test rejects in any seed",3,0,0,0,1,0.907113556778389,4,"stratified_5_percent_pass_audit"
"inflect_ward_k28",20,1298228,"CD16","no_detected_multimodality","neither test rejects in any seed",3,0,0,0,1,0.907113556778389,4,"stratified_5_percent_pass_audit"
"inflect_ward_k28",20,1298228,"CD161","no_detected_multimodality","neither test rejects in any seed",3,0,0,0,1,0.695995056351705,4,"stratified_5_percent_pass_audit"
"inflect_ward_k28",20,1298228,"CD185_CXCR5","detected_multimodality","both tests reject in at least two seeds",3,3,3,3,0,0,4,"detected_multimodality"
"inflect_ward_k28",20,1298228,"CD19","ambiguous","discordant_tests;seed_instability;borderline_q",3,1,1,3,0.0160618398615294,0,4,"ambiguous"
"inflect_ward_k28",20,1298228,"CD1c","no_detected_multimodality","neither test rejects in any seed",3,0,0,0,1,0.695995056351705,4,"stratified_5_percent_pass_audit"
"inflect_ward_k28",20,1298228,"CD21","detected_multimodality","both tests reject in at least two seeds",3,3,3,3,0,0,4,"detected_multimodality"
"inflect_ward_k28",20,1298228,"CD25","no_detected_multimodality","neither test rejects in any seed",3,0,0,0,1,0.695995056351705,4,"stratified_5_percent_pass_audit"
"inflect_ward_k28",20,1298228,"CD27","no_detected_multimodality","neither test rejects in any seed",3,0,0,0,1,0.695995056351705,4,"stratified_5_percent_pass_audit"
"inflect_ward_k28",20,1298228,"CD294_CRTH2","no_detected_multimodality","neither test rejects in any seed",3,0,0,0,1,0.239744872436218,4,"stratified_5_percent_pass_audit"
"inflect_ward_k28",20,1298228,"CD38","ambiguous","discordant_tests;seed_instability",3,0,0,1,1,0.00675337668834417,4,"ambiguous"
"inflect_ward_k28",20,1298228,"CD57","no_detected_multimodality","neither test rejects in any seed",3,0,0,0,1,0.490745372686343,4,"stratified_5_percent_pass_audit"
"inflect_ward_k28",21,1294395,"CD11c","detected_multimodality","both tests reject in at least two seeds",3,3,3,3,0,0,3,"detected_multimodality"
"inflect_ward_k28",21,1294395,"CD14","no_detected_multimodality","neither test rejects in any seed",3,0,0,0,0.99922651369266,0.240870435217609,3,"stratified_5_percent_pass_audit"
"inflect_ward_k28",21,1294395,"CD159c_NKG2C","no_detected_multimodality","neither test rejects in any seed",3,0,0,0,0.99922651369266,0.813928703482176,3,"stratified_5_percent_pass_audit"
"inflect_ward_k28",21,1294395,"CD16","ambiguous","discordant_tests;seed_instability",3,0,0,2,0.99922651369266,0,3,"ambiguous"
"inflect_ward_k28",21,1294395,"CD185_CXCR5","no_detected_multimodality","neither test rejects in any seed",3,0,0,0,0.99922651369266,0.715182591295648,3,"stratified_5_percent_pass_audit"
"inflect_ward_k28",21,1294395,"CD19","no_detected_multimodality","neither test rejects in any seed",3,0,0,0,0.99922651369266,0.326617854381736,3,"stratified_5_percent_pass_audit"
"inflect_ward_k28",21,1294395,"CD1c","ambiguous","discordant_tests",3,0,0,3,0.99922651369266,0,3,"ambiguous"
"inflect_ward_k28",21,1294395,"CD294_CRTH2","ambiguous","borderline_q",3,0,0,0,0.99922651369266,0.0999499749874938,3,"ambiguous"
"inflect_ward_k28",21,1294395,"CD303_TCRvd2","ambiguous","discordant_tests",3,0,0,3,0.111639602731718,0,3,"ambiguous"
"inflect_ward_k28",21,1294395,"CD38","ambiguous","discordant_tests;seed_instability",3,0,0,1,0.99922651369266,0.0225112556278139,3,"ambiguous"
"inflect_ward_k28",21,1294395,"CD45RA","ambiguous","borderline_q",3,0,0,0,0.99922651369266,0.0999499749874938,3,"ambiguous"
"inflect_ward_k28",21,1294395,"CD56","no_detected_multimodality","neither test rejects in any seed",3,0,0,0,0.99922651369266,0.511455727863932,3,"stratified_5_percent_pass_audit"
"inflect_ward_k28",21,1294395,"FoxP3","no_detected_multimodality","neither test rejects in any seed",3,0,0,0,0.99922651369266,0.414657328664332,3,"stratified_5_percent_pass_audit"
"inflect_ward_k28",21,1294395,"TCRgd_CD141","ambiguous","discordant_tests;seed_instability",3,0,0,1,0.28050007201573,0,3,"ambiguous"
"inflect_ward_k28",22,3058439,"CD127","ambiguous","discordant_tests;seed_instability;borderline_q",3,0,0,1,1,0,4,"ambiguous"
"inflect_ward_k28",22,3058439,"CD161","ambiguous","discordant_tests;seed_instability",3,0,0,2,0.53855452624409,0,4,"ambiguous"
"inflect_ward_k28",22,3058439,"CD197_CCR7","no_detected_multimodality","neither test rejects in any seed",3,0,0,0,1,0.510255127563782,4,"stratified_5_percent_pass_audit"
"inflect_ward_k28",22,3058439,"CD27","detected_multimodality","both tests reject in at least two seeds",3,3,3,3,0,0,4,"detected_multimodality"
"inflect_ward_k28",22,3058439,"CD45RA","no_detected_multimodality","neither test rejects in any seed",3,0,0,0,1,0.363181590795398,4,"stratified_5_percent_pass_audit"
"inflect_ward_k28",22,3058439,"CD57","ambiguous","discordant_tests;seed_instability",3,0,0,2,1,0.0180090045022511,4,"ambiguous"
"inflect_ward_k28",22,3058439,"CD7","ambiguous","discordant_tests;seed_instability;borderline_q",3,0,0,1,1,0.00675337668834417,4,"ambiguous"
"inflect_ward_k28",22,3058439,"Tbet","no_detected_multimodality","neither test rejects in any seed",3,0,0,0,1,0.575878848515167,4,"stratified_5_percent_pass_audit"
"inflect_ward_k28",23,217883,"CD11c","ambiguous","discordant_tests",3,0,0,3,0.132585821189405,0,1,"ambiguous"
"inflect_ward_k28",23,217883,"CD14","detected_multimodality","both tests reject in at least two seeds",3,3,3,3,0,0,1,"detected_multimodality"
"inflect_ward_k28",23,217883,"CD1c","detected_multimodality","both tests reject in at least two seeds",3,3,3,3,0,0,1,"detected_multimodality"
"inflect_ward_k28",23,217883,"CD3","ambiguous","borderline_q",3,0,0,0,0.999874698935467,0.0787893946973487,1,"ambiguous"
"inflect_ward_k28",23,217883,"CD7","no_detected_multimodality","neither test rejects in any seed",3,0,0,0,0.999874698935467,0.303151575787894,1,"stratified_5_percent_pass_audit"
"inflect_ward_k28",23,217883,"FoxP3","no_detected_multimodality","neither test rejects in any seed",3,0,0,0,0.999874698935467,0.55040020010005,1,"stratified_5_percent_pass_audit"
"inflect_ward_k28",23,217883,"HLA-DR","detected_multimodality","both tests reject in at least two seeds",3,3,3,3,0,0,1,"detected_multimodality"
"inflect_ward_k28",23,217883,"TCRgd_CD141","detected_multimodality","both tests reject in at least two seeds",3,3,3,3,0.000149996668018543,0,1,"detected_multimodality"
"inflect_ward_k28",24,4350638,"CD8","no_detected_multimodality","neither test rejects in any seed",3,0,0,0,1,0.616808404202101,4,"stratified_5_percent_pass_audit"
"inflect_ward_k28",25,9610568,"CD11c","no_detected_multimodality","neither test rejects in any seed",3,0,0,0,1,0.175587793896948,4,"stratified_5_percent_pass_audit"
"inflect_ward_k28",25,9610568,"CD159c_NKG2C","no_detected_multimodality","neither test rejects in any seed",3,0,0,0,1,0.507853926963482,4,"stratified_5_percent_pass_audit"
"inflect_ward_k28",25,9610568,"CD185_CXCR5","no_detected_multimodality","neither test rejects in any seed",3,0,0,0,1,0.604427213606803,4,"stratified_5_percent_pass_audit"
"inflect_ward_k28",25,9610568,"CD197_CCR7","detected_multimodality","both tests reject in at least two seeds",3,3,3,3,0,0,4,"detected_multimodality"
"inflect_ward_k28",25,9610568,"CD27","detected_multimodality","both tests reject in at least two seeds",3,3,3,3,0,0,4,"detected_multimodality"
"inflect_ward_k28",25,9610568,"CD303_TCRvd2","no_detected_multimodality","neither test rejects in any seed",3,0,0,0,1,0.966983491745873,4,"stratified_5_percent_pass_audit"
"inflect_ward_k28",25,9610568,"CD45RA","detected_multimodality","both tests reject in at least two seeds",3,2,2,3,0.0122467111262597,0,4,"detected_multimodality"
"inflect_ward_k28",25,9610568,"CD7","detected_multimodality","both tests reject in at least two seeds",3,3,3,3,0.00336314899186929,0,4,"detected_multimodality"
"inflect_ward_k28",25,9610568,"FoxP3","no_detected_multimodality","neither test rejects in any seed",3,0,0,0,1,0.601894697348674,4,"stratified_5_percent_pass_audit"
"inflect_ward_k28",25,9610568,"TCRgd_CD141","no_detected_multimodality","neither test rejects in any seed",3,0,0,0,1,0.750589580504538,4,"stratified_5_percent_pass_audit"
"inflect_ward_k28",26,1028144,"CD25","detected_multimodality","both tests reject in at least two seeds",3,2,2,3,0.0138791614464484,0,3,"detected_multimodality"
"inflect_ward_k28",26,1028144,"FoxP3","detected_multimodality","both tests reject in at least two seeds",3,3,3,3,0,0,3,"detected_multimodality"
"inflect_ward_k28",26,1028144,"Tbet","no_detected_multimodality","neither test rejects in any seed",3,0,0,0,1,0.68742265869777,3,"stratified_5_percent_pass_audit"
"inflect_ward_k28",28,2920244,"CD3","no_detected_multimodality","neither test rejects in any seed",3,0,0,0,1,0.850311519396062,4,"stratified_5_percent_pass_audit"
"inflect_ward_k28",28,2920244,"CD7","no_detected_multimodality","neither test rejects in any seed",3,0,0,0,1,0.84192096048024,4,"stratified_5_percent_pass_audit"
"inflect_ward_k38",1,1026945,"CD11c","detected_multimodality","both tests reject in at least two seeds",3,3,3,3,0,0,4,"detected_multimodality"
"inflect_ward_k38",1,1026945,"CD161","detected_multimodality","both tests reject in at least two seeds",3,3,3,3,0,0,4,"detected_multimodality"
"inflect_ward_k38",1,1026945,"CD25","no_detected_multimodality","neither test rejects in any seed",3,0,0,0,0.999506190843542,0.632116058029014,4,"stratified_5_percent_pass_audit"
"inflect_ward_k38",2,740677,"CD159c_NKG2C","ambiguous","discordant_tests;seed_instability",3,0,0,2,0.510035663073678,0,4,"ambiguous"
"inflect_ward_k38",2,740677,"CD19","no_detected_multimodality","neither test rejects in any seed",3,0,0,0,0.999508078161286,0.594297148574287,4,"stratified_5_percent_pass_audit"
"inflect_ward_k38",2,740677,"CD38","no_detected_multimodality","neither test rejects in any seed",3,0,0,0,0.999508078161286,0.582719931394269,4,"stratified_5_percent_pass_audit"
"inflect_ward_k38",2,740677,"CD57","detected_multimodality","both tests reject in at least two seeds",3,3,3,3,0,0,4,"detected_multimodality"
"inflect_ward_k38",2,740677,"CD7","no_detected_multimodality","neither test rejects in any seed",3,0,0,0,0.999508078161286,0.757021367826771,4,"stratified_5_percent_pass_audit"
"inflect_ward_k38",3,333974,"CD14","no_detected_multimodality","neither test rejects in any seed",3,0,0,0,1,0.884370756806975,2,"stratified_5_percent_pass_audit"
"inflect_ward_k38",3,333974,"CD159c_NKG2C","ambiguous","borderline_q",3,0,0,0,1,0.0844172086043021,2,"ambiguous"
"inflect_ward_k38",3,333974,"CD16","detected_multimodality","both tests reject in at least two seeds",3,3,3,3,0,0,2,"detected_multimodality"
"inflect_ward_k38",3,333974,"CD19","no_detected_multimodality","neither test rejects in any seed",3,0,0,0,1,0.797937430253588,2,"stratified_5_percent_pass_audit"
"inflect_ward_k38",3,333974,"CD3","detected_multimodality","both tests reject in at least two seeds",3,3,3,3,0,0,2,"detected_multimodality"
"inflect_ward_k38",3,333974,"CD38","no_detected_multimodality","neither test rejects in any seed",3,0,0,0,1,0.328664332166083,2,"stratified_5_percent_pass_audit"
"inflect_ward_k38",3,333974,"CD56","no_detected_multimodality","neither test rejects in any seed",3,0,0,0,1,0.894259629814907,2,"stratified_5_percent_pass_audit"
"inflect_ward_k38",3,333974,"CD57","detected_multimodality","both tests reject in at least two seeds",3,3,3,3,0,0,2,"detected_multimodality"
"inflect_ward_k38",3,333974,"Tbet","no_detected_multimodality","neither test rejects in any seed",3,0,0,0,1,0.393946973486743,2,"stratified_5_percent_pass_audit"
"inflect_ward_k38",4,331025,"CD11c","ambiguous","discordant_tests;seed_instability;borderline_q",3,1,1,2,0.000518132957011697,0,2,"ambiguous"
"inflect_ward_k38",4,331025,"CD159c_NKG2C","no_detected_multimodality","neither test rejects in any seed",3,0,0,0,0.998005612357856,0.879939969984992,2,"stratified_5_percent_pass_audit"
"inflect_ward_k38",4,331025,"CD161","detected_multimodality","both tests reject in at least two seeds",3,2,2,3,0.016942382351636,0,2,"detected_multimodality"
"inflect_ward_k38",4,331025,"CD294_CRTH2","ambiguous","borderline_q",3,0,0,0,0.998005612357856,0.0567283641820911,2,"ambiguous"
"inflect_ward_k38",4,331025,"CD3","detected_multimodality","both tests reject in at least two seeds",3,3,3,3,0,0,2,"detected_multimodality"
"inflect_ward_k38",4,331025,"CD303_TCRvd2","no_detected_multimodality","neither test rejects in any seed",3,0,0,0,0.998005612357856,0.518321660830415,2,"stratified_5_percent_pass_audit"
"inflect_ward_k38",4,331025,"CD57","ambiguous","discordant_tests;seed_instability",3,1,1,3,0.0135071224050572,0,2,"ambiguous"
"inflect_ward_k38",4,331025,"CD8","no_detected_multimodality","neither test rejects in any seed",3,0,0,0,0.998005612357856,0.665882941470735,2,"stratified_5_percent_pass_audit"
"inflect_ward_k38",4,331025,"HLA-DR","no_detected_multimodality","neither test rejects in any seed",3,0,0,0,0.998005612357856,0.665882941470735,2,"stratified_5_percent_pass_audit"
"inflect_ward_k38",5,317695,"CD11c","detected_multimodality","both tests reject in at least two seeds",3,3,3,3,0.000122019911615756,0,2,"detected_multimodality"
"inflect_ward_k38",5,317695,"CD16","no_detected_multimodality","neither test rejects in any seed",3,0,0,0,1,0.819184592296148,2,"stratified_5_percent_pass_audit"
"inflect_ward_k38",5,317695,"CD161","ambiguous","discordant_tests;seed_instability",3,1,1,3,0.0478715038946317,0,2,"ambiguous"
"inflect_ward_k38",5,317695,"CD1c","no_detected_multimodality","neither test rejects in any seed",3,0,0,0,1,0.69672336168084,2,"stratified_5_percent_pass_audit"
"inflect_ward_k38",5,317695,"CD21","no_detected_multimodality","neither test rejects in any seed",3,0,0,0,1,0.874255309472918,2,"stratified_5_percent_pass_audit"
"inflect_ward_k38",5,317695,"CD25","no_detected_multimodality","neither test rejects in any seed",3,0,0,0,1,0.678039019509755,2,"stratified_5_percent_pass_audit"
"inflect_ward_k38",5,317695,"CD3","ambiguous","borderline_q",3,0,0,0,1,0.0810405202601301,2,"ambiguous"
"inflect_ward_k38",5,317695,"CD57","ambiguous","discordant_tests;seed_instability",3,0,0,2,0.326025449603596,0,2,"ambiguous"
"inflect_ward_k38",6,128303,"CD159c_NKG2C","ambiguous","discordant_tests;seed_instability",3,0,0,2,0.214207544524189,0,1,"ambiguous"
"inflect_ward_k38",6,128303,"CD19","no_detected_multimodality","neither test rejects in any seed",3,0,0,0,1,0.416008004002001,1,"stratified_5_percent_pass_audit"
"inflect_ward_k38",6,128303,"CD303_TCRvd2","no_detected_multimodality","neither test rejects in any seed",3,0,0,0,1,0.327538769384692,1,"stratified_5_percent_pass_audit"
"inflect_ward_k38",6,128303,"CD38","no_detected_multimodality","neither test rejects in any seed",3,0,0,0,1,0.696562566997785,1,"stratified_5_percent_pass_audit"
"inflect_ward_k38",6,128303,"CD57","detected_multimodality","both tests reject in at least two seeds",3,3,3,3,0,0,1,"detected_multimodality"
"inflect_ward_k38",6,128303,"CD8","ambiguous","discordant_tests;seed_instability",3,0,0,1,1,0.0450225112556278,1,"ambiguous"
"inflect_ward_k38",6,128303,"FoxP3","no_detected_multimodality","neither test rejects in any seed",3,0,0,0,1,0.775446546802813,1,"stratified_5_percent_pass_audit"
"inflect_ward_k38",7,280345,"CD159c_NKG2C","ambiguous","discordant_tests;seed_instability",3,0,0,2,1,0.00675337668834417,2,"ambiguous"
"inflect_ward_k38",7,280345,"CD27","no_detected_multimodality","neither test rejects in any seed",3,0,0,0,1,0.922615153730712,2,"stratified_5_percent_pass_audit"
"inflect_ward_k38",7,280345,"CD45RA","no_detected_multimodality","neither test rejects in any seed",3,0,0,0,1,0.922615153730712,2,"stratified_5_percent_pass_audit"
"inflect_ward_k38",7,280345,"CD57","detected_multimodality","both tests reject in at least two seeds",3,3,3,3,0,0,2,"detected_multimodality"
"inflect_ward_k38",8,666506,"CD159c_NKG2C","ambiguous","borderline_q",3,0,0,0,1,0.0742871435717859,3,"ambiguous"
"inflect_ward_k38",8,666506,"CD161","no_detected_multimodality","neither test rejects in any seed",3,0,0,0,1,0.848224112056028,3,"stratified_5_percent_pass_audit"
"inflect_ward_k38",8,666506,"CD21","ambiguous","borderline_q",3,0,0,0,1,0.0720360180090045,3,"ambiguous"
"inflect_ward_k38",8,666506,"CD3","no_detected_multimodality","neither test rejects in any seed",3,0,0,0,1,0.981490745372686,3,"stratified_5_percent_pass_audit"
"inflect_ward_k38",8,666506,"CD45RA","ambiguous","seed_instability",3,1,1,1,0.000185989130343844,0,3,"ambiguous"
"inflect_ward_k38",8,666506,"CD57","ambiguous","discordant_tests;seed_instability;borderline_q",3,0,0,1,1,0.0270135067533767,3,"ambiguous"
"inflect_ward_k38",8,666506,"CD7","no_detected_multimodality","neither test rejects in any seed",3,0,0,0,1,0.737806403201601,3,"stratified_5_percent_pass_audit"
"inflect_ward_k38",8,666506,"HLA-DR","no_detected_multimodality","neither test rejects in any seed",3,0,0,0,1,0.666333166583292,3,"stratified_5_percent_pass_audit"
"inflect_ward_k38",9,582601,"CD11c","ambiguous","discordant_tests;seed_instability",3,0,0,1,1,0.040520260130065,3,"ambiguous"
"inflect_ward_k38",9,582601,"CD127","no_detected_multimodality","neither test rejects in any seed",3,0,0,0,1,0.982991495747874,3,"stratified_5_percent_pass_audit"
"inflect_ward_k38",9,582601,"CD16","no_detected_multimodality","neither test rejects in any seed",3,0,0,0,1,0.126063031515758,3,"stratified_5_percent_pass_audit"
"inflect_ward_k38",9,582601,"CD161","detected_multimodality","both tests reject in at least two seeds",3,3,3,3,0.000114404647961086,0,3,"detected_multimodality"
"inflect_ward_k38",9,582601,"CD1c","no_detected_multimodality","neither test rejects in any seed",3,0,0,0,1,0.982991495747874,3,"stratified_5_percent_pass_audit"
"inflect_ward_k38",9,582601,"CD25","no_detected_multimodality","neither test rejects in any seed",3,0,0,0,1,0.982991495747874,3,"stratified_5_percent_pass_audit"
"inflect_ward_k38",9,582601,"CD294_CRTH2","no_detected_multimodality","neither test rejects in any seed",3,0,0,0,1,0.841470735367684,3,"stratified_5_percent_pass_audit"
"inflect_ward_k38",9,582601,"CD57","ambiguous","discordant_tests;seed_instability",3,0,0,1,1,0.040520260130065,3,"ambiguous"
"inflect_ward_k38",10,46765,"CD11c","ambiguous","discordant_tests;seed_instability;borderline_q",3,1,1,3,0.000577650787834005,0,1,"ambiguous"
"inflect_ward_k38",10,46765,"CD127","no_detected_multimodality","neither test rejects in any seed",3,0,0,0,1,0.837418709354677,1,"stratified_5_percent_pass_audit"
"inflect_ward_k38",10,46765,"CD14","no_detected_multimodality","neither test rejects in any seed",3,0,0,0,1,0.837418709354677,1,"stratified_5_percent_pass_audit"
"inflect_ward_k38",10,46765,"CD159c_NKG2C","no_detected_multimodality","neither test rejects in any seed",3,0,0,0,1,0.583907338284527,1,"stratified_5_percent_pass_audit"
"inflect_ward_k38",10,46765,"CD161","ambiguous","borderline_q",3,0,0,0,1,0.0607803901950975,1,"ambiguous"
"inflect_ward_k38",10,46765,"CD27","ambiguous","discordant_tests;seed_instability",3,0,0,1,1,0.0168834417208604,1,"ambiguous"
"inflect_ward_k38",10,46765,"CD3","detected_multimodality","both tests reject in at least two seeds",3,3,3,3,0,0,1,"detected_multimodality"
"inflect_ward_k38",10,46765,"CD56","detected_multimodality","both tests reject in at least two seeds",3,2,2,3,0,0,1,"detected_multimodality"
"inflect_ward_k38",10,46765,"CD57","ambiguous","discordant_tests;seed_instability",3,0,0,1,1,0,1,"ambiguous"
"inflect_ward_k38",11,608176,"CD1c","ambiguous","borderline_q",3,0,0,0,0.999877576880795,0.0877938969484742,3,"ambiguous"
"inflect_ward_k38",11,608176,"CD27","no_detected_multimodality","neither test rejects in any seed",3,0,0,0,0.999877576880795,0.48624312156078,3,"stratified_5_percent_pass_audit"
"inflect_ward_k38",11,608176,"CD57","detected_multimodality","both tests reject in at least two seeds",3,3,3,3,0,0,3,"detected_multimodality"
"inflect_ward_k38",11,608176,"FoxP3","no_detected_multimodality","neither test rejects in any seed",3,0,0,0,0.999877576880795,0.669334667333667,3,"stratified_5_percent_pass_audit"
"inflect_ward_k38",11,608176,"Tbet","no_detected_multimodality","neither test rejects in any seed",3,0,0,0,0.999877576880795,0.48624312156078,3,"stratified_5_percent_pass_audit"
"inflect_ward_k38",12,179840,"CD11c","ambiguous","discordant_tests;seed_instability",3,0,0,1,1,0.040520260130065,2,"ambiguous"
"inflect_ward_k38",12,179840,"CD127","no_detected_multimodality","neither test rejects in any seed",3,0,0,0,1,0.717279692477818,2,"stratified_5_percent_pass_audit"
"inflect_ward_k38",12,179840,"CD185_CXCR5","no_detected_multimodality","neither test rejects in any seed",3,0,0,0,1,0.717279692477818,2,"stratified_5_percent_pass_audit"
"inflect_ward_k38",12,179840,"CD19","ambiguous","borderline_q",3,0,0,0,1,0.0675337668834417,2,"ambiguous"
"inflect_ward_k38",12,179840,"CD197_CCR7","no_detected_multimodality","neither test rejects in any seed",3,0,0,0,1,0.732741370685343,2,"stratified_5_percent_pass_audit"
"inflect_ward_k38",12,179840,"CD3","detected_multimodality","both tests reject in at least two seeds",3,3,3,3,0,0,2,"detected_multimodality"
"inflect_ward_k38",12,179840,"CD56","detected_multimodality","both tests reject in at least two seeds",3,3,3,3,0,0,2,"detected_multimodality"
"inflect_ward_k38",12,179840,"CD57","detected_multimodality","both tests reject in at least two seeds",3,3,3,3,0,0,2,"detected_multimodality"
"inflect_ward_k38",13,175259,"CD11c","ambiguous","borderline_q",3,0,0,0,1,0.0810405202601301,2,"ambiguous"
"inflect_ward_k38",13,175259,"CD161","detected_multimodality","both tests reject in at least two seeds",3,2,2,3,0,0,2,"detected_multimodality"
"inflect_ward_k38",13,175259,"CD303_TCRvd2","ambiguous","borderline_q",3,0,0,0,1,0.0765382691345673,2,"ambiguous"
"inflect_ward_k38",13,175259,"CD57","no_detected_multimodality","neither test rejects in any seed",3,0,0,0,1,0.473775349213068,2,"stratified_5_percent_pass_audit"
"inflect_ward_k38",13,175259,"FoxP3","no_detected_multimodality","neither test rejects in any seed",3,0,0,0,1,0.652826413206603,2,"stratified_5_percent_pass_audit"
"inflect_ward_k38",13,175259,"Tbet","ambiguous","discordant_tests;seed_instability;borderline_q",3,0,0,1,1,0.00675337668834417,2,"ambiguous"
"inflect_ward_k38",14,132476,"CD11c","ambiguous","discordant_tests;seed_instability;borderline_q",3,0,0,1,0.072040351654894,0,1,"ambiguous"
"inflect_ward_k38",14,132476,"CD159c_NKG2C","detected_multimodality","both tests reject in at least two seeds",3,3,3,3,0,0,1,"detected_multimodality"
"inflect_ward_k38",14,132476,"CD185_CXCR5","no_detected_multimodality","neither test rejects in any seed",3,0,0,0,0.999685656906453,0.889944972486243,1,"stratified_5_percent_pass_audit"
"inflect_ward_k38",14,132476,"CD3","no_detected_multimodality","neither test rejects in any seed",3,0,0,0,0.999685656906453,0.565354105624241,1,"stratified_5_percent_pass_audit"
"inflect_ward_k38",14,132476,"CD4","no_detected_multimodality","neither test rejects in any seed",3,0,0,0,0.999685656906453,0.71135567783892,1,"stratified_5_percent_pass_audit"
"inflect_ward_k38",14,132476,"CD56","no_detected_multimodality","neither test rejects in any seed",3,0,0,0,0.999685656906453,0.71135567783892,1,"stratified_5_percent_pass_audit"
"inflect_ward_k38",14,132476,"CD8","no_detected_multimodality","neither test rejects in any seed",3,0,0,0,0.999685656906453,0.889944972486243,1,"stratified_5_percent_pass_audit"
"inflect_ward_k38",15,195943,"CD11c","no_detected_multimodality","neither test rejects in any seed",3,0,0,0,1,0.932466233116558,2,"stratified_5_percent_pass_audit"
"inflect_ward_k38",15,195943,"CD161","detected_multimodality","both tests reject in at least two seeds",3,3,3,3,0,0,2,"detected_multimodality"
"inflect_ward_k38",15,195943,"CD27","detected_multimodality","both tests reject in at least two seeds",3,3,3,3,0,0,2,"detected_multimodality"
"inflect_ward_k38",15,195943,"CD4","no_detected_multimodality","neither test rejects in any seed",3,0,0,0,1,0.826913456728364,2,"stratified_5_percent_pass_audit"
"inflect_ward_k38",16,6160354,"CD127","ambiguous","discordant_tests",3,0,0,3,0.10389332845817,0,4,"ambiguous"
"inflect_ward_k38",16,6160354,"CD16","ambiguous","borderline_q",3,0,0,0,1,0.0810405202601301,4,"ambiguous"
"inflect_ward_k38",16,6160354,"CD161","ambiguous","discordant_tests;seed_instability",3,0,0,1,1,0.00540270135067534,4,"ambiguous"
"inflect_ward_k38",16,6160354,"CD197_CCR7","detected_multimodality","both tests reject in at least two seeds",3,3,3,3,0,0,4,"detected_multimodality"
"inflect_ward_k38",16,6160354,"CD21","no_detected_multimodality","neither test rejects in any seed",3,0,0,0,1,0.777988994497249,4,"stratified_5_percent_pass_audit"
"inflect_ward_k38",16,6160354,"CD27","detected_multimodality","both tests reject in at least two seeds",3,3,3,3,0,0,4,"detected_multimodality"
"inflect_ward_k38",16,6160354,"CD45RA","detected_multimodality","both tests reject in at least two seeds",3,3,3,3,0,0,4,"detected_multimodality"
"inflect_ward_k38",16,6160354,"TCRgd_CD141","no_detected_multimodality","neither test rejects in any seed",3,0,0,0,1,0.202601300650325,4,"stratified_5_percent_pass_audit"
"inflect_ward_k38",17,122981,"CD11c","no_detected_multimodality","neither test rejects in any seed",3,0,0,0,1,0.927255294313823,1,"stratified_5_percent_pass_audit"
"inflect_ward_k38",17,122981,"CD16","no_detected_multimodality","neither test rejects in any seed",3,0,0,0,1,0.927255294313823,1,"stratified_5_percent_pass_audit"
"inflect_ward_k38",17,122981,"CD161","ambiguous","discordant_tests;seed_instability",3,1,1,2,0.00439555392265004,0,1,"ambiguous"
"inflect_ward_k38",17,122981,"CD197_CCR7","ambiguous","borderline_q",3,0,0,0,1,0.0975487743871936,1,"ambiguous"
"inflect_ward_k38",17,122981,"CD1c","no_detected_multimodality","neither test rejects in any seed",3,0,0,0,1,0.927255294313823,1,"stratified_5_percent_pass_audit"
"inflect_ward_k38",17,122981,"CD21","no_detected_multimodality","neither test rejects in any seed",3,0,0,0,1,0.379046666190238,1,"stratified_5_percent_pass_audit"
"inflect_ward_k38",17,122981,"CD25","no_detected_multimodality","neither test rejects in any seed",3,0,0,0,1,0.927255294313823,1,"stratified_5_percent_pass_audit"
"inflect_ward_k38",17,122981,"CD38","detected_multimodality","both tests reject in at least two seeds",3,3,3,3,0,0,1,"detected_multimodality"
"inflect_ward_k38",17,122981,"CD45RA","ambiguous","discordant_tests;seed_instability;borderline_q",3,0,0,1,1,0.00780390195097549,1,"ambiguous"
"inflect_ward_k38",17,122981,"CD57","no_detected_multimodality","neither test rejects in any seed",3,0,0,0,1,0.466933466733367,1,"stratified_5_percent_pass_audit"
"inflect_ward_k38",17,122981,"CD7","detected_multimodality","both tests reject in at least two seeds",3,2,2,3,0.00430607034114801,0,1,"detected_multimodality"
"inflect_ward_k38",17,122981,"CD8","ambiguous","borderline_q",3,0,0,0,1,0.071535767883942,1,"ambiguous"
"inflect_ward_k38",17,122981,"FoxP3","detected_multimodality","both tests reject in at least two seeds",3,3,3,3,0,0,1,"detected_multimodality"
"inflect_ward_k38",17,122981,"Tbet","no_detected_multimodality","neither test rejects in any seed",3,0,0,0,1,0.274994640177231,1,"stratified_5_percent_pass_audit"
"inflect_ward_k38",18,40140,"CD11c","ambiguous","discordant_tests;seed_instability",3,0,0,1,0.999338979213672,0.0168834417208604,1,"ambiguous"
"inflect_ward_k38",18,40140,"CD159c_NKG2C","ambiguous","discordant_tests;seed_instability;borderline_q",3,1,1,3,0.0317465391469615,0,1,"ambiguous"
"inflect_ward_k38",18,40140,"CD16","ambiguous","discordant_tests;seed_instability",3,0,0,2,0.56165972346713,0,1,"ambiguous"
"inflect_ward_k38",18,40140,"CD197_CCR7","no_detected_multimodality","neither test rejects in any seed",3,0,0,0,0.999338979213672,0.332266133066533,1,"stratified_5_percent_pass_audit"
"inflect_ward_k38",18,40140,"CD3","detected_multimodality","both tests reject in at least two seeds",3,3,3,3,0.000176908413576315,0,1,"detected_multimodality"
"inflect_ward_k38",18,40140,"CD56","ambiguous","discordant_tests;seed_instability",3,0,0,2,0.999338979213672,0.00675337668834417,1,"ambiguous"
"inflect_ward_k38",18,40140,"CD57","ambiguous","seed_instability;borderline_q",3,1,1,1,0.0259667688734639,0,1,"ambiguous"
"inflect_ward_k38",18,40140,"CD7","no_detected_multimodality","neither test rejects in any seed",3,0,0,0,0.999338979213672,0.519045236904166,1,"stratified_5_percent_pass_audit"
"inflect_ward_k38",19,331660,"CD161","ambiguous","discordant_tests;seed_instability",3,0,0,2,0.643451284902841,0.00450225112556278,2,"ambiguous"
"inflect_ward_k38",19,331660,"CD27","detected_multimodality","both tests reject in at least two seeds",3,2,2,3,6.50897147470575e-05,0,2,"detected_multimodality"
"inflect_ward_k38",19,331660,"CD303_TCRvd2","detected_multimodality","both tests reject in at least two seeds",3,3,3,3,0,0,2,"detected_multimodality"
"inflect_ward_k38",19,331660,"TCRgd_CD141","detected_multimodality","both tests reject in at least two seeds",3,3,3,3,0,0,2,"detected_multimodality"
"inflect_ward_k38",20,636588,"CD11c","ambiguous","discordant_tests;seed_instability;borderline_q",3,0,0,2,0.999525086350487,0.0270135067533767,3,"ambiguous"
"inflect_ward_k38",20,636588,"CD127","ambiguous","discordant_tests",3,0,0,3,0.999525086350487,0.0135067533766883,3,"ambiguous"
"inflect_ward_k38",20,636588,"CD14","ambiguous","discordant_tests;seed_instability",3,0,0,1,0.999525086350487,0.016208104052026,3,"ambiguous"
"inflect_ward_k38",20,636588,"CD159c_NKG2C","ambiguous","discordant_tests;seed_instability",3,0,0,1,0.999525086350487,0.0157578789394697,3,"ambiguous"
"inflect_ward_k38",20,636588,"CD16","detected_multimodality","both tests reject in at least two seeds",3,3,3,3,0,0,3,"detected_multimodality"
"inflect_ward_k38",20,636588,"CD185_CXCR5","ambiguous","discordant_tests;seed_instability;borderline_q",3,0,0,2,0.999525086350487,0.0101300650325163,3,"ambiguous"
"inflect_ward_k38",20,636588,"CD197_CCR7","no_detected_multimodality","neither test rejects in any seed",3,0,0,0,0.999525086350487,0.835257628814407,3,"stratified_5_percent_pass_audit"
"inflect_ward_k38",20,636588,"CD21","detected_multimodality","both tests reject in at least two seeds",3,2,2,3,0.000124911061301913,0,3,"detected_multimodality"
"inflect_ward_k38",20,636588,"CD27","ambiguous","discordant_tests;seed_instability;borderline_q",3,0,0,1,0.999525086350487,0.0192953619666976,3,"ambiguous"
"inflect_ward_k38",20,636588,"CD3","ambiguous","discordant_tests;seed_instability;borderline_q",3,0,0,2,0.999525086350487,0.00337668834417209,3,"ambiguous"
"inflect_ward_k38",20,636588,"CD38","ambiguous","discordant_tests",3,0,0,3,0.999525086350487,0,3,"ambiguous"
"inflect_ward_k38",20,636588,"CD45RA","ambiguous","discordant_tests;seed_instability;borderline_q",3,0,0,1,0.999525086350487,0.0354552276138069,3,"ambiguous"
"inflect_ward_k38",20,636588,"CD7","ambiguous","discordant_tests;seed_instability",3,0,0,1,0.999525086350487,0.0438969484742371,3,"ambiguous"
"inflect_ward_k38",21,606074,"CD161","ambiguous","discordant_tests;seed_instability;borderline_q",3,1,1,3,0.0417044161696621,0,3,"ambiguous"
"inflect_ward_k38",21,606074,"CD185_CXCR5","no_detected_multimodality","neither test rejects in any seed",3,0,0,0,1,0.829314657328664,3,"stratified_5_percent_pass_audit"
"inflect_ward_k38",21,606074,"CD27","detected_multimodality","both tests reject in at least two seeds",3,3,3,3,0,0,3,"detected_multimodality"
"inflect_ward_k38",21,606074,"CD303_TCRvd2","detected_multimodality","both tests reject in at least two seeds",3,3,3,3,0,0,3,"detected_multimodality"
"inflect_ward_k38",21,606074,"CD4","ambiguous","borderline_q",3,0,0,0,1,0.051775887943972,3,"ambiguous"
"inflect_ward_k38",21,606074,"CD57","ambiguous","discordant_tests;borderline_q",3,0,0,3,0.0604939898176494,0,3,"ambiguous"
"inflect_ward_k38",21,606074,"TCRgd_CD141","detected_multimodality","both tests reject in at least two seeds",3,3,3,3,0,0,3,"detected_multimodality"
"inflect_ward_k38",22,160846,"CD159c_NKG2C","ambiguous","discordant_tests;seed_instability",3,0,0,2,0.998907713302299,0.0270135067533767,1,"ambiguous"
"inflect_ward_k38",22,160846,"CD294_CRTH2","no_detected_multimodality","neither test rejects in any seed",3,0,0,0,0.998907713302299,0.111430715357679,1,"stratified_5_percent_pass_audit"
"inflect_ward_k38",22,160846,"CD45RA","no_detected_multimodality","neither test rejects in any seed",3,0,0,0,0.998907713302299,0.511568284142071,1,"stratified_5_percent_pass_audit"
"inflect_ward_k38",22,160846,"CD56","ambiguous","discordant_tests",3,0,0,3,0.998907713302299,0,1,"ambiguous"
"inflect_ward_k38",22,160846,"CD57","detected_multimodality","both tests reject in at least two seeds",3,3,3,3,0,0,1,"detected_multimodality"
"inflect_ward_k38",22,160846,"HLA-DR","no_detected_multimodality","neither test rejects in any seed",3,0,0,0,0.998907713302299,0.843207317944687,1,"stratified_5_percent_pass_audit"
"inflect_ward_k38",23,88785,"CD127","ambiguous","discordant_tests;seed_instability;borderline_q",3,0,0,2,0.145218741157304,0,1,"ambiguous"
"inflect_ward_k38",23,88785,"CD14","detected_multimodality","both tests reject in at least two seeds",3,2,2,3,0.0126573070795813,0,1,"detected_multimodality"
"inflect_ward_k38",23,88785,"CD161","ambiguous","discordant_tests;seed_instability",3,1,1,3,0.0324035985439265,0,1,"ambiguous"
"inflect_ward_k38",23,88785,"CD185_CXCR5","ambiguous","discordant_tests;borderline_q",3,0,0,3,0.0527127870491317,0,1,"ambiguous"
"inflect_ward_k38",23,88785,"CD1c","ambiguous","discordant_tests;seed_instability",3,0,0,1,1,0.00385907239333953,1,"ambiguous"
"inflect_ward_k38",23,88785,"CD27","no_detected_multimodality","neither test rejects in any seed",3,0,0,0,1,0.538919459729865,1,"stratified_5_percent_pass_audit"
"inflect_ward_k38",23,88785,"CD38","detected_multimodality","both tests reject in at least two seeds",3,3,3,3,0,0,1,"detected_multimodality"
"inflect_ward_k38",23,88785,"CD56","ambiguous","discordant_tests;seed_instability",3,0,0,1,0.355207672331833,0,1,"ambiguous"
"inflect_ward_k38",23,88785,"CD7","ambiguous","discordant_tests",3,0,0,3,0.193907349465502,0,1,"ambiguous"
"inflect_ward_k38",23,88785,"Tbet","detected_multimodality","both tests reject in at least two seeds",3,3,3,3,0,0,1,"detected_multimodality"
"inflect_ward_k38",24,336733,"CD159c_NKG2C","no_detected_multimodality","neither test rejects in any seed",3,0,0,0,1,0.802901450725363,3,"stratified_5_percent_pass_audit"
"inflect_ward_k38",24,336733,"CD16","ambiguous","discordant_tests;seed_instability",3,0,0,1,1,0.0225112556278139,3,"ambiguous"
"inflect_ward_k38",24,336733,"CD161","detected_multimodality","both tests reject in at least two seeds",3,3,3,3,8.81387777782461e-05,0,3,"detected_multimodality"
"inflect_ward_k38",24,336733,"CD21","no_detected_multimodality","neither test rejects in any seed",3,0,0,0,1,0.802901450725363,3,"stratified_5_percent_pass_audit"
"inflect_ward_k38",24,336733,"CD27","detected_multimodality","both tests reject in at least two seeds",3,3,3,3,0,0,3,"detected_multimodality"
"inflect_ward_k38",24,336733,"CD45RA","no_detected_multimodality","neither test rejects in any seed",3,0,0,0,1,0.53351675837919,3,"stratified_5_percent_pass_audit"
"inflect_ward_k38",25,215648,"CD161","no_detected_multimodality","neither test rejects in any seed",3,0,0,0,1,0.934538697920389,2,"stratified_5_percent_pass_audit"
"inflect_ward_k38",25,215648,"CD3","detected_multimodality","both tests reject in at least two seeds",3,3,3,3,0,0,2,"detected_multimodality"
"inflect_ward_k38",25,215648,"CD303_TCRvd2","detected_multimodality","both tests reject in at least two seeds",3,3,3,3,0.0120864728383655,0,2,"detected_multimodality"
"inflect_ward_k38",25,215648,"CD57","detected_multimodality","both tests reject in at least two seeds",3,3,3,3,0,0,2,"detected_multimodality"
"inflect_ward_k38",25,215648,"CD7","no_detected_multimodality","neither test rejects in any seed",3,0,0,0,1,0.445722861430715,2,"stratified_5_percent_pass_audit"
"inflect_ward_k38",25,215648,"TCRgd_CD141","no_detected_multimodality","neither test rejects in any seed",3,0,0,0,1,0.437618809404702,2,"stratified_5_percent_pass_audit"
"inflect_ward_k38",26,726106,"CD11c","no_detected_multimodality","neither test rejects in any seed",3,0,0,0,1,0.626938469234617,3,"stratified_5_percent_pass_audit"
"inflect_ward_k38",26,726106,"CD14","no_detected_multimodality","neither test rejects in any seed",3,0,0,0,1,0.971199885657114,3,"stratified_5_percent_pass_audit"
"inflect_ward_k38",26,726106,"CD19","no_detected_multimodality","neither test rejects in any seed",3,0,0,0,1,0.99399699849925,3,"stratified_5_percent_pass_audit"
"inflect_ward_k38",26,726106,"CD27","detected_multimodality","both tests reject in at least two seeds",3,3,3,3,0,0,3,"detected_multimodality"
"inflect_ward_k38",26,726106,"CD3","ambiguous","discordant_tests;borderline_q",3,0,0,3,0.0665406886690518,0,3,"ambiguous"
"inflect_ward_k38",26,726106,"CD303_TCRvd2","ambiguous","discordant_tests",3,0,0,3,0.523910922312492,0,3,"ambiguous"
"inflect_ward_k38",26,726106,"CD38","no_detected_multimodality","neither test rejects in any seed",3,0,0,0,1,0.175587793896948,3,"stratified_5_percent_pass_audit"
"inflect_ward_k38",26,726106,"CD45RA","detected_multimodality","both tests reject in at least two seeds",3,3,3,3,0,0,3,"detected_multimodality"
"inflect_ward_k38",26,726106,"CD56","no_detected_multimodality","neither test rejects in any seed",3,0,0,0,1,0.591841375233071,3,"stratified_5_percent_pass_audit"
"inflect_ward_k38",26,726106,"CD8","no_detected_multimodality","neither test rejects in any seed",3,0,0,0,1,0.591841375233071,3,"stratified_5_percent_pass_audit"
"inflect_ward_k38",26,726106,"Tbet","detected_multimodality","both tests reject in at least two seeds",3,3,3,3,0,0,3,"detected_multimodality"
"inflect_ward_k38",27,99969,"CD127","detected_multimodality","both tests reject in at least two seeds",3,2,2,3,0.00209617650371818,0,1,"detected_multimodality"
"inflect_ward_k38",27,99969,"CD16","detected_multimodality","both tests reject in at least two seeds",3,3,3,3,0,0,1,"detected_multimodality"
"inflect_ward_k38",27,99969,"CD161","no_detected_multimodality","neither test rejects in any seed",3,0,0,0,1,0.133566783391696,1,"stratified_5_percent_pass_audit"
"inflect_ward_k38",27,99969,"CD27","detected_multimodality","both tests reject in at least two seeds",3,3,3,3,0,0,1,"detected_multimodality"
"inflect_ward_k38",27,99969,"CD38","ambiguous","discordant_tests;seed_instability",3,0,0,1,1,0.0135067533766883,1,"ambiguous"
"inflect_ward_k38",27,99969,"CD4","ambiguous","borderline_q",3,0,0,0,1,0.0585292646323162,1,"ambiguous"
"inflect_ward_k38",27,99969,"CD45RA","detected_multimodality","both tests reject in at least two seeds",3,3,3,3,0,0,1,"detected_multimodality"
"inflect_ward_k38",27,99969,"CD56","detected_multimodality","both tests reject in at least two seeds",3,3,3,3,0.0011737961947798,0,1,"detected_multimodality"
"inflect_ward_k38",27,99969,"CD57","ambiguous","discordant_tests;seed_instability",3,0,0,1,0.866983044607209,0,1,"ambiguous"
"inflect_ward_k38",27,99969,"Tbet","detected_multimodality","both tests reject in at least two seeds",3,3,3,3,0.000888333516133682,0,1,"detected_multimodality"
"inflect_ward_k38",27,99969,"TCRgd_CD141","no_detected_multimodality","neither test rejects in any seed",3,0,0,0,1,0.208229114557279,1,"stratified_5_percent_pass_audit"
"inflect_ward_k38",28,1298228,"CD11c","no_detected_multimodality","neither test rejects in any seed",3,0,0,0,0.99946021659399,0.808904452226113,4,"stratified_5_percent_pass_audit"
"inflect_ward_k38",28,1298228,"CD16","no_detected_multimodality","neither test rejects in any seed",3,0,0,0,0.99946021659399,0.808904452226113,4,"stratified_5_percent_pass_audit"
"inflect_ward_k38",28,1298228,"CD185_CXCR5","detected_multimodality","both tests reject in at least two seeds",3,3,3,3,0,0,4,"detected_multimodality"
"inflect_ward_k38",28,1298228,"CD19","ambiguous","discordant_tests;borderline_q",3,0,0,3,0.0723030828473075,0,4,"ambiguous"
"inflect_ward_k38",28,1298228,"CD1c","no_detected_multimodality","neither test rejects in any seed",3,0,0,0,0.99946021659399,0.361305652826413,4,"stratified_5_percent_pass_audit"
"inflect_ward_k38",28,1298228,"CD21","detected_multimodality","both tests reject in at least two seeds",3,3,3,3,0,0,4,"detected_multimodality"
"inflect_ward_k38",28,1298228,"CD38","ambiguous","discordant_tests;seed_instability",3,0,0,2,0.99946021659399,0.00337668834417209,4,"ambiguous"
"inflect_ward_k38",29,413636,"CD27","ambiguous","borderline_q",3,0,0,0,1,0.0945472736368184,3,"ambiguous"
"inflect_ward_k38",29,413636,"CD303_TCRvd2","no_detected_multimodality","neither test rejects in any seed",3,0,0,0,1,0.925212606303151,3,"stratified_5_percent_pass_audit"
"inflect_ward_k38",29,413636,"CD57","no_detected_multimodality","neither test rejects in any seed",3,0,0,0,1,0.95447723861931,3,"stratified_5_percent_pass_audit"
"inflect_ward_k38",30,3058439,"CD14","ambiguous","borderline_q",3,0,0,0,1,0.0979239619809905,4,"ambiguous"
"inflect_ward_k38",30,3058439,"CD161","ambiguous","seed_instability;borderline_q",3,1,1,1,0.00583863687772673,0,4,"ambiguous"
"inflect_ward_k38",30,3058439,"CD185_CXCR5","ambiguous","borderline_q",3,0,0,0,1,0.0999499749874938,4,"ambiguous"
"inflect_ward_k38",30,3058439,"CD27","detected_multimodality","both tests reject in at least two seeds",3,3,3,3,0,0,4,"detected_multimodality"
"inflect_ward_k38",30,3058439,"CD56","no_detected_multimodality","neither test rejects in any seed",3,0,0,0,1,0.490295147573787,4,"stratified_5_percent_pass_audit"
"inflect_ward_k38",30,3058439,"CD57","ambiguous","discordant_tests;seed_instability;borderline_q",3,0,0,1,1,0.0270135067533767,4,"ambiguous"
"inflect_ward_k38",30,3058439,"FoxP3","no_detected_multimodality","neither test rejects in any seed",3,0,0,0,1,0.795859468195636,4,"stratified_5_percent_pass_audit"
"inflect_ward_k38",31,217883,"CD11c","ambiguous","discordant_tests",3,0,0,3,0.592618909032207,0,2,"ambiguous"
"inflect_ward_k38",31,217883,"CD14","detected_multimodality","both tests reject in at least two seeds",3,3,3,3,0,0,2,"detected_multimodality"
"inflect_ward_k38",31,217883,"CD1c","detected_multimodality","both tests reject in at least two seeds",3,3,3,3,0,0,2,"detected_multimodality"
"inflect_ward_k38",31,217883,"CD294_CRTH2","no_detected_multimodality","neither test rejects in any seed",3,0,0,0,1,0.911186362411975,2,"stratified_5_percent_pass_audit"
"inflect_ward_k38",31,217883,"CD3","no_detected_multimodality","neither test rejects in any seed",3,0,0,0,1,0.911186362411975,2,"stratified_5_percent_pass_audit"
"inflect_ward_k38",31,217883,"CD8","ambiguous","discordant_tests;seed_instability",3,0,0,1,1,0.0472736368184092,2,"ambiguous"
"inflect_ward_k38",31,217883,"HLA-DR","detected_multimodality","both tests reject in at least two seeds",3,3,3,3,0,0,2,"detected_multimodality"
"inflect_ward_k38",31,217883,"TCRgd_CD141","detected_multimodality","both tests reject in at least two seeds",3,3,3,3,0,0,2,"detected_multimodality"
"inflect_ward_k38",32,880759,"CD11c","detected_multimodality","both tests reject in at least two seeds",3,3,3,3,0,0,4,"detected_multimodality"
"inflect_ward_k38",32,880759,"CD14","detected_multimodality","both tests reject in at least two seeds",3,3,3,3,0,0,4,"detected_multimodality"
"inflect_ward_k38",32,880759,"CD185_CXCR5","no_detected_multimodality","neither test rejects in any seed",3,0,0,0,1,0.904952476238119,4,"stratified_5_percent_pass_audit"
"inflect_ward_k38",32,880759,"CD197_CCR7","ambiguous","borderline_q",3,0,0,0,1,0.0630315157578789,4,"ambiguous"
"inflect_ward_k38",32,880759,"CD1c","detected_multimodality","both tests reject in at least two seeds",3,2,2,3,0.00423486044918736,0,4,"detected_multimodality"
"inflect_ward_k38",32,880759,"CD27","no_detected_multimodality","neither test rejects in any seed",3,0,0,0,1,0.286097594251671,4,"stratified_5_percent_pass_audit"
"inflect_ward_k38",32,880759,"CD3","ambiguous","discordant_tests;seed_instability",3,0,0,1,1,0.0495247623811906,4,"ambiguous"
"inflect_ward_k38",32,880759,"CD303_TCRvd2","detected_multimodality","both tests reject in at least two seeds",3,3,3,3,4.82636143350756e-06,0,4,"detected_multimodality"
"inflect_ward_k38",32,880759,"CD4","ambiguous","discordant_tests;seed_instability",3,0,0,1,1,0.00964768098334882,4,"ambiguous"
"inflect_ward_k38",32,880759,"CD45RA","ambiguous","discordant_tests;seed_instability",3,0,0,2,1,0.00450225112556278,4,"ambiguous"
"inflect_ward_k38",32,880759,"CD8","no_detected_multimodality","neither test rejects in any seed",3,0,0,0,1,0.217608804402201,4,"stratified_5_percent_pass_audit"
"inflect_ward_k38",32,880759,"HLA-DR","ambiguous","discordant_tests;seed_instability",3,0,0,1,0.234156588578272,0.00450225112556278,4,"ambiguous"
"inflect_ward_k38",32,880759,"TCRgd_CD141","ambiguous","discordant_tests;seed_instability",3,1,1,3,0.00122653231751566,0,4,"ambiguous"
"inflect_ward_k38",33,4350638,"CD127","no_detected_multimodality","neither test rejects in any seed",3,0,0,0,1,0.747092296148074,4,"stratified_5_percent_pass_audit"
"inflect_ward_k38",33,4350638,"CD161","no_detected_multimodality","neither test rejects in any seed",3,0,0,0,1,0.91695847923962,4,"stratified_5_percent_pass_audit"
"inflect_ward_k38",33,4350638,"CD294_CRTH2","no_detected_multimodality","neither test rejects in any seed",3,0,0,0,1,0.45247623811906,4,"stratified_5_percent_pass_audit"
"inflect_ward_k38",33,4350638,"CD303_TCRvd2","no_detected_multimodality","neither test rejects in any seed",3,0,0,0,1,0.681477102187457,4,"stratified_5_percent_pass_audit"
"inflect_ward_k38",33,4350638,"CD45RA","no_detected_multimodality","neither test rejects in any seed",3,0,0,0,1,0.681477102187457,4,"stratified_5_percent_pass_audit"
"inflect_ward_k38",33,4350638,"CD57","no_detected_multimodality","neither test rejects in any seed",3,0,0,0,1,0.800757521617952,4,"stratified_5_percent_pass_audit"
"inflect_ward_k38",34,9068600,"CD127","ambiguous","discordant_tests;seed_instability",3,0,0,1,1,0.040520260130065,4,"ambiguous"
"inflect_ward_k38",34,9068600,"CD14","no_detected_multimodality","neither test rejects in any seed",3,0,0,0,1,0.662393696848424,4,"stratified_5_percent_pass_audit"
"inflect_ward_k38",34,9068600,"CD197_CCR7","detected_multimodality","both tests reject in at least two seeds",3,3,3,3,0,0,4,"detected_multimodality"
"inflect_ward_k38",34,9068600,"CD27","detected_multimodality","both tests reject in at least two seeds",3,3,3,3,0,0,4,"detected_multimodality"
"inflect_ward_k38",34,9068600,"CD45RA","detected_multimodality","both tests reject in at least two seeds",3,2,2,3,0.00139739727987476,0,4,"detected_multimodality"
"inflect_ward_k38",34,9068600,"CD7","detected_multimodality","both tests reject in at least two seeds",3,3,3,3,0.00163481838831103,0,4,"detected_multimodality"
"inflect_ward_k38",34,9068600,"FoxP3","ambiguous","borderline_q",3,0,0,0,1,0.0607803901950975,4,"ambiguous"
"inflect_ward_k38",35,1028144,"CD159c_NKG2C","no_detected_multimodality","neither test rejects in any seed",3,0,0,0,1,0.95061816622597,4,"stratified_5_percent_pass_audit"
"inflect_ward_k38",35,1028144,"CD25","ambiguous","discordant_tests",3,0,0,3,0.331464552973513,0,4,"ambiguous"
"inflect_ward_k38",35,1028144,"CD27","ambiguous","discordant_tests;seed_instability",3,0,0,1,1,0.0135067533766883,4,"ambiguous"
"inflect_ward_k38",35,1028144,"FoxP3","detected_multimodality","both tests reject in at least two seeds",3,3,3,3,0,0,4,"detected_multimodality"
"inflect_ward_k38",35,1028144,"Tbet","no_detected_multimodality","neither test rejects in any seed",3,0,0,0,1,0.95061816622597,4,"stratified_5_percent_pass_audit"
"inflect_ward_k38",37,2920244,"CD197_CCR7","no_detected_multimodality","neither test rejects in any seed",3,0,0,0,1,0.23231615807904,4,"stratified_5_percent_pass_audit"
"inflect_ward_k38",37,2920244,"CD3","no_detected_multimodality","neither test rejects in any seed",3,0,0,0,1,0.930465232616308,4,"stratified_5_percent_pass_audit"
"inflect_ward_k38",37,2920244,"CD4","no_detected_multimodality","neither test rejects in any seed",3,0,0,0,1,0.828209559325117,4,"stratified_5_percent_pass_audit"
"inflect_ward_k38",37,2920244,"HLA-DR","no_detected_multimodality","neither test rejects in any seed",3,0,0,0,1,0.828209559325117,4,"stratified_5_percent_pass_audit"
"inflect_ward_k38",38,541968,"CD127","ambiguous","discordant_tests;seed_instability",3,0,0,1,0.999378841117608,0,3,"ambiguous"
"inflect_ward_k38",38,541968,"CD197_CCR7","ambiguous","discordant_tests;seed_instability;borderline_q",3,0,0,1,0.999378841117608,0,3,"ambiguous"
"inflect_ward_k38",38,541968,"CD27","ambiguous","discordant_tests;seed_instability",3,0,0,1,0.999378841117608,0.00900450225112556,3,"ambiguous"
"inflect_ward_k38",38,541968,"CD4","no_detected_multimodality","neither test rejects in any seed",3,0,0,0,0.999378841117608,0.326863431715858,3,"stratified_5_percent_pass_audit"
"inflect_ward_k38",38,541968,"TCRgd_CD141","no_detected_multimodality","neither test rejects in any seed",3,0,0,0,0.999378841117608,0.787075355859748,3,"stratified_5_percent_pass_audit"
"inflect_ward_k44",1,1026945,"CD11c","detected_multimodality","both tests reject in at least two seeds",3,3,3,3,0,0,4,"detected_multimodality"
"inflect_ward_k44",1,1026945,"CD161","detected_multimodality","both tests reject in at least two seeds",3,3,3,3,0,0,4,"detected_multimodality"
"inflect_ward_k44",2,438555,"CD127","no_detected_multimodality","neither test rejects in any seed",3,0,0,0,1,0.882706058911809,3,"stratified_5_percent_pass_audit"
"inflect_ward_k44",2,438555,"CD161","no_detected_multimodality","neither test rejects in any seed",3,0,0,0,1,0.87456228114057,3,"stratified_5_percent_pass_audit"
"inflect_ward_k44",2,438555,"CD303_TCRvd2","no_detected_multimodality","neither test rejects in any seed",3,0,0,0,1,0.643821910955478,3,"stratified_5_percent_pass_audit"
"inflect_ward_k44",2,438555,"CD45RA","no_detected_multimodality","neither test rejects in any seed",3,0,0,0,1,0.135067533766883,3,"stratified_5_percent_pass_audit"
"inflect_ward_k44",2,438555,"CD57","detected_multimodality","both tests reject in at least two seeds",3,3,3,3,0,0,3,"detected_multimodality"
"inflect_ward_k44",3,302122,"CD159c_NKG2C","detected_multimodality","both tests reject in at least two seeds",3,3,3,3,0,0,2,"detected_multimodality"
"inflect_ward_k44",3,302122,"CD27","no_detected_multimodality","neither test rejects in any seed",3,0,0,0,0.999920078130232,0.730403663370147,2,"stratified_5_percent_pass_audit"
"inflect_ward_k44",3,302122,"CD3","ambiguous","borderline_q",3,0,0,0,0.999920078130232,0.0630315157578789,2,"ambiguous"
"inflect_ward_k44",3,302122,"CD57","detected_multimodality","both tests reject in at least two seeds",3,3,3,3,0,0,2,"detected_multimodality"
"inflect_ward_k44",3,302122,"FoxP3","no_detected_multimodality","neither test rejects in any seed",3,0,0,0,0.999920078130232,0.730403663370147,2,"stratified_5_percent_pass_audit"
"inflect_ward_k44",3,302122,"TCRgd_CD141","no_detected_multimodality","neither test rejects in any seed",3,0,0,0,0.999920078130232,0.1935967983992,2,"stratified_5_percent_pass_audit"
"inflect_ward_k44",4,228900,"CD127","no_detected_multimodality","neither test rejects in any seed",3,0,0,0,0.999857300962519,0.601050525262631,2,"stratified_5_percent_pass_audit"
"inflect_ward_k44",4,228900,"CD159c_NKG2C","no_detected_multimodality","neither test rejects in any seed",3,0,0,0,0.999857300962519,0.297148574287144,2,"stratified_5_percent_pass_audit"
"inflect_ward_k44",4,228900,"CD161","no_detected_multimodality","neither test rejects in any seed",3,0,0,0,0.999857300962519,0.619232693269712,2,"stratified_5_percent_pass_audit"
"inflect_ward_k44",4,228900,"CD25","no_detected_multimodality","neither test rejects in any seed",3,0,0,0,0.999857300962519,0.944628564282141,2,"stratified_5_percent_pass_audit"
"inflect_ward_k44",4,228900,"CD3","detected_multimodality","both tests reject in at least two seeds",3,3,3,3,0,0,2,"detected_multimodality"
"inflect_ward_k44",4,228900,"CD57","detected_multimodality","both tests reject in at least two seeds",3,3,3,3,0,0,2,"detected_multimodality"
"inflect_ward_k44",4,228900,"CD7","no_detected_multimodality","neither test rejects in any seed",3,0,0,0,0.999857300962519,0.522261130565283,2,"stratified_5_percent_pass_audit"
"inflect_ward_k44",5,331025,"CD11c","detected_multimodality","both tests reject in at least two seeds",3,3,3,3,0,0,3,"detected_multimodality"
"inflect_ward_k44",5,331025,"CD161","ambiguous","discordant_tests;seed_instability;borderline_q",3,1,1,3,0.000420950748056537,0,3,"ambiguous"
"inflect_ward_k44",5,331025,"CD19","no_detected_multimodality","neither test rejects in any seed",3,0,0,0,1,0.741643549047251,3,"stratified_5_percent_pass_audit"
"inflect_ward_k44",5,331025,"CD3","detected_multimodality","both tests reject in at least two seeds",3,3,3,3,0,0,3,"detected_multimodality"
"inflect_ward_k44",5,331025,"CD57","ambiguous","discordant_tests;seed_instability;borderline_q",3,1,1,3,0.0203570834512342,0,3,"ambiguous"
"inflect_ward_k44",5,331025,"CD8","no_detected_multimodality","neither test rejects in any seed",3,0,0,0,1,0.892346173086543,3,"stratified_5_percent_pass_audit"
"inflect_ward_k44",5,331025,"TCRgd_CD141","no_detected_multimodality","neither test rejects in any seed",3,0,0,0,1,0.901774416620075,3,"stratified_5_percent_pass_audit"
"inflect_ward_k44",6,317695,"CD11c","detected_multimodality","both tests reject in at least two seeds",3,2,2,2,0.0240845541398961,0,2,"detected_multimodality"
"inflect_ward_k44",6,317695,"CD161","ambiguous","discordant_tests;seed_instability;borderline_q",3,1,1,3,0.0172648083524803,0,2,"ambiguous"
"inflect_ward_k44",6,317695,"CD294_CRTH2","ambiguous","discordant_tests;seed_instability",3,0,0,1,1,0.0371435717858929,2,"ambiguous"
"inflect_ward_k44",6,317695,"CD3","ambiguous","discordant_tests;seed_instability",3,0,0,1,1,0,2,"ambiguous"
"inflect_ward_k44",6,317695,"CD57","ambiguous","discordant_tests",3,0,0,3,0.301437558240091,0,2,"ambiguous"
"inflect_ward_k44",6,317695,"CD8","ambiguous","discordant_tests;seed_instability",3,0,0,1,1,0.0270135067533767,2,"ambiguous"
"inflect_ward_k44",6,317695,"HLA-DR","no_detected_multimodality","neither test rejects in any seed",3,0,0,0,1,0.672805152576288,2,"stratified_5_percent_pass_audit"
"inflect_ward_k44",6,317695,"Tbet","no_detected_multimodality","neither test rejects in any seed",3,0,0,0,1,0.402501250625313,2,"stratified_5_percent_pass_audit"
"inflect_ward_k44",7,128303,"CD11c","ambiguous","discordant_tests",3,0,0,3,1,0.0180090045022511,1,"ambiguous"
"inflect_ward_k44",7,128303,"CD159c_NKG2C","ambiguous","discordant_tests",3,0,0,3,0.702469765734816,0,1,"ambiguous"
"inflect_ward_k44",7,128303,"CD185_CXCR5","no_detected_multimodality","neither test rejects in any seed",3,0,0,0,1,0.730592569011779,1,"stratified_5_percent_pass_audit"
"inflect_ward_k44",7,128303,"CD57","detected_multimodality","both tests reject in at least two seeds",3,3,3,3,0,0,1,"detected_multimodality"
"inflect_ward_k44",7,128303,"CD8","ambiguous","discordant_tests;seed_instability",3,0,0,1,1,0.0270135067533767,1,"ambiguous"
"inflect_ward_k44",8,280345,"CD159c_NKG2C","ambiguous","discordant_tests;seed_instability",3,0,0,1,1,0,2,"ambiguous"
"inflect_ward_k44",8,280345,"CD57","detected_multimodality","both tests reject in at least two seeds",3,3,3,3,0,0,2,"detected_multimodality"
"inflect_ward_k44",9,58949,"CD159c_NKG2C","detected_multimodality","both tests reject in at least two seeds",3,2,2,3,0.042766758460592,0,1,"detected_multimodality"
"inflect_ward_k44",9,58949,"CD19","no_detected_multimodality","neither test rejects in any seed",3,0,0,0,0.997733702813433,0.454405774315729,1,"stratified_5_percent_pass_audit"
"inflect_ward_k44",9,58949,"CD197_CCR7","no_detected_multimodality","neither test rejects in any seed",3,0,0,0,0.997733702813433,0.639038269134567,1,"stratified_5_percent_pass_audit"
"inflect_ward_k44",9,58949,"CD56","detected_multimodality","both tests reject in at least two seeds",3,2,2,3,9.31954039040672e-06,0,1,"detected_multimodality"
"inflect_ward_k44",9,58949,"CD57","ambiguous","discordant_tests;borderline_q",3,0,0,3,0.0712515542115126,0,1,"ambiguous"
"inflect_ward_k44",10,607557,"CD27","no_detected_multimodality","neither test rejects in any seed",3,0,0,0,0.998561283398447,0.756378189094547,3,"stratified_5_percent_pass_audit"
"inflect_ward_k44",10,607557,"CD38","ambiguous","discordant_tests;seed_instability",3,0,0,1,0.998561283398447,0.040520260130065,3,"ambiguous"
"inflect_ward_k44",10,607557,"CD45RA","ambiguous","discordant_tests;seed_instability",3,0,0,2,0.626932054704073,0.0270135067533767,3,"ambiguous"
"inflect_ward_k44",10,607557,"FoxP3","no_detected_multimodality","neither test rejects in any seed",3,0,0,0,0.998561283398447,0.531265632816408,3,"stratified_5_percent_pass_audit"
"inflect_ward_k44",10,607557,"Tbet","no_detected_multimodality","neither test rejects in any seed",3,0,0,0,0.998561283398447,0.744672336168084,3,"stratified_5_percent_pass_audit"
"inflect_ward_k44",11,582601,"CD11c","ambiguous","borderline_q",3,0,0,0,1,0.0630315157578789,3,"ambiguous"
"inflect_ward_k44",11,582601,"CD16","no_detected_multimodality","neither test rejects in any seed",3,0,0,0,1,0.40520260130065,3,"stratified_5_percent_pass_audit"
"inflect_ward_k44",11,582601,"CD161","detected_multimodality","both tests reject in at least two seeds",3,2,2,3,0.00195084530903655,0,3,"detected_multimodality"
"inflect_ward_k44",11,582601,"CD1c","no_detected_multimodality","neither test rejects in any seed",3,0,0,0,1,0.578860859000929,3,"stratified_5_percent_pass_audit"
"inflect_ward_k44",11,582601,"CD21","no_detected_multimodality","neither test rejects in any seed",3,0,0,0,1,0.900979901715564,3,"stratified_5_percent_pass_audit"
"inflect_ward_k44",11,582601,"CD294_CRTH2","ambiguous","discordant_tests;seed_instability",3,0,0,1,1,0.00900450225112556,3,"ambiguous"
"inflect_ward_k44",11,582601,"CD57","ambiguous","discordant_tests;seed_instability",3,0,0,2,1,0,3,"ambiguous"
"inflect_ward_k44",12,46765,"CD11c","ambiguous","discordant_tests;seed_instability",3,1,1,3,0.0115085891594716,0,1,"ambiguous"
"inflect_ward_k44",12,46765,"CD16","no_detected_multimodality","neither test rejects in any seed",3,0,0,0,1,0.762456228114057,1,"stratified_5_percent_pass_audit"
"inflect_ward_k44",12,46765,"CD161","ambiguous","discordant_tests;seed_instability;borderline_q",3,0,0,1,0.89935181924952,0.00337668834417209,1,"ambiguous"
"inflect_ward_k44",12,46765,"CD25","no_detected_multimodality","neither test rejects in any seed",3,0,0,0,1,0.360823268777246,1,"stratified_5_percent_pass_audit"
"inflect_ward_k44",12,46765,"CD3","detected_multimodality","both tests reject in at least two seeds",3,3,3,3,0,0,1,"detected_multimodality"
"inflect_ward_k44",12,46765,"CD56","detected_multimodality","both tests reject in at least two seeds",3,2,2,2,0.0127650419492678,0,1,"detected_multimodality"
"inflect_ward_k44",12,46765,"CD57","no_detected_multimodality","neither test rejects in any seed",3,0,0,0,1,0.663181590795398,1,"stratified_5_percent_pass_audit"
"inflect_ward_k44",12,46765,"FoxP3","no_detected_multimodality","neither test rejects in any seed",3,0,0,0,1,0.827963981990996,1,"stratified_5_percent_pass_audit"
"inflect_ward_k44",12,46765,"HLA-DR","ambiguous","borderline_q",3,0,0,0,1,0.0675337668834417,1,"ambiguous"
"inflect_ward_k44",12,46765,"Tbet","ambiguous","borderline_q",3,0,0,0,1,0.0675337668834417,1,"ambiguous"
"inflect_ward_k44",13,277783,"CD127","ambiguous","borderline_q",3,0,0,0,1,0.0945472736368184,2,"ambiguous"
"inflect_ward_k44",13,277783,"CD14","no_detected_multimodality","neither test rejects in any seed",3,0,0,0,1,0.471048024012006,2,"stratified_5_percent_pass_audit"
"inflect_ward_k44",13,277783,"CD19","no_detected_multimodality","neither test rejects in any seed",3,0,0,0,1,0.629028800114343,2,"stratified_5_percent_pass_audit"
"inflect_ward_k44",13,277783,"CD27","ambiguous","borderline_q",3,0,0,0,1,0.0630315157578789,2,"ambiguous"
"inflect_ward_k44",13,277783,"CD294_CRTH2","no_detected_multimodality","neither test rejects in any seed",3,0,0,0,1,0.232991495747874,2,"stratified_5_percent_pass_audit"
"inflect_ward_k44",13,277783,"CD303_TCRvd2","no_detected_multimodality","neither test rejects in any seed",3,0,0,0,1,0.761289735776979,2,"stratified_5_percent_pass_audit"
"inflect_ward_k44",13,277783,"CD56","no_detected_multimodality","neither test rejects in any seed",3,0,0,0,1,0.719830503487038,2,"stratified_5_percent_pass_audit"
"inflect_ward_k44",13,277783,"CD57","detected_multimodality","both tests reject in at least two seeds",3,3,3,3,0,0,2,"detected_multimodality"
"inflect_ward_k44",13,277783,"CD8","ambiguous","borderline_q",3,0,0,0,1,0.0630315157578789,2,"ambiguous"
"inflect_ward_k44",14,330393,"CD185_CXCR5","no_detected_multimodality","neither test rejects in any seed",3,0,0,0,1,0.931965982991496,3,"stratified_5_percent_pass_audit"
"inflect_ward_k44",14,330393,"CD197_CCR7","no_detected_multimodality","neither test rejects in any seed",3,0,0,0,1,0.931965982991496,3,"stratified_5_percent_pass_audit"
"inflect_ward_k44",14,330393,"CD45RA","ambiguous","discordant_tests;seed_instability;borderline_q",3,0,0,2,0.432383974128119,0,3,"ambiguous"
"inflect_ward_k44",14,330393,"CD57","detected_multimodality","both tests reject in at least two seeds",3,3,3,3,0,0,3,"detected_multimodality"
"inflect_ward_k44",14,330393,"CD7","no_detected_multimodality","neither test rejects in any seed",3,0,0,0,1,0.333166583291646,3,"stratified_5_percent_pass_audit"
"inflect_ward_k44",15,179840,"CD11c","ambiguous","discordant_tests;seed_instability",3,0,0,1,1,0.0101300650325163,2,"ambiguous"
"inflect_ward_k44",15,179840,"CD16","no_detected_multimodality","neither test rejects in any seed",3,0,0,0,1,0.961112135014876,2,"stratified_5_percent_pass_audit"
"inflect_ward_k44",15,179840,"CD1c","no_detected_multimodality","neither test rejects in any seed",3,0,0,0,1,0.378189094547274,2,"stratified_5_percent_pass_audit"
"inflect_ward_k44",15,179840,"CD21","no_detected_multimodality","neither test rejects in any seed",3,0,0,0,1,0.129664832416208,2,"stratified_5_percent_pass_audit"
"inflect_ward_k44",15,179840,"CD3","detected_multimodality","both tests reject in at least two seeds",3,3,3,3,0,0,2,"detected_multimodality"
"inflect_ward_k44",15,179840,"CD56","detected_multimodality","both tests reject in at least two seeds",3,3,3,3,0,0,2,"detected_multimodality"
"inflect_ward_k44",15,179840,"CD57","detected_multimodality","both tests reject in at least two seeds",3,3,3,3,0,0,2,"detected_multimodality"
"inflect_ward_k44",16,175259,"CD11c","ambiguous","discordant_tests",3,0,0,3,1,0,2,"ambiguous"
"inflect_ward_k44",16,175259,"CD159c_NKG2C","ambiguous","discordant_tests;seed_instability",3,0,0,1,1,0,2,"ambiguous"
"inflect_ward_k44",16,175259,"CD161","detected_multimodality","both tests reject in at least two seeds",3,2,2,3,0.0111895582174318,0,2,"detected_multimodality"
"inflect_ward_k44",16,175259,"CD185_CXCR5","no_detected_multimodality","neither test rejects in any seed",3,0,0,0,1,0.985492746373187,2,"stratified_5_percent_pass_audit"
"inflect_ward_k44",16,175259,"CD38","no_detected_multimodality","neither test rejects in any seed",3,0,0,0,1,0.664947858544657,2,"stratified_5_percent_pass_audit"
"inflect_ward_k44",16,175259,"CD4","no_detected_multimodality","neither test rejects in any seed",3,0,0,0,1,0.273136568284142,2,"stratified_5_percent_pass_audit"
"inflect_ward_k44",16,175259,"CD57","no_detected_multimodality","neither test rejects in any seed",3,0,0,0,1,0.401825912956478,2,"stratified_5_percent_pass_audit"
"inflect_ward_k44",16,175259,"CD8","no_detected_multimodality","neither test rejects in any seed",3,0,0,0,1,0.63144072036018,2,"stratified_5_percent_pass_audit"
"inflect_ward_k44",16,175259,"Tbet","ambiguous","discordant_tests;seed_instability",3,0,0,1,1,0,2,"ambiguous"
"inflect_ward_k44",17,132476,"CD127","no_detected_multimodality","neither test rejects in any seed",3,0,0,0,1,0.744800971914529,1,"stratified_5_percent_pass_audit"
"inflect_ward_k44",17,132476,"CD159c_NKG2C","detected_multimodality","both tests reject in at least two seeds",3,2,2,3,0,0,1,"detected_multimodality"
"inflect_ward_k44",17,132476,"CD303_TCRvd2","no_detected_multimodality","neither test rejects in any seed",3,0,0,0,1,0.496373186593297,1,"stratified_5_percent_pass_audit"
"inflect_ward_k44",17,132476,"CD56","no_detected_multimodality","neither test rejects in any seed",3,0,0,0,1,0.558279139569785,1,"stratified_5_percent_pass_audit"
"inflect_ward_k44",17,132476,"FoxP3","ambiguous","borderline_q",3,0,0,0,1,0.0877938969484742,1,"ambiguous"
"inflect_ward_k44",18,195943,"CD161","detected_multimodality","both tests reject in at least two seeds",3,3,3,3,0,0,2,"detected_multimodality"
"inflect_ward_k44",18,195943,"CD197_CCR7","no_detected_multimodality","neither test rejects in any seed",3,0,0,0,0.999967655684242,0.875687843921961,2,"stratified_5_percent_pass_audit"
"inflect_ward_k44",18,195943,"CD27","detected_multimodality","both tests reject in at least two seeds",3,3,3,3,0,0,2,"detected_multimodality"
"inflect_ward_k44",18,195943,"CD294_CRTH2","ambiguous","borderline_q",3,0,0,0,0.999967655684242,0.0900450225112556,2,"ambiguous"
"inflect_ward_k44",19,1888077,"CD159c_NKG2C","no_detected_multimodality","neither test rejects in any seed",3,0,0,0,0.999045156486246,0.823911955977989,4,"stratified_5_percent_pass_audit"
"inflect_ward_k44",19,1888077,"CD16","no_detected_multimodality","neither test rejects in any seed",3,0,0,0,0.999045156486246,0.678714357178589,4,"stratified_5_percent_pass_audit"
"inflect_ward_k44",19,1888077,"CD1c","no_detected_multimodality","neither test rejects in any seed",3,0,0,0,0.999045156486246,0.823911955977989,4,"stratified_5_percent_pass_audit"
"inflect_ward_k44",19,1888077,"CD21","no_detected_multimodality","neither test rejects in any seed",3,0,0,0,0.999045156486246,0.678714357178589,4,"stratified_5_percent_pass_audit"
"inflect_ward_k44",19,1888077,"CD27","detected_multimodality","both tests reject in at least two seeds",3,3,3,3,0,0,4,"detected_multimodality"
"inflect_ward_k44",19,1888077,"CD303_TCRvd2","no_detected_multimodality","neither test rejects in any seed",3,0,0,0,0.999045156486246,0.229614807403702,4,"stratified_5_percent_pass_audit"
"inflect_ward_k44",19,1888077,"CD45RA","ambiguous","discordant_tests;seed_instability",3,0,0,1,0.999045156486246,0.0495247623811906,4,"ambiguous"
"inflect_ward_k44",19,1888077,"Tbet","detected_multimodality","both tests reject in at least two seeds",3,3,3,3,0,0,4,"detected_multimodality"
"inflect_ward_k44",20,122981,"CD161","ambiguous","discordant_tests;seed_instability;borderline_q",3,1,1,3,0.0399576235907272,0,1,"ambiguous"
"inflect_ward_k44",20,122981,"CD38","detected_multimodality","both tests reject in at least two seeds",3,3,3,3,0,0,1,"detected_multimodality"
"inflect_ward_k44",20,122981,"CD45RA","ambiguous","discordant_tests",3,0,0,3,0.631539146767459,0,1,"ambiguous"
"inflect_ward_k44",20,122981,"CD7","detected_multimodality","both tests reject in at least two seeds",3,2,2,3,0.000171988588335115,0,1,"detected_multimodality"
"inflect_ward_k44",20,122981,"FoxP3","detected_multimodality","both tests reject in at least two seeds",3,3,3,3,0,0,1,"detected_multimodality"
"inflect_ward_k44",21,40140,"CD14","no_detected_multimodality","neither test rejects in any seed",3,0,0,0,1,0.849799899949975,1,"stratified_5_percent_pass_audit"
"inflect_ward_k44",21,40140,"CD159c_NKG2C","ambiguous","discordant_tests;seed_instability",3,1,1,3,0.028831272418626,0,1,"ambiguous"
"inflect_ward_k44",21,40140,"CD3","detected_multimodality","both tests reject in at least two seeds",3,3,3,3,0,0,1,"detected_multimodality"
"inflect_ward_k44",21,40140,"CD56","ambiguous","discordant_tests;seed_instability",3,0,0,1,1,0.0225112556278139,1,"ambiguous"
"inflect_ward_k44",21,40140,"CD57","ambiguous","discordant_tests;seed_instability;borderline_q",3,0,0,1,1,0.0495247623811906,1,"ambiguous"
"inflect_ward_k44",21,40140,"HLA-DR","no_detected_multimodality","neither test rejects in any seed",3,0,0,0,1,0.85574930322304,1,"stratified_5_percent_pass_audit"
"inflect_ward_k44",22,331660,"CD127","ambiguous","discordant_tests;seed_instability",3,0,0,1,0.159169751830645,0,3,"ambiguous"
"inflect_ward_k44",22,331660,"CD161","ambiguous","discordant_tests;seed_instability",3,0,0,2,0.613301647804109,0,3,"ambiguous"
"inflect_ward_k44",22,331660,"CD27","detected_multimodality","both tests reject in at least two seeds",3,3,3,3,0,0,3,"detected_multimodality"
"inflect_ward_k44",22,331660,"CD294_CRTH2","no_detected_multimodality","neither test rejects in any seed",3,0,0,0,1,0.892620223155056,3,"stratified_5_percent_pass_audit"
"inflect_ward_k44",22,331660,"CD3","ambiguous","discordant_tests;seed_instability",3,0,0,1,1,0.0270135067533767,3,"ambiguous"
"inflect_ward_k44",22,331660,"CD303_TCRvd2","detected_multimodality","both tests reject in at least two seeds",3,3,3,3,0,0,3,"detected_multimodality"
"inflect_ward_k44",22,331660,"TCRgd_CD141","detected_multimodality","both tests reject in at least two seeds",3,3,3,3,0,0,3,"detected_multimodality"
"inflect_ward_k44",23,636588,"CD159c_NKG2C","no_detected_multimodality","neither test rejects in any seed",3,0,0,0,1,0.471385692846423,3,"stratified_5_percent_pass_audit"
"inflect_ward_k44",23,636588,"CD16","detected_multimodality","both tests reject in at least two seeds",3,3,3,3,0,0,3,"detected_multimodality"
"inflect_ward_k44",23,636588,"CD185_CXCR5","ambiguous","discordant_tests",3,0,0,3,0.46010251644479,0,3,"ambiguous"
"inflect_ward_k44",23,636588,"CD21","ambiguous","discordant_tests;seed_instability",3,1,1,3,0.00158744903130414,0,3,"ambiguous"
"inflect_ward_k44",23,636588,"CD3","ambiguous","discordant_tests;seed_instability",3,0,0,2,1,0.00450225112556278,3,"ambiguous"
"inflect_ward_k44",23,636588,"CD38","ambiguous","discordant_tests",3,0,0,3,0.902123232980623,0,3,"ambiguous"
"inflect_ward_k44",23,636588,"CD45RA","ambiguous","discordant_tests;seed_instability",3,0,0,1,0.492269930553077,0,3,"ambiguous"
"inflect_ward_k44",24,105074,"CD11c","detected_multimodality","both tests reject in at least two seeds",3,3,3,3,0.00961685252510386,0,1,"detected_multimodality"
"inflect_ward_k44",24,105074,"CD159c_NKG2C","detected_multimodality","both tests reject in at least two seeds",3,3,3,3,0.00154741174090062,0,1,"detected_multimodality"
"inflect_ward_k44",24,105074,"CD161","no_detected_multimodality","neither test rejects in any seed",3,0,0,0,1,0.977988994497249,1,"stratified_5_percent_pass_audit"
"inflect_ward_k44",24,105074,"CD3","ambiguous","discordant_tests;seed_instability;borderline_q",3,1,1,3,0.0393689971572283,0,1,"ambiguous"
"inflect_ward_k44",24,105074,"CD38","no_detected_multimodality","neither test rejects in any seed",3,0,0,0,1,0.908022192914639,1,"stratified_5_percent_pass_audit"
"inflect_ward_k44",24,105074,"CD45RA","no_detected_multimodality","neither test rejects in any seed",3,0,0,0,1,0.364682341170585,1,"stratified_5_percent_pass_audit"
"inflect_ward_k44",24,105074,"CD57","detected_multimodality","both tests reject in at least two seeds",3,3,3,3,0,0,1,"detected_multimodality"
"inflect_ward_k44",25,606074,"CD11c","no_detected_multimodality","neither test rejects in any seed",3,0,0,0,1,0.344422211105553,3,"stratified_5_percent_pass_audit"
"inflect_ward_k44",25,606074,"CD14","no_detected_multimodality","neither test rejects in any seed",3,0,0,0,1,0.715857928964482,3,"stratified_5_percent_pass_audit"
"inflect_ward_k44",25,606074,"CD161","ambiguous","discordant_tests",3,0,0,3,0.117143949314743,0,3,"ambiguous"
"inflect_ward_k44",25,606074,"CD27","detected_multimodality","both tests reject in at least two seeds",3,3,3,3,0,0,3,"detected_multimodality"
"inflect_ward_k44",25,606074,"CD303_TCRvd2","detected_multimodality","both tests reject in at least two seeds",3,3,3,3,0,0,3,"detected_multimodality"
"inflect_ward_k44",25,606074,"CD56","no_detected_multimodality","neither test rejects in any seed",3,0,0,0,1,0.855146323161581,3,"stratified_5_percent_pass_audit"
"inflect_ward_k44",25,606074,"CD57","detected_multimodality","both tests reject in at least two seeds",3,2,2,3,0.0131278163944789,0,3,"detected_multimodality"
"inflect_ward_k44",25,606074,"TCRgd_CD141","detected_multimodality","both tests reject in at least two seeds",3,3,3,3,0,0,3,"detected_multimodality"
"inflect_ward_k44",26,160846,"CD159c_NKG2C","ambiguous","discordant_tests;seed_instability",3,0,0,2,0.394079012426947,0,1,"ambiguous"
"inflect_ward_k44",26,160846,"CD16","ambiguous","borderline_q",3,0,0,0,1,0.0585292646323162,1,"ambiguous"
"inflect_ward_k44",26,160846,"CD27","no_detected_multimodality","neither test rejects in any seed",3,0,0,0,1,0.69559779889945,1,"stratified_5_percent_pass_audit"
"inflect_ward_k44",26,160846,"CD3","no_detected_multimodality","neither test rejects in any seed",3,0,0,0,1,0.567283641820911,1,"stratified_5_percent_pass_audit"
"inflect_ward_k44",26,160846,"CD56","ambiguous","discordant_tests",3,0,0,3,0.245199220177894,0,1,"ambiguous"
"inflect_ward_k44",26,160846,"CD57","detected_multimodality","both tests reject in at least two seeds",3,3,3,3,0,0,1,"detected_multimodality"
"inflect_ward_k44",26,160846,"CD7","no_detected_multimodality","neither test rejects in any seed",3,0,0,0,1,0.836190822684069,1,"stratified_5_percent_pass_audit"
"inflect_ward_k44",26,160846,"Tbet","no_detected_multimodality","neither test rejects in any seed",3,0,0,0,1,0.801400700350175,1,"stratified_5_percent_pass_audit"
"inflect_ward_k44",27,88785,"CD11c","no_detected_multimodality","neither test rejects in any seed",3,0,0,0,1,0.575878848515167,1,"stratified_5_percent_pass_audit"
"inflect_ward_k44",27,88785,"CD127","ambiguous","discordant_tests;seed_instability;borderline_q",3,0,0,2,0.0736912020166474,0,1,"ambiguous"
"inflect_ward_k44",27,88785,"CD14","ambiguous","discordant_tests",3,0,0,3,0.128372693819482,0,1,"ambiguous"
"inflect_ward_k44",27,88785,"CD159c_NKG2C","no_detected_multimodality","neither test rejects in any seed",3,0,0,0,1,0.240420210105053,1,"stratified_5_percent_pass_audit"
"inflect_ward_k44",27,88785,"CD16","ambiguous","discordant_tests;seed_instability",3,0,0,1,1,0.0315157578789395,1,"ambiguous"
"inflect_ward_k44",27,88785,"CD161","ambiguous","discordant_tests",3,0,0,3,0.250617014135062,0,1,"ambiguous"
"inflect_ward_k44",27,88785,"CD185_CXCR5","ambiguous","discordant_tests",3,0,0,3,0.250617014135062,0,1,"ambiguous"
"inflect_ward_k44",27,88785,"CD1c","ambiguous","borderline_q",3,0,0,0,1,0.077663831915958,1,"ambiguous"
"inflect_ward_k44",27,88785,"CD38","detected_multimodality","both tests reject in at least two seeds",3,3,3,3,0,0,1,"detected_multimodality"
"inflect_ward_k44",27,88785,"CD4","no_detected_multimodality","neither test rejects in any seed",3,0,0,0,1,0.575878848515167,1,"stratified_5_percent_pass_audit"
"inflect_ward_k44",27,88785,"CD7","ambiguous","discordant_tests;seed_instability",3,0,0,2,1,0.0385907239333953,1,"ambiguous"
"inflect_ward_k44",27,88785,"CD8","no_detected_multimodality","neither test rejects in any seed",3,0,0,0,1,0.707978989494747,1,"stratified_5_percent_pass_audit"
"inflect_ward_k44",27,88785,"Tbet","detected_multimodality","both tests reject in at least two seeds",3,3,3,3,0,0,1,"detected_multimodality"
"inflect_ward_k44",27,88785,"TCRgd_CD141","no_detected_multimodality","neither test rejects in any seed",3,0,0,0,1,0.464857428714357,1,"stratified_5_percent_pass_audit"
"inflect_ward_k44",28,336733,"CD161","ambiguous","discordant_tests;seed_instability;borderline_q",3,1,1,3,0.00266366280779051,0,3,"ambiguous"
"inflect_ward_k44",28,336733,"CD25","no_detected_multimodality","neither test rejects in any seed",3,0,0,0,1,0.795210105052526,3,"stratified_5_percent_pass_audit"
"inflect_ward_k44",28,336733,"CD27","detected_multimodality","both tests reject in at least two seeds",3,3,3,3,0,0,3,"detected_multimodality"
"inflect_ward_k44",28,336733,"CD38","no_detected_multimodality","neither test rejects in any seed",3,0,0,0,1,0.786093046523262,3,"stratified_5_percent_pass_audit"
"inflect_ward_k44",28,336733,"CD4","no_detected_multimodality","neither test rejects in any seed",3,0,0,0,1,0.793039376831273,3,"stratified_5_percent_pass_audit"
"inflect_ward_k44",28,336733,"CD57","no_detected_multimodality","neither test rejects in any seed",3,0,0,0,1,0.580790395197599,3,"stratified_5_percent_pass_audit"
"inflect_ward_k44",28,336733,"HLA-DR","no_detected_multimodality","neither test rejects in any seed",3,0,0,0,1,0.807335485924781,3,"stratified_5_percent_pass_audit"
"inflect_ward_k44",29,215648,"CD11c","no_detected_multimodality","neither test rejects in any seed",3,0,0,0,0.999728021402753,0.538340598870864,2,"stratified_5_percent_pass_audit"
"inflect_ward_k44",29,215648,"CD3","detected_multimodality","both tests reject in at least two seeds",3,3,3,3,0,0,2,"detected_multimodality"
"inflect_ward_k44",29,215648,"CD303_TCRvd2","ambiguous","discordant_tests;borderline_q",3,0,0,3,0.0597245881889573,0,2,"ambiguous"
"inflect_ward_k44",29,215648,"CD45RA","ambiguous","discordant_tests;seed_instability",3,0,0,1,0.999728021402753,0.0135067533766883,2,"ambiguous"
"inflect_ward_k44",29,215648,"CD57","detected_multimodality","both tests reject in at least two seeds",3,3,3,3,0,0,2,"detected_multimodality"
"inflect_ward_k44",30,726106,"CD127","no_detected_multimodality","neither test rejects in any seed",3,0,0,0,1,0.643412615398608,4,"stratified_5_percent_pass_audit"
"inflect_ward_k44",30,726106,"CD197_CCR7","ambiguous","borderline_q",3,0,0,0,1,0.0652826413206603,4,"ambiguous"
"inflect_ward_k44",30,726106,"CD27","detected_multimodality","both tests reject in at least two seeds",3,3,3,3,0,0,4,"detected_multimodality"
"inflect_ward_k44",30,726106,"CD3","ambiguous","discordant_tests",3,0,0,3,0.91637242033575,0,4,"ambiguous"
"inflect_ward_k44",30,726106,"CD303_TCRvd2","ambiguous","discordant_tests",3,0,0,3,1,0,4,"ambiguous"
"inflect_ward_k44",30,726106,"CD45RA","detected_multimodality","both tests reject in at least two seeds",3,3,3,3,0,0,4,"detected_multimodality"
"inflect_ward_k44",30,726106,"HLA-DR","no_detected_multimodality","neither test rejects in any seed",3,0,0,0,1,0.123490316586865,4,"stratified_5_percent_pass_audit"
"inflect_ward_k44",30,726106,"Tbet","detected_multimodality","both tests reject in at least two seeds",3,3,3,3,0,0,4,"detected_multimodality"
"inflect_ward_k44",31,99969,"CD127","ambiguous","discordant_tests;borderline_q",3,0,0,3,0.0515825946766367,0,1,"ambiguous"
"inflect_ward_k44",31,99969,"CD16","detected_multimodality","both tests reject in at least two seeds",3,3,3,3,0,0,1,"detected_multimodality"
"inflect_ward_k44",31,99969,"CD1c","no_detected_multimodality","neither test rejects in any seed",3,0,0,0,1,0.827595615989813,1,"stratified_5_percent_pass_audit"
"inflect_ward_k44",31,99969,"CD21","no_detected_multimodality","neither test rejects in any seed",3,0,0,0,1,0.584842421210605,1,"stratified_5_percent_pass_audit"
"inflect_ward_k44",31,99969,"CD27","detected_multimodality","both tests reject in at least two seeds",3,3,3,3,1.822234762483e-05,0,1,"detected_multimodality"
"inflect_ward_k44",31,99969,"CD294_CRTH2","no_detected_multimodality","neither test rejects in any seed",3,0,0,0,1,0.135067533766883,1,"stratified_5_percent_pass_audit"
"inflect_ward_k44",31,99969,"CD3","ambiguous","discordant_tests;seed_instability;borderline_q",3,0,0,1,1,0.0489619809904952,1,"ambiguous"
"inflect_ward_k44",31,99969,"CD45RA","detected_multimodality","both tests reject in at least two seeds",3,3,3,3,0,0,1,"detected_multimodality"
"inflect_ward_k44",31,99969,"CD56","detected_multimodality","both tests reject in at least two seeds",3,3,3,3,0.00234712026647976,0,1,"detected_multimodality"
"inflect_ward_k44",31,99969,"CD57","ambiguous","discordant_tests",3,0,0,3,1,0,1,"ambiguous"
"inflect_ward_k44",31,99969,"Tbet","detected_multimodality","both tests reject in at least two seeds",3,3,3,3,0.000903069887151386,0,1,"detected_multimodality"
"inflect_ward_k44",32,1298228,"CD185_CXCR5","detected_multimodality","both tests reject in at least two seeds",3,2,2,3,0,0,4,"detected_multimodality"
"inflect_ward_k44",32,1298228,"CD19","ambiguous","discordant_tests",3,0,0,3,0.214207544524189,0,4,"ambiguous"
"inflect_ward_k44",32,1298228,"CD21","detected_multimodality","both tests reject in at least two seeds",3,3,3,3,0,0,4,"detected_multimodality"
"inflect_ward_k44",32,1298228,"CD25","no_detected_multimodality","neither test rejects in any seed",3,0,0,0,0.999935718221026,0.910955477738869,4,"stratified_5_percent_pass_audit"
"inflect_ward_k44",32,1298228,"CD38","no_detected_multimodality","neither test rejects in any seed",3,0,0,0,0.999935718221026,0.310655327663832,4,"stratified_5_percent_pass_audit"
"inflect_ward_k44",32,1298228,"CD57","no_detected_multimodality","neither test rejects in any seed",3,0,0,0,0.999935718221026,0.590141224458383,4,"stratified_5_percent_pass_audit"
"inflect_ward_k44",32,1298228,"CD7","no_detected_multimodality","neither test rejects in any seed",3,0,0,0,0.999935718221026,0.808154077038519,4,"stratified_5_percent_pass_audit"
"inflect_ward_k44",33,4272277,"CD127","ambiguous","discordant_tests;seed_instability",3,0,0,1,0.998800049264925,0,4,"ambiguous"
"inflect_ward_k44",33,4272277,"CD14","no_detected_multimodality","neither test rejects in any seed",3,0,0,0,0.998800049264925,0.875483196143526,4,"stratified_5_percent_pass_audit"
"inflect_ward_k44",33,4272277,"CD19","no_detected_multimodality","neither test rejects in any seed",3,0,0,0,0.998800049264925,0.81175587793897,4,"stratified_5_percent_pass_audit"
"inflect_ward_k44",33,4272277,"CD197_CCR7","detected_multimodality","both tests reject in at least two seeds",3,3,3,3,0,0,4,"detected_multimodality"
"inflect_ward_k44",33,4272277,"CD45RA","detected_multimodality","both tests reject in at least two seeds",3,3,3,3,0,0,4,"detected_multimodality"
"inflect_ward_k44",33,4272277,"CD56","no_detected_multimodality","neither test rejects in any seed",3,0,0,0,0.998800049264925,0.87586100742679,4,"stratified_5_percent_pass_audit"
"inflect_ward_k44",33,4272277,"CD8","no_detected_multimodality","neither test rejects in any seed",3,0,0,0,0.998800049264925,0.87586100742679,4,"stratified_5_percent_pass_audit"
"inflect_ward_k44",33,4272277,"FoxP3","no_detected_multimodality","neither test rejects in any seed",3,0,0,0,0.998800049264925,0.731053026513257,4,"stratified_5_percent_pass_audit"
"inflect_ward_k44",33,4272277,"TCRgd_CD141","ambiguous","discordant_tests;seed_instability",3,0,0,1,0.998800049264925,0.0225112556278139,4,"ambiguous"
"inflect_ward_k44",34,413636,"CD11c","ambiguous","borderline_q",3,0,0,0,1,0.0945472736368184,3,"ambiguous"
"inflect_ward_k44",34,413636,"CD27","ambiguous","borderline_q",3,0,0,0,1,0.0675337668834417,3,"ambiguous"
"inflect_ward_k44",35,2887542,"CD161","detected_multimodality","both tests reject in at least two seeds",3,2,2,2,0.00295534841977391,0,4,"detected_multimodality"
"inflect_ward_k44",35,2887542,"CD19","ambiguous","discordant_tests;seed_instability",3,0,0,1,0.999891156957746,0.0135067533766883,4,"ambiguous"
"inflect_ward_k44",35,2887542,"CD27","detected_multimodality","both tests reject in at least two seeds",3,3,3,3,0,0,4,"detected_multimodality"
"inflect_ward_k44",35,2887542,"CD7","ambiguous","seed_instability",3,1,1,1,0.0413911300584802,0,4,"ambiguous"
"inflect_ward_k44",36,217883,"CD11c","ambiguous","discordant_tests;seed_instability",3,0,0,2,0.999526169713075,0.00270135067533767,2,"ambiguous"
"inflect_ward_k44",36,217883,"CD14","detected_multimodality","both tests reject in at least two seeds",3,3,3,3,0,0,2,"detected_multimodality"
"inflect_ward_k44",36,217883,"CD1c","detected_multimodality","both tests reject in at least two seeds",3,3,3,3,0,0,2,"detected_multimodality"
"inflect_ward_k44",36,217883,"CD45RA","no_detected_multimodality","neither test rejects in any seed",3,0,0,0,0.999526169713075,0.211043021510755,2,"stratified_5_percent_pass_audit"
"inflect_ward_k44",36,217883,"HLA-DR","detected_multimodality","both tests reject in at least two seeds",3,3,3,3,0,0,2,"detected_multimodality"
"inflect_ward_k44",36,217883,"TCRgd_CD141","detected_multimodality","both tests reject in at least two seeds",3,3,3,3,0,0,2,"detected_multimodality"
"inflect_ward_k44",37,170897,"CD3","no_detected_multimodality","neither test rejects in any seed",3,0,0,0,0.998487067059999,0.742871435717859,2,"stratified_5_percent_pass_audit"
"inflect_ward_k44",38,880759,"CD11c","detected_multimodality","both tests reject in at least two seeds",3,3,3,3,0,0,4,"detected_multimodality"
"inflect_ward_k44",38,880759,"CD127","ambiguous","borderline_q",3,0,0,0,1,0.088544272136068,4,"ambiguous"
"inflect_ward_k44",38,880759,"CD14","detected_multimodality","both tests reject in at least two seeds",3,3,3,3,0,0,4,"detected_multimodality"
"inflect_ward_k44",38,880759,"CD197_CCR7","no_detected_multimodality","neither test rejects in any seed",3,0,0,0,1,0.287500893303795,4,"stratified_5_percent_pass_audit"
"inflect_ward_k44",38,880759,"CD1c","detected_multimodality","both tests reject in at least two seeds",3,3,3,3,0.00122653231751566,0,4,"detected_multimodality"
"inflect_ward_k44",38,880759,"CD27","no_detected_multimodality","neither test rejects in any seed",3,0,0,0,1,0.759079539769885,4,"stratified_5_percent_pass_audit"
"inflect_ward_k44",38,880759,"CD3","no_detected_multimodality","neither test rejects in any seed",3,0,0,0,1,0.953265094085504,4,"stratified_5_percent_pass_audit"
"inflect_ward_k44",38,880759,"CD303_TCRvd2","detected_multimodality","both tests reject in at least two seeds",3,3,3,3,5.97074392247876e-05,0,4,"detected_multimodality"
"inflect_ward_k44",38,880759,"CD4","ambiguous","discordant_tests;seed_instability;borderline_q",3,0,0,1,1,0.0219484742371186,4,"ambiguous"
"inflect_ward_k44",38,880759,"CD45RA","ambiguous","discordant_tests",3,0,0,3,1,0,4,"ambiguous"
"inflect_ward_k44",38,880759,"HLA-DR","ambiguous","discordant_tests",3,0,0,3,0.294240716029449,0.0135067533766883,4,"ambiguous"
"inflect_ward_k44",38,880759,"Tbet","no_detected_multimodality","neither test rejects in any seed",3,0,0,0,1,0.759079539769885,4,"stratified_5_percent_pass_audit"
"inflect_ward_k44",38,880759,"TCRgd_CD141","ambiguous","discordant_tests;seed_instability;borderline_q",3,1,1,3,0.0264790710240379,0,4,"ambiguous"
"inflect_ward_k44",39,4350638,"CD4","no_detected_multimodality","neither test rejects in any seed",3,0,0,0,1,0.81426427499464,4,"stratified_5_percent_pass_audit"
"inflect_ward_k44",40,9068600,"CD11c","no_detected_multimodality","neither test rejects in any seed",3,0,0,0,1,0.616115750182784,4,"stratified_5_percent_pass_audit"
"inflect_ward_k44",40,9068600,"CD197_CCR7","detected_multimodality","both tests reject in at least two seeds",3,3,3,3,0,0,4,"detected_multimodality"
"inflect_ward_k44",40,9068600,"CD27","detected_multimodality","both tests reject in at least two seeds",3,3,3,3,0,0,4,"detected_multimodality"
"inflect_ward_k44",40,9068600,"CD294_CRTH2","no_detected_multimodality","neither test rejects in any seed",3,0,0,0,1,0.364682341170585,4,"stratified_5_percent_pass_audit"
"inflect_ward_k44",40,9068600,"CD45RA","ambiguous","discordant_tests;seed_instability",3,1,1,3,0.000279588000097641,0,4,"ambiguous"
"inflect_ward_k44",40,9068600,"CD7","detected_multimodality","both tests reject in at least two seeds",3,2,2,3,0.00068203090395047,0,4,"detected_multimodality"
"inflect_ward_k44",40,9068600,"TCRgd_CD141","no_detected_multimodality","neither test rejects in any seed",3,0,0,0,1,0.113456728364182,4,"stratified_5_percent_pass_audit"
"inflect_ward_k44",41,1028144,"CD161","no_detected_multimodality","neither test rejects in any seed",3,0,0,0,1,0.694847423711856,4,"stratified_5_percent_pass_audit"
"inflect_ward_k44",41,1028144,"CD25","ambiguous","discordant_tests;seed_instability",3,1,1,3,0.00349888648968349,0,4,"ambiguous"
"inflect_ward_k44",41,1028144,"FoxP3","detected_multimodality","both tests reject in at least two seeds",3,3,3,3,2.36344294135549e-08,0,4,"detected_multimodality"
"inflect_ward_k44",43,2920244,"CD185_CXCR5","no_detected_multimodality","neither test rejects in any seed",3,0,0,0,1,0.588894447223612,4,"stratified_5_percent_pass_audit"
"inflect_ward_k44",43,2920244,"CD45RA","no_detected_multimodality","neither test rejects in any seed",3,0,0,0,1,0.962761380690345,4,"stratified_5_percent_pass_audit"
"inflect_ward_k44",44,541968,"CD127","ambiguous","borderline_q",3,0,0,0,0.999479244586142,0.0945472736368184,3,"ambiguous"
"inflect_ward_k44",44,541968,"CD197_CCR7","ambiguous","discordant_tests;seed_instability;borderline_q",3,0,0,1,0.999479244586142,0,3,"ambiguous"
"inflect_ward_k44",44,541968,"CD3","no_detected_multimodality","neither test rejects in any seed",3,0,0,0,0.999479244586142,0.413306653326663,3,"stratified_5_percent_pass_audit"
