"solution_id","cluster","marker","base_status","refinement_status_n1000","refinement_status_n5000","final_status","refinement_stable","final_status_reason"
"inflect_ward_k27",1,"CD11c","detected_multimodality","detected_multimodality","detected_multimodality","detected_multimodality",TRUE,"stable_across_1000_2000_5000_events"
"inflect_ward_k27",1,"CD127","no_detected_multimodality","no_detected_multimodality","no_detected_multimodality","no_detected_multimodality",TRUE,"stable_across_1000_2000_5000_events"
"inflect_ward_k27",1,"CD14","no_detected_multimodality","no_detected_multimodality","no_detected_multimodality","no_detected_multimodality",TRUE,"stable_across_1000_2000_5000_events"
"inflect_ward_k27",1,"CD159c_NKG2C","no_detected_multimodality","no_detected_multimodality","no_detected_multimodality","no_detected_multimodality",TRUE,"stable_across_1000_2000_5000_events"
"inflect_ward_k27",1,"CD161","detected_multimodality","detected_multimodality","detected_multimodality","detected_multimodality",TRUE,"stable_across_1000_2000_5000_events"
"inflect_ward_k27",1,"CD19","no_detected_multimodality","no_detected_multimodality","no_detected_multimodality","no_detected_multimodality",TRUE,"stable_across_1000_2000_5000_events"
"inflect_ward_k27",1,"CD294_CRTH2","no_detected_multimodality","no_detected_multimodality","no_detected_multimodality","no_detected_multimodality",TRUE,"stable_across_1000_2000_5000_events"
"inflect_ward_k27",1,"CD38","no_detected_multimodality","no_detected_multimodality","no_detected_multimodality","no_detected_multimodality",TRUE,"stable_across_1000_2000_5000_events"
"inflect_ward_k27",1,"CD56","no_detected_multimodality","no_detected_multimodality","no_detected_multimodality","no_detected_multimodality",TRUE,"stable_across_1000_2000_5000_events"
"inflect_ward_k27",1,"CD57","ambiguous","ambiguous","ambiguous","ambiguous",TRUE,"base_evidence_ambiguous"
"inflect_ward_k27",2,"CD11c","no_detected_multimodality","no_detected_multimodality","ambiguous","ambiguous",FALSE,"sample_size_instability"
"inflect_ward_k27",2,"CD185_CXCR5","no_detected_multimodality","no_detected_multimodality","no_detected_multimodality","no_detected_multimodality",TRUE,"stable_across_1000_2000_5000_events"
"inflect_ward_k27",2,"CD197_CCR7","no_detected_multimodality","no_detected_multimodality","ambiguous","ambiguous",FALSE,"sample_size_instability"
"inflect_ward_k27",2,"CD57","detected_multimodality","detected_multimodality","detected_multimodality","detected_multimodality",TRUE,"stable_across_1000_2000_5000_events"
"inflect_ward_k27",2,"Tbet","no_detected_multimodality","no_detected_multimodality","no_detected_multimodality","no_detected_multimodality",TRUE,"stable_across_1000_2000_5000_events"
"inflect_ward_k27",3,"CD11c","ambiguous","ambiguous","ambiguous","ambiguous",TRUE,"base_evidence_ambiguous"
"inflect_ward_k27",3,"CD159c_NKG2C","ambiguous","ambiguous","detected_multimodality","ambiguous",FALSE,"base_evidence_ambiguous"
"inflect_ward_k27",3,"CD16","detected_multimodality","detected_multimodality","detected_multimodality","detected_multimodality",TRUE,"stable_across_1000_2000_5000_events"
"inflect_ward_k27",3,"CD197_CCR7","no_detected_multimodality","no_detected_multimodality","no_detected_multimodality","no_detected_multimodality",TRUE,"stable_across_1000_2000_5000_events"
"inflect_ward_k27",3,"CD1c","no_detected_multimodality","no_detected_multimodality","no_detected_multimodality","no_detected_multimodality",TRUE,"stable_across_1000_2000_5000_events"
"inflect_ward_k27",3,"CD21","no_detected_multimodality","no_detected_multimodality","no_detected_multimodality","no_detected_multimodality",TRUE,"stable_across_1000_2000_5000_events"
"inflect_ward_k27",3,"CD294_CRTH2","no_detected_multimodality","no_detected_multimodality","no_detected_multimodality","no_detected_multimodality",TRUE,"stable_across_1000_2000_5000_events"
"inflect_ward_k27",3,"CD3","detected_multimodality","detected_multimodality","detected_multimodality","detected_multimodality",TRUE,"stable_across_1000_2000_5000_events"
"inflect_ward_k27",3,"CD303_TCRvd2","no_detected_multimodality","no_detected_multimodality","no_detected_multimodality","no_detected_multimodality",TRUE,"stable_across_1000_2000_5000_events"
"inflect_ward_k27",3,"CD38","ambiguous","no_detected_multimodality","ambiguous","ambiguous",FALSE,"base_evidence_ambiguous"
"inflect_ward_k27",3,"CD56","ambiguous","ambiguous","ambiguous","ambiguous",TRUE,"base_evidence_ambiguous"
"inflect_ward_k27",3,"CD57","detected_multimodality","detected_multimodality","detected_multimodality","detected_multimodality",TRUE,"stable_across_1000_2000_5000_events"
"inflect_ward_k27",3,"CD7","no_detected_multimodality","no_detected_multimodality","no_detected_multimodality","no_detected_multimodality",TRUE,"stable_across_1000_2000_5000_events"
"inflect_ward_k27",4,"CD11c","detected_multimodality","detected_multimodality","detected_multimodality","detected_multimodality",TRUE,"stable_across_1000_2000_5000_events"
"inflect_ward_k27",4,"CD16","no_detected_multimodality","ambiguous","no_detected_multimodality","ambiguous",FALSE,"sample_size_instability"
"inflect_ward_k27",4,"CD185_CXCR5","no_detected_multimodality","no_detected_multimodality","no_detected_multimodality","no_detected_multimodality",TRUE,"stable_across_1000_2000_5000_events"
"inflect_ward_k27",4,"CD25","no_detected_multimodality","no_detected_multimodality","no_detected_multimodality","no_detected_multimodality",TRUE,"stable_across_1000_2000_5000_events"
"inflect_ward_k27",4,"CD3","detected_multimodality","detected_multimodality","detected_multimodality","detected_multimodality",TRUE,"stable_across_1000_2000_5000_events"
"inflect_ward_k27",4,"CD45RA","no_detected_multimodality","no_detected_multimodality","no_detected_multimodality","no_detected_multimodality",TRUE,"stable_across_1000_2000_5000_events"
"inflect_ward_k27",4,"CD56","detected_multimodality","detected_multimodality","detected_multimodality","detected_multimodality",TRUE,"stable_across_1000_2000_5000_events"
"inflect_ward_k27",4,"CD57","detected_multimodality","detected_multimodality","detected_multimodality","detected_multimodality",TRUE,"stable_across_1000_2000_5000_events"
"inflect_ward_k27",4,"FoxP3","no_detected_multimodality","no_detected_multimodality","no_detected_multimodality","no_detected_multimodality",TRUE,"stable_across_1000_2000_5000_events"
"inflect_ward_k27",4,"TCRgd_CD141","no_detected_multimodality","no_detected_multimodality","no_detected_multimodality","no_detected_multimodality",TRUE,"stable_across_1000_2000_5000_events"
"inflect_ward_k27",5,"CD11c","detected_multimodality","detected_multimodality","detected_multimodality","detected_multimodality",TRUE,"stable_across_1000_2000_5000_events"
"inflect_ward_k27",5,"CD159c_NKG2C","no_detected_multimodality","no_detected_multimodality","no_detected_multimodality","no_detected_multimodality",TRUE,"stable_across_1000_2000_5000_events"
"inflect_ward_k27",5,"CD161","detected_multimodality","ambiguous","detected_multimodality","ambiguous",FALSE,"sample_size_instability"
"inflect_ward_k27",5,"CD294_CRTH2","ambiguous","ambiguous","no_detected_multimodality","ambiguous",FALSE,"base_evidence_ambiguous"
"inflect_ward_k27",5,"CD3","ambiguous","no_detected_multimodality","detected_multimodality","ambiguous",FALSE,"base_evidence_ambiguous"
"inflect_ward_k27",5,"CD4","no_detected_multimodality","no_detected_multimodality","no_detected_multimodality","no_detected_multimodality",TRUE,"stable_across_1000_2000_5000_events"
"inflect_ward_k27",5,"CD45RA","ambiguous","no_detected_multimodality","no_detected_multimodality","ambiguous",FALSE,"base_evidence_ambiguous"
"inflect_ward_k27",5,"CD56","ambiguous","ambiguous","detected_multimodality","ambiguous",FALSE,"base_evidence_ambiguous"
"inflect_ward_k27",5,"CD57","ambiguous","ambiguous","ambiguous","ambiguous",TRUE,"base_evidence_ambiguous"
"inflect_ward_k27",5,"CD8","no_detected_multimodality","no_detected_multimodality","no_detected_multimodality","no_detected_multimodality",TRUE,"stable_across_1000_2000_5000_events"
"inflect_ward_k27",5,"TCRgd_CD141","ambiguous","no_detected_multimodality","no_detected_multimodality","ambiguous",FALSE,"base_evidence_ambiguous"
"inflect_ward_k27",6,"CD11c","no_detected_multimodality","no_detected_multimodality","no_detected_multimodality","no_detected_multimodality",TRUE,"stable_across_1000_2000_5000_events"
"inflect_ward_k27",6,"CD159c_NKG2C","ambiguous","no_detected_multimodality","ambiguous","ambiguous",FALSE,"base_evidence_ambiguous"
"inflect_ward_k27",6,"CD16","detected_multimodality","detected_multimodality","detected_multimodality","detected_multimodality",TRUE,"stable_across_1000_2000_5000_events"
"inflect_ward_k27",6,"CD27","no_detected_multimodality","no_detected_multimodality","no_detected_multimodality","no_detected_multimodality",TRUE,"stable_across_1000_2000_5000_events"
"inflect_ward_k27",6,"CD3","detected_multimodality","detected_multimodality","detected_multimodality","detected_multimodality",TRUE,"stable_across_1000_2000_5000_events"
"inflect_ward_k27",6,"CD57","detected_multimodality","detected_multimodality","detected_multimodality","detected_multimodality",TRUE,"stable_across_1000_2000_5000_events"
"inflect_ward_k27",6,"CD8","ambiguous","ambiguous","ambiguous","ambiguous",TRUE,"base_evidence_ambiguous"
"inflect_ward_k27",6,"Tbet","no_detected_multimodality","no_detected_multimodality","no_detected_multimodality","no_detected_multimodality",TRUE,"stable_across_1000_2000_5000_events"
"inflect_ward_k27",7,"CD16","no_detected_multimodality","no_detected_multimodality","no_detected_multimodality","no_detected_multimodality",TRUE,"stable_across_1000_2000_5000_events"
"inflect_ward_k27",7,"CD1c","no_detected_multimodality","no_detected_multimodality","no_detected_multimodality","no_detected_multimodality",TRUE,"stable_across_1000_2000_5000_events"
"inflect_ward_k27",7,"CD21","ambiguous","no_detected_multimodality","no_detected_multimodality","ambiguous",FALSE,"base_evidence_ambiguous"
"inflect_ward_k27",7,"CD45RA","ambiguous","no_detected_multimodality","ambiguous","ambiguous",FALSE,"base_evidence_ambiguous"
"inflect_ward_k27",7,"CD57","ambiguous","no_detected_multimodality","ambiguous","ambiguous",FALSE,"base_evidence_ambiguous"
"inflect_ward_k27",8,"CD11c","detected_multimodality","detected_multimodality","detected_multimodality","detected_multimodality",TRUE,"stable_across_1000_2000_5000_events"
"inflect_ward_k27",8,"CD161","detected_multimodality","ambiguous","detected_multimodality","ambiguous",FALSE,"sample_size_instability"
"inflect_ward_k27",8,"CD38","ambiguous","no_detected_multimodality","ambiguous","ambiguous",FALSE,"base_evidence_ambiguous"
"inflect_ward_k27",8,"CD45RA","no_detected_multimodality","ambiguous","no_detected_multimodality","ambiguous",FALSE,"sample_size_instability"
"inflect_ward_k27",8,"CD56","detected_multimodality","detected_multimodality","detected_multimodality","detected_multimodality",TRUE,"stable_across_1000_2000_5000_events"
"inflect_ward_k27",8,"CD57","no_detected_multimodality","no_detected_multimodality","ambiguous","ambiguous",FALSE,"sample_size_instability"
"inflect_ward_k27",8,"CD7","ambiguous","ambiguous","detected_multimodality","ambiguous",FALSE,"base_evidence_ambiguous"
"inflect_ward_k27",8,"FoxP3","ambiguous","no_detected_multimodality","ambiguous","ambiguous",FALSE,"base_evidence_ambiguous"
"inflect_ward_k27",8,"HLA-DR","no_detected_multimodality","no_detected_multimodality","no_detected_multimodality","no_detected_multimodality",TRUE,"stable_across_1000_2000_5000_events"
"inflect_ward_k27",9,"CD1c","ambiguous","no_detected_multimodality","no_detected_multimodality","ambiguous",FALSE,"base_evidence_ambiguous"
"inflect_ward_k27",9,"CD3","no_detected_multimodality","no_detected_multimodality","no_detected_multimodality","no_detected_multimodality",TRUE,"stable_across_1000_2000_5000_events"
"inflect_ward_k27",9,"CD4","no_detected_multimodality","no_detected_multimodality","no_detected_multimodality","no_detected_multimodality",TRUE,"stable_across_1000_2000_5000_events"
"inflect_ward_k27",9,"CD57","detected_multimodality","detected_multimodality","detected_multimodality","detected_multimodality",TRUE,"stable_across_1000_2000_5000_events"
"inflect_ward_k27",9,"CD7","no_detected_multimodality","no_detected_multimodality","no_detected_multimodality","no_detected_multimodality",TRUE,"stable_across_1000_2000_5000_events"
"inflect_ward_k27",9,"CD8","no_detected_multimodality","no_detected_multimodality","no_detected_multimodality","no_detected_multimodality",TRUE,"stable_across_1000_2000_5000_events"
"inflect_ward_k27",10,"CD11c","detected_multimodality","detected_multimodality","detected_multimodality","detected_multimodality",TRUE,"stable_across_1000_2000_5000_events"
"inflect_ward_k27",10,"CD127","no_detected_multimodality","no_detected_multimodality","no_detected_multimodality","no_detected_multimodality",TRUE,"stable_across_1000_2000_5000_events"
"inflect_ward_k27",10,"CD14","ambiguous","no_detected_multimodality","ambiguous","ambiguous",FALSE,"base_evidence_ambiguous"
"inflect_ward_k27",10,"CD16","detected_multimodality","detected_multimodality","detected_multimodality","detected_multimodality",TRUE,"stable_across_1000_2000_5000_events"
"inflect_ward_k27",10,"CD161","detected_multimodality","detected_multimodality","detected_multimodality","detected_multimodality",TRUE,"stable_across_1000_2000_5000_events"
"inflect_ward_k27",10,"CD19","no_detected_multimodality","no_detected_multimodality","no_detected_multimodality","no_detected_multimodality",TRUE,"stable_across_1000_2000_5000_events"
"inflect_ward_k27",10,"CD197_CCR7","no_detected_multimodality","no_detected_multimodality","no_detected_multimodality","no_detected_multimodality",TRUE,"stable_across_1000_2000_5000_events"
"inflect_ward_k27",10,"CD294_CRTH2","no_detected_multimodality","no_detected_multimodality","no_detected_multimodality","no_detected_multimodality",TRUE,"stable_across_1000_2000_5000_events"
"inflect_ward_k27",10,"CD3","no_detected_multimodality","no_detected_multimodality","ambiguous","ambiguous",FALSE,"sample_size_instability"
"inflect_ward_k27",10,"CD38","no_detected_multimodality","no_detected_multimodality","ambiguous","ambiguous",FALSE,"sample_size_instability"
"inflect_ward_k27",10,"CD45RA","ambiguous","no_detected_multimodality","no_detected_multimodality","ambiguous",FALSE,"base_evidence_ambiguous"
"inflect_ward_k27",10,"CD57","no_detected_multimodality","ambiguous","no_detected_multimodality","ambiguous",FALSE,"sample_size_instability"
"inflect_ward_k27",10,"CD7","no_detected_multimodality","no_detected_multimodality","no_detected_multimodality","no_detected_multimodality",TRUE,"stable_across_1000_2000_5000_events"
"inflect_ward_k27",10,"Tbet","detected_multimodality","detected_multimodality","detected_multimodality","detected_multimodality",TRUE,"stable_across_1000_2000_5000_events"
"inflect_ward_k27",11,"CD11c","no_detected_multimodality","ambiguous","ambiguous","ambiguous",FALSE,"sample_size_instability"
"inflect_ward_k27",11,"CD14","no_detected_multimodality","no_detected_multimodality","no_detected_multimodality","no_detected_multimodality",TRUE,"stable_across_1000_2000_5000_events"
"inflect_ward_k27",11,"CD159c_NKG2C","detected_multimodality","ambiguous","detected_multimodality","ambiguous",FALSE,"sample_size_instability"
"inflect_ward_k27",11,"CD16","no_detected_multimodality","no_detected_multimodality","no_detected_multimodality","no_detected_multimodality",TRUE,"stable_across_1000_2000_5000_events"
"inflect_ward_k27",11,"CD185_CXCR5","no_detected_multimodality","no_detected_multimodality","no_detected_multimodality","no_detected_multimodality",TRUE,"stable_across_1000_2000_5000_events"
"inflect_ward_k27",11,"CD27","no_detected_multimodality","no_detected_multimodality","no_detected_multimodality","no_detected_multimodality",TRUE,"stable_across_1000_2000_5000_events"
"inflect_ward_k27",11,"CD3","ambiguous","no_detected_multimodality","ambiguous","ambiguous",FALSE,"base_evidence_ambiguous"
"inflect_ward_k27",11,"CD303_TCRvd2","no_detected_multimodality","no_detected_multimodality","no_detected_multimodality","no_detected_multimodality",TRUE,"stable_across_1000_2000_5000_events"
"inflect_ward_k27",11,"CD56","no_detected_multimodality","no_detected_multimodality","no_detected_multimodality","no_detected_multimodality",TRUE,"stable_across_1000_2000_5000_events"
"inflect_ward_k27",11,"CD8","no_detected_multimodality","no_detected_multimodality","no_detected_multimodality","no_detected_multimodality",TRUE,"stable_across_1000_2000_5000_events"
"inflect_ward_k27",11,"FoxP3","no_detected_multimodality","no_detected_multimodality","ambiguous","ambiguous",FALSE,"sample_size_instability"
"inflect_ward_k27",11,"HLA-DR","no_detected_multimodality","no_detected_multimodality","no_detected_multimodality","no_detected_multimodality",TRUE,"stable_across_1000_2000_5000_events"
"inflect_ward_k27",11,"Tbet","no_detected_multimodality","no_detected_multimodality","no_detected_multimodality","no_detected_multimodality",TRUE,"stable_across_1000_2000_5000_events"
"inflect_ward_k27",11,"TCRgd_CD141","no_detected_multimodality","no_detected_multimodality","ambiguous","ambiguous",FALSE,"sample_size_instability"
"inflect_ward_k27",12,"CD161","detected_multimodality","detected_multimodality","detected_multimodality","detected_multimodality",TRUE,"stable_across_1000_2000_5000_events"
"inflect_ward_k27",12,"CD27","detected_multimodality","detected_multimodality","detected_multimodality","detected_multimodality",TRUE,"stable_across_1000_2000_5000_events"
"inflect_ward_k27",13,"CD11c","ambiguous","no_detected_multimodality","no_detected_multimodality","ambiguous",FALSE,"base_evidence_ambiguous"
"inflect_ward_k27",13,"CD127","ambiguous","ambiguous","detected_multimodality","ambiguous",FALSE,"base_evidence_ambiguous"
"inflect_ward_k27",13,"CD159c_NKG2C","no_detected_multimodality","no_detected_multimodality","no_detected_multimodality","no_detected_multimodality",TRUE,"stable_across_1000_2000_5000_events"
"inflect_ward_k27",13,"CD16","no_detected_multimodality","no_detected_multimodality","no_detected_multimodality","no_detected_multimodality",TRUE,"stable_across_1000_2000_5000_events"
"inflect_ward_k27",13,"CD197_CCR7","detected_multimodality","detected_multimodality","detected_multimodality","detected_multimodality",TRUE,"stable_across_1000_2000_5000_events"
"inflect_ward_k27",13,"CD1c","ambiguous","no_detected_multimodality","ambiguous","ambiguous",FALSE,"base_evidence_ambiguous"
"inflect_ward_k27",13,"CD21","no_detected_multimodality","no_detected_multimodality","no_detected_multimodality","no_detected_multimodality",TRUE,"stable_across_1000_2000_5000_events"
"inflect_ward_k27",13,"CD25","no_detected_multimodality","no_detected_multimodality","no_detected_multimodality","no_detected_multimodality",TRUE,"stable_across_1000_2000_5000_events"
"inflect_ward_k27",13,"CD27","detected_multimodality","detected_multimodality","detected_multimodality","detected_multimodality",TRUE,"stable_across_1000_2000_5000_events"
"inflect_ward_k27",13,"CD303_TCRvd2","no_detected_multimodality","no_detected_multimodality","no_detected_multimodality","no_detected_multimodality",TRUE,"stable_across_1000_2000_5000_events"
"inflect_ward_k27",13,"CD45RA","detected_multimodality","detected_multimodality","detected_multimodality","detected_multimodality",TRUE,"stable_across_1000_2000_5000_events"
"inflect_ward_k27",13,"FoxP3","no_detected_multimodality","no_detected_multimodality","no_detected_multimodality","no_detected_multimodality",TRUE,"stable_across_1000_2000_5000_events"
"inflect_ward_k27",14,"CD127","no_detected_multimodality","no_detected_multimodality","no_detected_multimodality","no_detected_multimodality",TRUE,"stable_across_1000_2000_5000_events"
"inflect_ward_k27",14,"CD161","no_detected_multimodality","ambiguous","ambiguous","ambiguous",FALSE,"sample_size_instability"
"inflect_ward_k27",14,"CD19","no_detected_multimodality","no_detected_multimodality","no_detected_multimodality","no_detected_multimodality",TRUE,"stable_across_1000_2000_5000_events"
"inflect_ward_k27",14,"CD27","ambiguous","no_detected_multimodality","ambiguous","ambiguous",FALSE,"base_evidence_ambiguous"
"inflect_ward_k27",14,"CD3","ambiguous","no_detected_multimodality","detected_multimodality","ambiguous",FALSE,"base_evidence_ambiguous"
"inflect_ward_k27",14,"CD303_TCRvd2","detected_multimodality","detected_multimodality","detected_multimodality","detected_multimodality",TRUE,"stable_across_1000_2000_5000_events"
"inflect_ward_k27",14,"CD38","no_detected_multimodality","no_detected_multimodality","no_detected_multimodality","no_detected_multimodality",TRUE,"stable_across_1000_2000_5000_events"
"inflect_ward_k27",14,"CD45RA","ambiguous","no_detected_multimodality","ambiguous","ambiguous",FALSE,"base_evidence_ambiguous"
"inflect_ward_k27",14,"CD57","ambiguous","ambiguous","ambiguous","ambiguous",TRUE,"base_evidence_ambiguous"
"inflect_ward_k27",14,"HLA-DR","no_detected_multimodality","no_detected_multimodality","no_detected_multimodality","no_detected_multimodality",TRUE,"stable_across_1000_2000_5000_events"
"inflect_ward_k27",14,"TCRgd_CD141","ambiguous","ambiguous","detected_multimodality","ambiguous",FALSE,"base_evidence_ambiguous"
"inflect_ward_k27",15,"CD11c","ambiguous","no_detected_multimodality","ambiguous","ambiguous",FALSE,"base_evidence_ambiguous"
"inflect_ward_k27",15,"CD127","ambiguous","no_detected_multimodality","ambiguous","ambiguous",FALSE,"base_evidence_ambiguous"
"inflect_ward_k27",15,"CD159c_NKG2C","ambiguous","no_detected_multimodality","ambiguous","ambiguous",FALSE,"base_evidence_ambiguous"
"inflect_ward_k27",15,"CD16","detected_multimodality","detected_multimodality","detected_multimodality","detected_multimodality",TRUE,"stable_across_1000_2000_5000_events"
"inflect_ward_k27",15,"CD185_CXCR5","ambiguous","no_detected_multimodality","detected_multimodality","ambiguous",FALSE,"base_evidence_ambiguous"
"inflect_ward_k27",15,"CD21","ambiguous","ambiguous","detected_multimodality","ambiguous",FALSE,"base_evidence_ambiguous"
"inflect_ward_k27",15,"CD27","no_detected_multimodality","no_detected_multimodality","ambiguous","ambiguous",FALSE,"sample_size_instability"
"inflect_ward_k27",15,"CD294_CRTH2","ambiguous","no_detected_multimodality","ambiguous","ambiguous",FALSE,"base_evidence_ambiguous"
"inflect_ward_k27",15,"CD3","ambiguous","no_detected_multimodality","ambiguous","ambiguous",FALSE,"base_evidence_ambiguous"
"inflect_ward_k27",15,"CD303_TCRvd2","no_detected_multimodality","no_detected_multimodality","ambiguous","ambiguous",FALSE,"sample_size_instability"
"inflect_ward_k27",15,"CD38","ambiguous","ambiguous","detected_multimodality","ambiguous",FALSE,"base_evidence_ambiguous"
"inflect_ward_k27",15,"CD45RA","ambiguous","ambiguous","ambiguous","ambiguous",TRUE,"base_evidence_ambiguous"
"inflect_ward_k27",15,"FoxP3","no_detected_multimodality","no_detected_multimodality","ambiguous","ambiguous",FALSE,"sample_size_instability"
"inflect_ward_k27",15,"Tbet","ambiguous","no_detected_multimodality","no_detected_multimodality","ambiguous",FALSE,"base_evidence_ambiguous"
"inflect_ward_k27",15,"TCRgd_CD141","no_detected_multimodality","no_detected_multimodality","no_detected_multimodality","no_detected_multimodality",TRUE,"stable_across_1000_2000_5000_events"
"inflect_ward_k27",16,"CD127","ambiguous","no_detected_multimodality","ambiguous","ambiguous",FALSE,"base_evidence_ambiguous"
"inflect_ward_k27",16,"CD161","detected_multimodality","ambiguous","detected_multimodality","ambiguous",FALSE,"sample_size_instability"
"inflect_ward_k27",16,"CD197_CCR7","no_detected_multimodality","no_detected_multimodality","no_detected_multimodality","no_detected_multimodality",TRUE,"stable_across_1000_2000_5000_events"
"inflect_ward_k27",16,"CD27","detected_multimodality","detected_multimodality","detected_multimodality","detected_multimodality",TRUE,"stable_across_1000_2000_5000_events"
"inflect_ward_k27",16,"CD3","ambiguous","ambiguous","ambiguous","ambiguous",TRUE,"base_evidence_ambiguous"
"inflect_ward_k27",16,"CD303_TCRvd2","detected_multimodality","detected_multimodality","detected_multimodality","detected_multimodality",TRUE,"stable_across_1000_2000_5000_events"
"inflect_ward_k27",16,"CD45RA","ambiguous","ambiguous","detected_multimodality","ambiguous",FALSE,"base_evidence_ambiguous"
"inflect_ward_k27",16,"FoxP3","ambiguous","no_detected_multimodality","no_detected_multimodality","ambiguous",FALSE,"base_evidence_ambiguous"
"inflect_ward_k27",16,"Tbet","detected_multimodality","detected_multimodality","detected_multimodality","detected_multimodality",TRUE,"stable_across_1000_2000_5000_events"
"inflect_ward_k27",17,"CD159c_NKG2C","ambiguous","ambiguous","ambiguous","ambiguous",TRUE,"base_evidence_ambiguous"
"inflect_ward_k27",17,"CD16","ambiguous","ambiguous","ambiguous","ambiguous",TRUE,"base_evidence_ambiguous"
"inflect_ward_k27",17,"CD1c","no_detected_multimodality","no_detected_multimodality","no_detected_multimodality","no_detected_multimodality",TRUE,"stable_across_1000_2000_5000_events"
"inflect_ward_k27",17,"CD21","no_detected_multimodality","no_detected_multimodality","no_detected_multimodality","no_detected_multimodality",TRUE,"stable_across_1000_2000_5000_events"
"inflect_ward_k27",17,"CD25","no_detected_multimodality","no_detected_multimodality","no_detected_multimodality","no_detected_multimodality",TRUE,"stable_across_1000_2000_5000_events"
"inflect_ward_k27",17,"CD45RA","no_detected_multimodality","no_detected_multimodality","ambiguous","ambiguous",FALSE,"sample_size_instability"
"inflect_ward_k27",17,"CD56","ambiguous","ambiguous","detected_multimodality","ambiguous",FALSE,"base_evidence_ambiguous"
"inflect_ward_k27",17,"CD57","detected_multimodality","detected_multimodality","detected_multimodality","detected_multimodality",TRUE,"stable_across_1000_2000_5000_events"
"inflect_ward_k27",18,"CD14","no_detected_multimodality","no_detected_multimodality","no_detected_multimodality","no_detected_multimodality",TRUE,"stable_across_1000_2000_5000_events"
"inflect_ward_k27",18,"CD161","detected_multimodality","ambiguous","detected_multimodality","ambiguous",FALSE,"sample_size_instability"
"inflect_ward_k27",18,"CD19","ambiguous","no_detected_multimodality","no_detected_multimodality","ambiguous",FALSE,"base_evidence_ambiguous"
"inflect_ward_k27",18,"CD27","detected_multimodality","detected_multimodality","detected_multimodality","detected_multimodality",TRUE,"stable_across_1000_2000_5000_events"
"inflect_ward_k27",18,"CD3","no_detected_multimodality","no_detected_multimodality","no_detected_multimodality","no_detected_multimodality",TRUE,"stable_across_1000_2000_5000_events"
"inflect_ward_k27",18,"CD4","ambiguous","no_detected_multimodality","no_detected_multimodality","ambiguous",FALSE,"base_evidence_ambiguous"
"inflect_ward_k27",18,"CD56","no_detected_multimodality","no_detected_multimodality","no_detected_multimodality","no_detected_multimodality",TRUE,"stable_across_1000_2000_5000_events"
"inflect_ward_k27",18,"CD57","no_detected_multimodality","no_detected_multimodality","no_detected_multimodality","no_detected_multimodality",TRUE,"stable_across_1000_2000_5000_events"
"inflect_ward_k27",18,"Tbet","ambiguous","no_detected_multimodality","no_detected_multimodality","ambiguous",FALSE,"base_evidence_ambiguous"
"inflect_ward_k27",19,"CD127","detected_multimodality","ambiguous","detected_multimodality","ambiguous",FALSE,"sample_size_instability"
"inflect_ward_k27",19,"CD14","ambiguous","no_detected_multimodality","no_detected_multimodality","ambiguous",FALSE,"base_evidence_ambiguous"
"inflect_ward_k27",19,"CD159c_NKG2C","no_detected_multimodality","no_detected_multimodality","no_detected_multimodality","no_detected_multimodality",TRUE,"stable_across_1000_2000_5000_events"
"inflect_ward_k27",19,"CD16","detected_multimodality","detected_multimodality","detected_multimodality","detected_multimodality",TRUE,"stable_across_1000_2000_5000_events"
"inflect_ward_k27",19,"CD27","detected_multimodality","detected_multimodality","detected_multimodality","detected_multimodality",TRUE,"stable_across_1000_2000_5000_events"
"inflect_ward_k27",19,"CD3","ambiguous","no_detected_multimodality","ambiguous","ambiguous",FALSE,"base_evidence_ambiguous"
"inflect_ward_k27",19,"CD4","ambiguous","no_detected_multimodality","ambiguous","ambiguous",FALSE,"base_evidence_ambiguous"
"inflect_ward_k27",19,"CD45RA","detected_multimodality","detected_multimodality","detected_multimodality","detected_multimodality",TRUE,"stable_across_1000_2000_5000_events"
"inflect_ward_k27",19,"CD56","detected_multimodality","ambiguous","detected_multimodality","ambiguous",FALSE,"sample_size_instability"
"inflect_ward_k27",19,"CD57","ambiguous","no_detected_multimodality","ambiguous","ambiguous",FALSE,"base_evidence_ambiguous"
"inflect_ward_k27",19,"Tbet","detected_multimodality","detected_multimodality","detected_multimodality","detected_multimodality",TRUE,"stable_across_1000_2000_5000_events"
"inflect_ward_k27",20,"CD127","no_detected_multimodality","no_detected_multimodality","no_detected_multimodality","no_detected_multimodality",TRUE,"stable_across_1000_2000_5000_events"
"inflect_ward_k27",20,"CD185_CXCR5","ambiguous","detected_multimodality","detected_multimodality","ambiguous",FALSE,"base_evidence_ambiguous"
"inflect_ward_k27",20,"CD19","ambiguous","ambiguous","detected_multimodality","ambiguous",FALSE,"base_evidence_ambiguous"
"inflect_ward_k27",20,"CD21","detected_multimodality","detected_multimodality","detected_multimodality","detected_multimodality",TRUE,"stable_across_1000_2000_5000_events"
"inflect_ward_k27",21,"CD11c","detected_multimodality","detected_multimodality","detected_multimodality","detected_multimodality",TRUE,"stable_across_1000_2000_5000_events"
"inflect_ward_k27",21,"CD14","ambiguous","ambiguous","ambiguous","ambiguous",TRUE,"base_evidence_ambiguous"
"inflect_ward_k27",21,"CD16","ambiguous","no_detected_multimodality","ambiguous","ambiguous",FALSE,"base_evidence_ambiguous"
"inflect_ward_k27",21,"CD161","no_detected_multimodality","no_detected_multimodality","no_detected_multimodality","no_detected_multimodality",TRUE,"stable_across_1000_2000_5000_events"
"inflect_ward_k27",21,"CD1c","ambiguous","ambiguous","detected_multimodality","ambiguous",FALSE,"base_evidence_ambiguous"
"inflect_ward_k27",21,"CD21","no_detected_multimodality","no_detected_multimodality","no_detected_multimodality","no_detected_multimodality",TRUE,"stable_across_1000_2000_5000_events"
"inflect_ward_k27",21,"CD25","no_detected_multimodality","no_detected_multimodality","no_detected_multimodality","no_detected_multimodality",TRUE,"stable_across_1000_2000_5000_events"
"inflect_ward_k27",21,"CD303_TCRvd2","ambiguous","ambiguous","detected_multimodality","ambiguous",FALSE,"base_evidence_ambiguous"
"inflect_ward_k27",21,"CD45RA","ambiguous","no_detected_multimodality","ambiguous","ambiguous",FALSE,"base_evidence_ambiguous"
"inflect_ward_k27",21,"CD57","ambiguous","no_detected_multimodality","no_detected_multimodality","ambiguous",FALSE,"base_evidence_ambiguous"
"inflect_ward_k27",21,"HLA-DR","ambiguous","no_detected_multimodality","ambiguous","ambiguous",FALSE,"base_evidence_ambiguous"
"inflect_ward_k27",21,"TCRgd_CD141","ambiguous","no_detected_multimodality","ambiguous","ambiguous",FALSE,"base_evidence_ambiguous"
"inflect_ward_k27",22,"CD161","ambiguous","ambiguous","ambiguous","ambiguous",TRUE,"base_evidence_ambiguous"
"inflect_ward_k27",22,"CD185_CXCR5","no_detected_multimodality","no_detected_multimodality","no_detected_multimodality","no_detected_multimodality",TRUE,"stable_across_1000_2000_5000_events"
"inflect_ward_k27",22,"CD19","no_detected_multimodality","no_detected_multimodality","no_detected_multimodality","no_detected_multimodality",TRUE,"stable_across_1000_2000_5000_events"
"inflect_ward_k27",22,"CD21","ambiguous","no_detected_multimodality","no_detected_multimodality","ambiguous",FALSE,"base_evidence_ambiguous"
"inflect_ward_k27",22,"CD27","detected_multimodality","detected_multimodality","detected_multimodality","detected_multimodality",TRUE,"stable_across_1000_2000_5000_events"
"inflect_ward_k27",22,"CD3","no_detected_multimodality","no_detected_multimodality","no_detected_multimodality","no_detected_multimodality",TRUE,"stable_across_1000_2000_5000_events"
"inflect_ward_k27",22,"CD38","no_detected_multimodality","no_detected_multimodality","no_detected_multimodality","no_detected_multimodality",TRUE,"stable_across_1000_2000_5000_events"
"inflect_ward_k27",22,"CD4","no_detected_multimodality","no_detected_multimodality","ambiguous","ambiguous",FALSE,"sample_size_instability"
"inflect_ward_k27",22,"CD57","ambiguous","no_detected_multimodality","ambiguous","ambiguous",FALSE,"base_evidence_ambiguous"
"inflect_ward_k27",22,"CD8","no_detected_multimodality","no_detected_multimodality","no_detected_multimodality","no_detected_multimodality",TRUE,"stable_across_1000_2000_5000_events"
"inflect_ward_k27",22,"TCRgd_CD141","no_detected_multimodality","no_detected_multimodality","no_detected_multimodality","no_detected_multimodality",TRUE,"stable_across_1000_2000_5000_events"
"inflect_ward_k27",23,"CD11c","ambiguous","ambiguous","detected_multimodality","ambiguous",FALSE,"base_evidence_ambiguous"
"inflect_ward_k27",23,"CD14","detected_multimodality","detected_multimodality","detected_multimodality","detected_multimodality",TRUE,"stable_across_1000_2000_5000_events"
"inflect_ward_k27",23,"CD161","no_detected_multimodality","no_detected_multimodality","no_detected_multimodality","no_detected_multimodality",TRUE,"stable_across_1000_2000_5000_events"
"inflect_ward_k27",23,"CD1c","detected_multimodality","detected_multimodality","detected_multimodality","detected_multimodality",TRUE,"stable_across_1000_2000_5000_events"
"inflect_ward_k27",23,"CD4","no_detected_multimodality","no_detected_multimodality","no_detected_multimodality","no_detected_multimodality",TRUE,"stable_across_1000_2000_5000_events"
"inflect_ward_k27",23,"HLA-DR","detected_multimodality","detected_multimodality","detected_multimodality","detected_multimodality",TRUE,"stable_across_1000_2000_5000_events"
"inflect_ward_k27",23,"TCRgd_CD141","detected_multimodality","detected_multimodality","detected_multimodality","detected_multimodality",TRUE,"stable_across_1000_2000_5000_events"
"inflect_ward_k27",24,"CD11c","no_detected_multimodality","no_detected_multimodality","no_detected_multimodality","no_detected_multimodality",TRUE,"stable_across_1000_2000_5000_events"
"inflect_ward_k27",25,"CD127","ambiguous","ambiguous","ambiguous","ambiguous",TRUE,"base_evidence_ambiguous"
"inflect_ward_k27",25,"CD161","no_detected_multimodality","no_detected_multimodality","no_detected_multimodality","no_detected_multimodality",TRUE,"stable_across_1000_2000_5000_events"
"inflect_ward_k27",25,"CD197_CCR7","detected_multimodality","detected_multimodality","detected_multimodality","detected_multimodality",TRUE,"stable_across_1000_2000_5000_events"
"inflect_ward_k27",25,"CD1c","no_detected_multimodality","no_detected_multimodality","no_detected_multimodality","no_detected_multimodality",TRUE,"stable_across_1000_2000_5000_events"
"inflect_ward_k27",25,"CD27","detected_multimodality","detected_multimodality","detected_multimodality","detected_multimodality",TRUE,"stable_across_1000_2000_5000_events"
"inflect_ward_k27",25,"CD294_CRTH2","no_detected_multimodality","no_detected_multimodality","no_detected_multimodality","no_detected_multimodality",TRUE,"stable_across_1000_2000_5000_events"
"inflect_ward_k27",25,"CD45RA","ambiguous","ambiguous","ambiguous","ambiguous",TRUE,"base_evidence_ambiguous"
"inflect_ward_k27",25,"CD7","detected_multimodality","ambiguous","detected_multimodality","ambiguous",FALSE,"sample_size_instability"
"inflect_ward_k27",27,"CD14","no_detected_multimodality","no_detected_multimodality","no_detected_multimodality","no_detected_multimodality",TRUE,"stable_across_1000_2000_5000_events"
"inflect_ward_k27",27,"CD27","no_detected_multimodality","no_detected_multimodality","no_detected_multimodality","no_detected_multimodality",TRUE,"stable_across_1000_2000_5000_events"
"inflect_ward_k27",27,"CD45RA","no_detected_multimodality","no_detected_multimodality","no_detected_multimodality","no_detected_multimodality",TRUE,"stable_across_1000_2000_5000_events"
"inflect_ward_k27",27,"CD56","no_detected_multimodality","no_detected_multimodality","no_detected_multimodality","no_detected_multimodality",TRUE,"stable_across_1000_2000_5000_events"
"inflect_ward_k27",27,"CD57","no_detected_multimodality","no_detected_multimodality","no_detected_multimodality","no_detected_multimodality",TRUE,"stable_across_1000_2000_5000_events"
"inflect_ward_k27",27,"CD7","no_detected_multimodality","no_detected_multimodality","no_detected_multimodality","no_detected_multimodality",TRUE,"stable_across_1000_2000_5000_events"
"inflect_ward_k27",27,"HLA-DR","no_detected_multimodality","no_detected_multimodality","no_detected_multimodality","no_detected_multimodality",TRUE,"stable_across_1000_2000_5000_events"
"inflect_ward_k27",27,"Tbet","no_detected_multimodality","no_detected_multimodality","no_detected_multimodality","no_detected_multimodality",TRUE,"stable_across_1000_2000_5000_events"
"inflect_ward_k28",1,"CD11c","detected_multimodality","detected_multimodality","detected_multimodality","detected_multimodality",TRUE,"stable_across_1000_2000_5000_events"
"inflect_ward_k28",1,"CD161","detected_multimodality","detected_multimodality","detected_multimodality","detected_multimodality",TRUE,"stable_across_1000_2000_5000_events"
"inflect_ward_k28",1,"CD185_CXCR5","ambiguous","no_detected_multimodality","ambiguous","ambiguous",FALSE,"base_evidence_ambiguous"
"inflect_ward_k28",1,"CD197_CCR7","no_detected_multimodality","no_detected_multimodality","ambiguous","ambiguous",FALSE,"sample_size_instability"
"inflect_ward_k28",1,"CD27","no_detected_multimodality","no_detected_multimodality","no_detected_multimodality","no_detected_multimodality",TRUE,"stable_across_1000_2000_5000_events"
"inflect_ward_k28",1,"CD57","ambiguous","ambiguous","ambiguous","ambiguous",TRUE,"base_evidence_ambiguous"
"inflect_ward_k28",1,"CD7","no_detected_multimodality","no_detected_multimodality","no_detected_multimodality","no_detected_multimodality",TRUE,"stable_across_1000_2000_5000_events"
"inflect_ward_k28",1,"Tbet","ambiguous","no_detected_multimodality","ambiguous","ambiguous",FALSE,"base_evidence_ambiguous"
"inflect_ward_k28",2,"CD127","no_detected_multimodality","no_detected_multimodality","no_detected_multimodality","no_detected_multimodality",TRUE,"stable_across_1000_2000_5000_events"
"inflect_ward_k28",2,"CD159c_NKG2C","ambiguous","ambiguous","detected_multimodality","ambiguous",FALSE,"base_evidence_ambiguous"
"inflect_ward_k28",2,"CD16","no_detected_multimodality","no_detected_multimodality","no_detected_multimodality","no_detected_multimodality",TRUE,"stable_across_1000_2000_5000_events"
"inflect_ward_k28",2,"CD161","no_detected_multimodality","no_detected_multimodality","no_detected_multimodality","no_detected_multimodality",TRUE,"stable_across_1000_2000_5000_events"
"inflect_ward_k28",2,"CD1c","no_detected_multimodality","no_detected_multimodality","no_detected_multimodality","no_detected_multimodality",TRUE,"stable_across_1000_2000_5000_events"
"inflect_ward_k28",2,"CD21","no_detected_multimodality","no_detected_multimodality","no_detected_multimodality","no_detected_multimodality",TRUE,"stable_across_1000_2000_5000_events"
"inflect_ward_k28",2,"CD57","detected_multimodality","detected_multimodality","detected_multimodality","detected_multimodality",TRUE,"stable_across_1000_2000_5000_events"
"inflect_ward_k28",2,"CD8","no_detected_multimodality","no_detected_multimodality","no_detected_multimodality","no_detected_multimodality",TRUE,"stable_across_1000_2000_5000_events"
"inflect_ward_k28",2,"HLA-DR","no_detected_multimodality","no_detected_multimodality","no_detected_multimodality","no_detected_multimodality",TRUE,"stable_across_1000_2000_5000_events"
"inflect_ward_k28",2,"TCRgd_CD141","no_detected_multimodality","no_detected_multimodality","ambiguous","ambiguous",FALSE,"sample_size_instability"
"inflect_ward_k28",3,"CD11c","ambiguous","ambiguous","ambiguous","ambiguous",TRUE,"base_evidence_ambiguous"
"inflect_ward_k28",3,"CD16","detected_multimodality","detected_multimodality","detected_multimodality","detected_multimodality",TRUE,"stable_across_1000_2000_5000_events"
"inflect_ward_k28",3,"CD25","no_detected_multimodality","no_detected_multimodality","no_detected_multimodality","no_detected_multimodality",TRUE,"stable_across_1000_2000_5000_events"
"inflect_ward_k28",3,"CD294_CRTH2","no_detected_multimodality","no_detected_multimodality","no_detected_multimodality","no_detected_multimodality",TRUE,"stable_across_1000_2000_5000_events"
"inflect_ward_k28",3,"CD3","detected_multimodality","detected_multimodality","detected_multimodality","detected_multimodality",TRUE,"stable_across_1000_2000_5000_events"
"inflect_ward_k28",3,"CD38","no_detected_multimodality","no_detected_multimodality","ambiguous","ambiguous",FALSE,"sample_size_instability"
"inflect_ward_k28",3,"CD4","no_detected_multimodality","no_detected_multimodality","no_detected_multimodality","no_detected_multimodality",TRUE,"stable_across_1000_2000_5000_events"
"inflect_ward_k28",3,"CD56","ambiguous","no_detected_multimodality","ambiguous","ambiguous",FALSE,"base_evidence_ambiguous"
"inflect_ward_k28",3,"CD57","detected_multimodality","detected_multimodality","detected_multimodality","detected_multimodality",TRUE,"stable_across_1000_2000_5000_events"
"inflect_ward_k28",3,"FoxP3","no_detected_multimodality","no_detected_multimodality","no_detected_multimodality","no_detected_multimodality",TRUE,"stable_across_1000_2000_5000_events"
"inflect_ward_k28",4,"CD11c","detected_multimodality","detected_multimodality","detected_multimodality","detected_multimodality",TRUE,"stable_across_1000_2000_5000_events"
"inflect_ward_k28",4,"CD127","no_detected_multimodality","no_detected_multimodality","no_detected_multimodality","no_detected_multimodality",TRUE,"stable_across_1000_2000_5000_events"
"inflect_ward_k28",4,"CD14","no_detected_multimodality","no_detected_multimodality","no_detected_multimodality","no_detected_multimodality",TRUE,"stable_across_1000_2000_5000_events"
"inflect_ward_k28",4,"CD159c_NKG2C","no_detected_multimodality","no_detected_multimodality","no_detected_multimodality","no_detected_multimodality",TRUE,"stable_across_1000_2000_5000_events"
"inflect_ward_k28",4,"CD16","no_detected_multimodality","no_detected_multimodality","ambiguous","ambiguous",FALSE,"sample_size_instability"
"inflect_ward_k28",4,"CD161","no_detected_multimodality","no_detected_multimodality","ambiguous","ambiguous",FALSE,"sample_size_instability"
"inflect_ward_k28",4,"CD19","no_detected_multimodality","no_detected_multimodality","no_detected_multimodality","no_detected_multimodality",TRUE,"stable_across_1000_2000_5000_events"
"inflect_ward_k28",4,"CD3","detected_multimodality","detected_multimodality","detected_multimodality","detected_multimodality",TRUE,"stable_across_1000_2000_5000_events"
"inflect_ward_k28",4,"CD303_TCRvd2","no_detected_multimodality","no_detected_multimodality","no_detected_multimodality","no_detected_multimodality",TRUE,"stable_across_1000_2000_5000_events"
"inflect_ward_k28",4,"CD56","detected_multimodality","detected_multimodality","detected_multimodality","detected_multimodality",TRUE,"stable_across_1000_2000_5000_events"
"inflect_ward_k28",4,"CD57","ambiguous","ambiguous","detected_multimodality","ambiguous",FALSE,"base_evidence_ambiguous"
"inflect_ward_k28",4,"TCRgd_CD141","no_detected_multimodality","no_detected_multimodality","no_detected_multimodality","no_detected_multimodality",TRUE,"stable_across_1000_2000_5000_events"
"inflect_ward_k28",5,"CD11c","detected_multimodality","ambiguous","detected_multimodality","ambiguous",FALSE,"sample_size_instability"
"inflect_ward_k28",5,"CD161","ambiguous","no_detected_multimodality","detected_multimodality","ambiguous",FALSE,"base_evidence_ambiguous"
"inflect_ward_k28",5,"CD197_CCR7","no_detected_multimodality","no_detected_multimodality","no_detected_multimodality","no_detected_multimodality",TRUE,"stable_across_1000_2000_5000_events"
"inflect_ward_k28",5,"CD27","no_detected_multimodality","no_detected_multimodality","no_detected_multimodality","no_detected_multimodality",TRUE,"stable_across_1000_2000_5000_events"
"inflect_ward_k28",5,"CD3","ambiguous","ambiguous","detected_multimodality","ambiguous",FALSE,"base_evidence_ambiguous"
"inflect_ward_k28",5,"CD45RA","no_detected_multimodality","no_detected_multimodality","no_detected_multimodality","no_detected_multimodality",TRUE,"stable_across_1000_2000_5000_events"
"inflect_ward_k28",5,"CD56","ambiguous","ambiguous","ambiguous","ambiguous",TRUE,"base_evidence_ambiguous"
"inflect_ward_k28",5,"CD57","ambiguous","ambiguous","ambiguous","ambiguous",TRUE,"base_evidence_ambiguous"
"inflect_ward_k28",5,"HLA-DR","no_detected_multimodality","no_detected_multimodality","no_detected_multimodality","no_detected_multimodality",TRUE,"stable_across_1000_2000_5000_events"
"inflect_ward_k28",6,"CD159c_NKG2C","ambiguous","no_detected_multimodality","ambiguous","ambiguous",FALSE,"base_evidence_ambiguous"
"inflect_ward_k28",6,"CD16","detected_multimodality","detected_multimodality","detected_multimodality","detected_multimodality",TRUE,"stable_across_1000_2000_5000_events"
"inflect_ward_k28",6,"CD1c","no_detected_multimodality","no_detected_multimodality","no_detected_multimodality","no_detected_multimodality",TRUE,"stable_across_1000_2000_5000_events"
"inflect_ward_k28",6,"CD21","no_detected_multimodality","no_detected_multimodality","no_detected_multimodality","no_detected_multimodality",TRUE,"stable_across_1000_2000_5000_events"
"inflect_ward_k28",6,"CD3","detected_multimodality","detected_multimodality","detected_multimodality","detected_multimodality",TRUE,"stable_across_1000_2000_5000_events"
"inflect_ward_k28",6,"CD57","detected_multimodality","detected_multimodality","detected_multimodality","detected_multimodality",TRUE,"stable_across_1000_2000_5000_events"
"inflect_ward_k28",6,"CD7","no_detected_multimodality","no_detected_multimodality","no_detected_multimodality","no_detected_multimodality",TRUE,"stable_across_1000_2000_5000_events"
"inflect_ward_k28",6,"CD8","ambiguous","ambiguous","ambiguous","ambiguous",TRUE,"base_evidence_ambiguous"
"inflect_ward_k28",6,"TCRgd_CD141","ambiguous","no_detected_multimodality","ambiguous","ambiguous",FALSE,"base_evidence_ambiguous"
"inflect_ward_k28",7,"CD11c","no_detected_multimodality","no_detected_multimodality","no_detected_multimodality","no_detected_multimodality",TRUE,"stable_across_1000_2000_5000_events"
"inflect_ward_k28",7,"CD25","no_detected_multimodality","no_detected_multimodality","no_detected_multimodality","no_detected_multimodality",TRUE,"stable_across_1000_2000_5000_events"
"inflect_ward_k28",7,"CD3","no_detected_multimodality","no_detected_multimodality","no_detected_multimodality","no_detected_multimodality",TRUE,"stable_across_1000_2000_5000_events"
"inflect_ward_k28",7,"CD38","no_detected_multimodality","no_detected_multimodality","no_detected_multimodality","no_detected_multimodality",TRUE,"stable_across_1000_2000_5000_events"
"inflect_ward_k28",7,"CD45RA","ambiguous","no_detected_multimodality","ambiguous","ambiguous",FALSE,"base_evidence_ambiguous"
"inflect_ward_k28",7,"CD57","no_detected_multimodality","no_detected_multimodality","ambiguous","ambiguous",FALSE,"sample_size_instability"
"inflect_ward_k28",8,"CD11c","detected_multimodality","detected_multimodality","detected_multimodality","detected_multimodality",TRUE,"stable_across_1000_2000_5000_events"
"inflect_ward_k28",8,"CD161","ambiguous","ambiguous","detected_multimodality","ambiguous",FALSE,"base_evidence_ambiguous"
"inflect_ward_k28",8,"CD294_CRTH2","no_detected_multimodality","no_detected_multimodality","no_detected_multimodality","no_detected_multimodality",TRUE,"stable_across_1000_2000_5000_events"
"inflect_ward_k28",8,"CD4","no_detected_multimodality","no_detected_multimodality","no_detected_multimodality","no_detected_multimodality",TRUE,"stable_across_1000_2000_5000_events"
"inflect_ward_k28",8,"CD45RA","no_detected_multimodality","no_detected_multimodality","no_detected_multimodality","no_detected_multimodality",TRUE,"stable_across_1000_2000_5000_events"
"inflect_ward_k28",8,"CD56","detected_multimodality","detected_multimodality","detected_multimodality","detected_multimodality",TRUE,"stable_across_1000_2000_5000_events"
"inflect_ward_k28",8,"CD7","ambiguous","ambiguous","detected_multimodality","ambiguous",FALSE,"base_evidence_ambiguous"
"inflect_ward_k28",8,"FoxP3","ambiguous","ambiguous","ambiguous","ambiguous",TRUE,"base_evidence_ambiguous"
"inflect_ward_k28",8,"HLA-DR","ambiguous","no_detected_multimodality","no_detected_multimodality","ambiguous",FALSE,"base_evidence_ambiguous"
"inflect_ward_k28",9,"CD11c","no_detected_multimodality","no_detected_multimodality","no_detected_multimodality","no_detected_multimodality",TRUE,"stable_across_1000_2000_5000_events"
"inflect_ward_k28",9,"CD3","no_detected_multimodality","no_detected_multimodality","no_detected_multimodality","no_detected_multimodality",TRUE,"stable_across_1000_2000_5000_events"
"inflect_ward_k28",9,"CD45RA","ambiguous","no_detected_multimodality","ambiguous","ambiguous",FALSE,"base_evidence_ambiguous"
"inflect_ward_k28",9,"CD56","ambiguous","no_detected_multimodality","no_detected_multimodality","ambiguous",FALSE,"base_evidence_ambiguous"
"inflect_ward_k28",9,"CD57","detected_multimodality","detected_multimodality","detected_multimodality","detected_multimodality",TRUE,"stable_across_1000_2000_5000_events"
"inflect_ward_k28",10,"CD11c","detected_multimodality","detected_multimodality","detected_multimodality","detected_multimodality",TRUE,"stable_across_1000_2000_5000_events"
"inflect_ward_k28",10,"CD16","detected_multimodality","detected_multimodality","detected_multimodality","detected_multimodality",TRUE,"stable_across_1000_2000_5000_events"
"inflect_ward_k28",10,"CD161","detected_multimodality","detected_multimodality","detected_multimodality","detected_multimodality",TRUE,"stable_across_1000_2000_5000_events"
"inflect_ward_k28",10,"CD185_CXCR5","no_detected_multimodality","no_detected_multimodality","ambiguous","ambiguous",FALSE,"sample_size_instability"
"inflect_ward_k28",10,"CD197_CCR7","no_detected_multimodality","no_detected_multimodality","no_detected_multimodality","no_detected_multimodality",TRUE,"stable_across_1000_2000_5000_events"
"inflect_ward_k28",10,"CD27","no_detected_multimodality","no_detected_multimodality","no_detected_multimodality","no_detected_multimodality",TRUE,"stable_across_1000_2000_5000_events"
"inflect_ward_k28",10,"CD294_CRTH2","ambiguous","no_detected_multimodality","no_detected_multimodality","ambiguous",FALSE,"base_evidence_ambiguous"
"inflect_ward_k28",10,"CD56","no_detected_multimodality","no_detected_multimodality","no_detected_multimodality","no_detected_multimodality",TRUE,"stable_across_1000_2000_5000_events"
"inflect_ward_k28",10,"FoxP3","ambiguous","no_detected_multimodality","ambiguous","ambiguous",FALSE,"base_evidence_ambiguous"
"inflect_ward_k28",10,"Tbet","detected_multimodality","detected_multimodality","detected_multimodality","detected_multimodality",TRUE,"stable_across_1000_2000_5000_events"
"inflect_ward_k28",11,"CD127","no_detected_multimodality","no_detected_multimodality","no_detected_multimodality","no_detected_multimodality",TRUE,"stable_across_1000_2000_5000_events"
"inflect_ward_k28",11,"CD159c_NKG2C","detected_multimodality","ambiguous","detected_multimodality","ambiguous",FALSE,"sample_size_instability"
"inflect_ward_k28",11,"CD16","no_detected_multimodality","no_detected_multimodality","no_detected_multimodality","no_detected_multimodality",TRUE,"stable_across_1000_2000_5000_events"
"inflect_ward_k28",11,"CD161","no_detected_multimodality","no_detected_multimodality","no_detected_multimodality","no_detected_multimodality",TRUE,"stable_across_1000_2000_5000_events"
"inflect_ward_k28",11,"CD1c","no_detected_multimodality","no_detected_multimodality","no_detected_multimodality","no_detected_multimodality",TRUE,"stable_across_1000_2000_5000_events"
"inflect_ward_k28",11,"CD21","no_detected_multimodality","no_detected_multimodality","no_detected_multimodality","no_detected_multimodality",TRUE,"stable_across_1000_2000_5000_events"
"inflect_ward_k28",11,"CD294_CRTH2","no_detected_multimodality","no_detected_multimodality","no_detected_multimodality","no_detected_multimodality",TRUE,"stable_across_1000_2000_5000_events"
"inflect_ward_k28",11,"CD3","ambiguous","no_detected_multimodality","ambiguous","ambiguous",FALSE,"base_evidence_ambiguous"
"inflect_ward_k28",11,"Tbet","no_detected_multimodality","no_detected_multimodality","no_detected_multimodality","no_detected_multimodality",TRUE,"stable_across_1000_2000_5000_events"
"inflect_ward_k28",12,"CD161","detected_multimodality","detected_multimodality","detected_multimodality","detected_multimodality",TRUE,"stable_across_1000_2000_5000_events"
"inflect_ward_k28",12,"CD21","ambiguous","no_detected_multimodality","no_detected_multimodality","ambiguous",FALSE,"base_evidence_ambiguous"
"inflect_ward_k28",12,"CD25","no_detected_multimodality","no_detected_multimodality","no_detected_multimodality","no_detected_multimodality",TRUE,"stable_across_1000_2000_5000_events"
"inflect_ward_k28",12,"CD27","detected_multimodality","detected_multimodality","detected_multimodality","detected_multimodality",TRUE,"stable_across_1000_2000_5000_events"
"inflect_ward_k28",12,"CD3","no_detected_multimodality","no_detected_multimodality","no_detected_multimodality","no_detected_multimodality",TRUE,"stable_across_1000_2000_5000_events"
"inflect_ward_k28",12,"CD4","no_detected_multimodality","no_detected_multimodality","no_detected_multimodality","no_detected_multimodality",TRUE,"stable_across_1000_2000_5000_events"
"inflect_ward_k28",12,"CD57","no_detected_multimodality","no_detected_multimodality","no_detected_multimodality","no_detected_multimodality",TRUE,"stable_across_1000_2000_5000_events"
"inflect_ward_k28",12,"CD8","no_detected_multimodality","no_detected_multimodality","ambiguous","ambiguous",FALSE,"sample_size_instability"
"inflect_ward_k28",12,"TCRgd_CD141","no_detected_multimodality","ambiguous","no_detected_multimodality","ambiguous",FALSE,"sample_size_instability"
"inflect_ward_k28",13,"CD127","ambiguous","no_detected_multimodality","detected_multimodality","ambiguous",FALSE,"base_evidence_ambiguous"
"inflect_ward_k28",13,"CD14","no_detected_multimodality","no_detected_multimodality","no_detected_multimodality","no_detected_multimodality",TRUE,"stable_across_1000_2000_5000_events"
"inflect_ward_k28",13,"CD19","no_detected_multimodality","no_detected_multimodality","no_detected_multimodality","no_detected_multimodality",TRUE,"stable_across_1000_2000_5000_events"
"inflect_ward_k28",13,"CD197_CCR7","detected_multimodality","detected_multimodality","detected_multimodality","detected_multimodality",TRUE,"stable_across_1000_2000_5000_events"
"inflect_ward_k28",13,"CD27","detected_multimodality","detected_multimodality","detected_multimodality","detected_multimodality",TRUE,"stable_across_1000_2000_5000_events"
"inflect_ward_k28",13,"CD4","no_detected_multimodality","no_detected_multimodality","no_detected_multimodality","no_detected_multimodality",TRUE,"stable_across_1000_2000_5000_events"
"inflect_ward_k28",13,"CD45RA","detected_multimodality","detected_multimodality","detected_multimodality","detected_multimodality",TRUE,"stable_across_1000_2000_5000_events"
"inflect_ward_k28",13,"CD56","no_detected_multimodality","no_detected_multimodality","no_detected_multimodality","no_detected_multimodality",TRUE,"stable_across_1000_2000_5000_events"
"inflect_ward_k28",13,"CD7","ambiguous","no_detected_multimodality","no_detected_multimodality","ambiguous",FALSE,"base_evidence_ambiguous"
"inflect_ward_k28",13,"HLA-DR","no_detected_multimodality","no_detected_multimodality","no_detected_multimodality","no_detected_multimodality",TRUE,"stable_across_1000_2000_5000_events"
"inflect_ward_k28",14,"CD161","ambiguous","ambiguous","ambiguous","ambiguous",TRUE,"base_evidence_ambiguous"
"inflect_ward_k28",14,"CD185_CXCR5","no_detected_multimodality","no_detected_multimodality","no_detected_multimodality","no_detected_multimodality",TRUE,"stable_across_1000_2000_5000_events"
"inflect_ward_k28",14,"CD27","ambiguous","ambiguous","detected_multimodality","ambiguous",FALSE,"base_evidence_ambiguous"
"inflect_ward_k28",14,"CD3","ambiguous","no_detected_multimodality","ambiguous","ambiguous",FALSE,"base_evidence_ambiguous"
"inflect_ward_k28",14,"CD303_TCRvd2","detected_multimodality","detected_multimodality","detected_multimodality","detected_multimodality",TRUE,"stable_across_1000_2000_5000_events"
"inflect_ward_k28",14,"CD56","no_detected_multimodality","no_detected_multimodality","no_detected_multimodality","no_detected_multimodality",TRUE,"stable_across_1000_2000_5000_events"
"inflect_ward_k28",14,"CD57","ambiguous","ambiguous","ambiguous","ambiguous",TRUE,"base_evidence_ambiguous"
"inflect_ward_k28",14,"Tbet","no_detected_multimodality","no_detected_multimodality","no_detected_multimodality","no_detected_multimodality",TRUE,"stable_across_1000_2000_5000_events"
"inflect_ward_k28",14,"TCRgd_CD141","ambiguous","ambiguous","ambiguous","ambiguous",TRUE,"base_evidence_ambiguous"
"inflect_ward_k28",15,"CD16","detected_multimodality","detected_multimodality","detected_multimodality","detected_multimodality",TRUE,"stable_across_1000_2000_5000_events"
"inflect_ward_k28",15,"CD185_CXCR5","ambiguous","ambiguous","detected_multimodality","ambiguous",FALSE,"base_evidence_ambiguous"
"inflect_ward_k28",15,"CD197_CCR7","ambiguous","no_detected_multimodality","no_detected_multimodality","ambiguous",FALSE,"base_evidence_ambiguous"
"inflect_ward_k28",15,"CD21","detected_multimodality","ambiguous","detected_multimodality","ambiguous",FALSE,"sample_size_instability"
"inflect_ward_k28",15,"CD3","ambiguous","no_detected_multimodality","ambiguous","ambiguous",FALSE,"base_evidence_ambiguous"
"inflect_ward_k28",15,"CD303_TCRvd2","no_detected_multimodality","no_detected_multimodality","no_detected_multimodality","no_detected_multimodality",TRUE,"stable_across_1000_2000_5000_events"
"inflect_ward_k28",15,"CD38","ambiguous","no_detected_multimodality","detected_multimodality","ambiguous",FALSE,"base_evidence_ambiguous"
"inflect_ward_k28",15,"CD45RA","ambiguous","no_detected_multimodality","ambiguous","ambiguous",FALSE,"base_evidence_ambiguous"
"inflect_ward_k28",16,"CD161","ambiguous","ambiguous","detected_multimodality","ambiguous",FALSE,"base_evidence_ambiguous"
"inflect_ward_k28",16,"CD21","no_detected_multimodality","no_detected_multimodality","no_detected_multimodality","no_detected_multimodality",TRUE,"stable_across_1000_2000_5000_events"
"inflect_ward_k28",16,"CD27","detected_multimodality","detected_multimodality","detected_multimodality","detected_multimodality",TRUE,"stable_across_1000_2000_5000_events"
"inflect_ward_k28",16,"CD3","ambiguous","no_detected_multimodality","ambiguous","ambiguous",FALSE,"base_evidence_ambiguous"
"inflect_ward_k28",16,"CD303_TCRvd2","detected_multimodality","detected_multimodality","detected_multimodality","detected_multimodality",TRUE,"stable_across_1000_2000_5000_events"
"inflect_ward_k28",16,"CD38","no_detected_multimodality","no_detected_multimodality","no_detected_multimodality","no_detected_multimodality",TRUE,"stable_across_1000_2000_5000_events"
"inflect_ward_k28",16,"CD45RA","ambiguous","ambiguous","detected_multimodality","ambiguous",FALSE,"base_evidence_ambiguous"
"inflect_ward_k28",16,"Tbet","detected_multimodality","detected_multimodality","detected_multimodality","detected_multimodality",TRUE,"stable_across_1000_2000_5000_events"
"inflect_ward_k28",17,"CD14","no_detected_multimodality","no_detected_multimodality","no_detected_multimodality","no_detected_multimodality",TRUE,"stable_across_1000_2000_5000_events"
"inflect_ward_k28",17,"CD159c_NKG2C","ambiguous","no_detected_multimodality","ambiguous","ambiguous",FALSE,"base_evidence_ambiguous"
"inflect_ward_k28",17,"CD19","no_detected_multimodality","no_detected_multimodality","ambiguous","ambiguous",FALSE,"sample_size_instability"
"inflect_ward_k28",17,"CD303_TCRvd2","no_detected_multimodality","no_detected_multimodality","no_detected_multimodality","no_detected_multimodality",TRUE,"stable_across_1000_2000_5000_events"
"inflect_ward_k28",17,"CD38","no_detected_multimodality","no_detected_multimodality","no_detected_multimodality","no_detected_multimodality",TRUE,"stable_across_1000_2000_5000_events"
"inflect_ward_k28",17,"CD45RA","no_detected_multimodality","no_detected_multimodality","no_detected_multimodality","no_detected_multimodality",TRUE,"stable_across_1000_2000_5000_events"
"inflect_ward_k28",17,"CD56","ambiguous","ambiguous","detected_multimodality","ambiguous",FALSE,"base_evidence_ambiguous"
"inflect_ward_k28",17,"CD57","detected_multimodality","detected_multimodality","detected_multimodality","detected_multimodality",TRUE,"stable_across_1000_2000_5000_events"
"inflect_ward_k28",17,"HLA-DR","no_detected_multimodality","no_detected_multimodality","no_detected_multimodality","no_detected_multimodality",TRUE,"stable_across_1000_2000_5000_events"
"inflect_ward_k28",18,"CD161","detected_multimodality","ambiguous","detected_multimodality","ambiguous",FALSE,"sample_size_instability"
"inflect_ward_k28",18,"CD27","detected_multimodality","detected_multimodality","detected_multimodality","detected_multimodality",TRUE,"stable_across_1000_2000_5000_events"
"inflect_ward_k28",18,"CD57","no_detected_multimodality","no_detected_multimodality","no_detected_multimodality","no_detected_multimodality",TRUE,"stable_across_1000_2000_5000_events"
"inflect_ward_k28",18,"CD8","no_detected_multimodality","no_detected_multimodality","no_detected_multimodality","no_detected_multimodality",TRUE,"stable_across_1000_2000_5000_events"
"inflect_ward_k28",19,"CD11c","no_detected_multimodality","no_detected_multimodality","no_detected_multimodality","no_detected_multimodality",TRUE,"stable_across_1000_2000_5000_events"
"inflect_ward_k28",19,"CD127","ambiguous","ambiguous","detected_multimodality","ambiguous",FALSE,"base_evidence_ambiguous"
"inflect_ward_k28",19,"CD159c_NKG2C","no_detected_multimodality","no_detected_multimodality","ambiguous","ambiguous",FALSE,"sample_size_instability"
"inflect_ward_k28",19,"CD16","detected_multimodality","detected_multimodality","detected_multimodality","detected_multimodality",TRUE,"stable_across_1000_2000_5000_events"
"inflect_ward_k28",19,"CD161","ambiguous","ambiguous","ambiguous","ambiguous",TRUE,"base_evidence_ambiguous"
"inflect_ward_k28",19,"CD27","detected_multimodality","detected_multimodality","detected_multimodality","detected_multimodality",TRUE,"stable_across_1000_2000_5000_events"
"inflect_ward_k28",19,"CD4","ambiguous","ambiguous","ambiguous","ambiguous",TRUE,"base_evidence_ambiguous"
"inflect_ward_k28",19,"CD45RA","detected_multimodality","detected_multimodality","detected_multimodality","detected_multimodality",TRUE,"stable_across_1000_2000_5000_events"
"inflect_ward_k28",19,"CD56","detected_multimodality","ambiguous","detected_multimodality","ambiguous",FALSE,"sample_size_instability"
"inflect_ward_k28",19,"CD57","ambiguous","ambiguous","ambiguous","ambiguous",TRUE,"base_evidence_ambiguous"
"inflect_ward_k28",19,"Tbet","detected_multimodality","ambiguous","detected_multimodality","ambiguous",FALSE,"sample_size_instability"
"inflect_ward_k28",20,"CD127","no_detected_multimodality","no_detected_multimodality","no_detected_multimodality","no_detected_multimodality",TRUE,"stable_across_1000_2000_5000_events"
"inflect_ward_k28",20,"CD16","no_detected_multimodality","no_detected_multimodality","no_detected_multimodality","no_detected_multimodality",TRUE,"stable_across_1000_2000_5000_events"
"inflect_ward_k28",20,"CD161","no_detected_multimodality","no_detected_multimodality","no_detected_multimodality","no_detected_multimodality",TRUE,"stable_across_1000_2000_5000_events"
"inflect_ward_k28",20,"CD185_CXCR5","detected_multimodality","ambiguous","detected_multimodality","ambiguous",FALSE,"sample_size_instability"
"inflect_ward_k28",20,"CD19","ambiguous","ambiguous","detected_multimodality","ambiguous",FALSE,"base_evidence_ambiguous"
"inflect_ward_k28",20,"CD1c","no_detected_multimodality","no_detected_multimodality","no_detected_multimodality","no_detected_multimodality",TRUE,"stable_across_1000_2000_5000_events"
"inflect_ward_k28",20,"CD21","detected_multimodality","detected_multimodality","detected_multimodality","detected_multimodality",TRUE,"stable_across_1000_2000_5000_events"
"inflect_ward_k28",20,"CD25","no_detected_multimodality","no_detected_multimodality","no_detected_multimodality","no_detected_multimodality",TRUE,"stable_across_1000_2000_5000_events"
"inflect_ward_k28",20,"CD27","no_detected_multimodality","no_detected_multimodality","no_detected_multimodality","no_detected_multimodality",TRUE,"stable_across_1000_2000_5000_events"
"inflect_ward_k28",20,"CD294_CRTH2","no_detected_multimodality","no_detected_multimodality","no_detected_multimodality","no_detected_multimodality",TRUE,"stable_across_1000_2000_5000_events"
"inflect_ward_k28",20,"CD38","ambiguous","no_detected_multimodality","ambiguous","ambiguous",FALSE,"base_evidence_ambiguous"
"inflect_ward_k28",20,"CD57","no_detected_multimodality","no_detected_multimodality","no_detected_multimodality","no_detected_multimodality",TRUE,"stable_across_1000_2000_5000_events"
"inflect_ward_k28",21,"CD11c","detected_multimodality","detected_multimodality","detected_multimodality","detected_multimodality",TRUE,"stable_across_1000_2000_5000_events"
"inflect_ward_k28",21,"CD14","no_detected_multimodality","no_detected_multimodality","ambiguous","ambiguous",FALSE,"sample_size_instability"
"inflect_ward_k28",21,"CD159c_NKG2C","no_detected_multimodality","no_detected_multimodality","no_detected_multimodality","no_detected_multimodality",TRUE,"stable_across_1000_2000_5000_events"
"inflect_ward_k28",21,"CD16","ambiguous","ambiguous","ambiguous","ambiguous",TRUE,"base_evidence_ambiguous"
"inflect_ward_k28",21,"CD185_CXCR5","no_detected_multimodality","no_detected_multimodality","no_detected_multimodality","no_detected_multimodality",TRUE,"stable_across_1000_2000_5000_events"
"inflect_ward_k28",21,"CD19","no_detected_multimodality","no_detected_multimodality","no_detected_multimodality","no_detected_multimodality",TRUE,"stable_across_1000_2000_5000_events"
"inflect_ward_k28",21,"CD1c","ambiguous","ambiguous","ambiguous","ambiguous",TRUE,"base_evidence_ambiguous"
"inflect_ward_k28",21,"CD294_CRTH2","ambiguous","no_detected_multimodality","no_detected_multimodality","ambiguous",FALSE,"base_evidence_ambiguous"
"inflect_ward_k28",21,"CD303_TCRvd2","ambiguous","ambiguous","detected_multimodality","ambiguous",FALSE,"base_evidence_ambiguous"
"inflect_ward_k28",21,"CD38","ambiguous","no_detected_multimodality","ambiguous","ambiguous",FALSE,"base_evidence_ambiguous"
"inflect_ward_k28",21,"CD45RA","ambiguous","ambiguous","ambiguous","ambiguous",TRUE,"base_evidence_ambiguous"
"inflect_ward_k28",21,"CD56","no_detected_multimodality","no_detected_multimodality","ambiguous","ambiguous",FALSE,"sample_size_instability"
"inflect_ward_k28",21,"FoxP3","no_detected_multimodality","no_detected_multimodality","ambiguous","ambiguous",FALSE,"sample_size_instability"
"inflect_ward_k28",21,"TCRgd_CD141","ambiguous","ambiguous","ambiguous","ambiguous",TRUE,"base_evidence_ambiguous"
"inflect_ward_k28",22,"CD127","ambiguous","no_detected_multimodality","ambiguous","ambiguous",FALSE,"base_evidence_ambiguous"
"inflect_ward_k28",22,"CD161","ambiguous","ambiguous","ambiguous","ambiguous",TRUE,"base_evidence_ambiguous"
"inflect_ward_k28",22,"CD197_CCR7","no_detected_multimodality","no_detected_multimodality","no_detected_multimodality","no_detected_multimodality",TRUE,"stable_across_1000_2000_5000_events"
"inflect_ward_k28",22,"CD27","detected_multimodality","detected_multimodality","detected_multimodality","detected_multimodality",TRUE,"stable_across_1000_2000_5000_events"
"inflect_ward_k28",22,"CD45RA","no_detected_multimodality","no_detected_multimodality","no_detected_multimodality","no_detected_multimodality",TRUE,"stable_across_1000_2000_5000_events"
"inflect_ward_k28",22,"CD57","ambiguous","no_detected_multimodality","ambiguous","ambiguous",FALSE,"base_evidence_ambiguous"
"inflect_ward_k28",22,"CD7","ambiguous","no_detected_multimodality","ambiguous","ambiguous",FALSE,"base_evidence_ambiguous"
"inflect_ward_k28",22,"Tbet","no_detected_multimodality","no_detected_multimodality","no_detected_multimodality","no_detected_multimodality",TRUE,"stable_across_1000_2000_5000_events"
"inflect_ward_k28",23,"CD11c","ambiguous","ambiguous","detected_multimodality","ambiguous",FALSE,"base_evidence_ambiguous"
"inflect_ward_k28",23,"CD14","detected_multimodality","detected_multimodality","detected_multimodality","detected_multimodality",TRUE,"stable_across_1000_2000_5000_events"
"inflect_ward_k28",23,"CD1c","detected_multimodality","detected_multimodality","detected_multimodality","detected_multimodality",TRUE,"stable_across_1000_2000_5000_events"
"inflect_ward_k28",23,"CD3","ambiguous","no_detected_multimodality","no_detected_multimodality","ambiguous",FALSE,"base_evidence_ambiguous"
"inflect_ward_k28",23,"CD7","no_detected_multimodality","no_detected_multimodality","no_detected_multimodality","no_detected_multimodality",TRUE,"stable_across_1000_2000_5000_events"
"inflect_ward_k28",23,"FoxP3","no_detected_multimodality","no_detected_multimodality","no_detected_multimodality","no_detected_multimodality",TRUE,"stable_across_1000_2000_5000_events"
"inflect_ward_k28",23,"HLA-DR","detected_multimodality","detected_multimodality","detected_multimodality","detected_multimodality",TRUE,"stable_across_1000_2000_5000_events"
"inflect_ward_k28",23,"TCRgd_CD141","detected_multimodality","ambiguous","detected_multimodality","ambiguous",FALSE,"sample_size_instability"
"inflect_ward_k28",24,"CD8","no_detected_multimodality","no_detected_multimodality","no_detected_multimodality","no_detected_multimodality",TRUE,"stable_across_1000_2000_5000_events"
"inflect_ward_k28",25,"CD11c","no_detected_multimodality","no_detected_multimodality","no_detected_multimodality","no_detected_multimodality",TRUE,"stable_across_1000_2000_5000_events"
"inflect_ward_k28",25,"CD159c_NKG2C","no_detected_multimodality","no_detected_multimodality","no_detected_multimodality","no_detected_multimodality",TRUE,"stable_across_1000_2000_5000_events"
"inflect_ward_k28",25,"CD185_CXCR5","no_detected_multimodality","no_detected_multimodality","no_detected_multimodality","no_detected_multimodality",TRUE,"stable_across_1000_2000_5000_events"
"inflect_ward_k28",25,"CD197_CCR7","detected_multimodality","detected_multimodality","detected_multimodality","detected_multimodality",TRUE,"stable_across_1000_2000_5000_events"
"inflect_ward_k28",25,"CD27","detected_multimodality","detected_multimodality","detected_multimodality","detected_multimodality",TRUE,"stable_across_1000_2000_5000_events"
"inflect_ward_k28",25,"CD303_TCRvd2","no_detected_multimodality","no_detected_multimodality","no_detected_multimodality","no_detected_multimodality",TRUE,"stable_across_1000_2000_5000_events"
"inflect_ward_k28",25,"CD45RA","detected_multimodality","ambiguous","detected_multimodality","ambiguous",FALSE,"sample_size_instability"
"inflect_ward_k28",25,"CD7","detected_multimodality","ambiguous","detected_multimodality","ambiguous",FALSE,"sample_size_instability"
"inflect_ward_k28",25,"FoxP3","no_detected_multimodality","ambiguous","no_detected_multimodality","ambiguous",FALSE,"sample_size_instability"
"inflect_ward_k28",25,"TCRgd_CD141","no_detected_multimodality","no_detected_multimodality","no_detected_multimodality","no_detected_multimodality",TRUE,"stable_across_1000_2000_5000_events"
"inflect_ward_k28",26,"CD25","detected_multimodality","ambiguous","detected_multimodality","ambiguous",FALSE,"sample_size_instability"
"inflect_ward_k28",26,"FoxP3","detected_multimodality","ambiguous","detected_multimodality","ambiguous",FALSE,"sample_size_instability"
"inflect_ward_k28",26,"Tbet","no_detected_multimodality","no_detected_multimodality","ambiguous","ambiguous",FALSE,"sample_size_instability"
"inflect_ward_k28",28,"CD3","no_detected_multimodality","no_detected_multimodality","no_detected_multimodality","no_detected_multimodality",TRUE,"stable_across_1000_2000_5000_events"
"inflect_ward_k28",28,"CD7","no_detected_multimodality","no_detected_multimodality","no_detected_multimodality","no_detected_multimodality",TRUE,"stable_across_1000_2000_5000_events"
"inflect_ward_k38",1,"CD11c","detected_multimodality","detected_multimodality","detected_multimodality","detected_multimodality",TRUE,"stable_across_1000_2000_5000_events"
"inflect_ward_k38",1,"CD161","detected_multimodality","detected_multimodality","detected_multimodality","detected_multimodality",TRUE,"stable_across_1000_2000_5000_events"
"inflect_ward_k38",1,"CD25","no_detected_multimodality","no_detected_multimodality","no_detected_multimodality","no_detected_multimodality",TRUE,"stable_across_1000_2000_5000_events"
"inflect_ward_k38",2,"CD159c_NKG2C","ambiguous","no_detected_multimodality","detected_multimodality","ambiguous",FALSE,"base_evidence_ambiguous"
"inflect_ward_k38",2,"CD19","no_detected_multimodality","no_detected_multimodality","no_detected_multimodality","no_detected_multimodality",TRUE,"stable_across_1000_2000_5000_events"
"inflect_ward_k38",2,"CD38","no_detected_multimodality","no_detected_multimodality","ambiguous","ambiguous",FALSE,"sample_size_instability"
"inflect_ward_k38",2,"CD57","detected_multimodality","detected_multimodality","detected_multimodality","detected_multimodality",TRUE,"stable_across_1000_2000_5000_events"
"inflect_ward_k38",2,"CD7","no_detected_multimodality","no_detected_multimodality","no_detected_multimodality","no_detected_multimodality",TRUE,"stable_across_1000_2000_5000_events"
"inflect_ward_k38",3,"CD14","no_detected_multimodality","no_detected_multimodality","no_detected_multimodality","no_detected_multimodality",TRUE,"stable_across_1000_2000_5000_events"
"inflect_ward_k38",3,"CD159c_NKG2C","ambiguous","no_detected_multimodality","ambiguous","ambiguous",FALSE,"base_evidence_ambiguous"
"inflect_ward_k38",3,"CD16","detected_multimodality","detected_multimodality","detected_multimodality","detected_multimodality",TRUE,"stable_across_1000_2000_5000_events"
"inflect_ward_k38",3,"CD19","no_detected_multimodality","no_detected_multimodality","ambiguous","ambiguous",FALSE,"sample_size_instability"
"inflect_ward_k38",3,"CD3","detected_multimodality","detected_multimodality","detected_multimodality","detected_multimodality",TRUE,"stable_across_1000_2000_5000_events"
"inflect_ward_k38",3,"CD38","no_detected_multimodality","no_detected_multimodality","ambiguous","ambiguous",FALSE,"sample_size_instability"
"inflect_ward_k38",3,"CD56","no_detected_multimodality","no_detected_multimodality","no_detected_multimodality","no_detected_multimodality",TRUE,"stable_across_1000_2000_5000_events"
"inflect_ward_k38",3,"CD57","detected_multimodality","detected_multimodality","detected_multimodality","detected_multimodality",TRUE,"stable_across_1000_2000_5000_events"
"inflect_ward_k38",3,"Tbet","no_detected_multimodality","no_detected_multimodality","no_detected_multimodality","no_detected_multimodality",TRUE,"stable_across_1000_2000_5000_events"
"inflect_ward_k38",4,"CD11c","ambiguous","ambiguous","detected_multimodality","ambiguous",FALSE,"base_evidence_ambiguous"
"inflect_ward_k38",4,"CD159c_NKG2C","no_detected_multimodality","no_detected_multimodality","no_detected_multimodality","no_detected_multimodality",TRUE,"stable_across_1000_2000_5000_events"
"inflect_ward_k38",4,"CD161","detected_multimodality","ambiguous","detected_multimodality","ambiguous",FALSE,"sample_size_instability"
"inflect_ward_k38",4,"CD294_CRTH2","ambiguous","no_detected_multimodality","no_detected_multimodality","ambiguous",FALSE,"base_evidence_ambiguous"
"inflect_ward_k38",4,"CD3","detected_multimodality","detected_multimodality","detected_multimodality","detected_multimodality",TRUE,"stable_across_1000_2000_5000_events"
"inflect_ward_k38",4,"CD303_TCRvd2","no_detected_multimodality","no_detected_multimodality","no_detected_multimodality","no_detected_multimodality",TRUE,"stable_across_1000_2000_5000_events"
"inflect_ward_k38",4,"CD57","ambiguous","ambiguous","ambiguous","ambiguous",TRUE,"base_evidence_ambiguous"
"inflect_ward_k38",4,"CD8","no_detected_multimodality","no_detected_multimodality","no_detected_multimodality","no_detected_multimodality",TRUE,"stable_across_1000_2000_5000_events"
"inflect_ward_k38",4,"HLA-DR","no_detected_multimodality","no_detected_multimodality","no_detected_multimodality","no_detected_multimodality",TRUE,"stable_across_1000_2000_5000_events"
"inflect_ward_k38",5,"CD11c","detected_multimodality","detected_multimodality","detected_multimodality","detected_multimodality",TRUE,"stable_across_1000_2000_5000_events"
"inflect_ward_k38",5,"CD16","no_detected_multimodality","no_detected_multimodality","no_detected_multimodality","no_detected_multimodality",TRUE,"stable_across_1000_2000_5000_events"
"inflect_ward_k38",5,"CD161","ambiguous","ambiguous","detected_multimodality","ambiguous",FALSE,"base_evidence_ambiguous"
"inflect_ward_k38",5,"CD1c","no_detected_multimodality","no_detected_multimodality","no_detected_multimodality","no_detected_multimodality",TRUE,"stable_across_1000_2000_5000_events"
"inflect_ward_k38",5,"CD21","no_detected_multimodality","no_detected_multimodality","no_detected_multimodality","no_detected_multimodality",TRUE,"stable_across_1000_2000_5000_events"
"inflect_ward_k38",5,"CD25","no_detected_multimodality","no_detected_multimodality","no_detected_multimodality","no_detected_multimodality",TRUE,"stable_across_1000_2000_5000_events"
"inflect_ward_k38",5,"CD3","ambiguous","no_detected_multimodality","ambiguous","ambiguous",FALSE,"base_evidence_ambiguous"
"inflect_ward_k38",5,"CD57","ambiguous","ambiguous","ambiguous","ambiguous",TRUE,"base_evidence_ambiguous"
"inflect_ward_k38",6,"CD159c_NKG2C","ambiguous","ambiguous","detected_multimodality","ambiguous",FALSE,"base_evidence_ambiguous"
"inflect_ward_k38",6,"CD19","no_detected_multimodality","no_detected_multimodality","no_detected_multimodality","no_detected_multimodality",TRUE,"stable_across_1000_2000_5000_events"
"inflect_ward_k38",6,"CD303_TCRvd2","no_detected_multimodality","no_detected_multimodality","no_detected_multimodality","no_detected_multimodality",TRUE,"stable_across_1000_2000_5000_events"
"inflect_ward_k38",6,"CD38","no_detected_multimodality","no_detected_multimodality","no_detected_multimodality","no_detected_multimodality",TRUE,"stable_across_1000_2000_5000_events"
"inflect_ward_k38",6,"CD57","detected_multimodality","ambiguous","detected_multimodality","ambiguous",FALSE,"sample_size_instability"
"inflect_ward_k38",6,"CD8","ambiguous","no_detected_multimodality","no_detected_multimodality","ambiguous",FALSE,"base_evidence_ambiguous"
"inflect_ward_k38",6,"FoxP3","no_detected_multimodality","no_detected_multimodality","ambiguous","ambiguous",FALSE,"sample_size_instability"
"inflect_ward_k38",7,"CD159c_NKG2C","ambiguous","no_detected_multimodality","ambiguous","ambiguous",FALSE,"base_evidence_ambiguous"
"inflect_ward_k38",7,"CD27","no_detected_multimodality","no_detected_multimodality","no_detected_multimodality","no_detected_multimodality",TRUE,"stable_across_1000_2000_5000_events"
"inflect_ward_k38",7,"CD45RA","no_detected_multimodality","no_detected_multimodality","no_detected_multimodality","no_detected_multimodality",TRUE,"stable_across_1000_2000_5000_events"
"inflect_ward_k38",7,"CD57","detected_multimodality","detected_multimodality","detected_multimodality","detected_multimodality",TRUE,"stable_across_1000_2000_5000_events"
"inflect_ward_k38",8,"CD159c_NKG2C","ambiguous","no_detected_multimodality","ambiguous","ambiguous",FALSE,"base_evidence_ambiguous"
"inflect_ward_k38",8,"CD161","no_detected_multimodality","no_detected_multimodality","no_detected_multimodality","no_detected_multimodality",TRUE,"stable_across_1000_2000_5000_events"
"inflect_ward_k38",8,"CD21","ambiguous","no_detected_multimodality","no_detected_multimodality","ambiguous",FALSE,"base_evidence_ambiguous"
"inflect_ward_k38",8,"CD3","no_detected_multimodality","no_detected_multimodality","ambiguous","ambiguous",FALSE,"sample_size_instability"
"inflect_ward_k38",8,"CD45RA","ambiguous","ambiguous","ambiguous","ambiguous",TRUE,"base_evidence_ambiguous"
"inflect_ward_k38",8,"CD57","ambiguous","no_detected_multimodality","ambiguous","ambiguous",FALSE,"base_evidence_ambiguous"
"inflect_ward_k38",8,"CD7","no_detected_multimodality","no_detected_multimodality","no_detected_multimodality","no_detected_multimodality",TRUE,"stable_across_1000_2000_5000_events"
"inflect_ward_k38",8,"HLA-DR","no_detected_multimodality","no_detected_multimodality","no_detected_multimodality","no_detected_multimodality",TRUE,"stable_across_1000_2000_5000_events"
"inflect_ward_k38",9,"CD11c","ambiguous","ambiguous","ambiguous","ambiguous",TRUE,"base_evidence_ambiguous"
"inflect_ward_k38",9,"CD127","no_detected_multimodality","no_detected_multimodality","no_detected_multimodality","no_detected_multimodality",TRUE,"stable_across_1000_2000_5000_events"
"inflect_ward_k38",9,"CD16","no_detected_multimodality","no_detected_multimodality","ambiguous","ambiguous",FALSE,"sample_size_instability"
"inflect_ward_k38",9,"CD161","detected_multimodality","detected_multimodality","detected_multimodality","detected_multimodality",TRUE,"stable_across_1000_2000_5000_events"
"inflect_ward_k38",9,"CD1c","no_detected_multimodality","no_detected_multimodality","no_detected_multimodality","no_detected_multimodality",TRUE,"stable_across_1000_2000_5000_events"
"inflect_ward_k38",9,"CD25","no_detected_multimodality","no_detected_multimodality","no_detected_multimodality","no_detected_multimodality",TRUE,"stable_across_1000_2000_5000_events"
"inflect_ward_k38",9,"CD294_CRTH2","no_detected_multimodality","no_detected_multimodality","no_detected_multimodality","no_detected_multimodality",TRUE,"stable_across_1000_2000_5000_events"
"inflect_ward_k38",9,"CD57","ambiguous","ambiguous","ambiguous","ambiguous",TRUE,"base_evidence_ambiguous"
"inflect_ward_k38",10,"CD11c","ambiguous","ambiguous","detected_multimodality","ambiguous",FALSE,"base_evidence_ambiguous"
"inflect_ward_k38",10,"CD127","no_detected_multimodality","no_detected_multimodality","no_detected_multimodality","no_detected_multimodality",TRUE,"stable_across_1000_2000_5000_events"
"inflect_ward_k38",10,"CD14","no_detected_multimodality","no_detected_multimodality","no_detected_multimodality","no_detected_multimodality",TRUE,"stable_across_1000_2000_5000_events"
"inflect_ward_k38",10,"CD159c_NKG2C","no_detected_multimodality","no_detected_multimodality","no_detected_multimodality","no_detected_multimodality",TRUE,"stable_across_1000_2000_5000_events"
"inflect_ward_k38",10,"CD161","ambiguous","no_detected_multimodality","ambiguous","ambiguous",FALSE,"base_evidence_ambiguous"
"inflect_ward_k38",10,"CD27","ambiguous","no_detected_multimodality","ambiguous","ambiguous",FALSE,"base_evidence_ambiguous"
"inflect_ward_k38",10,"CD3","detected_multimodality","detected_multimodality","detected_multimodality","detected_multimodality",TRUE,"stable_across_1000_2000_5000_events"
"inflect_ward_k38",10,"CD56","detected_multimodality","ambiguous","detected_multimodality","ambiguous",FALSE,"sample_size_instability"
"inflect_ward_k38",10,"CD57","ambiguous","ambiguous","ambiguous","ambiguous",TRUE,"base_evidence_ambiguous"
"inflect_ward_k38",11,"CD1c","ambiguous","no_detected_multimodality","no_detected_multimodality","ambiguous",FALSE,"base_evidence_ambiguous"
"inflect_ward_k38",11,"CD27","no_detected_multimodality","no_detected_multimodality","no_detected_multimodality","no_detected_multimodality",TRUE,"stable_across_1000_2000_5000_events"
"inflect_ward_k38",11,"CD57","detected_multimodality","detected_multimodality","detected_multimodality","detected_multimodality",TRUE,"stable_across_1000_2000_5000_events"
"inflect_ward_k38",11,"FoxP3","no_detected_multimodality","no_detected_multimodality","no_detected_multimodality","no_detected_multimodality",TRUE,"stable_across_1000_2000_5000_events"
"inflect_ward_k38",11,"Tbet","no_detected_multimodality","no_detected_multimodality","no_detected_multimodality","no_detected_multimodality",TRUE,"stable_across_1000_2000_5000_events"
"inflect_ward_k38",12,"CD11c","ambiguous","no_detected_multimodality","ambiguous","ambiguous",FALSE,"base_evidence_ambiguous"
"inflect_ward_k38",12,"CD127","no_detected_multimodality","no_detected_multimodality","no_detected_multimodality","no_detected_multimodality",TRUE,"stable_across_1000_2000_5000_events"
"inflect_ward_k38",12,"CD185_CXCR5","no_detected_multimodality","no_detected_multimodality","no_detected_multimodality","no_detected_multimodality",TRUE,"stable_across_1000_2000_5000_events"
"inflect_ward_k38",12,"CD19","ambiguous","no_detected_multimodality","ambiguous","ambiguous",FALSE,"base_evidence_ambiguous"
"inflect_ward_k38",12,"CD197_CCR7","no_detected_multimodality","no_detected_multimodality","no_detected_multimodality","no_detected_multimodality",TRUE,"stable_across_1000_2000_5000_events"
"inflect_ward_k38",12,"CD3","detected_multimodality","detected_multimodality","detected_multimodality","detected_multimodality",TRUE,"stable_across_1000_2000_5000_events"
"inflect_ward_k38",12,"CD56","detected_multimodality","detected_multimodality","detected_multimodality","detected_multimodality",TRUE,"stable_across_1000_2000_5000_events"
"inflect_ward_k38",12,"CD57","detected_multimodality","detected_multimodality","detected_multimodality","detected_multimodality",TRUE,"stable_across_1000_2000_5000_events"
"inflect_ward_k38",13,"CD11c","ambiguous","no_detected_multimodality","ambiguous","ambiguous",FALSE,"base_evidence_ambiguous"
"inflect_ward_k38",13,"CD161","detected_multimodality","ambiguous","detected_multimodality","ambiguous",FALSE,"sample_size_instability"
"inflect_ward_k38",13,"CD303_TCRvd2","ambiguous","no_detected_multimodality","ambiguous","ambiguous",FALSE,"base_evidence_ambiguous"
"inflect_ward_k38",13,"CD57","no_detected_multimodality","no_detected_multimodality","ambiguous","ambiguous",FALSE,"sample_size_instability"
"inflect_ward_k38",13,"FoxP3","no_detected_multimodality","no_detected_multimodality","no_detected_multimodality","no_detected_multimodality",TRUE,"stable_across_1000_2000_5000_events"
"inflect_ward_k38",13,"Tbet","ambiguous","no_detected_multimodality","ambiguous","ambiguous",FALSE,"base_evidence_ambiguous"
"inflect_ward_k38",14,"CD11c","ambiguous","no_detected_multimodality","ambiguous","ambiguous",FALSE,"base_evidence_ambiguous"
"inflect_ward_k38",14,"CD159c_NKG2C","detected_multimodality","ambiguous","detected_multimodality","ambiguous",FALSE,"sample_size_instability"
"inflect_ward_k38",14,"CD185_CXCR5","no_detected_multimodality","no_detected_multimodality","no_detected_multimodality","no_detected_multimodality",TRUE,"stable_across_1000_2000_5000_events"
"inflect_ward_k38",14,"CD3","no_detected_multimodality","no_detected_multimodality","ambiguous","ambiguous",FALSE,"sample_size_instability"
"inflect_ward_k38",14,"CD4","no_detected_multimodality","no_detected_multimodality","no_detected_multimodality","no_detected_multimodality",TRUE,"stable_across_1000_2000_5000_events"
"inflect_ward_k38",14,"CD56","no_detected_multimodality","no_detected_multimodality","no_detected_multimodality","no_detected_multimodality",TRUE,"stable_across_1000_2000_5000_events"
"inflect_ward_k38",14,"CD8","no_detected_multimodality","no_detected_multimodality","no_detected_multimodality","no_detected_multimodality",TRUE,"stable_across_1000_2000_5000_events"
"inflect_ward_k38",15,"CD11c","no_detected_multimodality","no_detected_multimodality","no_detected_multimodality","no_detected_multimodality",TRUE,"stable_across_1000_2000_5000_events"
"inflect_ward_k38",15,"CD161","detected_multimodality","detected_multimodality","detected_multimodality","detected_multimodality",TRUE,"stable_across_1000_2000_5000_events"
"inflect_ward_k38",15,"CD27","detected_multimodality","detected_multimodality","detected_multimodality","detected_multimodality",TRUE,"stable_across_1000_2000_5000_events"
"inflect_ward_k38",15,"CD4","no_detected_multimodality","no_detected_multimodality","no_detected_multimodality","no_detected_multimodality",TRUE,"stable_across_1000_2000_5000_events"
"inflect_ward_k38",16,"CD127","ambiguous","ambiguous","detected_multimodality","ambiguous",FALSE,"base_evidence_ambiguous"
"inflect_ward_k38",16,"CD16","ambiguous","no_detected_multimodality","no_detected_multimodality","ambiguous",FALSE,"base_evidence_ambiguous"
"inflect_ward_k38",16,"CD161","ambiguous","no_detected_multimodality","ambiguous","ambiguous",FALSE,"base_evidence_ambiguous"
"inflect_ward_k38",16,"CD197_CCR7","detected_multimodality","detected_multimodality","detected_multimodality","detected_multimodality",TRUE,"stable_across_1000_2000_5000_events"
"inflect_ward_k38",16,"CD21","no_detected_multimodality","no_detected_multimodality","no_detected_multimodality","no_detected_multimodality",TRUE,"stable_across_1000_2000_5000_events"
"inflect_ward_k38",16,"CD27","detected_multimodality","detected_multimodality","detected_multimodality","detected_multimodality",TRUE,"stable_across_1000_2000_5000_events"
"inflect_ward_k38",16,"CD45RA","detected_multimodality","detected_multimodality","detected_multimodality","detected_multimodality",TRUE,"stable_across_1000_2000_5000_events"
"inflect_ward_k38",16,"TCRgd_CD141","no_detected_multimodality","no_detected_multimodality","ambiguous","ambiguous",FALSE,"sample_size_instability"
"inflect_ward_k38",17,"CD11c","no_detected_multimodality","no_detected_multimodality","no_detected_multimodality","no_detected_multimodality",TRUE,"stable_across_1000_2000_5000_events"
"inflect_ward_k38",17,"CD16","no_detected_multimodality","no_detected_multimodality","no_detected_multimodality","no_detected_multimodality",TRUE,"stable_across_1000_2000_5000_events"
"inflect_ward_k38",17,"CD161","ambiguous","ambiguous","detected_multimodality","ambiguous",FALSE,"base_evidence_ambiguous"
"inflect_ward_k38",17,"CD197_CCR7","ambiguous","no_detected_multimodality","ambiguous","ambiguous",FALSE,"base_evidence_ambiguous"
"inflect_ward_k38",17,"CD1c","no_detected_multimodality","no_detected_multimodality","no_detected_multimodality","no_detected_multimodality",TRUE,"stable_across_1000_2000_5000_events"
"inflect_ward_k38",17,"CD21","no_detected_multimodality","no_detected_multimodality","no_detected_multimodality","no_detected_multimodality",TRUE,"stable_across_1000_2000_5000_events"
"inflect_ward_k38",17,"CD25","no_detected_multimodality","no_detected_multimodality","no_detected_multimodality","no_detected_multimodality",TRUE,"stable_across_1000_2000_5000_events"
"inflect_ward_k38",17,"CD38","detected_multimodality","ambiguous","detected_multimodality","ambiguous",FALSE,"sample_size_instability"
"inflect_ward_k38",17,"CD45RA","ambiguous","no_detected_multimodality","ambiguous","ambiguous",FALSE,"base_evidence_ambiguous"
"inflect_ward_k38",17,"CD57","no_detected_multimodality","no_detected_multimodality","no_detected_multimodality","no_detected_multimodality",TRUE,"stable_across_1000_2000_5000_events"
"inflect_ward_k38",17,"CD7","detected_multimodality","ambiguous","detected_multimodality","ambiguous",FALSE,"sample_size_instability"
"inflect_ward_k38",17,"CD8","ambiguous","no_detected_multimodality","no_detected_multimodality","ambiguous",FALSE,"base_evidence_ambiguous"
"inflect_ward_k38",17,"FoxP3","detected_multimodality","detected_multimodality","detected_multimodality","detected_multimodality",TRUE,"stable_across_1000_2000_5000_events"
"inflect_ward_k38",17,"Tbet","no_detected_multimodality","no_detected_multimodality","no_detected_multimodality","no_detected_multimodality",TRUE,"stable_across_1000_2000_5000_events"
"inflect_ward_k38",18,"CD11c","ambiguous","no_detected_multimodality","ambiguous","ambiguous",FALSE,"base_evidence_ambiguous"
"inflect_ward_k38",18,"CD159c_NKG2C","ambiguous","ambiguous","detected_multimodality","ambiguous",FALSE,"base_evidence_ambiguous"
"inflect_ward_k38",18,"CD16","ambiguous","ambiguous","ambiguous","ambiguous",TRUE,"base_evidence_ambiguous"
"inflect_ward_k38",18,"CD197_CCR7","no_detected_multimodality","no_detected_multimodality","no_detected_multimodality","no_detected_multimodality",TRUE,"stable_across_1000_2000_5000_events"
"inflect_ward_k38",18,"CD3","detected_multimodality","detected_multimodality","detected_multimodality","detected_multimodality",TRUE,"stable_across_1000_2000_5000_events"
"inflect_ward_k38",18,"CD56","ambiguous","no_detected_multimodality","ambiguous","ambiguous",FALSE,"base_evidence_ambiguous"
"inflect_ward_k38",18,"CD57","ambiguous","no_detected_multimodality","ambiguous","ambiguous",FALSE,"base_evidence_ambiguous"
"inflect_ward_k38",18,"CD7","no_detected_multimodality","no_detected_multimodality","no_detected_multimodality","no_detected_multimodality",TRUE,"stable_across_1000_2000_5000_events"
"inflect_ward_k38",19,"CD161","ambiguous","ambiguous","ambiguous","ambiguous",TRUE,"base_evidence_ambiguous"
"inflect_ward_k38",19,"CD27","detected_multimodality","ambiguous","detected_multimodality","ambiguous",FALSE,"sample_size_instability"
"inflect_ward_k38",19,"CD303_TCRvd2","detected_multimodality","detected_multimodality","detected_multimodality","detected_multimodality",TRUE,"stable_across_1000_2000_5000_events"
"inflect_ward_k38",19,"TCRgd_CD141","detected_multimodality","detected_multimodality","detected_multimodality","detected_multimodality",TRUE,"stable_across_1000_2000_5000_events"
"inflect_ward_k38",20,"CD11c","ambiguous","no_detected_multimodality","ambiguous","ambiguous",FALSE,"base_evidence_ambiguous"
"inflect_ward_k38",20,"CD127","ambiguous","no_detected_multimodality","ambiguous","ambiguous",FALSE,"base_evidence_ambiguous"
"inflect_ward_k38",20,"CD14","ambiguous","no_detected_multimodality","ambiguous","ambiguous",FALSE,"base_evidence_ambiguous"
"inflect_ward_k38",20,"CD159c_NKG2C","ambiguous","no_detected_multimodality","ambiguous","ambiguous",FALSE,"base_evidence_ambiguous"
"inflect_ward_k38",20,"CD16","detected_multimodality","ambiguous","detected_multimodality","ambiguous",FALSE,"sample_size_instability"
"inflect_ward_k38",20,"CD185_CXCR5","ambiguous","no_detected_multimodality","detected_multimodality","ambiguous",FALSE,"base_evidence_ambiguous"
"inflect_ward_k38",20,"CD197_CCR7","no_detected_multimodality","no_detected_multimodality","no_detected_multimodality","no_detected_multimodality",TRUE,"stable_across_1000_2000_5000_events"
"inflect_ward_k38",20,"CD21","detected_multimodality","ambiguous","detected_multimodality","ambiguous",FALSE,"sample_size_instability"
"inflect_ward_k38",20,"CD27","ambiguous","no_detected_multimodality","ambiguous","ambiguous",FALSE,"base_evidence_ambiguous"
"inflect_ward_k38",20,"CD3","ambiguous","no_detected_multimodality","ambiguous","ambiguous",FALSE,"base_evidence_ambiguous"
"inflect_ward_k38",20,"CD38","ambiguous","no_detected_multimodality","detected_multimodality","ambiguous",FALSE,"base_evidence_ambiguous"
"inflect_ward_k38",20,"CD45RA","ambiguous","no_detected_multimodality","ambiguous","ambiguous",FALSE,"base_evidence_ambiguous"
"inflect_ward_k38",20,"CD7","ambiguous","ambiguous","ambiguous","ambiguous",TRUE,"base_evidence_ambiguous"
"inflect_ward_k38",21,"CD161","ambiguous","ambiguous","detected_multimodality","ambiguous",FALSE,"base_evidence_ambiguous"
"inflect_ward_k38",21,"CD185_CXCR5","no_detected_multimodality","no_detected_multimodality","no_detected_multimodality","no_detected_multimodality",TRUE,"stable_across_1000_2000_5000_events"
"inflect_ward_k38",21,"CD27","detected_multimodality","detected_multimodality","detected_multimodality","detected_multimodality",TRUE,"stable_across_1000_2000_5000_events"
"inflect_ward_k38",21,"CD303_TCRvd2","detected_multimodality","detected_multimodality","detected_multimodality","detected_multimodality",TRUE,"stable_across_1000_2000_5000_events"
"inflect_ward_k38",21,"CD4","ambiguous","no_detected_multimodality","no_detected_multimodality","ambiguous",FALSE,"base_evidence_ambiguous"
"inflect_ward_k38",21,"CD57","ambiguous","ambiguous","detected_multimodality","ambiguous",FALSE,"base_evidence_ambiguous"
"inflect_ward_k38",21,"TCRgd_CD141","detected_multimodality","detected_multimodality","detected_multimodality","detected_multimodality",TRUE,"stable_across_1000_2000_5000_events"
"inflect_ward_k38",22,"CD159c_NKG2C","ambiguous","no_detected_multimodality","ambiguous","ambiguous",FALSE,"base_evidence_ambiguous"
"inflect_ward_k38",22,"CD294_CRTH2","no_detected_multimodality","no_detected_multimodality","no_detected_multimodality","no_detected_multimodality",TRUE,"stable_across_1000_2000_5000_events"
"inflect_ward_k38",22,"CD45RA","no_detected_multimodality","no_detected_multimodality","no_detected_multimodality","no_detected_multimodality",TRUE,"stable_across_1000_2000_5000_events"
"inflect_ward_k38",22,"CD56","ambiguous","ambiguous","detected_multimodality","ambiguous",FALSE,"base_evidence_ambiguous"
"inflect_ward_k38",22,"CD57","detected_multimodality","detected_multimodality","detected_multimodality","detected_multimodality",TRUE,"stable_across_1000_2000_5000_events"
"inflect_ward_k38",22,"HLA-DR","no_detected_multimodality","no_detected_multimodality","no_detected_multimodality","no_detected_multimodality",TRUE,"stable_across_1000_2000_5000_events"
"inflect_ward_k38",23,"CD127","ambiguous","ambiguous","detected_multimodality","ambiguous",FALSE,"base_evidence_ambiguous"
"inflect_ward_k38",23,"CD14","detected_multimodality","ambiguous","detected_multimodality","ambiguous",FALSE,"sample_size_instability"
"inflect_ward_k38",23,"CD161","ambiguous","ambiguous","detected_multimodality","ambiguous",FALSE,"base_evidence_ambiguous"
"inflect_ward_k38",23,"CD185_CXCR5","ambiguous","ambiguous","detected_multimodality","ambiguous",FALSE,"base_evidence_ambiguous"
"inflect_ward_k38",23,"CD1c","ambiguous","ambiguous","no_detected_multimodality","ambiguous",FALSE,"base_evidence_ambiguous"
"inflect_ward_k38",23,"CD27","no_detected_multimodality","no_detected_multimodality","ambiguous","ambiguous",FALSE,"sample_size_instability"
"inflect_ward_k38",23,"CD38","detected_multimodality","detected_multimodality","detected_multimodality","detected_multimodality",TRUE,"stable_across_1000_2000_5000_events"
"inflect_ward_k38",23,"CD56","ambiguous","no_detected_multimodality","ambiguous","ambiguous",FALSE,"base_evidence_ambiguous"
"inflect_ward_k38",23,"CD7","ambiguous","ambiguous","detected_multimodality","ambiguous",FALSE,"base_evidence_ambiguous"
"inflect_ward_k38",23,"Tbet","detected_multimodality","detected_multimodality","detected_multimodality","detected_multimodality",TRUE,"stable_across_1000_2000_5000_events"
"inflect_ward_k38",24,"CD159c_NKG2C","no_detected_multimodality","no_detected_multimodality","no_detected_multimodality","no_detected_multimodality",TRUE,"stable_across_1000_2000_5000_events"
"inflect_ward_k38",24,"CD16","ambiguous","no_detected_multimodality","no_detected_multimodality","ambiguous",FALSE,"base_evidence_ambiguous"
"inflect_ward_k38",24,"CD161","detected_multimodality","ambiguous","detected_multimodality","ambiguous",FALSE,"sample_size_instability"
"inflect_ward_k38",24,"CD21","no_detected_multimodality","no_detected_multimodality","no_detected_multimodality","no_detected_multimodality",TRUE,"stable_across_1000_2000_5000_events"
"inflect_ward_k38",24,"CD27","detected_multimodality","detected_multimodality","detected_multimodality","detected_multimodality",TRUE,"stable_across_1000_2000_5000_events"
"inflect_ward_k38",24,"CD45RA","no_detected_multimodality","no_detected_multimodality","no_detected_multimodality","no_detected_multimodality",TRUE,"stable_across_1000_2000_5000_events"
"inflect_ward_k38",25,"CD161","no_detected_multimodality","no_detected_multimodality","no_detected_multimodality","no_detected_multimodality",TRUE,"stable_across_1000_2000_5000_events"
"inflect_ward_k38",25,"CD3","detected_multimodality","detected_multimodality","detected_multimodality","detected_multimodality",TRUE,"stable_across_1000_2000_5000_events"
"inflect_ward_k38",25,"CD303_TCRvd2","detected_multimodality","ambiguous","detected_multimodality","ambiguous",FALSE,"sample_size_instability"
"inflect_ward_k38",25,"CD57","detected_multimodality","detected_multimodality","detected_multimodality","detected_multimodality",TRUE,"stable_across_1000_2000_5000_events"
"inflect_ward_k38",25,"CD7","no_detected_multimodality","no_detected_multimodality","no_detected_multimodality","no_detected_multimodality",TRUE,"stable_across_1000_2000_5000_events"
"inflect_ward_k38",25,"TCRgd_CD141","no_detected_multimodality","no_detected_multimodality","no_detected_multimodality","no_detected_multimodality",TRUE,"stable_across_1000_2000_5000_events"
"inflect_ward_k38",26,"CD11c","no_detected_multimodality","no_detected_multimodality","no_detected_multimodality","no_detected_multimodality",TRUE,"stable_across_1000_2000_5000_events"
"inflect_ward_k38",26,"CD14","no_detected_multimodality","no_detected_multimodality","no_detected_multimodality","no_detected_multimodality",TRUE,"stable_across_1000_2000_5000_events"
"inflect_ward_k38",26,"CD19","no_detected_multimodality","no_detected_multimodality","no_detected_multimodality","no_detected_multimodality",TRUE,"stable_across_1000_2000_5000_events"
"inflect_ward_k38",26,"CD27","detected_multimodality","detected_multimodality","detected_multimodality","detected_multimodality",TRUE,"stable_across_1000_2000_5000_events"
"inflect_ward_k38",26,"CD3","ambiguous","ambiguous","detected_multimodality","ambiguous",FALSE,"base_evidence_ambiguous"
"inflect_ward_k38",26,"CD303_TCRvd2","ambiguous","ambiguous","ambiguous","ambiguous",TRUE,"base_evidence_ambiguous"
"inflect_ward_k38",26,"CD38","no_detected_multimodality","no_detected_multimodality","ambiguous","ambiguous",FALSE,"sample_size_instability"
"inflect_ward_k38",26,"CD45RA","detected_multimodality","detected_multimodality","detected_multimodality","detected_multimodality",TRUE,"stable_across_1000_2000_5000_events"
"inflect_ward_k38",26,"CD56","no_detected_multimodality","no_detected_multimodality","ambiguous","ambiguous",FALSE,"sample_size_instability"
"inflect_ward_k38",26,"CD8","no_detected_multimodality","no_detected_multimodality","no_detected_multimodality","no_detected_multimodality",TRUE,"stable_across_1000_2000_5000_events"
"inflect_ward_k38",26,"Tbet","detected_multimodality","detected_multimodality","detected_multimodality","detected_multimodality",TRUE,"stable_across_1000_2000_5000_events"
"inflect_ward_k38",27,"CD127","detected_multimodality","ambiguous","detected_multimodality","ambiguous",FALSE,"sample_size_instability"
"inflect_ward_k38",27,"CD16","detected_multimodality","detected_multimodality","detected_multimodality","detected_multimodality",TRUE,"stable_across_1000_2000_5000_events"
"inflect_ward_k38",27,"CD161","no_detected_multimodality","no_detected_multimodality","ambiguous","ambiguous",FALSE,"sample_size_instability"
"inflect_ward_k38",27,"CD27","detected_multimodality","detected_multimodality","detected_multimodality","detected_multimodality",TRUE,"stable_across_1000_2000_5000_events"
"inflect_ward_k38",27,"CD38","ambiguous","no_detected_multimodality","ambiguous","ambiguous",FALSE,"base_evidence_ambiguous"
"inflect_ward_k38",27,"CD4","ambiguous","no_detected_multimodality","ambiguous","ambiguous",FALSE,"base_evidence_ambiguous"
"inflect_ward_k38",27,"CD45RA","detected_multimodality","detected_multimodality","detected_multimodality","detected_multimodality",TRUE,"stable_across_1000_2000_5000_events"
"inflect_ward_k38",27,"CD56","detected_multimodality","ambiguous","detected_multimodality","ambiguous",FALSE,"sample_size_instability"
"inflect_ward_k38",27,"CD57","ambiguous","ambiguous","ambiguous","ambiguous",TRUE,"base_evidence_ambiguous"
"inflect_ward_k38",27,"Tbet","detected_multimodality","detected_multimodality","detected_multimodality","detected_multimodality",TRUE,"stable_across_1000_2000_5000_events"
"inflect_ward_k38",27,"TCRgd_CD141","no_detected_multimodality","ambiguous","no_detected_multimodality","ambiguous",FALSE,"sample_size_instability"
"inflect_ward_k38",28,"CD11c","no_detected_multimodality","no_detected_multimodality","no_detected_multimodality","no_detected_multimodality",TRUE,"stable_across_1000_2000_5000_events"
"inflect_ward_k38",28,"CD16","no_detected_multimodality","no_detected_multimodality","no_detected_multimodality","no_detected_multimodality",TRUE,"stable_across_1000_2000_5000_events"
"inflect_ward_k38",28,"CD185_CXCR5","detected_multimodality","ambiguous","detected_multimodality","ambiguous",FALSE,"sample_size_instability"
"inflect_ward_k38",28,"CD19","ambiguous","ambiguous","detected_multimodality","ambiguous",FALSE,"base_evidence_ambiguous"
"inflect_ward_k38",28,"CD1c","no_detected_multimodality","no_detected_multimodality","no_detected_multimodality","no_detected_multimodality",TRUE,"stable_across_1000_2000_5000_events"
"inflect_ward_k38",28,"CD21","detected_multimodality","detected_multimodality","detected_multimodality","detected_multimodality",TRUE,"stable_across_1000_2000_5000_events"
"inflect_ward_k38",28,"CD38","ambiguous","no_detected_multimodality","ambiguous","ambiguous",FALSE,"base_evidence_ambiguous"
"inflect_ward_k38",29,"CD27","ambiguous","no_detected_multimodality","ambiguous","ambiguous",FALSE,"base_evidence_ambiguous"
"inflect_ward_k38",29,"CD303_TCRvd2","no_detected_multimodality","no_detected_multimodality","ambiguous","ambiguous",FALSE,"sample_size_instability"
"inflect_ward_k38",29,"CD57","no_detected_multimodality","no_detected_multimodality","no_detected_multimodality","no_detected_multimodality",TRUE,"stable_across_1000_2000_5000_events"
"inflect_ward_k38",30,"CD14","ambiguous","no_detected_multimodality","no_detected_multimodality","ambiguous",FALSE,"base_evidence_ambiguous"
"inflect_ward_k38",30,"CD161","ambiguous","ambiguous","ambiguous","ambiguous",TRUE,"base_evidence_ambiguous"
"inflect_ward_k38",30,"CD185_CXCR5","ambiguous","no_detected_multimodality","no_detected_multimodality","ambiguous",FALSE,"base_evidence_ambiguous"
"inflect_ward_k38",30,"CD27","detected_multimodality","detected_multimodality","detected_multimodality","detected_multimodality",TRUE,"stable_across_1000_2000_5000_events"
"inflect_ward_k38",30,"CD56","no_detected_multimodality","no_detected_multimodality","no_detected_multimodality","no_detected_multimodality",TRUE,"stable_across_1000_2000_5000_events"
"inflect_ward_k38",30,"CD57","ambiguous","no_detected_multimodality","ambiguous","ambiguous",FALSE,"base_evidence_ambiguous"
"inflect_ward_k38",30,"FoxP3","no_detected_multimodality","no_detected_multimodality","no_detected_multimodality","no_detected_multimodality",TRUE,"stable_across_1000_2000_5000_events"
"inflect_ward_k38",31,"CD11c","ambiguous","ambiguous","detected_multimodality","ambiguous",FALSE,"base_evidence_ambiguous"
"inflect_ward_k38",31,"CD14","detected_multimodality","detected_multimodality","detected_multimodality","detected_multimodality",TRUE,"stable_across_1000_2000_5000_events"
"inflect_ward_k38",31,"CD1c","detected_multimodality","detected_multimodality","detected_multimodality","detected_multimodality",TRUE,"stable_across_1000_2000_5000_events"
"inflect_ward_k38",31,"CD294_CRTH2","no_detected_multimodality","no_detected_multimodality","no_detected_multimodality","no_detected_multimodality",TRUE,"stable_across_1000_2000_5000_events"
"inflect_ward_k38",31,"CD3","no_detected_multimodality","no_detected_multimodality","no_detected_multimodality","no_detected_multimodality",TRUE,"stable_across_1000_2000_5000_events"
"inflect_ward_k38",31,"CD8","ambiguous","no_detected_multimodality","no_detected_multimodality","ambiguous",FALSE,"base_evidence_ambiguous"
"inflect_ward_k38",31,"HLA-DR","detected_multimodality","detected_multimodality","detected_multimodality","detected_multimodality",TRUE,"stable_across_1000_2000_5000_events"
"inflect_ward_k38",31,"TCRgd_CD141","detected_multimodality","ambiguous","detected_multimodality","ambiguous",FALSE,"sample_size_instability"
"inflect_ward_k38",32,"CD11c","detected_multimodality","detected_multimodality","detected_multimodality","detected_multimodality",TRUE,"stable_across_1000_2000_5000_events"
"inflect_ward_k38",32,"CD14","detected_multimodality","detected_multimodality","detected_multimodality","detected_multimodality",TRUE,"stable_across_1000_2000_5000_events"
"inflect_ward_k38",32,"CD185_CXCR5","no_detected_multimodality","no_detected_multimodality","no_detected_multimodality","no_detected_multimodality",TRUE,"stable_across_1000_2000_5000_events"
"inflect_ward_k38",32,"CD197_CCR7","ambiguous","no_detected_multimodality","no_detected_multimodality","ambiguous",FALSE,"base_evidence_ambiguous"
"inflect_ward_k38",32,"CD1c","detected_multimodality","ambiguous","detected_multimodality","ambiguous",FALSE,"sample_size_instability"
"inflect_ward_k38",32,"CD27","no_detected_multimodality","no_detected_multimodality","no_detected_multimodality","no_detected_multimodality",TRUE,"stable_across_1000_2000_5000_events"
"inflect_ward_k38",32,"CD3","ambiguous","no_detected_multimodality","no_detected_multimodality","ambiguous",FALSE,"base_evidence_ambiguous"
"inflect_ward_k38",32,"CD303_TCRvd2","detected_multimodality","detected_multimodality","detected_multimodality","detected_multimodality",TRUE,"stable_across_1000_2000_5000_events"
"inflect_ward_k38",32,"CD4","ambiguous","ambiguous","ambiguous","ambiguous",TRUE,"base_evidence_ambiguous"
"inflect_ward_k38",32,"CD45RA","ambiguous","no_detected_multimodality","ambiguous","ambiguous",FALSE,"base_evidence_ambiguous"
"inflect_ward_k38",32,"CD8","no_detected_multimodality","no_detected_multimodality","no_detected_multimodality","no_detected_multimodality",TRUE,"stable_across_1000_2000_5000_events"
"inflect_ward_k38",32,"HLA-DR","ambiguous","no_detected_multimodality","detected_multimodality","ambiguous",FALSE,"base_evidence_ambiguous"
"inflect_ward_k38",32,"TCRgd_CD141","ambiguous","ambiguous","detected_multimodality","ambiguous",FALSE,"base_evidence_ambiguous"
"inflect_ward_k38",33,"CD127","no_detected_multimodality","no_detected_multimodality","no_detected_multimodality","no_detected_multimodality",TRUE,"stable_across_1000_2000_5000_events"
"inflect_ward_k38",33,"CD161","no_detected_multimodality","no_detected_multimodality","no_detected_multimodality","no_detected_multimodality",TRUE,"stable_across_1000_2000_5000_events"
"inflect_ward_k38",33,"CD294_CRTH2","no_detected_multimodality","no_detected_multimodality","no_detected_multimodality","no_detected_multimodality",TRUE,"stable_across_1000_2000_5000_events"
"inflect_ward_k38",33,"CD303_TCRvd2","no_detected_multimodality","no_detected_multimodality","no_detected_multimodality","no_detected_multimodality",TRUE,"stable_across_1000_2000_5000_events"
"inflect_ward_k38",33,"CD45RA","no_detected_multimodality","no_detected_multimodality","no_detected_multimodality","no_detected_multimodality",TRUE,"stable_across_1000_2000_5000_events"
"inflect_ward_k38",33,"CD57","no_detected_multimodality","no_detected_multimodality","no_detected_multimodality","no_detected_multimodality",TRUE,"stable_across_1000_2000_5000_events"
"inflect_ward_k38",34,"CD127","ambiguous","ambiguous","no_detected_multimodality","ambiguous",FALSE,"base_evidence_ambiguous"
"inflect_ward_k38",34,"CD14","no_detected_multimodality","no_detected_multimodality","no_detected_multimodality","no_detected_multimodality",TRUE,"stable_across_1000_2000_5000_events"
"inflect_ward_k38",34,"CD197_CCR7","detected_multimodality","detected_multimodality","detected_multimodality","detected_multimodality",TRUE,"stable_across_1000_2000_5000_events"
"inflect_ward_k38",34,"CD27","detected_multimodality","detected_multimodality","detected_multimodality","detected_multimodality",TRUE,"stable_across_1000_2000_5000_events"
"inflect_ward_k38",34,"CD45RA","detected_multimodality","ambiguous","detected_multimodality","ambiguous",FALSE,"sample_size_instability"
"inflect_ward_k38",34,"CD7","detected_multimodality","ambiguous","detected_multimodality","ambiguous",FALSE,"sample_size_instability"
"inflect_ward_k38",34,"FoxP3","ambiguous","no_detected_multimodality","ambiguous","ambiguous",FALSE,"base_evidence_ambiguous"
"inflect_ward_k38",35,"CD159c_NKG2C","no_detected_multimodality","no_detected_multimodality","no_detected_multimodality","no_detected_multimodality",TRUE,"stable_across_1000_2000_5000_events"
"inflect_ward_k38",35,"CD25","ambiguous","ambiguous","detected_multimodality","ambiguous",FALSE,"base_evidence_ambiguous"
"inflect_ward_k38",35,"CD27","ambiguous","no_detected_multimodality","ambiguous","ambiguous",FALSE,"base_evidence_ambiguous"
"inflect_ward_k38",35,"FoxP3","detected_multimodality","ambiguous","detected_multimodality","ambiguous",FALSE,"sample_size_instability"
"inflect_ward_k38",35,"Tbet","no_detected_multimodality","no_detected_multimodality","no_detected_multimodality","no_detected_multimodality",TRUE,"stable_across_1000_2000_5000_events"
"inflect_ward_k38",37,"CD197_CCR7","no_detected_multimodality","no_detected_multimodality","no_detected_multimodality","no_detected_multimodality",TRUE,"stable_across_1000_2000_5000_events"
"inflect_ward_k38",37,"CD3","no_detected_multimodality","no_detected_multimodality","no_detected_multimodality","no_detected_multimodality",TRUE,"stable_across_1000_2000_5000_events"
"inflect_ward_k38",37,"CD4","no_detected_multimodality","no_detected_multimodality","no_detected_multimodality","no_detected_multimodality",TRUE,"stable_across_1000_2000_5000_events"
"inflect_ward_k38",37,"HLA-DR","no_detected_multimodality","no_detected_multimodality","no_detected_multimodality","no_detected_multimodality",TRUE,"stable_across_1000_2000_5000_events"
"inflect_ward_k38",38,"CD127","ambiguous","ambiguous","ambiguous","ambiguous",TRUE,"base_evidence_ambiguous"
"inflect_ward_k38",38,"CD197_CCR7","ambiguous","ambiguous","ambiguous","ambiguous",TRUE,"base_evidence_ambiguous"
"inflect_ward_k38",38,"CD27","ambiguous","no_detected_multimodality","ambiguous","ambiguous",FALSE,"base_evidence_ambiguous"
"inflect_ward_k38",38,"CD4","no_detected_multimodality","no_detected_multimodality","ambiguous","ambiguous",FALSE,"sample_size_instability"
"inflect_ward_k38",38,"TCRgd_CD141","no_detected_multimodality","no_detected_multimodality","no_detected_multimodality","no_detected_multimodality",TRUE,"stable_across_1000_2000_5000_events"
"inflect_ward_k44",1,"CD11c","detected_multimodality","detected_multimodality","detected_multimodality","detected_multimodality",TRUE,"stable_across_1000_2000_5000_events"
"inflect_ward_k44",1,"CD161","detected_multimodality","detected_multimodality","detected_multimodality","detected_multimodality",TRUE,"stable_across_1000_2000_5000_events"
"inflect_ward_k44",2,"CD127","no_detected_multimodality","no_detected_multimodality","no_detected_multimodality","no_detected_multimodality",TRUE,"stable_across_1000_2000_5000_events"
"inflect_ward_k44",2,"CD161","no_detected_multimodality","no_detected_multimodality","no_detected_multimodality","no_detected_multimodality",TRUE,"stable_across_1000_2000_5000_events"
"inflect_ward_k44",2,"CD303_TCRvd2","no_detected_multimodality","no_detected_multimodality","no_detected_multimodality","no_detected_multimodality",TRUE,"stable_across_1000_2000_5000_events"
"inflect_ward_k44",2,"CD45RA","no_detected_multimodality","ambiguous","no_detected_multimodality","ambiguous",FALSE,"sample_size_instability"
"inflect_ward_k44",2,"CD57","detected_multimodality","detected_multimodality","detected_multimodality","detected_multimodality",TRUE,"stable_across_1000_2000_5000_events"
"inflect_ward_k44",3,"CD159c_NKG2C","detected_multimodality","detected_multimodality","detected_multimodality","detected_multimodality",TRUE,"stable_across_1000_2000_5000_events"
"inflect_ward_k44",3,"CD27","no_detected_multimodality","no_detected_multimodality","no_detected_multimodality","no_detected_multimodality",TRUE,"stable_across_1000_2000_5000_events"
"inflect_ward_k44",3,"CD3","ambiguous","no_detected_multimodality","no_detected_multimodality","ambiguous",FALSE,"base_evidence_ambiguous"
"inflect_ward_k44",3,"CD57","detected_multimodality","detected_multimodality","detected_multimodality","detected_multimodality",TRUE,"stable_across_1000_2000_5000_events"
"inflect_ward_k44",3,"FoxP3","no_detected_multimodality","no_detected_multimodality","no_detected_multimodality","no_detected_multimodality",TRUE,"stable_across_1000_2000_5000_events"
"inflect_ward_k44",3,"TCRgd_CD141","no_detected_multimodality","no_detected_multimodality","ambiguous","ambiguous",FALSE,"sample_size_instability"
"inflect_ward_k44",4,"CD127","no_detected_multimodality","no_detected_multimodality","no_detected_multimodality","no_detected_multimodality",TRUE,"stable_across_1000_2000_5000_events"
"inflect_ward_k44",4,"CD159c_NKG2C","no_detected_multimodality","no_detected_multimodality","ambiguous","ambiguous",FALSE,"sample_size_instability"
"inflect_ward_k44",4,"CD161","no_detected_multimodality","no_detected_multimodality","no_detected_multimodality","no_detected_multimodality",TRUE,"stable_across_1000_2000_5000_events"
"inflect_ward_k44",4,"CD25","no_detected_multimodality","no_detected_multimodality","no_detected_multimodality","no_detected_multimodality",TRUE,"stable_across_1000_2000_5000_events"
"inflect_ward_k44",4,"CD3","detected_multimodality","detected_multimodality","detected_multimodality","detected_multimodality",TRUE,"stable_across_1000_2000_5000_events"
"inflect_ward_k44",4,"CD57","detected_multimodality","detected_multimodality","detected_multimodality","detected_multimodality",TRUE,"stable_across_1000_2000_5000_events"
"inflect_ward_k44",4,"CD7","no_detected_multimodality","no_detected_multimodality","no_detected_multimodality","no_detected_multimodality",TRUE,"stable_across_1000_2000_5000_events"
"inflect_ward_k44",5,"CD11c","detected_multimodality","detected_multimodality","detected_multimodality","detected_multimodality",TRUE,"stable_across_1000_2000_5000_events"
"inflect_ward_k44",5,"CD161","ambiguous","ambiguous","detected_multimodality","ambiguous",FALSE,"base_evidence_ambiguous"
"inflect_ward_k44",5,"CD19","no_detected_multimodality","no_detected_multimodality","no_detected_multimodality","no_detected_multimodality",TRUE,"stable_across_1000_2000_5000_events"
"inflect_ward_k44",5,"CD3","detected_multimodality","detected_multimodality","detected_multimodality","detected_multimodality",TRUE,"stable_across_1000_2000_5000_events"
"inflect_ward_k44",5,"CD57","ambiguous","ambiguous","detected_multimodality","ambiguous",FALSE,"base_evidence_ambiguous"
"inflect_ward_k44",5,"CD8","no_detected_multimodality","no_detected_multimodality","no_detected_multimodality","no_detected_multimodality",TRUE,"stable_across_1000_2000_5000_events"
"inflect_ward_k44",5,"TCRgd_CD141","no_detected_multimodality","no_detected_multimodality","no_detected_multimodality","no_detected_multimodality",TRUE,"stable_across_1000_2000_5000_events"
"inflect_ward_k44",6,"CD11c","detected_multimodality","ambiguous","detected_multimodality","ambiguous",FALSE,"sample_size_instability"
"inflect_ward_k44",6,"CD161","ambiguous","ambiguous","detected_multimodality","ambiguous",FALSE,"base_evidence_ambiguous"
"inflect_ward_k44",6,"CD294_CRTH2","ambiguous","no_detected_multimodality","no_detected_multimodality","ambiguous",FALSE,"base_evidence_ambiguous"
"inflect_ward_k44",6,"CD3","ambiguous","no_detected_multimodality","ambiguous","ambiguous",FALSE,"base_evidence_ambiguous"
"inflect_ward_k44",6,"CD57","ambiguous","ambiguous","ambiguous","ambiguous",TRUE,"base_evidence_ambiguous"
"inflect_ward_k44",6,"CD8","ambiguous","no_detected_multimodality","no_detected_multimodality","ambiguous",FALSE,"base_evidence_ambiguous"
"inflect_ward_k44",6,"HLA-DR","no_detected_multimodality","no_detected_multimodality","no_detected_multimodality","no_detected_multimodality",TRUE,"stable_across_1000_2000_5000_events"
"inflect_ward_k44",6,"Tbet","no_detected_multimodality","no_detected_multimodality","ambiguous","ambiguous",FALSE,"sample_size_instability"
"inflect_ward_k44",7,"CD11c","ambiguous","ambiguous","ambiguous","ambiguous",TRUE,"base_evidence_ambiguous"
"inflect_ward_k44",7,"CD159c_NKG2C","ambiguous","ambiguous","detected_multimodality","ambiguous",FALSE,"base_evidence_ambiguous"
"inflect_ward_k44",7,"CD185_CXCR5","no_detected_multimodality","no_detected_multimodality","no_detected_multimodality","no_detected_multimodality",TRUE,"stable_across_1000_2000_5000_events"
"inflect_ward_k44",7,"CD57","detected_multimodality","detected_multimodality","detected_multimodality","detected_multimodality",TRUE,"stable_across_1000_2000_5000_events"
"inflect_ward_k44",7,"CD8","ambiguous","no_detected_multimodality","no_detected_multimodality","ambiguous",FALSE,"base_evidence_ambiguous"
"inflect_ward_k44",8,"CD159c_NKG2C","ambiguous","no_detected_multimodality","ambiguous","ambiguous",FALSE,"base_evidence_ambiguous"
"inflect_ward_k44",8,"CD57","detected_multimodality","detected_multimodality","detected_multimodality","detected_multimodality",TRUE,"stable_across_1000_2000_5000_events"
"inflect_ward_k44",9,"CD159c_NKG2C","detected_multimodality","ambiguous","detected_multimodality","ambiguous",FALSE,"sample_size_instability"
"inflect_ward_k44",9,"CD19","no_detected_multimodality","no_detected_multimodality","no_detected_multimodality","no_detected_multimodality",TRUE,"stable_across_1000_2000_5000_events"
"inflect_ward_k44",9,"CD197_CCR7","no_detected_multimodality","no_detected_multimodality","no_detected_multimodality","no_detected_multimodality",TRUE,"stable_across_1000_2000_5000_events"
"inflect_ward_k44",9,"CD56","detected_multimodality","ambiguous","detected_multimodality","ambiguous",FALSE,"sample_size_instability"
"inflect_ward_k44",9,"CD57","ambiguous","ambiguous","detected_multimodality","ambiguous",FALSE,"base_evidence_ambiguous"
"inflect_ward_k44",10,"CD27","no_detected_multimodality","no_detected_multimodality","no_detected_multimodality","no_detected_multimodality",TRUE,"stable_across_1000_2000_5000_events"
"inflect_ward_k44",10,"CD38","ambiguous","no_detected_multimodality","no_detected_multimodality","ambiguous",FALSE,"base_evidence_ambiguous"
"inflect_ward_k44",10,"CD45RA","ambiguous","ambiguous","ambiguous","ambiguous",TRUE,"base_evidence_ambiguous"
"inflect_ward_k44",10,"FoxP3","no_detected_multimodality","no_detected_multimodality","ambiguous","ambiguous",FALSE,"sample_size_instability"
"inflect_ward_k44",10,"Tbet","no_detected_multimodality","no_detected_multimodality","no_detected_multimodality","no_detected_multimodality",TRUE,"stable_across_1000_2000_5000_events"
"inflect_ward_k44",11,"CD11c","ambiguous","no_detected_multimodality","ambiguous","ambiguous",FALSE,"base_evidence_ambiguous"
"inflect_ward_k44",11,"CD16","no_detected_multimodality","no_detected_multimodality","no_detected_multimodality","no_detected_multimodality",TRUE,"stable_across_1000_2000_5000_events"
"inflect_ward_k44",11,"CD161","detected_multimodality","ambiguous","detected_multimodality","ambiguous",FALSE,"sample_size_instability"
"inflect_ward_k44",11,"CD1c","no_detected_multimodality","no_detected_multimodality","no_detected_multimodality","no_detected_multimodality",TRUE,"stable_across_1000_2000_5000_events"
"inflect_ward_k44",11,"CD21","no_detected_multimodality","no_detected_multimodality","no_detected_multimodality","no_detected_multimodality",TRUE,"stable_across_1000_2000_5000_events"
"inflect_ward_k44",11,"CD294_CRTH2","ambiguous","ambiguous","no_detected_multimodality","ambiguous",FALSE,"base_evidence_ambiguous"
"inflect_ward_k44",11,"CD57","ambiguous","ambiguous","ambiguous","ambiguous",TRUE,"base_evidence_ambiguous"
"inflect_ward_k44",12,"CD11c","ambiguous","ambiguous","detected_multimodality","ambiguous",FALSE,"base_evidence_ambiguous"
"inflect_ward_k44",12,"CD16","no_detected_multimodality","no_detected_multimodality","no_detected_multimodality","no_detected_multimodality",TRUE,"stable_across_1000_2000_5000_events"
"inflect_ward_k44",12,"CD161","ambiguous","ambiguous","ambiguous","ambiguous",TRUE,"base_evidence_ambiguous"
"inflect_ward_k44",12,"CD25","no_detected_multimodality","no_detected_multimodality","no_detected_multimodality","no_detected_multimodality",TRUE,"stable_across_1000_2000_5000_events"
"inflect_ward_k44",12,"CD3","detected_multimodality","detected_multimodality","detected_multimodality","detected_multimodality",TRUE,"stable_across_1000_2000_5000_events"
"inflect_ward_k44",12,"CD56","detected_multimodality","ambiguous","detected_multimodality","ambiguous",FALSE,"sample_size_instability"
"inflect_ward_k44",12,"CD57","no_detected_multimodality","no_detected_multimodality","no_detected_multimodality","no_detected_multimodality",TRUE,"stable_across_1000_2000_5000_events"
"inflect_ward_k44",12,"FoxP3","no_detected_multimodality","no_detected_multimodality","no_detected_multimodality","no_detected_multimodality",TRUE,"stable_across_1000_2000_5000_events"
"inflect_ward_k44",12,"HLA-DR","ambiguous","no_detected_multimodality","no_detected_multimodality","ambiguous",FALSE,"base_evidence_ambiguous"
"inflect_ward_k44",12,"Tbet","ambiguous","no_detected_multimodality","ambiguous","ambiguous",FALSE,"base_evidence_ambiguous"
"inflect_ward_k44",13,"CD127","ambiguous","no_detected_multimodality","no_detected_multimodality","ambiguous",FALSE,"base_evidence_ambiguous"
"inflect_ward_k44",13,"CD14","no_detected_multimodality","no_detected_multimodality","no_detected_multimodality","no_detected_multimodality",TRUE,"stable_across_1000_2000_5000_events"
"inflect_ward_k44",13,"CD19","no_detected_multimodality","no_detected_multimodality","ambiguous","ambiguous",FALSE,"sample_size_instability"
"inflect_ward_k44",13,"CD27","ambiguous","no_detected_multimodality","no_detected_multimodality","ambiguous",FALSE,"base_evidence_ambiguous"
"inflect_ward_k44",13,"CD294_CRTH2","no_detected_multimodality","no_detected_multimodality","no_detected_multimodality","no_detected_multimodality",TRUE,"stable_across_1000_2000_5000_events"
"inflect_ward_k44",13,"CD303_TCRvd2","no_detected_multimodality","no_detected_multimodality","no_detected_multimodality","no_detected_multimodality",TRUE,"stable_across_1000_2000_5000_events"
"inflect_ward_k44",13,"CD56","no_detected_multimodality","no_detected_multimodality","no_detected_multimodality","no_detected_multimodality",TRUE,"stable_across_1000_2000_5000_events"
"inflect_ward_k44",13,"CD57","detected_multimodality","detected_multimodality","detected_multimodality","detected_multimodality",TRUE,"stable_across_1000_2000_5000_events"
"inflect_ward_k44",13,"CD8","ambiguous","no_detected_multimodality","no_detected_multimodality","ambiguous",FALSE,"base_evidence_ambiguous"
"inflect_ward_k44",14,"CD185_CXCR5","no_detected_multimodality","no_detected_multimodality","no_detected_multimodality","no_detected_multimodality",TRUE,"stable_across_1000_2000_5000_events"
"inflect_ward_k44",14,"CD197_CCR7","no_detected_multimodality","no_detected_multimodality","no_detected_multimodality","no_detected_multimodality",TRUE,"stable_across_1000_2000_5000_events"
"inflect_ward_k44",14,"CD45RA","ambiguous","no_detected_multimodality","ambiguous","ambiguous",FALSE,"base_evidence_ambiguous"
"inflect_ward_k44",14,"CD57","detected_multimodality","detected_multimodality","detected_multimodality","detected_multimodality",TRUE,"stable_across_1000_2000_5000_events"
"inflect_ward_k44",14,"CD7","no_detected_multimodality","no_detected_multimodality","no_detected_multimodality","no_detected_multimodality",TRUE,"stable_across_1000_2000_5000_events"
"inflect_ward_k44",15,"CD11c","ambiguous","ambiguous","ambiguous","ambiguous",TRUE,"base_evidence_ambiguous"
"inflect_ward_k44",15,"CD16","no_detected_multimodality","no_detected_multimodality","no_detected_multimodality","no_detected_multimodality",TRUE,"stable_across_1000_2000_5000_events"
"inflect_ward_k44",15,"CD1c","no_detected_multimodality","no_detected_multimodality","no_detected_multimodality","no_detected_multimodality",TRUE,"stable_across_1000_2000_5000_events"
"inflect_ward_k44",15,"CD21","no_detected_multimodality","no_detected_multimodality","no_detected_multimodality","no_detected_multimodality",TRUE,"stable_across_1000_2000_5000_events"
"inflect_ward_k44",15,"CD3","detected_multimodality","detected_multimodality","detected_multimodality","detected_multimodality",TRUE,"stable_across_1000_2000_5000_events"
"inflect_ward_k44",15,"CD56","detected_multimodality","detected_multimodality","detected_multimodality","detected_multimodality",TRUE,"stable_across_1000_2000_5000_events"
"inflect_ward_k44",15,"CD57","detected_multimodality","detected_multimodality","detected_multimodality","detected_multimodality",TRUE,"stable_across_1000_2000_5000_events"
"inflect_ward_k44",16,"CD11c","ambiguous","no_detected_multimodality","ambiguous","ambiguous",FALSE,"base_evidence_ambiguous"
"inflect_ward_k44",16,"CD159c_NKG2C","ambiguous","no_detected_multimodality","ambiguous","ambiguous",FALSE,"base_evidence_ambiguous"
"inflect_ward_k44",16,"CD161","detected_multimodality","ambiguous","detected_multimodality","ambiguous",FALSE,"sample_size_instability"
"inflect_ward_k44",16,"CD185_CXCR5","no_detected_multimodality","no_detected_multimodality","no_detected_multimodality","no_detected_multimodality",TRUE,"stable_across_1000_2000_5000_events"
"inflect_ward_k44",16,"CD38","no_detected_multimodality","no_detected_multimodality","no_detected_multimodality","no_detected_multimodality",TRUE,"stable_across_1000_2000_5000_events"
"inflect_ward_k44",16,"CD4","no_detected_multimodality","no_detected_multimodality","no_detected_multimodality","no_detected_multimodality",TRUE,"stable_across_1000_2000_5000_events"
"inflect_ward_k44",16,"CD57","no_detected_multimodality","no_detected_multimodality","no_detected_multimodality","no_detected_multimodality",TRUE,"stable_across_1000_2000_5000_events"
"inflect_ward_k44",16,"CD8","no_detected_multimodality","no_detected_multimodality","no_detected_multimodality","no_detected_multimodality",TRUE,"stable_across_1000_2000_5000_events"
"inflect_ward_k44",16,"Tbet","ambiguous","no_detected_multimodality","ambiguous","ambiguous",FALSE,"base_evidence_ambiguous"
"inflect_ward_k44",17,"CD127","no_detected_multimodality","no_detected_multimodality","no_detected_multimodality","no_detected_multimodality",TRUE,"stable_across_1000_2000_5000_events"
"inflect_ward_k44",17,"CD159c_NKG2C","detected_multimodality","ambiguous","detected_multimodality","ambiguous",FALSE,"sample_size_instability"
"inflect_ward_k44",17,"CD303_TCRvd2","no_detected_multimodality","no_detected_multimodality","no_detected_multimodality","no_detected_multimodality",TRUE,"stable_across_1000_2000_5000_events"
"inflect_ward_k44",17,"CD56","no_detected_multimodality","no_detected_multimodality","no_detected_multimodality","no_detected_multimodality",TRUE,"stable_across_1000_2000_5000_events"
"inflect_ward_k44",17,"FoxP3","ambiguous","no_detected_multimodality","no_detected_multimodality","ambiguous",FALSE,"base_evidence_ambiguous"
"inflect_ward_k44",18,"CD161","detected_multimodality","detected_multimodality","detected_multimodality","detected_multimodality",TRUE,"stable_across_1000_2000_5000_events"
"inflect_ward_k44",18,"CD197_CCR7","no_detected_multimodality","no_detected_multimodality","no_detected_multimodality","no_detected_multimodality",TRUE,"stable_across_1000_2000_5000_events"
"inflect_ward_k44",18,"CD27","detected_multimodality","detected_multimodality","detected_multimodality","detected_multimodality",TRUE,"stable_across_1000_2000_5000_events"
"inflect_ward_k44",18,"CD294_CRTH2","ambiguous","no_detected_multimodality","no_detected_multimodality","ambiguous",FALSE,"base_evidence_ambiguous"
"inflect_ward_k44",19,"CD159c_NKG2C","no_detected_multimodality","no_detected_multimodality","ambiguous","ambiguous",FALSE,"sample_size_instability"
"inflect_ward_k44",19,"CD16","no_detected_multimodality","no_detected_multimodality","no_detected_multimodality","no_detected_multimodality",TRUE,"stable_across_1000_2000_5000_events"
"inflect_ward_k44",19,"CD1c","no_detected_multimodality","no_detected_multimodality","no_detected_multimodality","no_detected_multimodality",TRUE,"stable_across_1000_2000_5000_events"
"inflect_ward_k44",19,"CD21","no_detected_multimodality","no_detected_multimodality","no_detected_multimodality","no_detected_multimodality",TRUE,"stable_across_1000_2000_5000_events"
"inflect_ward_k44",19,"CD27","detected_multimodality","detected_multimodality","detected_multimodality","detected_multimodality",TRUE,"stable_across_1000_2000_5000_events"
"inflect_ward_k44",19,"CD303_TCRvd2","no_detected_multimodality","no_detected_multimodality","no_detected_multimodality","no_detected_multimodality",TRUE,"stable_across_1000_2000_5000_events"
"inflect_ward_k44",19,"CD45RA","ambiguous","no_detected_multimodality","ambiguous","ambiguous",FALSE,"base_evidence_ambiguous"
"inflect_ward_k44",19,"Tbet","detected_multimodality","detected_multimodality","detected_multimodality","detected_multimodality",TRUE,"stable_across_1000_2000_5000_events"
"inflect_ward_k44",20,"CD161","ambiguous","ambiguous","detected_multimodality","ambiguous",FALSE,"base_evidence_ambiguous"
"inflect_ward_k44",20,"CD38","detected_multimodality","ambiguous","detected_multimodality","ambiguous",FALSE,"sample_size_instability"
"inflect_ward_k44",20,"CD45RA","ambiguous","ambiguous","ambiguous","ambiguous",TRUE,"base_evidence_ambiguous"
"inflect_ward_k44",20,"CD7","detected_multimodality","ambiguous","detected_multimodality","ambiguous",FALSE,"sample_size_instability"
"inflect_ward_k44",20,"FoxP3","detected_multimodality","detected_multimodality","detected_multimodality","detected_multimodality",TRUE,"stable_across_1000_2000_5000_events"
"inflect_ward_k44",21,"CD14","no_detected_multimodality","no_detected_multimodality","no_detected_multimodality","no_detected_multimodality",TRUE,"stable_across_1000_2000_5000_events"
"inflect_ward_k44",21,"CD159c_NKG2C","ambiguous","ambiguous","detected_multimodality","ambiguous",FALSE,"base_evidence_ambiguous"
"inflect_ward_k44",21,"CD3","detected_multimodality","ambiguous","detected_multimodality","ambiguous",FALSE,"sample_size_instability"
"inflect_ward_k44",21,"CD56","ambiguous","no_detected_multimodality","ambiguous","ambiguous",FALSE,"base_evidence_ambiguous"
"inflect_ward_k44",21,"CD57","ambiguous","no_detected_multimodality","ambiguous","ambiguous",FALSE,"base_evidence_ambiguous"
"inflect_ward_k44",21,"HLA-DR","no_detected_multimodality","no_detected_multimodality","no_detected_multimodality","no_detected_multimodality",TRUE,"stable_across_1000_2000_5000_events"
"inflect_ward_k44",22,"CD127","ambiguous","no_detected_multimodality","no_detected_multimodality","ambiguous",FALSE,"base_evidence_ambiguous"
"inflect_ward_k44",22,"CD161","ambiguous","no_detected_multimodality","ambiguous","ambiguous",FALSE,"base_evidence_ambiguous"
"inflect_ward_k44",22,"CD27","detected_multimodality","detected_multimodality","detected_multimodality","detected_multimodality",TRUE,"stable_across_1000_2000_5000_events"
"inflect_ward_k44",22,"CD294_CRTH2","no_detected_multimodality","no_detected_multimodality","no_detected_multimodality","no_detected_multimodality",TRUE,"stable_across_1000_2000_5000_events"
"inflect_ward_k44",22,"CD3","ambiguous","no_detected_multimodality","no_detected_multimodality","ambiguous",FALSE,"base_evidence_ambiguous"
"inflect_ward_k44",22,"CD303_TCRvd2","detected_multimodality","detected_multimodality","detected_multimodality","detected_multimodality",TRUE,"stable_across_1000_2000_5000_events"
"inflect_ward_k44",22,"TCRgd_CD141","detected_multimodality","detected_multimodality","detected_multimodality","detected_multimodality",TRUE,"stable_across_1000_2000_5000_events"
"inflect_ward_k44",23,"CD159c_NKG2C","no_detected_multimodality","no_detected_multimodality","ambiguous","ambiguous",FALSE,"sample_size_instability"
"inflect_ward_k44",23,"CD16","detected_multimodality","detected_multimodality","detected_multimodality","detected_multimodality",TRUE,"stable_across_1000_2000_5000_events"
"inflect_ward_k44",23,"CD185_CXCR5","ambiguous","ambiguous","detected_multimodality","ambiguous",FALSE,"base_evidence_ambiguous"
"inflect_ward_k44",23,"CD21","ambiguous","ambiguous","detected_multimodality","ambiguous",FALSE,"base_evidence_ambiguous"
"inflect_ward_k44",23,"CD3","ambiguous","no_detected_multimodality","ambiguous","ambiguous",FALSE,"base_evidence_ambiguous"
"inflect_ward_k44",23,"CD38","ambiguous","ambiguous","detected_multimodality","ambiguous",FALSE,"base_evidence_ambiguous"
"inflect_ward_k44",23,"CD45RA","ambiguous","ambiguous","ambiguous","ambiguous",TRUE,"base_evidence_ambiguous"
"inflect_ward_k44",24,"CD11c","detected_multimodality","ambiguous","detected_multimodality","ambiguous",FALSE,"sample_size_instability"
"inflect_ward_k44",24,"CD159c_NKG2C","detected_multimodality","ambiguous","detected_multimodality","ambiguous",FALSE,"sample_size_instability"
"inflect_ward_k44",24,"CD161","no_detected_multimodality","no_detected_multimodality","no_detected_multimodality","no_detected_multimodality",TRUE,"stable_across_1000_2000_5000_events"
"inflect_ward_k44",24,"CD3","ambiguous","ambiguous","detected_multimodality","ambiguous",FALSE,"base_evidence_ambiguous"
"inflect_ward_k44",24,"CD38","no_detected_multimodality","no_detected_multimodality","ambiguous","ambiguous",FALSE,"sample_size_instability"
"inflect_ward_k44",24,"CD45RA","no_detected_multimodality","no_detected_multimodality","no_detected_multimodality","no_detected_multimodality",TRUE,"stable_across_1000_2000_5000_events"
"inflect_ward_k44",24,"CD57","detected_multimodality","detected_multimodality","detected_multimodality","detected_multimodality",TRUE,"stable_across_1000_2000_5000_events"
"inflect_ward_k44",25,"CD11c","no_detected_multimodality","no_detected_multimodality","no_detected_multimodality","no_detected_multimodality",TRUE,"stable_across_1000_2000_5000_events"
"inflect_ward_k44",25,"CD14","no_detected_multimodality","no_detected_multimodality","no_detected_multimodality","no_detected_multimodality",TRUE,"stable_across_1000_2000_5000_events"
"inflect_ward_k44",25,"CD161","ambiguous","ambiguous","detected_multimodality","ambiguous",FALSE,"base_evidence_ambiguous"
"inflect_ward_k44",25,"CD27","detected_multimodality","detected_multimodality","detected_multimodality","detected_multimodality",TRUE,"stable_across_1000_2000_5000_events"
"inflect_ward_k44",25,"CD303_TCRvd2","detected_multimodality","detected_multimodality","detected_multimodality","detected_multimodality",TRUE,"stable_across_1000_2000_5000_events"
"inflect_ward_k44",25,"CD56","no_detected_multimodality","no_detected_multimodality","no_detected_multimodality","no_detected_multimodality",TRUE,"stable_across_1000_2000_5000_events"
"inflect_ward_k44",25,"CD57","detected_multimodality","ambiguous","detected_multimodality","ambiguous",FALSE,"sample_size_instability"
"inflect_ward_k44",25,"TCRgd_CD141","detected_multimodality","detected_multimodality","detected_multimodality","detected_multimodality",TRUE,"stable_across_1000_2000_5000_events"
"inflect_ward_k44",26,"CD159c_NKG2C","ambiguous","ambiguous","ambiguous","ambiguous",TRUE,"base_evidence_ambiguous"
"inflect_ward_k44",26,"CD16","ambiguous","no_detected_multimodality","ambiguous","ambiguous",FALSE,"base_evidence_ambiguous"
"inflect_ward_k44",26,"CD27","no_detected_multimodality","no_detected_multimodality","no_detected_multimodality","no_detected_multimodality",TRUE,"stable_across_1000_2000_5000_events"
"inflect_ward_k44",26,"CD3","no_detected_multimodality","no_detected_multimodality","ambiguous","ambiguous",FALSE,"sample_size_instability"
"inflect_ward_k44",26,"CD56","ambiguous","ambiguous","detected_multimodality","ambiguous",FALSE,"base_evidence_ambiguous"
"inflect_ward_k44",26,"CD57","detected_multimodality","detected_multimodality","detected_multimodality","detected_multimodality",TRUE,"stable_across_1000_2000_5000_events"
"inflect_ward_k44",26,"CD7","no_detected_multimodality","no_detected_multimodality","no_detected_multimodality","no_detected_multimodality",TRUE,"stable_across_1000_2000_5000_events"
"inflect_ward_k44",26,"Tbet","no_detected_multimodality","no_detected_multimodality","no_detected_multimodality","no_detected_multimodality",TRUE,"stable_across_1000_2000_5000_events"
"inflect_ward_k44",27,"CD11c","no_detected_multimodality","no_detected_multimodality","ambiguous","ambiguous",FALSE,"sample_size_instability"
"inflect_ward_k44",27,"CD127","ambiguous","ambiguous","ambiguous","ambiguous",TRUE,"base_evidence_ambiguous"
"inflect_ward_k44",27,"CD14","ambiguous","ambiguous","detected_multimodality","ambiguous",FALSE,"base_evidence_ambiguous"
"inflect_ward_k44",27,"CD159c_NKG2C","no_detected_multimodality","no_detected_multimodality","no_detected_multimodality","no_detected_multimodality",TRUE,"stable_across_1000_2000_5000_events"
"inflect_ward_k44",27,"CD16","ambiguous","no_detected_multimodality","no_detected_multimodality","ambiguous",FALSE,"base_evidence_ambiguous"
"inflect_ward_k44",27,"CD161","ambiguous","no_detected_multimodality","detected_multimodality","ambiguous",FALSE,"base_evidence_ambiguous"
"inflect_ward_k44",27,"CD185_CXCR5","ambiguous","ambiguous","detected_multimodality","ambiguous",FALSE,"base_evidence_ambiguous"
"inflect_ward_k44",27,"CD1c","ambiguous","no_detected_multimodality","ambiguous","ambiguous",FALSE,"base_evidence_ambiguous"
"inflect_ward_k44",27,"CD38","detected_multimodality","detected_multimodality","detected_multimodality","detected_multimodality",TRUE,"stable_across_1000_2000_5000_events"
"inflect_ward_k44",27,"CD4","no_detected_multimodality","no_detected_multimodality","no_detected_multimodality","no_detected_multimodality",TRUE,"stable_across_1000_2000_5000_events"
"inflect_ward_k44",27,"CD7","ambiguous","no_detected_multimodality","detected_multimodality","ambiguous",FALSE,"base_evidence_ambiguous"
"inflect_ward_k44",27,"CD8","no_detected_multimodality","no_detected_multimodality","no_detected_multimodality","no_detected_multimodality",TRUE,"stable_across_1000_2000_5000_events"
"inflect_ward_k44",27,"Tbet","detected_multimodality","detected_multimodality","detected_multimodality","detected_multimodality",TRUE,"stable_across_1000_2000_5000_events"
"inflect_ward_k44",27,"TCRgd_CD141","no_detected_multimodality","no_detected_multimodality","no_detected_multimodality","no_detected_multimodality",TRUE,"stable_across_1000_2000_5000_events"
"inflect_ward_k44",28,"CD161","ambiguous","ambiguous","detected_multimodality","ambiguous",FALSE,"base_evidence_ambiguous"
"inflect_ward_k44",28,"CD25","no_detected_multimodality","no_detected_multimodality","no_detected_multimodality","no_detected_multimodality",TRUE,"stable_across_1000_2000_5000_events"
"inflect_ward_k44",28,"CD27","detected_multimodality","detected_multimodality","detected_multimodality","detected_multimodality",TRUE,"stable_across_1000_2000_5000_events"
"inflect_ward_k44",28,"CD38","no_detected_multimodality","no_detected_multimodality","no_detected_multimodality","no_detected_multimodality",TRUE,"stable_across_1000_2000_5000_events"
"inflect_ward_k44",28,"CD4","no_detected_multimodality","no_detected_multimodality","no_detected_multimodality","no_detected_multimodality",TRUE,"stable_across_1000_2000_5000_events"
"inflect_ward_k44",28,"CD57","no_detected_multimodality","no_detected_multimodality","no_detected_multimodality","no_detected_multimodality",TRUE,"stable_across_1000_2000_5000_events"
"inflect_ward_k44",28,"HLA-DR","no_detected_multimodality","no_detected_multimodality","no_detected_multimodality","no_detected_multimodality",TRUE,"stable_across_1000_2000_5000_events"
"inflect_ward_k44",29,"CD11c","no_detected_multimodality","ambiguous","no_detected_multimodality","ambiguous",FALSE,"sample_size_instability"
"inflect_ward_k44",29,"CD3","detected_multimodality","detected_multimodality","detected_multimodality","detected_multimodality",TRUE,"stable_across_1000_2000_5000_events"
"inflect_ward_k44",29,"CD303_TCRvd2","ambiguous","ambiguous","detected_multimodality","ambiguous",FALSE,"base_evidence_ambiguous"
"inflect_ward_k44",29,"CD45RA","ambiguous","no_detected_multimodality","ambiguous","ambiguous",FALSE,"base_evidence_ambiguous"
"inflect_ward_k44",29,"CD57","detected_multimodality","detected_multimodality","detected_multimodality","detected_multimodality",TRUE,"stable_across_1000_2000_5000_events"
"inflect_ward_k44",30,"CD127","no_detected_multimodality","no_detected_multimodality","no_detected_multimodality","no_detected_multimodality",TRUE,"stable_across_1000_2000_5000_events"
"inflect_ward_k44",30,"CD197_CCR7","ambiguous","no_detected_multimodality","ambiguous","ambiguous",FALSE,"base_evidence_ambiguous"
"inflect_ward_k44",30,"CD27","detected_multimodality","detected_multimodality","detected_multimodality","detected_multimodality",TRUE,"stable_across_1000_2000_5000_events"
"inflect_ward_k44",30,"CD3","ambiguous","no_detected_multimodality","detected_multimodality","ambiguous",FALSE,"base_evidence_ambiguous"
"inflect_ward_k44",30,"CD303_TCRvd2","ambiguous","ambiguous","detected_multimodality","ambiguous",FALSE,"base_evidence_ambiguous"
"inflect_ward_k44",30,"CD45RA","detected_multimodality","detected_multimodality","detected_multimodality","detected_multimodality",TRUE,"stable_across_1000_2000_5000_events"
"inflect_ward_k44",30,"HLA-DR","no_detected_multimodality","no_detected_multimodality","no_detected_multimodality","no_detected_multimodality",TRUE,"stable_across_1000_2000_5000_events"
"inflect_ward_k44",30,"Tbet","detected_multimodality","detected_multimodality","detected_multimodality","detected_multimodality",TRUE,"stable_across_1000_2000_5000_events"
"inflect_ward_k44",31,"CD127","ambiguous","ambiguous","detected_multimodality","ambiguous",FALSE,"base_evidence_ambiguous"
"inflect_ward_k44",31,"CD16","detected_multimodality","detected_multimodality","detected_multimodality","detected_multimodality",TRUE,"stable_across_1000_2000_5000_events"
"inflect_ward_k44",31,"CD1c","no_detected_multimodality","no_detected_multimodality","no_detected_multimodality","no_detected_multimodality",TRUE,"stable_across_1000_2000_5000_events"
"inflect_ward_k44",31,"CD21","no_detected_multimodality","no_detected_multimodality","no_detected_multimodality","no_detected_multimodality",TRUE,"stable_across_1000_2000_5000_events"
"inflect_ward_k44",31,"CD27","detected_multimodality","detected_multimodality","detected_multimodality","detected_multimodality",TRUE,"stable_across_1000_2000_5000_events"
"inflect_ward_k44",31,"CD294_CRTH2","no_detected_multimodality","no_detected_multimodality","no_detected_multimodality","no_detected_multimodality",TRUE,"stable_across_1000_2000_5000_events"
"inflect_ward_k44",31,"CD3","ambiguous","no_detected_multimodality","ambiguous","ambiguous",FALSE,"base_evidence_ambiguous"
"inflect_ward_k44",31,"CD45RA","detected_multimodality","detected_multimodality","detected_multimodality","detected_multimodality",TRUE,"stable_across_1000_2000_5000_events"
"inflect_ward_k44",31,"CD56","detected_multimodality","ambiguous","detected_multimodality","ambiguous",FALSE,"sample_size_instability"
"inflect_ward_k44",31,"CD57","ambiguous","ambiguous","ambiguous","ambiguous",TRUE,"base_evidence_ambiguous"
"inflect_ward_k44",31,"Tbet","detected_multimodality","detected_multimodality","detected_multimodality","detected_multimodality",TRUE,"stable_across_1000_2000_5000_events"
"inflect_ward_k44",32,"CD185_CXCR5","detected_multimodality","detected_multimodality","detected_multimodality","detected_multimodality",TRUE,"stable_across_1000_2000_5000_events"
"inflect_ward_k44",32,"CD19","ambiguous","ambiguous","detected_multimodality","ambiguous",FALSE,"base_evidence_ambiguous"
"inflect_ward_k44",32,"CD21","detected_multimodality","detected_multimodality","detected_multimodality","detected_multimodality",TRUE,"stable_across_1000_2000_5000_events"
"inflect_ward_k44",32,"CD25","no_detected_multimodality","no_detected_multimodality","no_detected_multimodality","no_detected_multimodality",TRUE,"stable_across_1000_2000_5000_events"
"inflect_ward_k44",32,"CD38","no_detected_multimodality","no_detected_multimodality","ambiguous","ambiguous",FALSE,"sample_size_instability"
"inflect_ward_k44",32,"CD57","no_detected_multimodality","no_detected_multimodality","no_detected_multimodality","no_detected_multimodality",TRUE,"stable_across_1000_2000_5000_events"
"inflect_ward_k44",32,"CD7","no_detected_multimodality","no_detected_multimodality","ambiguous","ambiguous",FALSE,"sample_size_instability"
"inflect_ward_k44",33,"CD127","ambiguous","no_detected_multimodality","ambiguous","ambiguous",FALSE,"base_evidence_ambiguous"
"inflect_ward_k44",33,"CD14","no_detected_multimodality","no_detected_multimodality","no_detected_multimodality","no_detected_multimodality",TRUE,"stable_across_1000_2000_5000_events"
"inflect_ward_k44",33,"CD19","no_detected_multimodality","no_detected_multimodality","no_detected_multimodality","no_detected_multimodality",TRUE,"stable_across_1000_2000_5000_events"
"inflect_ward_k44",33,"CD197_CCR7","detected_multimodality","detected_multimodality","detected_multimodality","detected_multimodality",TRUE,"stable_across_1000_2000_5000_events"
"inflect_ward_k44",33,"CD45RA","detected_multimodality","detected_multimodality","detected_multimodality","detected_multimodality",TRUE,"stable_across_1000_2000_5000_events"
"inflect_ward_k44",33,"CD56","no_detected_multimodality","no_detected_multimodality","no_detected_multimodality","no_detected_multimodality",TRUE,"stable_across_1000_2000_5000_events"
"inflect_ward_k44",33,"CD8","no_detected_multimodality","no_detected_multimodality","no_detected_multimodality","no_detected_multimodality",TRUE,"stable_across_1000_2000_5000_events"
"inflect_ward_k44",33,"FoxP3","no_detected_multimodality","no_detected_multimodality","no_detected_multimodality","no_detected_multimodality",TRUE,"stable_across_1000_2000_5000_events"
"inflect_ward_k44",33,"TCRgd_CD141","ambiguous","ambiguous","ambiguous","ambiguous",TRUE,"base_evidence_ambiguous"
"inflect_ward_k44",34,"CD11c","ambiguous","no_detected_multimodality","ambiguous","ambiguous",FALSE,"base_evidence_ambiguous"
"inflect_ward_k44",34,"CD27","ambiguous","no_detected_multimodality","ambiguous","ambiguous",FALSE,"base_evidence_ambiguous"
"inflect_ward_k44",35,"CD161","detected_multimodality","ambiguous","detected_multimodality","ambiguous",FALSE,"sample_size_instability"
"inflect_ward_k44",35,"CD19","ambiguous","no_detected_multimodality","no_detected_multimodality","ambiguous",FALSE,"base_evidence_ambiguous"
"inflect_ward_k44",35,"CD27","detected_multimodality","detected_multimodality","detected_multimodality","detected_multimodality",TRUE,"stable_across_1000_2000_5000_events"
"inflect_ward_k44",35,"CD7","ambiguous","no_detected_multimodality","ambiguous","ambiguous",FALSE,"base_evidence_ambiguous"
"inflect_ward_k44",36,"CD11c","ambiguous","no_detected_multimodality","ambiguous","ambiguous",FALSE,"base_evidence_ambiguous"
"inflect_ward_k44",36,"CD14","detected_multimodality","detected_multimodality","detected_multimodality","detected_multimodality",TRUE,"stable_across_1000_2000_5000_events"
"inflect_ward_k44",36,"CD1c","detected_multimodality","ambiguous","detected_multimodality","ambiguous",FALSE,"sample_size_instability"
"inflect_ward_k44",36,"CD45RA","no_detected_multimodality","no_detected_multimodality","no_detected_multimodality","no_detected_multimodality",TRUE,"stable_across_1000_2000_5000_events"
"inflect_ward_k44",36,"HLA-DR","detected_multimodality","detected_multimodality","detected_multimodality","detected_multimodality",TRUE,"stable_across_1000_2000_5000_events"
"inflect_ward_k44",36,"TCRgd_CD141","detected_multimodality","detected_multimodality","detected_multimodality","detected_multimodality",TRUE,"stable_across_1000_2000_5000_events"
"inflect_ward_k44",37,"CD3","no_detected_multimodality","no_detected_multimodality","no_detected_multimodality","no_detected_multimodality",TRUE,"stable_across_1000_2000_5000_events"
"inflect_ward_k44",38,"CD11c","detected_multimodality","detected_multimodality","detected_multimodality","detected_multimodality",TRUE,"stable_across_1000_2000_5000_events"
"inflect_ward_k44",38,"CD127","ambiguous","ambiguous","no_detected_multimodality","ambiguous",FALSE,"base_evidence_ambiguous"
"inflect_ward_k44",38,"CD14","detected_multimodality","detected_multimodality","detected_multimodality","detected_multimodality",TRUE,"stable_across_1000_2000_5000_events"
"inflect_ward_k44",38,"CD197_CCR7","no_detected_multimodality","no_detected_multimodality","no_detected_multimodality","no_detected_multimodality",TRUE,"stable_across_1000_2000_5000_events"
"inflect_ward_k44",38,"CD1c","detected_multimodality","ambiguous","detected_multimodality","ambiguous",FALSE,"sample_size_instability"
"inflect_ward_k44",38,"CD27","no_detected_multimodality","no_detected_multimodality","no_detected_multimodality","no_detected_multimodality",TRUE,"stable_across_1000_2000_5000_events"
"inflect_ward_k44",38,"CD3","no_detected_multimodality","no_detected_multimodality","no_detected_multimodality","no_detected_multimodality",TRUE,"stable_across_1000_2000_5000_events"
"inflect_ward_k44",38,"CD303_TCRvd2","detected_multimodality","detected_multimodality","detected_multimodality","detected_multimodality",TRUE,"stable_across_1000_2000_5000_events"
"inflect_ward_k44",38,"CD4","ambiguous","ambiguous","ambiguous","ambiguous",TRUE,"base_evidence_ambiguous"
"inflect_ward_k44",38,"CD45RA","ambiguous","ambiguous","ambiguous","ambiguous",TRUE,"base_evidence_ambiguous"
"inflect_ward_k44",38,"HLA-DR","ambiguous","no_detected_multimodality","detected_multimodality","ambiguous",FALSE,"base_evidence_ambiguous"
"inflect_ward_k44",38,"Tbet","no_detected_multimodality","no_detected_multimodality","no_detected_multimodality","no_detected_multimodality",TRUE,"stable_across_1000_2000_5000_events"
"inflect_ward_k44",38,"TCRgd_CD141","ambiguous","ambiguous","detected_multimodality","ambiguous",FALSE,"base_evidence_ambiguous"
"inflect_ward_k44",39,"CD4","no_detected_multimodality","no_detected_multimodality","no_detected_multimodality","no_detected_multimodality",TRUE,"stable_across_1000_2000_5000_events"
"inflect_ward_k44",40,"CD11c","no_detected_multimodality","no_detected_multimodality","no_detected_multimodality","no_detected_multimodality",TRUE,"stable_across_1000_2000_5000_events"
"inflect_ward_k44",40,"CD197_CCR7","detected_multimodality","detected_multimodality","detected_multimodality","detected_multimodality",TRUE,"stable_across_1000_2000_5000_events"
"inflect_ward_k44",40,"CD27","detected_multimodality","detected_multimodality","detected_multimodality","detected_multimodality",TRUE,"stable_across_1000_2000_5000_events"
"inflect_ward_k44",40,"CD294_CRTH2","no_detected_multimodality","no_detected_multimodality","no_detected_multimodality","no_detected_multimodality",TRUE,"stable_across_1000_2000_5000_events"
"inflect_ward_k44",40,"CD45RA","ambiguous","ambiguous","detected_multimodality","ambiguous",FALSE,"base_evidence_ambiguous"
"inflect_ward_k44",40,"CD7","detected_multimodality","ambiguous","detected_multimodality","ambiguous",FALSE,"sample_size_instability"
"inflect_ward_k44",40,"TCRgd_CD141","no_detected_multimodality","no_detected_multimodality","no_detected_multimodality","no_detected_multimodality",TRUE,"stable_across_1000_2000_5000_events"
"inflect_ward_k44",41,"CD161","no_detected_multimodality","no_detected_multimodality","no_detected_multimodality","no_detected_multimodality",TRUE,"stable_across_1000_2000_5000_events"
"inflect_ward_k44",41,"CD25","ambiguous","ambiguous","detected_multimodality","ambiguous",FALSE,"base_evidence_ambiguous"
"inflect_ward_k44",41,"FoxP3","detected_multimodality","ambiguous","detected_multimodality","ambiguous",FALSE,"sample_size_instability"
"inflect_ward_k44",43,"CD185_CXCR5","no_detected_multimodality","no_detected_multimodality","no_detected_multimodality","no_detected_multimodality",TRUE,"stable_across_1000_2000_5000_events"
"inflect_ward_k44",43,"CD45RA","no_detected_multimodality","no_detected_multimodality","no_detected_multimodality","no_detected_multimodality",TRUE,"stable_across_1000_2000_5000_events"
"inflect_ward_k44",44,"CD127","ambiguous","no_detected_multimodality","ambiguous","ambiguous",FALSE,"base_evidence_ambiguous"
"inflect_ward_k44",44,"CD197_CCR7","ambiguous","ambiguous","ambiguous","ambiguous",TRUE,"base_evidence_ambiguous"
"inflect_ward_k44",44,"CD3","no_detected_multimodality","no_detected_multimodality","ambiguous","ambiguous",FALSE,"sample_size_instability"
