"solution_id","cluster","cluster_events","marker","requested_sample_size","status","reason","valid_seeds","both_reject_seeds","dip_reject_seeds","acr_reject_seeds","min_dip_q","min_acr_q"
"inflect_ward_k27",1,1026945,"CD11c",1000,"detected_multimodality","both tests reject in at least two seeds",3,3,3,3,0.000195468223869455,0
"inflect_ward_k27",1,1026945,"CD11c",5000,"detected_multimodality","both tests reject in at least two seeds",3,3,3,3,0,0
"inflect_ward_k27",1,1026945,"CD127",1000,"no_detected_multimodality","neither test rejects in any seed",3,0,0,0,1,0.921302756641479
"inflect_ward_k27",1,1026945,"CD127",5000,"no_detected_multimodality","neither test rejects in any seed",3,0,0,0,1,0.341824758533113
"inflect_ward_k27",1,1026945,"CD14",1000,"no_detected_multimodality","neither test rejects in any seed",3,0,0,0,1,0.921302756641479
"inflect_ward_k27",1,1026945,"CD14",5000,"no_detected_multimodality","neither test rejects in any seed",3,0,0,0,1,0.977488744372186
"inflect_ward_k27",1,1026945,"CD159c_NKG2C",1000,"no_detected_multimodality","neither test rejects in any seed",3,0,0,0,1,0.504814907453727
"inflect_ward_k27",1,1026945,"CD159c_NKG2C",5000,"no_detected_multimodality","neither test rejects in any seed",3,0,0,0,1,0.235754240756742
"inflect_ward_k27",1,1026945,"CD161",1000,"detected_multimodality","both tests reject in at least two seeds",3,3,3,3,0,0
"inflect_ward_k27",1,1026945,"CD161",5000,"detected_multimodality","both tests reject in at least two seeds",3,3,3,3,0,0
"inflect_ward_k27",1,1026945,"CD19",1000,"no_detected_multimodality","neither test rejects in any seed",3,0,0,0,1,0.238619309654827
"inflect_ward_k27",1,1026945,"CD19",5000,"no_detected_multimodality","neither test rejects in any seed",3,0,0,0,1,0.453826913456728
"inflect_ward_k27",1,1026945,"CD294_CRTH2",1000,"no_detected_multimodality","neither test rejects in any seed",3,0,0,0,1,0.334967483741871
"inflect_ward_k27",1,1026945,"CD294_CRTH2",5000,"no_detected_multimodality","neither test rejects in any seed",3,0,0,0,1,0.885255127563782
"inflect_ward_k27",1,1026945,"CD38",1000,"no_detected_multimodality","neither test rejects in any seed",3,0,0,0,1,0.667619524047738
"inflect_ward_k27",1,1026945,"CD38",5000,"no_detected_multimodality","neither test rejects in any seed",3,0,0,0,1,0.554815869473198
"inflect_ward_k27",1,1026945,"CD56",1000,"no_detected_multimodality","neither test rejects in any seed",3,0,0,0,1,0.897448724362181
"inflect_ward_k27",1,1026945,"CD56",5000,"no_detected_multimodality","neither test rejects in any seed",3,0,0,0,1,0.1375233071081
"inflect_ward_k27",1,1026945,"CD57",1000,"ambiguous","discordant_tests;seed_instability",3,0,0,1,1,0
"inflect_ward_k27",1,1026945,"CD57",5000,"ambiguous","discordant_tests;seed_instability",3,0,0,2,1,0
"inflect_ward_k27",2,740677,"CD11c",1000,"no_detected_multimodality","neither test rejects in any seed",3,0,0,0,1,0.626713356678339
"inflect_ward_k27",2,740677,"CD11c",5000,"ambiguous","discordant_tests;seed_instability",3,0,0,1,1,0.0438969484742371
"inflect_ward_k27",2,740677,"CD185_CXCR5",1000,"no_detected_multimodality","neither test rejects in any seed",3,0,0,0,1,0.994997498749375
"inflect_ward_k27",2,740677,"CD185_CXCR5",5000,"no_detected_multimodality","neither test rejects in any seed",3,0,0,0,1,0.884692346173087
"inflect_ward_k27",2,740677,"CD197_CCR7",1000,"no_detected_multimodality","neither test rejects in any seed",3,0,0,0,1,0.994997498749375
"inflect_ward_k27",2,740677,"CD197_CCR7",5000,"ambiguous","discordant_tests;seed_instability",3,0,0,2,1,0.0135067533766883
"inflect_ward_k27",2,740677,"CD57",1000,"detected_multimodality","both tests reject in at least two seeds",3,3,3,3,0,0
"inflect_ward_k27",2,740677,"CD57",5000,"detected_multimodality","both tests reject in at least two seeds",3,3,3,3,0,0
"inflect_ward_k27",2,740677,"Tbet",1000,"no_detected_multimodality","neither test rejects in any seed",3,0,0,0,1,0.994997498749375
"inflect_ward_k27",2,740677,"Tbet",5000,"no_detected_multimodality","neither test rejects in any seed",3,0,0,0,1,0.511755877938969
"inflect_ward_k27",3,374114,"CD11c",1000,"ambiguous","discordant_tests;seed_instability",3,0,0,1,0.58303458940041,0.0202601300650325
"inflect_ward_k27",3,374114,"CD11c",5000,"ambiguous","discordant_tests;seed_instability",3,0,0,2,0.323319041419062,0
"inflect_ward_k27",3,374114,"CD159c_NKG2C",1000,"ambiguous","discordant_tests;seed_instability;borderline_q",3,0,0,1,1,0.032416208104052
"inflect_ward_k27",3,374114,"CD159c_NKG2C",5000,"detected_multimodality","both tests reject in at least two seeds",3,3,3,3,0.00111356294788675,0
"inflect_ward_k27",3,374114,"CD16",1000,"detected_multimodality","both tests reject in at least two seeds",3,3,3,3,0,0
"inflect_ward_k27",3,374114,"CD16",5000,"detected_multimodality","both tests reject in at least two seeds",3,3,3,3,0,0
"inflect_ward_k27",3,374114,"CD197_CCR7",1000,"no_detected_multimodality","neither test rejects in any seed",3,0,0,0,1,0.586418209104552
"inflect_ward_k27",3,374114,"CD197_CCR7",5000,"no_detected_multimodality","neither test rejects in any seed",3,0,0,0,1,0.944472236118059
"inflect_ward_k27",3,374114,"CD1c",1000,"no_detected_multimodality","neither test rejects in any seed",3,0,0,0,1,0.31335667833917
"inflect_ward_k27",3,374114,"CD1c",5000,"no_detected_multimodality","neither test rejects in any seed",3,0,0,0,1,0.642414957478739
"inflect_ward_k27",3,374114,"CD21",1000,"no_detected_multimodality","neither test rejects in any seed",3,0,0,0,1,0.991495747873937
"inflect_ward_k27",3,374114,"CD21",5000,"no_detected_multimodality","neither test rejects in any seed",3,0,0,0,1,0.455852926463232
"inflect_ward_k27",3,374114,"CD294_CRTH2",1000,"no_detected_multimodality","neither test rejects in any seed",3,0,0,0,1,0.586418209104552
"inflect_ward_k27",3,374114,"CD294_CRTH2",5000,"no_detected_multimodality","neither test rejects in any seed",3,0,0,0,1,0.753200129476503
"inflect_ward_k27",3,374114,"CD3",1000,"detected_multimodality","both tests reject in at least two seeds",3,3,3,3,0,0
"inflect_ward_k27",3,374114,"CD3",5000,"detected_multimodality","both tests reject in at least two seeds",3,3,3,3,0,0
"inflect_ward_k27",3,374114,"CD303_TCRvd2",1000,"no_detected_multimodality","neither test rejects in any seed",3,0,0,0,1,0.586418209104552
"inflect_ward_k27",3,374114,"CD303_TCRvd2",5000,"no_detected_multimodality","neither test rejects in any seed",3,0,0,0,1,0.543271635817909
"inflect_ward_k27",3,374114,"CD38",1000,"no_detected_multimodality","neither test rejects in any seed",3,0,0,0,1,0.707912779919371
"inflect_ward_k27",3,374114,"CD38",5000,"ambiguous","discordant_tests;seed_instability",3,0,0,2,0.758463525745637,0
"inflect_ward_k27",3,374114,"CD56",1000,"ambiguous","borderline_q",3,0,0,0,1,0.0945472736368184
"inflect_ward_k27",3,374114,"CD56",5000,"ambiguous","discordant_tests;seed_instability",3,1,1,3,0.0216563273945311,0
"inflect_ward_k27",3,374114,"CD57",1000,"detected_multimodality","both tests reject in at least two seeds",3,3,3,3,0,0
"inflect_ward_k27",3,374114,"CD57",5000,"detected_multimodality","both tests reject in at least two seeds",3,3,3,3,0,0
"inflect_ward_k27",3,374114,"CD7",1000,"no_detected_multimodality","neither test rejects in any seed",3,0,0,0,1,0.275923676123776
"inflect_ward_k27",3,374114,"CD7",5000,"no_detected_multimodality","neither test rejects in any seed",3,0,0,0,1,0.609733438147645
"inflect_ward_k27",4,510865,"CD11c",1000,"detected_multimodality","both tests reject in at least two seeds",3,2,2,3,0,0
"inflect_ward_k27",4,510865,"CD11c",5000,"detected_multimodality","both tests reject in at least two seeds",3,3,3,3,0,0
"inflect_ward_k27",4,510865,"CD16",1000,"ambiguous","borderline_q",3,0,0,0,0.998178092399269,0.0945472736368184
"inflect_ward_k27",4,510865,"CD16",5000,"no_detected_multimodality","neither test rejects in any seed",3,0,0,0,1,0.553776888444222
"inflect_ward_k27",4,510865,"CD185_CXCR5",1000,"no_detected_multimodality","neither test rejects in any seed",3,0,0,0,0.998178092399269,0.827548389579405
"inflect_ward_k27",4,510865,"CD185_CXCR5",5000,"no_detected_multimodality","neither test rejects in any seed",3,0,0,0,1,0.945472736368184
"inflect_ward_k27",4,510865,"CD25",1000,"no_detected_multimodality","neither test rejects in any seed",3,0,0,0,0.998178092399269,0.556309404702351
"inflect_ward_k27",4,510865,"CD25",5000,"no_detected_multimodality","neither test rejects in any seed",3,0,0,0,1,0.814457228614307
"inflect_ward_k27",4,510865,"CD3",1000,"detected_multimodality","both tests reject in at least two seeds",3,3,3,3,0,0
"inflect_ward_k27",4,510865,"CD3",5000,"detected_multimodality","both tests reject in at least two seeds",3,3,3,3,0,0
"inflect_ward_k27",4,510865,"CD45RA",1000,"no_detected_multimodality","neither test rejects in any seed",3,0,0,0,0.998178092399269,0.56728364182091
"inflect_ward_k27",4,510865,"CD45RA",5000,"no_detected_multimodality","neither test rejects in any seed",3,0,0,0,1,0.666654755949403
"inflect_ward_k27",4,510865,"CD56",1000,"detected_multimodality","both tests reject in at least two seeds",3,2,2,3,0.00463970818823692,0
"inflect_ward_k27",4,510865,"CD56",5000,"detected_multimodality","both tests reject in at least two seeds",3,3,3,3,0,0
"inflect_ward_k27",4,510865,"CD57",1000,"detected_multimodality","both tests reject in at least two seeds",3,2,2,3,0.0011972072760088,0
"inflect_ward_k27",4,510865,"CD57",5000,"detected_multimodality","both tests reject in at least two seeds",3,3,3,3,0.000190752995951587,0
"inflect_ward_k27",4,510865,"FoxP3",1000,"no_detected_multimodality","neither test rejects in any seed",3,0,0,0,0.998178092399269,0.827548389579405
"inflect_ward_k27",4,510865,"FoxP3",5000,"no_detected_multimodality","neither test rejects in any seed",3,0,0,0,1,0.961140570285143
"inflect_ward_k27",4,510865,"TCRgd_CD141",1000,"no_detected_multimodality","neither test rejects in any seed",3,0,0,0,0.998178092399269,0.556309404702351
"inflect_ward_k27",4,510865,"TCRgd_CD141",5000,"no_detected_multimodality","neither test rejects in any seed",3,0,0,0,1,0.883566783391696
"inflect_ward_k27",5,364460,"CD11c",1000,"detected_multimodality","both tests reject in at least two seeds",3,2,2,3,0.000808837441374943,0
"inflect_ward_k27",5,364460,"CD11c",5000,"detected_multimodality","both tests reject in at least two seeds",3,3,3,3,0,0
"inflect_ward_k27",5,364460,"CD159c_NKG2C",1000,"no_detected_multimodality","neither test rejects in any seed",3,0,0,0,0.999743966430485,0.150825412706353
"inflect_ward_k27",5,364460,"CD159c_NKG2C",5000,"no_detected_multimodality","neither test rejects in any seed",3,0,0,0,1,0.715295147573787
"inflect_ward_k27",5,364460,"CD161",1000,"ambiguous","discordant_tests",3,0,0,3,0.105732234019064,0
"inflect_ward_k27",5,364460,"CD161",5000,"detected_multimodality","both tests reject in at least two seeds",3,3,3,3,0.000174676294199483,0
"inflect_ward_k27",5,364460,"CD294_CRTH2",1000,"ambiguous","discordant_tests;seed_instability",3,0,0,1,0.999743966430485,0.0371435717858929
"inflect_ward_k27",5,364460,"CD294_CRTH2",5000,"no_detected_multimodality","neither test rejects in any seed",3,0,0,0,1,0.187165011076967
"inflect_ward_k27",5,364460,"CD3",1000,"no_detected_multimodality","neither test rejects in any seed",3,0,0,0,0.999743966430485,0.150825412706353
"inflect_ward_k27",5,364460,"CD3",5000,"detected_multimodality","both tests reject in at least two seeds",3,3,3,3,0.00321693063178302,0
"inflect_ward_k27",5,364460,"CD4",1000,"no_detected_multimodality","neither test rejects in any seed",3,0,0,0,0.999743966430485,0.974487243621811
"inflect_ward_k27",5,364460,"CD4",5000,"no_detected_multimodality","neither test rejects in any seed",3,0,0,0,1,0.38064486788849
"inflect_ward_k27",5,364460,"CD45RA",1000,"no_detected_multimodality","neither test rejects in any seed",3,0,0,0,0.999743966430485,0.469734867433717
"inflect_ward_k27",5,364460,"CD45RA",5000,"no_detected_multimodality","neither test rejects in any seed",3,0,0,0,1,0.258316658329165
"inflect_ward_k27",5,364460,"CD56",1000,"ambiguous","discordant_tests;seed_instability;borderline_q",3,0,0,1,0.999743966430485,0.0371435717858929
"inflect_ward_k27",5,364460,"CD56",5000,"detected_multimodality","both tests reject in at least two seeds",3,2,2,3,0.00231753278259733,0
"inflect_ward_k27",5,364460,"CD57",1000,"ambiguous","discordant_tests;seed_instability",3,0,0,1,0.269751075656861,0
"inflect_ward_k27",5,364460,"CD57",5000,"ambiguous","discordant_tests;seed_instability;borderline_q",3,1,1,3,0.0351051342137723,0
"inflect_ward_k27",5,364460,"CD8",1000,"no_detected_multimodality","neither test rejects in any seed",3,0,0,0,0.999743966430485,0.974487243621811
"inflect_ward_k27",5,364460,"CD8",5000,"no_detected_multimodality","neither test rejects in any seed",3,0,0,0,1,0.936968484242121
"inflect_ward_k27",5,364460,"TCRgd_CD141",1000,"no_detected_multimodality","neither test rejects in any seed",3,0,0,0,0.999743966430485,0.443471735867934
"inflect_ward_k27",5,364460,"TCRgd_CD141",5000,"no_detected_multimodality","neither test rejects in any seed",3,0,0,0,1,0.667619524047738
"inflect_ward_k27",6,408648,"CD11c",1000,"no_detected_multimodality","neither test rejects in any seed",3,0,0,0,0.998440256728925,0.564282141070535
"inflect_ward_k27",6,408648,"CD11c",5000,"no_detected_multimodality","neither test rejects in any seed",3,0,0,0,1,0.105352676338169
"inflect_ward_k27",6,408648,"CD159c_NKG2C",1000,"no_detected_multimodality","neither test rejects in any seed",3,0,0,0,0.998440256728925,0.246498249124562
"inflect_ward_k27",6,408648,"CD159c_NKG2C",5000,"ambiguous","discordant_tests;seed_instability",3,1,1,3,0.00755606255815974,0
"inflect_ward_k27",6,408648,"CD16",1000,"detected_multimodality","both tests reject in at least two seeds",3,3,3,3,0,0
"inflect_ward_k27",6,408648,"CD16",5000,"detected_multimodality","both tests reject in at least two seeds",3,3,3,3,0,0
"inflect_ward_k27",6,408648,"CD27",1000,"no_detected_multimodality","neither test rejects in any seed",3,0,0,0,0.998440256728925,0.459229614807404
"inflect_ward_k27",6,408648,"CD27",5000,"no_detected_multimodality","neither test rejects in any seed",3,0,0,0,1,0.913173978293495
"inflect_ward_k27",6,408648,"CD3",1000,"detected_multimodality","both tests reject in at least two seeds",3,3,3,3,0,0
"inflect_ward_k27",6,408648,"CD3",5000,"detected_multimodality","both tests reject in at least two seeds",3,3,3,3,0,0
"inflect_ward_k27",6,408648,"CD57",1000,"detected_multimodality","both tests reject in at least two seeds",3,3,3,3,0,0
"inflect_ward_k27",6,408648,"CD57",5000,"detected_multimodality","both tests reject in at least two seeds",3,3,3,3,0,0
"inflect_ward_k27",6,408648,"CD8",1000,"ambiguous","borderline_q",3,0,0,0,0.998440256728925,0.0675337668834417
"inflect_ward_k27",6,408648,"CD8",5000,"ambiguous","discordant_tests;seed_instability;borderline_q",3,0,0,1,0.519642469929453,0.00540270135067534
"inflect_ward_k27",6,408648,"Tbet",1000,"no_detected_multimodality","neither test rejects in any seed",3,0,0,0,0.998440256728925,0.559565497034231
"inflect_ward_k27",6,408648,"Tbet",5000,"no_detected_multimodality","neither test rejects in any seed",3,0,0,0,1,0.821982419781319
"inflect_ward_k27",7,666506,"CD16",1000,"no_detected_multimodality","neither test rejects in any seed",3,0,0,0,0.996889748918404,0.44032016008004
"inflect_ward_k27",7,666506,"CD16",5000,"no_detected_multimodality","neither test rejects in any seed",3,0,0,0,1,0.869497248624312
"inflect_ward_k27",7,666506,"CD1c",1000,"no_detected_multimodality","neither test rejects in any seed",3,0,0,0,0.996889748918404,0.882941470735368
"inflect_ward_k27",7,666506,"CD1c",5000,"no_detected_multimodality","neither test rejects in any seed",3,0,0,0,1,0.857064896084406
"inflect_ward_k27",7,666506,"CD21",1000,"no_detected_multimodality","neither test rejects in any seed",3,0,0,0,0.996889748918404,0.16208104052026
"inflect_ward_k27",7,666506,"CD21",5000,"no_detected_multimodality","neither test rejects in any seed",3,0,0,0,1,0.621310655327664
"inflect_ward_k27",7,666506,"CD45RA",1000,"no_detected_multimodality","neither test rejects in any seed",3,0,0,0,0.996889748918404,0.216108054027013
"inflect_ward_k27",7,666506,"CD45RA",5000,"ambiguous","discordant_tests;seed_instability",3,1,1,3,0.00569345361671092,0
"inflect_ward_k27",7,666506,"CD57",1000,"no_detected_multimodality","neither test rejects in any seed",3,0,0,0,0.996889748918404,0.16208104052026
"inflect_ward_k27",7,666506,"CD57",5000,"ambiguous","discordant_tests",3,0,0,3,0.537146883567585,0
"inflect_ward_k27",8,705582,"CD11c",1000,"detected_multimodality","both tests reject in at least two seeds",3,2,2,3,0,0
"inflect_ward_k27",8,705582,"CD11c",5000,"detected_multimodality","both tests reject in at least two seeds",3,3,3,3,0,0
"inflect_ward_k27",8,705582,"CD161",1000,"ambiguous","discordant_tests;seed_instability;borderline_q",3,1,1,3,0.0279701759781564,0
"inflect_ward_k27",8,705582,"CD161",5000,"detected_multimodality","both tests reject in at least two seeds",3,3,3,3,0,0
"inflect_ward_k27",8,705582,"CD38",1000,"no_detected_multimodality","neither test rejects in any seed",3,0,0,0,0.998347374807097,0.502205648278685
"inflect_ward_k27",8,705582,"CD38",5000,"ambiguous","borderline_q",3,0,0,0,1,0.0713928392767812
"inflect_ward_k27",8,705582,"CD45RA",1000,"ambiguous","discordant_tests;seed_instability",3,0,0,1,0.998347374807097,0.0189094547273637
"inflect_ward_k27",8,705582,"CD45RA",5000,"no_detected_multimodality","neither test rejects in any seed",3,0,0,0,1,0.640445222611306
"inflect_ward_k27",8,705582,"CD56",1000,"detected_multimodality","both tests reject in at least two seeds",3,2,2,3,0,0
"inflect_ward_k27",8,705582,"CD56",5000,"detected_multimodality","both tests reject in at least two seeds",3,3,3,3,0,0
"inflect_ward_k27",8,705582,"CD57",1000,"no_detected_multimodality","neither test rejects in any seed",3,0,0,0,0.998347374807097,0.628064032016008
"inflect_ward_k27",8,705582,"CD57",5000,"ambiguous","discordant_tests;seed_instability",3,0,0,1,1,0.0247623811905953
"inflect_ward_k27",8,705582,"CD7",1000,"ambiguous","discordant_tests;seed_instability",3,0,0,1,0.39882936815858,0
"inflect_ward_k27",8,705582,"CD7",5000,"detected_multimodality","both tests reject in at least two seeds",3,3,3,3,0,0
"inflect_ward_k27",8,705582,"FoxP3",1000,"no_detected_multimodality","neither test rejects in any seed",3,0,0,0,0.998347374807097,0.943971985992996
"inflect_ward_k27",8,705582,"FoxP3",5000,"ambiguous","discordant_tests;seed_instability;borderline_q",3,1,1,3,0.0460661657619486,0
"inflect_ward_k27",8,705582,"HLA-DR",1000,"no_detected_multimodality","neither test rejects in any seed",3,0,0,0,0.998347374807097,0.865932966483242
"inflect_ward_k27",8,705582,"HLA-DR",5000,"no_detected_multimodality","neither test rejects in any seed",3,0,0,0,1,0.957478739369685
"inflect_ward_k27",9,608176,"CD1c",1000,"no_detected_multimodality","neither test rejects in any seed",3,0,0,0,0.997876394336883,0.742871435717859
"inflect_ward_k27",9,608176,"CD1c",5000,"no_detected_multimodality","neither test rejects in any seed",3,0,0,0,1,0.621310655327664
"inflect_ward_k27",9,608176,"CD3",1000,"no_detected_multimodality","neither test rejects in any seed",3,0,0,0,0.997876394336883,0.771010505252626
"inflect_ward_k27",9,608176,"CD3",5000,"no_detected_multimodality","neither test rejects in any seed",3,0,0,0,1,0.618609304652326
"inflect_ward_k27",9,608176,"CD4",1000,"no_detected_multimodality","neither test rejects in any seed",3,0,0,0,0.997876394336883,0.771010505252626
"inflect_ward_k27",9,608176,"CD4",5000,"no_detected_multimodality","neither test rejects in any seed",3,0,0,0,1,0.864432216108054
"inflect_ward_k27",9,608176,"CD57",1000,"detected_multimodality","both tests reject in at least two seeds",3,3,3,3,0,0
"inflect_ward_k27",9,608176,"CD57",5000,"detected_multimodality","both tests reject in at least two seeds",3,3,3,3,0,0
"inflect_ward_k27",9,608176,"CD7",1000,"no_detected_multimodality","neither test rejects in any seed",3,0,0,0,0.997876394336883,0.771010505252626
"inflect_ward_k27",9,608176,"CD7",5000,"no_detected_multimodality","neither test rejects in any seed",3,0,0,0,1,0.848576462144116
"inflect_ward_k27",9,608176,"CD8",1000,"no_detected_multimodality","neither test rejects in any seed",3,0,0,0,0.997876394336883,0.771010505252626
"inflect_ward_k27",9,608176,"CD8",5000,"no_detected_multimodality","neither test rejects in any seed",3,0,0,0,1,0.848576462144116
"inflect_ward_k27",10,264044,"CD11c",1000,"detected_multimodality","both tests reject in at least two seeds",3,3,3,3,0,0
"inflect_ward_k27",10,264044,"CD11c",5000,"detected_multimodality","both tests reject in at least two seeds",3,3,3,3,0,0
"inflect_ward_k27",10,264044,"CD127",1000,"no_detected_multimodality","neither test rejects in any seed",3,0,0,0,0.998503951389222,0.715857928964482
"inflect_ward_k27",10,264044,"CD127",5000,"no_detected_multimodality","neither test rejects in any seed",3,0,0,0,1,0.849639105266919
"inflect_ward_k27",10,264044,"CD14",1000,"no_detected_multimodality","neither test rejects in any seed",3,0,0,0,0.998503951389222,0.536411062674194
"inflect_ward_k27",10,264044,"CD14",5000,"ambiguous","discordant_tests;seed_instability",3,0,0,2,1,0.00168834417208604
"inflect_ward_k27",10,264044,"CD16",1000,"detected_multimodality","both tests reject in at least two seeds",3,3,3,3,0,0
"inflect_ward_k27",10,264044,"CD16",5000,"detected_multimodality","both tests reject in at least two seeds",3,3,3,3,0,0
"inflect_ward_k27",10,264044,"CD161",1000,"detected_multimodality","both tests reject in at least two seeds",3,2,2,3,7.71144377333943e-05,0
"inflect_ward_k27",10,264044,"CD161",5000,"detected_multimodality","both tests reject in at least two seeds",3,3,3,3,0,0
"inflect_ward_k27",10,264044,"CD19",1000,"no_detected_multimodality","neither test rejects in any seed",3,0,0,0,0.998503951389222,0.16208104052026
"inflect_ward_k27",10,264044,"CD19",5000,"no_detected_multimodality","neither test rejects in any seed",3,0,0,0,1,0.822625598513543
"inflect_ward_k27",10,264044,"CD197_CCR7",1000,"no_detected_multimodality","neither test rejects in any seed",3,0,0,0,0.998503951389222,0.877938969484742
"inflect_ward_k27",10,264044,"CD197_CCR7",5000,"no_detected_multimodality","neither test rejects in any seed",3,0,0,0,1,0.345547773886944
"inflect_ward_k27",10,264044,"CD294_CRTH2",1000,"no_detected_multimodality","neither test rejects in any seed",3,0,0,0,0.998503951389222,0.916770885442721
"inflect_ward_k27",10,264044,"CD294_CRTH2",5000,"no_detected_multimodality","neither test rejects in any seed",3,0,0,0,1,0.218359179589795
"inflect_ward_k27",10,264044,"CD3",1000,"no_detected_multimodality","neither test rejects in any seed",3,0,0,0,0.998503951389222,0.947973986993497
"inflect_ward_k27",10,264044,"CD3",5000,"ambiguous","discordant_tests;seed_instability;borderline_q",3,0,0,1,1,0.00168834417208604
"inflect_ward_k27",10,264044,"CD38",1000,"no_detected_multimodality","neither test rejects in any seed",3,0,0,0,0.998503951389222,0.651025512756378
"inflect_ward_k27",10,264044,"CD38",5000,"ambiguous","discordant_tests",3,0,0,3,0.747686316735815,0
"inflect_ward_k27",10,264044,"CD45RA",1000,"no_detected_multimodality","neither test rejects in any seed",3,0,0,0,0.998503951389222,0.400700350175088
"inflect_ward_k27",10,264044,"CD45RA",5000,"no_detected_multimodality","neither test rejects in any seed",3,0,0,0,1,0.168084042021011
"inflect_ward_k27",10,264044,"CD57",1000,"ambiguous","discordant_tests;seed_instability",3,0,0,1,0.998503951389222,0.0108054027013507
"inflect_ward_k27",10,264044,"CD57",5000,"no_detected_multimodality","neither test rejects in any seed",3,0,0,0,1,0.504252126063031
"inflect_ward_k27",10,264044,"CD7",1000,"no_detected_multimodality","neither test rejects in any seed",3,0,0,0,0.998503951389222,0.294897448724362
"inflect_ward_k27",10,264044,"CD7",5000,"no_detected_multimodality","neither test rejects in any seed",3,0,0,0,1,0.345547773886944
"inflect_ward_k27",10,264044,"Tbet",1000,"detected_multimodality","both tests reject in at least two seeds",3,3,3,3,0,0
"inflect_ward_k27",10,264044,"Tbet",5000,"detected_multimodality","both tests reject in at least two seeds",3,3,3,3,0,0
"inflect_ward_k27",11,132476,"CD11c",1000,"ambiguous","discordant_tests;seed_instability",3,0,0,1,0.401713297672182,0.0135067533766883
"inflect_ward_k27",11,132476,"CD11c",5000,"ambiguous","discordant_tests;seed_instability",3,1,1,2,0.0329996647921549,0
"inflect_ward_k27",11,132476,"CD14",1000,"no_detected_multimodality","neither test rejects in any seed",3,0,0,0,0.999747361291192,0.830051389331029
"inflect_ward_k27",11,132476,"CD14",5000,"no_detected_multimodality","neither test rejects in any seed",3,0,0,0,1,0.950975487743872
"inflect_ward_k27",11,132476,"CD159c_NKG2C",1000,"ambiguous","discordant_tests;borderline_q",3,0,0,3,0.0775234168449572,0
"inflect_ward_k27",11,132476,"CD159c_NKG2C",5000,"detected_multimodality","both tests reject in at least two seeds",3,3,3,3,0,0
"inflect_ward_k27",11,132476,"CD16",1000,"no_detected_multimodality","neither test rejects in any seed",3,0,0,0,0.999747361291192,0.892571285642821
"inflect_ward_k27",11,132476,"CD16",5000,"no_detected_multimodality","neither test rejects in any seed",3,0,0,0,1,0.791703544079732
"inflect_ward_k27",11,132476,"CD185_CXCR5",1000,"no_detected_multimodality","neither test rejects in any seed",3,0,0,0,0.999747361291192,0.813781890945473
"inflect_ward_k27",11,132476,"CD185_CXCR5",5000,"no_detected_multimodality","neither test rejects in any seed",3,0,0,0,1,0.718109054527264
"inflect_ward_k27",11,132476,"CD27",1000,"no_detected_multimodality","neither test rejects in any seed",3,0,0,0,0.999747361291192,0.972486243121561
"inflect_ward_k27",11,132476,"CD27",5000,"no_detected_multimodality","neither test rejects in any seed",3,0,0,0,1,0.364682341170585
"inflect_ward_k27",11,132476,"CD3",1000,"no_detected_multimodality","neither test rejects in any seed",3,0,0,0,0.999747361291192,0.972486243121561
"inflect_ward_k27",11,132476,"CD3",5000,"ambiguous","discordant_tests",3,0,0,3,0.590699873014165,0
"inflect_ward_k27",11,132476,"CD303_TCRvd2",1000,"no_detected_multimodality","neither test rejects in any seed",3,0,0,0,0.999747361291192,0.976488244122061
"inflect_ward_k27",11,132476,"CD303_TCRvd2",5000,"no_detected_multimodality","neither test rejects in any seed",3,0,0,0,1,0.558971793589102
"inflect_ward_k27",11,132476,"CD56",1000,"no_detected_multimodality","neither test rejects in any seed",3,0,0,0,0.999747361291192,0.813781890945473
"inflect_ward_k27",11,132476,"CD56",5000,"no_detected_multimodality","neither test rejects in any seed",3,0,0,0,1,0.53351675837919
"inflect_ward_k27",11,132476,"CD8",1000,"no_detected_multimodality","neither test rejects in any seed",3,0,0,0,0.999747361291192,0.40520260130065
"inflect_ward_k27",11,132476,"CD8",5000,"no_detected_multimodality","neither test rejects in any seed",3,0,0,0,1,0.558971793589102
"inflect_ward_k27",11,132476,"FoxP3",1000,"no_detected_multimodality","neither test rejects in any seed",3,0,0,0,0.999747361291192,0.972486243121561
"inflect_ward_k27",11,132476,"FoxP3",5000,"ambiguous","discordant_tests;seed_instability",3,0,0,1,1,0.0270135067533767
"inflect_ward_k27",11,132476,"HLA-DR",1000,"no_detected_multimodality","neither test rejects in any seed",3,0,0,0,0.999747361291192,0.972486243121561
"inflect_ward_k27",11,132476,"HLA-DR",5000,"no_detected_multimodality","neither test rejects in any seed",3,0,0,0,1,0.79530941941559
"inflect_ward_k27",11,132476,"Tbet",1000,"no_detected_multimodality","neither test rejects in any seed",3,0,0,0,0.999747361291192,0.813781890945473
"inflect_ward_k27",11,132476,"Tbet",5000,"no_detected_multimodality","neither test rejects in any seed",3,0,0,0,1,0.665514575469553
"inflect_ward_k27",11,132476,"TCRgd_CD141",1000,"no_detected_multimodality","neither test rejects in any seed",3,0,0,0,0.999747361291192,0.972486243121561
"inflect_ward_k27",11,132476,"TCRgd_CD141",5000,"ambiguous","discordant_tests;seed_instability;borderline_q",3,0,0,1,1,0.00337668834417209
"inflect_ward_k27",12,195943,"CD161",1000,"detected_multimodality","both tests reject in at least two seeds",3,3,3,3,0.000279409951005172,0
"inflect_ward_k27",12,195943,"CD161",5000,"detected_multimodality","both tests reject in at least two seeds",3,3,3,3,0,0
"inflect_ward_k27",12,195943,"CD27",1000,"detected_multimodality","both tests reject in at least two seeds",3,2,2,3,0,0
"inflect_ward_k27",12,195943,"CD27",5000,"detected_multimodality","both tests reject in at least two seeds",3,3,3,3,0,0
"inflect_ward_k27",13,6160354,"CD11c",1000,"no_detected_multimodality","neither test rejects in any seed",3,0,0,0,0.999481274471596,0.872377365153165
"inflect_ward_k27",13,6160354,"CD11c",5000,"no_detected_multimodality","neither test rejects in any seed",3,0,0,0,1,0.53351675837919
"inflect_ward_k27",13,6160354,"CD127",1000,"ambiguous","discordant_tests;borderline_q",3,0,0,3,0.0539246809600429,0
"inflect_ward_k27",13,6160354,"CD127",5000,"detected_multimodality","both tests reject in at least two seeds",3,3,3,3,1.8045513189735e-05,0
"inflect_ward_k27",13,6160354,"CD159c_NKG2C",1000,"no_detected_multimodality","neither test rejects in any seed",3,0,0,0,0.999481274471596,0.478139069534767
"inflect_ward_k27",13,6160354,"CD159c_NKG2C",5000,"no_detected_multimodality","neither test rejects in any seed",3,0,0,0,1,0.341045522761381
"inflect_ward_k27",13,6160354,"CD16",1000,"no_detected_multimodality","neither test rejects in any seed",3,0,0,0,0.999481274471596,0.872377365153165
"inflect_ward_k27",13,6160354,"CD16",5000,"no_detected_multimodality","neither test rejects in any seed",3,0,0,0,1,0.738606145177852
"inflect_ward_k27",13,6160354,"CD197_CCR7",1000,"detected_multimodality","both tests reject in at least two seeds",3,3,3,3,0,0
"inflect_ward_k27",13,6160354,"CD197_CCR7",5000,"detected_multimodality","both tests reject in at least two seeds",3,3,3,3,0,0
"inflect_ward_k27",13,6160354,"CD1c",1000,"no_detected_multimodality","neither test rejects in any seed",3,0,0,0,0.999481274471596,0.789394697348674
"inflect_ward_k27",13,6160354,"CD1c",5000,"ambiguous","borderline_q",3,0,0,0,1,0.0540270135067534
"inflect_ward_k27",13,6160354,"CD21",1000,"no_detected_multimodality","neither test rejects in any seed",3,0,0,0,0.999481274471596,0.917172872150361
"inflect_ward_k27",13,6160354,"CD21",5000,"no_detected_multimodality","neither test rejects in any seed",3,0,0,0,1,0.216108054027014
"inflect_ward_k27",13,6160354,"CD25",1000,"no_detected_multimodality","neither test rejects in any seed",3,0,0,0,0.999481274471596,0.917172872150361
"inflect_ward_k27",13,6160354,"CD25",5000,"no_detected_multimodality","neither test rejects in any seed",3,0,0,0,1,0.936968484242121
"inflect_ward_k27",13,6160354,"CD27",1000,"detected_multimodality","both tests reject in at least two seeds",3,3,3,3,0,0
"inflect_ward_k27",13,6160354,"CD27",5000,"detected_multimodality","both tests reject in at least two seeds",3,3,3,3,0,0
"inflect_ward_k27",13,6160354,"CD303_TCRvd2",1000,"no_detected_multimodality","neither test rejects in any seed",3,0,0,0,0.999481274471596,0.934217108554277
"inflect_ward_k27",13,6160354,"CD303_TCRvd2",5000,"no_detected_multimodality","neither test rejects in any seed",3,0,0,0,1,0.766669048810119
"inflect_ward_k27",13,6160354,"CD45RA",1000,"detected_multimodality","both tests reject in at least two seeds",3,3,3,3,0,0
"inflect_ward_k27",13,6160354,"CD45RA",5000,"detected_multimodality","both tests reject in at least two seeds",3,3,3,3,0,0
"inflect_ward_k27",13,6160354,"FoxP3",1000,"no_detected_multimodality","neither test rejects in any seed",3,0,0,0,0.999481274471596,0.872377365153165
"inflect_ward_k27",13,6160354,"FoxP3",5000,"no_detected_multimodality","neither test rejects in any seed",3,0,0,0,1,0.526763381690845
"inflect_ward_k27",14,547308,"CD127",1000,"no_detected_multimodality","neither test rejects in any seed",3,0,0,0,0.999984579820118,0.771059442764861
"inflect_ward_k27",14,547308,"CD127",5000,"no_detected_multimodality","neither test rejects in any seed",3,0,0,0,0.999526928205113,0.722611305652826
"inflect_ward_k27",14,547308,"CD161",1000,"ambiguous","discordant_tests;seed_instability",3,0,0,1,0.999984579820118,0.0180090045022511
"inflect_ward_k27",14,547308,"CD161",5000,"ambiguous","discordant_tests",3,0,0,3,0.9869391895034,0.00810405202601301
"inflect_ward_k27",14,547308,"CD19",1000,"no_detected_multimodality","neither test rejects in any seed",3,0,0,0,0.999984579820118,0.523869077395841
"inflect_ward_k27",14,547308,"CD19",5000,"no_detected_multimodality","neither test rejects in any seed",3,0,0,0,0.999526928205113,0.683318932193369
"inflect_ward_k27",14,547308,"CD27",1000,"no_detected_multimodality","neither test rejects in any seed",3,0,0,0,0.999984579820118,0.272836418209105
"inflect_ward_k27",14,547308,"CD27",5000,"ambiguous","discordant_tests;borderline_q",3,0,0,3,0.0518495036156209,0
"inflect_ward_k27",14,547308,"CD3",1000,"no_detected_multimodality","neither test rejects in any seed",3,0,0,0,0.999984579820118,0.218037590223683
"inflect_ward_k27",14,547308,"CD3",5000,"detected_multimodality","both tests reject in at least two seeds",3,2,2,3,0.0327286233190414,0
"inflect_ward_k27",14,547308,"CD303_TCRvd2",1000,"detected_multimodality","both tests reject in at least two seeds",3,3,3,3,0,0
"inflect_ward_k27",14,547308,"CD303_TCRvd2",5000,"detected_multimodality","both tests reject in at least two seeds",3,3,3,3,0,0
"inflect_ward_k27",14,547308,"CD38",1000,"no_detected_multimodality","neither test rejects in any seed",3,0,0,0,0.999984579820118,0.523869077395841
"inflect_ward_k27",14,547308,"CD38",5000,"no_detected_multimodality","neither test rejects in any seed",3,0,0,0,0.999526928205113,0.624687343671836
"inflect_ward_k27",14,547308,"CD45RA",1000,"no_detected_multimodality","neither test rejects in any seed",3,0,0,0,0.999984579820118,0.229614807403702
"inflect_ward_k27",14,547308,"CD45RA",5000,"ambiguous","borderline_q",3,0,0,0,0.999526928205113,0.0810405202601301
"inflect_ward_k27",14,547308,"CD57",1000,"ambiguous","borderline_q",3,0,0,0,0.999984579820118,0.0607803901950975
"inflect_ward_k27",14,547308,"CD57",5000,"ambiguous","discordant_tests",3,0,0,3,0.519567362894092,0
"inflect_ward_k27",14,547308,"HLA-DR",1000,"no_detected_multimodality","neither test rejects in any seed",3,0,0,0,0.999984579820118,0.229614807403702
"inflect_ward_k27",14,547308,"HLA-DR",5000,"no_detected_multimodality","neither test rejects in any seed",3,0,0,0,0.999526928205113,0.683318932193369
"inflect_ward_k27",14,547308,"TCRgd_CD141",1000,"ambiguous","discordant_tests;seed_instability",3,0,0,2,0.186447588006555,0
"inflect_ward_k27",14,547308,"TCRgd_CD141",5000,"detected_multimodality","both tests reject in at least two seeds",3,2,2,3,0.0307640013625949,0
"inflect_ward_k27",15,636588,"CD11c",1000,"no_detected_multimodality","neither test rejects in any seed",3,0,0,0,0.993387260246544,0.659233462885289
"inflect_ward_k27",15,636588,"CD11c",5000,"ambiguous","discordant_tests",3,0,0,3,0.592086624153778,0
"inflect_ward_k27",15,636588,"CD127",1000,"no_detected_multimodality","neither test rejects in any seed",3,0,0,0,0.993387260246544,0.659233462885289
"inflect_ward_k27",15,636588,"CD127",5000,"ambiguous","discordant_tests",3,0,0,3,0.592086624153778,0
"inflect_ward_k27",15,636588,"CD159c_NKG2C",1000,"no_detected_multimodality","neither test rejects in any seed",3,0,0,0,0.993387260246544,0.272590840874983
"inflect_ward_k27",15,636588,"CD159c_NKG2C",5000,"ambiguous","discordant_tests",3,0,0,3,0.67039134065857,0
"inflect_ward_k27",15,636588,"CD16",1000,"detected_multimodality","both tests reject in at least two seeds",3,3,3,3,3.36544781113224e-05,0
"inflect_ward_k27",15,636588,"CD16",5000,"detected_multimodality","both tests reject in at least two seeds",3,3,3,3,0,0
"inflect_ward_k27",15,636588,"CD185_CXCR5",1000,"no_detected_multimodality","neither test rejects in any seed",3,0,0,0,0.993387260246544,0.12696348174087
"inflect_ward_k27",15,636588,"CD185_CXCR5",5000,"detected_multimodality","both tests reject in at least two seeds",3,3,3,3,0.00755606255815974,0
"inflect_ward_k27",15,636588,"CD21",1000,"ambiguous","discordant_tests",3,0,0,3,0.897203597531241,0
"inflect_ward_k27",15,636588,"CD21",5000,"detected_multimodality","both tests reject in at least two seeds",3,3,3,3,0,0
"inflect_ward_k27",15,636588,"CD27",1000,"no_detected_multimodality","neither test rejects in any seed",3,0,0,0,0.993387260246544,0.456978489244622
"inflect_ward_k27",15,636588,"CD27",5000,"ambiguous","discordant_tests",3,0,0,3,1,0.0103898102897603
"inflect_ward_k27",15,636588,"CD294_CRTH2",1000,"no_detected_multimodality","neither test rejects in any seed",3,0,0,0,0.993387260246544,0.659233462885289
"inflect_ward_k27",15,636588,"CD294_CRTH2",5000,"ambiguous","discordant_tests;seed_instability",3,0,0,1,1,0
"inflect_ward_k27",15,636588,"CD3",1000,"no_detected_multimodality","neither test rejects in any seed",3,0,0,0,0.993387260246544,0.262631315657829
"inflect_ward_k27",15,636588,"CD3",5000,"ambiguous","discordant_tests",3,0,0,3,0.368966930475931,0
"inflect_ward_k27",15,636588,"CD303_TCRvd2",1000,"no_detected_multimodality","neither test rejects in any seed",3,0,0,0,0.993387260246544,0.315157578789395
"inflect_ward_k27",15,636588,"CD303_TCRvd2",5000,"ambiguous","borderline_q",3,0,0,0,1,0.0639319659829915
"inflect_ward_k27",15,636588,"CD38",1000,"ambiguous","discordant_tests;seed_instability",3,0,0,1,0.993387260246544,0.0270135067533767
"inflect_ward_k27",15,636588,"CD38",5000,"detected_multimodality","both tests reject in at least two seeds",3,3,3,3,0.00742240895929769,0
"inflect_ward_k27",15,636588,"CD45RA",1000,"ambiguous","discordant_tests;seed_instability",3,0,0,1,0.993387260246544,0.0438969484742371
"inflect_ward_k27",15,636588,"CD45RA",5000,"ambiguous","discordant_tests",3,0,0,3,0.183356832671262,0
"inflect_ward_k27",15,636588,"FoxP3",1000,"no_detected_multimodality","neither test rejects in any seed",3,0,0,0,0.993387260246544,0.659233462885289
"inflect_ward_k27",15,636588,"FoxP3",5000,"ambiguous","discordant_tests;seed_instability",3,0,0,1,1,0.0477931273328972
"inflect_ward_k27",15,636588,"Tbet",1000,"no_detected_multimodality","neither test rejects in any seed",3,0,0,0,0.993387260246544,0.12696348174087
"inflect_ward_k27",15,636588,"Tbet",5000,"no_detected_multimodality","neither test rejects in any seed",3,0,0,0,1,0.11043757172704
"inflect_ward_k27",15,636588,"TCRgd_CD141",1000,"no_detected_multimodality","neither test rejects in any seed",3,0,0,0,0.993387260246544,0.659233462885289
"inflect_ward_k27",15,636588,"TCRgd_CD141",5000,"no_detected_multimodality","neither test rejects in any seed",3,0,0,0,1,0.837958979489745
"inflect_ward_k27",16,1332180,"CD127",1000,"no_detected_multimodality","neither test rejects in any seed",3,0,0,0,0.999702662547585,0.137318659329665
"inflect_ward_k27",16,1332180,"CD127",5000,"ambiguous","discordant_tests;seed_instability",3,0,0,1,1,0.0347316515400557
"inflect_ward_k27",16,1332180,"CD161",1000,"ambiguous","discordant_tests;seed_instability",3,1,1,2,0.0424361663281038,0
"inflect_ward_k27",16,1332180,"CD161",5000,"detected_multimodality","both tests reject in at least two seeds",3,3,3,3,0.000174276797137801,0
"inflect_ward_k27",16,1332180,"CD197_CCR7",1000,"no_detected_multimodality","neither test rejects in any seed",3,0,0,0,0.999702662547585,0.490295147573787
"inflect_ward_k27",16,1332180,"CD197_CCR7",5000,"no_detected_multimodality","neither test rejects in any seed",3,0,0,0,1,0.890734841104763
"inflect_ward_k27",16,1332180,"CD27",1000,"detected_multimodality","both tests reject in at least two seeds",3,3,3,3,0,0
"inflect_ward_k27",16,1332180,"CD27",5000,"detected_multimodality","both tests reject in at least two seeds",3,3,3,3,0,0
"inflect_ward_k27",16,1332180,"CD3",1000,"ambiguous","discordant_tests;seed_instability",3,0,0,1,0.999702662547585,0.040520260130065
"inflect_ward_k27",16,1332180,"CD3",5000,"ambiguous","discordant_tests",3,0,0,3,0.177975519843059,0
"inflect_ward_k27",16,1332180,"CD303_TCRvd2",1000,"detected_multimodality","both tests reject in at least two seeds",3,3,3,3,0.000265206345936075,0
"inflect_ward_k27",16,1332180,"CD303_TCRvd2",5000,"detected_multimodality","both tests reject in at least two seeds",3,3,3,3,0,0
"inflect_ward_k27",16,1332180,"CD45RA",1000,"ambiguous","discordant_tests;seed_instability;borderline_q",3,0,0,2,0.0755915066569081,0
"inflect_ward_k27",16,1332180,"CD45RA",5000,"detected_multimodality","both tests reject in at least two seeds",3,3,3,3,8.15849525859502e-05,0
"inflect_ward_k27",16,1332180,"FoxP3",1000,"no_detected_multimodality","neither test rejects in any seed",3,0,0,0,0.999702662547585,0.16208104052026
"inflect_ward_k27",16,1332180,"FoxP3",5000,"no_detected_multimodality","neither test rejects in any seed",3,0,0,0,1,0.454727363681841
"inflect_ward_k27",16,1332180,"Tbet",1000,"detected_multimodality","both tests reject in at least two seeds",3,3,3,3,0,0
"inflect_ward_k27",16,1332180,"Tbet",5000,"detected_multimodality","both tests reject in at least two seeds",3,3,3,3,0,0
"inflect_ward_k27",17,160846,"CD159c_NKG2C",1000,"ambiguous","discordant_tests;seed_instability;borderline_q",3,0,0,1,1,0.0371435717858929
"inflect_ward_k27",17,160846,"CD159c_NKG2C",5000,"ambiguous","discordant_tests;seed_instability",3,1,1,3,0.0273993320087333,0
"inflect_ward_k27",17,160846,"CD16",1000,"ambiguous","discordant_tests;seed_instability",3,0,0,1,1,0.00675337668834417
"inflect_ward_k27",17,160846,"CD16",5000,"ambiguous","discordant_tests;seed_instability",3,0,0,1,1,0.00337668834417209
"inflect_ward_k27",17,160846,"CD1c",1000,"no_detected_multimodality","neither test rejects in any seed",3,0,0,0,1,0.871479217869805
"inflect_ward_k27",17,160846,"CD1c",5000,"no_detected_multimodality","neither test rejects in any seed",3,0,0,0,1,0.737895263421184
"inflect_ward_k27",17,160846,"CD21",1000,"no_detected_multimodality","neither test rejects in any seed",3,0,0,0,1,0.516633316658329
"inflect_ward_k27",17,160846,"CD21",5000,"no_detected_multimodality","neither test rejects in any seed",3,0,0,0,1,0.737895263421184
"inflect_ward_k27",17,160846,"CD25",1000,"no_detected_multimodality","neither test rejects in any seed",3,0,0,0,1,0.944678221463673
"inflect_ward_k27",17,160846,"CD25",5000,"no_detected_multimodality","neither test rejects in any seed",3,0,0,0,1,0.951415707853927
"inflect_ward_k27",17,160846,"CD45RA",1000,"no_detected_multimodality","neither test rejects in any seed",3,0,0,0,1,0.537814361726318
"inflect_ward_k27",17,160846,"CD45RA",5000,"ambiguous","discordant_tests;seed_instability",3,0,0,1,1,0.0378189094547274
"inflect_ward_k27",17,160846,"CD56",1000,"ambiguous","discordant_tests;seed_instability",3,0,0,2,1,0.0135067533766883
"inflect_ward_k27",17,160846,"CD56",5000,"detected_multimodality","both tests reject in at least two seeds",3,2,2,3,0.0305620573726546,0
"inflect_ward_k27",17,160846,"CD57",1000,"detected_multimodality","both tests reject in at least two seeds",3,3,3,3,0,0
"inflect_ward_k27",17,160846,"CD57",5000,"detected_multimodality","both tests reject in at least two seeds",3,3,3,3,0,0
"inflect_ward_k27",18,336733,"CD14",1000,"no_detected_multimodality","neither test rejects in any seed",3,0,0,0,0.999290897501894,0.52579861359251
"inflect_ward_k27",18,336733,"CD14",5000,"no_detected_multimodality","neither test rejects in any seed",3,0,0,0,1,0.79046666190238
"inflect_ward_k27",18,336733,"CD161",1000,"ambiguous","discordant_tests",3,0,0,3,0.148318782513996,0
"inflect_ward_k27",18,336733,"CD161",5000,"detected_multimodality","both tests reject in at least two seeds",3,3,3,3,0,0
"inflect_ward_k27",18,336733,"CD19",1000,"no_detected_multimodality","neither test rejects in any seed",3,0,0,0,0.999290897501894,0.480840420210105
"inflect_ward_k27",18,336733,"CD19",5000,"no_detected_multimodality","neither test rejects in any seed",3,0,0,0,1,0.777035576611835
"inflect_ward_k27",18,336733,"CD27",1000,"detected_multimodality","both tests reject in at least two seeds",3,2,2,3,0.00367050482821629,0
"inflect_ward_k27",18,336733,"CD27",5000,"detected_multimodality","both tests reject in at least two seeds",3,3,3,3,0,0
"inflect_ward_k27",18,336733,"CD3",1000,"no_detected_multimodality","neither test rejects in any seed",3,0,0,0,0.999290897501894,0.52579861359251
"inflect_ward_k27",18,336733,"CD3",5000,"no_detected_multimodality","neither test rejects in any seed",3,0,0,0,1,0.756378189094547
"inflect_ward_k27",18,336733,"CD4",1000,"no_detected_multimodality","neither test rejects in any seed",3,0,0,0,0.999290897501894,0.896357269543863
"inflect_ward_k27",18,336733,"CD4",5000,"no_detected_multimodality","neither test rejects in any seed",3,0,0,0,1,0.610505252626313
"inflect_ward_k27",18,336733,"CD56",1000,"no_detected_multimodality","neither test rejects in any seed",3,0,0,0,0.999290897501894,0.184592296148074
"inflect_ward_k27",18,336733,"CD56",5000,"no_detected_multimodality","neither test rejects in any seed",3,0,0,0,1,0.756378189094547
"inflect_ward_k27",18,336733,"CD57",1000,"no_detected_multimodality","neither test rejects in any seed",3,0,0,0,0.999290897501894,0.908891945972987
"inflect_ward_k27",18,336733,"CD57",5000,"no_detected_multimodality","neither test rejects in any seed",3,0,0,0,1,0.79046666190238
"inflect_ward_k27",18,336733,"Tbet",1000,"no_detected_multimodality","neither test rejects in any seed",3,0,0,0,0.999290897501894,0.192953619666976
"inflect_ward_k27",18,336733,"Tbet",5000,"no_detected_multimodality","neither test rejects in any seed",3,0,0,0,1,0.42096048024012
"inflect_ward_k27",19,99969,"CD127",1000,"ambiguous","discordant_tests;seed_instability",3,1,1,3,0.0152087274529695,0
"inflect_ward_k27",19,99969,"CD127",5000,"detected_multimodality","both tests reject in at least two seeds",3,3,3,3,6.76058055137929e-06,0
"inflect_ward_k27",19,99969,"CD14",1000,"no_detected_multimodality","neither test rejects in any seed",3,0,0,0,0.999229125293879,0.899324662331166
"inflect_ward_k27",19,99969,"CD14",5000,"no_detected_multimodality","neither test rejects in any seed",3,0,0,0,1,0.935967983991996
"inflect_ward_k27",19,99969,"CD159c_NKG2C",1000,"no_detected_multimodality","neither test rejects in any seed",3,0,0,0,0.999229125293879,0.869130217282554
"inflect_ward_k27",19,99969,"CD159c_NKG2C",5000,"no_detected_multimodality","neither test rejects in any seed",3,0,0,0,1,0.385786643321661
"inflect_ward_k27",19,99969,"CD16",1000,"detected_multimodality","both tests reject in at least two seeds",3,3,3,3,0,0
"inflect_ward_k27",19,99969,"CD16",5000,"detected_multimodality","both tests reject in at least two seeds",3,3,3,3,0,0
"inflect_ward_k27",19,99969,"CD27",1000,"detected_multimodality","both tests reject in at least two seeds",3,2,2,3,0.000741471567057062,0
"inflect_ward_k27",19,99969,"CD27",5000,"detected_multimodality","both tests reject in at least two seeds",3,3,3,3,0,0
"inflect_ward_k27",19,99969,"CD3",1000,"no_detected_multimodality","neither test rejects in any seed",3,0,0,0,0.999229125293879,0.144715214750232
"inflect_ward_k27",19,99969,"CD3",5000,"ambiguous","discordant_tests",3,0,0,3,0.465953666781108,0
"inflect_ward_k27",19,99969,"CD4",1000,"no_detected_multimodality","neither test rejects in any seed",3,0,0,0,0.999229125293879,0.378189094547274
"inflect_ward_k27",19,99969,"CD4",5000,"ambiguous","discordant_tests",3,0,0,3,0.306513601598981,0
"inflect_ward_k27",19,99969,"CD45RA",1000,"detected_multimodality","both tests reject in at least two seeds",3,2,2,3,0,0
"inflect_ward_k27",19,99969,"CD45RA",5000,"detected_multimodality","both tests reject in at least two seeds",3,3,3,3,0,0
"inflect_ward_k27",19,99969,"CD56",1000,"ambiguous","discordant_tests;seed_instability;borderline_q",3,0,0,2,0.0902794550728155,0
"inflect_ward_k27",19,99969,"CD56",5000,"detected_multimodality","both tests reject in at least two seeds",3,3,3,3,0,0
"inflect_ward_k27",19,99969,"CD57",1000,"no_detected_multimodality","neither test rejects in any seed",3,0,0,0,0.999229125293879,0.172211105552776
"inflect_ward_k27",19,99969,"CD57",5000,"ambiguous","discordant_tests",3,0,0,3,0.331750299133041,0
"inflect_ward_k27",19,99969,"Tbet",1000,"detected_multimodality","both tests reject in at least two seeds",3,2,2,3,0.00391844969245336,0
"inflect_ward_k27",19,99969,"Tbet",5000,"detected_multimodality","both tests reject in at least two seeds",3,3,3,3,0,0
"inflect_ward_k27",20,1298228,"CD127",1000,"no_detected_multimodality","neither test rejects in any seed",3,0,0,0,0.998449181000751,0.831340670335168
"inflect_ward_k27",20,1298228,"CD127",5000,"no_detected_multimodality","neither test rejects in any seed",3,0,0,0,1,0.56114420846787
"inflect_ward_k27",20,1298228,"CD185_CXCR5",1000,"detected_multimodality","both tests reject in at least two seeds",3,2,2,3,0.00913057122026745,0
"inflect_ward_k27",20,1298228,"CD185_CXCR5",5000,"detected_multimodality","both tests reject in at least two seeds",3,3,3,3,0,0
"inflect_ward_k27",20,1298228,"CD19",1000,"ambiguous","discordant_tests",3,0,0,3,0.998449181000751,0.00450225112556278
"inflect_ward_k27",20,1298228,"CD19",5000,"detected_multimodality","both tests reject in at least two seeds",3,3,3,3,0,0
"inflect_ward_k27",20,1298228,"CD21",1000,"detected_multimodality","both tests reject in at least two seeds",3,3,3,3,0,0
"inflect_ward_k27",20,1298228,"CD21",5000,"detected_multimodality","both tests reject in at least two seeds",3,3,3,3,0,0
"inflect_ward_k27",21,1294395,"CD11c",1000,"detected_multimodality","both tests reject in at least two seeds",3,3,3,3,0.000139602071448808,0
"inflect_ward_k27",21,1294395,"CD11c",5000,"detected_multimodality","both tests reject in at least two seeds",3,3,3,3,0,0
"inflect_ward_k27",21,1294395,"CD14",1000,"ambiguous","discordant_tests;seed_instability",3,0,0,1,0.644033758756354,0
"inflect_ward_k27",21,1294395,"CD14",5000,"ambiguous","discordant_tests",3,0,0,3,0.190719375477992,0
"inflect_ward_k27",21,1294395,"CD16",1000,"no_detected_multimodality","neither test rejects in any seed",3,0,0,0,0.999478205419078,0.736118059029515
"inflect_ward_k27",21,1294395,"CD16",5000,"ambiguous","discordant_tests",3,0,0,3,1,0.00540270135067534
"inflect_ward_k27",21,1294395,"CD161",1000,"no_detected_multimodality","neither test rejects in any seed",3,0,0,0,0.999478205419078,0.837418709354677
"inflect_ward_k27",21,1294395,"CD161",5000,"no_detected_multimodality","neither test rejects in any seed",3,0,0,0,1,0.656428214107054
"inflect_ward_k27",21,1294395,"CD1c",1000,"ambiguous","borderline_q",3,0,0,0,0.999478205419078,0.0990495247623812
"inflect_ward_k27",21,1294395,"CD1c",5000,"detected_multimodality","both tests reject in at least two seeds",3,3,3,3,0.00844723301206063,0
"inflect_ward_k27",21,1294395,"CD21",1000,"no_detected_multimodality","neither test rejects in any seed",3,0,0,0,0.999478205419078,0.980490245122561
"inflect_ward_k27",21,1294395,"CD21",5000,"no_detected_multimodality","neither test rejects in any seed",3,0,0,0,1,0.454964324267397
"inflect_ward_k27",21,1294395,"CD25",1000,"no_detected_multimodality","neither test rejects in any seed",3,0,0,0,0.999478205419078,0.709718495611442
"inflect_ward_k27",21,1294395,"CD25",5000,"no_detected_multimodality","neither test rejects in any seed",3,0,0,0,1,0.608648074037018
"inflect_ward_k27",21,1294395,"CD303_TCRvd2",1000,"ambiguous","discordant_tests",3,0,0,3,0.66858322358936,0
"inflect_ward_k27",21,1294395,"CD303_TCRvd2",5000,"detected_multimodality","both tests reject in at least two seeds",3,3,3,3,0,0
"inflect_ward_k27",21,1294395,"CD45RA",1000,"no_detected_multimodality","neither test rejects in any seed",3,0,0,0,0.999478205419078,0.741745872936468
"inflect_ward_k27",21,1294395,"CD45RA",5000,"ambiguous","discordant_tests",3,0,0,3,1,0
"inflect_ward_k27",21,1294395,"CD57",1000,"no_detected_multimodality","neither test rejects in any seed",3,0,0,0,0.999478205419078,0.877938969484742
"inflect_ward_k27",21,1294395,"CD57",5000,"no_detected_multimodality","neither test rejects in any seed",3,0,0,0,1,0.238210014097958
"inflect_ward_k27",21,1294395,"HLA-DR",1000,"no_detected_multimodality","neither test rejects in any seed",3,0,0,0,0.999478205419078,0.709718495611442
"inflect_ward_k27",21,1294395,"HLA-DR",5000,"ambiguous","discordant_tests",3,0,0,3,0.766703134705541,0.00385907239333953
"inflect_ward_k27",21,1294395,"TCRgd_CD141",1000,"no_detected_multimodality","neither test rejects in any seed",3,0,0,0,0.999478205419078,0.605102551275638
"inflect_ward_k27",21,1294395,"TCRgd_CD141",5000,"ambiguous","discordant_tests;seed_instability",3,1,1,3,0.0423312593371441,0
"inflect_ward_k27",22,3058439,"CD161",1000,"ambiguous","discordant_tests;seed_instability;borderline_q",3,0,0,1,0.999510856640308,0
"inflect_ward_k27",22,3058439,"CD161",5000,"ambiguous","discordant_tests;seed_instability;borderline_q",3,1,1,3,0.00233376009386654,0
"inflect_ward_k27",22,3058439,"CD185_CXCR5",1000,"no_detected_multimodality","neither test rejects in any seed",3,0,0,0,0.999510856640308,0.883191595797899
"inflect_ward_k27",22,3058439,"CD185_CXCR5",5000,"no_detected_multimodality","neither test rejects in any seed",3,0,0,0,1,0.834524405059673
"inflect_ward_k27",22,3058439,"CD19",1000,"no_detected_multimodality","neither test rejects in any seed",3,0,0,0,0.999510856640308,0.256628314157079
"inflect_ward_k27",22,3058439,"CD19",5000,"no_detected_multimodality","neither test rejects in any seed",3,0,0,0,1,0.175587793896948
"inflect_ward_k27",22,3058439,"CD21",1000,"no_detected_multimodality","neither test rejects in any seed",3,0,0,0,0.999510856640308,0.472736368184092
"inflect_ward_k27",22,3058439,"CD21",5000,"no_detected_multimodality","neither test rejects in any seed",3,0,0,0,1,0.918459229614808
"inflect_ward_k27",22,3058439,"CD27",1000,"detected_multimodality","both tests reject in at least two seeds",3,3,3,3,0,0
"inflect_ward_k27",22,3058439,"CD27",5000,"detected_multimodality","both tests reject in at least two seeds",3,3,3,3,0,0
"inflect_ward_k27",22,3058439,"CD3",1000,"no_detected_multimodality","neither test rejects in any seed",3,0,0,0,0.999510856640308,0.1451975987994
"inflect_ward_k27",22,3058439,"CD3",5000,"no_detected_multimodality","neither test rejects in any seed",3,0,0,0,1,0.918459229614808
"inflect_ward_k27",22,3058439,"CD38",1000,"no_detected_multimodality","neither test rejects in any seed",3,0,0,0,0.999510856640308,0.84192096048024
"inflect_ward_k27",22,3058439,"CD38",5000,"no_detected_multimodality","neither test rejects in any seed",3,0,0,0,1,0.918459229614808
"inflect_ward_k27",22,3058439,"CD4",1000,"no_detected_multimodality","neither test rejects in any seed",3,0,0,0,0.999510856640308,0.931965982991496
"inflect_ward_k27",22,3058439,"CD4",5000,"ambiguous","discordant_tests;seed_instability",3,0,0,1,1,0.0303901950975488
"inflect_ward_k27",22,3058439,"CD57",1000,"no_detected_multimodality","neither test rejects in any seed",3,0,0,0,0.999510856640308,0.398449224612306
"inflect_ward_k27",22,3058439,"CD57",5000,"ambiguous","discordant_tests",3,0,0,3,0.535541211487675,0
"inflect_ward_k27",22,3058439,"CD8",1000,"no_detected_multimodality","neither test rejects in any seed",3,0,0,0,0.999510856640308,0.931965982991496
"inflect_ward_k27",22,3058439,"CD8",5000,"no_detected_multimodality","neither test rejects in any seed",3,0,0,0,1,0.494347173586793
"inflect_ward_k27",22,3058439,"TCRgd_CD141",1000,"no_detected_multimodality","neither test rejects in any seed",3,0,0,0,0.999510856640308,0.931965982991496
"inflect_ward_k27",22,3058439,"TCRgd_CD141",5000,"no_detected_multimodality","neither test rejects in any seed",3,0,0,0,1,0.349824912456228
"inflect_ward_k27",23,217883,"CD11c",1000,"ambiguous","discordant_tests;seed_instability;borderline_q",3,0,0,1,0.997076702338203,0.0135067533766883
"inflect_ward_k27",23,217883,"CD11c",5000,"detected_multimodality","both tests reject in at least two seeds",3,3,3,3,0.00448040356325039,0
"inflect_ward_k27",23,217883,"CD14",1000,"detected_multimodality","both tests reject in at least two seeds",3,3,3,3,0,0
"inflect_ward_k27",23,217883,"CD14",5000,"detected_multimodality","both tests reject in at least two seeds",3,3,3,3,0,0
"inflect_ward_k27",23,217883,"CD161",1000,"no_detected_multimodality","neither test rejects in any seed",3,0,0,0,0.997076702338203,0.7844306768769
"inflect_ward_k27",23,217883,"CD161",5000,"no_detected_multimodality","neither test rejects in any seed",3,0,0,0,1,0.947473736868434
"inflect_ward_k27",23,217883,"CD1c",1000,"detected_multimodality","both tests reject in at least two seeds",3,2,2,3,0.0202816104000443,0
"inflect_ward_k27",23,217883,"CD1c",5000,"detected_multimodality","both tests reject in at least two seeds",3,3,3,3,0,0
"inflect_ward_k27",23,217883,"CD4",1000,"no_detected_multimodality","neither test rejects in any seed",3,0,0,0,0.997076702338203,0.7844306768769
"inflect_ward_k27",23,217883,"CD4",5000,"no_detected_multimodality","neither test rejects in any seed",3,0,0,0,1,0.884985971246493
"inflect_ward_k27",23,217883,"HLA-DR",1000,"detected_multimodality","both tests reject in at least two seeds",3,3,3,3,0.000254424099655759,0
"inflect_ward_k27",23,217883,"HLA-DR",5000,"detected_multimodality","both tests reject in at least two seeds",3,3,3,3,0,0
"inflect_ward_k27",23,217883,"TCRgd_CD141",1000,"detected_multimodality","both tests reject in at least two seeds",3,2,2,3,0.0202816104000443,0
"inflect_ward_k27",23,217883,"TCRgd_CD141",5000,"detected_multimodality","both tests reject in at least two seeds",3,3,3,3,0,0
"inflect_ward_k27",24,4350638,"CD11c",1000,"no_detected_multimodality","neither test rejects in any seed",3,0,0,0,0.998820345182144,0.949974987493747
"inflect_ward_k27",24,4350638,"CD11c",5000,"no_detected_multimodality","neither test rejects in any seed",3,0,0,0,1,0.655077538769385
"inflect_ward_k27",25,10638712,"CD127",1000,"ambiguous","discordant_tests;seed_instability",3,0,0,1,0.88737227104722,0.0101300650325163
"inflect_ward_k27",25,10638712,"CD127",5000,"ambiguous","discordant_tests;seed_instability",3,1,1,3,0.0326705399038618,0
"inflect_ward_k27",25,10638712,"CD161",1000,"no_detected_multimodality","neither test rejects in any seed",3,0,0,0,0.999335761403569,0.926023011505753
"inflect_ward_k27",25,10638712,"CD161",5000,"no_detected_multimodality","neither test rejects in any seed",3,0,0,0,1,0.904952476238119
"inflect_ward_k27",25,10638712,"CD197_CCR7",1000,"detected_multimodality","both tests reject in at least two seeds",3,3,3,3,0.000579381362514064,0
"inflect_ward_k27",25,10638712,"CD197_CCR7",5000,"detected_multimodality","both tests reject in at least two seeds",3,3,3,3,0,0
"inflect_ward_k27",25,10638712,"CD1c",1000,"no_detected_multimodality","neither test rejects in any seed",3,0,0,0,0.999335761403569,0.895743326208559
"inflect_ward_k27",25,10638712,"CD1c",5000,"no_detected_multimodality","neither test rejects in any seed",3,0,0,0,1,0.843421710855428
"inflect_ward_k27",25,10638712,"CD27",1000,"detected_multimodality","both tests reject in at least two seeds",3,3,3,3,2.11406618900734e-05,0
"inflect_ward_k27",25,10638712,"CD27",5000,"detected_multimodality","both tests reject in at least two seeds",3,3,3,3,0,0
"inflect_ward_k27",25,10638712,"CD294_CRTH2",1000,"no_detected_multimodality","neither test rejects in any seed",3,0,0,0,0.999335761403569,0.926023011505753
"inflect_ward_k27",25,10638712,"CD294_CRTH2",5000,"no_detected_multimodality","neither test rejects in any seed",3,0,0,0,1,0.807703851925963
"inflect_ward_k27",25,10638712,"CD45RA",1000,"ambiguous","discordant_tests;seed_instability;borderline_q",3,0,0,2,0.999335761403569,0.00450225112556278
"inflect_ward_k27",25,10638712,"CD45RA",5000,"ambiguous","discordant_tests;borderline_q",3,0,0,3,0.0599497062971295,0
"inflect_ward_k27",25,10638712,"CD7",1000,"ambiguous","discordant_tests;seed_instability",3,1,1,2,0.0437181430891256,0
"inflect_ward_k27",25,10638712,"CD7",5000,"detected_multimodality","both tests reject in at least two seeds",3,3,3,3,0,0
"inflect_ward_k27",27,2920244,"CD14",1000,"no_detected_multimodality","neither test rejects in any seed",3,0,0,0,0.998992951194182,0.944472236118059
"inflect_ward_k27",27,2920244,"CD14",5000,"no_detected_multimodality","neither test rejects in any seed",3,0,0,0,1,0.877938969484742
"inflect_ward_k27",27,2920244,"CD27",1000,"no_detected_multimodality","neither test rejects in any seed",3,0,0,0,0.998992951194182,0.944472236118059
"inflect_ward_k27",27,2920244,"CD27",5000,"no_detected_multimodality","neither test rejects in any seed",3,0,0,0,1,0.700100050025013
"inflect_ward_k27",27,2920244,"CD45RA",1000,"no_detected_multimodality","neither test rejects in any seed",3,0,0,0,0.998992951194182,0.944472236118059
"inflect_ward_k27",27,2920244,"CD45RA",5000,"no_detected_multimodality","neither test rejects in any seed",3,0,0,0,1,0.877938969484742
"inflect_ward_k27",27,2920244,"CD56",1000,"no_detected_multimodality","neither test rejects in any seed",3,0,0,0,0.998992951194182,0.944472236118059
"inflect_ward_k27",27,2920244,"CD56",5000,"no_detected_multimodality","neither test rejects in any seed",3,0,0,0,1,0.104677338669335
"inflect_ward_k27",27,2920244,"CD57",1000,"no_detected_multimodality","neither test rejects in any seed",3,0,0,0,0.998992951194182,0.944472236118059
"inflect_ward_k27",27,2920244,"CD57",5000,"no_detected_multimodality","neither test rejects in any seed",3,0,0,0,1,0.877938969484742
"inflect_ward_k27",27,2920244,"CD7",1000,"no_detected_multimodality","neither test rejects in any seed",3,0,0,0,0.998992951194182,0.944472236118059
"inflect_ward_k27",27,2920244,"CD7",5000,"no_detected_multimodality","neither test rejects in any seed",3,0,0,0,1,0.700100050025013
"inflect_ward_k27",27,2920244,"HLA-DR",1000,"no_detected_multimodality","neither test rejects in any seed",3,0,0,0,0.998992951194182,0.351175587793897
"inflect_ward_k27",27,2920244,"HLA-DR",5000,"no_detected_multimodality","neither test rejects in any seed",3,0,0,0,1,0.877938969484742
"inflect_ward_k27",27,2920244,"Tbet",1000,"no_detected_multimodality","neither test rejects in any seed",3,0,0,0,0.998992951194182,0.944472236118059
"inflect_ward_k27",27,2920244,"Tbet",5000,"no_detected_multimodality","neither test rejects in any seed",3,0,0,0,1,0.276888444222111
"inflect_ward_k28",1,1026945,"CD11c",1000,"detected_multimodality","both tests reject in at least two seeds",3,3,3,3,0.000148422825672345,0
"inflect_ward_k28",1,1026945,"CD11c",5000,"detected_multimodality","both tests reject in at least two seeds",3,3,3,3,0,0
"inflect_ward_k28",1,1026945,"CD161",1000,"detected_multimodality","both tests reject in at least two seeds",3,3,3,3,0,0
"inflect_ward_k28",1,1026945,"CD161",5000,"detected_multimodality","both tests reject in at least two seeds",3,3,3,3,0,0
"inflect_ward_k28",1,1026945,"CD185_CXCR5",1000,"no_detected_multimodality","neither test rejects in any seed",3,0,0,0,0.99971046698172,0.914600157221468
"inflect_ward_k28",1,1026945,"CD185_CXCR5",5000,"ambiguous","discordant_tests",3,0,0,3,1,0
"inflect_ward_k28",1,1026945,"CD197_CCR7",1000,"no_detected_multimodality","neither test rejects in any seed",3,0,0,0,0.99971046698172,0.914600157221468
"inflect_ward_k28",1,1026945,"CD197_CCR7",5000,"ambiguous","discordant_tests;seed_instability;borderline_q",3,0,0,1,1,0.0192953619666976
"inflect_ward_k28",1,1026945,"CD27",1000,"no_detected_multimodality","neither test rejects in any seed",3,0,0,0,0.99971046698172,0.927855231963808
"inflect_ward_k28",1,1026945,"CD27",5000,"no_detected_multimodality","neither test rejects in any seed",3,0,0,0,1,0.442346173086543
"inflect_ward_k28",1,1026945,"CD57",1000,"ambiguous","discordant_tests;seed_instability",3,0,0,1,0.99971046698172,0.00900450225112556
"inflect_ward_k28",1,1026945,"CD57",5000,"ambiguous","borderline_q",3,0,0,0,1,0.0771814478667905
"inflect_ward_k28",1,1026945,"CD7",1000,"no_detected_multimodality","neither test rejects in any seed",3,0,0,0,0.99971046698172,0.340370185092546
"inflect_ward_k28",1,1026945,"CD7",5000,"no_detected_multimodality","neither test rejects in any seed",3,0,0,0,1,0.122788667060803
"inflect_ward_k28",1,1026945,"Tbet",1000,"no_detected_multimodality","neither test rejects in any seed",3,0,0,0,0.99971046698172,0.371435717858929
"inflect_ward_k28",1,1026945,"Tbet",5000,"ambiguous","discordant_tests",3,0,0,3,1,0.0135067533766883
"inflect_ward_k28",2,740677,"CD127",1000,"no_detected_multimodality","neither test rejects in any seed",3,0,0,0,0.998096306869657,0.742871435717859
"inflect_ward_k28",2,740677,"CD127",5000,"no_detected_multimodality","neither test rejects in any seed",3,0,0,0,1,0.927963981990996
"inflect_ward_k28",2,740677,"CD159c_NKG2C",1000,"ambiguous","discordant_tests;seed_instability",3,0,0,1,0.998096306869657,0.0202601300650325
"inflect_ward_k28",2,740677,"CD159c_NKG2C",5000,"detected_multimodality","both tests reject in at least two seeds",3,2,2,3,0.00243434552498878,0
"inflect_ward_k28",2,740677,"CD16",1000,"no_detected_multimodality","neither test rejects in any seed",3,0,0,0,0.998096306869657,0.364682341170585
"inflect_ward_k28",2,740677,"CD16",5000,"no_detected_multimodality","neither test rejects in any seed",3,0,0,0,1,0.736118059029515
"inflect_ward_k28",2,740677,"CD161",1000,"no_detected_multimodality","neither test rejects in any seed",3,0,0,0,0.998096306869657,0.957478739369685
"inflect_ward_k28",2,740677,"CD161",5000,"no_detected_multimodality","neither test rejects in any seed",3,0,0,0,1,0.495890802544129
"inflect_ward_k28",2,740677,"CD1c",1000,"no_detected_multimodality","neither test rejects in any seed",3,0,0,0,0.998096306869657,0.742871435717859
"inflect_ward_k28",2,740677,"CD1c",5000,"no_detected_multimodality","neither test rejects in any seed",3,0,0,0,1,0.288553367592887
"inflect_ward_k28",2,740677,"CD21",1000,"no_detected_multimodality","neither test rejects in any seed",3,0,0,0,0.998096306869657,0.742871435717859
"inflect_ward_k28",2,740677,"CD21",5000,"no_detected_multimodality","neither test rejects in any seed",3,0,0,0,1,0.909108400354023
"inflect_ward_k28",2,740677,"CD57",1000,"detected_multimodality","both tests reject in at least two seeds",3,3,3,3,0,0
"inflect_ward_k28",2,740677,"CD57",5000,"detected_multimodality","both tests reject in at least two seeds",3,3,3,3,0,0
"inflect_ward_k28",2,740677,"CD8",1000,"no_detected_multimodality","neither test rejects in any seed",3,0,0,0,0.998096306869657,0.432216108054027
"inflect_ward_k28",2,740677,"CD8",5000,"no_detected_multimodality","neither test rejects in any seed",3,0,0,0,1,0.647479989994997
"inflect_ward_k28",2,740677,"HLA-DR",1000,"no_detected_multimodality","neither test rejects in any seed",3,0,0,0,0.998096306869657,0.373686843421711
"inflect_ward_k28",2,740677,"HLA-DR",5000,"no_detected_multimodality","neither test rejects in any seed",3,0,0,0,1,0.837981490745373
"inflect_ward_k28",2,740677,"TCRgd_CD141",1000,"no_detected_multimodality","neither test rejects in any seed",3,0,0,0,0.998096306869657,0.957478739369685
"inflect_ward_k28",2,740677,"TCRgd_CD141",5000,"ambiguous","discordant_tests",3,0,0,3,1,0
"inflect_ward_k28",3,374114,"CD11c",1000,"ambiguous","borderline_q",3,0,0,0,0.997925298047327,0.0810405202601301
"inflect_ward_k28",3,374114,"CD11c",5000,"ambiguous","discordant_tests;seed_instability",3,0,0,2,0.137650796580152,0
"inflect_ward_k28",3,374114,"CD16",1000,"detected_multimodality","both tests reject in at least two seeds",3,3,3,3,0,0
"inflect_ward_k28",3,374114,"CD16",5000,"detected_multimodality","both tests reject in at least two seeds",3,3,3,3,0,0
"inflect_ward_k28",3,374114,"CD25",1000,"no_detected_multimodality","neither test rejects in any seed",3,0,0,0,0.997925298047327,0.935967983991996
"inflect_ward_k28",3,374114,"CD25",5000,"no_detected_multimodality","neither test rejects in any seed",3,0,0,0,1,0.968984492246123
"inflect_ward_k28",3,374114,"CD294_CRTH2",1000,"no_detected_multimodality","neither test rejects in any seed",3,0,0,0,0.997925298047327,0.738715511601955
"inflect_ward_k28",3,374114,"CD294_CRTH2",5000,"no_detected_multimodality","neither test rejects in any seed",3,0,0,0,1,0.202601300650325
"inflect_ward_k28",3,374114,"CD3",1000,"detected_multimodality","both tests reject in at least two seeds",3,3,3,3,0.000262571456487448,0
"inflect_ward_k28",3,374114,"CD3",5000,"detected_multimodality","both tests reject in at least two seeds",3,3,3,3,0,0
"inflect_ward_k28",3,374114,"CD38",1000,"no_detected_multimodality","neither test rejects in any seed",3,0,0,0,0.997925298047327,0.935967983991996
"inflect_ward_k28",3,374114,"CD38",5000,"ambiguous","discordant_tests",3,0,0,3,1,0
"inflect_ward_k28",3,374114,"CD4",1000,"no_detected_multimodality","neither test rejects in any seed",3,0,0,0,0.997925298047327,0.460730365182591
"inflect_ward_k28",3,374114,"CD4",5000,"no_detected_multimodality","neither test rejects in any seed",3,0,0,0,1,0.968984492246123
"inflect_ward_k28",3,374114,"CD56",1000,"no_detected_multimodality","neither test rejects in any seed",3,0,0,0,0.997925298047327,0.7475987993997
"inflect_ward_k28",3,374114,"CD56",5000,"ambiguous","discordant_tests",3,0,0,3,0.305961241881019,0
"inflect_ward_k28",3,374114,"CD57",1000,"detected_multimodality","both tests reject in at least two seeds",3,3,3,3,0,0
"inflect_ward_k28",3,374114,"CD57",5000,"detected_multimodality","both tests reject in at least two seeds",3,3,3,3,0,0
"inflect_ward_k28",3,374114,"FoxP3",1000,"no_detected_multimodality","neither test rejects in any seed",3,0,0,0,0.997925298047327,0.7475987993997
"inflect_ward_k28",3,374114,"FoxP3",5000,"no_detected_multimodality","neither test rejects in any seed",3,0,0,0,1,0.963277093092001
"inflect_ward_k28",4,510865,"CD11c",1000,"detected_multimodality","both tests reject in at least two seeds",3,3,3,3,0,0
"inflect_ward_k28",4,510865,"CD11c",5000,"detected_multimodality","both tests reject in at least two seeds",3,3,3,3,0,0
"inflect_ward_k28",4,510865,"CD127",1000,"no_detected_multimodality","neither test rejects in any seed",3,0,0,0,0.99886991835319,0.747136726257866
"inflect_ward_k28",4,510865,"CD127",5000,"no_detected_multimodality","neither test rejects in any seed",3,0,0,0,1,0.919459729864933
"inflect_ward_k28",4,510865,"CD14",1000,"no_detected_multimodality","neither test rejects in any seed",3,0,0,0,0.99886991835319,0.958979489744872
"inflect_ward_k28",4,510865,"CD14",5000,"no_detected_multimodality","neither test rejects in any seed",3,0,0,0,1,0.919459729864933
"inflect_ward_k28",4,510865,"CD159c_NKG2C",1000,"no_detected_multimodality","neither test rejects in any seed",3,0,0,0,0.99886991835319,0.434917458729365
"inflect_ward_k28",4,510865,"CD159c_NKG2C",5000,"no_detected_multimodality","neither test rejects in any seed",3,0,0,0,1,0.790895447723862
"inflect_ward_k28",4,510865,"CD16",1000,"no_detected_multimodality","neither test rejects in any seed",3,0,0,0,0.99886991835319,0.31335667833917
"inflect_ward_k28",4,510865,"CD16",5000,"ambiguous","borderline_q",3,0,0,0,1,0.0694633030801115
"inflect_ward_k28",4,510865,"CD161",1000,"no_detected_multimodality","neither test rejects in any seed",3,0,0,0,0.99886991835319,0.640956842057392
"inflect_ward_k28",4,510865,"CD161",5000,"ambiguous","borderline_q",3,0,0,0,1,0.0648324162081041
"inflect_ward_k28",4,510865,"CD19",1000,"no_detected_multimodality","neither test rejects in any seed",3,0,0,0,0.99886991835319,0.821982419781319
"inflect_ward_k28",4,510865,"CD19",5000,"no_detected_multimodality","neither test rejects in any seed",3,0,0,0,1,0.919459729864933
"inflect_ward_k28",4,510865,"CD3",1000,"detected_multimodality","both tests reject in at least two seeds",3,3,3,3,0,0
"inflect_ward_k28",4,510865,"CD3",5000,"detected_multimodality","both tests reject in at least two seeds",3,3,3,3,0,0
"inflect_ward_k28",4,510865,"CD303_TCRvd2",1000,"no_detected_multimodality","neither test rejects in any seed",3,0,0,0,0.99886991835319,0.747136726257866
"inflect_ward_k28",4,510865,"CD303_TCRvd2",5000,"no_detected_multimodality","neither test rejects in any seed",3,0,0,0,1,0.919459729864933
"inflect_ward_k28",4,510865,"CD56",1000,"detected_multimodality","both tests reject in at least two seeds",3,3,3,3,0,0
"inflect_ward_k28",4,510865,"CD56",5000,"detected_multimodality","both tests reject in at least two seeds",3,3,3,3,0,0
"inflect_ward_k28",4,510865,"CD57",1000,"ambiguous","discordant_tests;borderline_q",3,0,0,3,0.0862367647410939,0
"inflect_ward_k28",4,510865,"CD57",5000,"detected_multimodality","both tests reject in at least two seeds",3,3,3,3,0.00659156544286604,0
"inflect_ward_k28",4,510865,"TCRgd_CD141",1000,"no_detected_multimodality","neither test rejects in any seed",3,0,0,0,0.99886991835319,0.747136726257866
"inflect_ward_k28",4,510865,"TCRgd_CD141",5000,"no_detected_multimodality","neither test rejects in any seed",3,0,0,0,1,0.790895447723862
"inflect_ward_k28",5,364460,"CD11c",1000,"ambiguous","discordant_tests;seed_instability",3,1,1,3,0,0
"inflect_ward_k28",5,364460,"CD11c",5000,"detected_multimodality","both tests reject in at least two seeds",3,3,3,3,0,0
"inflect_ward_k28",5,364460,"CD161",1000,"no_detected_multimodality","neither test rejects in any seed",3,0,0,0,0.999850946584775,0.110755377688844
"inflect_ward_k28",5,364460,"CD161",5000,"detected_multimodality","both tests reject in at least two seeds",3,3,3,3,4.26000823062211e-05,0
"inflect_ward_k28",5,364460,"CD197_CCR7",1000,"no_detected_multimodality","neither test rejects in any seed",3,0,0,0,0.999850946584775,0.876438219109555
"inflect_ward_k28",5,364460,"CD197_CCR7",5000,"no_detected_multimodality","neither test rejects in any seed",3,0,0,0,1,0.670272636318159
"inflect_ward_k28",5,364460,"CD27",1000,"no_detected_multimodality","neither test rejects in any seed",3,0,0,0,0.999850946584775,0.952745603571016
"inflect_ward_k28",5,364460,"CD27",5000,"no_detected_multimodality","neither test rejects in any seed",3,0,0,0,1,0.570660330165083
"inflect_ward_k28",5,364460,"CD3",1000,"ambiguous","discordant_tests;seed_instability",3,0,0,1,0.999850946584775,0
"inflect_ward_k28",5,364460,"CD3",5000,"detected_multimodality","both tests reject in at least two seeds",3,2,2,3,0.0132443924761406,0
"inflect_ward_k28",5,364460,"CD45RA",1000,"no_detected_multimodality","neither test rejects in any seed",3,0,0,0,0.999850946584775,0.283641820910455
"inflect_ward_k28",5,364460,"CD45RA",5000,"no_detected_multimodality","neither test rejects in any seed",3,0,0,0,1,0.682610536037249
"inflect_ward_k28",5,364460,"CD56",1000,"ambiguous","borderline_q",3,0,0,0,0.999850946584775,0.0990495247623812
"inflect_ward_k28",5,364460,"CD56",5000,"ambiguous","discordant_tests;seed_instability;borderline_q",3,1,1,3,0.0140493689820312,0
"inflect_ward_k28",5,364460,"CD57",1000,"ambiguous","discordant_tests;seed_instability",3,0,0,1,0.999850946584775,0
"inflect_ward_k28",5,364460,"CD57",5000,"ambiguous","discordant_tests",3,0,0,3,1,0
"inflect_ward_k28",5,364460,"HLA-DR",1000,"no_detected_multimodality","neither test rejects in any seed",3,0,0,0,0.999850946584775,0.877325026149438
"inflect_ward_k28",5,364460,"HLA-DR",5000,"no_detected_multimodality","neither test rejects in any seed",3,0,0,0,1,0.476788394197099
"inflect_ward_k28",6,408648,"CD159c_NKG2C",1000,"no_detected_multimodality","neither test rejects in any seed",3,0,0,0,0.998656186863583,0.719412337747821
"inflect_ward_k28",6,408648,"CD159c_NKG2C",5000,"ambiguous","discordant_tests;seed_instability;borderline_q",3,1,1,3,0.0366889055137199,0
"inflect_ward_k28",6,408648,"CD16",1000,"detected_multimodality","both tests reject in at least two seeds",3,3,3,3,0,0
"inflect_ward_k28",6,408648,"CD16",5000,"detected_multimodality","both tests reject in at least two seeds",3,3,3,3,0,0
"inflect_ward_k28",6,408648,"CD1c",1000,"no_detected_multimodality","neither test rejects in any seed",3,0,0,0,0.998656186863583,0.226913456728364
"inflect_ward_k28",6,408648,"CD1c",5000,"no_detected_multimodality","neither test rejects in any seed",3,0,0,0,1,0.192096048024012
"inflect_ward_k28",6,408648,"CD21",1000,"no_detected_multimodality","neither test rejects in any seed",3,0,0,0,0.998656186863583,0.471048024012006
"inflect_ward_k28",6,408648,"CD21",5000,"no_detected_multimodality","neither test rejects in any seed",3,0,0,0,1,0.825841492174659
"inflect_ward_k28",6,408648,"CD3",1000,"detected_multimodality","both tests reject in at least two seeds",3,3,3,3,0,0
"inflect_ward_k28",6,408648,"CD3",5000,"detected_multimodality","both tests reject in at least two seeds",3,3,3,3,0,0
"inflect_ward_k28",6,408648,"CD57",1000,"detected_multimodality","both tests reject in at least two seeds",3,3,3,3,0,0
"inflect_ward_k28",6,408648,"CD57",5000,"detected_multimodality","both tests reject in at least two seeds",3,3,3,3,0,0
"inflect_ward_k28",6,408648,"CD7",1000,"no_detected_multimodality","neither test rejects in any seed",3,0,0,0,0.998656186863583,0.471048024012006
"inflect_ward_k28",6,408648,"CD7",5000,"no_detected_multimodality","neither test rejects in any seed",3,0,0,0,1,0.709624042790626
"inflect_ward_k28",6,408648,"CD8",1000,"ambiguous","discordant_tests;seed_instability",3,0,0,2,0.184147864533662,0.00337668834417209
"inflect_ward_k28",6,408648,"CD8",5000,"ambiguous","discordant_tests;seed_instability;borderline_q",3,1,1,2,0.0154783108313218,0
"inflect_ward_k28",6,408648,"TCRgd_CD141",1000,"no_detected_multimodality","neither test rejects in any seed",3,0,0,0,0.998656186863583,0.471048024012006
"inflect_ward_k28",6,408648,"TCRgd_CD141",5000,"ambiguous","discordant_tests;seed_instability",3,0,0,1,1,0.0135067533766883
"inflect_ward_k28",7,666506,"CD11c",1000,"no_detected_multimodality","neither test rejects in any seed",3,0,0,0,0.996589032105528,0.822831415707854
"inflect_ward_k28",7,666506,"CD11c",5000,"no_detected_multimodality","neither test rejects in any seed",3,0,0,0,1,0.906453226613307
"inflect_ward_k28",7,666506,"CD25",1000,"no_detected_multimodality","neither test rejects in any seed",3,0,0,0,0.996589032105528,0.760488940122235
"inflect_ward_k28",7,666506,"CD25",5000,"no_detected_multimodality","neither test rejects in any seed",3,0,0,0,1,0.50200100050025
"inflect_ward_k28",7,666506,"CD3",1000,"no_detected_multimodality","neither test rejects in any seed",3,0,0,0,0.996589032105528,0.649552048751649
"inflect_ward_k28",7,666506,"CD3",5000,"no_detected_multimodality","neither test rejects in any seed",3,0,0,0,1,0.606303151575788
"inflect_ward_k28",7,666506,"CD38",1000,"no_detected_multimodality","neither test rejects in any seed",3,0,0,0,0.996589032105528,0.649552048751649
"inflect_ward_k28",7,666506,"CD38",5000,"no_detected_multimodality","neither test rejects in any seed",3,0,0,0,1,0.906453226613307
"inflect_ward_k28",7,666506,"CD45RA",1000,"no_detected_multimodality","neither test rejects in any seed",3,0,0,0,0.996589032105528,0.108054027013507
"inflect_ward_k28",7,666506,"CD45RA",5000,"ambiguous","discordant_tests;seed_instability",3,0,0,2,0.123892308441242,0
"inflect_ward_k28",7,666506,"CD57",1000,"no_detected_multimodality","neither test rejects in any seed",3,0,0,0,0.996589032105528,0.319659829914957
"inflect_ward_k28",7,666506,"CD57",5000,"ambiguous","discordant_tests",3,0,0,3,1,0
"inflect_ward_k28",8,705582,"CD11c",1000,"detected_multimodality","both tests reject in at least two seeds",3,3,3,3,0.000174941738968148,0
"inflect_ward_k28",8,705582,"CD11c",5000,"detected_multimodality","both tests reject in at least two seeds",3,3,3,3,0,0
"inflect_ward_k28",8,705582,"CD161",1000,"ambiguous","discordant_tests;seed_instability",3,1,1,2,0.0222967745986992,0
"inflect_ward_k28",8,705582,"CD161",5000,"detected_multimodality","both tests reject in at least two seeds",3,3,3,3,0,0
"inflect_ward_k28",8,705582,"CD294_CRTH2",1000,"no_detected_multimodality","neither test rejects in any seed",3,0,0,0,0.998150949435788,0.41735867933967
"inflect_ward_k28",8,705582,"CD294_CRTH2",5000,"no_detected_multimodality","neither test rejects in any seed",3,0,0,0,1,0.87030471757618
"inflect_ward_k28",8,705582,"CD4",1000,"no_detected_multimodality","neither test rejects in any seed",3,0,0,0,0.998150949435788,0.677415630892369
"inflect_ward_k28",8,705582,"CD4",5000,"no_detected_multimodality","neither test rejects in any seed",3,0,0,0,1,0.87030471757618
"inflect_ward_k28",8,705582,"CD45RA",1000,"no_detected_multimodality","neither test rejects in any seed",3,0,0,0,0.998150949435788,0.551075537768885
"inflect_ward_k28",8,705582,"CD45RA",5000,"no_detected_multimodality","neither test rejects in any seed",3,0,0,0,1,0.639319659829915
"inflect_ward_k28",8,705582,"CD56",1000,"detected_multimodality","both tests reject in at least two seeds",3,3,3,3,0.00107853323454848,0
"inflect_ward_k28",8,705582,"CD56",5000,"detected_multimodality","both tests reject in at least two seeds",3,3,3,3,0,0
"inflect_ward_k28",8,705582,"CD7",1000,"ambiguous","discordant_tests;seed_instability;borderline_q",3,0,0,1,0.998150949435788,0.0101300650325163
"inflect_ward_k28",8,705582,"CD7",5000,"detected_multimodality","both tests reject in at least two seeds",3,3,3,3,9.13136560865002e-06,0
"inflect_ward_k28",8,705582,"FoxP3",1000,"ambiguous","borderline_q",3,0,0,0,0.998150949435788,0.0702351175587794
"inflect_ward_k28",8,705582,"FoxP3",5000,"ambiguous","discordant_tests",3,0,0,3,0.102689295843439,0
"inflect_ward_k28",8,705582,"HLA-DR",1000,"no_detected_multimodality","neither test rejects in any seed",3,0,0,0,0.998150949435788,0.417021010505253
"inflect_ward_k28",8,705582,"HLA-DR",5000,"no_detected_multimodality","neither test rejects in any seed",3,0,0,0,1,0.955977988994497
"inflect_ward_k28",9,608176,"CD11c",1000,"no_detected_multimodality","neither test rejects in any seed",3,0,0,0,1,0.875237618809405
"inflect_ward_k28",9,608176,"CD11c",5000,"no_detected_multimodality","neither test rejects in any seed",3,0,0,0,1,0.836804766019373
"inflect_ward_k28",9,608176,"CD3",1000,"no_detected_multimodality","neither test rejects in any seed",3,0,0,0,1,0.86125415649001
"inflect_ward_k28",9,608176,"CD3",5000,"no_detected_multimodality","neither test rejects in any seed",3,0,0,0,1,0.921273136568284
"inflect_ward_k28",9,608176,"CD45RA",1000,"no_detected_multimodality","neither test rejects in any seed",3,0,0,0,1,0.499749874937469
"inflect_ward_k28",9,608176,"CD45RA",5000,"ambiguous","discordant_tests",3,0,0,3,0.515945237161522,0
"inflect_ward_k28",9,608176,"CD56",1000,"no_detected_multimodality","neither test rejects in any seed",3,0,0,0,1,0.522261130565283
"inflect_ward_k28",9,608176,"CD56",5000,"no_detected_multimodality","neither test rejects in any seed",3,0,0,0,1,0.64832416208104
"inflect_ward_k28",9,608176,"CD57",1000,"detected_multimodality","both tests reject in at least two seeds",3,3,3,3,0,0
"inflect_ward_k28",9,608176,"CD57",5000,"detected_multimodality","both tests reject in at least two seeds",3,3,3,3,0,0
"inflect_ward_k28",10,264044,"CD11c",1000,"detected_multimodality","both tests reject in at least two seeds",3,3,3,3,0.00965512896625897,0
"inflect_ward_k28",10,264044,"CD11c",5000,"detected_multimodality","both tests reject in at least two seeds",3,3,3,3,0,0
"inflect_ward_k28",10,264044,"CD16",1000,"detected_multimodality","both tests reject in at least two seeds",3,3,3,3,0,0
"inflect_ward_k28",10,264044,"CD16",5000,"detected_multimodality","both tests reject in at least two seeds",3,3,3,3,0,0
"inflect_ward_k28",10,264044,"CD161",1000,"detected_multimodality","both tests reject in at least two seeds",3,3,3,3,6.5341517896389e-06,0
"inflect_ward_k28",10,264044,"CD161",5000,"detected_multimodality","both tests reject in at least two seeds",3,3,3,3,0,0
"inflect_ward_k28",10,264044,"CD185_CXCR5",1000,"no_detected_multimodality","neither test rejects in any seed",3,0,0,0,1,0.782041020510255
"inflect_ward_k28",10,264044,"CD185_CXCR5",5000,"ambiguous","discordant_tests",3,0,0,3,1,0.0255127563781891
"inflect_ward_k28",10,264044,"CD197_CCR7",1000,"no_detected_multimodality","neither test rejects in any seed",3,0,0,0,1,0.860680340170085
"inflect_ward_k28",10,264044,"CD197_CCR7",5000,"no_detected_multimodality","neither test rejects in any seed",3,0,0,0,1,0.682541270635318
"inflect_ward_k28",10,264044,"CD27",1000,"no_detected_multimodality","neither test rejects in any seed",3,0,0,0,1,0.110755377688844
"inflect_ward_k28",10,264044,"CD27",5000,"no_detected_multimodality","neither test rejects in any seed",3,0,0,0,1,0.956382037172432
"inflect_ward_k28",10,264044,"CD294_CRTH2",1000,"no_detected_multimodality","neither test rejects in any seed",3,0,0,0,1,0.12696348174087
"inflect_ward_k28",10,264044,"CD294_CRTH2",5000,"no_detected_multimodality","neither test rejects in any seed",3,0,0,0,1,0.273511755877939
"inflect_ward_k28",10,264044,"CD56",1000,"no_detected_multimodality","neither test rejects in any seed",3,0,0,0,1,0.495697848924462
"inflect_ward_k28",10,264044,"CD56",5000,"no_detected_multimodality","neither test rejects in any seed",3,0,0,0,1,0.651700850425213
"inflect_ward_k28",10,264044,"FoxP3",1000,"no_detected_multimodality","neither test rejects in any seed",3,0,0,0,1,0.202601300650325
"inflect_ward_k28",10,264044,"FoxP3",5000,"ambiguous","discordant_tests;seed_instability",3,0,0,1,1,0.0168834417208604
"inflect_ward_k28",10,264044,"Tbet",1000,"detected_multimodality","both tests reject in at least two seeds",3,3,3,3,0,0
"inflect_ward_k28",10,264044,"Tbet",5000,"detected_multimodality","both tests reject in at least two seeds",3,3,3,3,0,0
"inflect_ward_k28",11,132476,"CD127",1000,"no_detected_multimodality","neither test rejects in any seed",3,0,0,0,0.999290695528644,0.944829557635961
"inflect_ward_k28",11,132476,"CD127",5000,"no_detected_multimodality","neither test rejects in any seed",3,0,0,0,1,0.775512756378189
"inflect_ward_k28",11,132476,"CD159c_NKG2C",1000,"ambiguous","discordant_tests",3,0,0,3,0.348819049792671,0
"inflect_ward_k28",11,132476,"CD159c_NKG2C",5000,"detected_multimodality","both tests reject in at least two seeds",3,3,3,3,0,0
"inflect_ward_k28",11,132476,"CD16",1000,"no_detected_multimodality","neither test rejects in any seed",3,0,0,0,0.999290695528644,0.737468734367184
"inflect_ward_k28",11,132476,"CD16",5000,"no_detected_multimodality","neither test rejects in any seed",3,0,0,0,1,0.50200100050025
"inflect_ward_k28",11,132476,"CD161",1000,"no_detected_multimodality","neither test rejects in any seed",3,0,0,0,0.999290695528644,0.775673551061245
"inflect_ward_k28",11,132476,"CD161",5000,"no_detected_multimodality","neither test rejects in any seed",3,0,0,0,1,0.821098049024512
"inflect_ward_k28",11,132476,"CD1c",1000,"no_detected_multimodality","neither test rejects in any seed",3,0,0,0,0.999290695528644,0.920991745872937
"inflect_ward_k28",11,132476,"CD1c",5000,"no_detected_multimodality","neither test rejects in any seed",3,0,0,0,1,0.821098049024512
"inflect_ward_k28",11,132476,"CD21",1000,"no_detected_multimodality","neither test rejects in any seed",3,0,0,0,0.999290695528644,0.920991745872937
"inflect_ward_k28",11,132476,"CD21",5000,"no_detected_multimodality","neither test rejects in any seed",3,0,0,0,1,0.634817408704352
"inflect_ward_k28",11,132476,"CD294_CRTH2",1000,"no_detected_multimodality","neither test rejects in any seed",3,0,0,0,0.999290695528644,0.855427713856929
"inflect_ward_k28",11,132476,"CD294_CRTH2",5000,"no_detected_multimodality","neither test rejects in any seed",3,0,0,0,1,0.361305652826413
"inflect_ward_k28",11,132476,"CD3",1000,"no_detected_multimodality","neither test rejects in any seed",3,0,0,0,0.999290695528644,0.737468734367184
"inflect_ward_k28",11,132476,"CD3",5000,"ambiguous","discordant_tests",3,0,0,3,1,0
"inflect_ward_k28",11,132476,"Tbet",1000,"no_detected_multimodality","neither test rejects in any seed",3,0,0,0,0.999290695528644,0.920991745872937
"inflect_ward_k28",11,132476,"Tbet",5000,"no_detected_multimodality","neither test rejects in any seed",3,0,0,0,1,0.580790395197599
"inflect_ward_k28",12,195943,"CD161",1000,"detected_multimodality","both tests reject in at least two seeds",3,3,3,3,0.00259460263086242,0
"inflect_ward_k28",12,195943,"CD161",5000,"detected_multimodality","both tests reject in at least two seeds",3,3,3,3,0,0
"inflect_ward_k28",12,195943,"CD21",1000,"no_detected_multimodality","neither test rejects in any seed",3,0,0,0,0.999040525419912,0.781462159651254
"inflect_ward_k28",12,195943,"CD21",5000,"no_detected_multimodality","neither test rejects in any seed",3,0,0,0,1,0.195847923961981
"inflect_ward_k28",12,195943,"CD25",1000,"no_detected_multimodality","neither test rejects in any seed",3,0,0,0,0.999040525419912,0.825673706418427
"inflect_ward_k28",12,195943,"CD25",5000,"no_detected_multimodality","neither test rejects in any seed",3,0,0,0,1,0.649824912456228
"inflect_ward_k28",12,195943,"CD27",1000,"detected_multimodality","both tests reject in at least two seeds",3,3,3,3,0,0
"inflect_ward_k28",12,195943,"CD27",5000,"detected_multimodality","both tests reject in at least two seeds",3,3,3,3,0,0
"inflect_ward_k28",12,195943,"CD3",1000,"no_detected_multimodality","neither test rejects in any seed",3,0,0,0,0.999040525419912,0.669549060244408
"inflect_ward_k28",12,195943,"CD3",5000,"no_detected_multimodality","neither test rejects in any seed",3,0,0,0,1,0.195847923961981
"inflect_ward_k28",12,195943,"CD4",1000,"no_detected_multimodality","neither test rejects in any seed",3,0,0,0,0.999040525419912,0.202601300650325
"inflect_ward_k28",12,195943,"CD4",5000,"no_detected_multimodality","neither test rejects in any seed",3,0,0,0,1,0.917420248585831
"inflect_ward_k28",12,195943,"CD57",1000,"no_detected_multimodality","neither test rejects in any seed",3,0,0,0,0.999040525419912,0.781462159651254
"inflect_ward_k28",12,195943,"CD57",5000,"no_detected_multimodality","neither test rejects in any seed",3,0,0,0,1,0.490745372686343
"inflect_ward_k28",12,195943,"CD8",1000,"no_detected_multimodality","neither test rejects in any seed",3,0,0,0,0.999040525419912,0.781462159651254
"inflect_ward_k28",12,195943,"CD8",5000,"ambiguous","borderline_q",3,0,0,0,1,0.0585292646323162
"inflect_ward_k28",12,195943,"TCRgd_CD141",1000,"ambiguous","borderline_q",3,0,0,0,0.999040525419912,0.0844172086043021
"inflect_ward_k28",12,195943,"TCRgd_CD141",5000,"no_detected_multimodality","neither test rejects in any seed",3,0,0,0,1,0.676463231615808
"inflect_ward_k28",13,6160354,"CD127",1000,"no_detected_multimodality","neither test rejects in any seed",3,0,0,0,0.99856450726545,0.141820910455228
"inflect_ward_k28",13,6160354,"CD127",5000,"detected_multimodality","both tests reject in at least two seeds",3,2,2,3,0.000956656051292859,0
"inflect_ward_k28",13,6160354,"CD14",1000,"no_detected_multimodality","neither test rejects in any seed",3,0,0,0,0.99856450726545,0.752626313156578
"inflect_ward_k28",13,6160354,"CD14",5000,"no_detected_multimodality","neither test rejects in any seed",3,0,0,0,1,0.641570785392696
"inflect_ward_k28",13,6160354,"CD19",1000,"no_detected_multimodality","neither test rejects in any seed",3,0,0,0,0.99856450726545,0.239744872436218
"inflect_ward_k28",13,6160354,"CD19",5000,"no_detected_multimodality","neither test rejects in any seed",3,0,0,0,1,0.410605302651326
"inflect_ward_k28",13,6160354,"CD197_CCR7",1000,"detected_multimodality","both tests reject in at least two seeds",3,3,3,3,0,0
"inflect_ward_k28",13,6160354,"CD197_CCR7",5000,"detected_multimodality","both tests reject in at least two seeds",3,3,3,3,0,0
"inflect_ward_k28",13,6160354,"CD27",1000,"detected_multimodality","both tests reject in at least two seeds",3,3,3,3,0,0
"inflect_ward_k28",13,6160354,"CD27",5000,"detected_multimodality","both tests reject in at least two seeds",3,3,3,3,0,0
"inflect_ward_k28",13,6160354,"CD4",1000,"no_detected_multimodality","neither test rejects in any seed",3,0,0,0,0.99856450726545,0.398449224612306
"inflect_ward_k28",13,6160354,"CD4",5000,"no_detected_multimodality","neither test rejects in any seed",3,0,0,0,1,0.235017508754377
"inflect_ward_k28",13,6160354,"CD45RA",1000,"detected_multimodality","both tests reject in at least two seeds",3,3,3,3,0,0
"inflect_ward_k28",13,6160354,"CD45RA",5000,"detected_multimodality","both tests reject in at least two seeds",3,3,3,3,0,0
"inflect_ward_k28",13,6160354,"CD56",1000,"no_detected_multimodality","neither test rejects in any seed",3,0,0,0,0.99856450726545,0.434145644250697
"inflect_ward_k28",13,6160354,"CD56",5000,"no_detected_multimodality","neither test rejects in any seed",3,0,0,0,1,0.862181090545273
"inflect_ward_k28",13,6160354,"CD7",1000,"no_detected_multimodality","neither test rejects in any seed",3,0,0,0,0.99856450726545,0.289044522261131
"inflect_ward_k28",13,6160354,"CD7",5000,"no_detected_multimodality","neither test rejects in any seed",3,0,0,0,1,0.102651325662831
"inflect_ward_k28",13,6160354,"HLA-DR",1000,"no_detected_multimodality","neither test rejects in any seed",3,0,0,0,0.99856450726545,0.791336844893035
"inflect_ward_k28",13,6160354,"HLA-DR",5000,"no_detected_multimodality","neither test rejects in any seed",3,0,0,0,1,0.818224901924647
"inflect_ward_k28",14,547308,"CD161",1000,"ambiguous","discordant_tests;seed_instability",3,0,0,1,0.678814702855187,0.040520260130065
"inflect_ward_k28",14,547308,"CD161",5000,"ambiguous","discordant_tests;seed_instability",3,0,0,2,1,0.00270135067533767
"inflect_ward_k28",14,547308,"CD185_CXCR5",1000,"no_detected_multimodality","neither test rejects in any seed",3,0,0,0,0.999551526664646,0.79352176088044
"inflect_ward_k28",14,547308,"CD185_CXCR5",5000,"no_detected_multimodality","neither test rejects in any seed",3,0,0,0,1,0.682841420710355
"inflect_ward_k28",14,547308,"CD27",1000,"ambiguous","discordant_tests;seed_instability",3,0,0,2,0.848384082547964,0.00675337668834417
"inflect_ward_k28",14,547308,"CD27",5000,"detected_multimodality","both tests reject in at least two seeds",3,2,2,3,0.0313699928197013,0
"inflect_ward_k28",14,547308,"CD3",1000,"no_detected_multimodality","neither test rejects in any seed",3,0,0,0,0.999551526664646,0.219967126420353
"inflect_ward_k28",14,547308,"CD3",5000,"ambiguous","discordant_tests;seed_instability",3,1,1,3,0.00979938229716537,0
"inflect_ward_k28",14,547308,"CD303_TCRvd2",1000,"detected_multimodality","both tests reject in at least two seeds",3,3,3,3,0,0
"inflect_ward_k28",14,547308,"CD303_TCRvd2",5000,"detected_multimodality","both tests reject in at least two seeds",3,3,3,3,0,0
"inflect_ward_k28",14,547308,"CD56",1000,"no_detected_multimodality","neither test rejects in any seed",3,0,0,0,0.999551526664646,0.219967126420353
"inflect_ward_k28",14,547308,"CD56",5000,"no_detected_multimodality","neither test rejects in any seed",3,0,0,0,1,0.736118059029515
"inflect_ward_k28",14,547308,"CD57",1000,"ambiguous","discordant_tests;seed_instability",3,0,0,1,0.999551526664646,0.0303901950975488
"inflect_ward_k28",14,547308,"CD57",5000,"ambiguous","discordant_tests",3,0,0,3,1,0
"inflect_ward_k28",14,547308,"Tbet",1000,"no_detected_multimodality","neither test rejects in any seed",3,0,0,0,0.999551526664646,0.79352176088044
"inflect_ward_k28",14,547308,"Tbet",5000,"no_detected_multimodality","neither test rejects in any seed",3,0,0,0,1,0.490745372686343
"inflect_ward_k28",14,547308,"TCRgd_CD141",1000,"ambiguous","discordant_tests;seed_instability",3,0,0,2,0.447833424537038,0.00675337668834417
"inflect_ward_k28",14,547308,"TCRgd_CD141",5000,"ambiguous","discordant_tests;seed_instability",3,0,0,1,0.102286544650923,0.00337668834417209
"inflect_ward_k28",15,636588,"CD16",1000,"detected_multimodality","both tests reject in at least two seeds",3,2,2,3,0,0
"inflect_ward_k28",15,636588,"CD16",5000,"detected_multimodality","both tests reject in at least two seeds",3,3,3,3,0,0
"inflect_ward_k28",15,636588,"CD185_CXCR5",1000,"ambiguous","discordant_tests;seed_instability",3,0,0,1,0.9978485662175,0.00900450225112556
"inflect_ward_k28",15,636588,"CD185_CXCR5",5000,"detected_multimodality","both tests reject in at least two seeds",3,2,2,3,0.00346227696245102,0
"inflect_ward_k28",15,636588,"CD197_CCR7",1000,"no_detected_multimodality","neither test rejects in any seed",3,0,0,0,0.9978485662175,0.671585792896448
"inflect_ward_k28",15,636588,"CD197_CCR7",5000,"no_detected_multimodality","neither test rejects in any seed",3,0,0,0,1,0.36648324162081
"inflect_ward_k28",15,636588,"CD21",1000,"ambiguous","discordant_tests",3,0,0,3,0.773408189219515,0
"inflect_ward_k28",15,636588,"CD21",5000,"detected_multimodality","both tests reject in at least two seeds",3,3,3,3,0,0
"inflect_ward_k28",15,636588,"CD3",1000,"no_detected_multimodality","neither test rejects in any seed",3,0,0,0,0.9978485662175,0.671585792896448
"inflect_ward_k28",15,636588,"CD3",5000,"ambiguous","discordant_tests",3,0,0,3,0.474499058042107,0
"inflect_ward_k28",15,636588,"CD303_TCRvd2",1000,"no_detected_multimodality","neither test rejects in any seed",3,0,0,0,0.9978485662175,0.299078110483813
"inflect_ward_k28",15,636588,"CD303_TCRvd2",5000,"no_detected_multimodality","neither test rejects in any seed",3,0,0,0,1,0.565521891380473
"inflect_ward_k28",15,636588,"CD38",1000,"no_detected_multimodality","neither test rejects in any seed",3,0,0,0,0.9978485662175,0.209354677338669
"inflect_ward_k28",15,636588,"CD38",5000,"detected_multimodality","both tests reject in at least two seeds",3,3,3,3,0.00162289701665919,0
"inflect_ward_k28",15,636588,"CD45RA",1000,"no_detected_multimodality","neither test rejects in any seed",3,0,0,0,0.9978485662175,0.305252626313157
"inflect_ward_k28",15,636588,"CD45RA",5000,"ambiguous","discordant_tests;seed_instability",3,1,1,3,0.0281039312006844,0
"inflect_ward_k28",16,1332180,"CD161",1000,"ambiguous","discordant_tests;borderline_q",3,0,0,3,0.0860397508880783,0
"inflect_ward_k28",16,1332180,"CD161",5000,"detected_multimodality","both tests reject in at least two seeds",3,3,3,3,9.24208295031981e-05,0
"inflect_ward_k28",16,1332180,"CD21",1000,"no_detected_multimodality","neither test rejects in any seed",3,0,0,0,0.99903011221821,0.873783045368838
"inflect_ward_k28",16,1332180,"CD21",5000,"no_detected_multimodality","neither test rejects in any seed",3,0,0,0,1,0.90241995997999
"inflect_ward_k28",16,1332180,"CD27",1000,"detected_multimodality","both tests reject in at least two seeds",3,3,3,3,0,0
"inflect_ward_k28",16,1332180,"CD27",5000,"detected_multimodality","both tests reject in at least two seeds",3,3,3,3,0,0
"inflect_ward_k28",16,1332180,"CD3",1000,"no_detected_multimodality","neither test rejects in any seed",3,0,0,0,0.99903011221821,0.156292431930251
"inflect_ward_k28",16,1332180,"CD3",5000,"ambiguous","discordant_tests",3,0,0,3,0.700601792853181,0
"inflect_ward_k28",16,1332180,"CD303_TCRvd2",1000,"detected_multimodality","both tests reject in at least two seeds",3,3,3,3,0.00216071498279513,0
"inflect_ward_k28",16,1332180,"CD303_TCRvd2",5000,"detected_multimodality","both tests reject in at least two seeds",3,3,3,3,0,0
"inflect_ward_k28",16,1332180,"CD38",1000,"no_detected_multimodality","neither test rejects in any seed",3,0,0,0,0.99903011221821,0.767352426213107
"inflect_ward_k28",16,1332180,"CD38",5000,"no_detected_multimodality","neither test rejects in any seed",3,0,0,0,1,0.738369184592296
"inflect_ward_k28",16,1332180,"CD45RA",1000,"ambiguous","discordant_tests;seed_instability",3,0,0,1,0.390293423492112,0.00270135067533767
"inflect_ward_k28",16,1332180,"CD45RA",5000,"detected_multimodality","both tests reject in at least two seeds",3,2,2,3,5.43627805793812e-05,0
"inflect_ward_k28",16,1332180,"Tbet",1000,"detected_multimodality","both tests reject in at least two seeds",3,3,3,3,0,0
"inflect_ward_k28",16,1332180,"Tbet",5000,"detected_multimodality","both tests reject in at least two seeds",3,3,3,3,0,0
"inflect_ward_k28",17,160846,"CD14",1000,"no_detected_multimodality","neither test rejects in any seed",3,0,0,0,0.997135562595739,0.753845672836418
"inflect_ward_k28",17,160846,"CD14",5000,"no_detected_multimodality","neither test rejects in any seed",3,0,0,0,1,0.522711355677839
"inflect_ward_k28",17,160846,"CD159c_NKG2C",1000,"no_detected_multimodality","neither test rejects in any seed",3,0,0,0,0.997135562595739,0.165457728864432
"inflect_ward_k28",17,160846,"CD159c_NKG2C",5000,"ambiguous","discordant_tests",3,0,0,3,0.422151946181899,0
"inflect_ward_k28",17,160846,"CD19",1000,"no_detected_multimodality","neither test rejects in any seed",3,0,0,0,0.997135562595739,0.655077538769385
"inflect_ward_k28",17,160846,"CD19",5000,"ambiguous","discordant_tests;seed_instability",3,0,0,1,1,0.0371435717858929
"inflect_ward_k28",17,160846,"CD303_TCRvd2",1000,"no_detected_multimodality","neither test rejects in any seed",3,0,0,0,0.997135562595739,0.317408704352176
"inflect_ward_k28",17,160846,"CD303_TCRvd2",5000,"no_detected_multimodality","neither test rejects in any seed",3,0,0,0,1,0.343071535767884
"inflect_ward_k28",17,160846,"CD38",1000,"no_detected_multimodality","neither test rejects in any seed",3,0,0,0,0.997135562595739,0.785524341117927
"inflect_ward_k28",17,160846,"CD38",5000,"no_detected_multimodality","neither test rejects in any seed",3,0,0,0,1,0.600531034748143
"inflect_ward_k28",17,160846,"CD45RA",1000,"no_detected_multimodality","neither test rejects in any seed",3,0,0,0,0.997135562595739,0.531265632816408
"inflect_ward_k28",17,160846,"CD45RA",5000,"no_detected_multimodality","neither test rejects in any seed",3,0,0,0,1,0.185717858929465
"inflect_ward_k28",17,160846,"CD56",1000,"ambiguous","discordant_tests",3,0,0,3,0.447690112539984,0
"inflect_ward_k28",17,160846,"CD56",5000,"detected_multimodality","both tests reject in at least two seeds",3,3,3,3,0.0215819467313726,0
"inflect_ward_k28",17,160846,"CD57",1000,"detected_multimodality","both tests reject in at least two seeds",3,2,2,3,0,0
"inflect_ward_k28",17,160846,"CD57",5000,"detected_multimodality","both tests reject in at least two seeds",3,3,3,3,0,0
"inflect_ward_k28",17,160846,"HLA-DR",1000,"no_detected_multimodality","neither test rejects in any seed",3,0,0,0,0.997135562595739,0.734767383691846
"inflect_ward_k28",17,160846,"HLA-DR",5000,"no_detected_multimodality","neither test rejects in any seed",3,0,0,0,1,0.583684699492603
"inflect_ward_k28",18,336733,"CD161",1000,"ambiguous","discordant_tests",3,0,0,3,0.273352368050786,0
"inflect_ward_k28",18,336733,"CD161",5000,"detected_multimodality","both tests reject in at least two seeds",3,3,3,3,0,0
"inflect_ward_k28",18,336733,"CD27",1000,"detected_multimodality","both tests reject in at least two seeds",3,2,2,3,0.00207927452791823,0
"inflect_ward_k28",18,336733,"CD27",5000,"detected_multimodality","both tests reject in at least two seeds",3,3,3,3,0,0
"inflect_ward_k28",18,336733,"CD57",1000,"no_detected_multimodality","neither test rejects in any seed",3,0,0,0,0.999404348593402,0.886583291645823
"inflect_ward_k28",18,336733,"CD57",5000,"no_detected_multimodality","neither test rejects in any seed",3,0,0,0,0.999700104116654,0.760599049524762
"inflect_ward_k28",18,336733,"CD8",1000,"no_detected_multimodality","neither test rejects in any seed",3,0,0,0,0.999404348593402,0.836899218840189
"inflect_ward_k28",18,336733,"CD8",5000,"no_detected_multimodality","neither test rejects in any seed",3,0,0,0,0.999700104116654,0.760599049524762
"inflect_ward_k28",19,99969,"CD11c",1000,"no_detected_multimodality","neither test rejects in any seed",3,0,0,0,1,0.831062590118589
"inflect_ward_k28",19,99969,"CD11c",5000,"no_detected_multimodality","neither test rejects in any seed",3,0,0,0,1,0.910455227613807
"inflect_ward_k28",19,99969,"CD127",1000,"ambiguous","discordant_tests;seed_instability;borderline_q",3,0,0,2,0.299236401184259,0.00337668834417209
"inflect_ward_k28",19,99969,"CD127",5000,"detected_multimodality","both tests reject in at least two seeds",3,3,3,3,7.82727311845477e-05,0
"inflect_ward_k28",19,99969,"CD159c_NKG2C",1000,"no_detected_multimodality","neither test rejects in any seed",3,0,0,0,1,0.649824912456228
"inflect_ward_k28",19,99969,"CD159c_NKG2C",5000,"ambiguous","discordant_tests;seed_instability",3,0,0,1,1,0.032416208104052
"inflect_ward_k28",19,99969,"CD16",1000,"detected_multimodality","both tests reject in at least two seeds",3,3,3,3,0,0
"inflect_ward_k28",19,99969,"CD16",5000,"detected_multimodality","both tests reject in at least two seeds",3,3,3,3,0,0
"inflect_ward_k28",19,99969,"CD161",1000,"ambiguous","discordant_tests;seed_instability",3,0,0,1,0.414475015656009,0.0115772171800186
"inflect_ward_k28",19,99969,"CD161",5000,"ambiguous","discordant_tests;seed_instability",3,0,0,1,1,0.0343808267770249
"inflect_ward_k28",19,99969,"CD27",1000,"detected_multimodality","both tests reject in at least two seeds",3,3,3,3,0.000893574444845946,0
"inflect_ward_k28",19,99969,"CD27",5000,"detected_multimodality","both tests reject in at least two seeds",3,3,3,3,0,0
"inflect_ward_k28",19,99969,"CD4",1000,"ambiguous","borderline_q",3,0,0,0,1,0.0692221110555278
"inflect_ward_k28",19,99969,"CD4",5000,"ambiguous","discordant_tests",3,0,0,3,0.418011716126333,0
"inflect_ward_k28",19,99969,"CD45RA",1000,"detected_multimodality","both tests reject in at least two seeds",3,2,2,3,0,0
"inflect_ward_k28",19,99969,"CD45RA",5000,"detected_multimodality","both tests reject in at least two seeds",3,3,3,3,0,0
"inflect_ward_k28",19,99969,"CD56",1000,"ambiguous","discordant_tests;seed_instability",3,1,1,3,0.0394566331248666,0
"inflect_ward_k28",19,99969,"CD56",5000,"detected_multimodality","both tests reject in at least two seeds",3,3,3,3,0,0
"inflect_ward_k28",19,99969,"CD57",1000,"ambiguous","discordant_tests;seed_instability",3,0,0,1,1,0.0180090045022511
"inflect_ward_k28",19,99969,"CD57",5000,"ambiguous","discordant_tests",3,0,0,3,0.189984042675463,0
"inflect_ward_k28",19,99969,"Tbet",1000,"ambiguous","discordant_tests;seed_instability",3,1,1,2,0.000254452490450974,0
"inflect_ward_k28",19,99969,"Tbet",5000,"detected_multimodality","both tests reject in at least two seeds",3,3,3,3,0,0
"inflect_ward_k28",20,1298228,"CD127",1000,"no_detected_multimodality","neither test rejects in any seed",3,0,0,0,1,0.887762062849607
"inflect_ward_k28",20,1298228,"CD127",5000,"no_detected_multimodality","neither test rejects in any seed",3,0,0,0,1,0.972986493246623
"inflect_ward_k28",20,1298228,"CD16",1000,"no_detected_multimodality","neither test rejects in any seed",3,0,0,0,1,0.690532766383192
"inflect_ward_k28",20,1298228,"CD16",5000,"no_detected_multimodality","neither test rejects in any seed",3,0,0,0,1,0.972986493246623
"inflect_ward_k28",20,1298228,"CD161",1000,"no_detected_multimodality","neither test rejects in any seed",3,0,0,0,1,0.990495247623812
"inflect_ward_k28",20,1298228,"CD161",5000,"no_detected_multimodality","neither test rejects in any seed",3,0,0,0,1,0.972986493246623
"inflect_ward_k28",20,1298228,"CD185_CXCR5",1000,"ambiguous","discordant_tests;borderline_q",3,0,0,3,0.0829297769563297,0
"inflect_ward_k28",20,1298228,"CD185_CXCR5",5000,"detected_multimodality","both tests reject in at least two seeds",3,3,3,3,0,0
"inflect_ward_k28",20,1298228,"CD19",1000,"ambiguous","discordant_tests;seed_instability;borderline_q",3,0,0,1,1,0.0180090045022511
"inflect_ward_k28",20,1298228,"CD19",5000,"detected_multimodality","both tests reject in at least two seeds",3,3,3,3,0,0
"inflect_ward_k28",20,1298228,"CD1c",1000,"no_detected_multimodality","neither test rejects in any seed",3,0,0,0,1,0.990495247623812
"inflect_ward_k28",20,1298228,"CD1c",5000,"no_detected_multimodality","neither test rejects in any seed",3,0,0,0,1,0.511905952976488
"inflect_ward_k28",20,1298228,"CD21",1000,"detected_multimodality","both tests reject in at least two seeds",3,3,3,3,0.000405057750319182,0
"inflect_ward_k28",20,1298228,"CD21",5000,"detected_multimodality","both tests reject in at least two seeds",3,3,3,3,0,0
"inflect_ward_k28",20,1298228,"CD25",1000,"no_detected_multimodality","neither test rejects in any seed",3,0,0,0,1,0.990495247623812
"inflect_ward_k28",20,1298228,"CD25",5000,"no_detected_multimodality","neither test rejects in any seed",3,0,0,0,1,0.825500985787011
"inflect_ward_k28",20,1298228,"CD27",1000,"no_detected_multimodality","neither test rejects in any seed",3,0,0,0,1,0.416008004002001
"inflect_ward_k28",20,1298228,"CD27",5000,"no_detected_multimodality","neither test rejects in any seed",3,0,0,0,1,0.825500985787011
"inflect_ward_k28",20,1298228,"CD294_CRTH2",1000,"no_detected_multimodality","neither test rejects in any seed",3,0,0,0,1,0.222861430715358
"inflect_ward_k28",20,1298228,"CD294_CRTH2",5000,"no_detected_multimodality","neither test rejects in any seed",3,0,0,0,1,0.511905952976488
"inflect_ward_k28",20,1298228,"CD38",1000,"no_detected_multimodality","neither test rejects in any seed",3,0,0,0,1,0.639319659829915
"inflect_ward_k28",20,1298228,"CD38",5000,"ambiguous","discordant_tests",3,0,0,3,1,0
"inflect_ward_k28",20,1298228,"CD57",1000,"no_detected_multimodality","neither test rejects in any seed",3,0,0,0,1,0.990495247623812
"inflect_ward_k28",20,1298228,"CD57",5000,"no_detected_multimodality","neither test rejects in any seed",3,0,0,0,1,0.603301650825413
"inflect_ward_k28",21,1294395,"CD11c",1000,"detected_multimodality","both tests reject in at least two seeds",3,3,3,3,0,0
"inflect_ward_k28",21,1294395,"CD11c",5000,"detected_multimodality","both tests reject in at least two seeds",3,3,3,3,0,0
"inflect_ward_k28",21,1294395,"CD14",1000,"no_detected_multimodality","neither test rejects in any seed",3,0,0,0,0.998967271503392,0.371435717858929
"inflect_ward_k28",21,1294395,"CD14",5000,"ambiguous","discordant_tests",3,0,0,3,1,0
"inflect_ward_k28",21,1294395,"CD159c_NKG2C",1000,"no_detected_multimodality","neither test rejects in any seed",3,0,0,0,0.998967271503392,0.586193096548274
"inflect_ward_k28",21,1294395,"CD159c_NKG2C",5000,"no_detected_multimodality","neither test rejects in any seed",3,0,0,0,1,0.467912527692418
"inflect_ward_k28",21,1294395,"CD16",1000,"ambiguous","discordant_tests;seed_instability",3,0,0,2,0.998967271503392,0.0180090045022511
"inflect_ward_k28",21,1294395,"CD16",5000,"ambiguous","discordant_tests;seed_instability;borderline_q",3,0,0,2,0.891332595919887,0
"inflect_ward_k28",21,1294395,"CD185_CXCR5",1000,"no_detected_multimodality","neither test rejects in any seed",3,0,0,0,0.998967271503392,0.706210247981133
"inflect_ward_k28",21,1294395,"CD185_CXCR5",5000,"no_detected_multimodality","neither test rejects in any seed",3,0,0,0,1,0.737618809404702
"inflect_ward_k28",21,1294395,"CD19",1000,"no_detected_multimodality","neither test rejects in any seed",3,0,0,0,0.998967271503392,0.410114147983082
"inflect_ward_k28",21,1294395,"CD19",5000,"no_detected_multimodality","neither test rejects in any seed",3,0,0,0,1,0.467912527692418
"inflect_ward_k28",21,1294395,"CD1c",1000,"ambiguous","discordant_tests;seed_instability",3,0,0,1,0.998967271503392,0.0135067533766883
"inflect_ward_k28",21,1294395,"CD1c",5000,"ambiguous","discordant_tests;seed_instability;borderline_q",3,1,1,3,0.0265831380768007,0
"inflect_ward_k28",21,1294395,"CD294_CRTH2",1000,"no_detected_multimodality","neither test rejects in any seed",3,0,0,0,0.998967271503392,0.410114147983082
"inflect_ward_k28",21,1294395,"CD294_CRTH2",5000,"no_detected_multimodality","neither test rejects in any seed",3,0,0,0,1,0.749624812406203
"inflect_ward_k28",21,1294395,"CD303_TCRvd2",1000,"ambiguous","discordant_tests",3,0,0,3,0.998967271503392,0
"inflect_ward_k28",21,1294395,"CD303_TCRvd2",5000,"detected_multimodality","both tests reject in at least two seeds",3,3,3,3,9.30690007820978e-05,0
"inflect_ward_k28",21,1294395,"CD38",1000,"no_detected_multimodality","neither test rejects in any seed",3,0,0,0,0.998967271503392,0.481178089044522
"inflect_ward_k28",21,1294395,"CD38",5000,"ambiguous","discordant_tests;seed_instability",3,0,0,1,1,0.0303901950975488
"inflect_ward_k28",21,1294395,"CD45RA",1000,"ambiguous","discordant_tests;seed_instability",3,0,0,1,0.998967271503392,0.040520260130065
"inflect_ward_k28",21,1294395,"CD45RA",5000,"ambiguous","discordant_tests;seed_instability;borderline_q",3,0,0,1,1,0.00225112556278139
"inflect_ward_k28",21,1294395,"CD56",1000,"no_detected_multimodality","neither test rejects in any seed",3,0,0,0,0.998967271503392,0.183691845922962
"inflect_ward_k28",21,1294395,"CD56",5000,"ambiguous","borderline_q",3,0,0,0,1,0.0648324162081041
"inflect_ward_k28",21,1294395,"FoxP3",1000,"no_detected_multimodality","neither test rejects in any seed",3,0,0,0,0.998967271503392,0.55169892638627
"inflect_ward_k28",21,1294395,"FoxP3",5000,"ambiguous","borderline_q",3,0,0,0,1,0.0725987993996998
"inflect_ward_k28",21,1294395,"TCRgd_CD141",1000,"ambiguous","discordant_tests;seed_instability",3,0,0,1,0.998967271503392,0.0303901950975488
"inflect_ward_k28",21,1294395,"TCRgd_CD141",5000,"ambiguous","discordant_tests;seed_instability",3,1,1,3,0.000786837124973294,0
"inflect_ward_k28",22,3058439,"CD127",1000,"no_detected_multimodality","neither test rejects in any seed",3,0,0,0,0.99832262353944,0.253251625812907
"inflect_ward_k28",22,3058439,"CD127",5000,"ambiguous","discordant_tests",3,0,0,3,1,0
"inflect_ward_k28",22,3058439,"CD161",1000,"ambiguous","discordant_tests;seed_instability",3,0,0,2,0.380378196033996,0
"inflect_ward_k28",22,3058439,"CD161",5000,"ambiguous","discordant_tests;seed_instability;borderline_q",3,1,1,2,0.00595283268193852,0
"inflect_ward_k28",22,3058439,"CD197_CCR7",1000,"no_detected_multimodality","neither test rejects in any seed",3,0,0,0,0.99832262353944,0.841716312701805
"inflect_ward_k28",22,3058439,"CD197_CCR7",5000,"no_detected_multimodality","neither test rejects in any seed",3,0,0,0,1,0.692703494604445
"inflect_ward_k28",22,3058439,"CD27",1000,"detected_multimodality","both tests reject in at least two seeds",3,3,3,3,0,0
"inflect_ward_k28",22,3058439,"CD27",5000,"detected_multimodality","both tests reject in at least two seeds",3,3,3,3,0,0
"inflect_ward_k28",22,3058439,"CD45RA",1000,"no_detected_multimodality","neither test rejects in any seed",3,0,0,0,0.99832262353944,0.806353176588294
"inflect_ward_k28",22,3058439,"CD45RA",5000,"no_detected_multimodality","neither test rejects in any seed",3,0,0,0,1,0.948974487243622
"inflect_ward_k28",22,3058439,"CD57",1000,"no_detected_multimodality","neither test rejects in any seed",3,0,0,0,0.99832262353944,0.329564782391196
"inflect_ward_k28",22,3058439,"CD57",5000,"ambiguous","discordant_tests",3,0,0,3,0.160544753194135,0
"inflect_ward_k28",22,3058439,"CD7",1000,"no_detected_multimodality","neither test rejects in any seed",3,0,0,0,0.99832262353944,0.443471735867934
"inflect_ward_k28",22,3058439,"CD7",5000,"ambiguous","discordant_tests;seed_instability;borderline_q",3,0,0,1,0.312431022102448,0
"inflect_ward_k28",22,3058439,"Tbet",1000,"no_detected_multimodality","neither test rejects in any seed",3,0,0,0,0.99832262353944,0.362431215607804
"inflect_ward_k28",22,3058439,"Tbet",5000,"no_detected_multimodality","neither test rejects in any seed",3,0,0,0,1,0.871582850248654
"inflect_ward_k28",23,217883,"CD11c",1000,"ambiguous","discordant_tests;seed_instability",3,0,0,2,0.921097931132812,0
"inflect_ward_k28",23,217883,"CD11c",5000,"detected_multimodality","both tests reject in at least two seeds",3,2,2,3,0.000472102274983977,0
"inflect_ward_k28",23,217883,"CD14",1000,"detected_multimodality","both tests reject in at least two seeds",3,3,3,3,0,0
"inflect_ward_k28",23,217883,"CD14",5000,"detected_multimodality","both tests reject in at least two seeds",3,3,3,3,0,0
"inflect_ward_k28",23,217883,"CD1c",1000,"detected_multimodality","both tests reject in at least two seeds",3,2,2,3,0.0173158853205904,0
"inflect_ward_k28",23,217883,"CD1c",5000,"detected_multimodality","both tests reject in at least two seeds",3,3,3,3,0,0
"inflect_ward_k28",23,217883,"CD3",1000,"no_detected_multimodality","neither test rejects in any seed",3,0,0,0,0.999441832732009,0.125419852783535
"inflect_ward_k28",23,217883,"CD3",5000,"no_detected_multimodality","neither test rejects in any seed",3,0,0,0,1,0.616399108645232
"inflect_ward_k28",23,217883,"CD7",1000,"no_detected_multimodality","neither test rejects in any seed",3,0,0,0,0.999441832732009,0.207103551775888
"inflect_ward_k28",23,217883,"CD7",5000,"no_detected_multimodality","neither test rejects in any seed",3,0,0,0,1,0.715857928964482
"inflect_ward_k28",23,217883,"FoxP3",1000,"no_detected_multimodality","neither test rejects in any seed",3,0,0,0,0.999441832732009,0.796898449224612
"inflect_ward_k28",23,217883,"FoxP3",5000,"no_detected_multimodality","neither test rejects in any seed",3,0,0,0,1,0.202601300650325
"inflect_ward_k28",23,217883,"HLA-DR",1000,"detected_multimodality","both tests reject in at least two seeds",3,3,3,3,0,0
"inflect_ward_k28",23,217883,"HLA-DR",5000,"detected_multimodality","both tests reject in at least two seeds",3,3,3,3,0,0
"inflect_ward_k28",23,217883,"TCRgd_CD141",1000,"ambiguous","discordant_tests",3,0,0,3,0.136676184025394,0
"inflect_ward_k28",23,217883,"TCRgd_CD141",5000,"detected_multimodality","both tests reject in at least two seeds",3,3,3,3,0,0
"inflect_ward_k28",24,4350638,"CD8",1000,"no_detected_multimodality","neither test rejects in any seed",3,0,0,0,0.999002629575644,0.693346673336668
"inflect_ward_k28",24,4350638,"CD8",5000,"no_detected_multimodality","neither test rejects in any seed",3,0,0,0,1,0.812906453226613
"inflect_ward_k28",25,9610568,"CD11c",1000,"no_detected_multimodality","neither test rejects in any seed",3,0,0,0,1,0.343071535767884
"inflect_ward_k28",25,9610568,"CD11c",5000,"no_detected_multimodality","neither test rejects in any seed",3,0,0,0,1,0.315157578789395
"inflect_ward_k28",25,9610568,"CD159c_NKG2C",1000,"no_detected_multimodality","neither test rejects in any seed",3,0,0,0,1,0.817158579289645
"inflect_ward_k28",25,9610568,"CD159c_NKG2C",5000,"no_detected_multimodality","neither test rejects in any seed",3,0,0,0,1,0.529764882441221
"inflect_ward_k28",25,9610568,"CD185_CXCR5",1000,"no_detected_multimodality","neither test rejects in any seed",3,0,0,0,1,0.671654008822593
"inflect_ward_k28",25,9610568,"CD185_CXCR5",5000,"no_detected_multimodality","neither test rejects in any seed",3,0,0,0,1,0.118859429714857
"inflect_ward_k28",25,9610568,"CD197_CCR7",1000,"detected_multimodality","both tests reject in at least two seeds",3,3,3,3,0,0
"inflect_ward_k28",25,9610568,"CD197_CCR7",5000,"detected_multimodality","both tests reject in at least two seeds",3,3,3,3,0,0
"inflect_ward_k28",25,9610568,"CD27",1000,"detected_multimodality","both tests reject in at least two seeds",3,3,3,3,0,0
"inflect_ward_k28",25,9610568,"CD27",5000,"detected_multimodality","both tests reject in at least two seeds",3,3,3,3,0,0
"inflect_ward_k28",25,9610568,"CD303_TCRvd2",1000,"no_detected_multimodality","neither test rejects in any seed",3,0,0,0,1,0.985492746373187
"inflect_ward_k28",25,9610568,"CD303_TCRvd2",5000,"no_detected_multimodality","neither test rejects in any seed",3,0,0,0,1,0.663181590795398
"inflect_ward_k28",25,9610568,"CD45RA",1000,"ambiguous","discordant_tests;seed_instability;borderline_q",3,1,1,2,0.0196995735279095,0
"inflect_ward_k28",25,9610568,"CD45RA",5000,"detected_multimodality","both tests reject in at least two seeds",3,2,2,3,8.92900722065382e-05,0
"inflect_ward_k28",25,9610568,"CD7",1000,"ambiguous","discordant_tests",3,0,0,3,0.144182656292861,0
"inflect_ward_k28",25,9610568,"CD7",5000,"detected_multimodality","both tests reject in at least two seeds",3,3,3,3,0,0
"inflect_ward_k28",25,9610568,"FoxP3",1000,"ambiguous","discordant_tests;seed_instability",3,0,0,1,1,0.00810405202601301
"inflect_ward_k28",25,9610568,"FoxP3",5000,"no_detected_multimodality","neither test rejects in any seed",3,0,0,0,1,0.462913274819228
"inflect_ward_k28",25,9610568,"TCRgd_CD141",1000,"no_detected_multimodality","neither test rejects in any seed",3,0,0,0,1,0.817158579289645
"inflect_ward_k28",25,9610568,"TCRgd_CD141",5000,"no_detected_multimodality","neither test rejects in any seed",3,0,0,0,1,0.830665332666333
"inflect_ward_k28",26,1028144,"CD25",1000,"ambiguous","discordant_tests;seed_instability",3,0,0,2,0.6581698795935,0
"inflect_ward_k28",26,1028144,"CD25",5000,"detected_multimodality","both tests reject in at least two seeds",3,3,3,3,0,0
"inflect_ward_k28",26,1028144,"FoxP3",1000,"ambiguous","discordant_tests;borderline_q",3,0,0,3,0.072619049984372,0
"inflect_ward_k28",26,1028144,"FoxP3",5000,"detected_multimodality","both tests reject in at least two seeds",3,3,3,3,0,0
"inflect_ward_k28",26,1028144,"Tbet",1000,"no_detected_multimodality","neither test rejects in any seed",3,0,0,0,0.998143062992,0.67983991995998
"inflect_ward_k28",26,1028144,"Tbet",5000,"ambiguous","discordant_tests;seed_instability",3,0,0,1,1,0.00450225112556278
"inflect_ward_k28",28,2920244,"CD3",1000,"no_detected_multimodality","neither test rejects in any seed",3,0,0,0,0.997087541576599,0.55647823911956
"inflect_ward_k28",28,2920244,"CD3",5000,"no_detected_multimodality","neither test rejects in any seed",3,0,0,0,1,0.947498749374687
"inflect_ward_k28",28,2920244,"CD7",1000,"no_detected_multimodality","neither test rejects in any seed",3,0,0,0,0.997087541576599,0.808716858429215
"inflect_ward_k28",28,2920244,"CD7",5000,"no_detected_multimodality","neither test rejects in any seed",3,0,0,0,1,0.947498749374687
"inflect_ward_k38",1,1026945,"CD11c",1000,"detected_multimodality","both tests reject in at least two seeds",3,2,2,3,0.00217345147253151,0
"inflect_ward_k38",1,1026945,"CD11c",5000,"detected_multimodality","both tests reject in at least two seeds",3,3,3,3,0,0
"inflect_ward_k38",1,1026945,"CD161",1000,"detected_multimodality","both tests reject in at least two seeds",3,3,3,3,0,0
"inflect_ward_k38",1,1026945,"CD161",5000,"detected_multimodality","both tests reject in at least two seeds",3,3,3,3,0,0
"inflect_ward_k38",1,1026945,"CD25",1000,"no_detected_multimodality","neither test rejects in any seed",3,0,0,0,0.998624814691763,0.705727863931966
"inflect_ward_k38",1,1026945,"CD25",5000,"no_detected_multimodality","neither test rejects in any seed",3,0,0,0,1,0.566640463088687
"inflect_ward_k38",2,740677,"CD159c_NKG2C",1000,"no_detected_multimodality","neither test rejects in any seed",3,0,0,0,0.99977347958006,0.36168084042021
"inflect_ward_k38",2,740677,"CD159c_NKG2C",5000,"detected_multimodality","both tests reject in at least two seeds",3,2,2,3,0.0014785771076033,0
"inflect_ward_k38",2,740677,"CD19",1000,"no_detected_multimodality","neither test rejects in any seed",3,0,0,0,0.99977347958006,0.974044714665025
"inflect_ward_k38",2,740677,"CD19",5000,"no_detected_multimodality","neither test rejects in any seed",3,0,0,0,1,0.265070035017509
"inflect_ward_k38",2,740677,"CD38",1000,"no_detected_multimodality","neither test rejects in any seed",3,0,0,0,0.99977347958006,0.341527906810548
"inflect_ward_k38",2,740677,"CD38",5000,"ambiguous","borderline_q",3,0,0,0,1,0.0729364682341171
"inflect_ward_k38",2,740677,"CD57",1000,"detected_multimodality","both tests reject in at least two seeds",3,3,3,3,0,0
"inflect_ward_k38",2,740677,"CD57",5000,"detected_multimodality","both tests reject in at least two seeds",3,3,3,3,0,0
"inflect_ward_k38",2,740677,"CD7",1000,"no_detected_multimodality","neither test rejects in any seed",3,0,0,0,0.99977347958006,0.7016008004002
"inflect_ward_k38",2,740677,"CD7",5000,"no_detected_multimodality","neither test rejects in any seed",3,0,0,0,1,0.268907180863159
"inflect_ward_k38",3,333974,"CD14",1000,"no_detected_multimodality","neither test rejects in any seed",3,0,0,0,0.999079693486872,0.867549159194982
"inflect_ward_k38",3,333974,"CD14",5000,"no_detected_multimodality","neither test rejects in any seed",3,0,0,0,1,0.649168334167084
"inflect_ward_k38",3,333974,"CD159c_NKG2C",1000,"no_detected_multimodality","neither test rejects in any seed",3,0,0,0,0.999079693486872,0.22623811905953
"inflect_ward_k38",3,333974,"CD159c_NKG2C",5000,"ambiguous","discordant_tests;borderline_q",3,0,0,3,0.0508087986636312,0
"inflect_ward_k38",3,333974,"CD16",1000,"detected_multimodality","both tests reject in at least two seeds",3,3,3,3,0,0
"inflect_ward_k38",3,333974,"CD16",5000,"detected_multimodality","both tests reject in at least two seeds",3,3,3,3,0,0
"inflect_ward_k38",3,333974,"CD19",1000,"no_detected_multimodality","neither test rejects in any seed",3,0,0,0,0.999079693486872,0.87943971985993
"inflect_ward_k38",3,333974,"CD19",5000,"ambiguous","discordant_tests;seed_instability",3,0,0,1,1,0.0157578789394697
"inflect_ward_k38",3,333974,"CD3",1000,"detected_multimodality","both tests reject in at least two seeds",3,3,3,3,0,0
"inflect_ward_k38",3,333974,"CD3",5000,"detected_multimodality","both tests reject in at least two seeds",3,3,3,3,0,0
"inflect_ward_k38",3,333974,"CD38",1000,"no_detected_multimodality","neither test rejects in any seed",3,0,0,0,0.999079693486872,0.727676338169085
"inflect_ward_k38",3,333974,"CD38",5000,"ambiguous","discordant_tests;seed_instability;borderline_q",3,0,0,2,1,0
"inflect_ward_k38",3,333974,"CD56",1000,"no_detected_multimodality","neither test rejects in any seed",3,0,0,0,0.999079693486872,0.87943971985993
"inflect_ward_k38",3,333974,"CD56",5000,"no_detected_multimodality","neither test rejects in any seed",3,0,0,0,1,0.319097048524262
"inflect_ward_k38",3,333974,"CD57",1000,"detected_multimodality","both tests reject in at least two seeds",3,3,3,3,0.000105552653946295,0
"inflect_ward_k38",3,333974,"CD57",5000,"detected_multimodality","both tests reject in at least two seeds",3,3,3,3,0,0
"inflect_ward_k38",3,333974,"Tbet",1000,"no_detected_multimodality","neither test rejects in any seed",3,0,0,0,0.999079693486872,0.87943971985993
"inflect_ward_k38",3,333974,"Tbet",5000,"no_detected_multimodality","neither test rejects in any seed",3,0,0,0,1,0.577188594297149
"inflect_ward_k38",4,331025,"CD11c",1000,"ambiguous","discordant_tests;seed_instability;borderline_q",3,1,1,2,0.00835825046094718,0
"inflect_ward_k38",4,331025,"CD11c",5000,"detected_multimodality","both tests reject in at least two seeds",3,3,3,3,0,0
"inflect_ward_k38",4,331025,"CD159c_NKG2C",1000,"no_detected_multimodality","neither test rejects in any seed",3,0,0,0,0.999407491207944,0.862743871935968
"inflect_ward_k38",4,331025,"CD159c_NKG2C",5000,"no_detected_multimodality","neither test rejects in any seed",3,0,0,0,1,0.987493746873437
"inflect_ward_k38",4,331025,"CD161",1000,"ambiguous","discordant_tests;seed_instability;borderline_q",3,0,0,2,0.707060412785347,0.0168834417208604
"inflect_ward_k38",4,331025,"CD161",5000,"detected_multimodality","both tests reject in at least two seeds",3,3,3,3,0,0
"inflect_ward_k38",4,331025,"CD294_CRTH2",1000,"no_detected_multimodality","neither test rejects in any seed",3,0,0,0,0.999407491207944,0.850925462731366
"inflect_ward_k38",4,331025,"CD294_CRTH2",5000,"no_detected_multimodality","neither test rejects in any seed",3,0,0,0,1,0.182341170585293
"inflect_ward_k38",4,331025,"CD3",1000,"detected_multimodality","both tests reject in at least two seeds",3,2,2,3,0.000476379557272533,0
"inflect_ward_k38",4,331025,"CD3",5000,"detected_multimodality","both tests reject in at least two seeds",3,3,3,3,0,0
"inflect_ward_k38",4,331025,"CD303_TCRvd2",1000,"no_detected_multimodality","neither test rejects in any seed",3,0,0,0,0.999407491207944,0.780859179589795
"inflect_ward_k38",4,331025,"CD303_TCRvd2",5000,"no_detected_multimodality","neither test rejects in any seed",3,0,0,0,1,0.218809404702351
"inflect_ward_k38",4,331025,"CD57",1000,"ambiguous","discordant_tests;seed_instability;borderline_q",3,0,0,1,0.68104724461849,0
"inflect_ward_k38",4,331025,"CD57",5000,"ambiguous","discordant_tests;seed_instability;borderline_q",3,1,1,3,0.023754920343603,0
"inflect_ward_k38",4,331025,"CD8",1000,"no_detected_multimodality","neither test rejects in any seed",3,0,0,0,0.999407491207944,0.913956978489245
"inflect_ward_k38",4,331025,"CD8",5000,"no_detected_multimodality","neither test rejects in any seed",3,0,0,0,1,0.690072308881714
"inflect_ward_k38",4,331025,"HLA-DR",1000,"no_detected_multimodality","neither test rejects in any seed",3,0,0,0,0.999407491207944,0.913956978489245
"inflect_ward_k38",4,331025,"HLA-DR",5000,"no_detected_multimodality","neither test rejects in any seed",3,0,0,0,1,0.98711855927964
"inflect_ward_k38",5,317695,"CD11c",1000,"detected_multimodality","both tests reject in at least two seeds",3,2,2,2,0.000422946629119458,0
"inflect_ward_k38",5,317695,"CD11c",5000,"detected_multimodality","both tests reject in at least two seeds",3,3,3,3,0,0
"inflect_ward_k38",5,317695,"CD16",1000,"no_detected_multimodality","neither test rejects in any seed",3,0,0,0,0.999181531351734,0.782426927749589
"inflect_ward_k38",5,317695,"CD16",5000,"no_detected_multimodality","neither test rejects in any seed",3,0,0,0,1,0.481740870435218
"inflect_ward_k38",5,317695,"CD161",1000,"ambiguous","discordant_tests;seed_instability",3,0,0,2,0.143761623412314,0.00675337668834417
"inflect_ward_k38",5,317695,"CD161",5000,"detected_multimodality","both tests reject in at least two seeds",3,3,3,3,5.03651245359338e-05,0
"inflect_ward_k38",5,317695,"CD1c",1000,"no_detected_multimodality","neither test rejects in any seed",3,0,0,0,0.999181531351734,0.782426927749589
"inflect_ward_k38",5,317695,"CD1c",5000,"no_detected_multimodality","neither test rejects in any seed",3,0,0,0,1,0.481740870435218
"inflect_ward_k38",5,317695,"CD21",1000,"no_detected_multimodality","neither test rejects in any seed",3,0,0,0,0.999181531351734,0.876380497941278
"inflect_ward_k38",5,317695,"CD21",5000,"no_detected_multimodality","neither test rejects in any seed",3,0,0,0,1,0.470485242621311
"inflect_ward_k38",5,317695,"CD25",1000,"no_detected_multimodality","neither test rejects in any seed",3,0,0,0,0.999181531351734,0.96648324162081
"inflect_ward_k38",5,317695,"CD25",5000,"no_detected_multimodality","neither test rejects in any seed",3,0,0,0,1,0.292646323161581
"inflect_ward_k38",5,317695,"CD3",1000,"no_detected_multimodality","neither test rejects in any seed",3,0,0,0,0.999181531351734,0.293771885942971
"inflect_ward_k38",5,317695,"CD3",5000,"ambiguous","discordant_tests",3,0,0,3,1,0
"inflect_ward_k38",5,317695,"CD57",1000,"ambiguous","discordant_tests;seed_instability;borderline_q",3,0,0,1,0.999181531351734,0.0180090045022511
"inflect_ward_k38",5,317695,"CD57",5000,"ambiguous","discordant_tests;seed_instability;borderline_q",3,0,0,2,0.0638769153501113,0
"inflect_ward_k38",6,128303,"CD159c_NKG2C",1000,"ambiguous","borderline_q",3,0,0,0,1,0.0540270135067534
"inflect_ward_k38",6,128303,"CD159c_NKG2C",5000,"detected_multimodality","both tests reject in at least two seeds",3,3,3,3,0.00210866210126553,0
"inflect_ward_k38",6,128303,"CD19",1000,"no_detected_multimodality","neither test rejects in any seed",3,0,0,0,1,0.830665332666333
"inflect_ward_k38",6,128303,"CD19",5000,"no_detected_multimodality","neither test rejects in any seed",3,0,0,0,1,0.363181590795398
"inflect_ward_k38",6,128303,"CD303_TCRvd2",1000,"no_detected_multimodality","neither test rejects in any seed",3,0,0,0,1,0.297148574287144
"inflect_ward_k38",6,128303,"CD303_TCRvd2",5000,"no_detected_multimodality","neither test rejects in any seed",3,0,0,0,1,0.363181590795398
"inflect_ward_k38",6,128303,"CD38",1000,"no_detected_multimodality","neither test rejects in any seed",3,0,0,0,1,0.786569755465968
"inflect_ward_k38",6,128303,"CD38",5000,"no_detected_multimodality","neither test rejects in any seed",3,0,0,0,1,0.837418709354677
"inflect_ward_k38",6,128303,"CD57",1000,"ambiguous","discordant_tests;seed_instability;borderline_q",3,1,1,3,0.00880461990435777,0
"inflect_ward_k38",6,128303,"CD57",5000,"detected_multimodality","both tests reject in at least two seeds",3,3,3,3,0,0
"inflect_ward_k38",6,128303,"CD8",1000,"no_detected_multimodality","neither test rejects in any seed",3,0,0,0,1,0.229614807403702
"inflect_ward_k38",6,128303,"CD8",5000,"no_detected_multimodality","neither test rejects in any seed",3,0,0,0,1,0.6024012006003
"inflect_ward_k38",6,128303,"FoxP3",1000,"no_detected_multimodality","neither test rejects in any seed",3,0,0,0,1,0.702351175587794
"inflect_ward_k38",6,128303,"FoxP3",5000,"ambiguous","discordant_tests;seed_instability",3,0,0,1,1,0.040520260130065
"inflect_ward_k38",7,280345,"CD159c_NKG2C",1000,"no_detected_multimodality","neither test rejects in any seed",3,0,0,0,0.998124490360393,0.27463731865933
"inflect_ward_k38",7,280345,"CD159c_NKG2C",5000,"ambiguous","discordant_tests;borderline_q",3,0,0,3,0.0566490436144856,0
"inflect_ward_k38",7,280345,"CD27",1000,"no_detected_multimodality","neither test rejects in any seed",3,0,0,0,0.998124490360393,0.904412206103052
"inflect_ward_k38",7,280345,"CD27",5000,"no_detected_multimodality","neither test rejects in any seed",3,0,0,0,1,0.892446223111556
"inflect_ward_k38",7,280345,"CD45RA",1000,"no_detected_multimodality","neither test rejects in any seed",3,0,0,0,0.998124490360393,0.904412206103052
"inflect_ward_k38",7,280345,"CD45RA",5000,"no_detected_multimodality","neither test rejects in any seed",3,0,0,0,1,0.111430715357679
"inflect_ward_k38",7,280345,"CD57",1000,"detected_multimodality","both tests reject in at least two seeds",3,3,3,3,0,0
"inflect_ward_k38",7,280345,"CD57",5000,"detected_multimodality","both tests reject in at least two seeds",3,3,3,3,0,0
"inflect_ward_k38",8,666506,"CD159c_NKG2C",1000,"no_detected_multimodality","neither test rejects in any seed",3,0,0,0,1,0.643821910955478
"inflect_ward_k38",8,666506,"CD159c_NKG2C",5000,"ambiguous","discordant_tests",3,0,0,3,1,0.00450225112556278
"inflect_ward_k38",8,666506,"CD161",1000,"no_detected_multimodality","neither test rejects in any seed",3,0,0,0,1,0.955737868934467
"inflect_ward_k38",8,666506,"CD161",5000,"no_detected_multimodality","neither test rejects in any seed",3,0,0,0,1,0.777988994497249
"inflect_ward_k38",8,666506,"CD21",1000,"no_detected_multimodality","neither test rejects in any seed",3,0,0,0,1,0.955737868934467
"inflect_ward_k38",8,666506,"CD21",5000,"no_detected_multimodality","neither test rejects in any seed",3,0,0,0,1,0.805340170085043
"inflect_ward_k38",8,666506,"CD3",1000,"no_detected_multimodality","neither test rejects in any seed",3,0,0,0,1,0.629414707353677
"inflect_ward_k38",8,666506,"CD3",5000,"ambiguous","borderline_q",3,0,0,0,1,0.0709104552276138
"inflect_ward_k38",8,666506,"CD45RA",1000,"ambiguous","seed_instability",3,1,1,1,0.0224938731260673,0
"inflect_ward_k38",8,666506,"CD45RA",5000,"ambiguous","discordant_tests;seed_instability",3,1,1,2,0.000394665600727317,0
"inflect_ward_k38",8,666506,"CD57",1000,"no_detected_multimodality","neither test rejects in any seed",3,0,0,0,1,0.408579289644822
"inflect_ward_k38",8,666506,"CD57",5000,"ambiguous","discordant_tests",3,0,0,3,0.136088230304294,0
"inflect_ward_k38",8,666506,"CD7",1000,"no_detected_multimodality","neither test rejects in any seed",3,0,0,0,1,0.955737868934467
"inflect_ward_k38",8,666506,"CD7",5000,"no_detected_multimodality","neither test rejects in any seed",3,0,0,0,1,0.402501250625313
"inflect_ward_k38",8,666506,"HLA-DR",1000,"no_detected_multimodality","neither test rejects in any seed",3,0,0,0,1,0.955737868934467
"inflect_ward_k38",8,666506,"HLA-DR",5000,"no_detected_multimodality","neither test rejects in any seed",3,0,0,0,1,0.384942471235618
"inflect_ward_k38",9,582601,"CD11c",1000,"ambiguous","borderline_q",3,0,0,0,1,0.0742871435717859
"inflect_ward_k38",9,582601,"CD11c",5000,"ambiguous","discordant_tests;seed_instability;borderline_q",3,0,0,1,1,0
"inflect_ward_k38",9,582601,"CD127",1000,"no_detected_multimodality","neither test rejects in any seed",3,0,0,0,1,0.974487243621811
"inflect_ward_k38",9,582601,"CD127",5000,"no_detected_multimodality","neither test rejects in any seed",3,0,0,0,1,0.867808904452226
"inflect_ward_k38",9,582601,"CD16",1000,"no_detected_multimodality","neither test rejects in any seed",3,0,0,0,1,0.969109554777389
"inflect_ward_k38",9,582601,"CD16",5000,"ambiguous","borderline_q",3,0,0,0,1,0.0574037018509255
"inflect_ward_k38",9,582601,"CD161",1000,"detected_multimodality","both tests reject in at least two seeds",3,2,2,3,0.00260974426809846,0
"inflect_ward_k38",9,582601,"CD161",5000,"detected_multimodality","both tests reject in at least two seeds",3,3,3,3,0,0
"inflect_ward_k38",9,582601,"CD1c",1000,"no_detected_multimodality","neither test rejects in any seed",3,0,0,0,1,0.798827985421282
"inflect_ward_k38",9,582601,"CD1c",5000,"no_detected_multimodality","neither test rejects in any seed",3,0,0,0,1,0.867808904452226
"inflect_ward_k38",9,582601,"CD25",1000,"no_detected_multimodality","neither test rejects in any seed",3,0,0,0,1,0.974487243621811
"inflect_ward_k38",9,582601,"CD25",5000,"no_detected_multimodality","neither test rejects in any seed",3,0,0,0,1,0.867808904452226
"inflect_ward_k38",9,582601,"CD294_CRTH2",1000,"no_detected_multimodality","neither test rejects in any seed",3,0,0,0,1,0.969109554777389
"inflect_ward_k38",9,582601,"CD294_CRTH2",5000,"no_detected_multimodality","neither test rejects in any seed",3,0,0,0,1,0.807028514257129
"inflect_ward_k38",9,582601,"CD57",1000,"ambiguous","discordant_tests;seed_instability",3,0,0,1,1,0.00675337668834417
"inflect_ward_k38",9,582601,"CD57",5000,"ambiguous","discordant_tests",3,0,0,3,1,0
"inflect_ward_k38",10,46765,"CD11c",1000,"ambiguous","discordant_tests;seed_instability",3,0,0,1,0.58317520520872,0
"inflect_ward_k38",10,46765,"CD11c",5000,"detected_multimodality","both tests reject in at least two seeds",3,3,3,3,1.90898744482082e-05,0
"inflect_ward_k38",10,46765,"CD127",1000,"no_detected_multimodality","neither test rejects in any seed",3,0,0,0,1,0.632566283141571
"inflect_ward_k38",10,46765,"CD127",5000,"no_detected_multimodality","neither test rejects in any seed",3,0,0,0,1,0.105352676338169
"inflect_ward_k38",10,46765,"CD14",1000,"no_detected_multimodality","neither test rejects in any seed",3,0,0,0,1,0.938105416344536
"inflect_ward_k38",10,46765,"CD14",5000,"no_detected_multimodality","neither test rejects in any seed",3,0,0,0,1,0.968484242121061
"inflect_ward_k38",10,46765,"CD159c_NKG2C",1000,"no_detected_multimodality","neither test rejects in any seed",3,0,0,0,1,0.789180304437933
"inflect_ward_k38",10,46765,"CD159c_NKG2C",5000,"no_detected_multimodality","neither test rejects in any seed",3,0,0,0,1,0.887148119514303
"inflect_ward_k38",10,46765,"CD161",1000,"no_detected_multimodality","neither test rejects in any seed",3,0,0,0,1,0.290395197598799
"inflect_ward_k38",10,46765,"CD161",5000,"ambiguous","discordant_tests;seed_instability",3,0,0,1,0.308948041361528,0
"inflect_ward_k38",10,46765,"CD27",1000,"no_detected_multimodality","neither test rejects in any seed",3,0,0,0,1,0.713606803401701
"inflect_ward_k38",10,46765,"CD27",5000,"ambiguous","discordant_tests;seed_instability;borderline_q",3,0,0,1,1,0
"inflect_ward_k38",10,46765,"CD3",1000,"detected_multimodality","both tests reject in at least two seeds",3,3,3,3,0,0
"inflect_ward_k38",10,46765,"CD3",5000,"detected_multimodality","both tests reject in at least two seeds",3,3,3,3,0,0
"inflect_ward_k38",10,46765,"CD56",1000,"ambiguous","discordant_tests;seed_instability;borderline_q",3,1,1,3,0.0204901403495853,0
"inflect_ward_k38",10,46765,"CD56",5000,"detected_multimodality","both tests reject in at least two seeds",3,3,3,3,0,0
"inflect_ward_k38",10,46765,"CD57",1000,"ambiguous","discordant_tests;seed_instability",3,0,0,1,0.58317520520872,0.00450225112556278
"inflect_ward_k38",10,46765,"CD57",5000,"ambiguous","discordant_tests;seed_instability",3,0,0,2,1,0.0135067533766883
"inflect_ward_k38",11,608176,"CD1c",1000,"no_detected_multimodality","neither test rejects in any seed",3,0,0,0,0.99771122084911,0.48624312156078
"inflect_ward_k38",11,608176,"CD1c",5000,"no_detected_multimodality","neither test rejects in any seed",3,0,0,0,1,0.564282141070535
"inflect_ward_k38",11,608176,"CD27",1000,"no_detected_multimodality","neither test rejects in any seed",3,0,0,0,0.99771122084911,0.673408132637747
"inflect_ward_k38",11,608176,"CD27",5000,"no_detected_multimodality","neither test rejects in any seed",3,0,0,0,1,0.507468019724148
"inflect_ward_k38",11,608176,"CD57",1000,"detected_multimodality","both tests reject in at least two seeds",3,3,3,3,0,0
"inflect_ward_k38",11,608176,"CD57",5000,"detected_multimodality","both tests reject in at least two seeds",3,3,3,3,0,0
"inflect_ward_k38",11,608176,"FoxP3",1000,"no_detected_multimodality","neither test rejects in any seed",3,0,0,0,0.99771122084911,0.763487006661225
"inflect_ward_k38",11,608176,"FoxP3",5000,"no_detected_multimodality","neither test rejects in any seed",3,0,0,0,1,0.686593296648324
"inflect_ward_k38",11,608176,"Tbet",1000,"no_detected_multimodality","neither test rejects in any seed",3,0,0,0,0.99771122084911,0.673408132637747
"inflect_ward_k38",11,608176,"Tbet",5000,"no_detected_multimodality","neither test rejects in any seed",3,0,0,0,1,0.775673551061245
"inflect_ward_k38",12,179840,"CD11c",1000,"no_detected_multimodality","neither test rejects in any seed",3,0,0,0,0.998141516697609,0.684020581719431
"inflect_ward_k38",12,179840,"CD11c",5000,"ambiguous","discordant_tests;seed_instability;borderline_q",3,0,0,2,0.482244000688376,0
"inflect_ward_k38",12,179840,"CD127",1000,"no_detected_multimodality","neither test rejects in any seed",3,0,0,0,0.998141516697609,0.561655827913957
"inflect_ward_k38",12,179840,"CD127",5000,"no_detected_multimodality","neither test rejects in any seed",3,0,0,0,1,0.686766460153154
"inflect_ward_k38",12,179840,"CD185_CXCR5",1000,"no_detected_multimodality","neither test rejects in any seed",3,0,0,0,0.998141516697609,0.859456043811379
"inflect_ward_k38",12,179840,"CD185_CXCR5",5000,"no_detected_multimodality","neither test rejects in any seed",3,0,0,0,1,0.727286720283219
"inflect_ward_k38",12,179840,"CD19",1000,"no_detected_multimodality","neither test rejects in any seed",3,0,0,0,0.998141516697609,0.182341170585293
"inflect_ward_k38",12,179840,"CD19",5000,"ambiguous","discordant_tests;seed_instability",3,0,0,1,1,0.0135067533766883
"inflect_ward_k38",12,179840,"CD197_CCR7",1000,"no_detected_multimodality","neither test rejects in any seed",3,0,0,0,0.998141516697609,0.38831915957979
"inflect_ward_k38",12,179840,"CD197_CCR7",5000,"no_detected_multimodality","neither test rejects in any seed",3,0,0,0,1,0.685467733866933
"inflect_ward_k38",12,179840,"CD3",1000,"detected_multimodality","both tests reject in at least two seeds",3,3,3,3,0,0
"inflect_ward_k38",12,179840,"CD3",5000,"detected_multimodality","both tests reject in at least two seeds",3,3,3,3,0,0
"inflect_ward_k38",12,179840,"CD56",1000,"detected_multimodality","both tests reject in at least two seeds",3,3,3,3,6.71947472034029e-05,0
"inflect_ward_k38",12,179840,"CD56",5000,"detected_multimodality","both tests reject in at least two seeds",3,3,3,3,0,0
"inflect_ward_k38",12,179840,"CD57",1000,"detected_multimodality","both tests reject in at least two seeds",3,2,2,3,0,0
"inflect_ward_k38",12,179840,"CD57",5000,"detected_multimodality","both tests reject in at least two seeds",3,3,3,3,0,0
"inflect_ward_k38",13,175259,"CD11c",1000,"no_detected_multimodality","neither test rejects in any seed",3,0,0,0,0.997562534963133,0.358893732580576
"inflect_ward_k38",13,175259,"CD11c",5000,"ambiguous","discordant_tests",3,0,0,3,0.65428622903006,0
"inflect_ward_k38",13,175259,"CD161",1000,"ambiguous","discordant_tests;seed_instability",3,1,1,3,0.00196317575399862,0
"inflect_ward_k38",13,175259,"CD161",5000,"detected_multimodality","both tests reject in at least two seeds",3,3,3,3,0,0
"inflect_ward_k38",13,175259,"CD303_TCRvd2",1000,"no_detected_multimodality","neither test rejects in any seed",3,0,0,0,0.997562534963133,0.32416208104052
"inflect_ward_k38",13,175259,"CD303_TCRvd2",5000,"ambiguous","discordant_tests;seed_instability",3,0,0,1,1,0.0157578789394697
"inflect_ward_k38",13,175259,"CD57",1000,"no_detected_multimodality","neither test rejects in any seed",3,0,0,0,0.997562534963133,0.270135067533767
"inflect_ward_k38",13,175259,"CD57",5000,"ambiguous","discordant_tests;seed_instability",3,0,0,1,1,0.0385907239333953
"inflect_ward_k38",13,175259,"FoxP3",1000,"no_detected_multimodality","neither test rejects in any seed",3,0,0,0,0.997562534963133,0.826073036518259
"inflect_ward_k38",13,175259,"FoxP3",5000,"no_detected_multimodality","neither test rejects in any seed",3,0,0,0,1,0.55040020010005
"inflect_ward_k38",13,175259,"Tbet",1000,"no_detected_multimodality","neither test rejects in any seed",3,0,0,0,0.997562534963133,0.76742916913002
"inflect_ward_k38",13,175259,"Tbet",5000,"ambiguous","discordant_tests",3,0,0,3,0.143723180453778,0
"inflect_ward_k38",14,132476,"CD11c",1000,"no_detected_multimodality","neither test rejects in any seed",3,0,0,0,0.998389938216261,0.629414707353677
"inflect_ward_k38",14,132476,"CD11c",5000,"ambiguous","discordant_tests",3,0,0,3,0.432518968116567,0.00450225112556278
"inflect_ward_k38",14,132476,"CD159c_NKG2C",1000,"ambiguous","discordant_tests;seed_instability",3,1,1,3,0.0335400004650729,0
"inflect_ward_k38",14,132476,"CD159c_NKG2C",5000,"detected_multimodality","both tests reject in at least two seeds",3,3,3,3,0,0
"inflect_ward_k38",14,132476,"CD185_CXCR5",1000,"no_detected_multimodality","neither test rejects in any seed",3,0,0,0,0.998389938216261,0.654680281317129
"inflect_ward_k38",14,132476,"CD185_CXCR5",5000,"no_detected_multimodality","neither test rejects in any seed",3,0,0,0,1,0.949027145151523
"inflect_ward_k38",14,132476,"CD3",1000,"no_detected_multimodality","neither test rejects in any seed",3,0,0,0,0.998389938216261,0.654680281317129
"inflect_ward_k38",14,132476,"CD3",5000,"ambiguous","discordant_tests",3,0,0,3,1,0
"inflect_ward_k38",14,132476,"CD4",1000,"no_detected_multimodality","neither test rejects in any seed",3,0,0,0,0.998389938216261,0.654680281317129
"inflect_ward_k38",14,132476,"CD4",5000,"no_detected_multimodality","neither test rejects in any seed",3,0,0,0,1,0.468234117058529
"inflect_ward_k38",14,132476,"CD56",1000,"no_detected_multimodality","neither test rejects in any seed",3,0,0,0,0.998389938216261,0.819409704852426
"inflect_ward_k38",14,132476,"CD56",5000,"no_detected_multimodality","neither test rejects in any seed",3,0,0,0,1,0.955455988863997
"inflect_ward_k38",14,132476,"CD8",1000,"no_detected_multimodality","neither test rejects in any seed",3,0,0,0,0.998389938216261,0.619622311155578
"inflect_ward_k38",14,132476,"CD8",5000,"no_detected_multimodality","neither test rejects in any seed",3,0,0,0,1,0.922318302008147
"inflect_ward_k38",15,195943,"CD11c",1000,"no_detected_multimodality","neither test rejects in any seed",3,0,0,0,0.996095210567658,0.908734367183592
"inflect_ward_k38",15,195943,"CD11c",5000,"no_detected_multimodality","neither test rejects in any seed",3,0,0,0,1,0.809842421210605
"inflect_ward_k38",15,195943,"CD161",1000,"detected_multimodality","both tests reject in at least two seeds",3,3,3,3,5.47402642639416e-05,0
"inflect_ward_k38",15,195943,"CD161",5000,"detected_multimodality","both tests reject in at least two seeds",3,3,3,3,0,0
"inflect_ward_k38",15,195943,"CD27",1000,"detected_multimodality","both tests reject in at least two seeds",3,3,3,3,1.04083441615499e-05,0
"inflect_ward_k38",15,195943,"CD27",5000,"detected_multimodality","both tests reject in at least two seeds",3,3,3,3,0,0
"inflect_ward_k38",15,195943,"CD4",1000,"no_detected_multimodality","neither test rejects in any seed",3,0,0,0,0.996095210567658,0.148574287143572
"inflect_ward_k38",15,195943,"CD4",5000,"no_detected_multimodality","neither test rejects in any seed",3,0,0,0,1,0.396198099049525
"inflect_ward_k38",16,6160354,"CD127",1000,"ambiguous","discordant_tests;seed_instability;borderline_q",3,0,0,1,0.213334513404694,0
"inflect_ward_k38",16,6160354,"CD127",5000,"detected_multimodality","both tests reject in at least two seeds",3,3,3,3,0.00596358080887849,0
"inflect_ward_k38",16,6160354,"CD16",1000,"no_detected_multimodality","neither test rejects in any seed",3,0,0,0,0.998482316405928,0.302937182877153
"inflect_ward_k38",16,6160354,"CD16",5000,"no_detected_multimodality","neither test rejects in any seed",3,0,0,0,1,0.175587793896948
"inflect_ward_k38",16,6160354,"CD161",1000,"no_detected_multimodality","neither test rejects in any seed",3,0,0,0,0.998482316405928,0.505152576288144
"inflect_ward_k38",16,6160354,"CD161",5000,"ambiguous","discordant_tests;seed_instability",3,0,0,1,1,0.00270135067533767
"inflect_ward_k38",16,6160354,"CD197_CCR7",1000,"detected_multimodality","both tests reject in at least two seeds",3,3,3,3,0,0
"inflect_ward_k38",16,6160354,"CD197_CCR7",5000,"detected_multimodality","both tests reject in at least two seeds",3,3,3,3,0,0
"inflect_ward_k38",16,6160354,"CD21",1000,"no_detected_multimodality","neither test rejects in any seed",3,0,0,0,0.998482316405928,0.790145072536268
"inflect_ward_k38",16,6160354,"CD21",5000,"no_detected_multimodality","neither test rejects in any seed",3,0,0,0,1,0.771473972280258
"inflect_ward_k38",16,6160354,"CD27",1000,"detected_multimodality","both tests reject in at least two seeds",3,3,3,3,0,0
"inflect_ward_k38",16,6160354,"CD27",5000,"detected_multimodality","both tests reject in at least two seeds",3,3,3,3,0,0
"inflect_ward_k38",16,6160354,"CD45RA",1000,"detected_multimodality","both tests reject in at least two seeds",3,3,3,3,0,0
"inflect_ward_k38",16,6160354,"CD45RA",5000,"detected_multimodality","both tests reject in at least two seeds",3,3,3,3,0,0
"inflect_ward_k38",16,6160354,"TCRgd_CD141",1000,"no_detected_multimodality","neither test rejects in any seed",3,0,0,0,0.998482316405928,0.64472236118059
"inflect_ward_k38",16,6160354,"TCRgd_CD141",5000,"ambiguous","discordant_tests;seed_instability",3,0,0,1,1,0.0378189094547274
"inflect_ward_k38",17,122981,"CD11c",1000,"no_detected_multimodality","neither test rejects in any seed",3,0,0,0,1,0.949994997498749
"inflect_ward_k38",17,122981,"CD11c",5000,"no_detected_multimodality","neither test rejects in any seed",3,0,0,0,1,0.69052708172268
"inflect_ward_k38",17,122981,"CD16",1000,"no_detected_multimodality","neither test rejects in any seed",3,0,0,0,1,0.828351675837919
"inflect_ward_k38",17,122981,"CD16",5000,"no_detected_multimodality","neither test rejects in any seed",3,0,0,0,1,0.368517592129398
"inflect_ward_k38",17,122981,"CD161",1000,"ambiguous","discordant_tests;seed_instability;borderline_q",3,0,0,1,0.118478359230959,0
"inflect_ward_k38",17,122981,"CD161",5000,"detected_multimodality","both tests reject in at least two seeds",3,2,2,2,5.49586265023438e-05,0
"inflect_ward_k38",17,122981,"CD197_CCR7",1000,"no_detected_multimodality","neither test rejects in any seed",3,0,0,0,1,0.3204329437446
"inflect_ward_k38",17,122981,"CD197_CCR7",5000,"ambiguous","discordant_tests",3,0,0,3,0.956745052185455,0
"inflect_ward_k38",17,122981,"CD1c",1000,"no_detected_multimodality","neither test rejects in any seed",3,0,0,0,1,0.3204329437446
"inflect_ward_k38",17,122981,"CD1c",5000,"no_detected_multimodality","neither test rejects in any seed",3,0,0,0,1,0.69052708172268
"inflect_ward_k38",17,122981,"CD21",1000,"no_detected_multimodality","neither test rejects in any seed",3,0,0,0,1,0.631406612397108
"inflect_ward_k38",17,122981,"CD21",5000,"no_detected_multimodality","neither test rejects in any seed",3,0,0,0,1,0.110555277638819
"inflect_ward_k38",17,122981,"CD25",1000,"no_detected_multimodality","neither test rejects in any seed",3,0,0,0,1,0.215907953976989
"inflect_ward_k38",17,122981,"CD25",5000,"no_detected_multimodality","neither test rejects in any seed",3,0,0,0,1,0.910455227613807
"inflect_ward_k38",17,122981,"CD38",1000,"ambiguous","discordant_tests;seed_instability;borderline_q",3,1,1,3,0.000244629936880902,0
"inflect_ward_k38",17,122981,"CD38",5000,"detected_multimodality","both tests reject in at least two seeds",3,3,3,3,0,0
"inflect_ward_k38",17,122981,"CD45RA",1000,"no_detected_multimodality","neither test rejects in any seed",3,0,0,0,1,0.178839419709855
"inflect_ward_k38",17,122981,"CD45RA",5000,"ambiguous","discordant_tests;seed_instability;borderline_q",3,0,0,2,0.956745052185455,0
"inflect_ward_k38",17,122981,"CD57",1000,"no_detected_multimodality","neither test rejects in any seed",3,0,0,0,1,0.3204329437446
"inflect_ward_k38",17,122981,"CD57",5000,"no_detected_multimodality","neither test rejects in any seed",3,0,0,0,1,0.334917458729365
"inflect_ward_k38",17,122981,"CD7",1000,"ambiguous","discordant_tests;seed_instability;borderline_q",3,1,1,3,0.00607381235509841,0
"inflect_ward_k38",17,122981,"CD7",5000,"detected_multimodality","both tests reject in at least two seeds",3,3,3,3,0,0
"inflect_ward_k38",17,122981,"CD8",1000,"no_detected_multimodality","neither test rejects in any seed",3,0,0,0,1,0.581390695347674
"inflect_ward_k38",17,122981,"CD8",5000,"no_detected_multimodality","neither test rejects in any seed",3,0,0,0,1,0.791770885442721
"inflect_ward_k38",17,122981,"FoxP3",1000,"detected_multimodality","both tests reject in at least two seeds",3,3,3,3,0,0
"inflect_ward_k38",17,122981,"FoxP3",5000,"detected_multimodality","both tests reject in at least two seeds",3,3,3,3,0,0
"inflect_ward_k38",17,122981,"Tbet",1000,"no_detected_multimodality","neither test rejects in any seed",3,0,0,0,1,0.3204329437446
"inflect_ward_k38",17,122981,"Tbet",5000,"no_detected_multimodality","neither test rejects in any seed",3,0,0,0,1,0.341420710355178
"inflect_ward_k38",18,40140,"CD11c",1000,"no_detected_multimodality","neither test rejects in any seed",3,0,0,0,0.999435179677585,0.202601300650325
"inflect_ward_k38",18,40140,"CD11c",5000,"ambiguous","discordant_tests;seed_instability",3,0,0,1,0.438211681135447,0
"inflect_ward_k38",18,40140,"CD159c_NKG2C",1000,"ambiguous","discordant_tests;seed_instability;borderline_q",3,0,0,2,0.999435179677585,0.0337668834417209
"inflect_ward_k38",18,40140,"CD159c_NKG2C",5000,"detected_multimodality","both tests reject in at least two seeds",3,3,3,3,0,0
"inflect_ward_k38",18,40140,"CD16",1000,"ambiguous","discordant_tests;seed_instability",3,0,0,1,0.981296434277,0
"inflect_ward_k38",18,40140,"CD16",5000,"ambiguous","discordant_tests;seed_instability;borderline_q",3,0,0,2,0.0794739798343351,0
"inflect_ward_k38",18,40140,"CD197_CCR7",1000,"no_detected_multimodality","neither test rejects in any seed",3,0,0,0,0.999435179677585,0.465982991495748
"inflect_ward_k38",18,40140,"CD197_CCR7",5000,"no_detected_multimodality","neither test rejects in any seed",3,0,0,0,0.999640176808172,0.633129064532266
"inflect_ward_k38",18,40140,"CD3",1000,"detected_multimodality","both tests reject in at least two seeds",3,2,2,3,0.000847392187718454,0
"inflect_ward_k38",18,40140,"CD3",5000,"detected_multimodality","both tests reject in at least two seeds",3,3,3,3,0,0
"inflect_ward_k38",18,40140,"CD56",1000,"no_detected_multimodality","neither test rejects in any seed",3,0,0,0,0.999435179677585,0.663908877515681
"inflect_ward_k38",18,40140,"CD56",5000,"ambiguous","discordant_tests;seed_instability",3,1,1,3,0.00494491821833198,0
"inflect_ward_k38",18,40140,"CD57",1000,"no_detected_multimodality","neither test rejects in any seed",3,0,0,0,0.999435179677585,0.216108054027013
"inflect_ward_k38",18,40140,"CD57",5000,"ambiguous","discordant_tests;seed_instability",3,0,0,2,0.189676722115556,0
"inflect_ward_k38",18,40140,"CD7",1000,"no_detected_multimodality","neither test rejects in any seed",3,0,0,0,0.999435179677585,0.663908877515681
"inflect_ward_k38",18,40140,"CD7",5000,"no_detected_multimodality","neither test rejects in any seed",3,0,0,0,0.999640176808172,0.765022511255628
"inflect_ward_k38",19,331660,"CD161",1000,"ambiguous","borderline_q",3,0,0,0,1,0.077663831915958
"inflect_ward_k38",19,331660,"CD161",5000,"ambiguous","discordant_tests;seed_instability;borderline_q",3,1,1,3,0.00607102725684239,0
"inflect_ward_k38",19,331660,"CD27",1000,"ambiguous","discordant_tests;seed_instability;borderline_q",3,1,1,2,0.000112339988111998,0
"inflect_ward_k38",19,331660,"CD27",5000,"detected_multimodality","both tests reject in at least two seeds",3,3,3,3,0,0
"inflect_ward_k38",19,331660,"CD303_TCRvd2",1000,"detected_multimodality","both tests reject in at least two seeds",3,3,3,3,0,0
"inflect_ward_k38",19,331660,"CD303_TCRvd2",5000,"detected_multimodality","both tests reject in at least two seeds",3,3,3,3,0,0
"inflect_ward_k38",19,331660,"TCRgd_CD141",1000,"detected_multimodality","both tests reject in at least two seeds",3,3,3,3,0,0
"inflect_ward_k38",19,331660,"TCRgd_CD141",5000,"detected_multimodality","both tests reject in at least two seeds",3,3,3,3,0,0
"inflect_ward_k38",20,636588,"CD11c",1000,"no_detected_multimodality","neither test rejects in any seed",3,0,0,0,0.998637046263121,0.153076538269135
"inflect_ward_k38",20,636588,"CD11c",5000,"ambiguous","discordant_tests",3,0,0,3,0.362697904979879,0
"inflect_ward_k38",20,636588,"CD127",1000,"no_detected_multimodality","neither test rejects in any seed",3,0,0,0,0.998637046263121,0.32416208104052
"inflect_ward_k38",20,636588,"CD127",5000,"ambiguous","discordant_tests",3,0,0,3,0.168552314280427,0
"inflect_ward_k38",20,636588,"CD14",1000,"no_detected_multimodality","neither test rejects in any seed",3,0,0,0,0.998637046263121,0.669549060244408
"inflect_ward_k38",20,636588,"CD14",5000,"ambiguous","discordant_tests;seed_instability",3,0,0,1,0.998983623988357,0.0360180090045022
"inflect_ward_k38",20,636588,"CD159c_NKG2C",1000,"no_detected_multimodality","neither test rejects in any seed",3,0,0,0,0.998637046263121,0.406167369398985
"inflect_ward_k38",20,636588,"CD159c_NKG2C",5000,"ambiguous","discordant_tests",3,0,0,3,0.215126366036381,0
"inflect_ward_k38",20,636588,"CD16",1000,"ambiguous","discordant_tests;seed_instability",3,1,1,3,0.0375920507017948,0
"inflect_ward_k38",20,636588,"CD16",5000,"detected_multimodality","both tests reject in at least two seeds",3,3,3,3,0,0
"inflect_ward_k38",20,636588,"CD185_CXCR5",1000,"no_detected_multimodality","neither test rejects in any seed",3,0,0,0,0.998637046263121,0.372994189402394
"inflect_ward_k38",20,636588,"CD185_CXCR5",5000,"detected_multimodality","both tests reject in at least two seeds",3,2,2,3,0.0317484445028581,0
"inflect_ward_k38",20,636588,"CD197_CCR7",1000,"no_detected_multimodality","neither test rejects in any seed",3,0,0,0,0.998637046263121,0.755203688800922
"inflect_ward_k38",20,636588,"CD197_CCR7",5000,"no_detected_multimodality","neither test rejects in any seed",3,0,0,0,0.998983623988357,0.684546818863977
"inflect_ward_k38",20,636588,"CD21",1000,"ambiguous","discordant_tests;seed_instability",3,0,0,2,0.109582132190251,0
"inflect_ward_k38",20,636588,"CD21",5000,"detected_multimodality","both tests reject in at least two seeds",3,3,3,3,0,0
"inflect_ward_k38",20,636588,"CD27",1000,"no_detected_multimodality","neither test rejects in any seed",3,0,0,0,0.998637046263121,0.372994189402394
"inflect_ward_k38",20,636588,"CD27",5000,"ambiguous","discordant_tests;seed_instability",3,0,0,2,0.998983623988357,0
"inflect_ward_k38",20,636588,"CD3",1000,"no_detected_multimodality","neither test rejects in any seed",3,0,0,0,0.998637046263121,0.468515507753877
"inflect_ward_k38",20,636588,"CD3",5000,"ambiguous","discordant_tests;borderline_q",3,0,0,3,0.051942953450834,0
"inflect_ward_k38",20,636588,"CD38",1000,"no_detected_multimodality","neither test rejects in any seed",3,0,0,0,0.998637046263121,0.372994189402394
"inflect_ward_k38",20,636588,"CD38",5000,"detected_multimodality","both tests reject in at least two seeds",3,3,3,3,0.00118865245169386,0
"inflect_ward_k38",20,636588,"CD45RA",1000,"no_detected_multimodality","neither test rejects in any seed",3,0,0,0,0.998637046263121,0.266758379189595
"inflect_ward_k38",20,636588,"CD45RA",5000,"ambiguous","discordant_tests;seed_instability;borderline_q",3,1,1,2,0.00503697102519507,0
"inflect_ward_k38",20,636588,"CD7",1000,"ambiguous","borderline_q",3,0,0,0,0.998637046263121,0.0877938969484742
"inflect_ward_k38",20,636588,"CD7",5000,"ambiguous","borderline_q",3,0,0,0,0.998983623988357,0.0916529693418138
"inflect_ward_k38",21,606074,"CD161",1000,"ambiguous","discordant_tests",3,0,0,3,0.401784803600524,0
"inflect_ward_k38",21,606074,"CD161",5000,"detected_multimodality","both tests reject in at least two seeds",3,3,3,3,0.000194146374311643,0
"inflect_ward_k38",21,606074,"CD185_CXCR5",1000,"no_detected_multimodality","neither test rejects in any seed",3,0,0,0,0.999101822574458,0.700421639391124
"inflect_ward_k38",21,606074,"CD185_CXCR5",5000,"no_detected_multimodality","neither test rejects in any seed",3,0,0,0,1,0.922013638398147
"inflect_ward_k38",21,606074,"CD27",1000,"detected_multimodality","both tests reject in at least two seeds",3,3,3,3,0,0
"inflect_ward_k38",21,606074,"CD27",5000,"detected_multimodality","both tests reject in at least two seeds",3,3,3,3,0,0
"inflect_ward_k38",21,606074,"CD303_TCRvd2",1000,"detected_multimodality","both tests reject in at least two seeds",3,3,3,3,0,0
"inflect_ward_k38",21,606074,"CD303_TCRvd2",5000,"detected_multimodality","both tests reject in at least two seeds",3,3,3,3,0,0
"inflect_ward_k38",21,606074,"CD4",1000,"no_detected_multimodality","neither test rejects in any seed",3,0,0,0,0.999101822574458,0.103551775887944
"inflect_ward_k38",21,606074,"CD4",5000,"no_detected_multimodality","neither test rejects in any seed",3,0,0,0,1,0.616245622811406
"inflect_ward_k38",21,606074,"CD57",1000,"ambiguous","discordant_tests",3,0,0,3,0.477536458419283,0
"inflect_ward_k38",21,606074,"CD57",5000,"detected_multimodality","both tests reject in at least two seeds",3,3,3,3,0.000328337323083266,0
"inflect_ward_k38",21,606074,"TCRgd_CD141",1000,"detected_multimodality","both tests reject in at least two seeds",3,3,3,3,0,0
"inflect_ward_k38",21,606074,"TCRgd_CD141",5000,"detected_multimodality","both tests reject in at least two seeds",3,3,3,3,0,0
"inflect_ward_k38",22,160846,"CD159c_NKG2C",1000,"no_detected_multimodality","neither test rejects in any seed",3,0,0,0,0.998976312959531,0.130565282641321
"inflect_ward_k38",22,160846,"CD159c_NKG2C",5000,"ambiguous","discordant_tests;seed_instability;borderline_q",3,0,0,2,0.0841741942481257,0
"inflect_ward_k38",22,160846,"CD294_CRTH2",1000,"no_detected_multimodality","neither test rejects in any seed",3,0,0,0,0.998976312959531,0.713928392767813
"inflect_ward_k38",22,160846,"CD294_CRTH2",5000,"no_detected_multimodality","neither test rejects in any seed",3,0,0,0,1,0.531265632816408
"inflect_ward_k38",22,160846,"CD45RA",1000,"no_detected_multimodality","neither test rejects in any seed",3,0,0,0,0.998976312959531,0.713928392767813
"inflect_ward_k38",22,160846,"CD45RA",5000,"no_detected_multimodality","neither test rejects in any seed",3,0,0,0,1,0.706648778934922
"inflect_ward_k38",22,160846,"CD56",1000,"ambiguous","discordant_tests;seed_instability",3,0,0,1,0.998976312959531,0.0270135067533767
"inflect_ward_k38",22,160846,"CD56",5000,"detected_multimodality","both tests reject in at least two seeds",3,2,2,3,0.00193709558782396,0
"inflect_ward_k38",22,160846,"CD57",1000,"detected_multimodality","both tests reject in at least two seeds",3,3,3,3,0,0
"inflect_ward_k38",22,160846,"CD57",5000,"detected_multimodality","both tests reject in at least two seeds",3,3,3,3,0,0
"inflect_ward_k38",22,160846,"HLA-DR",1000,"no_detected_multimodality","neither test rejects in any seed",3,0,0,0,0.998976312959531,0.652007822092865
"inflect_ward_k38",22,160846,"HLA-DR",5000,"no_detected_multimodality","neither test rejects in any seed",3,0,0,0,1,0.128314157078539
"inflect_ward_k38",23,88785,"CD127",1000,"ambiguous","discordant_tests;seed_instability",3,1,1,2,0.00907386433549107,0
"inflect_ward_k38",23,88785,"CD127",5000,"detected_multimodality","both tests reject in at least two seeds",3,2,2,3,0.000268770981475619,0
"inflect_ward_k38",23,88785,"CD14",1000,"ambiguous","discordant_tests;seed_instability",3,0,0,2,0.999372710989467,0.0101300650325163
"inflect_ward_k38",23,88785,"CD14",5000,"detected_multimodality","both tests reject in at least two seeds",3,3,3,3,1.83849450553497e-05,0
"inflect_ward_k38",23,88785,"CD161",1000,"ambiguous","discordant_tests;seed_instability;borderline_q",3,0,0,2,0.999372710989467,0.00270135067533767
"inflect_ward_k38",23,88785,"CD161",5000,"detected_multimodality","both tests reject in at least two seeds",3,3,3,3,3.7014317787798e-05,0
"inflect_ward_k38",23,88785,"CD185_CXCR5",1000,"ambiguous","discordant_tests;seed_instability",3,0,0,1,0.999372710989467,0.0108054027013507
"inflect_ward_k38",23,88785,"CD185_CXCR5",5000,"detected_multimodality","both tests reject in at least two seeds",3,3,3,3,0.000269851324920523,0
"inflect_ward_k38",23,88785,"CD1c",1000,"ambiguous","discordant_tests;seed_instability",3,0,0,1,0.999372710989467,0.00270135067533767
"inflect_ward_k38",23,88785,"CD1c",5000,"no_detected_multimodality","neither test rejects in any seed",3,0,0,0,1,0.140470235117559
"inflect_ward_k38",23,88785,"CD27",1000,"no_detected_multimodality","neither test rejects in any seed",3,0,0,0,0.999372710989467,0.741282405908837
"inflect_ward_k38",23,88785,"CD27",5000,"ambiguous","discordant_tests;seed_instability",3,0,0,1,1,0.00168834417208604
"inflect_ward_k38",23,88785,"CD38",1000,"detected_multimodality","both tests reject in at least two seeds",3,3,3,3,1.03077140632957e-05,0
"inflect_ward_k38",23,88785,"CD38",5000,"detected_multimodality","both tests reject in at least two seeds",3,3,3,3,0,0
"inflect_ward_k38",23,88785,"CD56",1000,"no_detected_multimodality","neither test rejects in any seed",3,0,0,0,0.999372710989467,0.325512756378189
"inflect_ward_k38",23,88785,"CD56",5000,"ambiguous","discordant_tests;seed_instability",3,0,0,1,1,0.0300150075037519
"inflect_ward_k38",23,88785,"CD7",1000,"ambiguous","borderline_q",3,0,0,0,0.999372710989467,0.0771814478667905
"inflect_ward_k38",23,88785,"CD7",5000,"detected_multimodality","both tests reject in at least two seeds",3,3,3,3,0.0025313076714635,0
"inflect_ward_k38",23,88785,"Tbet",1000,"detected_multimodality","both tests reject in at least two seeds",3,3,3,3,0,0
"inflect_ward_k38",23,88785,"Tbet",5000,"detected_multimodality","both tests reject in at least two seeds",3,3,3,3,0,0
"inflect_ward_k38",24,336733,"CD159c_NKG2C",1000,"no_detected_multimodality","neither test rejects in any seed",3,0,0,0,1,0.488494247123562
"inflect_ward_k38",24,336733,"CD159c_NKG2C",5000,"no_detected_multimodality","neither test rejects in any seed",3,0,0,0,1,0.836804766019373
"inflect_ward_k38",24,336733,"CD16",1000,"no_detected_multimodality","neither test rejects in any seed",3,0,0,0,1,0.291745872936468
"inflect_ward_k38",24,336733,"CD16",5000,"no_detected_multimodality","neither test rejects in any seed",3,0,0,0,1,0.225112556278139
"inflect_ward_k38",24,336733,"CD161",1000,"ambiguous","discordant_tests",3,0,0,3,0.128595066207219,0
"inflect_ward_k38",24,336733,"CD161",5000,"detected_multimodality","both tests reject in at least two seeds",3,3,3,3,0,0
"inflect_ward_k38",24,336733,"CD21",1000,"no_detected_multimodality","neither test rejects in any seed",3,0,0,0,1,0.80001539231154
"inflect_ward_k38",24,336733,"CD21",5000,"no_detected_multimodality","neither test rejects in any seed",3,0,0,0,1,0.981490745372686
"inflect_ward_k38",24,336733,"CD27",1000,"detected_multimodality","both tests reject in at least two seeds",3,2,2,3,0.00264713915521531,0
"inflect_ward_k38",24,336733,"CD27",5000,"detected_multimodality","both tests reject in at least two seeds",3,3,3,3,0,0
"inflect_ward_k38",24,336733,"CD45RA",1000,"no_detected_multimodality","neither test rejects in any seed",3,0,0,0,1,0.719909954977489
"inflect_ward_k38",24,336733,"CD45RA",5000,"no_detected_multimodality","neither test rejects in any seed",3,0,0,0,1,0.836804766019373
"inflect_ward_k38",25,215648,"CD161",1000,"no_detected_multimodality","neither test rejects in any seed",3,0,0,0,0.998179723854965,0.691845922961481
"inflect_ward_k38",25,215648,"CD161",5000,"no_detected_multimodality","neither test rejects in any seed",3,0,0,0,1,0.482191095547774
"inflect_ward_k38",25,215648,"CD3",1000,"detected_multimodality","both tests reject in at least two seeds",3,2,2,3,0.0330691546513008,0
"inflect_ward_k38",25,215648,"CD3",5000,"detected_multimodality","both tests reject in at least two seeds",3,3,3,3,0,0
"inflect_ward_k38",25,215648,"CD303_TCRvd2",1000,"ambiguous","discordant_tests",3,0,0,3,0.178338104945616,0
"inflect_ward_k38",25,215648,"CD303_TCRvd2",5000,"detected_multimodality","both tests reject in at least two seeds",3,3,3,3,7.80016920124416e-05,0
"inflect_ward_k38",25,215648,"CD57",1000,"detected_multimodality","both tests reject in at least two seeds",3,3,3,3,0,0
"inflect_ward_k38",25,215648,"CD57",5000,"detected_multimodality","both tests reject in at least two seeds",3,3,3,3,0,0
"inflect_ward_k38",25,215648,"CD7",1000,"no_detected_multimodality","neither test rejects in any seed",3,0,0,0,0.998179723854965,0.724862431215608
"inflect_ward_k38",25,215648,"CD7",5000,"no_detected_multimodality","neither test rejects in any seed",3,0,0,0,1,0.482191095547774
"inflect_ward_k38",25,215648,"TCRgd_CD141",1000,"no_detected_multimodality","neither test rejects in any seed",3,0,0,0,0.998179723854965,0.90109340384478
"inflect_ward_k38",25,215648,"TCRgd_CD141",5000,"no_detected_multimodality","neither test rejects in any seed",3,0,0,0,1,0.647529647176529
"inflect_ward_k38",26,726106,"CD11c",1000,"no_detected_multimodality","neither test rejects in any seed",3,0,0,0,0.998807040319783,0.408579289644822
"inflect_ward_k38",26,726106,"CD11c",5000,"no_detected_multimodality","neither test rejects in any seed",3,0,0,0,1,0.801400700350175
"inflect_ward_k38",26,726106,"CD14",1000,"no_detected_multimodality","neither test rejects in any seed",3,0,0,0,0.998807040319783,0.891445722861431
"inflect_ward_k38",26,726106,"CD14",5000,"no_detected_multimodality","neither test rejects in any seed",3,0,0,0,1,0.801400700350175
"inflect_ward_k38",26,726106,"CD19",1000,"no_detected_multimodality","neither test rejects in any seed",3,0,0,0,0.998807040319783,0.963981990995498
"inflect_ward_k38",26,726106,"CD19",5000,"no_detected_multimodality","neither test rejects in any seed",3,0,0,0,1,0.979989994997499
"inflect_ward_k38",26,726106,"CD27",1000,"detected_multimodality","both tests reject in at least two seeds",3,3,3,3,0,0
"inflect_ward_k38",26,726106,"CD27",5000,"detected_multimodality","both tests reject in at least two seeds",3,3,3,3,0,0
"inflect_ward_k38",26,726106,"CD3",1000,"ambiguous","discordant_tests",3,0,0,3,0.998807040319783,0.00540270135067534
"inflect_ward_k38",26,726106,"CD3",5000,"detected_multimodality","both tests reject in at least two seeds",3,3,3,3,0.000238312693972426,0
"inflect_ward_k38",26,726106,"CD303_TCRvd2",1000,"ambiguous","discordant_tests;seed_instability",3,0,0,2,0.998807040319783,0
"inflect_ward_k38",26,726106,"CD303_TCRvd2",5000,"ambiguous","discordant_tests",3,0,0,3,0.125657424045671,0
"inflect_ward_k38",26,726106,"CD38",1000,"no_detected_multimodality","neither test rejects in any seed",3,0,0,0,0.998807040319783,0.234117058529265
"inflect_ward_k38",26,726106,"CD38",5000,"ambiguous","discordant_tests",3,0,0,3,1,0
"inflect_ward_k38",26,726106,"CD45RA",1000,"detected_multimodality","both tests reject in at least two seeds",3,3,3,3,0,0
"inflect_ward_k38",26,726106,"CD45RA",5000,"detected_multimodality","both tests reject in at least two seeds",3,3,3,3,0,0
"inflect_ward_k38",26,726106,"CD56",1000,"no_detected_multimodality","neither test rejects in any seed",3,0,0,0,0.998807040319783,0.366183091545773
"inflect_ward_k38",26,726106,"CD56",5000,"ambiguous","borderline_q",3,0,0,0,1,0.0617451582934324
"inflect_ward_k38",26,726106,"CD8",1000,"no_detected_multimodality","neither test rejects in any seed",3,0,0,0,0.998807040319783,0.283641820910455
"inflect_ward_k38",26,726106,"CD8",5000,"no_detected_multimodality","neither test rejects in any seed",3,0,0,0,1,0.815470235117559
"inflect_ward_k38",26,726106,"Tbet",1000,"detected_multimodality","both tests reject in at least two seeds",3,3,3,3,0,0
"inflect_ward_k38",26,726106,"Tbet",5000,"detected_multimodality","both tests reject in at least two seeds",3,3,3,3,0,0
"inflect_ward_k38",27,99969,"CD127",1000,"ambiguous","discordant_tests;seed_instability;borderline_q",3,0,0,2,0.0940535278311493,0
"inflect_ward_k38",27,99969,"CD127",5000,"detected_multimodality","both tests reject in at least two seeds",3,3,3,3,3.82442427926399e-07,0
"inflect_ward_k38",27,99969,"CD16",1000,"detected_multimodality","both tests reject in at least two seeds",3,3,3,3,0.000124887045695909,0
"inflect_ward_k38",27,99969,"CD16",5000,"detected_multimodality","both tests reject in at least two seeds",3,3,3,3,0,0
"inflect_ward_k38",27,99969,"CD161",1000,"no_detected_multimodality","neither test rejects in any seed",3,0,0,0,1,0.211043021510755
"inflect_ward_k38",27,99969,"CD161",5000,"ambiguous","discordant_tests;seed_instability",3,0,0,1,0.44754840376884,0.00337668834417209
"inflect_ward_k38",27,99969,"CD27",1000,"detected_multimodality","both tests reject in at least two seeds",3,3,3,3,0.00145854243679244,0
"inflect_ward_k38",27,99969,"CD27",5000,"detected_multimodality","both tests reject in at least two seeds",3,3,3,3,0,0
"inflect_ward_k38",27,99969,"CD38",1000,"no_detected_multimodality","neither test rejects in any seed",3,0,0,0,1,0.705727863931966
"inflect_ward_k38",27,99969,"CD38",5000,"ambiguous","discordant_tests",3,0,0,3,0.952621534805931,0.00135067533766883
"inflect_ward_k38",27,99969,"CD4",1000,"no_detected_multimodality","neither test rejects in any seed",3,0,0,0,1,0.574787393696848
"inflect_ward_k38",27,99969,"CD4",5000,"ambiguous","discordant_tests",3,0,0,3,0.14695544694496,0
"inflect_ward_k38",27,99969,"CD45RA",1000,"detected_multimodality","both tests reject in at least two seeds",3,3,3,3,1.04740186843699e-05,0
"inflect_ward_k38",27,99969,"CD45RA",5000,"detected_multimodality","both tests reject in at least two seeds",3,3,3,3,0,0
"inflect_ward_k38",27,99969,"CD56",1000,"ambiguous","discordant_tests;borderline_q",3,0,0,3,0.0806579626362028,0
"inflect_ward_k38",27,99969,"CD56",5000,"detected_multimodality","both tests reject in at least two seeds",3,3,3,3,0,0
"inflect_ward_k38",27,99969,"CD57",1000,"ambiguous","discordant_tests;seed_instability",3,0,0,1,1,0.0289430429500465
"inflect_ward_k38",27,99969,"CD57",5000,"ambiguous","discordant_tests",3,0,0,3,0.868786725333608,0
"inflect_ward_k38",27,99969,"Tbet",1000,"detected_multimodality","both tests reject in at least two seeds",3,2,2,3,0.00897622717796509,0
"inflect_ward_k38",27,99969,"Tbet",5000,"detected_multimodality","both tests reject in at least two seeds",3,3,3,3,0,0
"inflect_ward_k38",27,99969,"TCRgd_CD141",1000,"ambiguous","borderline_q",3,0,0,0,1,0.0742871435717859
"inflect_ward_k38",27,99969,"TCRgd_CD141",5000,"no_detected_multimodality","neither test rejects in any seed",3,0,0,0,1,0.191988851568641
"inflect_ward_k38",28,1298228,"CD11c",1000,"no_detected_multimodality","neither test rejects in any seed",3,0,0,0,0.998052062575463,0.908454227113557
"inflect_ward_k38",28,1298228,"CD11c",5000,"no_detected_multimodality","neither test rejects in any seed",3,0,0,0,1,0.303901950975488
"inflect_ward_k38",28,1298228,"CD16",1000,"no_detected_multimodality","neither test rejects in any seed",3,0,0,0,0.998052062575463,0.908454227113557
"inflect_ward_k38",28,1298228,"CD16",5000,"no_detected_multimodality","neither test rejects in any seed",3,0,0,0,1,0.444034517258629
"inflect_ward_k38",28,1298228,"CD185_CXCR5",1000,"ambiguous","discordant_tests;seed_instability",3,1,1,3,0.0141836342550983,0
"inflect_ward_k38",28,1298228,"CD185_CXCR5",5000,"detected_multimodality","both tests reject in at least two seeds",3,3,3,3,0,0
"inflect_ward_k38",28,1298228,"CD19",1000,"ambiguous","discordant_tests;seed_instability",3,0,0,2,0.96995542697107,0
"inflect_ward_k38",28,1298228,"CD19",5000,"detected_multimodality","both tests reject in at least two seeds",3,3,3,3,0,0
"inflect_ward_k38",28,1298228,"CD1c",1000,"no_detected_multimodality","neither test rejects in any seed",3,0,0,0,0.998052062575463,0.438969484742371
"inflect_ward_k38",28,1298228,"CD1c",5000,"no_detected_multimodality","neither test rejects in any seed",3,0,0,0,1,0.718313702305698
"inflect_ward_k38",28,1298228,"CD21",1000,"detected_multimodality","both tests reject in at least two seeds",3,3,3,3,0.00022912140855591,0
"inflect_ward_k38",28,1298228,"CD21",5000,"detected_multimodality","both tests reject in at least two seeds",3,3,3,3,0,0
"inflect_ward_k38",28,1298228,"CD38",1000,"no_detected_multimodality","neither test rejects in any seed",3,0,0,0,0.998052062575463,0.229614807403702
"inflect_ward_k38",28,1298228,"CD38",5000,"ambiguous","discordant_tests",3,0,0,3,0.422948763289385,0
"inflect_ward_k38",29,413636,"CD27",1000,"no_detected_multimodality","neither test rejects in any seed",3,0,0,0,1,0.89500013164477
"inflect_ward_k38",29,413636,"CD27",5000,"ambiguous","discordant_tests",3,0,0,3,1,0
"inflect_ward_k38",29,413636,"CD303_TCRvd2",1000,"no_detected_multimodality","neither test rejects in any seed",3,0,0,0,1,0.89500013164477
"inflect_ward_k38",29,413636,"CD303_TCRvd2",5000,"ambiguous","borderline_q",3,0,0,0,1,0.0945472736368184
"inflect_ward_k38",29,413636,"CD57",1000,"no_detected_multimodality","neither test rejects in any seed",3,0,0,0,1,0.89500013164477
"inflect_ward_k38",29,413636,"CD57",5000,"no_detected_multimodality","neither test rejects in any seed",3,0,0,0,1,0.308404202101051
"inflect_ward_k38",30,3058439,"CD14",1000,"no_detected_multimodality","neither test rejects in any seed",3,0,0,0,1,0.892946473236618
"inflect_ward_k38",30,3058439,"CD14",5000,"no_detected_multimodality","neither test rejects in any seed",3,0,0,0,1,0.870891967722992
"inflect_ward_k38",30,3058439,"CD161",1000,"ambiguous","discordant_tests;seed_instability;borderline_q",3,0,0,2,0.109568354054098,0.00675337668834417
"inflect_ward_k38",30,3058439,"CD161",5000,"ambiguous","discordant_tests;seed_instability",3,1,1,2,0.00106335442942418,0
"inflect_ward_k38",30,3058439,"CD185_CXCR5",1000,"no_detected_multimodality","neither test rejects in any seed",3,0,0,0,1,0.619622311155578
"inflect_ward_k38",30,3058439,"CD185_CXCR5",5000,"no_detected_multimodality","neither test rejects in any seed",3,0,0,0,1,0.55647823911956
"inflect_ward_k38",30,3058439,"CD27",1000,"detected_multimodality","both tests reject in at least two seeds",3,3,3,3,0,0
"inflect_ward_k38",30,3058439,"CD27",5000,"detected_multimodality","both tests reject in at least two seeds",3,3,3,3,0,0
"inflect_ward_k38",30,3058439,"CD56",1000,"no_detected_multimodality","neither test rejects in any seed",3,0,0,0,1,0.310655327663832
"inflect_ward_k38",30,3058439,"CD56",5000,"no_detected_multimodality","neither test rejects in any seed",3,0,0,0,1,0.869497248624312
"inflect_ward_k38",30,3058439,"CD57",1000,"no_detected_multimodality","neither test rejects in any seed",3,0,0,0,1,0.688844422211106
"inflect_ward_k38",30,3058439,"CD57",5000,"ambiguous","discordant_tests",3,0,0,3,0.540504583675963,0
"inflect_ward_k38",30,3058439,"FoxP3",1000,"no_detected_multimodality","neither test rejects in any seed",3,0,0,0,1,0.805429030304626
"inflect_ward_k38",30,3058439,"FoxP3",5000,"no_detected_multimodality","neither test rejects in any seed",3,0,0,0,1,0.870891967722992
"inflect_ward_k38",31,217883,"CD11c",1000,"ambiguous","borderline_q",3,0,0,0,0.998583418199287,0.0783391695847924
"inflect_ward_k38",31,217883,"CD11c",5000,"detected_multimodality","both tests reject in at least two seeds",3,2,2,3,0.00233450291358208,0
"inflect_ward_k38",31,217883,"CD14",1000,"detected_multimodality","both tests reject in at least two seeds",3,3,3,3,0,0
"inflect_ward_k38",31,217883,"CD14",5000,"detected_multimodality","both tests reject in at least two seeds",3,3,3,3,0,0
"inflect_ward_k38",31,217883,"CD1c",1000,"detected_multimodality","both tests reject in at least two seeds",3,3,3,3,0.00299231765426311,0
"inflect_ward_k38",31,217883,"CD1c",5000,"detected_multimodality","both tests reject in at least two seeds",3,3,3,3,0,0
"inflect_ward_k38",31,217883,"CD294_CRTH2",1000,"no_detected_multimodality","neither test rejects in any seed",3,0,0,0,0.998583418199287,0.635856389733328
"inflect_ward_k38",31,217883,"CD294_CRTH2",5000,"no_detected_multimodality","neither test rejects in any seed",3,0,0,0,1,0.383977703137283
"inflect_ward_k38",31,217883,"CD3",1000,"no_detected_multimodality","neither test rejects in any seed",3,0,0,0,0.998583418199287,0.720360180090045
"inflect_ward_k38",31,217883,"CD3",5000,"no_detected_multimodality","neither test rejects in any seed",3,0,0,0,1,0.634817408704352
"inflect_ward_k38",31,217883,"CD8",1000,"no_detected_multimodality","neither test rejects in any seed",3,0,0,0,0.998583418199287,0.114807403701851
"inflect_ward_k38",31,217883,"CD8",5000,"no_detected_multimodality","neither test rejects in any seed",3,0,0,0,1,0.342580381099641
"inflect_ward_k38",31,217883,"HLA-DR",1000,"detected_multimodality","both tests reject in at least two seeds",3,3,3,3,3.19109834406861e-06,0
"inflect_ward_k38",31,217883,"HLA-DR",5000,"detected_multimodality","both tests reject in at least two seeds",3,3,3,3,0,0
"inflect_ward_k38",31,217883,"TCRgd_CD141",1000,"ambiguous","discordant_tests;seed_instability",3,1,1,3,0.0133630902650075,0
"inflect_ward_k38",31,217883,"TCRgd_CD141",5000,"detected_multimodality","both tests reject in at least two seeds",3,3,3,3,0,0
"inflect_ward_k38",32,880759,"CD11c",1000,"detected_multimodality","both tests reject in at least two seeds",3,3,3,3,0,0
"inflect_ward_k38",32,880759,"CD11c",5000,"detected_multimodality","both tests reject in at least two seeds",3,3,3,3,0,0
"inflect_ward_k38",32,880759,"CD14",1000,"detected_multimodality","both tests reject in at least two seeds",3,3,3,3,0.000337149771938161,0
"inflect_ward_k38",32,880759,"CD14",5000,"detected_multimodality","both tests reject in at least two seeds",3,3,3,3,0,0
"inflect_ward_k38",32,880759,"CD185_CXCR5",1000,"no_detected_multimodality","neither test rejects in any seed",3,0,0,0,0.998505782118982,0.942471235617809
"inflect_ward_k38",32,880759,"CD185_CXCR5",5000,"no_detected_multimodality","neither test rejects in any seed",3,0,0,0,1,0.302343479432024
"inflect_ward_k38",32,880759,"CD197_CCR7",1000,"no_detected_multimodality","neither test rejects in any seed",3,0,0,0,0.998505782118982,0.247173586793397
"inflect_ward_k38",32,880759,"CD197_CCR7",5000,"no_detected_multimodality","neither test rejects in any seed",3,0,0,0,1,0.302343479432024
"inflect_ward_k38",32,880759,"CD1c",1000,"ambiguous","discordant_tests",3,0,0,3,0.347239373048685,0
"inflect_ward_k38",32,880759,"CD1c",5000,"detected_multimodality","both tests reject in at least two seeds",3,3,3,3,0,0
"inflect_ward_k38",32,880759,"CD27",1000,"no_detected_multimodality","neither test rejects in any seed",3,0,0,0,0.998505782118982,0.386872007432288
"inflect_ward_k38",32,880759,"CD27",5000,"no_detected_multimodality","neither test rejects in any seed",3,0,0,0,1,0.940070035017509
"inflect_ward_k38",32,880759,"CD3",1000,"no_detected_multimodality","neither test rejects in any seed",3,0,0,0,0.998505782118982,0.137318659329665
"inflect_ward_k38",32,880759,"CD3",5000,"no_detected_multimodality","neither test rejects in any seed",3,0,0,0,1,0.801722289716287
"inflect_ward_k38",32,880759,"CD303_TCRvd2",1000,"detected_multimodality","both tests reject in at least two seeds",3,3,3,3,0.0129493850430485,0
"inflect_ward_k38",32,880759,"CD303_TCRvd2",5000,"detected_multimodality","both tests reject in at least two seeds",3,3,3,3,0,0
"inflect_ward_k38",32,880759,"CD4",1000,"ambiguous","borderline_q",3,0,0,0,0.998505782118982,0.0928589294647324
"inflect_ward_k38",32,880759,"CD4",5000,"ambiguous","discordant_tests;seed_instability",3,0,0,1,1,0.0154362895733581
"inflect_ward_k38",32,880759,"CD45RA",1000,"no_detected_multimodality","neither test rejects in any seed",3,0,0,0,0.998505782118982,0.209354677338669
"inflect_ward_k38",32,880759,"CD45RA",5000,"ambiguous","discordant_tests;seed_instability;borderline_q",3,0,0,2,0.568502300733089,0
"inflect_ward_k38",32,880759,"CD8",1000,"no_detected_multimodality","neither test rejects in any seed",3,0,0,0,0.998505782118982,0.569084542271136
"inflect_ward_k38",32,880759,"CD8",5000,"no_detected_multimodality","neither test rejects in any seed",3,0,0,0,1,0.922211105552776
"inflect_ward_k38",32,880759,"HLA-DR",1000,"no_detected_multimodality","neither test rejects in any seed",3,0,0,0,0.998505782118982,0.256628314157079
"inflect_ward_k38",32,880759,"HLA-DR",5000,"detected_multimodality","both tests reject in at least two seeds",3,2,2,3,0.00503737503877316,0
"inflect_ward_k38",32,880759,"TCRgd_CD141",1000,"ambiguous","discordant_tests",3,0,0,3,0.136676184025393,0
"inflect_ward_k38",32,880759,"TCRgd_CD141",5000,"detected_multimodality","both tests reject in at least two seeds",3,3,3,3,0,0
"inflect_ward_k38",33,4350638,"CD127",1000,"no_detected_multimodality","neither test rejects in any seed",3,0,0,0,0.998882549919128,0.502451225612806
"inflect_ward_k38",33,4350638,"CD127",5000,"no_detected_multimodality","neither test rejects in any seed",3,0,0,0,1,0.96048024012006
"inflect_ward_k38",33,4350638,"CD161",1000,"no_detected_multimodality","neither test rejects in any seed",3,0,0,0,0.998882549919128,0.502451225612806
"inflect_ward_k38",33,4350638,"CD161",5000,"no_detected_multimodality","neither test rejects in any seed",3,0,0,0,1,0.279139569784892
"inflect_ward_k38",33,4350638,"CD294_CRTH2",1000,"no_detected_multimodality","neither test rejects in any seed",3,0,0,0,0.998882549919128,0.502451225612806
"inflect_ward_k38",33,4350638,"CD294_CRTH2",5000,"no_detected_multimodality","neither test rejects in any seed",3,0,0,0,1,0.96048024012006
"inflect_ward_k38",33,4350638,"CD303_TCRvd2",1000,"no_detected_multimodality","neither test rejects in any seed",3,0,0,0,0.998882549919128,0.553776888444222
"inflect_ward_k38",33,4350638,"CD303_TCRvd2",5000,"no_detected_multimodality","neither test rejects in any seed",3,0,0,0,1,0.856714071321375
"inflect_ward_k38",33,4350638,"CD45RA",1000,"no_detected_multimodality","neither test rejects in any seed",3,0,0,0,0.998882549919128,0.956978489244622
"inflect_ward_k38",33,4350638,"CD45RA",5000,"no_detected_multimodality","neither test rejects in any seed",3,0,0,0,1,0.856714071321375
"inflect_ward_k38",33,4350638,"CD57",1000,"no_detected_multimodality","neither test rejects in any seed",3,0,0,0,0.998882549919128,0.787364270370479
"inflect_ward_k38",33,4350638,"CD57",5000,"no_detected_multimodality","neither test rejects in any seed",3,0,0,0,1,0.71855927963982
"inflect_ward_k38",34,9068600,"CD127",1000,"ambiguous","discordant_tests;seed_instability",3,0,0,1,0.998026425441503,0.0270135067533767
"inflect_ward_k38",34,9068600,"CD127",5000,"no_detected_multimodality","neither test rejects in any seed",3,0,0,0,1,0.184592296148074
"inflect_ward_k38",34,9068600,"CD14",1000,"no_detected_multimodality","neither test rejects in any seed",3,0,0,0,0.998026425441503,0.536411062674194
"inflect_ward_k38",34,9068600,"CD14",5000,"no_detected_multimodality","neither test rejects in any seed",3,0,0,0,1,0.908734367183592
"inflect_ward_k38",34,9068600,"CD197_CCR7",1000,"detected_multimodality","both tests reject in at least two seeds",3,2,2,3,0.011689529498954,0
"inflect_ward_k38",34,9068600,"CD197_CCR7",5000,"detected_multimodality","both tests reject in at least two seeds",3,3,3,3,0,0
"inflect_ward_k38",34,9068600,"CD27",1000,"detected_multimodality","both tests reject in at least two seeds",3,3,3,3,0,0
"inflect_ward_k38",34,9068600,"CD27",5000,"detected_multimodality","both tests reject in at least two seeds",3,3,3,3,0,0
"inflect_ward_k38",34,9068600,"CD45RA",1000,"ambiguous","discordant_tests;seed_instability",3,1,1,3,0.0149666832436346,0
"inflect_ward_k38",34,9068600,"CD45RA",5000,"detected_multimodality","both tests reject in at least two seeds",3,3,3,3,5.20396699232872e-06,0
"inflect_ward_k38",34,9068600,"CD7",1000,"ambiguous","discordant_tests;seed_instability",3,1,1,3,0.0173060471098703,0
"inflect_ward_k38",34,9068600,"CD7",5000,"detected_multimodality","both tests reject in at least two seeds",3,3,3,3,0,0
"inflect_ward_k38",34,9068600,"FoxP3",1000,"no_detected_multimodality","neither test rejects in any seed",3,0,0,0,0.998026425441503,0.123811905952976
"inflect_ward_k38",34,9068600,"FoxP3",5000,"ambiguous","discordant_tests;seed_instability",3,0,0,1,1,0.0216108054027014
"inflect_ward_k38",35,1028144,"CD159c_NKG2C",1000,"no_detected_multimodality","neither test rejects in any seed",3,0,0,0,0.999643292242095,0.855990495247624
"inflect_ward_k38",35,1028144,"CD159c_NKG2C",5000,"no_detected_multimodality","neither test rejects in any seed",3,0,0,0,1,0.484313585364111
"inflect_ward_k38",35,1028144,"CD25",1000,"ambiguous","discordant_tests;seed_instability",3,0,0,1,0.999643292242095,0.0270135067533767
"inflect_ward_k38",35,1028144,"CD25",5000,"detected_multimodality","both tests reject in at least two seeds",3,3,3,3,0,0
"inflect_ward_k38",35,1028144,"CD27",1000,"no_detected_multimodality","neither test rejects in any seed",3,0,0,0,0.999643292242095,0.920388765811477
"inflect_ward_k38",35,1028144,"CD27",5000,"ambiguous","discordant_tests",3,0,0,3,1,0
"inflect_ward_k38",35,1028144,"FoxP3",1000,"ambiguous","discordant_tests",3,0,0,3,0.296637565027992,0
"inflect_ward_k38",35,1028144,"FoxP3",5000,"detected_multimodality","both tests reject in at least two seeds",3,3,3,3,0,0
"inflect_ward_k38",35,1028144,"Tbet",1000,"no_detected_multimodality","neither test rejects in any seed",3,0,0,0,0.999643292242095,0.92489101693704
"inflect_ward_k38",35,1028144,"Tbet",5000,"no_detected_multimodality","neither test rejects in any seed",3,0,0,0,1,0.939844922461231
"inflect_ward_k38",37,2920244,"CD197_CCR7",1000,"no_detected_multimodality","neither test rejects in any seed",3,0,0,0,0.997359283252241,0.747373686843422
"inflect_ward_k38",37,2920244,"CD197_CCR7",5000,"no_detected_multimodality","neither test rejects in any seed",3,0,0,0,1,0.598156220967627
"inflect_ward_k38",37,2920244,"CD3",1000,"no_detected_multimodality","neither test rejects in any seed",3,0,0,0,0.997359283252241,0.682446486401095
"inflect_ward_k38",37,2920244,"CD3",5000,"no_detected_multimodality","neither test rejects in any seed",3,0,0,0,1,0.984992496248124
"inflect_ward_k38",37,2920244,"CD4",1000,"no_detected_multimodality","neither test rejects in any seed",3,0,0,0,0.997359283252241,0.477238619309655
"inflect_ward_k38",37,2920244,"CD4",5000,"no_detected_multimodality","neither test rejects in any seed",3,0,0,0,1,0.9072036018009
"inflect_ward_k38",37,2920244,"HLA-DR",1000,"no_detected_multimodality","neither test rejects in any seed",3,0,0,0,0.997359283252241,0.189094547273637
"inflect_ward_k38",37,2920244,"HLA-DR",5000,"no_detected_multimodality","neither test rejects in any seed",3,0,0,0,1,0.387193596798399
"inflect_ward_k38",38,541968,"CD127",1000,"ambiguous","discordant_tests;seed_instability;borderline_q",3,0,0,1,0.997648413467573,0.0270135067533767
"inflect_ward_k38",38,541968,"CD127",5000,"ambiguous","discordant_tests;seed_instability;borderline_q",3,0,0,2,0.132254571629548,0
"inflect_ward_k38",38,541968,"CD197_CCR7",1000,"ambiguous","discordant_tests;seed_instability",3,0,0,1,0.997648413467573,0.0270135067533767
"inflect_ward_k38",38,541968,"CD197_CCR7",5000,"ambiguous","discordant_tests",3,0,0,3,1,0
"inflect_ward_k38",38,541968,"CD27",1000,"no_detected_multimodality","neither test rejects in any seed",3,0,0,0,0.997648413467573,0.828823502660421
"inflect_ward_k38",38,541968,"CD27",5000,"ambiguous","discordant_tests",3,0,0,3,0.766796346957927,0
"inflect_ward_k38",38,541968,"CD4",1000,"no_detected_multimodality","neither test rejects in any seed",3,0,0,0,0.997648413467573,0.828823502660421
"inflect_ward_k38",38,541968,"CD4",5000,"ambiguous","discordant_tests;seed_instability;borderline_q",3,0,0,2,1,0
"inflect_ward_k38",38,541968,"TCRgd_CD141",1000,"no_detected_multimodality","neither test rejects in any seed",3,0,0,0,0.997648413467573,0.828823502660421
"inflect_ward_k38",38,541968,"TCRgd_CD141",5000,"no_detected_multimodality","neither test rejects in any seed",3,0,0,0,1,0.459229614807404
"inflect_ward_k44",1,1026945,"CD11c",1000,"detected_multimodality","both tests reject in at least two seeds",3,3,3,3,0,0
"inflect_ward_k44",1,1026945,"CD11c",5000,"detected_multimodality","both tests reject in at least two seeds",3,3,3,3,0,0
"inflect_ward_k44",1,1026945,"CD161",1000,"detected_multimodality","both tests reject in at least two seeds",3,3,3,3,0,0
"inflect_ward_k44",1,1026945,"CD161",5000,"detected_multimodality","both tests reject in at least two seeds",3,3,3,3,0,0
"inflect_ward_k44",2,438555,"CD127",1000,"no_detected_multimodality","neither test rejects in any seed",3,0,0,0,0.999905222134287,0.580790395197599
"inflect_ward_k44",2,438555,"CD127",5000,"no_detected_multimodality","neither test rejects in any seed",3,0,0,0,1,0.375487743871936
"inflect_ward_k44",2,438555,"CD161",1000,"no_detected_multimodality","neither test rejects in any seed",3,0,0,0,0.999905222134287,0.807403701850925
"inflect_ward_k44",2,438555,"CD161",5000,"no_detected_multimodality","neither test rejects in any seed",3,0,0,0,1,0.547023511755878
"inflect_ward_k44",2,438555,"CD303_TCRvd2",1000,"no_detected_multimodality","neither test rejects in any seed",3,0,0,0,0.999905222134287,0.807403701850925
"inflect_ward_k44",2,438555,"CD303_TCRvd2",5000,"no_detected_multimodality","neither test rejects in any seed",3,0,0,0,1,0.612868934467234
"inflect_ward_k44",2,438555,"CD45RA",1000,"ambiguous","borderline_q",3,0,0,0,0.999905222134287,0.0540270135067534
"inflect_ward_k44",2,438555,"CD45RA",5000,"no_detected_multimodality","neither test rejects in any seed",3,0,0,0,1,0.364682341170585
"inflect_ward_k44",2,438555,"CD57",1000,"detected_multimodality","both tests reject in at least two seeds",3,3,3,3,0,0
"inflect_ward_k44",2,438555,"CD57",5000,"detected_multimodality","both tests reject in at least two seeds",3,3,3,3,0,0
"inflect_ward_k44",3,302122,"CD159c_NKG2C",1000,"detected_multimodality","both tests reject in at least two seeds",3,3,3,3,0,0
"inflect_ward_k44",3,302122,"CD159c_NKG2C",5000,"detected_multimodality","both tests reject in at least two seeds",3,3,3,3,0,0
"inflect_ward_k44",3,302122,"CD27",1000,"no_detected_multimodality","neither test rejects in any seed",3,0,0,0,0.999329204905662,0.909864022920551
"inflect_ward_k44",3,302122,"CD27",5000,"no_detected_multimodality","neither test rejects in any seed",3,0,0,0,1,0.394697348674337
"inflect_ward_k44",3,302122,"CD3",1000,"no_detected_multimodality","neither test rejects in any seed",3,0,0,0,0.999329204905662,0.908554277138569
"inflect_ward_k44",3,302122,"CD3",5000,"no_detected_multimodality","neither test rejects in any seed",3,0,0,0,1,0.131690845422711
"inflect_ward_k44",3,302122,"CD57",1000,"detected_multimodality","both tests reject in at least two seeds",3,3,3,3,0,0
"inflect_ward_k44",3,302122,"CD57",5000,"detected_multimodality","both tests reject in at least two seeds",3,3,3,3,0,0
"inflect_ward_k44",3,302122,"FoxP3",1000,"no_detected_multimodality","neither test rejects in any seed",3,0,0,0,0.999329204905662,0.889757378689345
"inflect_ward_k44",3,302122,"FoxP3",5000,"no_detected_multimodality","neither test rejects in any seed",3,0,0,0,1,0.749624812406203
"inflect_ward_k44",3,302122,"TCRgd_CD141",1000,"no_detected_multimodality","neither test rejects in any seed",3,0,0,0,0.999329204905662,0.702351175587794
"inflect_ward_k44",3,302122,"TCRgd_CD141",5000,"ambiguous","discordant_tests",3,0,0,3,1,0
"inflect_ward_k44",4,228900,"CD127",1000,"no_detected_multimodality","neither test rejects in any seed",3,0,0,0,0.999734419602449,0.741183091545773
"inflect_ward_k44",4,228900,"CD127",5000,"no_detected_multimodality","neither test rejects in any seed",3,0,0,0,1,0.858076096871965
"inflect_ward_k44",4,228900,"CD159c_NKG2C",1000,"no_detected_multimodality","neither test rejects in any seed",3,0,0,0,0.999734419602449,0.513256628314157
"inflect_ward_k44",4,228900,"CD159c_NKG2C",5000,"ambiguous","discordant_tests;seed_instability",3,0,0,2,0.613989963343922,0
"inflect_ward_k44",4,228900,"CD161",1000,"no_detected_multimodality","neither test rejects in any seed",3,0,0,0,0.999734419602449,0.983491745872936
"inflect_ward_k44",4,228900,"CD161",5000,"no_detected_multimodality","neither test rejects in any seed",3,0,0,0,1,0.218809404702351
"inflect_ward_k44",4,228900,"CD25",1000,"no_detected_multimodality","neither test rejects in any seed",3,0,0,0,0.999734419602449,0.983491745872936
"inflect_ward_k44",4,228900,"CD25",5000,"no_detected_multimodality","neither test rejects in any seed",3,0,0,0,1,0.218809404702351
"inflect_ward_k44",4,228900,"CD3",1000,"detected_multimodality","both tests reject in at least two seeds",3,3,3,3,0,0
"inflect_ward_k44",4,228900,"CD3",5000,"detected_multimodality","both tests reject in at least two seeds",3,3,3,3,0,0
"inflect_ward_k44",4,228900,"CD57",1000,"detected_multimodality","both tests reject in at least two seeds",3,3,3,3,2.10747906226327e-05,0
"inflect_ward_k44",4,228900,"CD57",5000,"detected_multimodality","both tests reject in at least two seeds",3,3,3,3,0,0
"inflect_ward_k44",4,228900,"CD7",1000,"no_detected_multimodality","neither test rejects in any seed",3,0,0,0,0.999734419602449,0.421410705352676
"inflect_ward_k44",4,228900,"CD7",5000,"no_detected_multimodality","neither test rejects in any seed",3,0,0,0,1,0.297148574287144
"inflect_ward_k44",5,331025,"CD11c",1000,"detected_multimodality","both tests reject in at least two seeds",3,2,2,3,0.00597118538329217,0
"inflect_ward_k44",5,331025,"CD11c",5000,"detected_multimodality","both tests reject in at least two seeds",3,3,3,3,0,0
"inflect_ward_k44",5,331025,"CD161",1000,"ambiguous","discordant_tests;seed_instability;borderline_q",3,0,0,2,0.0681196606545901,0.00337668834417209
"inflect_ward_k44",5,331025,"CD161",5000,"detected_multimodality","both tests reject in at least two seeds",3,3,3,3,8.2651811326051e-05,0
"inflect_ward_k44",5,331025,"CD19",1000,"no_detected_multimodality","neither test rejects in any seed",3,0,0,0,0.995982638138238,0.388578904837034
"inflect_ward_k44",5,331025,"CD19",5000,"no_detected_multimodality","neither test rejects in any seed",3,0,0,0,1,0.438004716644036
"inflect_ward_k44",5,331025,"CD3",1000,"detected_multimodality","both tests reject in at least two seeds",3,3,3,3,0.000298387466966865,0
"inflect_ward_k44",5,331025,"CD3",5000,"detected_multimodality","both tests reject in at least two seeds",3,3,3,3,0,0
"inflect_ward_k44",5,331025,"CD57",1000,"ambiguous","discordant_tests;seed_instability;borderline_q",3,0,0,2,0.0681196606545901,0
"inflect_ward_k44",5,331025,"CD57",5000,"detected_multimodality","both tests reject in at least two seeds",3,2,2,3,7.84927500286914e-05,0
"inflect_ward_k44",5,331025,"CD8",1000,"no_detected_multimodality","neither test rejects in any seed",3,0,0,0,0.995982638138238,0.533066533266633
"inflect_ward_k44",5,331025,"CD8",5000,"no_detected_multimodality","neither test rejects in any seed",3,0,0,0,1,0.482866433216608
"inflect_ward_k44",5,331025,"TCRgd_CD141",1000,"no_detected_multimodality","neither test rejects in any seed",3,0,0,0,0.995982638138238,0.516633316658329
"inflect_ward_k44",5,331025,"TCRgd_CD141",5000,"no_detected_multimodality","neither test rejects in any seed",3,0,0,0,1,0.575387693846924
"inflect_ward_k44",6,317695,"CD11c",1000,"ambiguous","seed_instability;borderline_q",3,1,1,1,0.0163835438129125,0
"inflect_ward_k44",6,317695,"CD11c",5000,"detected_multimodality","both tests reject in at least two seeds",3,3,3,3,0,0
"inflect_ward_k44",6,317695,"CD161",1000,"ambiguous","discordant_tests;seed_instability;borderline_q",3,0,0,2,0.149326409460657,0
"inflect_ward_k44",6,317695,"CD161",5000,"detected_multimodality","both tests reject in at least two seeds",3,3,3,3,0,0
"inflect_ward_k44",6,317695,"CD294_CRTH2",1000,"no_detected_multimodality","neither test rejects in any seed",3,0,0,0,0.998603564706275,0.535358588385102
"inflect_ward_k44",6,317695,"CD294_CRTH2",5000,"no_detected_multimodality","neither test rejects in any seed",3,0,0,0,1,0.40520260130065
"inflect_ward_k44",6,317695,"CD3",1000,"no_detected_multimodality","neither test rejects in any seed",3,0,0,0,0.998603564706275,0.391695847923962
"inflect_ward_k44",6,317695,"CD3",5000,"ambiguous","discordant_tests",3,0,0,3,1,0
"inflect_ward_k44",6,317695,"CD57",1000,"ambiguous","discordant_tests;seed_instability",3,0,0,1,0.998603564706275,0.0202601300650325
"inflect_ward_k44",6,317695,"CD57",5000,"ambiguous","discordant_tests",3,0,0,3,0.111275677939237,0
"inflect_ward_k44",6,317695,"CD8",1000,"no_detected_multimodality","neither test rejects in any seed",3,0,0,0,0.998603564706275,0.155327663831916
"inflect_ward_k44",6,317695,"CD8",5000,"no_detected_multimodality","neither test rejects in any seed",3,0,0,0,1,0.487207889659115
"inflect_ward_k44",6,317695,"HLA-DR",1000,"no_detected_multimodality","neither test rejects in any seed",3,0,0,0,0.998603564706275,0.588894447223612
"inflect_ward_k44",6,317695,"HLA-DR",5000,"no_detected_multimodality","neither test rejects in any seed",3,0,0,0,1,0.50054438984198
"inflect_ward_k44",6,317695,"Tbet",1000,"no_detected_multimodality","neither test rejects in any seed",3,0,0,0,0.998603564706275,0.896848424212106
"inflect_ward_k44",6,317695,"Tbet",5000,"ambiguous","discordant_tests;seed_instability",3,0,0,1,1,0.0270135067533767
"inflect_ward_k44",7,128303,"CD11c",1000,"ambiguous","discordant_tests;seed_instability",3,0,0,1,0.99950833419563,0.0270135067533767
"inflect_ward_k44",7,128303,"CD11c",5000,"ambiguous","discordant_tests",3,0,0,3,0.17843604300871,0.00337668834417209
"inflect_ward_k44",7,128303,"CD159c_NKG2C",1000,"ambiguous","borderline_q",3,0,0,0,0.99950833419563,0.0630315157578789
"inflect_ward_k44",7,128303,"CD159c_NKG2C",5000,"detected_multimodality","both tests reject in at least two seeds",3,2,2,3,0.0025534797515801,0
"inflect_ward_k44",7,128303,"CD185_CXCR5",1000,"no_detected_multimodality","neither test rejects in any seed",3,0,0,0,0.99950833419563,0.526763381690845
"inflect_ward_k44",7,128303,"CD185_CXCR5",5000,"no_detected_multimodality","neither test rejects in any seed",3,0,0,0,1,0.576738369184592
"inflect_ward_k44",7,128303,"CD57",1000,"detected_multimodality","both tests reject in at least two seeds",3,3,3,3,0.00127088454665825,0
"inflect_ward_k44",7,128303,"CD57",5000,"detected_multimodality","both tests reject in at least two seeds",3,3,3,3,0,0
"inflect_ward_k44",7,128303,"CD8",1000,"no_detected_multimodality","neither test rejects in any seed",3,0,0,0,0.99950833419563,0.454727363681841
"inflect_ward_k44",7,128303,"CD8",5000,"no_detected_multimodality","neither test rejects in any seed",3,0,0,0,1,0.449774887443722
"inflect_ward_k44",8,280345,"CD159c_NKG2C",1000,"no_detected_multimodality","neither test rejects in any seed",3,0,0,0,0.999331262567348,0.665689987851068
"inflect_ward_k44",8,280345,"CD159c_NKG2C",5000,"ambiguous","discordant_tests;seed_instability",3,1,1,3,0.0111336134389465,0
"inflect_ward_k44",8,280345,"CD57",1000,"detected_multimodality","both tests reject in at least two seeds",3,2,2,3,0.00127167093626168,0
"inflect_ward_k44",8,280345,"CD57",5000,"detected_multimodality","both tests reject in at least two seeds",3,3,3,3,0,0
"inflect_ward_k44",9,58949,"CD159c_NKG2C",1000,"ambiguous","discordant_tests;seed_instability",3,0,0,2,0.969527841733419,0
"inflect_ward_k44",9,58949,"CD159c_NKG2C",5000,"detected_multimodality","both tests reject in at least two seeds",3,3,3,3,0,0
"inflect_ward_k44",9,58949,"CD19",1000,"no_detected_multimodality","neither test rejects in any seed",3,0,0,0,1,0.354552276138069
"inflect_ward_k44",9,58949,"CD19",5000,"no_detected_multimodality","neither test rejects in any seed",3,0,0,0,1,0.64832416208104
"inflect_ward_k44",9,58949,"CD197_CCR7",1000,"no_detected_multimodality","neither test rejects in any seed",3,0,0,0,1,0.482384049167441
"inflect_ward_k44",9,58949,"CD197_CCR7",5000,"no_detected_multimodality","neither test rejects in any seed",3,0,0,0,1,0.729978625676475
"inflect_ward_k44",9,58949,"CD56",1000,"ambiguous","discordant_tests;seed_instability;borderline_q",3,0,0,2,0.0811264416001771,0
"inflect_ward_k44",9,58949,"CD56",5000,"detected_multimodality","both tests reject in at least two seeds",3,3,3,3,0,0
"inflect_ward_k44",9,58949,"CD57",1000,"ambiguous","discordant_tests;seed_instability",3,0,0,2,0.796928176252495,0
"inflect_ward_k44",9,58949,"CD57",5000,"detected_multimodality","both tests reject in at least two seeds",3,3,3,3,0,0
"inflect_ward_k44",10,607557,"CD27",1000,"no_detected_multimodality","neither test rejects in any seed",3,0,0,0,0.997199256206121,0.351175587793897
"inflect_ward_k44",10,607557,"CD27",5000,"no_detected_multimodality","neither test rejects in any seed",3,0,0,0,1,0.701000500250125
"inflect_ward_k44",10,607557,"CD38",1000,"no_detected_multimodality","neither test rejects in any seed",3,0,0,0,0.997199256206121,0.736118059029515
"inflect_ward_k44",10,607557,"CD38",5000,"no_detected_multimodality","neither test rejects in any seed",3,0,0,0,1,0.83826288144072
"inflect_ward_k44",10,607557,"CD45RA",1000,"ambiguous","borderline_q",3,0,0,0,0.997199256206121,0.0607803901950975
"inflect_ward_k44",10,607557,"CD45RA",5000,"ambiguous","discordant_tests;seed_instability",3,0,0,1,0.649148340744325,0
"inflect_ward_k44",10,607557,"FoxP3",1000,"no_detected_multimodality","neither test rejects in any seed",3,0,0,0,0.997199256206121,0.867933966983492
"inflect_ward_k44",10,607557,"FoxP3",5000,"ambiguous","borderline_q",3,0,0,0,1,0.0810405202601301
"inflect_ward_k44",10,607557,"Tbet",1000,"no_detected_multimodality","neither test rejects in any seed",3,0,0,0,0.997199256206121,0.867933966983492
"inflect_ward_k44",10,607557,"Tbet",5000,"no_detected_multimodality","neither test rejects in any seed",3,0,0,0,1,0.701000500250125
"inflect_ward_k44",11,582601,"CD11c",1000,"no_detected_multimodality","neither test rejects in any seed",3,0,0,0,0.999899788076781,0.424112056028014
"inflect_ward_k44",11,582601,"CD11c",5000,"ambiguous","discordant_tests",3,0,0,3,0.5540056938214,0
"inflect_ward_k44",11,582601,"CD16",1000,"no_detected_multimodality","neither test rejects in any seed",3,0,0,0,0.999899788076781,0.180090045022511
"inflect_ward_k44",11,582601,"CD16",5000,"no_detected_multimodality","neither test rejects in any seed",3,0,0,0,1,0.559179589794897
"inflect_ward_k44",11,582601,"CD161",1000,"ambiguous","discordant_tests;seed_instability;borderline_q",3,1,1,3,0.000669817045169108,0
"inflect_ward_k44",11,582601,"CD161",5000,"detected_multimodality","both tests reject in at least two seeds",3,3,3,3,0,0
"inflect_ward_k44",11,582601,"CD1c",1000,"no_detected_multimodality","neither test rejects in any seed",3,0,0,0,0.999899788076781,0.845136854141356
"inflect_ward_k44",11,582601,"CD1c",5000,"no_detected_multimodality","neither test rejects in any seed",3,0,0,0,1,0.559179589794897
"inflect_ward_k44",11,582601,"CD21",1000,"no_detected_multimodality","neither test rejects in any seed",3,0,0,0,0.999899788076781,0.757967218903569
"inflect_ward_k44",11,582601,"CD21",5000,"no_detected_multimodality","neither test rejects in any seed",3,0,0,0,1,0.270135067533767
"inflect_ward_k44",11,582601,"CD294_CRTH2",1000,"ambiguous","discordant_tests;seed_instability",3,0,0,1,0.999899788076781,0.0135067533766883
"inflect_ward_k44",11,582601,"CD294_CRTH2",5000,"no_detected_multimodality","neither test rejects in any seed",3,0,0,0,1,0.63144072036018
"inflect_ward_k44",11,582601,"CD57",1000,"ambiguous","discordant_tests;seed_instability",3,0,0,1,0.999899788076781,0.0270135067533767
"inflect_ward_k44",11,582601,"CD57",5000,"ambiguous","discordant_tests",3,0,0,3,1,0.00450225112556278
"inflect_ward_k44",12,46765,"CD11c",1000,"ambiguous","discordant_tests;seed_instability",3,0,0,2,0.563582876495993,0.00337668834417209
"inflect_ward_k44",12,46765,"CD11c",5000,"detected_multimodality","both tests reject in at least two seeds",3,3,3,3,8.6389575380319e-05,0
"inflect_ward_k44",12,46765,"CD16",1000,"no_detected_multimodality","neither test rejects in any seed",3,0,0,0,0.998200526338118,0.91295647823912
"inflect_ward_k44",12,46765,"CD16",5000,"no_detected_multimodality","neither test rejects in any seed",3,0,0,0,1,0.579289644822411
"inflect_ward_k44",12,46765,"CD161",1000,"ambiguous","discordant_tests;seed_instability",3,0,0,2,0.563582876495993,0
"inflect_ward_k44",12,46765,"CD161",5000,"ambiguous","discordant_tests;seed_instability",3,1,1,2,0.048763104952192,0
"inflect_ward_k44",12,46765,"CD25",1000,"no_detected_multimodality","neither test rejects in any seed",3,0,0,0,0.998200526338118,0.378189094547274
"inflect_ward_k44",12,46765,"CD25",5000,"no_detected_multimodality","neither test rejects in any seed",3,0,0,0,1,0.835617808904452
"inflect_ward_k44",12,46765,"CD3",1000,"detected_multimodality","both tests reject in at least two seeds",3,3,3,3,0,0
"inflect_ward_k44",12,46765,"CD3",5000,"detected_multimodality","both tests reject in at least two seeds",3,3,3,3,0,0
"inflect_ward_k44",12,46765,"CD56",1000,"ambiguous","discordant_tests;seed_instability;borderline_q",3,0,0,1,0.15493783967507,0.00337668834417209
"inflect_ward_k44",12,46765,"CD56",5000,"detected_multimodality","both tests reject in at least two seeds",3,3,3,3,0,0
"inflect_ward_k44",12,46765,"CD57",1000,"no_detected_multimodality","neither test rejects in any seed",3,0,0,0,0.998200526338118,0.297148574287144
"inflect_ward_k44",12,46765,"CD57",5000,"no_detected_multimodality","neither test rejects in any seed",3,0,0,0,1,0.330915457728864
"inflect_ward_k44",12,46765,"FoxP3",1000,"no_detected_multimodality","neither test rejects in any seed",3,0,0,0,0.998200526338118,0.79530941941559
"inflect_ward_k44",12,46765,"FoxP3",5000,"no_detected_multimodality","neither test rejects in any seed",3,0,0,0,1,0.526763381690845
"inflect_ward_k44",12,46765,"HLA-DR",1000,"no_detected_multimodality","neither test rejects in any seed",3,0,0,0,0.998200526338118,0.763131565782891
"inflect_ward_k44",12,46765,"HLA-DR",5000,"no_detected_multimodality","neither test rejects in any seed",3,0,0,0,1,0.921700850425213
"inflect_ward_k44",12,46765,"Tbet",1000,"no_detected_multimodality","neither test rejects in any seed",3,0,0,0,0.998200526338118,0.782041020510255
"inflect_ward_k44",12,46765,"Tbet",5000,"ambiguous","discordant_tests;seed_instability;borderline_q",3,0,0,2,1,0.00810405202601301
"inflect_ward_k44",13,277783,"CD127",1000,"no_detected_multimodality","neither test rejects in any seed",3,0,0,0,0.996837408374356,0.797648824412206
"inflect_ward_k44",13,277783,"CD127",5000,"no_detected_multimodality","neither test rejects in any seed",3,0,0,0,1,0.357178589294647
"inflect_ward_k44",13,277783,"CD14",1000,"no_detected_multimodality","neither test rejects in any seed",3,0,0,0,0.996837408374356,0.459229614807404
"inflect_ward_k44",13,277783,"CD14",5000,"no_detected_multimodality","neither test rejects in any seed",3,0,0,0,1,0.518659329664832
"inflect_ward_k44",13,277783,"CD19",1000,"no_detected_multimodality","neither test rejects in any seed",3,0,0,0,0.996837408374356,0.236368184092046
"inflect_ward_k44",13,277783,"CD19",5000,"ambiguous","discordant_tests;seed_instability",3,0,0,1,1,0.040520260130065
"inflect_ward_k44",13,277783,"CD27",1000,"no_detected_multimodality","neither test rejects in any seed",3,0,0,0,0.996837408374356,0.276888444222111
"inflect_ward_k44",13,277783,"CD27",5000,"no_detected_multimodality","neither test rejects in any seed",3,0,0,0,1,0.430527763881941
"inflect_ward_k44",13,277783,"CD294_CRTH2",1000,"no_detected_multimodality","neither test rejects in any seed",3,0,0,0,0.996837408374356,0.63988244122061
"inflect_ward_k44",13,277783,"CD294_CRTH2",5000,"no_detected_multimodality","neither test rejects in any seed",3,0,0,0,1,0.587543771885943
"inflect_ward_k44",13,277783,"CD303_TCRvd2",1000,"no_detected_multimodality","neither test rejects in any seed",3,0,0,0,0.996837408374356,0.732066033016508
"inflect_ward_k44",13,277783,"CD303_TCRvd2",5000,"no_detected_multimodality","neither test rejects in any seed",3,0,0,0,1,0.859569784892446
"inflect_ward_k44",13,277783,"CD56",1000,"no_detected_multimodality","neither test rejects in any seed",3,0,0,0,0.996837408374356,0.797648824412206
"inflect_ward_k44",13,277783,"CD56",5000,"no_detected_multimodality","neither test rejects in any seed",3,0,0,0,1,0.410605302651326
"inflect_ward_k44",13,277783,"CD57",1000,"detected_multimodality","both tests reject in at least two seeds",3,3,3,3,0,0
"inflect_ward_k44",13,277783,"CD57",5000,"detected_multimodality","both tests reject in at least two seeds",3,3,3,3,0,0
"inflect_ward_k44",13,277783,"CD8",1000,"no_detected_multimodality","neither test rejects in any seed",3,0,0,0,0.996837408374356,0.733048342352995
"inflect_ward_k44",13,277783,"CD8",5000,"no_detected_multimodality","neither test rejects in any seed",3,0,0,0,1,0.568784392196098
"inflect_ward_k44",14,330393,"CD185_CXCR5",1000,"no_detected_multimodality","neither test rejects in any seed",3,0,0,0,1,0.956382037172432
"inflect_ward_k44",14,330393,"CD185_CXCR5",5000,"no_detected_multimodality","neither test rejects in any seed",3,0,0,0,1,0.969984992496248
"inflect_ward_k44",14,330393,"CD197_CCR7",1000,"no_detected_multimodality","neither test rejects in any seed",3,0,0,0,1,0.95061816622597
"inflect_ward_k44",14,330393,"CD197_CCR7",5000,"no_detected_multimodality","neither test rejects in any seed",3,0,0,0,1,0.969984992496248
"inflect_ward_k44",14,330393,"CD45RA",1000,"no_detected_multimodality","neither test rejects in any seed",3,0,0,0,1,0.229614807403702
"inflect_ward_k44",14,330393,"CD45RA",5000,"ambiguous","discordant_tests;borderline_q",3,0,0,3,0.0868589046776667,0
"inflect_ward_k44",14,330393,"CD57",1000,"detected_multimodality","both tests reject in at least two seeds",3,3,3,3,0,0
"inflect_ward_k44",14,330393,"CD57",5000,"detected_multimodality","both tests reject in at least two seeds",3,3,3,3,0,0
"inflect_ward_k44",14,330393,"CD7",1000,"no_detected_multimodality","neither test rejects in any seed",3,0,0,0,1,0.489619809904953
"inflect_ward_k44",14,330393,"CD7",5000,"no_detected_multimodality","neither test rejects in any seed",3,0,0,0,1,0.306153076538269
"inflect_ward_k44",15,179840,"CD11c",1000,"ambiguous","borderline_q",3,0,0,0,1,0.0506503251625813
"inflect_ward_k44",15,179840,"CD11c",5000,"ambiguous","discordant_tests;seed_instability",3,0,0,1,1,0.0101300650325163
"inflect_ward_k44",15,179840,"CD16",1000,"no_detected_multimodality","neither test rejects in any seed",3,0,0,0,1,0.830268075214078
"inflect_ward_k44",15,179840,"CD16",5000,"no_detected_multimodality","neither test rejects in any seed",3,0,0,0,1,0.778624606420858
"inflect_ward_k44",15,179840,"CD1c",1000,"no_detected_multimodality","neither test rejects in any seed",3,0,0,0,1,0.830268075214078
"inflect_ward_k44",15,179840,"CD1c",5000,"no_detected_multimodality","neither test rejects in any seed",3,0,0,0,1,0.535205102551276
"inflect_ward_k44",15,179840,"CD21",1000,"no_detected_multimodality","neither test rejects in any seed",3,0,0,0,1,0.864432216108054
"inflect_ward_k44",15,179840,"CD21",5000,"no_detected_multimodality","neither test rejects in any seed",3,0,0,0,1,0.245372686343172
"inflect_ward_k44",15,179840,"CD3",1000,"detected_multimodality","both tests reject in at least two seeds",3,3,3,3,0,0
"inflect_ward_k44",15,179840,"CD3",5000,"detected_multimodality","both tests reject in at least two seeds",3,3,3,3,0,0
"inflect_ward_k44",15,179840,"CD56",1000,"detected_multimodality","both tests reject in at least two seeds",3,3,3,3,0,0
"inflect_ward_k44",15,179840,"CD56",5000,"detected_multimodality","both tests reject in at least two seeds",3,3,3,3,0,0
"inflect_ward_k44",15,179840,"CD57",1000,"detected_multimodality","both tests reject in at least two seeds",3,3,3,3,0.000412950711385918,0
"inflect_ward_k44",15,179840,"CD57",5000,"detected_multimodality","both tests reject in at least two seeds",3,3,3,3,0,0
"inflect_ward_k44",16,175259,"CD11c",1000,"no_detected_multimodality","neither test rejects in any seed",3,0,0,0,0.998544511378928,0.300525262631316
"inflect_ward_k44",16,175259,"CD11c",5000,"ambiguous","discordant_tests",3,0,0,3,0.715198403730956,0
"inflect_ward_k44",16,175259,"CD159c_NKG2C",1000,"no_detected_multimodality","neither test rejects in any seed",3,0,0,0,0.998544511378928,0.378189094547274
"inflect_ward_k44",16,175259,"CD159c_NKG2C",5000,"ambiguous","discordant_tests;seed_instability",3,0,0,1,1,0.00270135067533767
"inflect_ward_k44",16,175259,"CD161",1000,"ambiguous","discordant_tests",3,0,0,3,0.112203912039773,0
"inflect_ward_k44",16,175259,"CD161",5000,"detected_multimodality","both tests reject in at least two seeds",3,3,3,3,0,0
"inflect_ward_k44",16,175259,"CD185_CXCR5",1000,"no_detected_multimodality","neither test rejects in any seed",3,0,0,0,0.998544511378928,0.948589679455112
"inflect_ward_k44",16,175259,"CD185_CXCR5",5000,"no_detected_multimodality","neither test rejects in any seed",3,0,0,0,1,0.321160580290145
"inflect_ward_k44",16,175259,"CD38",1000,"no_detected_multimodality","neither test rejects in any seed",3,0,0,0,0.998544511378928,0.764973395788803
"inflect_ward_k44",16,175259,"CD38",5000,"no_detected_multimodality","neither test rejects in any seed",3,0,0,0,1,0.202601300650325
"inflect_ward_k44",16,175259,"CD4",1000,"no_detected_multimodality","neither test rejects in any seed",3,0,0,0,0.998544511378928,0.781313733789972
"inflect_ward_k44",16,175259,"CD4",5000,"no_detected_multimodality","neither test rejects in any seed",3,0,0,0,1,0.666333166583292
"inflect_ward_k44",16,175259,"CD57",1000,"no_detected_multimodality","neither test rejects in any seed",3,0,0,0,0.998544511378928,0.678714357178589
"inflect_ward_k44",16,175259,"CD57",5000,"no_detected_multimodality","neither test rejects in any seed",3,0,0,0,1,0.661830915457729
"inflect_ward_k44",16,175259,"CD8",1000,"no_detected_multimodality","neither test rejects in any seed",3,0,0,0,0.998544511378928,0.850025012506253
"inflect_ward_k44",16,175259,"CD8",5000,"no_detected_multimodality","neither test rejects in any seed",3,0,0,0,1,0.725987993996998
"inflect_ward_k44",16,175259,"Tbet",1000,"no_detected_multimodality","neither test rejects in any seed",3,0,0,0,0.998544511378928,0.476595440577432
"inflect_ward_k44",16,175259,"Tbet",5000,"ambiguous","discordant_tests",3,0,0,3,0.715198403730956,0
"inflect_ward_k44",17,132476,"CD127",1000,"no_detected_multimodality","neither test rejects in any seed",3,0,0,0,0.999076341914918,0.82256128064032
"inflect_ward_k44",17,132476,"CD127",5000,"no_detected_multimodality","neither test rejects in any seed",3,0,0,0,1,0.788794397198599
"inflect_ward_k44",17,132476,"CD159c_NKG2C",1000,"ambiguous","discordant_tests",3,0,0,3,0.419929888691705,0
"inflect_ward_k44",17,132476,"CD159c_NKG2C",5000,"detected_multimodality","both tests reject in at least two seeds",3,3,3,3,0,0
"inflect_ward_k44",17,132476,"CD303_TCRvd2",1000,"no_detected_multimodality","neither test rejects in any seed",3,0,0,0,0.999076341914918,0.82256128064032
"inflect_ward_k44",17,132476,"CD303_TCRvd2",5000,"no_detected_multimodality","neither test rejects in any seed",3,0,0,0,1,0.135067533766883
"inflect_ward_k44",17,132476,"CD56",1000,"no_detected_multimodality","neither test rejects in any seed",3,0,0,0,0.999076341914918,0.69300034632701
"inflect_ward_k44",17,132476,"CD56",5000,"no_detected_multimodality","neither test rejects in any seed",3,0,0,0,1,0.457541270635318
"inflect_ward_k44",17,132476,"FoxP3",1000,"no_detected_multimodality","neither test rejects in any seed",3,0,0,0,0.999076341914918,0.16208104052026
"inflect_ward_k44",17,132476,"FoxP3",5000,"no_detected_multimodality","neither test rejects in any seed",3,0,0,0,1,0.563906953476738
"inflect_ward_k44",18,195943,"CD161",1000,"detected_multimodality","both tests reject in at least two seeds",3,3,3,3,0.000132755835569098,0
"inflect_ward_k44",18,195943,"CD161",5000,"detected_multimodality","both tests reject in at least two seeds",3,3,3,3,0,0
"inflect_ward_k44",18,195943,"CD197_CCR7",1000,"no_detected_multimodality","neither test rejects in any seed",3,0,0,0,0.997426010863543,0.192471235617809
"inflect_ward_k44",18,195943,"CD197_CCR7",5000,"no_detected_multimodality","neither test rejects in any seed",3,0,0,0,1,0.893696848424212
"inflect_ward_k44",18,195943,"CD27",1000,"detected_multimodality","both tests reject in at least two seeds",3,3,3,3,0,0
"inflect_ward_k44",18,195943,"CD27",5000,"detected_multimodality","both tests reject in at least two seeds",3,3,3,3,0,0
"inflect_ward_k44",18,195943,"CD294_CRTH2",1000,"no_detected_multimodality","neither test rejects in any seed",3,0,0,0,0.997426010863543,0.844172086043022
"inflect_ward_k44",18,195943,"CD294_CRTH2",5000,"no_detected_multimodality","neither test rejects in any seed",3,0,0,0,1,0.810405202601301
"inflect_ward_k44",19,1888077,"CD159c_NKG2C",1000,"no_detected_multimodality","neither test rejects in any seed",3,0,0,0,0.998331007596449,0.53044704170267
"inflect_ward_k44",19,1888077,"CD159c_NKG2C",5000,"ambiguous","discordant_tests;seed_instability",3,0,0,1,1,0.0472736368184092
"inflect_ward_k44",19,1888077,"CD16",1000,"no_detected_multimodality","neither test rejects in any seed",3,0,0,0,0.998331007596449,0.55040020010005
"inflect_ward_k44",19,1888077,"CD16",5000,"no_detected_multimodality","neither test rejects in any seed",3,0,0,0,1,0.978489244622311
"inflect_ward_k44",19,1888077,"CD1c",1000,"no_detected_multimodality","neither test rejects in any seed",3,0,0,0,0.998331007596449,0.73291909112451
"inflect_ward_k44",19,1888077,"CD1c",5000,"no_detected_multimodality","neither test rejects in any seed",3,0,0,0,1,0.691227966924639
"inflect_ward_k44",19,1888077,"CD21",1000,"no_detected_multimodality","neither test rejects in any seed",3,0,0,0,0.998331007596449,0.53044704170267
"inflect_ward_k44",19,1888077,"CD21",5000,"no_detected_multimodality","neither test rejects in any seed",3,0,0,0,1,0.691227966924639
"inflect_ward_k44",19,1888077,"CD27",1000,"detected_multimodality","both tests reject in at least two seeds",3,3,3,3,0,0
"inflect_ward_k44",19,1888077,"CD27",5000,"detected_multimodality","both tests reject in at least two seeds",3,3,3,3,0,0
"inflect_ward_k44",19,1888077,"CD303_TCRvd2",1000,"no_detected_multimodality","neither test rejects in any seed",3,0,0,0,0.998331007596449,0.268446723361681
"inflect_ward_k44",19,1888077,"CD303_TCRvd2",5000,"no_detected_multimodality","neither test rejects in any seed",3,0,0,0,1,0.691227966924639
"inflect_ward_k44",19,1888077,"CD45RA",1000,"no_detected_multimodality","neither test rejects in any seed",3,0,0,0,0.998331007596449,0.273994139927106
"inflect_ward_k44",19,1888077,"CD45RA",5000,"ambiguous","seed_instability",3,1,1,1,0.0332217404206174,0
"inflect_ward_k44",19,1888077,"Tbet",1000,"detected_multimodality","both tests reject in at least two seeds",3,3,3,3,0,0
"inflect_ward_k44",19,1888077,"Tbet",5000,"detected_multimodality","both tests reject in at least two seeds",3,3,3,3,0,0
"inflect_ward_k44",20,122981,"CD161",1000,"ambiguous","discordant_tests;seed_instability",3,1,1,2,0.0103099613221621,0.00325162581290645
"inflect_ward_k44",20,122981,"CD161",5000,"detected_multimodality","both tests reject in at least two seeds",3,3,3,3,0.000875755993981597,0
"inflect_ward_k44",20,122981,"CD38",1000,"ambiguous","discordant_tests;seed_instability;borderline_q",3,1,1,3,7.87777266700873e-05,0
"inflect_ward_k44",20,122981,"CD38",5000,"detected_multimodality","both tests reject in at least two seeds",3,3,3,3,0,0
"inflect_ward_k44",20,122981,"CD45RA",1000,"ambiguous","discordant_tests;seed_instability;borderline_q",3,0,0,1,0.598615234957507,0
"inflect_ward_k44",20,122981,"CD45RA",5000,"ambiguous","discordant_tests;seed_instability",3,1,1,3,0.0238641634997037,0
"inflect_ward_k44",20,122981,"CD7",1000,"ambiguous","discordant_tests;seed_instability;borderline_q",3,0,0,2,0.181596392585657,0
"inflect_ward_k44",20,122981,"CD7",5000,"detected_multimodality","both tests reject in at least two seeds",3,3,3,3,0,0
"inflect_ward_k44",20,122981,"FoxP3",1000,"detected_multimodality","both tests reject in at least two seeds",3,3,3,3,0,0
"inflect_ward_k44",20,122981,"FoxP3",5000,"detected_multimodality","both tests reject in at least two seeds",3,3,3,3,0,0
"inflect_ward_k44",21,40140,"CD14",1000,"no_detected_multimodality","neither test rejects in any seed",3,0,0,0,0.99841309292301,0.675337668834417
"inflect_ward_k44",21,40140,"CD14",5000,"no_detected_multimodality","neither test rejects in any seed",3,0,0,0,1,0.751092937773234
"inflect_ward_k44",21,40140,"CD159c_NKG2C",1000,"ambiguous","discordant_tests;seed_instability;borderline_q",3,0,0,1,0.0955557670440708,0
"inflect_ward_k44",21,40140,"CD159c_NKG2C",5000,"detected_multimodality","both tests reject in at least two seeds",3,3,3,3,0,0
"inflect_ward_k44",21,40140,"CD3",1000,"ambiguous","discordant_tests;seed_instability;borderline_q",3,1,1,3,0.0192641712957951,0
"inflect_ward_k44",21,40140,"CD3",5000,"detected_multimodality","both tests reject in at least two seeds",3,3,3,3,0,0
"inflect_ward_k44",21,40140,"CD56",1000,"no_detected_multimodality","neither test rejects in any seed",3,0,0,0,0.99841309292301,0.661830915457729
"inflect_ward_k44",21,40140,"CD56",5000,"ambiguous","discordant_tests;seed_instability",3,1,1,3,0.0240434857166399,0
"inflect_ward_k44",21,40140,"CD57",1000,"no_detected_multimodality","neither test rejects in any seed",3,0,0,0,0.99841309292301,0.166583291645823
"inflect_ward_k44",21,40140,"CD57",5000,"ambiguous","discordant_tests;seed_instability",3,0,0,1,1,0.0108054027013507
"inflect_ward_k44",21,40140,"HLA-DR",1000,"no_detected_multimodality","neither test rejects in any seed",3,0,0,0,0.99841309292301,0.675337668834417
"inflect_ward_k44",21,40140,"HLA-DR",5000,"no_detected_multimodality","neither test rejects in any seed",3,0,0,0,1,0.716501107696705
"inflect_ward_k44",22,331660,"CD127",1000,"no_detected_multimodality","neither test rejects in any seed",3,0,0,0,1,0.113456728364182
"inflect_ward_k44",22,331660,"CD127",5000,"no_detected_multimodality","neither test rejects in any seed",3,0,0,0,1,0.125419852783535
"inflect_ward_k44",22,331660,"CD161",1000,"no_detected_multimodality","neither test rejects in any seed",3,0,0,0,1,0.213406703351676
"inflect_ward_k44",22,331660,"CD161",5000,"ambiguous","discordant_tests;borderline_q",3,0,0,3,0.0649286918135425,0
"inflect_ward_k44",22,331660,"CD27",1000,"detected_multimodality","both tests reject in at least two seeds",3,3,3,3,0.000148166798622285,0
"inflect_ward_k44",22,331660,"CD27",5000,"detected_multimodality","both tests reject in at least two seeds",3,3,3,3,0,0
"inflect_ward_k44",22,331660,"CD294_CRTH2",1000,"no_detected_multimodality","neither test rejects in any seed",3,0,0,0,1,0.751875937968985
"inflect_ward_k44",22,331660,"CD294_CRTH2",5000,"no_detected_multimodality","neither test rejects in any seed",3,0,0,0,1,0.521851835008413
"inflect_ward_k44",22,331660,"CD3",1000,"no_detected_multimodality","neither test rejects in any seed",3,0,0,0,1,0.630315157578789
"inflect_ward_k44",22,331660,"CD3",5000,"no_detected_multimodality","neither test rejects in any seed",3,0,0,0,1,0.310655327663832
"inflect_ward_k44",22,331660,"CD303_TCRvd2",1000,"detected_multimodality","both tests reject in at least two seeds",3,3,3,3,0,0
"inflect_ward_k44",22,331660,"CD303_TCRvd2",5000,"detected_multimodality","both tests reject in at least two seeds",3,3,3,3,0,0
"inflect_ward_k44",22,331660,"TCRgd_CD141",1000,"detected_multimodality","both tests reject in at least two seeds",3,3,3,3,0,0
"inflect_ward_k44",22,331660,"TCRgd_CD141",5000,"detected_multimodality","both tests reject in at least two seeds",3,3,3,3,0,0
"inflect_ward_k44",23,636588,"CD159c_NKG2C",1000,"no_detected_multimodality","neither test rejects in any seed",3,0,0,0,0.998699157512624,0.216108054027013
"inflect_ward_k44",23,636588,"CD159c_NKG2C",5000,"ambiguous","discordant_tests",3,0,0,3,0.99804020738504,0
"inflect_ward_k44",23,636588,"CD16",1000,"detected_multimodality","both tests reject in at least two seeds",3,3,3,3,0.00021642249690268,0
"inflect_ward_k44",23,636588,"CD16",5000,"detected_multimodality","both tests reject in at least two seeds",3,3,3,3,0,0
"inflect_ward_k44",23,636588,"CD185_CXCR5",1000,"ambiguous","discordant_tests;seed_instability",3,0,0,1,0.998699157512624,0.00450225112556278
"inflect_ward_k44",23,636588,"CD185_CXCR5",5000,"detected_multimodality","both tests reject in at least two seeds",3,2,2,3,0.00216860192526874,0
"inflect_ward_k44",23,636588,"CD21",1000,"ambiguous","discordant_tests;seed_instability",3,0,0,2,0.345843488752548,0
"inflect_ward_k44",23,636588,"CD21",5000,"detected_multimodality","both tests reject in at least two seeds",3,3,3,3,0,0
"inflect_ward_k44",23,636588,"CD3",1000,"no_detected_multimodality","neither test rejects in any seed",3,0,0,0,0.998699157512624,0.135067533766883
"inflect_ward_k44",23,636588,"CD3",5000,"ambiguous","discordant_tests",3,0,0,3,0.306513601598981,0
"inflect_ward_k44",23,636588,"CD38",1000,"ambiguous","borderline_q",3,0,0,0,0.998699157512624,0.0630315157578789
"inflect_ward_k44",23,636588,"CD38",5000,"detected_multimodality","both tests reject in at least two seeds",3,3,3,3,0.00118865245169386,0
"inflect_ward_k44",23,636588,"CD45RA",1000,"ambiguous","discordant_tests;seed_instability",3,0,0,1,0.998699157512624,0.0337668834417209
"inflect_ward_k44",23,636588,"CD45RA",5000,"ambiguous","discordant_tests",3,0,0,3,0.175591492032296,0
"inflect_ward_k44",24,105074,"CD11c",1000,"ambiguous","discordant_tests;seed_instability",3,1,1,3,0.00470292158497276,0
"inflect_ward_k44",24,105074,"CD11c",5000,"detected_multimodality","both tests reject in at least two seeds",3,3,3,3,3.67573153035039e-05,0
"inflect_ward_k44",24,105074,"CD159c_NKG2C",1000,"ambiguous","discordant_tests;seed_instability",3,0,0,2,0.245868456774216,0
"inflect_ward_k44",24,105074,"CD159c_NKG2C",5000,"detected_multimodality","both tests reject in at least two seeds",3,3,3,3,0,0
"inflect_ward_k44",24,105074,"CD161",1000,"no_detected_multimodality","neither test rejects in any seed",3,0,0,0,0.999089772912847,0.973073493268373
"inflect_ward_k44",24,105074,"CD161",5000,"no_detected_multimodality","neither test rejects in any seed",3,0,0,0,1,0.535293962770859
"inflect_ward_k44",24,105074,"CD3",1000,"ambiguous","discordant_tests",3,0,0,3,0.870173812261976,0
"inflect_ward_k44",24,105074,"CD3",5000,"detected_multimodality","both tests reject in at least two seeds",3,3,3,3,0.000315931815088905,0
"inflect_ward_k44",24,105074,"CD38",1000,"no_detected_multimodality","neither test rejects in any seed",3,0,0,0,0.999089772912847,0.616808404202101
"inflect_ward_k44",24,105074,"CD38",5000,"ambiguous","discordant_tests",3,0,0,3,1,0.00810405202601301
"inflect_ward_k44",24,105074,"CD45RA",1000,"no_detected_multimodality","neither test rejects in any seed",3,0,0,0,0.999089772912847,0.352676338169085
"inflect_ward_k44",24,105074,"CD45RA",5000,"no_detected_multimodality","neither test rejects in any seed",3,0,0,0,1,0.115772171800186
"inflect_ward_k44",24,105074,"CD57",1000,"detected_multimodality","both tests reject in at least two seeds",3,3,3,3,0,0
"inflect_ward_k44",24,105074,"CD57",5000,"detected_multimodality","both tests reject in at least two seeds",3,3,3,3,0,0
"inflect_ward_k44",25,606074,"CD11c",1000,"no_detected_multimodality","neither test rejects in any seed",3,0,0,0,0.996765764337607,0.648324162081041
"inflect_ward_k44",25,606074,"CD11c",5000,"no_detected_multimodality","neither test rejects in any seed",3,0,0,0,1,0.182341170585293
"inflect_ward_k44",25,606074,"CD14",1000,"no_detected_multimodality","neither test rejects in any seed",3,0,0,0,0.996765764337607,0.75722236118059
"inflect_ward_k44",25,606074,"CD14",5000,"no_detected_multimodality","neither test rejects in any seed",3,0,0,0,1,0.929616982404246
"inflect_ward_k44",25,606074,"CD161",1000,"ambiguous","discordant_tests;seed_instability",3,0,0,2,0.827815408532266,0.00270135067533767
"inflect_ward_k44",25,606074,"CD161",5000,"detected_multimodality","both tests reject in at least two seeds",3,3,3,3,0.000920365403023071,0
"inflect_ward_k44",25,606074,"CD27",1000,"detected_multimodality","both tests reject in at least two seeds",3,3,3,3,0,0
"inflect_ward_k44",25,606074,"CD27",5000,"detected_multimodality","both tests reject in at least two seeds",3,3,3,3,0,0
"inflect_ward_k44",25,606074,"CD303_TCRvd2",1000,"detected_multimodality","both tests reject in at least two seeds",3,3,3,3,0,0
"inflect_ward_k44",25,606074,"CD303_TCRvd2",5000,"detected_multimodality","both tests reject in at least two seeds",3,3,3,3,0,0
"inflect_ward_k44",25,606074,"CD56",1000,"no_detected_multimodality","neither test rejects in any seed",3,0,0,0,0.996765764337607,0.648324162081041
"inflect_ward_k44",25,606074,"CD56",5000,"no_detected_multimodality","neither test rejects in any seed",3,0,0,0,1,0.401150575287644
"inflect_ward_k44",25,606074,"CD57",1000,"ambiguous","discordant_tests;seed_instability;borderline_q",3,0,0,2,0.30670931016129,0
"inflect_ward_k44",25,606074,"CD57",5000,"detected_multimodality","both tests reject in at least two seeds",3,3,3,3,0,0
"inflect_ward_k44",25,606074,"TCRgd_CD141",1000,"detected_multimodality","both tests reject in at least two seeds",3,3,3,3,0,0
"inflect_ward_k44",25,606074,"TCRgd_CD141",5000,"detected_multimodality","both tests reject in at least two seeds",3,3,3,3,0,0
"inflect_ward_k44",26,160846,"CD159c_NKG2C",1000,"ambiguous","discordant_tests;seed_instability;borderline_q",3,0,0,1,1,0.0495247623811906
"inflect_ward_k44",26,160846,"CD159c_NKG2C",5000,"ambiguous","discordant_tests;seed_instability",3,1,1,3,0.0363802197515635,0
"inflect_ward_k44",26,160846,"CD16",1000,"no_detected_multimodality","neither test rejects in any seed",3,0,0,0,1,0.565354105624241
"inflect_ward_k44",26,160846,"CD16",5000,"ambiguous","borderline_q",3,0,0,0,1,0.0864432216108054
"inflect_ward_k44",26,160846,"CD27",1000,"no_detected_multimodality","neither test rejects in any seed",3,0,0,0,1,0.653389194597299
"inflect_ward_k44",26,160846,"CD27",5000,"no_detected_multimodality","neither test rejects in any seed",3,0,0,0,1,0.221896662617023
"inflect_ward_k44",26,160846,"CD3",1000,"no_detected_multimodality","neither test rejects in any seed",3,0,0,0,1,0.653389194597299
"inflect_ward_k44",26,160846,"CD3",5000,"ambiguous","discordant_tests",3,0,0,3,1,0.0135067533766883
"inflect_ward_k44",26,160846,"CD56",1000,"ambiguous","discordant_tests;seed_instability;borderline_q",3,0,0,2,0.756125313670071,0
"inflect_ward_k44",26,160846,"CD56",5000,"detected_multimodality","both tests reject in at least two seeds",3,2,2,3,0.00326359784695274,0
"inflect_ward_k44",26,160846,"CD57",1000,"detected_multimodality","both tests reject in at least two seeds",3,2,2,3,0,0
"inflect_ward_k44",26,160846,"CD57",5000,"detected_multimodality","both tests reject in at least two seeds",3,3,3,3,0,0
"inflect_ward_k44",26,160846,"CD7",1000,"no_detected_multimodality","neither test rejects in any seed",3,0,0,0,1,0.280265132566283
"inflect_ward_k44",26,160846,"CD7",5000,"no_detected_multimodality","neither test rejects in any seed",3,0,0,0,1,0.221896662617023
"inflect_ward_k44",26,160846,"Tbet",1000,"no_detected_multimodality","neither test rejects in any seed",3,0,0,0,1,0.702351175587794
"inflect_ward_k44",26,160846,"Tbet",5000,"no_detected_multimodality","neither test rejects in any seed",3,0,0,0,1,0.553776888444222
"inflect_ward_k44",27,88785,"CD11c",1000,"no_detected_multimodality","neither test rejects in any seed",3,0,0,0,0.999872946412713,0.721767133566783
"inflect_ward_k44",27,88785,"CD11c",5000,"ambiguous","borderline_q",3,0,0,0,1,0.0930465232616308
"inflect_ward_k44",27,88785,"CD127",1000,"ambiguous","discordant_tests;seed_instability",3,0,0,1,0.999872946412713,0.00450225112556278
"inflect_ward_k44",27,88785,"CD127",5000,"ambiguous","discordant_tests;seed_instability",3,1,1,3,5.17746439960831e-05,0
"inflect_ward_k44",27,88785,"CD14",1000,"ambiguous","discordant_tests;seed_instability",3,0,0,2,0.598135731687494,0
"inflect_ward_k44",27,88785,"CD14",5000,"detected_multimodality","both tests reject in at least two seeds",3,3,3,3,1.83849450553497e-05,0
"inflect_ward_k44",27,88785,"CD159c_NKG2C",1000,"no_detected_multimodality","neither test rejects in any seed",3,0,0,0,0.999872946412713,0.218037590223683
"inflect_ward_k44",27,88785,"CD159c_NKG2C",5000,"no_detected_multimodality","neither test rejects in any seed",3,0,0,0,1,0.612998807095856
"inflect_ward_k44",27,88785,"CD16",1000,"no_detected_multimodality","neither test rejects in any seed",3,0,0,0,0.999872946412713,0.714893160866147
"inflect_ward_k44",27,88785,"CD16",5000,"no_detected_multimodality","neither test rejects in any seed",3,0,0,0,1,0.208740734003365
"inflect_ward_k44",27,88785,"CD161",1000,"no_detected_multimodality","neither test rejects in any seed",3,0,0,0,0.999872946412713,0.108054027013507
"inflect_ward_k44",27,88785,"CD161",5000,"detected_multimodality","both tests reject in at least two seeds",3,3,3,3,2.31033951579862e-05,0
"inflect_ward_k44",27,88785,"CD185_CXCR5",1000,"ambiguous","discordant_tests;seed_instability",3,0,0,1,0.999872946412713,0.00337668834417209
"inflect_ward_k44",27,88785,"CD185_CXCR5",5000,"detected_multimodality","both tests reject in at least two seeds",3,3,3,3,0.00113526016684731,0
"inflect_ward_k44",27,88785,"CD1c",1000,"no_detected_multimodality","neither test rejects in any seed",3,0,0,0,0.999872946412713,0.45247623811906
"inflect_ward_k44",27,88785,"CD1c",5000,"ambiguous","borderline_q",3,0,0,0,1,0.0945472736368184
"inflect_ward_k44",27,88785,"CD38",1000,"detected_multimodality","both tests reject in at least two seeds",3,3,3,3,0,0
"inflect_ward_k44",27,88785,"CD38",5000,"detected_multimodality","both tests reject in at least two seeds",3,3,3,3,0,0
"inflect_ward_k44",27,88785,"CD4",1000,"no_detected_multimodality","neither test rejects in any seed",3,0,0,0,0.999872946412713,0.917420248585831
"inflect_ward_k44",27,88785,"CD4",5000,"no_detected_multimodality","neither test rejects in any seed",3,0,0,0,1,0.451725862931466
"inflect_ward_k44",27,88785,"CD7",1000,"no_detected_multimodality","neither test rejects in any seed",3,0,0,0,0.999872946412713,0.45247623811906
"inflect_ward_k44",27,88785,"CD7",5000,"detected_multimodality","both tests reject in at least two seeds",3,3,3,3,0.0136118729424174,0
"inflect_ward_k44",27,88785,"CD8",1000,"no_detected_multimodality","neither test rejects in any seed",3,0,0,0,0.999872946412713,0.580790395197599
"inflect_ward_k44",27,88785,"CD8",5000,"no_detected_multimodality","neither test rejects in any seed",3,0,0,0,1,0.379033266633317
"inflect_ward_k44",27,88785,"Tbet",1000,"detected_multimodality","both tests reject in at least two seeds",3,3,3,3,0,0
"inflect_ward_k44",27,88785,"Tbet",5000,"detected_multimodality","both tests reject in at least two seeds",3,3,3,3,0,0
"inflect_ward_k44",27,88785,"TCRgd_CD141",1000,"no_detected_multimodality","neither test rejects in any seed",3,0,0,0,0.999872946412713,0.876711082814134
"inflect_ward_k44",27,88785,"TCRgd_CD141",5000,"no_detected_multimodality","neither test rejects in any seed",3,0,0,0,1,0.379033266633317
"inflect_ward_k44",28,336733,"CD161",1000,"ambiguous","discordant_tests;seed_instability",3,0,0,2,0.546777610320869,0
"inflect_ward_k44",28,336733,"CD161",5000,"detected_multimodality","both tests reject in at least two seeds",3,3,3,3,0,0
"inflect_ward_k44",28,336733,"CD25",1000,"no_detected_multimodality","neither test rejects in any seed",3,0,0,0,0.997728335880911,0.565205679762958
"inflect_ward_k44",28,336733,"CD25",5000,"no_detected_multimodality","neither test rejects in any seed",3,0,0,0,1,0.975987993996999
"inflect_ward_k44",28,336733,"CD27",1000,"detected_multimodality","both tests reject in at least two seeds",3,2,2,3,0.00362256250858106,0
"inflect_ward_k44",28,336733,"CD27",5000,"detected_multimodality","both tests reject in at least two seeds",3,3,3,3,0,0
"inflect_ward_k44",28,336733,"CD38",1000,"no_detected_multimodality","neither test rejects in any seed",3,0,0,0,0.997728335880911,0.565205679762958
"inflect_ward_k44",28,336733,"CD38",5000,"no_detected_multimodality","neither test rejects in any seed",3,0,0,0,1,0.731615807903952
"inflect_ward_k44",28,336733,"CD4",1000,"no_detected_multimodality","neither test rejects in any seed",3,0,0,0,0.997728335880911,0.565205679762958
"inflect_ward_k44",28,336733,"CD4",5000,"no_detected_multimodality","neither test rejects in any seed",3,0,0,0,1,0.449099549774887
"inflect_ward_k44",28,336733,"CD57",1000,"no_detected_multimodality","neither test rejects in any seed",3,0,0,0,0.997728335880911,0.654783913695978
"inflect_ward_k44",28,336733,"CD57",5000,"no_detected_multimodality","neither test rejects in any seed",3,0,0,0,1,0.975987993996999
"inflect_ward_k44",28,336733,"HLA-DR",1000,"no_detected_multimodality","neither test rejects in any seed",3,0,0,0,0.997728335880911,0.87150718216251
"inflect_ward_k44",28,336733,"HLA-DR",5000,"no_detected_multimodality","neither test rejects in any seed",3,0,0,0,1,0.975987993996999
"inflect_ward_k44",29,215648,"CD11c",1000,"ambiguous","discordant_tests;seed_instability",3,0,0,1,0.997275570939767,0.0472736368184092
"inflect_ward_k44",29,215648,"CD11c",5000,"no_detected_multimodality","neither test rejects in any seed",3,0,0,0,1,0.368059029514757
"inflect_ward_k44",29,215648,"CD3",1000,"detected_multimodality","both tests reject in at least two seeds",3,2,2,3,0.0306564253862975,0
"inflect_ward_k44",29,215648,"CD3",5000,"detected_multimodality","both tests reject in at least two seeds",3,3,3,3,0,0
"inflect_ward_k44",29,215648,"CD303_TCRvd2",1000,"ambiguous","discordant_tests;seed_instability;borderline_q",3,0,0,1,0.997275570939767,0
"inflect_ward_k44",29,215648,"CD303_TCRvd2",5000,"detected_multimodality","both tests reject in at least two seeds",3,3,3,3,0.00140013690433705,0
"inflect_ward_k44",29,215648,"CD45RA",1000,"no_detected_multimodality","neither test rejects in any seed",3,0,0,0,0.997275570939767,0.636746944901022
"inflect_ward_k44",29,215648,"CD45RA",5000,"ambiguous","discordant_tests;seed_instability",3,0,0,1,1,0.0202601300650325
"inflect_ward_k44",29,215648,"CD57",1000,"detected_multimodality","both tests reject in at least two seeds",3,3,3,3,0.00169276298517673,0
"inflect_ward_k44",29,215648,"CD57",5000,"detected_multimodality","both tests reject in at least two seeds",3,3,3,3,0,0
"inflect_ward_k44",30,726106,"CD127",1000,"no_detected_multimodality","neither test rejects in any seed",3,0,0,0,0.999958284372028,0.800275137568784
"inflect_ward_k44",30,726106,"CD127",5000,"no_detected_multimodality","neither test rejects in any seed",3,0,0,0,1,0.508345081631725
"inflect_ward_k44",30,726106,"CD197_CCR7",1000,"no_detected_multimodality","neither test rejects in any seed",3,0,0,0,0.999958284372028,0.553776888444222
"inflect_ward_k44",30,726106,"CD197_CCR7",5000,"ambiguous","discordant_tests;seed_instability",3,0,0,1,1,0.0489619809904952
"inflect_ward_k44",30,726106,"CD27",1000,"detected_multimodality","both tests reject in at least two seeds",3,3,3,3,0,0
"inflect_ward_k44",30,726106,"CD27",5000,"detected_multimodality","both tests reject in at least two seeds",3,3,3,3,0,0
"inflect_ward_k44",30,726106,"CD3",1000,"no_detected_multimodality","neither test rejects in any seed",3,0,0,0,0.999958284372028,0.118859429714857
"inflect_ward_k44",30,726106,"CD3",5000,"detected_multimodality","both tests reject in at least two seeds",3,3,3,3,0.0018415801562017,0
"inflect_ward_k44",30,726106,"CD303_TCRvd2",1000,"ambiguous","borderline_q",3,0,0,0,0.999958284372028,0.0540270135067534
"inflect_ward_k44",30,726106,"CD303_TCRvd2",5000,"detected_multimodality","both tests reject in at least two seeds",3,2,2,3,0.00142841096441101,0
"inflect_ward_k44",30,726106,"CD45RA",1000,"detected_multimodality","both tests reject in at least two seeds",3,3,3,3,0,0
"inflect_ward_k44",30,726106,"CD45RA",5000,"detected_multimodality","both tests reject in at least two seeds",3,3,3,3,0,0
"inflect_ward_k44",30,726106,"HLA-DR",1000,"no_detected_multimodality","neither test rejects in any seed",3,0,0,0,0.999958284372028,0.804879712583564
"inflect_ward_k44",30,726106,"HLA-DR",5000,"no_detected_multimodality","neither test rejects in any seed",3,0,0,0,1,0.763806903451726
"inflect_ward_k44",30,726106,"Tbet",1000,"detected_multimodality","both tests reject in at least two seeds",3,3,3,3,2.38153181375544e-06,0
"inflect_ward_k44",30,726106,"Tbet",5000,"detected_multimodality","both tests reject in at least two seeds",3,3,3,3,0,0
"inflect_ward_k44",31,99969,"CD127",1000,"ambiguous","discordant_tests;seed_instability",3,0,0,2,0.52005652612526,0.011255627813907
"inflect_ward_k44",31,99969,"CD127",5000,"detected_multimodality","both tests reject in at least two seeds",3,3,3,3,3.03701878585638e-05,0
"inflect_ward_k44",31,99969,"CD16",1000,"detected_multimodality","both tests reject in at least two seeds",3,3,3,3,0.000190397420004151,0
"inflect_ward_k44",31,99969,"CD16",5000,"detected_multimodality","both tests reject in at least two seeds",3,3,3,3,0,0
"inflect_ward_k44",31,99969,"CD1c",1000,"no_detected_multimodality","neither test rejects in any seed",3,0,0,0,0.998796508229065,0.534036248893678
"inflect_ward_k44",31,99969,"CD1c",5000,"no_detected_multimodality","neither test rejects in any seed",3,0,0,0,1,0.830958957739739
"inflect_ward_k44",31,99969,"CD21",1000,"no_detected_multimodality","neither test rejects in any seed",3,0,0,0,0.998796508229065,0.691845922961481
"inflect_ward_k44",31,99969,"CD21",5000,"no_detected_multimodality","neither test rejects in any seed",3,0,0,0,1,0.251804473665404
"inflect_ward_k44",31,99969,"CD27",1000,"detected_multimodality","both tests reject in at least two seeds",3,2,2,3,9.28315352638487e-05,0
"inflect_ward_k44",31,99969,"CD27",5000,"detected_multimodality","both tests reject in at least two seeds",3,3,3,3,0,0
"inflect_ward_k44",31,99969,"CD294_CRTH2",1000,"no_detected_multimodality","neither test rejects in any seed",3,0,0,0,0.998796508229065,0.645429857786036
"inflect_ward_k44",31,99969,"CD294_CRTH2",5000,"no_detected_multimodality","neither test rejects in any seed",3,0,0,0,1,0.78660758950904
"inflect_ward_k44",31,99969,"CD3",1000,"no_detected_multimodality","neither test rejects in any seed",3,0,0,0,0.998796508229065,0.211043021510755
"inflect_ward_k44",31,99969,"CD3",5000,"ambiguous","discordant_tests",3,0,0,3,0.714728666181617,0
"inflect_ward_k44",31,99969,"CD45RA",1000,"detected_multimodality","both tests reject in at least two seeds",3,3,3,3,9.28315352638487e-05,0
"inflect_ward_k44",31,99969,"CD45RA",5000,"detected_multimodality","both tests reject in at least two seeds",3,3,3,3,0,0
"inflect_ward_k44",31,99969,"CD56",1000,"ambiguous","discordant_tests;seed_instability",3,1,1,3,0.0261085445689445,0
"inflect_ward_k44",31,99969,"CD56",5000,"detected_multimodality","both tests reject in at least two seeds",3,3,3,3,0,0
"inflect_ward_k44",31,99969,"CD57",1000,"ambiguous","discordant_tests;seed_instability",3,0,0,2,0.998796508229065,0.00900450225112556
"inflect_ward_k44",31,99969,"CD57",5000,"ambiguous","discordant_tests",3,0,0,3,0.443743490994139,0
"inflect_ward_k44",31,99969,"Tbet",1000,"detected_multimodality","both tests reject in at least two seeds",3,3,3,3,9.28315352638487e-05,0
"inflect_ward_k44",31,99969,"Tbet",5000,"detected_multimodality","both tests reject in at least two seeds",3,3,3,3,0,0
"inflect_ward_k44",32,1298228,"CD185_CXCR5",1000,"detected_multimodality","both tests reject in at least two seeds",3,2,2,3,0.000607347664110081,0
"inflect_ward_k44",32,1298228,"CD185_CXCR5",5000,"detected_multimodality","both tests reject in at least two seeds",3,3,3,3,0,0
"inflect_ward_k44",32,1298228,"CD19",1000,"ambiguous","discordant_tests",3,0,0,3,0.997246983943269,0.00675337668834417
"inflect_ward_k44",32,1298228,"CD19",5000,"detected_multimodality","both tests reject in at least two seeds",3,3,3,3,0,0
"inflect_ward_k44",32,1298228,"CD21",1000,"detected_multimodality","both tests reject in at least two seeds",3,2,2,3,0,0
"inflect_ward_k44",32,1298228,"CD21",5000,"detected_multimodality","both tests reject in at least two seeds",3,3,3,3,0,0
"inflect_ward_k44",32,1298228,"CD25",1000,"no_detected_multimodality","neither test rejects in any seed",3,0,0,0,0.997246983943269,0.792633158684605
"inflect_ward_k44",32,1298228,"CD25",5000,"no_detected_multimodality","neither test rejects in any seed",3,0,0,0,1,0.750589580504538
"inflect_ward_k44",32,1298228,"CD38",1000,"no_detected_multimodality","neither test rejects in any seed",3,0,0,0,0.997246983943269,0.209354677338669
"inflect_ward_k44",32,1298228,"CD38",5000,"ambiguous","discordant_tests",3,0,0,3,1,0
"inflect_ward_k44",32,1298228,"CD57",1000,"no_detected_multimodality","neither test rejects in any seed",3,0,0,0,0.997246983943269,0.509879939969985
"inflect_ward_k44",32,1298228,"CD57",5000,"no_detected_multimodality","neither test rejects in any seed",3,0,0,0,1,0.750589580504538
"inflect_ward_k44",32,1298228,"CD7",1000,"no_detected_multimodality","neither test rejects in any seed",3,0,0,0,0.997246983943269,0.792633158684605
"inflect_ward_k44",32,1298228,"CD7",5000,"ambiguous","borderline_q",3,0,0,0,1,0.0594297148574287
"inflect_ward_k44",33,4272277,"CD127",1000,"no_detected_multimodality","neither test rejects in any seed",3,0,0,0,1,0.178964482241121
"inflect_ward_k44",33,4272277,"CD127",5000,"ambiguous","discordant_tests;seed_instability",3,0,0,1,1,0
"inflect_ward_k44",33,4272277,"CD14",1000,"no_detected_multimodality","neither test rejects in any seed",3,0,0,0,1,0.171085542771386
"inflect_ward_k44",33,4272277,"CD14",5000,"no_detected_multimodality","neither test rejects in any seed",3,0,0,0,1,0.9314032016008
"inflect_ward_k44",33,4272277,"CD19",1000,"no_detected_multimodality","neither test rejects in any seed",3,0,0,0,1,0.604427213606803
"inflect_ward_k44",33,4272277,"CD19",5000,"no_detected_multimodality","neither test rejects in any seed",3,0,0,0,1,0.931965982991496
"inflect_ward_k44",33,4272277,"CD197_CCR7",1000,"detected_multimodality","both tests reject in at least two seeds",3,3,3,3,2.7903380108496e-05,0
"inflect_ward_k44",33,4272277,"CD197_CCR7",5000,"detected_multimodality","both tests reject in at least two seeds",3,3,3,3,0,0
"inflect_ward_k44",33,4272277,"CD45RA",1000,"detected_multimodality","both tests reject in at least two seeds",3,3,3,3,0,0
"inflect_ward_k44",33,4272277,"CD45RA",5000,"detected_multimodality","both tests reject in at least two seeds",3,3,3,3,0,0
"inflect_ward_k44",33,4272277,"CD56",1000,"no_detected_multimodality","neither test rejects in any seed",3,0,0,0,1,0.64832416208104
"inflect_ward_k44",33,4272277,"CD56",5000,"no_detected_multimodality","neither test rejects in any seed",3,0,0,0,1,0.9314032016008
"inflect_ward_k44",33,4272277,"CD8",1000,"no_detected_multimodality","neither test rejects in any seed",3,0,0,0,1,0.502451225612806
"inflect_ward_k44",33,4272277,"CD8",5000,"no_detected_multimodality","neither test rejects in any seed",3,0,0,0,1,0.291359965697134
"inflect_ward_k44",33,4272277,"FoxP3",1000,"no_detected_multimodality","neither test rejects in any seed",3,0,0,0,1,0.502451225612806
"inflect_ward_k44",33,4272277,"FoxP3",5000,"no_detected_multimodality","neither test rejects in any seed",3,0,0,0,1,0.854898037253921
"inflect_ward_k44",33,4272277,"TCRgd_CD141",1000,"ambiguous","borderline_q",3,0,0,0,1,0.0990495247623812
"inflect_ward_k44",33,4272277,"TCRgd_CD141",5000,"ambiguous","discordant_tests;seed_instability;borderline_q",3,0,0,1,1,0
"inflect_ward_k44",34,413636,"CD11c",1000,"no_detected_multimodality","neither test rejects in any seed",3,0,0,0,0.99918047688935,0.478524976774101
"inflect_ward_k44",34,413636,"CD11c",5000,"ambiguous","discordant_tests",3,0,0,3,1,0
"inflect_ward_k44",34,413636,"CD27",1000,"no_detected_multimodality","neither test rejects in any seed",3,0,0,0,0.99918047688935,0.92496248124062
"inflect_ward_k44",34,413636,"CD27",5000,"ambiguous","discordant_tests",3,0,0,3,1,0
"inflect_ward_k44",35,2887542,"CD161",1000,"ambiguous","discordant_tests;seed_instability;borderline_q",3,1,1,2,0.00940147811440151,0
"inflect_ward_k44",35,2887542,"CD161",5000,"detected_multimodality","both tests reject in at least two seeds",3,3,3,3,0.00562230447429823,0
"inflect_ward_k44",35,2887542,"CD19",1000,"no_detected_multimodality","neither test rejects in any seed",3,0,0,0,1,0.506503251625813
"inflect_ward_k44",35,2887542,"CD19",5000,"no_detected_multimodality","neither test rejects in any seed",3,0,0,0,1,0.80196348174087
"inflect_ward_k44",35,2887542,"CD27",1000,"detected_multimodality","both tests reject in at least two seeds",3,3,3,3,0,0
"inflect_ward_k44",35,2887542,"CD27",5000,"detected_multimodality","both tests reject in at least two seeds",3,3,3,3,0,0
"inflect_ward_k44",35,2887542,"CD7",1000,"no_detected_multimodality","neither test rejects in any seed",3,0,0,0,1,0.256628314157079
"inflect_ward_k44",35,2887542,"CD7",5000,"ambiguous","discordant_tests;seed_instability",3,1,1,3,0.0103774610638942,0
"inflect_ward_k44",36,217883,"CD11c",1000,"no_detected_multimodality","neither test rejects in any seed",3,0,0,0,0.999931729816118,0.283641820910455
"inflect_ward_k44",36,217883,"CD11c",5000,"ambiguous","discordant_tests;seed_instability;borderline_q",3,1,1,3,0.0144587026501331,0
"inflect_ward_k44",36,217883,"CD14",1000,"detected_multimodality","both tests reject in at least two seeds",3,3,3,3,0,0
"inflect_ward_k44",36,217883,"CD14",5000,"detected_multimodality","both tests reject in at least two seeds",3,3,3,3,0,0
"inflect_ward_k44",36,217883,"CD1c",1000,"ambiguous","discordant_tests;seed_instability;borderline_q",3,1,1,3,0.0173158853205904,0
"inflect_ward_k44",36,217883,"CD1c",5000,"detected_multimodality","both tests reject in at least two seeds",3,3,3,3,0,0
"inflect_ward_k44",36,217883,"CD45RA",1000,"no_detected_multimodality","neither test rejects in any seed",3,0,0,0,0.999931729816118,0.613806903451726
"inflect_ward_k44",36,217883,"CD45RA",5000,"no_detected_multimodality","neither test rejects in any seed",3,0,0,0,1,0.113119059529765
"inflect_ward_k44",36,217883,"HLA-DR",1000,"detected_multimodality","both tests reject in at least two seeds",3,3,3,3,0,0
"inflect_ward_k44",36,217883,"HLA-DR",5000,"detected_multimodality","both tests reject in at least two seeds",3,3,3,3,0,0
"inflect_ward_k44",36,217883,"TCRgd_CD141",1000,"detected_multimodality","both tests reject in at least two seeds",3,2,2,3,0.000473609952509002,0
"inflect_ward_k44",36,217883,"TCRgd_CD141",5000,"detected_multimodality","both tests reject in at least two seeds",3,3,3,3,0,0
"inflect_ward_k44",37,170897,"CD3",1000,"no_detected_multimodality","neither test rejects in any seed",3,0,0,0,1,0.729364682341171
"inflect_ward_k44",37,170897,"CD3",5000,"no_detected_multimodality","neither test rejects in any seed",3,0,0,0,1,0.751466642412115
"inflect_ward_k44",38,880759,"CD11c",1000,"detected_multimodality","both tests reject in at least two seeds",3,3,3,3,0,0
"inflect_ward_k44",38,880759,"CD11c",5000,"detected_multimodality","both tests reject in at least two seeds",3,3,3,3,0,0
"inflect_ward_k44",38,880759,"CD127",1000,"ambiguous","discordant_tests;seed_instability",3,0,0,1,0.999223535787436,0.0135067533766883
"inflect_ward_k44",38,880759,"CD127",5000,"no_detected_multimodality","neither test rejects in any seed",3,0,0,0,0.999562845368097,0.120210105052526
"inflect_ward_k44",38,880759,"CD14",1000,"detected_multimodality","both tests reject in at least two seeds",3,3,3,3,0,0
"inflect_ward_k44",38,880759,"CD14",5000,"detected_multimodality","both tests reject in at least two seeds",3,3,3,3,0,0
"inflect_ward_k44",38,880759,"CD197_CCR7",1000,"no_detected_multimodality","neither test rejects in any seed",3,0,0,0,0.999223535787436,0.123061530765383
"inflect_ward_k44",38,880759,"CD197_CCR7",5000,"no_detected_multimodality","neither test rejects in any seed",3,0,0,0,0.999562845368097,0.315566874346264
"inflect_ward_k44",38,880759,"CD1c",1000,"ambiguous","discordant_tests",3,0,0,3,0.200812435949179,0
"inflect_ward_k44",38,880759,"CD1c",5000,"detected_multimodality","both tests reject in at least two seeds",3,3,3,3,0,0
"inflect_ward_k44",38,880759,"CD27",1000,"no_detected_multimodality","neither test rejects in any seed",3,0,0,0,0.999223535787436,0.646073036518259
"inflect_ward_k44",38,880759,"CD27",5000,"no_detected_multimodality","neither test rejects in any seed",3,0,0,0,0.999562845368097,0.315566874346264
"inflect_ward_k44",38,880759,"CD3",1000,"no_detected_multimodality","neither test rejects in any seed",3,0,0,0,0.999223535787436,0.944392196098049
"inflect_ward_k44",38,880759,"CD3",5000,"no_detected_multimodality","neither test rejects in any seed",3,0,0,0,0.999562845368097,0.766508254127064
"inflect_ward_k44",38,880759,"CD303_TCRvd2",1000,"detected_multimodality","both tests reject in at least two seeds",3,2,2,3,0.0430918573113442,0
"inflect_ward_k44",38,880759,"CD303_TCRvd2",5000,"detected_multimodality","both tests reject in at least two seeds",3,3,3,3,0,0
"inflect_ward_k44",38,880759,"CD4",1000,"ambiguous","borderline_q",3,0,0,0,0.999223535787436,0.0590920460230115
"inflect_ward_k44",38,880759,"CD4",5000,"ambiguous","discordant_tests;seed_instability;borderline_q",3,0,0,1,0.999562845368097,0.0118184092046023
"inflect_ward_k44",38,880759,"CD45RA",1000,"ambiguous","discordant_tests;seed_instability",3,0,0,1,0.999223535787436,0.0292646323161581
"inflect_ward_k44",38,880759,"CD45RA",5000,"ambiguous","discordant_tests;borderline_q",3,0,0,3,0.0907812286146412,0
"inflect_ward_k44",38,880759,"HLA-DR",1000,"no_detected_multimodality","neither test rejects in any seed",3,0,0,0,0.999223535787436,0.26608304152076
"inflect_ward_k44",38,880759,"HLA-DR",5000,"detected_multimodality","both tests reject in at least two seeds",3,3,3,3,0.000811448508329593,0
"inflect_ward_k44",38,880759,"Tbet",1000,"no_detected_multimodality","neither test rejects in any seed",3,0,0,0,0.999223535787436,0.511905952976488
"inflect_ward_k44",38,880759,"Tbet",5000,"no_detected_multimodality","neither test rejects in any seed",3,0,0,0,0.999562845368097,0.443190345172586
"inflect_ward_k44",38,880759,"TCRgd_CD141",1000,"ambiguous","discordant_tests;seed_instability;borderline_q",3,0,0,2,0.403020803084713,0
"inflect_ward_k44",38,880759,"TCRgd_CD141",5000,"detected_multimodality","both tests reject in at least two seeds",3,3,3,3,0,0
"inflect_ward_k44",39,4350638,"CD4",1000,"no_detected_multimodality","neither test rejects in any seed",3,0,0,0,1,0.929833337721492
"inflect_ward_k44",39,4350638,"CD4",5000,"no_detected_multimodality","neither test rejects in any seed",3,0,0,0,1,0.30727863931966
"inflect_ward_k44",40,9068600,"CD11c",1000,"no_detected_multimodality","neither test rejects in any seed",3,0,0,0,0.997050549681006,0.731615807903952
"inflect_ward_k44",40,9068600,"CD11c",5000,"no_detected_multimodality","neither test rejects in any seed",3,0,0,0,1,0.700421639391124
"inflect_ward_k44",40,9068600,"CD197_CCR7",1000,"detected_multimodality","both tests reject in at least two seeds",3,3,3,3,0.000103235122549505,0
"inflect_ward_k44",40,9068600,"CD197_CCR7",5000,"detected_multimodality","both tests reject in at least two seeds",3,3,3,3,0,0
"inflect_ward_k44",40,9068600,"CD27",1000,"detected_multimodality","both tests reject in at least two seeds",3,3,3,3,0,0
"inflect_ward_k44",40,9068600,"CD27",5000,"detected_multimodality","both tests reject in at least two seeds",3,3,3,3,0,0
"inflect_ward_k44",40,9068600,"CD294_CRTH2",1000,"no_detected_multimodality","neither test rejects in any seed",3,0,0,0,0.997050549681006,0.411955977988995
"inflect_ward_k44",40,9068600,"CD294_CRTH2",5000,"no_detected_multimodality","neither test rejects in any seed",3,0,0,0,1,0.538340598870864
"inflect_ward_k44",40,9068600,"CD45RA",1000,"ambiguous","discordant_tests",3,0,0,3,0.273874177335481,0
"inflect_ward_k44",40,9068600,"CD45RA",5000,"detected_multimodality","both tests reject in at least two seeds",3,3,3,3,0,0
"inflect_ward_k44",40,9068600,"CD7",1000,"ambiguous","discordant_tests;borderline_q",3,0,0,3,0.054951117467201,0
"inflect_ward_k44",40,9068600,"CD7",5000,"detected_multimodality","both tests reject in at least two seeds",3,3,3,3,0,0
"inflect_ward_k44",40,9068600,"TCRgd_CD141",1000,"no_detected_multimodality","neither test rejects in any seed",3,0,0,0,0.997050549681006,0.212248981633674
"inflect_ward_k44",40,9068600,"TCRgd_CD141",5000,"no_detected_multimodality","neither test rejects in any seed",3,0,0,0,1,0.696348174087044
"inflect_ward_k44",41,1028144,"CD161",1000,"no_detected_multimodality","neither test rejects in any seed",3,0,0,0,0.997992007681944,0.808154077038519
"inflect_ward_k44",41,1028144,"CD161",5000,"no_detected_multimodality","neither test rejects in any seed",3,0,0,0,1,0.848995926534696
"inflect_ward_k44",41,1028144,"CD25",1000,"ambiguous","discordant_tests",3,0,0,3,0.997992007681944,0.0270135067533767
"inflect_ward_k44",41,1028144,"CD25",5000,"detected_multimodality","both tests reject in at least two seeds",3,3,3,3,0,0
"inflect_ward_k44",41,1028144,"FoxP3",1000,"ambiguous","discordant_tests;seed_instability",3,1,1,3,0.0249654683020069,0
"inflect_ward_k44",41,1028144,"FoxP3",5000,"detected_multimodality","both tests reject in at least two seeds",3,3,3,3,0,0
"inflect_ward_k44",43,2920244,"CD185_CXCR5",1000,"no_detected_multimodality","neither test rejects in any seed",3,0,0,0,0.999105083037068,0.732542741959215
"inflect_ward_k44",43,2920244,"CD185_CXCR5",5000,"no_detected_multimodality","neither test rejects in any seed",3,0,0,0,1,0.794004144929608
"inflect_ward_k44",43,2920244,"CD45RA",1000,"no_detected_multimodality","neither test rejects in any seed",3,0,0,0,0.999105083037068,0.732542741959215
"inflect_ward_k44",43,2920244,"CD45RA",5000,"no_detected_multimodality","neither test rejects in any seed",3,0,0,0,1,0.904952476238119
"inflect_ward_k44",44,541968,"CD127",1000,"no_detected_multimodality","neither test rejects in any seed",3,0,0,0,0.99552573642037,0.630315157578789
"inflect_ward_k44",44,541968,"CD127",5000,"ambiguous","discordant_tests;seed_instability",3,0,0,1,1,0.0432216108054027
"inflect_ward_k44",44,541968,"CD197_CCR7",1000,"ambiguous","discordant_tests;seed_instability",3,0,0,1,0.99552573642037,0
"inflect_ward_k44",44,541968,"CD197_CCR7",5000,"ambiguous","discordant_tests",3,0,0,3,1,0
"inflect_ward_k44",44,541968,"CD3",1000,"no_detected_multimodality","neither test rejects in any seed",3,0,0,0,0.99552573642037,0.53351675837919
"inflect_ward_k44",44,541968,"CD3",5000,"ambiguous","discordant_tests;seed_instability;borderline_q",3,0,0,2,1,0
