"solution_id","node","cluster"
"inflect_ward_k55",1,1
"inflect_ward_k55",2,1
"inflect_ward_k55",3,1
"inflect_ward_k55",4,2
"inflect_ward_k55",5,2
"inflect_ward_k55",6,2
"inflect_ward_k55",7,3
"inflect_ward_k55",8,3
"inflect_ward_k55",9,3
"inflect_ward_k55",10,3
"inflect_ward_k55",11,4
"inflect_ward_k55",12,4
"inflect_ward_k55",13,5
"inflect_ward_k55",14,5
"inflect_ward_k55",15,5
"inflect_ward_k55",16,6
"inflect_ward_k55",17,6
"inflect_ward_k55",18,7
"inflect_ward_k55",19,7
"inflect_ward_k55",20,8
"inflect_ward_k55",21,8
"inflect_ward_k55",22,8
"inflect_ward_k55",23,9
"inflect_ward_k55",24,9
"inflect_ward_k55",25,9
"inflect_ward_k55",26,9
"inflect_ward_k55",27,10
"inflect_ward_k55",28,10
"inflect_ward_k55",29,11
"inflect_ward_k55",30,11
"inflect_ward_k55",31,1
"inflect_ward_k55",32,1
"inflect_ward_k55",33,1
"inflect_ward_k55",34,2
"inflect_ward_k55",35,2
"inflect_ward_k55",36,2
"inflect_ward_k55",37,2
"inflect_ward_k55",38,3
"inflect_ward_k55",39,3
"inflect_ward_k55",40,4
"inflect_ward_k55",41,3
"inflect_ward_k55",42,4
"inflect_ward_k55",43,4
"inflect_ward_k55",44,5
"inflect_ward_k55",45,5
"inflect_ward_k55",46,6
"inflect_ward_k55",47,6
"inflect_ward_k55",48,7
"inflect_ward_k55",49,7
"inflect_ward_k55",50,7
"inflect_ward_k55",51,8
"inflect_ward_k55",52,8
"inflect_ward_k55",53,9
"inflect_ward_k55",54,9
"inflect_ward_k55",55,9
"inflect_ward_k55",56,9
"inflect_ward_k55",57,9
"inflect_ward_k55",58,10
"inflect_ward_k55",59,11
"inflect_ward_k55",60,11
"inflect_ward_k55",61,1
"inflect_ward_k55",62,1
"inflect_ward_k55",63,1
"inflect_ward_k55",64,2
"inflect_ward_k55",65,2
"inflect_ward_k55",66,2
"inflect_ward_k55",67,12
"inflect_ward_k55",68,3
"inflect_ward_k55",69,4
"inflect_ward_k55",70,3
"inflect_ward_k55",71,4
"inflect_ward_k55",72,4
"inflect_ward_k55",73,3
"inflect_ward_k55",74,5
"inflect_ward_k55",75,5
"inflect_ward_k55",76,6
"inflect_ward_k55",77,6
"inflect_ward_k55",78,7
"inflect_ward_k55",79,13
"inflect_ward_k55",80,7
"inflect_ward_k55",81,7
"inflect_ward_k55",82,9
"inflect_ward_k55",83,9
"inflect_ward_k55",84,14
"inflect_ward_k55",85,14
"inflect_ward_k55",86,15
"inflect_ward_k55",87,15
"inflect_ward_k55",88,11
"inflect_ward_k55",89,11
"inflect_ward_k55",90,11
"inflect_ward_k55",91,1
"inflect_ward_k55",92,2
"inflect_ward_k55",93,2
"inflect_ward_k55",94,2
"inflect_ward_k55",95,2
"inflect_ward_k55",96,2
"inflect_ward_k55",97,12
"inflect_ward_k55",98,3
"inflect_ward_k55",99,3
"inflect_ward_k55",100,3
"inflect_ward_k55",101,4
"inflect_ward_k55",102,4
"inflect_ward_k55",103,4
"inflect_ward_k55",104,3
"inflect_ward_k55",105,5
"inflect_ward_k55",106,16
"inflect_ward_k55",107,6
"inflect_ward_k55",108,6
"inflect_ward_k55",109,13
"inflect_ward_k55",110,7
"inflect_ward_k55",111,7
"inflect_ward_k55",112,7
"inflect_ward_k55",113,14
"inflect_ward_k55",114,14
"inflect_ward_k55",115,14
"inflect_ward_k55",116,15
"inflect_ward_k55",117,15
"inflect_ward_k55",118,11
"inflect_ward_k55",119,11
"inflect_ward_k55",120,11
"inflect_ward_k55",121,17
"inflect_ward_k55",122,2
"inflect_ward_k55",123,2
"inflect_ward_k55",124,2
"inflect_ward_k55",125,12
"inflect_ward_k55",126,1
"inflect_ward_k55",127,12
"inflect_ward_k55",128,1
"inflect_ward_k55",129,3
"inflect_ward_k55",130,18
"inflect_ward_k55",131,18
"inflect_ward_k55",132,18
"inflect_ward_k55",133,3
"inflect_ward_k55",134,19
"inflect_ward_k55",135,16
"inflect_ward_k55",136,16
"inflect_ward_k55",137,16
"inflect_ward_k55",138,6
"inflect_ward_k55",139,6
"inflect_ward_k55",140,7
"inflect_ward_k55",141,20
"inflect_ward_k55",142,20
"inflect_ward_k55",143,14
"inflect_ward_k55",144,14
"inflect_ward_k55",145,15
"inflect_ward_k55",146,15
"inflect_ward_k55",147,13
"inflect_ward_k55",148,21
"inflect_ward_k55",149,11
"inflect_ward_k55",150,21
"inflect_ward_k55",151,17
"inflect_ward_k55",152,17
"inflect_ward_k55",153,17
"inflect_ward_k55",154,2
"inflect_ward_k55",155,12
"inflect_ward_k55",156,1
"inflect_ward_k55",157,1
"inflect_ward_k55",158,1
"inflect_ward_k55",159,22
"inflect_ward_k55",160,22
"inflect_ward_k55",161,18
"inflect_ward_k55",162,18
"inflect_ward_k55",163,18
"inflect_ward_k55",164,19
"inflect_ward_k55",165,23
"inflect_ward_k55",166,16
"inflect_ward_k55",167,16
"inflect_ward_k55",168,24
"inflect_ward_k55",169,24
"inflect_ward_k55",170,24
"inflect_ward_k55",171,20
"inflect_ward_k55",172,20
"inflect_ward_k55",173,20
"inflect_ward_k55",174,14
"inflect_ward_k55",175,15
"inflect_ward_k55",176,15
"inflect_ward_k55",177,13
"inflect_ward_k55",178,21
"inflect_ward_k55",179,21
"inflect_ward_k55",180,21
"inflect_ward_k55",181,25
"inflect_ward_k55",182,17
"inflect_ward_k55",183,17
"inflect_ward_k55",184,12
"inflect_ward_k55",185,12
"inflect_ward_k55",186,12
"inflect_ward_k55",187,12
"inflect_ward_k55",188,22
"inflect_ward_k55",189,22
"inflect_ward_k55",190,18
"inflect_ward_k55",191,26
"inflect_ward_k55",192,26
"inflect_ward_k55",193,23
"inflect_ward_k55",194,23
"inflect_ward_k55",195,16
"inflect_ward_k55",196,27
"inflect_ward_k55",197,24
"inflect_ward_k55",198,24
"inflect_ward_k55",199,24
"inflect_ward_k55",200,24
"inflect_ward_k55",201,20
"inflect_ward_k55",202,20
"inflect_ward_k55",203,20
"inflect_ward_k55",204,15
"inflect_ward_k55",205,15
"inflect_ward_k55",206,15
"inflect_ward_k55",207,21
"inflect_ward_k55",208,21
"inflect_ward_k55",209,21
"inflect_ward_k55",210,21
"inflect_ward_k55",211,25
"inflect_ward_k55",212,25
"inflect_ward_k55",213,28
"inflect_ward_k55",214,17
"inflect_ward_k55",215,29
"inflect_ward_k55",216,12
"inflect_ward_k55",217,12
"inflect_ward_k55",218,12
"inflect_ward_k55",219,22
"inflect_ward_k55",220,12
"inflect_ward_k55",221,26
"inflect_ward_k55",222,26
"inflect_ward_k55",223,26
"inflect_ward_k55",224,23
"inflect_ward_k55",225,27
"inflect_ward_k55",226,30
"inflect_ward_k55",227,30
"inflect_ward_k55",228,30
"inflect_ward_k55",229,24
"inflect_ward_k55",230,24
"inflect_ward_k55",231,20
"inflect_ward_k55",232,31
"inflect_ward_k55",233,31
"inflect_ward_k55",234,31
"inflect_ward_k55",235,15
"inflect_ward_k55",236,21
"inflect_ward_k55",237,21
"inflect_ward_k55",238,21
"inflect_ward_k55",239,21
"inflect_ward_k55",240,21
"inflect_ward_k55",241,25
"inflect_ward_k55",242,25
"inflect_ward_k55",243,25
"inflect_ward_k55",244,29
"inflect_ward_k55",245,29
"inflect_ward_k55",246,12
"inflect_ward_k55",247,12
"inflect_ward_k55",248,12
"inflect_ward_k55",249,12
"inflect_ward_k55",250,32
"inflect_ward_k55",251,32
"inflect_ward_k55",252,32
"inflect_ward_k55",253,24
"inflect_ward_k55",254,33
"inflect_ward_k55",255,30
"inflect_ward_k55",256,30
"inflect_ward_k55",257,30
"inflect_ward_k55",258,30
"inflect_ward_k55",259,34
"inflect_ward_k55",260,35
"inflect_ward_k55",261,31
"inflect_ward_k55",262,31
"inflect_ward_k55",263,31
"inflect_ward_k55",264,11
"inflect_ward_k55",265,11
"inflect_ward_k55",266,21
"inflect_ward_k55",267,21
"inflect_ward_k55",268,36
"inflect_ward_k55",269,21
"inflect_ward_k55",270,21
"inflect_ward_k55",271,25
"inflect_ward_k55",272,25
"inflect_ward_k55",273,25
"inflect_ward_k55",274,28
"inflect_ward_k55",275,29
"inflect_ward_k55",276,12
"inflect_ward_k55",277,12
"inflect_ward_k55",278,12
"inflect_ward_k55",279,12
"inflect_ward_k55",280,32
"inflect_ward_k55",281,32
"inflect_ward_k55",282,32
"inflect_ward_k55",283,24
"inflect_ward_k55",284,33
"inflect_ward_k55",285,33
"inflect_ward_k55",286,30
"inflect_ward_k55",287,30
"inflect_ward_k55",288,30
"inflect_ward_k55",289,34
"inflect_ward_k55",290,34
"inflect_ward_k55",291,34
"inflect_ward_k55",292,31
"inflect_ward_k55",293,31
"inflect_ward_k55",294,31
"inflect_ward_k55",295,21
"inflect_ward_k55",296,21
"inflect_ward_k55",297,21
"inflect_ward_k55",298,36
"inflect_ward_k55",299,21
"inflect_ward_k55",300,21
"inflect_ward_k55",301,25
"inflect_ward_k55",302,37
"inflect_ward_k55",303,37
"inflect_ward_k55",304,37
"inflect_ward_k55",305,28
"inflect_ward_k55",306,29
"inflect_ward_k55",307,12
"inflect_ward_k55",308,12
"inflect_ward_k55",309,38
"inflect_ward_k55",310,6
"inflect_ward_k55",311,32
"inflect_ward_k55",312,32
"inflect_ward_k55",313,27
"inflect_ward_k55",314,33
"inflect_ward_k55",315,30
"inflect_ward_k55",316,30
"inflect_ward_k55",317,39
"inflect_ward_k55",318,39
"inflect_ward_k55",319,39
"inflect_ward_k55",320,34
"inflect_ward_k55",321,39
"inflect_ward_k55",322,31
"inflect_ward_k55",323,31
"inflect_ward_k55",324,21
"inflect_ward_k55",325,21
"inflect_ward_k55",326,36
"inflect_ward_k55",327,36
"inflect_ward_k55",328,36
"inflect_ward_k55",329,36
"inflect_ward_k55",330,21
"inflect_ward_k55",331,25
"inflect_ward_k55",332,37
"inflect_ward_k55",333,37
"inflect_ward_k55",334,37
"inflect_ward_k55",335,37
"inflect_ward_k55",336,40
"inflect_ward_k55",337,41
"inflect_ward_k55",338,40
"inflect_ward_k55",339,42
"inflect_ward_k55",340,42
"inflect_ward_k55",341,16
"inflect_ward_k55",342,32
"inflect_ward_k55",343,34
"inflect_ward_k55",344,43
"inflect_ward_k55",345,43
"inflect_ward_k55",346,39
"inflect_ward_k55",347,39
"inflect_ward_k55",348,39
"inflect_ward_k55",349,39
"inflect_ward_k55",350,39
"inflect_ward_k55",351,39
"inflect_ward_k55",352,39
"inflect_ward_k55",353,21
"inflect_ward_k55",354,21
"inflect_ward_k55",355,21
"inflect_ward_k55",356,36
"inflect_ward_k55",357,36
"inflect_ward_k55",358,36
"inflect_ward_k55",359,21
"inflect_ward_k55",360,21
"inflect_ward_k55",361,25
"inflect_ward_k55",362,37
"inflect_ward_k55",363,37
"inflect_ward_k55",364,44
"inflect_ward_k55",365,45
"inflect_ward_k55",366,41
"inflect_ward_k55",367,41
"inflect_ward_k55",368,40
"inflect_ward_k55",369,42
"inflect_ward_k55",370,28
"inflect_ward_k55",371,27
"inflect_ward_k55",372,27
"inflect_ward_k55",373,43
"inflect_ward_k55",374,43
"inflect_ward_k55",375,46
"inflect_ward_k55",376,39
"inflect_ward_k55",377,47
"inflect_ward_k55",378,39
"inflect_ward_k55",379,39
"inflect_ward_k55",380,39
"inflect_ward_k55",381,39
"inflect_ward_k55",382,39
"inflect_ward_k55",383,21
"inflect_ward_k55",384,36
"inflect_ward_k55",385,36
"inflect_ward_k55",386,36
"inflect_ward_k55",387,36
"inflect_ward_k55",388,36
"inflect_ward_k55",389,21
"inflect_ward_k55",390,21
"inflect_ward_k55",391,48
"inflect_ward_k55",392,48
"inflect_ward_k55",393,48
"inflect_ward_k55",394,48
"inflect_ward_k55",395,45
"inflect_ward_k55",396,45
"inflect_ward_k55",397,45
"inflect_ward_k55",398,41
"inflect_ward_k55",399,40
"inflect_ward_k55",400,28
"inflect_ward_k55",401,33
"inflect_ward_k55",402,33
"inflect_ward_k55",403,43
"inflect_ward_k55",404,46
"inflect_ward_k55",405,46
"inflect_ward_k55",406,46
"inflect_ward_k55",407,47
"inflect_ward_k55",408,39
"inflect_ward_k55",409,39
"inflect_ward_k55",410,49
"inflect_ward_k55",411,39
"inflect_ward_k55",412,39
"inflect_ward_k55",413,39
"inflect_ward_k55",414,36
"inflect_ward_k55",415,36
"inflect_ward_k55",416,36
"inflect_ward_k55",417,36
"inflect_ward_k55",418,36
"inflect_ward_k55",419,36
"inflect_ward_k55",420,21
"inflect_ward_k55",421,48
"inflect_ward_k55",422,48
"inflect_ward_k55",423,48
"inflect_ward_k55",424,48
"inflect_ward_k55",425,45
"inflect_ward_k55",426,45
"inflect_ward_k55",427,45
"inflect_ward_k55",428,45
"inflect_ward_k55",429,40
"inflect_ward_k55",430,33
"inflect_ward_k55",431,33
"inflect_ward_k55",432,33
"inflect_ward_k55",433,46
"inflect_ward_k55",434,46
"inflect_ward_k55",435,46
"inflect_ward_k55",436,46
"inflect_ward_k55",437,46
"inflect_ward_k55",438,47
"inflect_ward_k55",439,47
"inflect_ward_k55",440,47
"inflect_ward_k55",441,47
"inflect_ward_k55",442,47
"inflect_ward_k55",443,36
"inflect_ward_k55",444,36
"inflect_ward_k55",445,36
"inflect_ward_k55",446,36
"inflect_ward_k55",447,36
"inflect_ward_k55",448,36
"inflect_ward_k55",449,36
"inflect_ward_k55",450,36
"inflect_ward_k55",451,48
"inflect_ward_k55",452,48
"inflect_ward_k55",453,48
"inflect_ward_k55",454,48
"inflect_ward_k55",455,45
"inflect_ward_k55",456,45
"inflect_ward_k55",457,45
"inflect_ward_k55",458,45
"inflect_ward_k55",459,45
"inflect_ward_k55",460,33
"inflect_ward_k55",461,33
"inflect_ward_k55",462,33
"inflect_ward_k55",463,33
"inflect_ward_k55",464,46
"inflect_ward_k55",465,46
"inflect_ward_k55",466,47
"inflect_ward_k55",467,47
"inflect_ward_k55",468,47
"inflect_ward_k55",469,49
"inflect_ward_k55",470,47
"inflect_ward_k55",471,47
"inflect_ward_k55",472,47
"inflect_ward_k55",473,21
"inflect_ward_k55",474,36
"inflect_ward_k55",475,36
"inflect_ward_k55",476,36
"inflect_ward_k55",477,36
"inflect_ward_k55",478,36
"inflect_ward_k55",479,36
"inflect_ward_k55",480,36
"inflect_ward_k55",481,48
"inflect_ward_k55",482,48
"inflect_ward_k55",483,48
"inflect_ward_k55",484,48
"inflect_ward_k55",485,48
"inflect_ward_k55",486,45
"inflect_ward_k55",487,45
"inflect_ward_k55",488,45
"inflect_ward_k55",489,50
"inflect_ward_k55",490,33
"inflect_ward_k55",491,33
"inflect_ward_k55",492,33
"inflect_ward_k55",493,46
"inflect_ward_k55",494,46
"inflect_ward_k55",495,46
"inflect_ward_k55",496,47
"inflect_ward_k55",497,47
"inflect_ward_k55",498,47
"inflect_ward_k55",499,47
"inflect_ward_k55",500,47
"inflect_ward_k55",501,47
"inflect_ward_k55",502,47
"inflect_ward_k55",503,36
"inflect_ward_k55",504,36
"inflect_ward_k55",505,36
"inflect_ward_k55",506,36
"inflect_ward_k55",507,36
"inflect_ward_k55",508,36
"inflect_ward_k55",509,36
"inflect_ward_k55",510,36
"inflect_ward_k55",511,48
"inflect_ward_k55",512,48
"inflect_ward_k55",513,48
"inflect_ward_k55",514,48
"inflect_ward_k55",515,48
"inflect_ward_k55",516,48
"inflect_ward_k55",517,48
"inflect_ward_k55",518,48
"inflect_ward_k55",519,44
"inflect_ward_k55",520,50
"inflect_ward_k55",521,50
"inflect_ward_k55",522,51
"inflect_ward_k55",523,46
"inflect_ward_k55",524,46
"inflect_ward_k55",525,46
"inflect_ward_k55",526,46
"inflect_ward_k55",527,47
"inflect_ward_k55",528,47
"inflect_ward_k55",529,47
"inflect_ward_k55",530,47
"inflect_ward_k55",531,47
"inflect_ward_k55",532,47
"inflect_ward_k55",533,21
"inflect_ward_k55",534,36
"inflect_ward_k55",535,36
"inflect_ward_k55",536,36
"inflect_ward_k55",537,36
"inflect_ward_k55",538,36
"inflect_ward_k55",539,36
"inflect_ward_k55",540,36
"inflect_ward_k55",541,48
"inflect_ward_k55",542,48
"inflect_ward_k55",543,48
"inflect_ward_k55",544,48
"inflect_ward_k55",545,48
"inflect_ward_k55",546,48
"inflect_ward_k55",547,48
"inflect_ward_k55",548,48
"inflect_ward_k55",549,44
"inflect_ward_k55",550,50
"inflect_ward_k55",551,50
"inflect_ward_k55",552,46
"inflect_ward_k55",553,46
"inflect_ward_k55",554,52
"inflect_ward_k55",555,46
"inflect_ward_k55",556,47
"inflect_ward_k55",557,46
"inflect_ward_k55",558,47
"inflect_ward_k55",559,47
"inflect_ward_k55",560,47
"inflect_ward_k55",561,47
"inflect_ward_k55",562,52
"inflect_ward_k55",563,21
"inflect_ward_k55",564,36
"inflect_ward_k55",565,36
"inflect_ward_k55",566,36
"inflect_ward_k55",567,36
"inflect_ward_k55",568,36
"inflect_ward_k55",569,36
"inflect_ward_k55",570,36
"inflect_ward_k55",571,48
"inflect_ward_k55",572,48
"inflect_ward_k55",573,48
"inflect_ward_k55",574,48
"inflect_ward_k55",575,48
"inflect_ward_k55",576,48
"inflect_ward_k55",577,48
"inflect_ward_k55",578,48
"inflect_ward_k55",579,48
"inflect_ward_k55",580,50
"inflect_ward_k55",581,50
"inflect_ward_k55",582,50
"inflect_ward_k55",583,52
"inflect_ward_k55",584,52
"inflect_ward_k55",585,46
"inflect_ward_k55",586,46
"inflect_ward_k55",587,46
"inflect_ward_k55",588,52
"inflect_ward_k55",589,52
"inflect_ward_k55",590,52
"inflect_ward_k55",591,52
"inflect_ward_k55",592,52
"inflect_ward_k55",593,52
"inflect_ward_k55",594,21
"inflect_ward_k55",595,36
"inflect_ward_k55",596,36
"inflect_ward_k55",597,36
"inflect_ward_k55",598,36
"inflect_ward_k55",599,36
"inflect_ward_k55",600,36
"inflect_ward_k55",601,48
"inflect_ward_k55",602,48
"inflect_ward_k55",603,48
"inflect_ward_k55",604,48
"inflect_ward_k55",605,48
"inflect_ward_k55",606,48
"inflect_ward_k55",607,48
"inflect_ward_k55",608,48
"inflect_ward_k55",609,44
"inflect_ward_k55",610,44
"inflect_ward_k55",611,44
"inflect_ward_k55",612,52
"inflect_ward_k55",613,52
"inflect_ward_k55",614,52
"inflect_ward_k55",615,52
"inflect_ward_k55",616,52
"inflect_ward_k55",617,52
"inflect_ward_k55",618,52
"inflect_ward_k55",619,52
"inflect_ward_k55",620,52
"inflect_ward_k55",621,52
"inflect_ward_k55",622,52
"inflect_ward_k55",623,52
"inflect_ward_k55",624,36
"inflect_ward_k55",625,36
"inflect_ward_k55",626,36
"inflect_ward_k55",627,36
"inflect_ward_k55",628,36
"inflect_ward_k55",629,36
"inflect_ward_k55",630,36
"inflect_ward_k55",631,48
"inflect_ward_k55",632,48
"inflect_ward_k55",633,48
"inflect_ward_k55",634,48
"inflect_ward_k55",635,48
"inflect_ward_k55",636,48
"inflect_ward_k55",637,44
"inflect_ward_k55",638,44
"inflect_ward_k55",639,44
"inflect_ward_k55",640,44
"inflect_ward_k55",641,44
"inflect_ward_k55",642,52
"inflect_ward_k55",643,52
"inflect_ward_k55",644,52
"inflect_ward_k55",645,52
"inflect_ward_k55",646,52
"inflect_ward_k55",647,52
"inflect_ward_k55",648,52
"inflect_ward_k55",649,52
"inflect_ward_k55",650,52
"inflect_ward_k55",651,52
"inflect_ward_k55",652,52
"inflect_ward_k55",653,52
"inflect_ward_k55",654,21
"inflect_ward_k55",655,21
"inflect_ward_k55",656,36
"inflect_ward_k55",657,36
"inflect_ward_k55",658,36
"inflect_ward_k55",659,36
"inflect_ward_k55",660,36
"inflect_ward_k55",661,48
"inflect_ward_k55",662,48
"inflect_ward_k55",663,48
"inflect_ward_k55",664,48
"inflect_ward_k55",665,48
"inflect_ward_k55",666,44
"inflect_ward_k55",667,44
"inflect_ward_k55",668,44
"inflect_ward_k55",669,44
"inflect_ward_k55",670,44
"inflect_ward_k55",671,37
"inflect_ward_k55",672,52
"inflect_ward_k55",673,52
"inflect_ward_k55",674,52
"inflect_ward_k55",675,52
"inflect_ward_k55",676,52
"inflect_ward_k55",677,52
"inflect_ward_k55",678,52
"inflect_ward_k55",679,52
"inflect_ward_k55",680,52
"inflect_ward_k55",681,52
"inflect_ward_k55",682,52
"inflect_ward_k55",683,52
"inflect_ward_k55",684,21
"inflect_ward_k55",685,21
"inflect_ward_k55",686,21
"inflect_ward_k55",687,36
"inflect_ward_k55",688,36
"inflect_ward_k55",689,36
"inflect_ward_k55",690,36
"inflect_ward_k55",691,48
"inflect_ward_k55",692,48
"inflect_ward_k55",693,48
"inflect_ward_k55",694,48
"inflect_ward_k55",695,48
"inflect_ward_k55",696,44
"inflect_ward_k55",697,50
"inflect_ward_k55",698,35
"inflect_ward_k55",699,35
"inflect_ward_k55",700,35
"inflect_ward_k55",701,51
"inflect_ward_k55",702,52
"inflect_ward_k55",703,52
"inflect_ward_k55",704,52
"inflect_ward_k55",705,52
"inflect_ward_k55",706,52
"inflect_ward_k55",707,52
"inflect_ward_k55",708,52
"inflect_ward_k55",709,52
"inflect_ward_k55",710,52
"inflect_ward_k55",711,52
"inflect_ward_k55",712,46
"inflect_ward_k55",713,46
"inflect_ward_k55",714,46
"inflect_ward_k55",715,46
"inflect_ward_k55",716,21
"inflect_ward_k55",717,21
"inflect_ward_k55",718,21
"inflect_ward_k55",719,36
"inflect_ward_k55",720,36
"inflect_ward_k55",721,50
"inflect_ward_k55",722,50
"inflect_ward_k55",723,35
"inflect_ward_k55",724,53
"inflect_ward_k55",725,35
"inflect_ward_k55",726,35
"inflect_ward_k55",727,35
"inflect_ward_k55",728,35
"inflect_ward_k55",729,35
"inflect_ward_k55",730,35
"inflect_ward_k55",731,35
"inflect_ward_k55",732,52
"inflect_ward_k55",733,52
"inflect_ward_k55",734,52
"inflect_ward_k55",735,52
"inflect_ward_k55",736,52
"inflect_ward_k55",737,52
"inflect_ward_k55",738,52
"inflect_ward_k55",739,52
"inflect_ward_k55",740,52
"inflect_ward_k55",741,52
"inflect_ward_k55",742,46
"inflect_ward_k55",743,46
"inflect_ward_k55",744,46
"inflect_ward_k55",745,52
"inflect_ward_k55",746,46
"inflect_ward_k55",747,52
"inflect_ward_k55",748,52
"inflect_ward_k55",749,49
"inflect_ward_k55",750,38
"inflect_ward_k55",751,53
"inflect_ward_k55",752,53
"inflect_ward_k55",753,53
"inflect_ward_k55",754,53
"inflect_ward_k55",755,53
"inflect_ward_k55",756,53
"inflect_ward_k55",757,35
"inflect_ward_k55",758,35
"inflect_ward_k55",759,35
"inflect_ward_k55",760,35
"inflect_ward_k55",761,35
"inflect_ward_k55",762,52
"inflect_ward_k55",763,52
"inflect_ward_k55",764,52
"inflect_ward_k55",765,52
"inflect_ward_k55",766,52
"inflect_ward_k55",767,52
"inflect_ward_k55",768,52
"inflect_ward_k55",769,46
"inflect_ward_k55",770,52
"inflect_ward_k55",771,52
"inflect_ward_k55",772,46
"inflect_ward_k55",773,46
"inflect_ward_k55",774,46
"inflect_ward_k55",775,46
"inflect_ward_k55",776,46
"inflect_ward_k55",777,52
"inflect_ward_k55",778,52
"inflect_ward_k55",779,49
"inflect_ward_k55",780,49
"inflect_ward_k55",781,53
"inflect_ward_k55",782,53
"inflect_ward_k55",783,53
"inflect_ward_k55",784,53
"inflect_ward_k55",785,53
"inflect_ward_k55",786,53
"inflect_ward_k55",787,35
"inflect_ward_k55",788,35
"inflect_ward_k55",789,35
"inflect_ward_k55",790,35
"inflect_ward_k55",791,54
"inflect_ward_k55",792,52
"inflect_ward_k55",793,52
"inflect_ward_k55",794,52
"inflect_ward_k55",795,52
"inflect_ward_k55",796,52
"inflect_ward_k55",797,52
"inflect_ward_k55",798,52
"inflect_ward_k55",799,52
"inflect_ward_k55",800,52
"inflect_ward_k55",801,52
"inflect_ward_k55",802,46
"inflect_ward_k55",803,46
"inflect_ward_k55",804,46
"inflect_ward_k55",805,46
"inflect_ward_k55",806,46
"inflect_ward_k55",807,49
"inflect_ward_k55",808,49
"inflect_ward_k55",809,49
"inflect_ward_k55",810,49
"inflect_ward_k55",811,53
"inflect_ward_k55",812,53
"inflect_ward_k55",813,53
"inflect_ward_k55",814,53
"inflect_ward_k55",815,53
"inflect_ward_k55",816,53
"inflect_ward_k55",817,53
"inflect_ward_k55",818,35
"inflect_ward_k55",819,53
"inflect_ward_k55",820,54
"inflect_ward_k55",821,54
"inflect_ward_k55",822,55
"inflect_ward_k55",823,55
"inflect_ward_k55",824,55
"inflect_ward_k55",825,55
"inflect_ward_k55",826,55
"inflect_ward_k55",827,52
"inflect_ward_k55",828,52
"inflect_ward_k55",829,52
"inflect_ward_k55",830,52
"inflect_ward_k55",831,46
"inflect_ward_k55",832,46
"inflect_ward_k55",833,46
"inflect_ward_k55",834,46
"inflect_ward_k55",835,46
"inflect_ward_k55",836,46
"inflect_ward_k55",837,49
"inflect_ward_k55",838,49
"inflect_ward_k55",839,49
"inflect_ward_k55",840,49
"inflect_ward_k55",841,53
"inflect_ward_k55",842,53
"inflect_ward_k55",843,53
"inflect_ward_k55",844,53
"inflect_ward_k55",845,53
"inflect_ward_k55",846,53
"inflect_ward_k55",847,53
"inflect_ward_k55",848,35
"inflect_ward_k55",849,54
"inflect_ward_k55",850,54
"inflect_ward_k55",851,54
"inflect_ward_k55",852,55
"inflect_ward_k55",853,55
"inflect_ward_k55",854,55
"inflect_ward_k55",855,55
"inflect_ward_k55",856,55
"inflect_ward_k55",857,46
"inflect_ward_k55",858,46
"inflect_ward_k55",859,46
"inflect_ward_k55",860,46
"inflect_ward_k55",861,46
"inflect_ward_k55",862,46
"inflect_ward_k55",863,46
"inflect_ward_k55",864,46
"inflect_ward_k55",865,46
"inflect_ward_k55",866,49
"inflect_ward_k55",867,49
"inflect_ward_k55",868,49
"inflect_ward_k55",869,49
"inflect_ward_k55",870,49
"inflect_ward_k55",871,53
"inflect_ward_k55",872,53
"inflect_ward_k55",873,53
"inflect_ward_k55",874,53
"inflect_ward_k55",875,53
"inflect_ward_k55",876,53
"inflect_ward_k55",877,53
"inflect_ward_k55",878,53
"inflect_ward_k55",879,53
"inflect_ward_k55",880,53
"inflect_ward_k55",881,54
"inflect_ward_k55",882,54
"inflect_ward_k55",883,55
"inflect_ward_k55",884,55
"inflect_ward_k55",885,55
"inflect_ward_k55",886,55
"inflect_ward_k55",887,55
"inflect_ward_k55",888,46
"inflect_ward_k55",889,46
"inflect_ward_k55",890,46
"inflect_ward_k55",891,46
"inflect_ward_k55",892,46
"inflect_ward_k55",893,46
"inflect_ward_k55",894,46
"inflect_ward_k55",895,46
"inflect_ward_k55",896,46
"inflect_ward_k55",897,49
"inflect_ward_k55",898,49
"inflect_ward_k55",899,49
"inflect_ward_k55",900,49
"inflect_ward_k60",1,1
"inflect_ward_k60",2,1
"inflect_ward_k60",3,1
"inflect_ward_k60",4,2
"inflect_ward_k60",5,2
"inflect_ward_k60",6,2
"inflect_ward_k60",7,3
"inflect_ward_k60",8,3
"inflect_ward_k60",9,3
"inflect_ward_k60",10,3
"inflect_ward_k60",11,4
"inflect_ward_k60",12,4
"inflect_ward_k60",13,5
"inflect_ward_k60",14,5
"inflect_ward_k60",15,5
"inflect_ward_k60",16,6
"inflect_ward_k60",17,6
"inflect_ward_k60",18,7
"inflect_ward_k60",19,7
"inflect_ward_k60",20,8
"inflect_ward_k60",21,8
"inflect_ward_k60",22,8
"inflect_ward_k60",23,9
"inflect_ward_k60",24,9
"inflect_ward_k60",25,9
"inflect_ward_k60",26,9
"inflect_ward_k60",27,10
"inflect_ward_k60",28,10
"inflect_ward_k60",29,11
"inflect_ward_k60",30,11
"inflect_ward_k60",31,1
"inflect_ward_k60",32,1
"inflect_ward_k60",33,1
"inflect_ward_k60",34,12
"inflect_ward_k60",35,2
"inflect_ward_k60",36,2
"inflect_ward_k60",37,2
"inflect_ward_k60",38,3
"inflect_ward_k60",39,3
"inflect_ward_k60",40,4
"inflect_ward_k60",41,3
"inflect_ward_k60",42,4
"inflect_ward_k60",43,4
"inflect_ward_k60",44,5
"inflect_ward_k60",45,5
"inflect_ward_k60",46,6
"inflect_ward_k60",47,6
"inflect_ward_k60",48,7
"inflect_ward_k60",49,7
"inflect_ward_k60",50,7
"inflect_ward_k60",51,8
"inflect_ward_k60",52,8
"inflect_ward_k60",53,9
"inflect_ward_k60",54,9
"inflect_ward_k60",55,9
"inflect_ward_k60",56,9
"inflect_ward_k60",57,9
"inflect_ward_k60",58,10
"inflect_ward_k60",59,11
"inflect_ward_k60",60,11
"inflect_ward_k60",61,13
"inflect_ward_k60",62,1
"inflect_ward_k60",63,1
"inflect_ward_k60",64,12
"inflect_ward_k60",65,2
"inflect_ward_k60",66,2
"inflect_ward_k60",67,14
"inflect_ward_k60",68,3
"inflect_ward_k60",69,4
"inflect_ward_k60",70,3
"inflect_ward_k60",71,4
"inflect_ward_k60",72,4
"inflect_ward_k60",73,3
"inflect_ward_k60",74,5
"inflect_ward_k60",75,5
"inflect_ward_k60",76,6
"inflect_ward_k60",77,6
"inflect_ward_k60",78,7
"inflect_ward_k60",79,15
"inflect_ward_k60",80,7
"inflect_ward_k60",81,7
"inflect_ward_k60",82,9
"inflect_ward_k60",83,9
"inflect_ward_k60",84,16
"inflect_ward_k60",85,16
"inflect_ward_k60",86,17
"inflect_ward_k60",87,17
"inflect_ward_k60",88,11
"inflect_ward_k60",89,11
"inflect_ward_k60",90,11
"inflect_ward_k60",91,1
"inflect_ward_k60",92,12
"inflect_ward_k60",93,12
"inflect_ward_k60",94,12
"inflect_ward_k60",95,12
"inflect_ward_k60",96,12
"inflect_ward_k60",97,14
"inflect_ward_k60",98,3
"inflect_ward_k60",99,3
"inflect_ward_k60",100,3
"inflect_ward_k60",101,4
"inflect_ward_k60",102,4
"inflect_ward_k60",103,4
"inflect_ward_k60",104,3
"inflect_ward_k60",105,5
"inflect_ward_k60",106,18
"inflect_ward_k60",107,6
"inflect_ward_k60",108,6
"inflect_ward_k60",109,15
"inflect_ward_k60",110,7
"inflect_ward_k60",111,7
"inflect_ward_k60",112,7
"inflect_ward_k60",113,16
"inflect_ward_k60",114,16
"inflect_ward_k60",115,16
"inflect_ward_k60",116,17
"inflect_ward_k60",117,17
"inflect_ward_k60",118,11
"inflect_ward_k60",119,11
"inflect_ward_k60",120,11
"inflect_ward_k60",121,19
"inflect_ward_k60",122,12
"inflect_ward_k60",123,12
"inflect_ward_k60",124,12
"inflect_ward_k60",125,14
"inflect_ward_k60",126,13
"inflect_ward_k60",127,14
"inflect_ward_k60",128,13
"inflect_ward_k60",129,3
"inflect_ward_k60",130,20
"inflect_ward_k60",131,20
"inflect_ward_k60",132,20
"inflect_ward_k60",133,3
"inflect_ward_k60",134,21
"inflect_ward_k60",135,18
"inflect_ward_k60",136,18
"inflect_ward_k60",137,18
"inflect_ward_k60",138,6
"inflect_ward_k60",139,6
"inflect_ward_k60",140,7
"inflect_ward_k60",141,22
"inflect_ward_k60",142,22
"inflect_ward_k60",143,16
"inflect_ward_k60",144,16
"inflect_ward_k60",145,17
"inflect_ward_k60",146,17
"inflect_ward_k60",147,15
"inflect_ward_k60",148,23
"inflect_ward_k60",149,11
"inflect_ward_k60",150,23
"inflect_ward_k60",151,19
"inflect_ward_k60",152,19
"inflect_ward_k60",153,19
"inflect_ward_k60",154,12
"inflect_ward_k60",155,14
"inflect_ward_k60",156,13
"inflect_ward_k60",157,13
"inflect_ward_k60",158,13
"inflect_ward_k60",159,24
"inflect_ward_k60",160,24
"inflect_ward_k60",161,20
"inflect_ward_k60",162,20
"inflect_ward_k60",163,20
"inflect_ward_k60",164,21
"inflect_ward_k60",165,25
"inflect_ward_k60",166,18
"inflect_ward_k60",167,18
"inflect_ward_k60",168,26
"inflect_ward_k60",169,26
"inflect_ward_k60",170,26
"inflect_ward_k60",171,22
"inflect_ward_k60",172,22
"inflect_ward_k60",173,22
"inflect_ward_k60",174,16
"inflect_ward_k60",175,17
"inflect_ward_k60",176,17
"inflect_ward_k60",177,15
"inflect_ward_k60",178,23
"inflect_ward_k60",179,23
"inflect_ward_k60",180,23
"inflect_ward_k60",181,27
"inflect_ward_k60",182,19
"inflect_ward_k60",183,19
"inflect_ward_k60",184,28
"inflect_ward_k60",185,28
"inflect_ward_k60",186,28
"inflect_ward_k60",187,28
"inflect_ward_k60",188,24
"inflect_ward_k60",189,24
"inflect_ward_k60",190,20
"inflect_ward_k60",191,29
"inflect_ward_k60",192,29
"inflect_ward_k60",193,25
"inflect_ward_k60",194,25
"inflect_ward_k60",195,18
"inflect_ward_k60",196,30
"inflect_ward_k60",197,26
"inflect_ward_k60",198,26
"inflect_ward_k60",199,26
"inflect_ward_k60",200,26
"inflect_ward_k60",201,22
"inflect_ward_k60",202,22
"inflect_ward_k60",203,22
"inflect_ward_k60",204,17
"inflect_ward_k60",205,17
"inflect_ward_k60",206,17
"inflect_ward_k60",207,23
"inflect_ward_k60",208,23
"inflect_ward_k60",209,23
"inflect_ward_k60",210,23
"inflect_ward_k60",211,27
"inflect_ward_k60",212,27
"inflect_ward_k60",213,31
"inflect_ward_k60",214,19
"inflect_ward_k60",215,32
"inflect_ward_k60",216,28
"inflect_ward_k60",217,28
"inflect_ward_k60",218,28
"inflect_ward_k60",219,24
"inflect_ward_k60",220,14
"inflect_ward_k60",221,29
"inflect_ward_k60",222,29
"inflect_ward_k60",223,29
"inflect_ward_k60",224,25
"inflect_ward_k60",225,30
"inflect_ward_k60",226,33
"inflect_ward_k60",227,33
"inflect_ward_k60",228,33
"inflect_ward_k60",229,26
"inflect_ward_k60",230,26
"inflect_ward_k60",231,22
"inflect_ward_k60",232,34
"inflect_ward_k60",233,34
"inflect_ward_k60",234,34
"inflect_ward_k60",235,17
"inflect_ward_k60",236,23
"inflect_ward_k60",237,23
"inflect_ward_k60",238,23
"inflect_ward_k60",239,23
"inflect_ward_k60",240,23
"inflect_ward_k60",241,27
"inflect_ward_k60",242,27
"inflect_ward_k60",243,27
"inflect_ward_k60",244,32
"inflect_ward_k60",245,32
"inflect_ward_k60",246,28
"inflect_ward_k60",247,28
"inflect_ward_k60",248,28
"inflect_ward_k60",249,14
"inflect_ward_k60",250,35
"inflect_ward_k60",251,35
"inflect_ward_k60",252,35
"inflect_ward_k60",253,26
"inflect_ward_k60",254,36
"inflect_ward_k60",255,33
"inflect_ward_k60",256,33
"inflect_ward_k60",257,33
"inflect_ward_k60",258,33
"inflect_ward_k60",259,37
"inflect_ward_k60",260,38
"inflect_ward_k60",261,34
"inflect_ward_k60",262,34
"inflect_ward_k60",263,34
"inflect_ward_k60",264,11
"inflect_ward_k60",265,11
"inflect_ward_k60",266,23
"inflect_ward_k60",267,23
"inflect_ward_k60",268,39
"inflect_ward_k60",269,23
"inflect_ward_k60",270,23
"inflect_ward_k60",271,27
"inflect_ward_k60",272,27
"inflect_ward_k60",273,27
"inflect_ward_k60",274,31
"inflect_ward_k60",275,32
"inflect_ward_k60",276,28
"inflect_ward_k60",277,28
"inflect_ward_k60",278,14
"inflect_ward_k60",279,14
"inflect_ward_k60",280,35
"inflect_ward_k60",281,35
"inflect_ward_k60",282,35
"inflect_ward_k60",283,26
"inflect_ward_k60",284,36
"inflect_ward_k60",285,36
"inflect_ward_k60",286,33
"inflect_ward_k60",287,33
"inflect_ward_k60",288,33
"inflect_ward_k60",289,37
"inflect_ward_k60",290,37
"inflect_ward_k60",291,37
"inflect_ward_k60",292,34
"inflect_ward_k60",293,34
"inflect_ward_k60",294,34
"inflect_ward_k60",295,23
"inflect_ward_k60",296,23
"inflect_ward_k60",297,23
"inflect_ward_k60",298,39
"inflect_ward_k60",299,23
"inflect_ward_k60",300,23
"inflect_ward_k60",301,27
"inflect_ward_k60",302,40
"inflect_ward_k60",303,40
"inflect_ward_k60",304,40
"inflect_ward_k60",305,31
"inflect_ward_k60",306,32
"inflect_ward_k60",307,28
"inflect_ward_k60",308,14
"inflect_ward_k60",309,41
"inflect_ward_k60",310,6
"inflect_ward_k60",311,35
"inflect_ward_k60",312,35
"inflect_ward_k60",313,30
"inflect_ward_k60",314,36
"inflect_ward_k60",315,33
"inflect_ward_k60",316,33
"inflect_ward_k60",317,42
"inflect_ward_k60",318,42
"inflect_ward_k60",319,42
"inflect_ward_k60",320,37
"inflect_ward_k60",321,42
"inflect_ward_k60",322,34
"inflect_ward_k60",323,34
"inflect_ward_k60",324,23
"inflect_ward_k60",325,23
"inflect_ward_k60",326,39
"inflect_ward_k60",327,39
"inflect_ward_k60",328,39
"inflect_ward_k60",329,39
"inflect_ward_k60",330,23
"inflect_ward_k60",331,27
"inflect_ward_k60",332,40
"inflect_ward_k60",333,40
"inflect_ward_k60",334,40
"inflect_ward_k60",335,40
"inflect_ward_k60",336,43
"inflect_ward_k60",337,44
"inflect_ward_k60",338,43
"inflect_ward_k60",339,45
"inflect_ward_k60",340,45
"inflect_ward_k60",341,18
"inflect_ward_k60",342,35
"inflect_ward_k60",343,37
"inflect_ward_k60",344,46
"inflect_ward_k60",345,46
"inflect_ward_k60",346,42
"inflect_ward_k60",347,42
"inflect_ward_k60",348,42
"inflect_ward_k60",349,42
"inflect_ward_k60",350,42
"inflect_ward_k60",351,42
"inflect_ward_k60",352,42
"inflect_ward_k60",353,23
"inflect_ward_k60",354,23
"inflect_ward_k60",355,23
"inflect_ward_k60",356,39
"inflect_ward_k60",357,39
"inflect_ward_k60",358,39
"inflect_ward_k60",359,23
"inflect_ward_k60",360,47
"inflect_ward_k60",361,27
"inflect_ward_k60",362,40
"inflect_ward_k60",363,40
"inflect_ward_k60",364,48
"inflect_ward_k60",365,49
"inflect_ward_k60",366,44
"inflect_ward_k60",367,44
"inflect_ward_k60",368,43
"inflect_ward_k60",369,45
"inflect_ward_k60",370,31
"inflect_ward_k60",371,30
"inflect_ward_k60",372,30
"inflect_ward_k60",373,46
"inflect_ward_k60",374,46
"inflect_ward_k60",375,50
"inflect_ward_k60",376,42
"inflect_ward_k60",377,51
"inflect_ward_k60",378,42
"inflect_ward_k60",379,42
"inflect_ward_k60",380,42
"inflect_ward_k60",381,42
"inflect_ward_k60",382,42
"inflect_ward_k60",383,47
"inflect_ward_k60",384,39
"inflect_ward_k60",385,39
"inflect_ward_k60",386,39
"inflect_ward_k60",387,39
"inflect_ward_k60",388,39
"inflect_ward_k60",389,47
"inflect_ward_k60",390,47
"inflect_ward_k60",391,52
"inflect_ward_k60",392,52
"inflect_ward_k60",393,52
"inflect_ward_k60",394,52
"inflect_ward_k60",395,49
"inflect_ward_k60",396,49
"inflect_ward_k60",397,49
"inflect_ward_k60",398,44
"inflect_ward_k60",399,43
"inflect_ward_k60",400,31
"inflect_ward_k60",401,36
"inflect_ward_k60",402,36
"inflect_ward_k60",403,46
"inflect_ward_k60",404,50
"inflect_ward_k60",405,50
"inflect_ward_k60",406,50
"inflect_ward_k60",407,51
"inflect_ward_k60",408,42
"inflect_ward_k60",409,42
"inflect_ward_k60",410,53
"inflect_ward_k60",411,42
"inflect_ward_k60",412,42
"inflect_ward_k60",413,42
"inflect_ward_k60",414,39
"inflect_ward_k60",415,39
"inflect_ward_k60",416,39
"inflect_ward_k60",417,39
"inflect_ward_k60",418,39
"inflect_ward_k60",419,39
"inflect_ward_k60",420,47
"inflect_ward_k60",421,52
"inflect_ward_k60",422,52
"inflect_ward_k60",423,52
"inflect_ward_k60",424,52
"inflect_ward_k60",425,49
"inflect_ward_k60",426,49
"inflect_ward_k60",427,49
"inflect_ward_k60",428,49
"inflect_ward_k60",429,43
"inflect_ward_k60",430,36
"inflect_ward_k60",431,36
"inflect_ward_k60",432,36
"inflect_ward_k60",433,50
"inflect_ward_k60",434,50
"inflect_ward_k60",435,50
"inflect_ward_k60",436,50
"inflect_ward_k60",437,50
"inflect_ward_k60",438,51
"inflect_ward_k60",439,51
"inflect_ward_k60",440,51
"inflect_ward_k60",441,51
"inflect_ward_k60",442,51
"inflect_ward_k60",443,39
"inflect_ward_k60",444,39
"inflect_ward_k60",445,39
"inflect_ward_k60",446,39
"inflect_ward_k60",447,39
"inflect_ward_k60",448,39
"inflect_ward_k60",449,39
"inflect_ward_k60",450,39
"inflect_ward_k60",451,52
"inflect_ward_k60",452,52
"inflect_ward_k60",453,52
"inflect_ward_k60",454,52
"inflect_ward_k60",455,49
"inflect_ward_k60",456,49
"inflect_ward_k60",457,49
"inflect_ward_k60",458,49
"inflect_ward_k60",459,49
"inflect_ward_k60",460,36
"inflect_ward_k60",461,36
"inflect_ward_k60",462,36
"inflect_ward_k60",463,36
"inflect_ward_k60",464,50
"inflect_ward_k60",465,50
"inflect_ward_k60",466,51
"inflect_ward_k60",467,51
"inflect_ward_k60",468,51
"inflect_ward_k60",469,53
"inflect_ward_k60",470,51
"inflect_ward_k60",471,51
"inflect_ward_k60",472,51
"inflect_ward_k60",473,23
"inflect_ward_k60",474,39
"inflect_ward_k60",475,39
"inflect_ward_k60",476,39
"inflect_ward_k60",477,39
"inflect_ward_k60",478,39
"inflect_ward_k60",479,39
"inflect_ward_k60",480,39
"inflect_ward_k60",481,52
"inflect_ward_k60",482,52
"inflect_ward_k60",483,52
"inflect_ward_k60",484,52
"inflect_ward_k60",485,52
"inflect_ward_k60",486,49
"inflect_ward_k60",487,49
"inflect_ward_k60",488,49
"inflect_ward_k60",489,54
"inflect_ward_k60",490,36
"inflect_ward_k60",491,36
"inflect_ward_k60",492,36
"inflect_ward_k60",493,50
"inflect_ward_k60",494,50
"inflect_ward_k60",495,50
"inflect_ward_k60",496,51
"inflect_ward_k60",497,51
"inflect_ward_k60",498,51
"inflect_ward_k60",499,51
"inflect_ward_k60",500,51
"inflect_ward_k60",501,51
"inflect_ward_k60",502,51
"inflect_ward_k60",503,39
"inflect_ward_k60",504,39
"inflect_ward_k60",505,39
"inflect_ward_k60",506,39
"inflect_ward_k60",507,39
"inflect_ward_k60",508,39
"inflect_ward_k60",509,39
"inflect_ward_k60",510,39
"inflect_ward_k60",511,52
"inflect_ward_k60",512,52
"inflect_ward_k60",513,52
"inflect_ward_k60",514,52
"inflect_ward_k60",515,52
"inflect_ward_k60",516,52
"inflect_ward_k60",517,52
"inflect_ward_k60",518,52
"inflect_ward_k60",519,48
"inflect_ward_k60",520,54
"inflect_ward_k60",521,54
"inflect_ward_k60",522,55
"inflect_ward_k60",523,50
"inflect_ward_k60",524,50
"inflect_ward_k60",525,50
"inflect_ward_k60",526,50
"inflect_ward_k60",527,51
"inflect_ward_k60",528,51
"inflect_ward_k60",529,51
"inflect_ward_k60",530,51
"inflect_ward_k60",531,51
"inflect_ward_k60",532,51
"inflect_ward_k60",533,23
"inflect_ward_k60",534,39
"inflect_ward_k60",535,39
"inflect_ward_k60",536,39
"inflect_ward_k60",537,39
"inflect_ward_k60",538,39
"inflect_ward_k60",539,39
"inflect_ward_k60",540,39
"inflect_ward_k60",541,52
"inflect_ward_k60",542,52
"inflect_ward_k60",543,52
"inflect_ward_k60",544,52
"inflect_ward_k60",545,52
"inflect_ward_k60",546,52
"inflect_ward_k60",547,52
"inflect_ward_k60",548,52
"inflect_ward_k60",549,48
"inflect_ward_k60",550,54
"inflect_ward_k60",551,54
"inflect_ward_k60",552,50
"inflect_ward_k60",553,50
"inflect_ward_k60",554,56
"inflect_ward_k60",555,50
"inflect_ward_k60",556,51
"inflect_ward_k60",557,50
"inflect_ward_k60",558,51
"inflect_ward_k60",559,51
"inflect_ward_k60",560,51
"inflect_ward_k60",561,51
"inflect_ward_k60",562,56
"inflect_ward_k60",563,23
"inflect_ward_k60",564,39
"inflect_ward_k60",565,39
"inflect_ward_k60",566,39
"inflect_ward_k60",567,39
"inflect_ward_k60",568,39
"inflect_ward_k60",569,39
"inflect_ward_k60",570,39
"inflect_ward_k60",571,52
"inflect_ward_k60",572,52
"inflect_ward_k60",573,52
"inflect_ward_k60",574,52
"inflect_ward_k60",575,52
"inflect_ward_k60",576,52
"inflect_ward_k60",577,52
"inflect_ward_k60",578,52
"inflect_ward_k60",579,52
"inflect_ward_k60",580,54
"inflect_ward_k60",581,54
"inflect_ward_k60",582,54
"inflect_ward_k60",583,56
"inflect_ward_k60",584,56
"inflect_ward_k60",585,50
"inflect_ward_k60",586,50
"inflect_ward_k60",587,50
"inflect_ward_k60",588,56
"inflect_ward_k60",589,56
"inflect_ward_k60",590,56
"inflect_ward_k60",591,56
"inflect_ward_k60",592,56
"inflect_ward_k60",593,56
"inflect_ward_k60",594,23
"inflect_ward_k60",595,39
"inflect_ward_k60",596,39
"inflect_ward_k60",597,39
"inflect_ward_k60",598,39
"inflect_ward_k60",599,39
"inflect_ward_k60",600,39
"inflect_ward_k60",601,52
"inflect_ward_k60",602,52
"inflect_ward_k60",603,52
"inflect_ward_k60",604,52
"inflect_ward_k60",605,52
"inflect_ward_k60",606,52
"inflect_ward_k60",607,52
"inflect_ward_k60",608,52
"inflect_ward_k60",609,48
"inflect_ward_k60",610,48
"inflect_ward_k60",611,48
"inflect_ward_k60",612,56
"inflect_ward_k60",613,56
"inflect_ward_k60",614,56
"inflect_ward_k60",615,56
"inflect_ward_k60",616,56
"inflect_ward_k60",617,56
"inflect_ward_k60",618,56
"inflect_ward_k60",619,56
"inflect_ward_k60",620,56
"inflect_ward_k60",621,56
"inflect_ward_k60",622,56
"inflect_ward_k60",623,56
"inflect_ward_k60",624,39
"inflect_ward_k60",625,39
"inflect_ward_k60",626,39
"inflect_ward_k60",627,39
"inflect_ward_k60",628,39
"inflect_ward_k60",629,39
"inflect_ward_k60",630,39
"inflect_ward_k60",631,52
"inflect_ward_k60",632,52
"inflect_ward_k60",633,52
"inflect_ward_k60",634,52
"inflect_ward_k60",635,52
"inflect_ward_k60",636,52
"inflect_ward_k60",637,48
"inflect_ward_k60",638,48
"inflect_ward_k60",639,48
"inflect_ward_k60",640,48
"inflect_ward_k60",641,48
"inflect_ward_k60",642,56
"inflect_ward_k60",643,56
"inflect_ward_k60",644,56
"inflect_ward_k60",645,56
"inflect_ward_k60",646,56
"inflect_ward_k60",647,56
"inflect_ward_k60",648,56
"inflect_ward_k60",649,56
"inflect_ward_k60",650,56
"inflect_ward_k60",651,56
"inflect_ward_k60",652,56
"inflect_ward_k60",653,56
"inflect_ward_k60",654,23
"inflect_ward_k60",655,23
"inflect_ward_k60",656,39
"inflect_ward_k60",657,39
"inflect_ward_k60",658,39
"inflect_ward_k60",659,39
"inflect_ward_k60",660,39
"inflect_ward_k60",661,52
"inflect_ward_k60",662,52
"inflect_ward_k60",663,52
"inflect_ward_k60",664,52
"inflect_ward_k60",665,52
"inflect_ward_k60",666,48
"inflect_ward_k60",667,48
"inflect_ward_k60",668,48
"inflect_ward_k60",669,48
"inflect_ward_k60",670,48
"inflect_ward_k60",671,40
"inflect_ward_k60",672,56
"inflect_ward_k60",673,56
"inflect_ward_k60",674,56
"inflect_ward_k60",675,56
"inflect_ward_k60",676,56
"inflect_ward_k60",677,56
"inflect_ward_k60",678,56
"inflect_ward_k60",679,56
"inflect_ward_k60",680,56
"inflect_ward_k60",681,56
"inflect_ward_k60",682,56
"inflect_ward_k60",683,56
"inflect_ward_k60",684,23
"inflect_ward_k60",685,23
"inflect_ward_k60",686,23
"inflect_ward_k60",687,39
"inflect_ward_k60",688,39
"inflect_ward_k60",689,39
"inflect_ward_k60",690,39
"inflect_ward_k60",691,52
"inflect_ward_k60",692,52
"inflect_ward_k60",693,52
"inflect_ward_k60",694,52
"inflect_ward_k60",695,52
"inflect_ward_k60",696,48
"inflect_ward_k60",697,54
"inflect_ward_k60",698,57
"inflect_ward_k60",699,57
"inflect_ward_k60",700,38
"inflect_ward_k60",701,55
"inflect_ward_k60",702,56
"inflect_ward_k60",703,56
"inflect_ward_k60",704,56
"inflect_ward_k60",705,56
"inflect_ward_k60",706,56
"inflect_ward_k60",707,56
"inflect_ward_k60",708,56
"inflect_ward_k60",709,56
"inflect_ward_k60",710,56
"inflect_ward_k60",711,56
"inflect_ward_k60",712,50
"inflect_ward_k60",713,50
"inflect_ward_k60",714,50
"inflect_ward_k60",715,50
"inflect_ward_k60",716,23
"inflect_ward_k60",717,23
"inflect_ward_k60",718,23
"inflect_ward_k60",719,39
"inflect_ward_k60",720,39
"inflect_ward_k60",721,54
"inflect_ward_k60",722,54
"inflect_ward_k60",723,38
"inflect_ward_k60",724,58
"inflect_ward_k60",725,57
"inflect_ward_k60",726,57
"inflect_ward_k60",727,57
"inflect_ward_k60",728,57
"inflect_ward_k60",729,57
"inflect_ward_k60",730,57
"inflect_ward_k60",731,57
"inflect_ward_k60",732,56
"inflect_ward_k60",733,56
"inflect_ward_k60",734,56
"inflect_ward_k60",735,56
"inflect_ward_k60",736,56
"inflect_ward_k60",737,56
"inflect_ward_k60",738,56
"inflect_ward_k60",739,56
"inflect_ward_k60",740,56
"inflect_ward_k60",741,56
"inflect_ward_k60",742,50
"inflect_ward_k60",743,50
"inflect_ward_k60",744,50
"inflect_ward_k60",745,56
"inflect_ward_k60",746,50
"inflect_ward_k60",747,56
"inflect_ward_k60",748,56
"inflect_ward_k60",749,53
"inflect_ward_k60",750,41
"inflect_ward_k60",751,58
"inflect_ward_k60",752,58
"inflect_ward_k60",753,58
"inflect_ward_k60",754,58
"inflect_ward_k60",755,58
"inflect_ward_k60",756,58
"inflect_ward_k60",757,57
"inflect_ward_k60",758,57
"inflect_ward_k60",759,57
"inflect_ward_k60",760,57
"inflect_ward_k60",761,57
"inflect_ward_k60",762,56
"inflect_ward_k60",763,56
"inflect_ward_k60",764,56
"inflect_ward_k60",765,56
"inflect_ward_k60",766,56
"inflect_ward_k60",767,56
"inflect_ward_k60",768,56
"inflect_ward_k60",769,50
"inflect_ward_k60",770,56
"inflect_ward_k60",771,56
"inflect_ward_k60",772,50
"inflect_ward_k60",773,50
"inflect_ward_k60",774,50
"inflect_ward_k60",775,50
"inflect_ward_k60",776,50
"inflect_ward_k60",777,56
"inflect_ward_k60",778,56
"inflect_ward_k60",779,53
"inflect_ward_k60",780,53
"inflect_ward_k60",781,58
"inflect_ward_k60",782,58
"inflect_ward_k60",783,58
"inflect_ward_k60",784,58
"inflect_ward_k60",785,58
"inflect_ward_k60",786,58
"inflect_ward_k60",787,57
"inflect_ward_k60",788,57
"inflect_ward_k60",789,57
"inflect_ward_k60",790,57
"inflect_ward_k60",791,59
"inflect_ward_k60",792,56
"inflect_ward_k60",793,56
"inflect_ward_k60",794,56
"inflect_ward_k60",795,56
"inflect_ward_k60",796,56
"inflect_ward_k60",797,56
"inflect_ward_k60",798,56
"inflect_ward_k60",799,56
"inflect_ward_k60",800,56
"inflect_ward_k60",801,56
"inflect_ward_k60",802,50
"inflect_ward_k60",803,50
"inflect_ward_k60",804,50
"inflect_ward_k60",805,50
"inflect_ward_k60",806,50
"inflect_ward_k60",807,53
"inflect_ward_k60",808,53
"inflect_ward_k60",809,53
"inflect_ward_k60",810,53
"inflect_ward_k60",811,58
"inflect_ward_k60",812,58
"inflect_ward_k60",813,58
"inflect_ward_k60",814,58
"inflect_ward_k60",815,58
"inflect_ward_k60",816,58
"inflect_ward_k60",817,58
"inflect_ward_k60",818,57
"inflect_ward_k60",819,58
"inflect_ward_k60",820,59
"inflect_ward_k60",821,59
"inflect_ward_k60",822,60
"inflect_ward_k60",823,60
"inflect_ward_k60",824,60
"inflect_ward_k60",825,60
"inflect_ward_k60",826,60
"inflect_ward_k60",827,56
"inflect_ward_k60",828,56
"inflect_ward_k60",829,56
"inflect_ward_k60",830,56
"inflect_ward_k60",831,50
"inflect_ward_k60",832,50
"inflect_ward_k60",833,50
"inflect_ward_k60",834,50
"inflect_ward_k60",835,50
"inflect_ward_k60",836,50
"inflect_ward_k60",837,53
"inflect_ward_k60",838,53
"inflect_ward_k60",839,53
"inflect_ward_k60",840,53
"inflect_ward_k60",841,58
"inflect_ward_k60",842,58
"inflect_ward_k60",843,58
"inflect_ward_k60",844,58
"inflect_ward_k60",845,58
"inflect_ward_k60",846,58
"inflect_ward_k60",847,58
"inflect_ward_k60",848,57
"inflect_ward_k60",849,59
"inflect_ward_k60",850,59
"inflect_ward_k60",851,59
"inflect_ward_k60",852,60
"inflect_ward_k60",853,60
"inflect_ward_k60",854,60
"inflect_ward_k60",855,60
"inflect_ward_k60",856,60
"inflect_ward_k60",857,50
"inflect_ward_k60",858,50
"inflect_ward_k60",859,50
"inflect_ward_k60",860,50
"inflect_ward_k60",861,50
"inflect_ward_k60",862,50
"inflect_ward_k60",863,50
"inflect_ward_k60",864,50
"inflect_ward_k60",865,50
"inflect_ward_k60",866,53
"inflect_ward_k60",867,53
"inflect_ward_k60",868,53
"inflect_ward_k60",869,53
"inflect_ward_k60",870,53
"inflect_ward_k60",871,58
"inflect_ward_k60",872,58
"inflect_ward_k60",873,58
"inflect_ward_k60",874,58
"inflect_ward_k60",875,58
"inflect_ward_k60",876,58
"inflect_ward_k60",877,58
"inflect_ward_k60",878,58
"inflect_ward_k60",879,58
"inflect_ward_k60",880,58
"inflect_ward_k60",881,59
"inflect_ward_k60",882,59
"inflect_ward_k60",883,60
"inflect_ward_k60",884,60
"inflect_ward_k60",885,60
"inflect_ward_k60",886,60
"inflect_ward_k60",887,60
"inflect_ward_k60",888,50
"inflect_ward_k60",889,50
"inflect_ward_k60",890,50
"inflect_ward_k60",891,50
"inflect_ward_k60",892,50
"inflect_ward_k60",893,50
"inflect_ward_k60",894,50
"inflect_ward_k60",895,50
"inflect_ward_k60",896,50
"inflect_ward_k60",897,53
"inflect_ward_k60",898,53
"inflect_ward_k60",899,53
"inflect_ward_k60",900,53
"inflect_ward_k62",1,1
"inflect_ward_k62",2,1
"inflect_ward_k62",3,1
"inflect_ward_k62",4,2
"inflect_ward_k62",5,2
"inflect_ward_k62",6,2
"inflect_ward_k62",7,3
"inflect_ward_k62",8,3
"inflect_ward_k62",9,3
"inflect_ward_k62",10,3
"inflect_ward_k62",11,4
"inflect_ward_k62",12,4
"inflect_ward_k62",13,5
"inflect_ward_k62",14,5
"inflect_ward_k62",15,5
"inflect_ward_k62",16,6
"inflect_ward_k62",17,6
"inflect_ward_k62",18,7
"inflect_ward_k62",19,7
"inflect_ward_k62",20,8
"inflect_ward_k62",21,8
"inflect_ward_k62",22,8
"inflect_ward_k62",23,9
"inflect_ward_k62",24,9
"inflect_ward_k62",25,9
"inflect_ward_k62",26,9
"inflect_ward_k62",27,10
"inflect_ward_k62",28,10
"inflect_ward_k62",29,11
"inflect_ward_k62",30,11
"inflect_ward_k62",31,1
"inflect_ward_k62",32,1
"inflect_ward_k62",33,1
"inflect_ward_k62",34,12
"inflect_ward_k62",35,2
"inflect_ward_k62",36,2
"inflect_ward_k62",37,2
"inflect_ward_k62",38,3
"inflect_ward_k62",39,3
"inflect_ward_k62",40,4
"inflect_ward_k62",41,3
"inflect_ward_k62",42,4
"inflect_ward_k62",43,4
"inflect_ward_k62",44,5
"inflect_ward_k62",45,5
"inflect_ward_k62",46,6
"inflect_ward_k62",47,6
"inflect_ward_k62",48,7
"inflect_ward_k62",49,7
"inflect_ward_k62",50,7
"inflect_ward_k62",51,8
"inflect_ward_k62",52,8
"inflect_ward_k62",53,9
"inflect_ward_k62",54,9
"inflect_ward_k62",55,9
"inflect_ward_k62",56,9
"inflect_ward_k62",57,9
"inflect_ward_k62",58,10
"inflect_ward_k62",59,11
"inflect_ward_k62",60,11
"inflect_ward_k62",61,13
"inflect_ward_k62",62,1
"inflect_ward_k62",63,1
"inflect_ward_k62",64,12
"inflect_ward_k62",65,2
"inflect_ward_k62",66,2
"inflect_ward_k62",67,14
"inflect_ward_k62",68,3
"inflect_ward_k62",69,4
"inflect_ward_k62",70,3
"inflect_ward_k62",71,4
"inflect_ward_k62",72,4
"inflect_ward_k62",73,3
"inflect_ward_k62",74,5
"inflect_ward_k62",75,5
"inflect_ward_k62",76,6
"inflect_ward_k62",77,6
"inflect_ward_k62",78,7
"inflect_ward_k62",79,15
"inflect_ward_k62",80,7
"inflect_ward_k62",81,7
"inflect_ward_k62",82,9
"inflect_ward_k62",83,9
"inflect_ward_k62",84,16
"inflect_ward_k62",85,16
"inflect_ward_k62",86,17
"inflect_ward_k62",87,17
"inflect_ward_k62",88,11
"inflect_ward_k62",89,11
"inflect_ward_k62",90,11
"inflect_ward_k62",91,1
"inflect_ward_k62",92,12
"inflect_ward_k62",93,12
"inflect_ward_k62",94,12
"inflect_ward_k62",95,12
"inflect_ward_k62",96,12
"inflect_ward_k62",97,14
"inflect_ward_k62",98,3
"inflect_ward_k62",99,3
"inflect_ward_k62",100,3
"inflect_ward_k62",101,4
"inflect_ward_k62",102,4
"inflect_ward_k62",103,4
"inflect_ward_k62",104,3
"inflect_ward_k62",105,5
"inflect_ward_k62",106,18
"inflect_ward_k62",107,6
"inflect_ward_k62",108,6
"inflect_ward_k62",109,15
"inflect_ward_k62",110,7
"inflect_ward_k62",111,7
"inflect_ward_k62",112,7
"inflect_ward_k62",113,16
"inflect_ward_k62",114,16
"inflect_ward_k62",115,16
"inflect_ward_k62",116,17
"inflect_ward_k62",117,17
"inflect_ward_k62",118,11
"inflect_ward_k62",119,11
"inflect_ward_k62",120,11
"inflect_ward_k62",121,19
"inflect_ward_k62",122,12
"inflect_ward_k62",123,12
"inflect_ward_k62",124,12
"inflect_ward_k62",125,14
"inflect_ward_k62",126,13
"inflect_ward_k62",127,14
"inflect_ward_k62",128,13
"inflect_ward_k62",129,3
"inflect_ward_k62",130,20
"inflect_ward_k62",131,20
"inflect_ward_k62",132,20
"inflect_ward_k62",133,3
"inflect_ward_k62",134,21
"inflect_ward_k62",135,18
"inflect_ward_k62",136,18
"inflect_ward_k62",137,18
"inflect_ward_k62",138,6
"inflect_ward_k62",139,6
"inflect_ward_k62",140,7
"inflect_ward_k62",141,22
"inflect_ward_k62",142,22
"inflect_ward_k62",143,16
"inflect_ward_k62",144,16
"inflect_ward_k62",145,17
"inflect_ward_k62",146,17
"inflect_ward_k62",147,15
"inflect_ward_k62",148,23
"inflect_ward_k62",149,11
"inflect_ward_k62",150,23
"inflect_ward_k62",151,19
"inflect_ward_k62",152,19
"inflect_ward_k62",153,19
"inflect_ward_k62",154,12
"inflect_ward_k62",155,14
"inflect_ward_k62",156,13
"inflect_ward_k62",157,13
"inflect_ward_k62",158,13
"inflect_ward_k62",159,24
"inflect_ward_k62",160,24
"inflect_ward_k62",161,20
"inflect_ward_k62",162,20
"inflect_ward_k62",163,20
"inflect_ward_k62",164,21
"inflect_ward_k62",165,25
"inflect_ward_k62",166,18
"inflect_ward_k62",167,18
"inflect_ward_k62",168,26
"inflect_ward_k62",169,26
"inflect_ward_k62",170,26
"inflect_ward_k62",171,22
"inflect_ward_k62",172,22
"inflect_ward_k62",173,22
"inflect_ward_k62",174,16
"inflect_ward_k62",175,17
"inflect_ward_k62",176,17
"inflect_ward_k62",177,15
"inflect_ward_k62",178,23
"inflect_ward_k62",179,23
"inflect_ward_k62",180,23
"inflect_ward_k62",181,27
"inflect_ward_k62",182,19
"inflect_ward_k62",183,19
"inflect_ward_k62",184,28
"inflect_ward_k62",185,28
"inflect_ward_k62",186,28
"inflect_ward_k62",187,28
"inflect_ward_k62",188,24
"inflect_ward_k62",189,24
"inflect_ward_k62",190,20
"inflect_ward_k62",191,29
"inflect_ward_k62",192,29
"inflect_ward_k62",193,25
"inflect_ward_k62",194,25
"inflect_ward_k62",195,18
"inflect_ward_k62",196,30
"inflect_ward_k62",197,26
"inflect_ward_k62",198,26
"inflect_ward_k62",199,26
"inflect_ward_k62",200,26
"inflect_ward_k62",201,22
"inflect_ward_k62",202,22
"inflect_ward_k62",203,22
"inflect_ward_k62",204,17
"inflect_ward_k62",205,17
"inflect_ward_k62",206,17
"inflect_ward_k62",207,23
"inflect_ward_k62",208,23
"inflect_ward_k62",209,23
"inflect_ward_k62",210,23
"inflect_ward_k62",211,27
"inflect_ward_k62",212,27
"inflect_ward_k62",213,31
"inflect_ward_k62",214,19
"inflect_ward_k62",215,32
"inflect_ward_k62",216,28
"inflect_ward_k62",217,28
"inflect_ward_k62",218,28
"inflect_ward_k62",219,24
"inflect_ward_k62",220,14
"inflect_ward_k62",221,29
"inflect_ward_k62",222,29
"inflect_ward_k62",223,29
"inflect_ward_k62",224,25
"inflect_ward_k62",225,30
"inflect_ward_k62",226,33
"inflect_ward_k62",227,33
"inflect_ward_k62",228,33
"inflect_ward_k62",229,26
"inflect_ward_k62",230,26
"inflect_ward_k62",231,22
"inflect_ward_k62",232,34
"inflect_ward_k62",233,34
"inflect_ward_k62",234,34
"inflect_ward_k62",235,17
"inflect_ward_k62",236,23
"inflect_ward_k62",237,23
"inflect_ward_k62",238,23
"inflect_ward_k62",239,23
"inflect_ward_k62",240,23
"inflect_ward_k62",241,27
"inflect_ward_k62",242,27
"inflect_ward_k62",243,27
"inflect_ward_k62",244,32
"inflect_ward_k62",245,32
"inflect_ward_k62",246,28
"inflect_ward_k62",247,28
"inflect_ward_k62",248,28
"inflect_ward_k62",249,14
"inflect_ward_k62",250,35
"inflect_ward_k62",251,35
"inflect_ward_k62",252,35
"inflect_ward_k62",253,26
"inflect_ward_k62",254,36
"inflect_ward_k62",255,33
"inflect_ward_k62",256,33
"inflect_ward_k62",257,33
"inflect_ward_k62",258,33
"inflect_ward_k62",259,37
"inflect_ward_k62",260,38
"inflect_ward_k62",261,34
"inflect_ward_k62",262,34
"inflect_ward_k62",263,34
"inflect_ward_k62",264,11
"inflect_ward_k62",265,11
"inflect_ward_k62",266,23
"inflect_ward_k62",267,23
"inflect_ward_k62",268,39
"inflect_ward_k62",269,23
"inflect_ward_k62",270,23
"inflect_ward_k62",271,27
"inflect_ward_k62",272,27
"inflect_ward_k62",273,27
"inflect_ward_k62",274,31
"inflect_ward_k62",275,32
"inflect_ward_k62",276,28
"inflect_ward_k62",277,28
"inflect_ward_k62",278,14
"inflect_ward_k62",279,14
"inflect_ward_k62",280,35
"inflect_ward_k62",281,35
"inflect_ward_k62",282,35
"inflect_ward_k62",283,26
"inflect_ward_k62",284,36
"inflect_ward_k62",285,36
"inflect_ward_k62",286,33
"inflect_ward_k62",287,33
"inflect_ward_k62",288,33
"inflect_ward_k62",289,37
"inflect_ward_k62",290,37
"inflect_ward_k62",291,37
"inflect_ward_k62",292,34
"inflect_ward_k62",293,34
"inflect_ward_k62",294,34
"inflect_ward_k62",295,23
"inflect_ward_k62",296,23
"inflect_ward_k62",297,23
"inflect_ward_k62",298,39
"inflect_ward_k62",299,23
"inflect_ward_k62",300,23
"inflect_ward_k62",301,27
"inflect_ward_k62",302,40
"inflect_ward_k62",303,40
"inflect_ward_k62",304,40
"inflect_ward_k62",305,31
"inflect_ward_k62",306,32
"inflect_ward_k62",307,28
"inflect_ward_k62",308,14
"inflect_ward_k62",309,41
"inflect_ward_k62",310,6
"inflect_ward_k62",311,35
"inflect_ward_k62",312,35
"inflect_ward_k62",313,30
"inflect_ward_k62",314,36
"inflect_ward_k62",315,33
"inflect_ward_k62",316,33
"inflect_ward_k62",317,42
"inflect_ward_k62",318,42
"inflect_ward_k62",319,42
"inflect_ward_k62",320,37
"inflect_ward_k62",321,42
"inflect_ward_k62",322,34
"inflect_ward_k62",323,34
"inflect_ward_k62",324,23
"inflect_ward_k62",325,23
"inflect_ward_k62",326,39
"inflect_ward_k62",327,39
"inflect_ward_k62",328,39
"inflect_ward_k62",329,39
"inflect_ward_k62",330,23
"inflect_ward_k62",331,27
"inflect_ward_k62",332,40
"inflect_ward_k62",333,40
"inflect_ward_k62",334,40
"inflect_ward_k62",335,40
"inflect_ward_k62",336,43
"inflect_ward_k62",337,44
"inflect_ward_k62",338,45
"inflect_ward_k62",339,46
"inflect_ward_k62",340,46
"inflect_ward_k62",341,18
"inflect_ward_k62",342,35
"inflect_ward_k62",343,37
"inflect_ward_k62",344,47
"inflect_ward_k62",345,47
"inflect_ward_k62",346,42
"inflect_ward_k62",347,42
"inflect_ward_k62",348,42
"inflect_ward_k62",349,42
"inflect_ward_k62",350,42
"inflect_ward_k62",351,42
"inflect_ward_k62",352,42
"inflect_ward_k62",353,23
"inflect_ward_k62",354,23
"inflect_ward_k62",355,23
"inflect_ward_k62",356,39
"inflect_ward_k62",357,39
"inflect_ward_k62",358,39
"inflect_ward_k62",359,23
"inflect_ward_k62",360,48
"inflect_ward_k62",361,27
"inflect_ward_k62",362,40
"inflect_ward_k62",363,40
"inflect_ward_k62",364,49
"inflect_ward_k62",365,50
"inflect_ward_k62",366,44
"inflect_ward_k62",367,44
"inflect_ward_k62",368,43
"inflect_ward_k62",369,46
"inflect_ward_k62",370,31
"inflect_ward_k62",371,30
"inflect_ward_k62",372,30
"inflect_ward_k62",373,47
"inflect_ward_k62",374,47
"inflect_ward_k62",375,51
"inflect_ward_k62",376,42
"inflect_ward_k62",377,52
"inflect_ward_k62",378,42
"inflect_ward_k62",379,42
"inflect_ward_k62",380,42
"inflect_ward_k62",381,42
"inflect_ward_k62",382,42
"inflect_ward_k62",383,48
"inflect_ward_k62",384,39
"inflect_ward_k62",385,39
"inflect_ward_k62",386,39
"inflect_ward_k62",387,39
"inflect_ward_k62",388,39
"inflect_ward_k62",389,48
"inflect_ward_k62",390,48
"inflect_ward_k62",391,53
"inflect_ward_k62",392,53
"inflect_ward_k62",393,53
"inflect_ward_k62",394,53
"inflect_ward_k62",395,50
"inflect_ward_k62",396,50
"inflect_ward_k62",397,50
"inflect_ward_k62",398,44
"inflect_ward_k62",399,43
"inflect_ward_k62",400,31
"inflect_ward_k62",401,36
"inflect_ward_k62",402,36
"inflect_ward_k62",403,47
"inflect_ward_k62",404,51
"inflect_ward_k62",405,51
"inflect_ward_k62",406,51
"inflect_ward_k62",407,52
"inflect_ward_k62",408,42
"inflect_ward_k62",409,42
"inflect_ward_k62",410,54
"inflect_ward_k62",411,42
"inflect_ward_k62",412,42
"inflect_ward_k62",413,42
"inflect_ward_k62",414,39
"inflect_ward_k62",415,39
"inflect_ward_k62",416,39
"inflect_ward_k62",417,39
"inflect_ward_k62",418,39
"inflect_ward_k62",419,39
"inflect_ward_k62",420,48
"inflect_ward_k62",421,53
"inflect_ward_k62",422,53
"inflect_ward_k62",423,53
"inflect_ward_k62",424,53
"inflect_ward_k62",425,50
"inflect_ward_k62",426,50
"inflect_ward_k62",427,50
"inflect_ward_k62",428,50
"inflect_ward_k62",429,43
"inflect_ward_k62",430,36
"inflect_ward_k62",431,36
"inflect_ward_k62",432,36
"inflect_ward_k62",433,51
"inflect_ward_k62",434,51
"inflect_ward_k62",435,51
"inflect_ward_k62",436,51
"inflect_ward_k62",437,51
"inflect_ward_k62",438,52
"inflect_ward_k62",439,52
"inflect_ward_k62",440,52
"inflect_ward_k62",441,52
"inflect_ward_k62",442,52
"inflect_ward_k62",443,39
"inflect_ward_k62",444,39
"inflect_ward_k62",445,39
"inflect_ward_k62",446,39
"inflect_ward_k62",447,39
"inflect_ward_k62",448,39
"inflect_ward_k62",449,39
"inflect_ward_k62",450,39
"inflect_ward_k62",451,55
"inflect_ward_k62",452,53
"inflect_ward_k62",453,53
"inflect_ward_k62",454,53
"inflect_ward_k62",455,50
"inflect_ward_k62",456,50
"inflect_ward_k62",457,50
"inflect_ward_k62",458,50
"inflect_ward_k62",459,50
"inflect_ward_k62",460,36
"inflect_ward_k62",461,36
"inflect_ward_k62",462,36
"inflect_ward_k62",463,36
"inflect_ward_k62",464,51
"inflect_ward_k62",465,51
"inflect_ward_k62",466,52
"inflect_ward_k62",467,52
"inflect_ward_k62",468,52
"inflect_ward_k62",469,54
"inflect_ward_k62",470,52
"inflect_ward_k62",471,52
"inflect_ward_k62",472,52
"inflect_ward_k62",473,23
"inflect_ward_k62",474,39
"inflect_ward_k62",475,39
"inflect_ward_k62",476,39
"inflect_ward_k62",477,39
"inflect_ward_k62",478,39
"inflect_ward_k62",479,39
"inflect_ward_k62",480,39
"inflect_ward_k62",481,55
"inflect_ward_k62",482,55
"inflect_ward_k62",483,53
"inflect_ward_k62",484,53
"inflect_ward_k62",485,53
"inflect_ward_k62",486,50
"inflect_ward_k62",487,50
"inflect_ward_k62",488,50
"inflect_ward_k62",489,56
"inflect_ward_k62",490,36
"inflect_ward_k62",491,36
"inflect_ward_k62",492,36
"inflect_ward_k62",493,51
"inflect_ward_k62",494,51
"inflect_ward_k62",495,51
"inflect_ward_k62",496,52
"inflect_ward_k62",497,52
"inflect_ward_k62",498,52
"inflect_ward_k62",499,52
"inflect_ward_k62",500,52
"inflect_ward_k62",501,52
"inflect_ward_k62",502,52
"inflect_ward_k62",503,39
"inflect_ward_k62",504,39
"inflect_ward_k62",505,39
"inflect_ward_k62",506,39
"inflect_ward_k62",507,39
"inflect_ward_k62",508,39
"inflect_ward_k62",509,39
"inflect_ward_k62",510,39
"inflect_ward_k62",511,55
"inflect_ward_k62",512,55
"inflect_ward_k62",513,55
"inflect_ward_k62",514,55
"inflect_ward_k62",515,55
"inflect_ward_k62",516,53
"inflect_ward_k62",517,53
"inflect_ward_k62",518,53
"inflect_ward_k62",519,49
"inflect_ward_k62",520,56
"inflect_ward_k62",521,56
"inflect_ward_k62",522,57
"inflect_ward_k62",523,51
"inflect_ward_k62",524,51
"inflect_ward_k62",525,51
"inflect_ward_k62",526,51
"inflect_ward_k62",527,52
"inflect_ward_k62",528,52
"inflect_ward_k62",529,52
"inflect_ward_k62",530,52
"inflect_ward_k62",531,52
"inflect_ward_k62",532,52
"inflect_ward_k62",533,23
"inflect_ward_k62",534,39
"inflect_ward_k62",535,39
"inflect_ward_k62",536,39
"inflect_ward_k62",537,39
"inflect_ward_k62",538,39
"inflect_ward_k62",539,39
"inflect_ward_k62",540,39
"inflect_ward_k62",541,55
"inflect_ward_k62",542,55
"inflect_ward_k62",543,55
"inflect_ward_k62",544,53
"inflect_ward_k62",545,53
"inflect_ward_k62",546,53
"inflect_ward_k62",547,53
"inflect_ward_k62",548,53
"inflect_ward_k62",549,49
"inflect_ward_k62",550,56
"inflect_ward_k62",551,56
"inflect_ward_k62",552,51
"inflect_ward_k62",553,51
"inflect_ward_k62",554,58
"inflect_ward_k62",555,51
"inflect_ward_k62",556,52
"inflect_ward_k62",557,51
"inflect_ward_k62",558,52
"inflect_ward_k62",559,52
"inflect_ward_k62",560,52
"inflect_ward_k62",561,52
"inflect_ward_k62",562,58
"inflect_ward_k62",563,23
"inflect_ward_k62",564,39
"inflect_ward_k62",565,39
"inflect_ward_k62",566,39
"inflect_ward_k62",567,39
"inflect_ward_k62",568,39
"inflect_ward_k62",569,39
"inflect_ward_k62",570,39
"inflect_ward_k62",571,55
"inflect_ward_k62",572,55
"inflect_ward_k62",573,55
"inflect_ward_k62",574,55
"inflect_ward_k62",575,53
"inflect_ward_k62",576,53
"inflect_ward_k62",577,53
"inflect_ward_k62",578,53
"inflect_ward_k62",579,53
"inflect_ward_k62",580,56
"inflect_ward_k62",581,56
"inflect_ward_k62",582,56
"inflect_ward_k62",583,58
"inflect_ward_k62",584,58
"inflect_ward_k62",585,51
"inflect_ward_k62",586,51
"inflect_ward_k62",587,51
"inflect_ward_k62",588,58
"inflect_ward_k62",589,58
"inflect_ward_k62",590,58
"inflect_ward_k62",591,58
"inflect_ward_k62",592,58
"inflect_ward_k62",593,58
"inflect_ward_k62",594,23
"inflect_ward_k62",595,39
"inflect_ward_k62",596,39
"inflect_ward_k62",597,39
"inflect_ward_k62",598,39
"inflect_ward_k62",599,39
"inflect_ward_k62",600,39
"inflect_ward_k62",601,55
"inflect_ward_k62",602,55
"inflect_ward_k62",603,53
"inflect_ward_k62",604,53
"inflect_ward_k62",605,53
"inflect_ward_k62",606,53
"inflect_ward_k62",607,53
"inflect_ward_k62",608,53
"inflect_ward_k62",609,49
"inflect_ward_k62",610,49
"inflect_ward_k62",611,49
"inflect_ward_k62",612,58
"inflect_ward_k62",613,58
"inflect_ward_k62",614,58
"inflect_ward_k62",615,58
"inflect_ward_k62",616,58
"inflect_ward_k62",617,58
"inflect_ward_k62",618,58
"inflect_ward_k62",619,58
"inflect_ward_k62",620,58
"inflect_ward_k62",621,58
"inflect_ward_k62",622,58
"inflect_ward_k62",623,58
"inflect_ward_k62",624,39
"inflect_ward_k62",625,39
"inflect_ward_k62",626,39
"inflect_ward_k62",627,39
"inflect_ward_k62",628,39
"inflect_ward_k62",629,39
"inflect_ward_k62",630,39
"inflect_ward_k62",631,55
"inflect_ward_k62",632,55
"inflect_ward_k62",633,55
"inflect_ward_k62",634,53
"inflect_ward_k62",635,53
"inflect_ward_k62",636,53
"inflect_ward_k62",637,49
"inflect_ward_k62",638,49
"inflect_ward_k62",639,49
"inflect_ward_k62",640,49
"inflect_ward_k62",641,49
"inflect_ward_k62",642,58
"inflect_ward_k62",643,58
"inflect_ward_k62",644,58
"inflect_ward_k62",645,58
"inflect_ward_k62",646,58
"inflect_ward_k62",647,58
"inflect_ward_k62",648,58
"inflect_ward_k62",649,58
"inflect_ward_k62",650,58
"inflect_ward_k62",651,58
"inflect_ward_k62",652,58
"inflect_ward_k62",653,58
"inflect_ward_k62",654,23
"inflect_ward_k62",655,23
"inflect_ward_k62",656,39
"inflect_ward_k62",657,39
"inflect_ward_k62",658,39
"inflect_ward_k62",659,39
"inflect_ward_k62",660,39
"inflect_ward_k62",661,55
"inflect_ward_k62",662,53
"inflect_ward_k62",663,53
"inflect_ward_k62",664,53
"inflect_ward_k62",665,53
"inflect_ward_k62",666,49
"inflect_ward_k62",667,49
"inflect_ward_k62",668,49
"inflect_ward_k62",669,49
"inflect_ward_k62",670,49
"inflect_ward_k62",671,40
"inflect_ward_k62",672,58
"inflect_ward_k62",673,58
"inflect_ward_k62",674,58
"inflect_ward_k62",675,58
"inflect_ward_k62",676,58
"inflect_ward_k62",677,58
"inflect_ward_k62",678,58
"inflect_ward_k62",679,58
"inflect_ward_k62",680,58
"inflect_ward_k62",681,58
"inflect_ward_k62",682,58
"inflect_ward_k62",683,58
"inflect_ward_k62",684,23
"inflect_ward_k62",685,23
"inflect_ward_k62",686,23
"inflect_ward_k62",687,39
"inflect_ward_k62",688,39
"inflect_ward_k62",689,39
"inflect_ward_k62",690,39
"inflect_ward_k62",691,53
"inflect_ward_k62",692,53
"inflect_ward_k62",693,53
"inflect_ward_k62",694,53
"inflect_ward_k62",695,53
"inflect_ward_k62",696,49
"inflect_ward_k62",697,56
"inflect_ward_k62",698,59
"inflect_ward_k62",699,59
"inflect_ward_k62",700,38
"inflect_ward_k62",701,57
"inflect_ward_k62",702,58
"inflect_ward_k62",703,58
"inflect_ward_k62",704,58
"inflect_ward_k62",705,58
"inflect_ward_k62",706,58
"inflect_ward_k62",707,58
"inflect_ward_k62",708,58
"inflect_ward_k62",709,58
"inflect_ward_k62",710,58
"inflect_ward_k62",711,58
"inflect_ward_k62",712,51
"inflect_ward_k62",713,51
"inflect_ward_k62",714,51
"inflect_ward_k62",715,51
"inflect_ward_k62",716,23
"inflect_ward_k62",717,23
"inflect_ward_k62",718,23
"inflect_ward_k62",719,39
"inflect_ward_k62",720,39
"inflect_ward_k62",721,56
"inflect_ward_k62",722,56
"inflect_ward_k62",723,38
"inflect_ward_k62",724,60
"inflect_ward_k62",725,59
"inflect_ward_k62",726,59
"inflect_ward_k62",727,59
"inflect_ward_k62",728,59
"inflect_ward_k62",729,59
"inflect_ward_k62",730,59
"inflect_ward_k62",731,59
"inflect_ward_k62",732,58
"inflect_ward_k62",733,58
"inflect_ward_k62",734,58
"inflect_ward_k62",735,58
"inflect_ward_k62",736,58
"inflect_ward_k62",737,58
"inflect_ward_k62",738,58
"inflect_ward_k62",739,58
"inflect_ward_k62",740,58
"inflect_ward_k62",741,58
"inflect_ward_k62",742,51
"inflect_ward_k62",743,51
"inflect_ward_k62",744,51
"inflect_ward_k62",745,58
"inflect_ward_k62",746,51
"inflect_ward_k62",747,58
"inflect_ward_k62",748,58
"inflect_ward_k62",749,54
"inflect_ward_k62",750,41
"inflect_ward_k62",751,60
"inflect_ward_k62",752,60
"inflect_ward_k62",753,60
"inflect_ward_k62",754,60
"inflect_ward_k62",755,60
"inflect_ward_k62",756,60
"inflect_ward_k62",757,59
"inflect_ward_k62",758,59
"inflect_ward_k62",759,59
"inflect_ward_k62",760,59
"inflect_ward_k62",761,59
"inflect_ward_k62",762,58
"inflect_ward_k62",763,58
"inflect_ward_k62",764,58
"inflect_ward_k62",765,58
"inflect_ward_k62",766,58
"inflect_ward_k62",767,58
"inflect_ward_k62",768,58
"inflect_ward_k62",769,51
"inflect_ward_k62",770,58
"inflect_ward_k62",771,58
"inflect_ward_k62",772,51
"inflect_ward_k62",773,51
"inflect_ward_k62",774,51
"inflect_ward_k62",775,51
"inflect_ward_k62",776,51
"inflect_ward_k62",777,58
"inflect_ward_k62",778,58
"inflect_ward_k62",779,54
"inflect_ward_k62",780,54
"inflect_ward_k62",781,60
"inflect_ward_k62",782,60
"inflect_ward_k62",783,60
"inflect_ward_k62",784,60
"inflect_ward_k62",785,60
"inflect_ward_k62",786,60
"inflect_ward_k62",787,59
"inflect_ward_k62",788,59
"inflect_ward_k62",789,59
"inflect_ward_k62",790,59
"inflect_ward_k62",791,61
"inflect_ward_k62",792,58
"inflect_ward_k62",793,58
"inflect_ward_k62",794,58
"inflect_ward_k62",795,58
"inflect_ward_k62",796,58
"inflect_ward_k62",797,58
"inflect_ward_k62",798,58
"inflect_ward_k62",799,58
"inflect_ward_k62",800,58
"inflect_ward_k62",801,58
"inflect_ward_k62",802,51
"inflect_ward_k62",803,51
"inflect_ward_k62",804,51
"inflect_ward_k62",805,51
"inflect_ward_k62",806,51
"inflect_ward_k62",807,54
"inflect_ward_k62",808,54
"inflect_ward_k62",809,54
"inflect_ward_k62",810,54
"inflect_ward_k62",811,60
"inflect_ward_k62",812,60
"inflect_ward_k62",813,60
"inflect_ward_k62",814,60
"inflect_ward_k62",815,60
"inflect_ward_k62",816,60
"inflect_ward_k62",817,60
"inflect_ward_k62",818,59
"inflect_ward_k62",819,60
"inflect_ward_k62",820,61
"inflect_ward_k62",821,61
"inflect_ward_k62",822,62
"inflect_ward_k62",823,62
"inflect_ward_k62",824,62
"inflect_ward_k62",825,62
"inflect_ward_k62",826,62
"inflect_ward_k62",827,58
"inflect_ward_k62",828,58
"inflect_ward_k62",829,58
"inflect_ward_k62",830,58
"inflect_ward_k62",831,51
"inflect_ward_k62",832,51
"inflect_ward_k62",833,51
"inflect_ward_k62",834,51
"inflect_ward_k62",835,51
"inflect_ward_k62",836,51
"inflect_ward_k62",837,54
"inflect_ward_k62",838,54
"inflect_ward_k62",839,54
"inflect_ward_k62",840,54
"inflect_ward_k62",841,60
"inflect_ward_k62",842,60
"inflect_ward_k62",843,60
"inflect_ward_k62",844,60
"inflect_ward_k62",845,60
"inflect_ward_k62",846,60
"inflect_ward_k62",847,60
"inflect_ward_k62",848,59
"inflect_ward_k62",849,61
"inflect_ward_k62",850,61
"inflect_ward_k62",851,61
"inflect_ward_k62",852,62
"inflect_ward_k62",853,62
"inflect_ward_k62",854,62
"inflect_ward_k62",855,62
"inflect_ward_k62",856,62
"inflect_ward_k62",857,51
"inflect_ward_k62",858,51
"inflect_ward_k62",859,51
"inflect_ward_k62",860,51
"inflect_ward_k62",861,51
"inflect_ward_k62",862,51
"inflect_ward_k62",863,51
"inflect_ward_k62",864,51
"inflect_ward_k62",865,51
"inflect_ward_k62",866,54
"inflect_ward_k62",867,54
"inflect_ward_k62",868,54
"inflect_ward_k62",869,54
"inflect_ward_k62",870,54
"inflect_ward_k62",871,60
"inflect_ward_k62",872,60
"inflect_ward_k62",873,60
"inflect_ward_k62",874,60
"inflect_ward_k62",875,60
"inflect_ward_k62",876,60
"inflect_ward_k62",877,60
"inflect_ward_k62",878,60
"inflect_ward_k62",879,60
"inflect_ward_k62",880,60
"inflect_ward_k62",881,61
"inflect_ward_k62",882,61
"inflect_ward_k62",883,62
"inflect_ward_k62",884,62
"inflect_ward_k62",885,62
"inflect_ward_k62",886,62
"inflect_ward_k62",887,62
"inflect_ward_k62",888,51
"inflect_ward_k62",889,51
"inflect_ward_k62",890,51
"inflect_ward_k62",891,51
"inflect_ward_k62",892,51
"inflect_ward_k62",893,51
"inflect_ward_k62",894,51
"inflect_ward_k62",895,51
"inflect_ward_k62",896,51
"inflect_ward_k62",897,54
"inflect_ward_k62",898,54
"inflect_ward_k62",899,54
"inflect_ward_k62",900,54
"inflect_ward_k65",1,1
"inflect_ward_k65",2,1
"inflect_ward_k65",3,1
"inflect_ward_k65",4,2
"inflect_ward_k65",5,2
"inflect_ward_k65",6,2
"inflect_ward_k65",7,3
"inflect_ward_k65",8,3
"inflect_ward_k65",9,3
"inflect_ward_k65",10,3
"inflect_ward_k65",11,4
"inflect_ward_k65",12,4
"inflect_ward_k65",13,5
"inflect_ward_k65",14,5
"inflect_ward_k65",15,5
"inflect_ward_k65",16,6
"inflect_ward_k65",17,6
"inflect_ward_k65",18,7
"inflect_ward_k65",19,7
"inflect_ward_k65",20,8
"inflect_ward_k65",21,8
"inflect_ward_k65",22,8
"inflect_ward_k65",23,9
"inflect_ward_k65",24,9
"inflect_ward_k65",25,9
"inflect_ward_k65",26,9
"inflect_ward_k65",27,10
"inflect_ward_k65",28,10
"inflect_ward_k65",29,11
"inflect_ward_k65",30,11
"inflect_ward_k65",31,1
"inflect_ward_k65",32,1
"inflect_ward_k65",33,1
"inflect_ward_k65",34,12
"inflect_ward_k65",35,2
"inflect_ward_k65",36,2
"inflect_ward_k65",37,2
"inflect_ward_k65",38,3
"inflect_ward_k65",39,3
"inflect_ward_k65",40,4
"inflect_ward_k65",41,3
"inflect_ward_k65",42,4
"inflect_ward_k65",43,4
"inflect_ward_k65",44,5
"inflect_ward_k65",45,5
"inflect_ward_k65",46,6
"inflect_ward_k65",47,6
"inflect_ward_k65",48,7
"inflect_ward_k65",49,7
"inflect_ward_k65",50,7
"inflect_ward_k65",51,8
"inflect_ward_k65",52,8
"inflect_ward_k65",53,9
"inflect_ward_k65",54,9
"inflect_ward_k65",55,9
"inflect_ward_k65",56,9
"inflect_ward_k65",57,9
"inflect_ward_k65",58,10
"inflect_ward_k65",59,11
"inflect_ward_k65",60,11
"inflect_ward_k65",61,13
"inflect_ward_k65",62,1
"inflect_ward_k65",63,1
"inflect_ward_k65",64,12
"inflect_ward_k65",65,2
"inflect_ward_k65",66,2
"inflect_ward_k65",67,14
"inflect_ward_k65",68,3
"inflect_ward_k65",69,4
"inflect_ward_k65",70,3
"inflect_ward_k65",71,4
"inflect_ward_k65",72,4
"inflect_ward_k65",73,3
"inflect_ward_k65",74,5
"inflect_ward_k65",75,5
"inflect_ward_k65",76,6
"inflect_ward_k65",77,6
"inflect_ward_k65",78,7
"inflect_ward_k65",79,15
"inflect_ward_k65",80,7
"inflect_ward_k65",81,7
"inflect_ward_k65",82,9
"inflect_ward_k65",83,9
"inflect_ward_k65",84,16
"inflect_ward_k65",85,16
"inflect_ward_k65",86,17
"inflect_ward_k65",87,17
"inflect_ward_k65",88,11
"inflect_ward_k65",89,11
"inflect_ward_k65",90,11
"inflect_ward_k65",91,1
"inflect_ward_k65",92,12
"inflect_ward_k65",93,12
"inflect_ward_k65",94,12
"inflect_ward_k65",95,12
"inflect_ward_k65",96,12
"inflect_ward_k65",97,14
"inflect_ward_k65",98,3
"inflect_ward_k65",99,3
"inflect_ward_k65",100,3
"inflect_ward_k65",101,4
"inflect_ward_k65",102,4
"inflect_ward_k65",103,4
"inflect_ward_k65",104,3
"inflect_ward_k65",105,5
"inflect_ward_k65",106,18
"inflect_ward_k65",107,6
"inflect_ward_k65",108,6
"inflect_ward_k65",109,15
"inflect_ward_k65",110,7
"inflect_ward_k65",111,7
"inflect_ward_k65",112,7
"inflect_ward_k65",113,16
"inflect_ward_k65",114,16
"inflect_ward_k65",115,16
"inflect_ward_k65",116,17
"inflect_ward_k65",117,17
"inflect_ward_k65",118,11
"inflect_ward_k65",119,11
"inflect_ward_k65",120,11
"inflect_ward_k65",121,19
"inflect_ward_k65",122,12
"inflect_ward_k65",123,12
"inflect_ward_k65",124,12
"inflect_ward_k65",125,14
"inflect_ward_k65",126,13
"inflect_ward_k65",127,14
"inflect_ward_k65",128,13
"inflect_ward_k65",129,3
"inflect_ward_k65",130,20
"inflect_ward_k65",131,20
"inflect_ward_k65",132,20
"inflect_ward_k65",133,3
"inflect_ward_k65",134,21
"inflect_ward_k65",135,18
"inflect_ward_k65",136,18
"inflect_ward_k65",137,18
"inflect_ward_k65",138,6
"inflect_ward_k65",139,6
"inflect_ward_k65",140,7
"inflect_ward_k65",141,22
"inflect_ward_k65",142,22
"inflect_ward_k65",143,16
"inflect_ward_k65",144,16
"inflect_ward_k65",145,17
"inflect_ward_k65",146,17
"inflect_ward_k65",147,15
"inflect_ward_k65",148,23
"inflect_ward_k65",149,11
"inflect_ward_k65",150,23
"inflect_ward_k65",151,19
"inflect_ward_k65",152,19
"inflect_ward_k65",153,19
"inflect_ward_k65",154,12
"inflect_ward_k65",155,14
"inflect_ward_k65",156,13
"inflect_ward_k65",157,13
"inflect_ward_k65",158,13
"inflect_ward_k65",159,24
"inflect_ward_k65",160,24
"inflect_ward_k65",161,20
"inflect_ward_k65",162,20
"inflect_ward_k65",163,20
"inflect_ward_k65",164,21
"inflect_ward_k65",165,25
"inflect_ward_k65",166,18
"inflect_ward_k65",167,18
"inflect_ward_k65",168,26
"inflect_ward_k65",169,26
"inflect_ward_k65",170,26
"inflect_ward_k65",171,22
"inflect_ward_k65",172,22
"inflect_ward_k65",173,22
"inflect_ward_k65",174,16
"inflect_ward_k65",175,17
"inflect_ward_k65",176,17
"inflect_ward_k65",177,15
"inflect_ward_k65",178,23
"inflect_ward_k65",179,23
"inflect_ward_k65",180,23
"inflect_ward_k65",181,27
"inflect_ward_k65",182,19
"inflect_ward_k65",183,19
"inflect_ward_k65",184,28
"inflect_ward_k65",185,28
"inflect_ward_k65",186,28
"inflect_ward_k65",187,29
"inflect_ward_k65",188,24
"inflect_ward_k65",189,24
"inflect_ward_k65",190,20
"inflect_ward_k65",191,30
"inflect_ward_k65",192,30
"inflect_ward_k65",193,25
"inflect_ward_k65",194,25
"inflect_ward_k65",195,18
"inflect_ward_k65",196,31
"inflect_ward_k65",197,26
"inflect_ward_k65",198,26
"inflect_ward_k65",199,26
"inflect_ward_k65",200,26
"inflect_ward_k65",201,22
"inflect_ward_k65",202,22
"inflect_ward_k65",203,22
"inflect_ward_k65",204,17
"inflect_ward_k65",205,17
"inflect_ward_k65",206,17
"inflect_ward_k65",207,23
"inflect_ward_k65",208,23
"inflect_ward_k65",209,23
"inflect_ward_k65",210,23
"inflect_ward_k65",211,27
"inflect_ward_k65",212,27
"inflect_ward_k65",213,32
"inflect_ward_k65",214,19
"inflect_ward_k65",215,33
"inflect_ward_k65",216,28
"inflect_ward_k65",217,29
"inflect_ward_k65",218,29
"inflect_ward_k65",219,24
"inflect_ward_k65",220,14
"inflect_ward_k65",221,30
"inflect_ward_k65",222,30
"inflect_ward_k65",223,30
"inflect_ward_k65",224,25
"inflect_ward_k65",225,31
"inflect_ward_k65",226,34
"inflect_ward_k65",227,34
"inflect_ward_k65",228,34
"inflect_ward_k65",229,26
"inflect_ward_k65",230,26
"inflect_ward_k65",231,22
"inflect_ward_k65",232,35
"inflect_ward_k65",233,35
"inflect_ward_k65",234,35
"inflect_ward_k65",235,17
"inflect_ward_k65",236,23
"inflect_ward_k65",237,23
"inflect_ward_k65",238,36
"inflect_ward_k65",239,23
"inflect_ward_k65",240,23
"inflect_ward_k65",241,27
"inflect_ward_k65",242,27
"inflect_ward_k65",243,27
"inflect_ward_k65",244,33
"inflect_ward_k65",245,33
"inflect_ward_k65",246,28
"inflect_ward_k65",247,29
"inflect_ward_k65",248,29
"inflect_ward_k65",249,14
"inflect_ward_k65",250,37
"inflect_ward_k65",251,37
"inflect_ward_k65",252,37
"inflect_ward_k65",253,26
"inflect_ward_k65",254,38
"inflect_ward_k65",255,34
"inflect_ward_k65",256,34
"inflect_ward_k65",257,34
"inflect_ward_k65",258,34
"inflect_ward_k65",259,39
"inflect_ward_k65",260,40
"inflect_ward_k65",261,35
"inflect_ward_k65",262,35
"inflect_ward_k65",263,35
"inflect_ward_k65",264,11
"inflect_ward_k65",265,11
"inflect_ward_k65",266,23
"inflect_ward_k65",267,23
"inflect_ward_k65",268,41
"inflect_ward_k65",269,23
"inflect_ward_k65",270,23
"inflect_ward_k65",271,27
"inflect_ward_k65",272,27
"inflect_ward_k65",273,27
"inflect_ward_k65",274,32
"inflect_ward_k65",275,33
"inflect_ward_k65",276,28
"inflect_ward_k65",277,28
"inflect_ward_k65",278,14
"inflect_ward_k65",279,14
"inflect_ward_k65",280,37
"inflect_ward_k65",281,37
"inflect_ward_k65",282,37
"inflect_ward_k65",283,26
"inflect_ward_k65",284,38
"inflect_ward_k65",285,38
"inflect_ward_k65",286,34
"inflect_ward_k65",287,34
"inflect_ward_k65",288,34
"inflect_ward_k65",289,39
"inflect_ward_k65",290,39
"inflect_ward_k65",291,39
"inflect_ward_k65",292,35
"inflect_ward_k65",293,35
"inflect_ward_k65",294,35
"inflect_ward_k65",295,23
"inflect_ward_k65",296,23
"inflect_ward_k65",297,23
"inflect_ward_k65",298,41
"inflect_ward_k65",299,23
"inflect_ward_k65",300,23
"inflect_ward_k65",301,27
"inflect_ward_k65",302,42
"inflect_ward_k65",303,42
"inflect_ward_k65",304,42
"inflect_ward_k65",305,32
"inflect_ward_k65",306,33
"inflect_ward_k65",307,28
"inflect_ward_k65",308,14
"inflect_ward_k65",309,43
"inflect_ward_k65",310,6
"inflect_ward_k65",311,37
"inflect_ward_k65",312,37
"inflect_ward_k65",313,31
"inflect_ward_k65",314,38
"inflect_ward_k65",315,34
"inflect_ward_k65",316,34
"inflect_ward_k65",317,44
"inflect_ward_k65",318,44
"inflect_ward_k65",319,44
"inflect_ward_k65",320,39
"inflect_ward_k65",321,44
"inflect_ward_k65",322,35
"inflect_ward_k65",323,35
"inflect_ward_k65",324,23
"inflect_ward_k65",325,23
"inflect_ward_k65",326,41
"inflect_ward_k65",327,41
"inflect_ward_k65",328,41
"inflect_ward_k65",329,41
"inflect_ward_k65",330,23
"inflect_ward_k65",331,27
"inflect_ward_k65",332,42
"inflect_ward_k65",333,42
"inflect_ward_k65",334,42
"inflect_ward_k65",335,42
"inflect_ward_k65",336,45
"inflect_ward_k65",337,46
"inflect_ward_k65",338,47
"inflect_ward_k65",339,48
"inflect_ward_k65",340,48
"inflect_ward_k65",341,18
"inflect_ward_k65",342,37
"inflect_ward_k65",343,39
"inflect_ward_k65",344,49
"inflect_ward_k65",345,49
"inflect_ward_k65",346,44
"inflect_ward_k65",347,44
"inflect_ward_k65",348,44
"inflect_ward_k65",349,44
"inflect_ward_k65",350,44
"inflect_ward_k65",351,44
"inflect_ward_k65",352,44
"inflect_ward_k65",353,23
"inflect_ward_k65",354,23
"inflect_ward_k65",355,23
"inflect_ward_k65",356,41
"inflect_ward_k65",357,41
"inflect_ward_k65",358,41
"inflect_ward_k65",359,23
"inflect_ward_k65",360,50
"inflect_ward_k65",361,27
"inflect_ward_k65",362,42
"inflect_ward_k65",363,42
"inflect_ward_k65",364,51
"inflect_ward_k65",365,52
"inflect_ward_k65",366,46
"inflect_ward_k65",367,46
"inflect_ward_k65",368,45
"inflect_ward_k65",369,48
"inflect_ward_k65",370,32
"inflect_ward_k65",371,31
"inflect_ward_k65",372,31
"inflect_ward_k65",373,49
"inflect_ward_k65",374,49
"inflect_ward_k65",375,53
"inflect_ward_k65",376,44
"inflect_ward_k65",377,54
"inflect_ward_k65",378,44
"inflect_ward_k65",379,44
"inflect_ward_k65",380,44
"inflect_ward_k65",381,44
"inflect_ward_k65",382,44
"inflect_ward_k65",383,50
"inflect_ward_k65",384,41
"inflect_ward_k65",385,41
"inflect_ward_k65",386,41
"inflect_ward_k65",387,41
"inflect_ward_k65",388,41
"inflect_ward_k65",389,50
"inflect_ward_k65",390,50
"inflect_ward_k65",391,55
"inflect_ward_k65",392,55
"inflect_ward_k65",393,55
"inflect_ward_k65",394,55
"inflect_ward_k65",395,52
"inflect_ward_k65",396,52
"inflect_ward_k65",397,52
"inflect_ward_k65",398,46
"inflect_ward_k65",399,45
"inflect_ward_k65",400,32
"inflect_ward_k65",401,38
"inflect_ward_k65",402,38
"inflect_ward_k65",403,49
"inflect_ward_k65",404,53
"inflect_ward_k65",405,53
"inflect_ward_k65",406,53
"inflect_ward_k65",407,54
"inflect_ward_k65",408,44
"inflect_ward_k65",409,44
"inflect_ward_k65",410,56
"inflect_ward_k65",411,44
"inflect_ward_k65",412,44
"inflect_ward_k65",413,44
"inflect_ward_k65",414,41
"inflect_ward_k65",415,41
"inflect_ward_k65",416,41
"inflect_ward_k65",417,41
"inflect_ward_k65",418,41
"inflect_ward_k65",419,41
"inflect_ward_k65",420,50
"inflect_ward_k65",421,55
"inflect_ward_k65",422,55
"inflect_ward_k65",423,55
"inflect_ward_k65",424,55
"inflect_ward_k65",425,52
"inflect_ward_k65",426,52
"inflect_ward_k65",427,52
"inflect_ward_k65",428,52
"inflect_ward_k65",429,45
"inflect_ward_k65",430,38
"inflect_ward_k65",431,38
"inflect_ward_k65",432,38
"inflect_ward_k65",433,53
"inflect_ward_k65",434,53
"inflect_ward_k65",435,53
"inflect_ward_k65",436,53
"inflect_ward_k65",437,53
"inflect_ward_k65",438,54
"inflect_ward_k65",439,54
"inflect_ward_k65",440,54
"inflect_ward_k65",441,54
"inflect_ward_k65",442,54
"inflect_ward_k65",443,41
"inflect_ward_k65",444,41
"inflect_ward_k65",445,41
"inflect_ward_k65",446,41
"inflect_ward_k65",447,41
"inflect_ward_k65",448,41
"inflect_ward_k65",449,41
"inflect_ward_k65",450,41
"inflect_ward_k65",451,57
"inflect_ward_k65",452,55
"inflect_ward_k65",453,55
"inflect_ward_k65",454,55
"inflect_ward_k65",455,52
"inflect_ward_k65",456,52
"inflect_ward_k65",457,52
"inflect_ward_k65",458,52
"inflect_ward_k65",459,52
"inflect_ward_k65",460,38
"inflect_ward_k65",461,38
"inflect_ward_k65",462,38
"inflect_ward_k65",463,38
"inflect_ward_k65",464,53
"inflect_ward_k65",465,53
"inflect_ward_k65",466,54
"inflect_ward_k65",467,54
"inflect_ward_k65",468,54
"inflect_ward_k65",469,56
"inflect_ward_k65",470,54
"inflect_ward_k65",471,54
"inflect_ward_k65",472,54
"inflect_ward_k65",473,36
"inflect_ward_k65",474,41
"inflect_ward_k65",475,41
"inflect_ward_k65",476,41
"inflect_ward_k65",477,41
"inflect_ward_k65",478,41
"inflect_ward_k65",479,41
"inflect_ward_k65",480,41
"inflect_ward_k65",481,57
"inflect_ward_k65",482,57
"inflect_ward_k65",483,55
"inflect_ward_k65",484,55
"inflect_ward_k65",485,55
"inflect_ward_k65",486,52
"inflect_ward_k65",487,52
"inflect_ward_k65",488,52
"inflect_ward_k65",489,58
"inflect_ward_k65",490,38
"inflect_ward_k65",491,38
"inflect_ward_k65",492,38
"inflect_ward_k65",493,53
"inflect_ward_k65",494,53
"inflect_ward_k65",495,53
"inflect_ward_k65",496,54
"inflect_ward_k65",497,54
"inflect_ward_k65",498,54
"inflect_ward_k65",499,54
"inflect_ward_k65",500,54
"inflect_ward_k65",501,54
"inflect_ward_k65",502,54
"inflect_ward_k65",503,41
"inflect_ward_k65",504,41
"inflect_ward_k65",505,41
"inflect_ward_k65",506,41
"inflect_ward_k65",507,41
"inflect_ward_k65",508,41
"inflect_ward_k65",509,41
"inflect_ward_k65",510,41
"inflect_ward_k65",511,57
"inflect_ward_k65",512,57
"inflect_ward_k65",513,57
"inflect_ward_k65",514,57
"inflect_ward_k65",515,57
"inflect_ward_k65",516,55
"inflect_ward_k65",517,55
"inflect_ward_k65",518,55
"inflect_ward_k65",519,51
"inflect_ward_k65",520,58
"inflect_ward_k65",521,58
"inflect_ward_k65",522,59
"inflect_ward_k65",523,53
"inflect_ward_k65",524,53
"inflect_ward_k65",525,53
"inflect_ward_k65",526,53
"inflect_ward_k65",527,54
"inflect_ward_k65",528,54
"inflect_ward_k65",529,54
"inflect_ward_k65",530,54
"inflect_ward_k65",531,54
"inflect_ward_k65",532,54
"inflect_ward_k65",533,36
"inflect_ward_k65",534,41
"inflect_ward_k65",535,41
"inflect_ward_k65",536,41
"inflect_ward_k65",537,41
"inflect_ward_k65",538,41
"inflect_ward_k65",539,41
"inflect_ward_k65",540,41
"inflect_ward_k65",541,57
"inflect_ward_k65",542,57
"inflect_ward_k65",543,57
"inflect_ward_k65",544,55
"inflect_ward_k65",545,55
"inflect_ward_k65",546,55
"inflect_ward_k65",547,55
"inflect_ward_k65",548,55
"inflect_ward_k65",549,51
"inflect_ward_k65",550,58
"inflect_ward_k65",551,58
"inflect_ward_k65",552,53
"inflect_ward_k65",553,53
"inflect_ward_k65",554,60
"inflect_ward_k65",555,53
"inflect_ward_k65",556,54
"inflect_ward_k65",557,53
"inflect_ward_k65",558,54
"inflect_ward_k65",559,54
"inflect_ward_k65",560,54
"inflect_ward_k65",561,54
"inflect_ward_k65",562,60
"inflect_ward_k65",563,36
"inflect_ward_k65",564,41
"inflect_ward_k65",565,41
"inflect_ward_k65",566,41
"inflect_ward_k65",567,41
"inflect_ward_k65",568,41
"inflect_ward_k65",569,41
"inflect_ward_k65",570,41
"inflect_ward_k65",571,57
"inflect_ward_k65",572,57
"inflect_ward_k65",573,57
"inflect_ward_k65",574,57
"inflect_ward_k65",575,55
"inflect_ward_k65",576,55
"inflect_ward_k65",577,55
"inflect_ward_k65",578,55
"inflect_ward_k65",579,55
"inflect_ward_k65",580,58
"inflect_ward_k65",581,58
"inflect_ward_k65",582,58
"inflect_ward_k65",583,60
"inflect_ward_k65",584,60
"inflect_ward_k65",585,53
"inflect_ward_k65",586,53
"inflect_ward_k65",587,53
"inflect_ward_k65",588,60
"inflect_ward_k65",589,60
"inflect_ward_k65",590,60
"inflect_ward_k65",591,60
"inflect_ward_k65",592,60
"inflect_ward_k65",593,60
"inflect_ward_k65",594,36
"inflect_ward_k65",595,41
"inflect_ward_k65",596,41
"inflect_ward_k65",597,41
"inflect_ward_k65",598,41
"inflect_ward_k65",599,41
"inflect_ward_k65",600,41
"inflect_ward_k65",601,57
"inflect_ward_k65",602,57
"inflect_ward_k65",603,55
"inflect_ward_k65",604,55
"inflect_ward_k65",605,55
"inflect_ward_k65",606,55
"inflect_ward_k65",607,55
"inflect_ward_k65",608,55
"inflect_ward_k65",609,51
"inflect_ward_k65",610,51
"inflect_ward_k65",611,51
"inflect_ward_k65",612,60
"inflect_ward_k65",613,60
"inflect_ward_k65",614,60
"inflect_ward_k65",615,60
"inflect_ward_k65",616,60
"inflect_ward_k65",617,60
"inflect_ward_k65",618,60
"inflect_ward_k65",619,60
"inflect_ward_k65",620,60
"inflect_ward_k65",621,60
"inflect_ward_k65",622,60
"inflect_ward_k65",623,60
"inflect_ward_k65",624,41
"inflect_ward_k65",625,41
"inflect_ward_k65",626,41
"inflect_ward_k65",627,41
"inflect_ward_k65",628,41
"inflect_ward_k65",629,41
"inflect_ward_k65",630,41
"inflect_ward_k65",631,57
"inflect_ward_k65",632,57
"inflect_ward_k65",633,57
"inflect_ward_k65",634,55
"inflect_ward_k65",635,55
"inflect_ward_k65",636,55
"inflect_ward_k65",637,51
"inflect_ward_k65",638,51
"inflect_ward_k65",639,51
"inflect_ward_k65",640,51
"inflect_ward_k65",641,51
"inflect_ward_k65",642,61
"inflect_ward_k65",643,60
"inflect_ward_k65",644,60
"inflect_ward_k65",645,60
"inflect_ward_k65",646,60
"inflect_ward_k65",647,60
"inflect_ward_k65",648,60
"inflect_ward_k65",649,60
"inflect_ward_k65",650,60
"inflect_ward_k65",651,60
"inflect_ward_k65",652,60
"inflect_ward_k65",653,60
"inflect_ward_k65",654,36
"inflect_ward_k65",655,36
"inflect_ward_k65",656,41
"inflect_ward_k65",657,41
"inflect_ward_k65",658,41
"inflect_ward_k65",659,41
"inflect_ward_k65",660,41
"inflect_ward_k65",661,57
"inflect_ward_k65",662,55
"inflect_ward_k65",663,55
"inflect_ward_k65",664,55
"inflect_ward_k65",665,55
"inflect_ward_k65",666,51
"inflect_ward_k65",667,51
"inflect_ward_k65",668,51
"inflect_ward_k65",669,51
"inflect_ward_k65",670,51
"inflect_ward_k65",671,42
"inflect_ward_k65",672,60
"inflect_ward_k65",673,60
"inflect_ward_k65",674,60
"inflect_ward_k65",675,60
"inflect_ward_k65",676,60
"inflect_ward_k65",677,60
"inflect_ward_k65",678,60
"inflect_ward_k65",679,60
"inflect_ward_k65",680,60
"inflect_ward_k65",681,60
"inflect_ward_k65",682,60
"inflect_ward_k65",683,60
"inflect_ward_k65",684,36
"inflect_ward_k65",685,36
"inflect_ward_k65",686,36
"inflect_ward_k65",687,41
"inflect_ward_k65",688,41
"inflect_ward_k65",689,41
"inflect_ward_k65",690,41
"inflect_ward_k65",691,55
"inflect_ward_k65",692,55
"inflect_ward_k65",693,55
"inflect_ward_k65",694,55
"inflect_ward_k65",695,55
"inflect_ward_k65",696,51
"inflect_ward_k65",697,58
"inflect_ward_k65",698,62
"inflect_ward_k65",699,62
"inflect_ward_k65",700,40
"inflect_ward_k65",701,59
"inflect_ward_k65",702,60
"inflect_ward_k65",703,60
"inflect_ward_k65",704,60
"inflect_ward_k65",705,60
"inflect_ward_k65",706,60
"inflect_ward_k65",707,60
"inflect_ward_k65",708,60
"inflect_ward_k65",709,60
"inflect_ward_k65",710,60
"inflect_ward_k65",711,60
"inflect_ward_k65",712,53
"inflect_ward_k65",713,53
"inflect_ward_k65",714,53
"inflect_ward_k65",715,53
"inflect_ward_k65",716,36
"inflect_ward_k65",717,36
"inflect_ward_k65",718,36
"inflect_ward_k65",719,41
"inflect_ward_k65",720,41
"inflect_ward_k65",721,58
"inflect_ward_k65",722,58
"inflect_ward_k65",723,40
"inflect_ward_k65",724,63
"inflect_ward_k65",725,62
"inflect_ward_k65",726,62
"inflect_ward_k65",727,62
"inflect_ward_k65",728,62
"inflect_ward_k65",729,62
"inflect_ward_k65",730,62
"inflect_ward_k65",731,62
"inflect_ward_k65",732,60
"inflect_ward_k65",733,60
"inflect_ward_k65",734,60
"inflect_ward_k65",735,60
"inflect_ward_k65",736,60
"inflect_ward_k65",737,60
"inflect_ward_k65",738,60
"inflect_ward_k65",739,60
"inflect_ward_k65",740,60
"inflect_ward_k65",741,60
"inflect_ward_k65",742,53
"inflect_ward_k65",743,53
"inflect_ward_k65",744,53
"inflect_ward_k65",745,60
"inflect_ward_k65",746,53
"inflect_ward_k65",747,60
"inflect_ward_k65",748,60
"inflect_ward_k65",749,56
"inflect_ward_k65",750,43
"inflect_ward_k65",751,63
"inflect_ward_k65",752,63
"inflect_ward_k65",753,63
"inflect_ward_k65",754,63
"inflect_ward_k65",755,63
"inflect_ward_k65",756,63
"inflect_ward_k65",757,62
"inflect_ward_k65",758,62
"inflect_ward_k65",759,62
"inflect_ward_k65",760,62
"inflect_ward_k65",761,62
"inflect_ward_k65",762,60
"inflect_ward_k65",763,60
"inflect_ward_k65",764,60
"inflect_ward_k65",765,60
"inflect_ward_k65",766,60
"inflect_ward_k65",767,60
"inflect_ward_k65",768,60
"inflect_ward_k65",769,53
"inflect_ward_k65",770,60
"inflect_ward_k65",771,60
"inflect_ward_k65",772,53
"inflect_ward_k65",773,53
"inflect_ward_k65",774,53
"inflect_ward_k65",775,53
"inflect_ward_k65",776,53
"inflect_ward_k65",777,60
"inflect_ward_k65",778,60
"inflect_ward_k65",779,56
"inflect_ward_k65",780,56
"inflect_ward_k65",781,63
"inflect_ward_k65",782,63
"inflect_ward_k65",783,63
"inflect_ward_k65",784,63
"inflect_ward_k65",785,63
"inflect_ward_k65",786,63
"inflect_ward_k65",787,62
"inflect_ward_k65",788,62
"inflect_ward_k65",789,62
"inflect_ward_k65",790,62
"inflect_ward_k65",791,64
"inflect_ward_k65",792,60
"inflect_ward_k65",793,60
"inflect_ward_k65",794,60
"inflect_ward_k65",795,60
"inflect_ward_k65",796,60
"inflect_ward_k65",797,60
"inflect_ward_k65",798,60
"inflect_ward_k65",799,60
"inflect_ward_k65",800,60
"inflect_ward_k65",801,60
"inflect_ward_k65",802,53
"inflect_ward_k65",803,53
"inflect_ward_k65",804,53
"inflect_ward_k65",805,53
"inflect_ward_k65",806,53
"inflect_ward_k65",807,56
"inflect_ward_k65",808,56
"inflect_ward_k65",809,56
"inflect_ward_k65",810,56
"inflect_ward_k65",811,63
"inflect_ward_k65",812,63
"inflect_ward_k65",813,63
"inflect_ward_k65",814,63
"inflect_ward_k65",815,63
"inflect_ward_k65",816,63
"inflect_ward_k65",817,63
"inflect_ward_k65",818,62
"inflect_ward_k65",819,63
"inflect_ward_k65",820,64
"inflect_ward_k65",821,64
"inflect_ward_k65",822,65
"inflect_ward_k65",823,65
"inflect_ward_k65",824,65
"inflect_ward_k65",825,65
"inflect_ward_k65",826,65
"inflect_ward_k65",827,60
"inflect_ward_k65",828,60
"inflect_ward_k65",829,60
"inflect_ward_k65",830,60
"inflect_ward_k65",831,53
"inflect_ward_k65",832,53
"inflect_ward_k65",833,53
"inflect_ward_k65",834,53
"inflect_ward_k65",835,53
"inflect_ward_k65",836,53
"inflect_ward_k65",837,56
"inflect_ward_k65",838,56
"inflect_ward_k65",839,56
"inflect_ward_k65",840,56
"inflect_ward_k65",841,63
"inflect_ward_k65",842,63
"inflect_ward_k65",843,63
"inflect_ward_k65",844,63
"inflect_ward_k65",845,63
"inflect_ward_k65",846,63
"inflect_ward_k65",847,63
"inflect_ward_k65",848,62
"inflect_ward_k65",849,64
"inflect_ward_k65",850,64
"inflect_ward_k65",851,64
"inflect_ward_k65",852,65
"inflect_ward_k65",853,65
"inflect_ward_k65",854,65
"inflect_ward_k65",855,65
"inflect_ward_k65",856,65
"inflect_ward_k65",857,53
"inflect_ward_k65",858,53
"inflect_ward_k65",859,53
"inflect_ward_k65",860,53
"inflect_ward_k65",861,53
"inflect_ward_k65",862,53
"inflect_ward_k65",863,53
"inflect_ward_k65",864,53
"inflect_ward_k65",865,53
"inflect_ward_k65",866,56
"inflect_ward_k65",867,56
"inflect_ward_k65",868,56
"inflect_ward_k65",869,56
"inflect_ward_k65",870,56
"inflect_ward_k65",871,63
"inflect_ward_k65",872,63
"inflect_ward_k65",873,63
"inflect_ward_k65",874,63
"inflect_ward_k65",875,63
"inflect_ward_k65",876,63
"inflect_ward_k65",877,63
"inflect_ward_k65",878,63
"inflect_ward_k65",879,63
"inflect_ward_k65",880,63
"inflect_ward_k65",881,64
"inflect_ward_k65",882,64
"inflect_ward_k65",883,65
"inflect_ward_k65",884,65
"inflect_ward_k65",885,65
"inflect_ward_k65",886,65
"inflect_ward_k65",887,65
"inflect_ward_k65",888,53
"inflect_ward_k65",889,53
"inflect_ward_k65",890,53
"inflect_ward_k65",891,53
"inflect_ward_k65",892,53
"inflect_ward_k65",893,53
"inflect_ward_k65",894,53
"inflect_ward_k65",895,53
"inflect_ward_k65",896,53
"inflect_ward_k65",897,56
"inflect_ward_k65",898,56
"inflect_ward_k65",899,56
"inflect_ward_k65",900,56
"historical_80_20_ward_k50",1,1
"historical_80_20_ward_k50",2,2
"historical_80_20_ward_k50",3,2
"historical_80_20_ward_k50",4,3
"historical_80_20_ward_k50",5,3
"historical_80_20_ward_k50",6,3
"historical_80_20_ward_k50",7,4
"historical_80_20_ward_k50",8,4
"historical_80_20_ward_k50",9,4
"historical_80_20_ward_k50",10,2
"historical_80_20_ward_k50",11,4
"historical_80_20_ward_k50",12,4
"historical_80_20_ward_k50",13,5
"historical_80_20_ward_k50",14,5
"historical_80_20_ward_k50",15,5
"historical_80_20_ward_k50",16,3
"historical_80_20_ward_k50",17,2
"historical_80_20_ward_k50",18,2
"historical_80_20_ward_k50",19,3
"historical_80_20_ward_k50",20,6
"historical_80_20_ward_k50",21,7
"historical_80_20_ward_k50",22,7
"historical_80_20_ward_k50",23,8
"historical_80_20_ward_k50",24,8
"historical_80_20_ward_k50",25,8
"historical_80_20_ward_k50",26,8
"historical_80_20_ward_k50",27,8
"historical_80_20_ward_k50",28,8
"historical_80_20_ward_k50",29,9
"historical_80_20_ward_k50",30,9
"historical_80_20_ward_k50",31,1
"historical_80_20_ward_k50",32,1
"historical_80_20_ward_k50",33,2
"historical_80_20_ward_k50",34,2
"historical_80_20_ward_k50",35,3
"historical_80_20_ward_k50",36,6
"historical_80_20_ward_k50",37,6
"historical_80_20_ward_k50",38,4
"historical_80_20_ward_k50",39,7
"historical_80_20_ward_k50",40,4
"historical_80_20_ward_k50",41,7
"historical_80_20_ward_k50",42,7
"historical_80_20_ward_k50",43,4
"historical_80_20_ward_k50",44,5
"historical_80_20_ward_k50",45,5
"historical_80_20_ward_k50",46,6
"historical_80_20_ward_k50",47,10
"historical_80_20_ward_k50",48,2
"historical_80_20_ward_k50",49,11
"historical_80_20_ward_k50",50,6
"historical_80_20_ward_k50",51,7
"historical_80_20_ward_k50",52,7
"historical_80_20_ward_k50",53,8
"historical_80_20_ward_k50",54,8
"historical_80_20_ward_k50",55,8
"historical_80_20_ward_k50",56,8
"historical_80_20_ward_k50",57,8
"historical_80_20_ward_k50",58,8
"historical_80_20_ward_k50",59,9
"historical_80_20_ward_k50",60,9
"historical_80_20_ward_k50",61,1
"historical_80_20_ward_k50",62,2
"historical_80_20_ward_k50",63,2
"historical_80_20_ward_k50",64,2
"historical_80_20_ward_k50",65,6
"historical_80_20_ward_k50",66,6
"historical_80_20_ward_k50",67,6
"historical_80_20_ward_k50",68,4
"historical_80_20_ward_k50",69,4
"historical_80_20_ward_k50",70,7
"historical_80_20_ward_k50",71,7
"historical_80_20_ward_k50",72,7
"historical_80_20_ward_k50",73,7
"historical_80_20_ward_k50",74,5
"historical_80_20_ward_k50",75,5
"historical_80_20_ward_k50",76,10
"historical_80_20_ward_k50",77,2
"historical_80_20_ward_k50",78,2
"historical_80_20_ward_k50",79,11
"historical_80_20_ward_k50",80,6
"historical_80_20_ward_k50",81,6
"historical_80_20_ward_k50",82,8
"historical_80_20_ward_k50",83,8
"historical_80_20_ward_k50",84,9
"historical_80_20_ward_k50",85,9
"historical_80_20_ward_k50",86,9
"historical_80_20_ward_k50",87,9
"historical_80_20_ward_k50",88,9
"historical_80_20_ward_k50",89,9
"historical_80_20_ward_k50",90,9
"historical_80_20_ward_k50",91,2
"historical_80_20_ward_k50",92,2
"historical_80_20_ward_k50",93,2
"historical_80_20_ward_k50",94,11
"historical_80_20_ward_k50",95,11
"historical_80_20_ward_k50",96,11
"historical_80_20_ward_k50",97,3
"historical_80_20_ward_k50",98,6
"historical_80_20_ward_k50",99,7
"historical_80_20_ward_k50",100,4
"historical_80_20_ward_k50",101,4
"historical_80_20_ward_k50",102,7
"historical_80_20_ward_k50",103,7
"historical_80_20_ward_k50",104,7
"historical_80_20_ward_k50",105,5
"historical_80_20_ward_k50",106,6
"historical_80_20_ward_k50",107,10
"historical_80_20_ward_k50",108,2
"historical_80_20_ward_k50",109,2
"historical_80_20_ward_k50",110,11
"historical_80_20_ward_k50",111,2
"historical_80_20_ward_k50",112,11
"historical_80_20_ward_k50",113,12
"historical_80_20_ward_k50",114,9
"historical_80_20_ward_k50",115,9
"historical_80_20_ward_k50",116,9
"historical_80_20_ward_k50",117,9
"historical_80_20_ward_k50",118,9
"historical_80_20_ward_k50",119,9
"historical_80_20_ward_k50",120,9
"historical_80_20_ward_k50",121,2
"historical_80_20_ward_k50",122,2
"historical_80_20_ward_k50",123,11
"historical_80_20_ward_k50",124,11
"historical_80_20_ward_k50",125,11
"historical_80_20_ward_k50",126,2
"historical_80_20_ward_k50",127,2
"historical_80_20_ward_k50",128,13
"historical_80_20_ward_k50",129,2
"historical_80_20_ward_k50",130,7
"historical_80_20_ward_k50",131,7
"historical_80_20_ward_k50",132,7
"historical_80_20_ward_k50",133,7
"historical_80_20_ward_k50",134,7
"historical_80_20_ward_k50",135,10
"historical_80_20_ward_k50",136,10
"historical_80_20_ward_k50",137,2
"historical_80_20_ward_k50",138,2
"historical_80_20_ward_k50",139,2
"historical_80_20_ward_k50",140,2
"historical_80_20_ward_k50",141,14
"historical_80_20_ward_k50",142,14
"historical_80_20_ward_k50",143,12
"historical_80_20_ward_k50",144,9
"historical_80_20_ward_k50",145,9
"historical_80_20_ward_k50",146,9
"historical_80_20_ward_k50",147,6
"historical_80_20_ward_k50",148,9
"historical_80_20_ward_k50",149,12
"historical_80_20_ward_k50",150,12
"historical_80_20_ward_k50",151,2
"historical_80_20_ward_k50",152,2
"historical_80_20_ward_k50",153,11
"historical_80_20_ward_k50",154,11
"historical_80_20_ward_k50",155,11
"historical_80_20_ward_k50",156,2
"historical_80_20_ward_k50",157,2
"historical_80_20_ward_k50",158,1
"historical_80_20_ward_k50",159,13
"historical_80_20_ward_k50",160,13
"historical_80_20_ward_k50",161,4
"historical_80_20_ward_k50",162,4
"historical_80_20_ward_k50",163,7
"historical_80_20_ward_k50",164,7
"historical_80_20_ward_k50",165,5
"historical_80_20_ward_k50",166,6
"historical_80_20_ward_k50",167,10
"historical_80_20_ward_k50",168,15
"historical_80_20_ward_k50",169,15
"historical_80_20_ward_k50",170,14
"historical_80_20_ward_k50",171,14
"historical_80_20_ward_k50",172,14
"historical_80_20_ward_k50",173,14
"historical_80_20_ward_k50",174,12
"historical_80_20_ward_k50",175,12
"historical_80_20_ward_k50",176,12
"historical_80_20_ward_k50",177,11
"historical_80_20_ward_k50",178,12
"historical_80_20_ward_k50",179,12
"historical_80_20_ward_k50",180,12
"historical_80_20_ward_k50",181,16
"historical_80_20_ward_k50",182,11
"historical_80_20_ward_k50",183,6
"historical_80_20_ward_k50",184,11
"historical_80_20_ward_k50",185,2
"historical_80_20_ward_k50",186,2
"historical_80_20_ward_k50",187,1
"historical_80_20_ward_k50",188,13
"historical_80_20_ward_k50",189,13
"historical_80_20_ward_k50",190,7
"historical_80_20_ward_k50",191,5
"historical_80_20_ward_k50",192,5
"historical_80_20_ward_k50",193,5
"historical_80_20_ward_k50",194,5
"historical_80_20_ward_k50",195,10
"historical_80_20_ward_k50",196,15
"historical_80_20_ward_k50",197,15
"historical_80_20_ward_k50",198,15
"historical_80_20_ward_k50",199,17
"historical_80_20_ward_k50",200,14
"historical_80_20_ward_k50",201,14
"historical_80_20_ward_k50",202,14
"historical_80_20_ward_k50",203,14
"historical_80_20_ward_k50",204,12
"historical_80_20_ward_k50",205,18
"historical_80_20_ward_k50",206,12
"historical_80_20_ward_k50",207,12
"historical_80_20_ward_k50",208,12
"historical_80_20_ward_k50",209,12
"historical_80_20_ward_k50",210,12
"historical_80_20_ward_k50",211,16
"historical_80_20_ward_k50",212,16
"historical_80_20_ward_k50",213,19
"historical_80_20_ward_k50",214,11
"historical_80_20_ward_k50",215,2
"historical_80_20_ward_k50",216,1
"historical_80_20_ward_k50",217,2
"historical_80_20_ward_k50",218,11
"historical_80_20_ward_k50",219,13
"historical_80_20_ward_k50",220,13
"historical_80_20_ward_k50",221,5
"historical_80_20_ward_k50",222,5
"historical_80_20_ward_k50",223,5
"historical_80_20_ward_k50",224,5
"historical_80_20_ward_k50",225,17
"historical_80_20_ward_k50",226,17
"historical_80_20_ward_k50",227,15
"historical_80_20_ward_k50",228,17
"historical_80_20_ward_k50",229,15
"historical_80_20_ward_k50",230,14
"historical_80_20_ward_k50",231,14
"historical_80_20_ward_k50",232,14
"historical_80_20_ward_k50",233,14
"historical_80_20_ward_k50",234,14
"historical_80_20_ward_k50",235,12
"historical_80_20_ward_k50",236,12
"historical_80_20_ward_k50",237,12
"historical_80_20_ward_k50",238,12
"historical_80_20_ward_k50",239,12
"historical_80_20_ward_k50",240,12
"historical_80_20_ward_k50",241,16
"historical_80_20_ward_k50",242,16
"historical_80_20_ward_k50",243,16
"historical_80_20_ward_k50",244,20
"historical_80_20_ward_k50",245,2
"historical_80_20_ward_k50",246,2
"historical_80_20_ward_k50",247,11
"historical_80_20_ward_k50",248,11
"historical_80_20_ward_k50",249,6
"historical_80_20_ward_k50",250,21
"historical_80_20_ward_k50",251,10
"historical_80_20_ward_k50",252,15
"historical_80_20_ward_k50",253,17
"historical_80_20_ward_k50",254,17
"historical_80_20_ward_k50",255,15
"historical_80_20_ward_k50",256,15
"historical_80_20_ward_k50",257,15
"historical_80_20_ward_k50",258,14
"historical_80_20_ward_k50",259,22
"historical_80_20_ward_k50",260,23
"historical_80_20_ward_k50",261,14
"historical_80_20_ward_k50",262,14
"historical_80_20_ward_k50",263,14
"historical_80_20_ward_k50",264,9
"historical_80_20_ward_k50",265,9
"historical_80_20_ward_k50",266,12
"historical_80_20_ward_k50",267,12
"historical_80_20_ward_k50",268,12
"historical_80_20_ward_k50",269,12
"historical_80_20_ward_k50",270,12
"historical_80_20_ward_k50",271,16
"historical_80_20_ward_k50",272,16
"historical_80_20_ward_k50",273,16
"historical_80_20_ward_k50",274,19
"historical_80_20_ward_k50",275,24
"historical_80_20_ward_k50",276,11
"historical_80_20_ward_k50",277,11
"historical_80_20_ward_k50",278,11
"historical_80_20_ward_k50",279,11
"historical_80_20_ward_k50",280,10
"historical_80_20_ward_k50",281,21
"historical_80_20_ward_k50",282,10
"historical_80_20_ward_k50",283,15
"historical_80_20_ward_k50",284,15
"historical_80_20_ward_k50",285,15
"historical_80_20_ward_k50",286,15
"historical_80_20_ward_k50",287,15
"historical_80_20_ward_k50",288,14
"historical_80_20_ward_k50",289,22
"historical_80_20_ward_k50",290,25
"historical_80_20_ward_k50",291,25
"historical_80_20_ward_k50",292,14
"historical_80_20_ward_k50",293,14
"historical_80_20_ward_k50",294,14
"historical_80_20_ward_k50",295,12
"historical_80_20_ward_k50",296,18
"historical_80_20_ward_k50",297,12
"historical_80_20_ward_k50",298,18
"historical_80_20_ward_k50",299,18
"historical_80_20_ward_k50",300,18
"historical_80_20_ward_k50",301,16
"historical_80_20_ward_k50",302,16
"historical_80_20_ward_k50",303,26
"historical_80_20_ward_k50",304,26
"historical_80_20_ward_k50",305,19
"historical_80_20_ward_k50",306,11
"historical_80_20_ward_k50",307,11
"historical_80_20_ward_k50",308,6
"historical_80_20_ward_k50",309,10
"historical_80_20_ward_k50",310,6
"historical_80_20_ward_k50",311,21
"historical_80_20_ward_k50",312,21
"historical_80_20_ward_k50",313,15
"historical_80_20_ward_k50",314,15
"historical_80_20_ward_k50",315,15
"historical_80_20_ward_k50",316,27
"historical_80_20_ward_k50",317,22
"historical_80_20_ward_k50",318,22
"historical_80_20_ward_k50",319,22
"historical_80_20_ward_k50",320,25
"historical_80_20_ward_k50",321,22
"historical_80_20_ward_k50",322,14
"historical_80_20_ward_k50",323,14
"historical_80_20_ward_k50",324,14
"historical_80_20_ward_k50",325,18
"historical_80_20_ward_k50",326,18
"historical_80_20_ward_k50",327,18
"historical_80_20_ward_k50",328,18
"historical_80_20_ward_k50",329,18
"historical_80_20_ward_k50",330,18
"historical_80_20_ward_k50",331,16
"historical_80_20_ward_k50",332,16
"historical_80_20_ward_k50",333,26
"historical_80_20_ward_k50",334,26
"historical_80_20_ward_k50",335,26
"historical_80_20_ward_k50",336,28
"historical_80_20_ward_k50",337,29
"historical_80_20_ward_k50",338,19
"historical_80_20_ward_k50",339,19
"historical_80_20_ward_k50",340,19
"historical_80_20_ward_k50",341,6
"historical_80_20_ward_k50",342,21
"historical_80_20_ward_k50",343,30
"historical_80_20_ward_k50",344,30
"historical_80_20_ward_k50",345,30
"historical_80_20_ward_k50",346,25
"historical_80_20_ward_k50",347,22
"historical_80_20_ward_k50",348,22
"historical_80_20_ward_k50",349,31
"historical_80_20_ward_k50",350,22
"historical_80_20_ward_k50",351,32
"historical_80_20_ward_k50",352,33
"historical_80_20_ward_k50",353,12
"historical_80_20_ward_k50",354,18
"historical_80_20_ward_k50",355,18
"historical_80_20_ward_k50",356,18
"historical_80_20_ward_k50",357,18
"historical_80_20_ward_k50",358,18
"historical_80_20_ward_k50",359,12
"historical_80_20_ward_k50",360,34
"historical_80_20_ward_k50",361,35
"historical_80_20_ward_k50",362,26
"historical_80_20_ward_k50",363,26
"historical_80_20_ward_k50",364,26
"historical_80_20_ward_k50",365,35
"historical_80_20_ward_k50",366,29
"historical_80_20_ward_k50",367,29
"historical_80_20_ward_k50",368,28
"historical_80_20_ward_k50",369,19
"historical_80_20_ward_k50",370,19
"historical_80_20_ward_k50",371,21
"historical_80_20_ward_k50",372,21
"historical_80_20_ward_k50",373,30
"historical_80_20_ward_k50",374,30
"historical_80_20_ward_k50",375,25
"historical_80_20_ward_k50",376,22
"historical_80_20_ward_k50",377,22
"historical_80_20_ward_k50",378,32
"historical_80_20_ward_k50",379,22
"historical_80_20_ward_k50",380,32
"historical_80_20_ward_k50",381,32
"historical_80_20_ward_k50",382,33
"historical_80_20_ward_k50",383,34
"historical_80_20_ward_k50",384,36
"historical_80_20_ward_k50",385,18
"historical_80_20_ward_k50",386,18
"historical_80_20_ward_k50",387,18
"historical_80_20_ward_k50",388,18
"historical_80_20_ward_k50",389,34
"historical_80_20_ward_k50",390,34
"historical_80_20_ward_k50",391,35
"historical_80_20_ward_k50",392,35
"historical_80_20_ward_k50",393,35
"historical_80_20_ward_k50",394,35
"historical_80_20_ward_k50",395,35
"historical_80_20_ward_k50",396,29
"historical_80_20_ward_k50",397,29
"historical_80_20_ward_k50",398,29
"historical_80_20_ward_k50",399,23
"historical_80_20_ward_k50",400,19
"historical_80_20_ward_k50",401,10
"historical_80_20_ward_k50",402,21
"historical_80_20_ward_k50",403,30
"historical_80_20_ward_k50",404,30
"historical_80_20_ward_k50",405,25
"historical_80_20_ward_k50",406,22
"historical_80_20_ward_k50",407,37
"historical_80_20_ward_k50",408,31
"historical_80_20_ward_k50",409,22
"historical_80_20_ward_k50",410,38
"historical_80_20_ward_k50",411,32
"historical_80_20_ward_k50",412,32
"historical_80_20_ward_k50",413,33
"historical_80_20_ward_k50",414,36
"historical_80_20_ward_k50",415,36
"historical_80_20_ward_k50",416,18
"historical_80_20_ward_k50",417,18
"historical_80_20_ward_k50",418,18
"historical_80_20_ward_k50",419,36
"historical_80_20_ward_k50",420,34
"historical_80_20_ward_k50",421,29
"historical_80_20_ward_k50",422,35
"historical_80_20_ward_k50",423,35
"historical_80_20_ward_k50",424,35
"historical_80_20_ward_k50",425,29
"historical_80_20_ward_k50",426,29
"historical_80_20_ward_k50",427,29
"historical_80_20_ward_k50",428,29
"historical_80_20_ward_k50",429,23
"historical_80_20_ward_k50",430,39
"historical_80_20_ward_k50",431,27
"historical_80_20_ward_k50",432,27
"historical_80_20_ward_k50",433,25
"historical_80_20_ward_k50",434,25
"historical_80_20_ward_k50",435,25
"historical_80_20_ward_k50",436,37
"historical_80_20_ward_k50",437,24
"historical_80_20_ward_k50",438,22
"historical_80_20_ward_k50",439,22
"historical_80_20_ward_k50",440,32
"historical_80_20_ward_k50",441,32
"historical_80_20_ward_k50",442,32
"historical_80_20_ward_k50",443,36
"historical_80_20_ward_k50",444,36
"historical_80_20_ward_k50",445,36
"historical_80_20_ward_k50",446,36
"historical_80_20_ward_k50",447,36
"historical_80_20_ward_k50",448,36
"historical_80_20_ward_k50",449,36
"historical_80_20_ward_k50",450,36
"historical_80_20_ward_k50",451,29
"historical_80_20_ward_k50",452,35
"historical_80_20_ward_k50",453,35
"historical_80_20_ward_k50",454,29
"historical_80_20_ward_k50",455,29
"historical_80_20_ward_k50",456,29
"historical_80_20_ward_k50",457,29
"historical_80_20_ward_k50",458,40
"historical_80_20_ward_k50",459,40
"historical_80_20_ward_k50",460,39
"historical_80_20_ward_k50",461,34
"historical_80_20_ward_k50",462,27
"historical_80_20_ward_k50",463,27
"historical_80_20_ward_k50",464,25
"historical_80_20_ward_k50",465,37
"historical_80_20_ward_k50",466,37
"historical_80_20_ward_k50",467,37
"historical_80_20_ward_k50",468,37
"historical_80_20_ward_k50",469,38
"historical_80_20_ward_k50",470,32
"historical_80_20_ward_k50",471,32
"historical_80_20_ward_k50",472,32
"historical_80_20_ward_k50",473,18
"historical_80_20_ward_k50",474,36
"historical_80_20_ward_k50",475,36
"historical_80_20_ward_k50",476,36
"historical_80_20_ward_k50",477,36
"historical_80_20_ward_k50",478,36
"historical_80_20_ward_k50",479,36
"historical_80_20_ward_k50",480,36
"historical_80_20_ward_k50",481,35
"historical_80_20_ward_k50",482,29
"historical_80_20_ward_k50",483,29
"historical_80_20_ward_k50",484,29
"historical_80_20_ward_k50",485,29
"historical_80_20_ward_k50",486,29
"historical_80_20_ward_k50",487,29
"historical_80_20_ward_k50",488,40
"historical_80_20_ward_k50",489,31
"historical_80_20_ward_k50",490,34
"historical_80_20_ward_k50",491,34
"historical_80_20_ward_k50",492,27
"historical_80_20_ward_k50",493,25
"historical_80_20_ward_k50",494,37
"historical_80_20_ward_k50",495,37
"historical_80_20_ward_k50",496,37
"historical_80_20_ward_k50",497,37
"historical_80_20_ward_k50",498,41
"historical_80_20_ward_k50",499,41
"historical_80_20_ward_k50",500,41
"historical_80_20_ward_k50",501,32
"historical_80_20_ward_k50",502,32
"historical_80_20_ward_k50",503,36
"historical_80_20_ward_k50",504,36
"historical_80_20_ward_k50",505,36
"historical_80_20_ward_k50",506,36
"historical_80_20_ward_k50",507,36
"historical_80_20_ward_k50",508,36
"historical_80_20_ward_k50",509,36
"historical_80_20_ward_k50",510,36
"historical_80_20_ward_k50",511,29
"historical_80_20_ward_k50",512,29
"historical_80_20_ward_k50",513,29
"historical_80_20_ward_k50",514,29
"historical_80_20_ward_k50",515,29
"historical_80_20_ward_k50",516,29
"historical_80_20_ward_k50",517,29
"historical_80_20_ward_k50",518,29
"historical_80_20_ward_k50",519,29
"historical_80_20_ward_k50",520,20
"historical_80_20_ward_k50",521,34
"historical_80_20_ward_k50",522,27
"historical_80_20_ward_k50",523,25
"historical_80_20_ward_k50",524,25
"historical_80_20_ward_k50",525,37
"historical_80_20_ward_k50",526,37
"historical_80_20_ward_k50",527,37
"historical_80_20_ward_k50",528,41
"historical_80_20_ward_k50",529,41
"historical_80_20_ward_k50",530,41
"historical_80_20_ward_k50",531,32
"historical_80_20_ward_k50",532,32
"historical_80_20_ward_k50",533,36
"historical_80_20_ward_k50",534,36
"historical_80_20_ward_k50",535,36
"historical_80_20_ward_k50",536,36
"historical_80_20_ward_k50",537,36
"historical_80_20_ward_k50",538,36
"historical_80_20_ward_k50",539,36
"historical_80_20_ward_k50",540,36
"historical_80_20_ward_k50",541,29
"historical_80_20_ward_k50",542,29
"historical_80_20_ward_k50",543,29
"historical_80_20_ward_k50",544,29
"historical_80_20_ward_k50",545,29
"historical_80_20_ward_k50",546,29
"historical_80_20_ward_k50",547,29
"historical_80_20_ward_k50",548,40
"historical_80_20_ward_k50",549,40
"historical_80_20_ward_k50",550,39
"historical_80_20_ward_k50",551,39
"historical_80_20_ward_k50",552,25
"historical_80_20_ward_k50",553,25
"historical_80_20_ward_k50",554,41
"historical_80_20_ward_k50",555,37
"historical_80_20_ward_k50",556,37
"historical_80_20_ward_k50",557,41
"historical_80_20_ward_k50",558,41
"historical_80_20_ward_k50",559,41
"historical_80_20_ward_k50",560,41
"historical_80_20_ward_k50",561,41
"historical_80_20_ward_k50",562,41
"historical_80_20_ward_k50",563,36
"historical_80_20_ward_k50",564,36
"historical_80_20_ward_k50",565,36
"historical_80_20_ward_k50",566,36
"historical_80_20_ward_k50",567,36
"historical_80_20_ward_k50",568,36
"historical_80_20_ward_k50",569,36
"historical_80_20_ward_k50",570,36
"historical_80_20_ward_k50",571,29
"historical_80_20_ward_k50",572,29
"historical_80_20_ward_k50",573,29
"historical_80_20_ward_k50",574,29
"historical_80_20_ward_k50",575,29
"historical_80_20_ward_k50",576,29
"historical_80_20_ward_k50",577,29
"historical_80_20_ward_k50",578,35
"historical_80_20_ward_k50",579,35
"historical_80_20_ward_k50",580,28
"historical_80_20_ward_k50",581,39
"historical_80_20_ward_k50",582,40
"historical_80_20_ward_k50",583,41
"historical_80_20_ward_k50",584,41
"historical_80_20_ward_k50",585,41
"historical_80_20_ward_k50",586,37
"historical_80_20_ward_k50",587,41
"historical_80_20_ward_k50",588,37
"historical_80_20_ward_k50",589,41
"historical_80_20_ward_k50",590,41
"historical_80_20_ward_k50",591,41
"historical_80_20_ward_k50",592,41
"historical_80_20_ward_k50",593,41
"historical_80_20_ward_k50",594,36
"historical_80_20_ward_k50",595,36
"historical_80_20_ward_k50",596,18
"historical_80_20_ward_k50",597,36
"historical_80_20_ward_k50",598,36
"historical_80_20_ward_k50",599,36
"historical_80_20_ward_k50",600,36
"historical_80_20_ward_k50",601,29
"historical_80_20_ward_k50",602,29
"historical_80_20_ward_k50",603,29
"historical_80_20_ward_k50",604,29
"historical_80_20_ward_k50",605,29
"historical_80_20_ward_k50",606,29
"historical_80_20_ward_k50",607,40
"historical_80_20_ward_k50",608,35
"historical_80_20_ward_k50",609,35
"historical_80_20_ward_k50",610,28
"historical_80_20_ward_k50",611,28
"historical_80_20_ward_k50",612,41
"historical_80_20_ward_k50",613,41
"historical_80_20_ward_k50",614,41
"historical_80_20_ward_k50",615,42
"historical_80_20_ward_k50",616,42
"historical_80_20_ward_k50",617,41
"historical_80_20_ward_k50",618,41
"historical_80_20_ward_k50",619,42
"historical_80_20_ward_k50",620,41
"historical_80_20_ward_k50",621,41
"historical_80_20_ward_k50",622,41
"historical_80_20_ward_k50",623,41
"historical_80_20_ward_k50",624,18
"historical_80_20_ward_k50",625,18
"historical_80_20_ward_k50",626,18
"historical_80_20_ward_k50",627,18
"historical_80_20_ward_k50",628,36
"historical_80_20_ward_k50",629,36
"historical_80_20_ward_k50",630,36
"historical_80_20_ward_k50",631,29
"historical_80_20_ward_k50",632,29
"historical_80_20_ward_k50",633,29
"historical_80_20_ward_k50",634,29
"historical_80_20_ward_k50",635,40
"historical_80_20_ward_k50",636,40
"historical_80_20_ward_k50",637,40
"historical_80_20_ward_k50",638,40
"historical_80_20_ward_k50",639,26
"historical_80_20_ward_k50",640,23
"historical_80_20_ward_k50",641,23
"historical_80_20_ward_k50",642,29
"historical_80_20_ward_k50",643,42
"historical_80_20_ward_k50",644,42
"historical_80_20_ward_k50",645,42
"historical_80_20_ward_k50",646,42
"historical_80_20_ward_k50",647,42
"historical_80_20_ward_k50",648,42
"historical_80_20_ward_k50",649,42
"historical_80_20_ward_k50",650,42
"historical_80_20_ward_k50",651,41
"historical_80_20_ward_k50",652,41
"historical_80_20_ward_k50",653,41
"historical_80_20_ward_k50",654,18
"historical_80_20_ward_k50",655,18
"historical_80_20_ward_k50",656,18
"historical_80_20_ward_k50",657,18
"historical_80_20_ward_k50",658,18
"historical_80_20_ward_k50",659,36
"historical_80_20_ward_k50",660,36
"historical_80_20_ward_k50",661,29
"historical_80_20_ward_k50",662,29
"historical_80_20_ward_k50",663,29
"historical_80_20_ward_k50",664,40
"historical_80_20_ward_k50",665,40
"historical_80_20_ward_k50",666,40
"historical_80_20_ward_k50",667,40
"historical_80_20_ward_k50",668,40
"historical_80_20_ward_k50",669,26
"historical_80_20_ward_k50",670,23
"historical_80_20_ward_k50",671,26
"historical_80_20_ward_k50",672,42
"historical_80_20_ward_k50",673,42
"historical_80_20_ward_k50",674,42
"historical_80_20_ward_k50",675,42
"historical_80_20_ward_k50",676,42
"historical_80_20_ward_k50",677,42
"historical_80_20_ward_k50",678,42
"historical_80_20_ward_k50",679,42
"historical_80_20_ward_k50",680,41
"historical_80_20_ward_k50",681,41
"historical_80_20_ward_k50",682,41
"historical_80_20_ward_k50",683,41
"historical_80_20_ward_k50",684,18
"historical_80_20_ward_k50",685,18
"historical_80_20_ward_k50",686,18
"historical_80_20_ward_k50",687,36
"historical_80_20_ward_k50",688,36
"historical_80_20_ward_k50",689,36
"historical_80_20_ward_k50",690,36
"historical_80_20_ward_k50",691,29
"historical_80_20_ward_k50",692,29
"historical_80_20_ward_k50",693,29
"historical_80_20_ward_k50",694,29
"historical_80_20_ward_k50",695,40
"historical_80_20_ward_k50",696,40
"historical_80_20_ward_k50",697,43
"historical_80_20_ward_k50",698,44
"historical_80_20_ward_k50",699,44
"historical_80_20_ward_k50",700,23
"historical_80_20_ward_k50",701,28
"historical_80_20_ward_k50",702,42
"historical_80_20_ward_k50",703,42
"historical_80_20_ward_k50",704,42
"historical_80_20_ward_k50",705,42
"historical_80_20_ward_k50",706,42
"historical_80_20_ward_k50",707,42
"historical_80_20_ward_k50",708,42
"historical_80_20_ward_k50",709,42
"historical_80_20_ward_k50",710,42
"historical_80_20_ward_k50",711,41
"historical_80_20_ward_k50",712,41
"historical_80_20_ward_k50",713,41
"historical_80_20_ward_k50",714,37
"historical_80_20_ward_k50",715,25
"historical_80_20_ward_k50",716,18
"historical_80_20_ward_k50",717,36
"historical_80_20_ward_k50",718,36
"historical_80_20_ward_k50",719,36
"historical_80_20_ward_k50",720,36
"historical_80_20_ward_k50",721,34
"historical_80_20_ward_k50",722,43
"historical_80_20_ward_k50",723,35
"historical_80_20_ward_k50",724,43
"historical_80_20_ward_k50",725,43
"historical_80_20_ward_k50",726,43
"historical_80_20_ward_k50",727,43
"historical_80_20_ward_k50",728,44
"historical_80_20_ward_k50",729,44
"historical_80_20_ward_k50",730,44
"historical_80_20_ward_k50",731,44
"historical_80_20_ward_k50",732,42
"historical_80_20_ward_k50",733,45
"historical_80_20_ward_k50",734,45
"historical_80_20_ward_k50",735,45
"historical_80_20_ward_k50",736,42
"historical_80_20_ward_k50",737,42
"historical_80_20_ward_k50",738,42
"historical_80_20_ward_k50",739,42
"historical_80_20_ward_k50",740,42
"historical_80_20_ward_k50",741,42
"historical_80_20_ward_k50",742,41
"historical_80_20_ward_k50",743,37
"historical_80_20_ward_k50",744,41
"historical_80_20_ward_k50",745,42
"historical_80_20_ward_k50",746,41
"historical_80_20_ward_k50",747,42
"historical_80_20_ward_k50",748,42
"historical_80_20_ward_k50",749,38
"historical_80_20_ward_k50",750,10
"historical_80_20_ward_k50",751,46
"historical_80_20_ward_k50",752,43
"historical_80_20_ward_k50",753,46
"historical_80_20_ward_k50",754,43
"historical_80_20_ward_k50",755,43
"historical_80_20_ward_k50",756,43
"historical_80_20_ward_k50",757,43
"historical_80_20_ward_k50",758,44
"historical_80_20_ward_k50",759,43
"historical_80_20_ward_k50",760,44
"historical_80_20_ward_k50",761,44
"historical_80_20_ward_k50",762,28
"historical_80_20_ward_k50",763,45
"historical_80_20_ward_k50",764,45
"historical_80_20_ward_k50",765,45
"historical_80_20_ward_k50",766,45
"historical_80_20_ward_k50",767,42
"historical_80_20_ward_k50",768,42
"historical_80_20_ward_k50",769,42
"historical_80_20_ward_k50",770,42
"historical_80_20_ward_k50",771,42
"historical_80_20_ward_k50",772,41
"historical_80_20_ward_k50",773,37
"historical_80_20_ward_k50",774,37
"historical_80_20_ward_k50",775,37
"historical_80_20_ward_k50",776,41
"historical_80_20_ward_k50",777,42
"historical_80_20_ward_k50",778,38
"historical_80_20_ward_k50",779,38
"historical_80_20_ward_k50",780,38
"historical_80_20_ward_k50",781,46
"historical_80_20_ward_k50",782,46
"historical_80_20_ward_k50",783,46
"historical_80_20_ward_k50",784,46
"historical_80_20_ward_k50",785,46
"historical_80_20_ward_k50",786,43
"historical_80_20_ward_k50",787,46
"historical_80_20_ward_k50",788,43
"historical_80_20_ward_k50",789,44
"historical_80_20_ward_k50",790,44
"historical_80_20_ward_k50",791,47
"historical_80_20_ward_k50",792,45
"historical_80_20_ward_k50",793,45
"historical_80_20_ward_k50",794,45
"historical_80_20_ward_k50",795,45
"historical_80_20_ward_k50",796,45
"historical_80_20_ward_k50",797,41
"historical_80_20_ward_k50",798,42
"historical_80_20_ward_k50",799,42
"historical_80_20_ward_k50",800,42
"historical_80_20_ward_k50",801,41
"historical_80_20_ward_k50",802,41
"historical_80_20_ward_k50",803,37
"historical_80_20_ward_k50",804,37
"historical_80_20_ward_k50",805,37
"historical_80_20_ward_k50",806,41
"historical_80_20_ward_k50",807,38
"historical_80_20_ward_k50",808,38
"historical_80_20_ward_k50",809,38
"historical_80_20_ward_k50",810,48
"historical_80_20_ward_k50",811,46
"historical_80_20_ward_k50",812,46
"historical_80_20_ward_k50",813,46
"historical_80_20_ward_k50",814,46
"historical_80_20_ward_k50",815,46
"historical_80_20_ward_k50",816,46
"historical_80_20_ward_k50",817,46
"historical_80_20_ward_k50",818,43
"historical_80_20_ward_k50",819,46
"historical_80_20_ward_k50",820,47
"historical_80_20_ward_k50",821,47
"historical_80_20_ward_k50",822,33
"historical_80_20_ward_k50",823,33
"historical_80_20_ward_k50",824,45
"historical_80_20_ward_k50",825,45
"historical_80_20_ward_k50",826,41
"historical_80_20_ward_k50",827,42
"historical_80_20_ward_k50",828,42
"historical_80_20_ward_k50",829,42
"historical_80_20_ward_k50",830,49
"historical_80_20_ward_k50",831,49
"historical_80_20_ward_k50",832,41
"historical_80_20_ward_k50",833,37
"historical_80_20_ward_k50",834,37
"historical_80_20_ward_k50",835,37
"historical_80_20_ward_k50",836,37
"historical_80_20_ward_k50",837,38
"historical_80_20_ward_k50",838,38
"historical_80_20_ward_k50",839,38
"historical_80_20_ward_k50",840,48
"historical_80_20_ward_k50",841,46
"historical_80_20_ward_k50",842,46
"historical_80_20_ward_k50",843,46
"historical_80_20_ward_k50",844,46
"historical_80_20_ward_k50",845,46
"historical_80_20_ward_k50",846,46
"historical_80_20_ward_k50",847,46
"historical_80_20_ward_k50",848,43
"historical_80_20_ward_k50",849,47
"historical_80_20_ward_k50",850,47
"historical_80_20_ward_k50",851,47
"historical_80_20_ward_k50",852,33
"historical_80_20_ward_k50",853,33
"historical_80_20_ward_k50",854,45
"historical_80_20_ward_k50",855,45
"historical_80_20_ward_k50",856,45
"historical_80_20_ward_k50",857,49
"historical_80_20_ward_k50",858,49
"historical_80_20_ward_k50",859,49
"historical_80_20_ward_k50",860,49
"historical_80_20_ward_k50",861,49
"historical_80_20_ward_k50",862,41
"historical_80_20_ward_k50",863,37
"historical_80_20_ward_k50",864,24
"historical_80_20_ward_k50",865,24
"historical_80_20_ward_k50",866,50
"historical_80_20_ward_k50",867,38
"historical_80_20_ward_k50",868,38
"historical_80_20_ward_k50",869,48
"historical_80_20_ward_k50",870,48
"historical_80_20_ward_k50",871,46
"historical_80_20_ward_k50",872,46
"historical_80_20_ward_k50",873,46
"historical_80_20_ward_k50",874,46
"historical_80_20_ward_k50",875,46
"historical_80_20_ward_k50",876,46
"historical_80_20_ward_k50",877,46
"historical_80_20_ward_k50",878,43
"historical_80_20_ward_k50",879,46
"historical_80_20_ward_k50",880,47
"historical_80_20_ward_k50",881,47
"historical_80_20_ward_k50",882,20
"historical_80_20_ward_k50",883,33
"historical_80_20_ward_k50",884,33
"historical_80_20_ward_k50",885,45
"historical_80_20_ward_k50",886,49
"historical_80_20_ward_k50",887,49
"historical_80_20_ward_k50",888,49
"historical_80_20_ward_k50",889,49
"historical_80_20_ward_k50",890,49
"historical_80_20_ward_k50",891,49
"historical_80_20_ward_k50",892,41
"historical_80_20_ward_k50",893,41
"historical_80_20_ward_k50",894,24
"historical_80_20_ward_k50",895,31
"historical_80_20_ward_k50",896,31
"historical_80_20_ward_k50",897,50
"historical_80_20_ward_k50",898,48
"historical_80_20_ward_k50",899,48
"historical_80_20_ward_k50",900,48
"historical_80_20_ward_k62",1,1
"historical_80_20_ward_k62",2,2
"historical_80_20_ward_k62",3,2
"historical_80_20_ward_k62",4,3
"historical_80_20_ward_k62",5,3
"historical_80_20_ward_k62",6,3
"historical_80_20_ward_k62",7,4
"historical_80_20_ward_k62",8,4
"historical_80_20_ward_k62",9,4
"historical_80_20_ward_k62",10,2
"historical_80_20_ward_k62",11,4
"historical_80_20_ward_k62",12,4
"historical_80_20_ward_k62",13,5
"historical_80_20_ward_k62",14,5
"historical_80_20_ward_k62",15,5
"historical_80_20_ward_k62",16,3
"historical_80_20_ward_k62",17,2
"historical_80_20_ward_k62",18,2
"historical_80_20_ward_k62",19,3
"historical_80_20_ward_k62",20,6
"historical_80_20_ward_k62",21,7
"historical_80_20_ward_k62",22,7
"historical_80_20_ward_k62",23,8
"historical_80_20_ward_k62",24,8
"historical_80_20_ward_k62",25,8
"historical_80_20_ward_k62",26,8
"historical_80_20_ward_k62",27,8
"historical_80_20_ward_k62",28,8
"historical_80_20_ward_k62",29,9
"historical_80_20_ward_k62",30,9
"historical_80_20_ward_k62",31,1
"historical_80_20_ward_k62",32,1
"historical_80_20_ward_k62",33,2
"historical_80_20_ward_k62",34,2
"historical_80_20_ward_k62",35,3
"historical_80_20_ward_k62",36,6
"historical_80_20_ward_k62",37,6
"historical_80_20_ward_k62",38,4
"historical_80_20_ward_k62",39,7
"historical_80_20_ward_k62",40,4
"historical_80_20_ward_k62",41,7
"historical_80_20_ward_k62",42,7
"historical_80_20_ward_k62",43,4
"historical_80_20_ward_k62",44,5
"historical_80_20_ward_k62",45,5
"historical_80_20_ward_k62",46,6
"historical_80_20_ward_k62",47,10
"historical_80_20_ward_k62",48,11
"historical_80_20_ward_k62",49,12
"historical_80_20_ward_k62",50,6
"historical_80_20_ward_k62",51,7
"historical_80_20_ward_k62",52,7
"historical_80_20_ward_k62",53,8
"historical_80_20_ward_k62",54,8
"historical_80_20_ward_k62",55,8
"historical_80_20_ward_k62",56,8
"historical_80_20_ward_k62",57,8
"historical_80_20_ward_k62",58,8
"historical_80_20_ward_k62",59,9
"historical_80_20_ward_k62",60,9
"historical_80_20_ward_k62",61,1
"historical_80_20_ward_k62",62,11
"historical_80_20_ward_k62",63,11
"historical_80_20_ward_k62",64,2
"historical_80_20_ward_k62",65,6
"historical_80_20_ward_k62",66,6
"historical_80_20_ward_k62",67,6
"historical_80_20_ward_k62",68,4
"historical_80_20_ward_k62",69,4
"historical_80_20_ward_k62",70,7
"historical_80_20_ward_k62",71,7
"historical_80_20_ward_k62",72,7
"historical_80_20_ward_k62",73,7
"historical_80_20_ward_k62",74,5
"historical_80_20_ward_k62",75,5
"historical_80_20_ward_k62",76,10
"historical_80_20_ward_k62",77,11
"historical_80_20_ward_k62",78,2
"historical_80_20_ward_k62",79,12
"historical_80_20_ward_k62",80,6
"historical_80_20_ward_k62",81,6
"historical_80_20_ward_k62",82,8
"historical_80_20_ward_k62",83,8
"historical_80_20_ward_k62",84,9
"historical_80_20_ward_k62",85,9
"historical_80_20_ward_k62",86,9
"historical_80_20_ward_k62",87,9
"historical_80_20_ward_k62",88,9
"historical_80_20_ward_k62",89,9
"historical_80_20_ward_k62",90,9
"historical_80_20_ward_k62",91,2
"historical_80_20_ward_k62",92,11
"historical_80_20_ward_k62",93,11
"historical_80_20_ward_k62",94,12
"historical_80_20_ward_k62",95,12
"historical_80_20_ward_k62",96,12
"historical_80_20_ward_k62",97,3
"historical_80_20_ward_k62",98,6
"historical_80_20_ward_k62",99,7
"historical_80_20_ward_k62",100,4
"historical_80_20_ward_k62",101,4
"historical_80_20_ward_k62",102,7
"historical_80_20_ward_k62",103,7
"historical_80_20_ward_k62",104,7
"historical_80_20_ward_k62",105,5
"historical_80_20_ward_k62",106,6
"historical_80_20_ward_k62",107,10
"historical_80_20_ward_k62",108,2
"historical_80_20_ward_k62",109,11
"historical_80_20_ward_k62",110,12
"historical_80_20_ward_k62",111,11
"historical_80_20_ward_k62",112,12
"historical_80_20_ward_k62",113,13
"historical_80_20_ward_k62",114,9
"historical_80_20_ward_k62",115,9
"historical_80_20_ward_k62",116,9
"historical_80_20_ward_k62",117,9
"historical_80_20_ward_k62",118,9
"historical_80_20_ward_k62",119,9
"historical_80_20_ward_k62",120,9
"historical_80_20_ward_k62",121,2
"historical_80_20_ward_k62",122,2
"historical_80_20_ward_k62",123,12
"historical_80_20_ward_k62",124,12
"historical_80_20_ward_k62",125,12
"historical_80_20_ward_k62",126,11
"historical_80_20_ward_k62",127,2
"historical_80_20_ward_k62",128,14
"historical_80_20_ward_k62",129,2
"historical_80_20_ward_k62",130,7
"historical_80_20_ward_k62",131,7
"historical_80_20_ward_k62",132,7
"historical_80_20_ward_k62",133,7
"historical_80_20_ward_k62",134,7
"historical_80_20_ward_k62",135,10
"historical_80_20_ward_k62",136,10
"historical_80_20_ward_k62",137,11
"historical_80_20_ward_k62",138,11
"historical_80_20_ward_k62",139,11
"historical_80_20_ward_k62",140,11
"historical_80_20_ward_k62",141,15
"historical_80_20_ward_k62",142,15
"historical_80_20_ward_k62",143,13
"historical_80_20_ward_k62",144,9
"historical_80_20_ward_k62",145,9
"historical_80_20_ward_k62",146,9
"historical_80_20_ward_k62",147,6
"historical_80_20_ward_k62",148,9
"historical_80_20_ward_k62",149,13
"historical_80_20_ward_k62",150,13
"historical_80_20_ward_k62",151,2
"historical_80_20_ward_k62",152,11
"historical_80_20_ward_k62",153,12
"historical_80_20_ward_k62",154,12
"historical_80_20_ward_k62",155,12
"historical_80_20_ward_k62",156,11
"historical_80_20_ward_k62",157,2
"historical_80_20_ward_k62",158,1
"historical_80_20_ward_k62",159,14
"historical_80_20_ward_k62",160,14
"historical_80_20_ward_k62",161,4
"historical_80_20_ward_k62",162,4
"historical_80_20_ward_k62",163,7
"historical_80_20_ward_k62",164,7
"historical_80_20_ward_k62",165,5
"historical_80_20_ward_k62",166,6
"historical_80_20_ward_k62",167,10
"historical_80_20_ward_k62",168,16
"historical_80_20_ward_k62",169,16
"historical_80_20_ward_k62",170,17
"historical_80_20_ward_k62",171,15
"historical_80_20_ward_k62",172,15
"historical_80_20_ward_k62",173,15
"historical_80_20_ward_k62",174,13
"historical_80_20_ward_k62",175,13
"historical_80_20_ward_k62",176,13
"historical_80_20_ward_k62",177,12
"historical_80_20_ward_k62",178,13
"historical_80_20_ward_k62",179,13
"historical_80_20_ward_k62",180,13
"historical_80_20_ward_k62",181,18
"historical_80_20_ward_k62",182,12
"historical_80_20_ward_k62",183,6
"historical_80_20_ward_k62",184,19
"historical_80_20_ward_k62",185,11
"historical_80_20_ward_k62",186,2
"historical_80_20_ward_k62",187,1
"historical_80_20_ward_k62",188,14
"historical_80_20_ward_k62",189,14
"historical_80_20_ward_k62",190,7
"historical_80_20_ward_k62",191,5
"historical_80_20_ward_k62",192,5
"historical_80_20_ward_k62",193,5
"historical_80_20_ward_k62",194,5
"historical_80_20_ward_k62",195,10
"historical_80_20_ward_k62",196,16
"historical_80_20_ward_k62",197,16
"historical_80_20_ward_k62",198,16
"historical_80_20_ward_k62",199,20
"historical_80_20_ward_k62",200,17
"historical_80_20_ward_k62",201,15
"historical_80_20_ward_k62",202,15
"historical_80_20_ward_k62",203,15
"historical_80_20_ward_k62",204,13
"historical_80_20_ward_k62",205,21
"historical_80_20_ward_k62",206,13
"historical_80_20_ward_k62",207,13
"historical_80_20_ward_k62",208,13
"historical_80_20_ward_k62",209,13
"historical_80_20_ward_k62",210,13
"historical_80_20_ward_k62",211,18
"historical_80_20_ward_k62",212,18
"historical_80_20_ward_k62",213,22
"historical_80_20_ward_k62",214,19
"historical_80_20_ward_k62",215,2
"historical_80_20_ward_k62",216,1
"historical_80_20_ward_k62",217,2
"historical_80_20_ward_k62",218,19
"historical_80_20_ward_k62",219,14
"historical_80_20_ward_k62",220,14
"historical_80_20_ward_k62",221,5
"historical_80_20_ward_k62",222,5
"historical_80_20_ward_k62",223,5
"historical_80_20_ward_k62",224,5
"historical_80_20_ward_k62",225,20
"historical_80_20_ward_k62",226,20
"historical_80_20_ward_k62",227,16
"historical_80_20_ward_k62",228,20
"historical_80_20_ward_k62",229,16
"historical_80_20_ward_k62",230,17
"historical_80_20_ward_k62",231,15
"historical_80_20_ward_k62",232,15
"historical_80_20_ward_k62",233,15
"historical_80_20_ward_k62",234,15
"historical_80_20_ward_k62",235,13
"historical_80_20_ward_k62",236,13
"historical_80_20_ward_k62",237,13
"historical_80_20_ward_k62",238,13
"historical_80_20_ward_k62",239,13
"historical_80_20_ward_k62",240,13
"historical_80_20_ward_k62",241,18
"historical_80_20_ward_k62",242,18
"historical_80_20_ward_k62",243,18
"historical_80_20_ward_k62",244,23
"historical_80_20_ward_k62",245,2
"historical_80_20_ward_k62",246,2
"historical_80_20_ward_k62",247,19
"historical_80_20_ward_k62",248,19
"historical_80_20_ward_k62",249,6
"historical_80_20_ward_k62",250,24
"historical_80_20_ward_k62",251,10
"historical_80_20_ward_k62",252,16
"historical_80_20_ward_k62",253,20
"historical_80_20_ward_k62",254,20
"historical_80_20_ward_k62",255,16
"historical_80_20_ward_k62",256,16
"historical_80_20_ward_k62",257,16
"historical_80_20_ward_k62",258,17
"historical_80_20_ward_k62",259,25
"historical_80_20_ward_k62",260,26
"historical_80_20_ward_k62",261,15
"historical_80_20_ward_k62",262,15
"historical_80_20_ward_k62",263,15
"historical_80_20_ward_k62",264,9
"historical_80_20_ward_k62",265,9
"historical_80_20_ward_k62",266,13
"historical_80_20_ward_k62",267,13
"historical_80_20_ward_k62",268,13
"historical_80_20_ward_k62",269,13
"historical_80_20_ward_k62",270,13
"historical_80_20_ward_k62",271,18
"historical_80_20_ward_k62",272,18
"historical_80_20_ward_k62",273,18
"historical_80_20_ward_k62",274,22
"historical_80_20_ward_k62",275,27
"historical_80_20_ward_k62",276,19
"historical_80_20_ward_k62",277,19
"historical_80_20_ward_k62",278,19
"historical_80_20_ward_k62",279,19
"historical_80_20_ward_k62",280,10
"historical_80_20_ward_k62",281,24
"historical_80_20_ward_k62",282,10
"historical_80_20_ward_k62",283,16
"historical_80_20_ward_k62",284,16
"historical_80_20_ward_k62",285,16
"historical_80_20_ward_k62",286,16
"historical_80_20_ward_k62",287,16
"historical_80_20_ward_k62",288,17
"historical_80_20_ward_k62",289,25
"historical_80_20_ward_k62",290,28
"historical_80_20_ward_k62",291,28
"historical_80_20_ward_k62",292,15
"historical_80_20_ward_k62",293,15
"historical_80_20_ward_k62",294,15
"historical_80_20_ward_k62",295,13
"historical_80_20_ward_k62",296,21
"historical_80_20_ward_k62",297,13
"historical_80_20_ward_k62",298,21
"historical_80_20_ward_k62",299,21
"historical_80_20_ward_k62",300,21
"historical_80_20_ward_k62",301,18
"historical_80_20_ward_k62",302,18
"historical_80_20_ward_k62",303,29
"historical_80_20_ward_k62",304,29
"historical_80_20_ward_k62",305,22
"historical_80_20_ward_k62",306,19
"historical_80_20_ward_k62",307,19
"historical_80_20_ward_k62",308,6
"historical_80_20_ward_k62",309,30
"historical_80_20_ward_k62",310,6
"historical_80_20_ward_k62",311,24
"historical_80_20_ward_k62",312,24
"historical_80_20_ward_k62",313,16
"historical_80_20_ward_k62",314,16
"historical_80_20_ward_k62",315,16
"historical_80_20_ward_k62",316,31
"historical_80_20_ward_k62",317,25
"historical_80_20_ward_k62",318,25
"historical_80_20_ward_k62",319,25
"historical_80_20_ward_k62",320,28
"historical_80_20_ward_k62",321,25
"historical_80_20_ward_k62",322,15
"historical_80_20_ward_k62",323,15
"historical_80_20_ward_k62",324,15
"historical_80_20_ward_k62",325,21
"historical_80_20_ward_k62",326,21
"historical_80_20_ward_k62",327,21
"historical_80_20_ward_k62",328,21
"historical_80_20_ward_k62",329,21
"historical_80_20_ward_k62",330,21
"historical_80_20_ward_k62",331,18
"historical_80_20_ward_k62",332,18
"historical_80_20_ward_k62",333,29
"historical_80_20_ward_k62",334,29
"historical_80_20_ward_k62",335,29
"historical_80_20_ward_k62",336,32
"historical_80_20_ward_k62",337,33
"historical_80_20_ward_k62",338,22
"historical_80_20_ward_k62",339,22
"historical_80_20_ward_k62",340,22
"historical_80_20_ward_k62",341,6
"historical_80_20_ward_k62",342,24
"historical_80_20_ward_k62",343,34
"historical_80_20_ward_k62",344,34
"historical_80_20_ward_k62",345,34
"historical_80_20_ward_k62",346,28
"historical_80_20_ward_k62",347,25
"historical_80_20_ward_k62",348,25
"historical_80_20_ward_k62",349,35
"historical_80_20_ward_k62",350,25
"historical_80_20_ward_k62",351,36
"historical_80_20_ward_k62",352,37
"historical_80_20_ward_k62",353,13
"historical_80_20_ward_k62",354,21
"historical_80_20_ward_k62",355,21
"historical_80_20_ward_k62",356,21
"historical_80_20_ward_k62",357,21
"historical_80_20_ward_k62",358,21
"historical_80_20_ward_k62",359,13
"historical_80_20_ward_k62",360,38
"historical_80_20_ward_k62",361,39
"historical_80_20_ward_k62",362,29
"historical_80_20_ward_k62",363,29
"historical_80_20_ward_k62",364,29
"historical_80_20_ward_k62",365,39
"historical_80_20_ward_k62",366,33
"historical_80_20_ward_k62",367,33
"historical_80_20_ward_k62",368,32
"historical_80_20_ward_k62",369,22
"historical_80_20_ward_k62",370,22
"historical_80_20_ward_k62",371,24
"historical_80_20_ward_k62",372,24
"historical_80_20_ward_k62",373,34
"historical_80_20_ward_k62",374,34
"historical_80_20_ward_k62",375,28
"historical_80_20_ward_k62",376,25
"historical_80_20_ward_k62",377,25
"historical_80_20_ward_k62",378,36
"historical_80_20_ward_k62",379,25
"historical_80_20_ward_k62",380,36
"historical_80_20_ward_k62",381,36
"historical_80_20_ward_k62",382,37
"historical_80_20_ward_k62",383,38
"historical_80_20_ward_k62",384,40
"historical_80_20_ward_k62",385,21
"historical_80_20_ward_k62",386,21
"historical_80_20_ward_k62",387,21
"historical_80_20_ward_k62",388,21
"historical_80_20_ward_k62",389,38
"historical_80_20_ward_k62",390,38
"historical_80_20_ward_k62",391,39
"historical_80_20_ward_k62",392,39
"historical_80_20_ward_k62",393,39
"historical_80_20_ward_k62",394,39
"historical_80_20_ward_k62",395,39
"historical_80_20_ward_k62",396,41
"historical_80_20_ward_k62",397,33
"historical_80_20_ward_k62",398,33
"historical_80_20_ward_k62",399,26
"historical_80_20_ward_k62",400,22
"historical_80_20_ward_k62",401,10
"historical_80_20_ward_k62",402,24
"historical_80_20_ward_k62",403,34
"historical_80_20_ward_k62",404,34
"historical_80_20_ward_k62",405,28
"historical_80_20_ward_k62",406,25
"historical_80_20_ward_k62",407,42
"historical_80_20_ward_k62",408,35
"historical_80_20_ward_k62",409,25
"historical_80_20_ward_k62",410,43
"historical_80_20_ward_k62",411,36
"historical_80_20_ward_k62",412,36
"historical_80_20_ward_k62",413,37
"historical_80_20_ward_k62",414,40
"historical_80_20_ward_k62",415,40
"historical_80_20_ward_k62",416,21
"historical_80_20_ward_k62",417,21
"historical_80_20_ward_k62",418,21
"historical_80_20_ward_k62",419,44
"historical_80_20_ward_k62",420,38
"historical_80_20_ward_k62",421,33
"historical_80_20_ward_k62",422,39
"historical_80_20_ward_k62",423,39
"historical_80_20_ward_k62",424,39
"historical_80_20_ward_k62",425,41
"historical_80_20_ward_k62",426,33
"historical_80_20_ward_k62",427,33
"historical_80_20_ward_k62",428,33
"historical_80_20_ward_k62",429,26
"historical_80_20_ward_k62",430,45
"historical_80_20_ward_k62",431,31
"historical_80_20_ward_k62",432,31
"historical_80_20_ward_k62",433,28
"historical_80_20_ward_k62",434,28
"historical_80_20_ward_k62",435,28
"historical_80_20_ward_k62",436,42
"historical_80_20_ward_k62",437,27
"historical_80_20_ward_k62",438,25
"historical_80_20_ward_k62",439,25
"historical_80_20_ward_k62",440,36
"historical_80_20_ward_k62",441,36
"historical_80_20_ward_k62",442,36
"historical_80_20_ward_k62",443,44
"historical_80_20_ward_k62",444,40
"historical_80_20_ward_k62",445,40
"historical_80_20_ward_k62",446,40
"historical_80_20_ward_k62",447,44
"historical_80_20_ward_k62",448,44
"historical_80_20_ward_k62",449,44
"historical_80_20_ward_k62",450,44
"historical_80_20_ward_k62",451,41
"historical_80_20_ward_k62",452,39
"historical_80_20_ward_k62",453,39
"historical_80_20_ward_k62",454,33
"historical_80_20_ward_k62",455,33
"historical_80_20_ward_k62",456,33
"historical_80_20_ward_k62",457,33
"historical_80_20_ward_k62",458,46
"historical_80_20_ward_k62",459,46
"historical_80_20_ward_k62",460,45
"historical_80_20_ward_k62",461,47
"historical_80_20_ward_k62",462,31
"historical_80_20_ward_k62",463,31
"historical_80_20_ward_k62",464,28
"historical_80_20_ward_k62",465,42
"historical_80_20_ward_k62",466,42
"historical_80_20_ward_k62",467,42
"historical_80_20_ward_k62",468,42
"historical_80_20_ward_k62",469,43
"historical_80_20_ward_k62",470,36
"historical_80_20_ward_k62",471,36
"historical_80_20_ward_k62",472,36
"historical_80_20_ward_k62",473,21
"historical_80_20_ward_k62",474,40
"historical_80_20_ward_k62",475,40
"historical_80_20_ward_k62",476,44
"historical_80_20_ward_k62",477,44
"historical_80_20_ward_k62",478,44
"historical_80_20_ward_k62",479,44
"historical_80_20_ward_k62",480,44
"historical_80_20_ward_k62",481,39
"historical_80_20_ward_k62",482,33
"historical_80_20_ward_k62",483,33
"historical_80_20_ward_k62",484,33
"historical_80_20_ward_k62",485,33
"historical_80_20_ward_k62",486,33
"historical_80_20_ward_k62",487,33
"historical_80_20_ward_k62",488,46
"historical_80_20_ward_k62",489,35
"historical_80_20_ward_k62",490,47
"historical_80_20_ward_k62",491,47
"historical_80_20_ward_k62",492,31
"historical_80_20_ward_k62",493,28
"historical_80_20_ward_k62",494,42
"historical_80_20_ward_k62",495,42
"historical_80_20_ward_k62",496,42
"historical_80_20_ward_k62",497,42
"historical_80_20_ward_k62",498,48
"historical_80_20_ward_k62",499,48
"historical_80_20_ward_k62",500,48
"historical_80_20_ward_k62",501,36
"historical_80_20_ward_k62",502,36
"historical_80_20_ward_k62",503,44
"historical_80_20_ward_k62",504,40
"historical_80_20_ward_k62",505,44
"historical_80_20_ward_k62",506,44
"historical_80_20_ward_k62",507,44
"historical_80_20_ward_k62",508,44
"historical_80_20_ward_k62",509,44
"historical_80_20_ward_k62",510,44
"historical_80_20_ward_k62",511,33
"historical_80_20_ward_k62",512,41
"historical_80_20_ward_k62",513,41
"historical_80_20_ward_k62",514,41
"historical_80_20_ward_k62",515,41
"historical_80_20_ward_k62",516,33
"historical_80_20_ward_k62",517,33
"historical_80_20_ward_k62",518,33
"historical_80_20_ward_k62",519,41
"historical_80_20_ward_k62",520,23
"historical_80_20_ward_k62",521,47
"historical_80_20_ward_k62",522,31
"historical_80_20_ward_k62",523,28
"historical_80_20_ward_k62",524,28
"historical_80_20_ward_k62",525,42
"historical_80_20_ward_k62",526,42
"historical_80_20_ward_k62",527,42
"historical_80_20_ward_k62",528,48
"historical_80_20_ward_k62",529,48
"historical_80_20_ward_k62",530,48
"historical_80_20_ward_k62",531,36
"historical_80_20_ward_k62",532,36
"historical_80_20_ward_k62",533,44
"historical_80_20_ward_k62",534,44
"historical_80_20_ward_k62",535,40
"historical_80_20_ward_k62",536,44
"historical_80_20_ward_k62",537,44
"historical_80_20_ward_k62",538,44
"historical_80_20_ward_k62",539,44
"historical_80_20_ward_k62",540,44
"historical_80_20_ward_k62",541,41
"historical_80_20_ward_k62",542,41
"historical_80_20_ward_k62",543,41
"historical_80_20_ward_k62",544,41
"historical_80_20_ward_k62",545,41
"historical_80_20_ward_k62",546,41
"historical_80_20_ward_k62",547,33
"historical_80_20_ward_k62",548,46
"historical_80_20_ward_k62",549,46
"historical_80_20_ward_k62",550,45
"historical_80_20_ward_k62",551,45
"historical_80_20_ward_k62",552,28
"historical_80_20_ward_k62",553,28
"historical_80_20_ward_k62",554,48
"historical_80_20_ward_k62",555,42
"historical_80_20_ward_k62",556,42
"historical_80_20_ward_k62",557,48
"historical_80_20_ward_k62",558,48
"historical_80_20_ward_k62",559,48
"historical_80_20_ward_k62",560,48
"historical_80_20_ward_k62",561,49
"historical_80_20_ward_k62",562,49
"historical_80_20_ward_k62",563,44
"historical_80_20_ward_k62",564,44
"historical_80_20_ward_k62",565,44
"historical_80_20_ward_k62",566,44
"historical_80_20_ward_k62",567,44
"historical_80_20_ward_k62",568,44
"historical_80_20_ward_k62",569,44
"historical_80_20_ward_k62",570,44
"historical_80_20_ward_k62",571,33
"historical_80_20_ward_k62",572,41
"historical_80_20_ward_k62",573,41
"historical_80_20_ward_k62",574,41
"historical_80_20_ward_k62",575,41
"historical_80_20_ward_k62",576,41
"historical_80_20_ward_k62",577,33
"historical_80_20_ward_k62",578,39
"historical_80_20_ward_k62",579,39
"historical_80_20_ward_k62",580,50
"historical_80_20_ward_k62",581,45
"historical_80_20_ward_k62",582,46
"historical_80_20_ward_k62",583,48
"historical_80_20_ward_k62",584,48
"historical_80_20_ward_k62",585,48
"historical_80_20_ward_k62",586,42
"historical_80_20_ward_k62",587,48
"historical_80_20_ward_k62",588,42
"historical_80_20_ward_k62",589,48
"historical_80_20_ward_k62",590,48
"historical_80_20_ward_k62",591,49
"historical_80_20_ward_k62",592,49
"historical_80_20_ward_k62",593,48
"historical_80_20_ward_k62",594,44
"historical_80_20_ward_k62",595,44
"historical_80_20_ward_k62",596,21
"historical_80_20_ward_k62",597,44
"historical_80_20_ward_k62",598,44
"historical_80_20_ward_k62",599,44
"historical_80_20_ward_k62",600,44
"historical_80_20_ward_k62",601,33
"historical_80_20_ward_k62",602,33
"historical_80_20_ward_k62",603,41
"historical_80_20_ward_k62",604,33
"historical_80_20_ward_k62",605,33
"historical_80_20_ward_k62",606,41
"historical_80_20_ward_k62",607,46
"historical_80_20_ward_k62",608,39
"historical_80_20_ward_k62",609,39
"historical_80_20_ward_k62",610,32
"historical_80_20_ward_k62",611,32
"historical_80_20_ward_k62",612,48
"historical_80_20_ward_k62",613,48
"historical_80_20_ward_k62",614,48
"historical_80_20_ward_k62",615,51
"historical_80_20_ward_k62",616,51
"historical_80_20_ward_k62",617,48
"historical_80_20_ward_k62",618,48
"historical_80_20_ward_k62",619,51
"historical_80_20_ward_k62",620,49
"historical_80_20_ward_k62",621,49
"historical_80_20_ward_k62",622,49
"historical_80_20_ward_k62",623,49
"historical_80_20_ward_k62",624,21
"historical_80_20_ward_k62",625,21
"historical_80_20_ward_k62",626,21
"historical_80_20_ward_k62",627,21
"historical_80_20_ward_k62",628,44
"historical_80_20_ward_k62",629,44
"historical_80_20_ward_k62",630,44
"historical_80_20_ward_k62",631,33
"historical_80_20_ward_k62",632,33
"historical_80_20_ward_k62",633,33
"historical_80_20_ward_k62",634,33
"historical_80_20_ward_k62",635,46
"historical_80_20_ward_k62",636,46
"historical_80_20_ward_k62",637,46
"historical_80_20_ward_k62",638,46
"historical_80_20_ward_k62",639,29
"historical_80_20_ward_k62",640,26
"historical_80_20_ward_k62",641,26
"historical_80_20_ward_k62",642,33
"historical_80_20_ward_k62",643,51
"historical_80_20_ward_k62",644,51
"historical_80_20_ward_k62",645,51
"historical_80_20_ward_k62",646,51
"historical_80_20_ward_k62",647,51
"historical_80_20_ward_k62",648,51
"historical_80_20_ward_k62",649,51
"historical_80_20_ward_k62",650,51
"historical_80_20_ward_k62",651,49
"historical_80_20_ward_k62",652,49
"historical_80_20_ward_k62",653,49
"historical_80_20_ward_k62",654,21
"historical_80_20_ward_k62",655,21
"historical_80_20_ward_k62",656,21
"historical_80_20_ward_k62",657,21
"historical_80_20_ward_k62",658,21
"historical_80_20_ward_k62",659,44
"historical_80_20_ward_k62",660,44
"historical_80_20_ward_k62",661,33
"historical_80_20_ward_k62",662,33
"historical_80_20_ward_k62",663,33
"historical_80_20_ward_k62",664,46
"historical_80_20_ward_k62",665,46
"historical_80_20_ward_k62",666,46
"historical_80_20_ward_k62",667,46
"historical_80_20_ward_k62",668,46
"historical_80_20_ward_k62",669,29
"historical_80_20_ward_k62",670,26
"historical_80_20_ward_k62",671,29
"historical_80_20_ward_k62",672,51
"historical_80_20_ward_k62",673,51
"historical_80_20_ward_k62",674,51
"historical_80_20_ward_k62",675,51
"historical_80_20_ward_k62",676,51
"historical_80_20_ward_k62",677,51
"historical_80_20_ward_k62",678,51
"historical_80_20_ward_k62",679,51
"historical_80_20_ward_k62",680,48
"historical_80_20_ward_k62",681,49
"historical_80_20_ward_k62",682,49
"historical_80_20_ward_k62",683,48
"historical_80_20_ward_k62",684,21
"historical_80_20_ward_k62",685,21
"historical_80_20_ward_k62",686,21
"historical_80_20_ward_k62",687,44
"historical_80_20_ward_k62",688,44
"historical_80_20_ward_k62",689,44
"historical_80_20_ward_k62",690,44
"historical_80_20_ward_k62",691,33
"historical_80_20_ward_k62",692,33
"historical_80_20_ward_k62",693,33
"historical_80_20_ward_k62",694,33
"historical_80_20_ward_k62",695,46
"historical_80_20_ward_k62",696,46
"historical_80_20_ward_k62",697,52
"historical_80_20_ward_k62",698,53
"historical_80_20_ward_k62",699,53
"historical_80_20_ward_k62",700,26
"historical_80_20_ward_k62",701,32
"historical_80_20_ward_k62",702,51
"historical_80_20_ward_k62",703,51
"historical_80_20_ward_k62",704,51
"historical_80_20_ward_k62",705,51
"historical_80_20_ward_k62",706,51
"historical_80_20_ward_k62",707,51
"historical_80_20_ward_k62",708,51
"historical_80_20_ward_k62",709,51
"historical_80_20_ward_k62",710,51
"historical_80_20_ward_k62",711,48
"historical_80_20_ward_k62",712,48
"historical_80_20_ward_k62",713,48
"historical_80_20_ward_k62",714,42
"historical_80_20_ward_k62",715,28
"historical_80_20_ward_k62",716,21
"historical_80_20_ward_k62",717,44
"historical_80_20_ward_k62",718,44
"historical_80_20_ward_k62",719,44
"historical_80_20_ward_k62",720,44
"historical_80_20_ward_k62",721,47
"historical_80_20_ward_k62",722,52
"historical_80_20_ward_k62",723,39
"historical_80_20_ward_k62",724,54
"historical_80_20_ward_k62",725,54
"historical_80_20_ward_k62",726,54
"historical_80_20_ward_k62",727,52
"historical_80_20_ward_k62",728,53
"historical_80_20_ward_k62",729,53
"historical_80_20_ward_k62",730,53
"historical_80_20_ward_k62",731,53
"historical_80_20_ward_k62",732,51
"historical_80_20_ward_k62",733,55
"historical_80_20_ward_k62",734,55
"historical_80_20_ward_k62",735,55
"historical_80_20_ward_k62",736,51
"historical_80_20_ward_k62",737,51
"historical_80_20_ward_k62",738,51
"historical_80_20_ward_k62",739,51
"historical_80_20_ward_k62",740,51
"historical_80_20_ward_k62",741,51
"historical_80_20_ward_k62",742,48
"historical_80_20_ward_k62",743,42
"historical_80_20_ward_k62",744,48
"historical_80_20_ward_k62",745,51
"historical_80_20_ward_k62",746,48
"historical_80_20_ward_k62",747,51
"historical_80_20_ward_k62",748,51
"historical_80_20_ward_k62",749,43
"historical_80_20_ward_k62",750,30
"historical_80_20_ward_k62",751,56
"historical_80_20_ward_k62",752,54
"historical_80_20_ward_k62",753,56
"historical_80_20_ward_k62",754,54
"historical_80_20_ward_k62",755,54
"historical_80_20_ward_k62",756,54
"historical_80_20_ward_k62",757,52
"historical_80_20_ward_k62",758,53
"historical_80_20_ward_k62",759,54
"historical_80_20_ward_k62",760,53
"historical_80_20_ward_k62",761,53
"historical_80_20_ward_k62",762,32
"historical_80_20_ward_k62",763,55
"historical_80_20_ward_k62",764,55
"historical_80_20_ward_k62",765,55
"historical_80_20_ward_k62",766,55
"historical_80_20_ward_k62",767,51
"historical_80_20_ward_k62",768,51
"historical_80_20_ward_k62",769,51
"historical_80_20_ward_k62",770,51
"historical_80_20_ward_k62",771,51
"historical_80_20_ward_k62",772,48
"historical_80_20_ward_k62",773,42
"historical_80_20_ward_k62",774,42
"historical_80_20_ward_k62",775,42
"historical_80_20_ward_k62",776,48
"historical_80_20_ward_k62",777,51
"historical_80_20_ward_k62",778,43
"historical_80_20_ward_k62",779,43
"historical_80_20_ward_k62",780,43
"historical_80_20_ward_k62",781,56
"historical_80_20_ward_k62",782,56
"historical_80_20_ward_k62",783,56
"historical_80_20_ward_k62",784,56
"historical_80_20_ward_k62",785,56
"historical_80_20_ward_k62",786,52
"historical_80_20_ward_k62",787,56
"historical_80_20_ward_k62",788,54
"historical_80_20_ward_k62",789,53
"historical_80_20_ward_k62",790,53
"historical_80_20_ward_k62",791,57
"historical_80_20_ward_k62",792,55
"historical_80_20_ward_k62",793,55
"historical_80_20_ward_k62",794,55
"historical_80_20_ward_k62",795,55
"historical_80_20_ward_k62",796,55
"historical_80_20_ward_k62",797,48
"historical_80_20_ward_k62",798,51
"historical_80_20_ward_k62",799,51
"historical_80_20_ward_k62",800,51
"historical_80_20_ward_k62",801,48
"historical_80_20_ward_k62",802,48
"historical_80_20_ward_k62",803,42
"historical_80_20_ward_k62",804,42
"historical_80_20_ward_k62",805,42
"historical_80_20_ward_k62",806,48
"historical_80_20_ward_k62",807,43
"historical_80_20_ward_k62",808,43
"historical_80_20_ward_k62",809,43
"historical_80_20_ward_k62",810,58
"historical_80_20_ward_k62",811,56
"historical_80_20_ward_k62",812,56
"historical_80_20_ward_k62",813,59
"historical_80_20_ward_k62",814,56
"historical_80_20_ward_k62",815,59
"historical_80_20_ward_k62",816,56
"historical_80_20_ward_k62",817,59
"historical_80_20_ward_k62",818,52
"historical_80_20_ward_k62",819,59
"historical_80_20_ward_k62",820,57
"historical_80_20_ward_k62",821,57
"historical_80_20_ward_k62",822,37
"historical_80_20_ward_k62",823,37
"historical_80_20_ward_k62",824,55
"historical_80_20_ward_k62",825,55
"historical_80_20_ward_k62",826,48
"historical_80_20_ward_k62",827,51
"historical_80_20_ward_k62",828,51
"historical_80_20_ward_k62",829,51
"historical_80_20_ward_k62",830,60
"historical_80_20_ward_k62",831,60
"historical_80_20_ward_k62",832,48
"historical_80_20_ward_k62",833,42
"historical_80_20_ward_k62",834,42
"historical_80_20_ward_k62",835,42
"historical_80_20_ward_k62",836,42
"historical_80_20_ward_k62",837,43
"historical_80_20_ward_k62",838,43
"historical_80_20_ward_k62",839,43
"historical_80_20_ward_k62",840,58
"historical_80_20_ward_k62",841,56
"historical_80_20_ward_k62",842,59
"historical_80_20_ward_k62",843,59
"historical_80_20_ward_k62",844,59
"historical_80_20_ward_k62",845,59
"historical_80_20_ward_k62",846,59
"historical_80_20_ward_k62",847,59
"historical_80_20_ward_k62",848,52
"historical_80_20_ward_k62",849,57
"historical_80_20_ward_k62",850,57
"historical_80_20_ward_k62",851,57
"historical_80_20_ward_k62",852,37
"historical_80_20_ward_k62",853,37
"historical_80_20_ward_k62",854,55
"historical_80_20_ward_k62",855,55
"historical_80_20_ward_k62",856,55
"historical_80_20_ward_k62",857,60
"historical_80_20_ward_k62",858,60
"historical_80_20_ward_k62",859,60
"historical_80_20_ward_k62",860,60
"historical_80_20_ward_k62",861,60
"historical_80_20_ward_k62",862,48
"historical_80_20_ward_k62",863,42
"historical_80_20_ward_k62",864,27
"historical_80_20_ward_k62",865,27
"historical_80_20_ward_k62",866,61
"historical_80_20_ward_k62",867,43
"historical_80_20_ward_k62",868,43
"historical_80_20_ward_k62",869,58
"historical_80_20_ward_k62",870,58
"historical_80_20_ward_k62",871,56
"historical_80_20_ward_k62",872,59
"historical_80_20_ward_k62",873,59
"historical_80_20_ward_k62",874,59
"historical_80_20_ward_k62",875,59
"historical_80_20_ward_k62",876,59
"historical_80_20_ward_k62",877,59
"historical_80_20_ward_k62",878,52
"historical_80_20_ward_k62",879,59
"historical_80_20_ward_k62",880,57
"historical_80_20_ward_k62",881,57
"historical_80_20_ward_k62",882,23
"historical_80_20_ward_k62",883,37
"historical_80_20_ward_k62",884,37
"historical_80_20_ward_k62",885,55
"historical_80_20_ward_k62",886,60
"historical_80_20_ward_k62",887,60
"historical_80_20_ward_k62",888,60
"historical_80_20_ward_k62",889,60
"historical_80_20_ward_k62",890,60
"historical_80_20_ward_k62",891,60
"historical_80_20_ward_k62",892,48
"historical_80_20_ward_k62",893,48
"historical_80_20_ward_k62",894,27
"historical_80_20_ward_k62",895,35
"historical_80_20_ward_k62",896,35
"historical_80_20_ward_k62",897,61
"historical_80_20_ward_k62",898,62
"historical_80_20_ward_k62",899,62
"historical_80_20_ward_k62",900,62
"flowsom_consensus_k62_seed1",1,1
"flowsom_consensus_k62_seed1",2,1
"flowsom_consensus_k62_seed1",3,1
"flowsom_consensus_k62_seed1",4,1
"flowsom_consensus_k62_seed1",5,1
"flowsom_consensus_k62_seed1",6,1
"flowsom_consensus_k62_seed1",7,2
"flowsom_consensus_k62_seed1",8,2
"flowsom_consensus_k62_seed1",9,2
"flowsom_consensus_k62_seed1",10,2
"flowsom_consensus_k62_seed1",11,3
"flowsom_consensus_k62_seed1",12,3
"flowsom_consensus_k62_seed1",13,4
"flowsom_consensus_k62_seed1",14,4
"flowsom_consensus_k62_seed1",15,4
"flowsom_consensus_k62_seed1",16,5
"flowsom_consensus_k62_seed1",17,5
"flowsom_consensus_k62_seed1",18,6
"flowsom_consensus_k62_seed1",19,6
"flowsom_consensus_k62_seed1",20,7
"flowsom_consensus_k62_seed1",21,7
"flowsom_consensus_k62_seed1",22,7
"flowsom_consensus_k62_seed1",23,8
"flowsom_consensus_k62_seed1",24,8
"flowsom_consensus_k62_seed1",25,8
"flowsom_consensus_k62_seed1",26,8
"flowsom_consensus_k62_seed1",27,9
"flowsom_consensus_k62_seed1",28,9
"flowsom_consensus_k62_seed1",29,10
"flowsom_consensus_k62_seed1",30,10
"flowsom_consensus_k62_seed1",31,1
"flowsom_consensus_k62_seed1",32,1
"flowsom_consensus_k62_seed1",33,1
"flowsom_consensus_k62_seed1",34,1
"flowsom_consensus_k62_seed1",35,1
"flowsom_consensus_k62_seed1",36,1
"flowsom_consensus_k62_seed1",37,1
"flowsom_consensus_k62_seed1",38,2
"flowsom_consensus_k62_seed1",39,2
"flowsom_consensus_k62_seed1",40,3
"flowsom_consensus_k62_seed1",41,2
"flowsom_consensus_k62_seed1",42,3
"flowsom_consensus_k62_seed1",43,3
"flowsom_consensus_k62_seed1",44,4
"flowsom_consensus_k62_seed1",45,4
"flowsom_consensus_k62_seed1",46,5
"flowsom_consensus_k62_seed1",47,5
"flowsom_consensus_k62_seed1",48,6
"flowsom_consensus_k62_seed1",49,6
"flowsom_consensus_k62_seed1",50,6
"flowsom_consensus_k62_seed1",51,7
"flowsom_consensus_k62_seed1",52,7
"flowsom_consensus_k62_seed1",53,8
"flowsom_consensus_k62_seed1",54,8
"flowsom_consensus_k62_seed1",55,8
"flowsom_consensus_k62_seed1",56,8
"flowsom_consensus_k62_seed1",57,8
"flowsom_consensus_k62_seed1",58,9
"flowsom_consensus_k62_seed1",59,10
"flowsom_consensus_k62_seed1",60,10
"flowsom_consensus_k62_seed1",61,1
"flowsom_consensus_k62_seed1",62,1
"flowsom_consensus_k62_seed1",63,1
"flowsom_consensus_k62_seed1",64,1
"flowsom_consensus_k62_seed1",65,1
"flowsom_consensus_k62_seed1",66,1
"flowsom_consensus_k62_seed1",67,11
"flowsom_consensus_k62_seed1",68,11
"flowsom_consensus_k62_seed1",69,3
"flowsom_consensus_k62_seed1",70,2
"flowsom_consensus_k62_seed1",71,3
"flowsom_consensus_k62_seed1",72,3
"flowsom_consensus_k62_seed1",73,2
"flowsom_consensus_k62_seed1",74,4
"flowsom_consensus_k62_seed1",75,4
"flowsom_consensus_k62_seed1",76,5
"flowsom_consensus_k62_seed1",77,5
"flowsom_consensus_k62_seed1",78,6
"flowsom_consensus_k62_seed1",79,12
"flowsom_consensus_k62_seed1",80,6
"flowsom_consensus_k62_seed1",81,6
"flowsom_consensus_k62_seed1",82,8
"flowsom_consensus_k62_seed1",83,8
"flowsom_consensus_k62_seed1",84,13
"flowsom_consensus_k62_seed1",85,13
"flowsom_consensus_k62_seed1",86,13
"flowsom_consensus_k62_seed1",87,13
"flowsom_consensus_k62_seed1",88,10
"flowsom_consensus_k62_seed1",89,10
"flowsom_consensus_k62_seed1",90,10
"flowsom_consensus_k62_seed1",91,1
"flowsom_consensus_k62_seed1",92,1
"flowsom_consensus_k62_seed1",93,1
"flowsom_consensus_k62_seed1",94,1
"flowsom_consensus_k62_seed1",95,1
"flowsom_consensus_k62_seed1",96,1
"flowsom_consensus_k62_seed1",97,1
"flowsom_consensus_k62_seed1",98,11
"flowsom_consensus_k62_seed1",99,2
"flowsom_consensus_k62_seed1",100,3
"flowsom_consensus_k62_seed1",101,3
"flowsom_consensus_k62_seed1",102,3
"flowsom_consensus_k62_seed1",103,3
"flowsom_consensus_k62_seed1",104,2
"flowsom_consensus_k62_seed1",105,4
"flowsom_consensus_k62_seed1",106,5
"flowsom_consensus_k62_seed1",107,5
"flowsom_consensus_k62_seed1",108,5
"flowsom_consensus_k62_seed1",109,12
"flowsom_consensus_k62_seed1",110,6
"flowsom_consensus_k62_seed1",111,6
"flowsom_consensus_k62_seed1",112,14
"flowsom_consensus_k62_seed1",113,13
"flowsom_consensus_k62_seed1",114,13
"flowsom_consensus_k62_seed1",115,13
"flowsom_consensus_k62_seed1",116,13
"flowsom_consensus_k62_seed1",117,13
"flowsom_consensus_k62_seed1",118,10
"flowsom_consensus_k62_seed1",119,10
"flowsom_consensus_k62_seed1",120,10
"flowsom_consensus_k62_seed1",121,15
"flowsom_consensus_k62_seed1",122,1
"flowsom_consensus_k62_seed1",123,1
"flowsom_consensus_k62_seed1",124,1
"flowsom_consensus_k62_seed1",125,1
"flowsom_consensus_k62_seed1",126,1
"flowsom_consensus_k62_seed1",127,1
"flowsom_consensus_k62_seed1",128,16
"flowsom_consensus_k62_seed1",129,2
"flowsom_consensus_k62_seed1",130,17
"flowsom_consensus_k62_seed1",131,17
"flowsom_consensus_k62_seed1",132,17
"flowsom_consensus_k62_seed1",133,2
"flowsom_consensus_k62_seed1",134,18
"flowsom_consensus_k62_seed1",135,19
"flowsom_consensus_k62_seed1",136,19
"flowsom_consensus_k62_seed1",137,19
"flowsom_consensus_k62_seed1",138,20
"flowsom_consensus_k62_seed1",139,20
"flowsom_consensus_k62_seed1",140,14
"flowsom_consensus_k62_seed1",141,21
"flowsom_consensus_k62_seed1",142,21
"flowsom_consensus_k62_seed1",143,13
"flowsom_consensus_k62_seed1",144,13
"flowsom_consensus_k62_seed1",145,13
"flowsom_consensus_k62_seed1",146,13
"flowsom_consensus_k62_seed1",147,12
"flowsom_consensus_k62_seed1",148,10
"flowsom_consensus_k62_seed1",149,10
"flowsom_consensus_k62_seed1",150,10
"flowsom_consensus_k62_seed1",151,15
"flowsom_consensus_k62_seed1",152,15
"flowsom_consensus_k62_seed1",153,22
"flowsom_consensus_k62_seed1",154,1
"flowsom_consensus_k62_seed1",155,1
"flowsom_consensus_k62_seed1",156,1
"flowsom_consensus_k62_seed1",157,1
"flowsom_consensus_k62_seed1",158,16
"flowsom_consensus_k62_seed1",159,23
"flowsom_consensus_k62_seed1",160,23
"flowsom_consensus_k62_seed1",161,17
"flowsom_consensus_k62_seed1",162,17
"flowsom_consensus_k62_seed1",163,17
"flowsom_consensus_k62_seed1",164,18
"flowsom_consensus_k62_seed1",165,24
"flowsom_consensus_k62_seed1",166,19
"flowsom_consensus_k62_seed1",167,19
"flowsom_consensus_k62_seed1",168,20
"flowsom_consensus_k62_seed1",169,25
"flowsom_consensus_k62_seed1",170,25
"flowsom_consensus_k62_seed1",171,21
"flowsom_consensus_k62_seed1",172,21
"flowsom_consensus_k62_seed1",173,21
"flowsom_consensus_k62_seed1",174,13
"flowsom_consensus_k62_seed1",175,13
"flowsom_consensus_k62_seed1",176,13
"flowsom_consensus_k62_seed1",177,12
"flowsom_consensus_k62_seed1",178,10
"flowsom_consensus_k62_seed1",179,10
"flowsom_consensus_k62_seed1",180,10
"flowsom_consensus_k62_seed1",181,26
"flowsom_consensus_k62_seed1",182,22
"flowsom_consensus_k62_seed1",183,22
"flowsom_consensus_k62_seed1",184,27
"flowsom_consensus_k62_seed1",185,1
"flowsom_consensus_k62_seed1",186,28
"flowsom_consensus_k62_seed1",187,28
"flowsom_consensus_k62_seed1",188,23
"flowsom_consensus_k62_seed1",189,23
"flowsom_consensus_k62_seed1",190,17
"flowsom_consensus_k62_seed1",191,29
"flowsom_consensus_k62_seed1",192,29
"flowsom_consensus_k62_seed1",193,30
"flowsom_consensus_k62_seed1",194,30
"flowsom_consensus_k62_seed1",195,19
"flowsom_consensus_k62_seed1",196,31
"flowsom_consensus_k62_seed1",197,32
"flowsom_consensus_k62_seed1",198,32
"flowsom_consensus_k62_seed1",199,25
"flowsom_consensus_k62_seed1",200,25
"flowsom_consensus_k62_seed1",201,21
"flowsom_consensus_k62_seed1",202,21
"flowsom_consensus_k62_seed1",203,21
"flowsom_consensus_k62_seed1",204,13
"flowsom_consensus_k62_seed1",205,13
"flowsom_consensus_k62_seed1",206,13
"flowsom_consensus_k62_seed1",207,10
"flowsom_consensus_k62_seed1",208,10
"flowsom_consensus_k62_seed1",209,10
"flowsom_consensus_k62_seed1",210,10
"flowsom_consensus_k62_seed1",211,26
"flowsom_consensus_k62_seed1",212,26
"flowsom_consensus_k62_seed1",213,33
"flowsom_consensus_k62_seed1",214,22
"flowsom_consensus_k62_seed1",215,27
"flowsom_consensus_k62_seed1",216,28
"flowsom_consensus_k62_seed1",217,28
"flowsom_consensus_k62_seed1",218,28
"flowsom_consensus_k62_seed1",219,23
"flowsom_consensus_k62_seed1",220,28
"flowsom_consensus_k62_seed1",221,29
"flowsom_consensus_k62_seed1",222,29
"flowsom_consensus_k62_seed1",223,29
"flowsom_consensus_k62_seed1",224,30
"flowsom_consensus_k62_seed1",225,31
"flowsom_consensus_k62_seed1",226,34
"flowsom_consensus_k62_seed1",227,34
"flowsom_consensus_k62_seed1",228,34
"flowsom_consensus_k62_seed1",229,34
"flowsom_consensus_k62_seed1",230,34
"flowsom_consensus_k62_seed1",231,21
"flowsom_consensus_k62_seed1",232,21
"flowsom_consensus_k62_seed1",233,21
"flowsom_consensus_k62_seed1",234,35
"flowsom_consensus_k62_seed1",235,13
"flowsom_consensus_k62_seed1",236,10
"flowsom_consensus_k62_seed1",237,10
"flowsom_consensus_k62_seed1",238,10
"flowsom_consensus_k62_seed1",239,10
"flowsom_consensus_k62_seed1",240,10
"flowsom_consensus_k62_seed1",241,26
"flowsom_consensus_k62_seed1",242,26
"flowsom_consensus_k62_seed1",243,26
"flowsom_consensus_k62_seed1",244,36
"flowsom_consensus_k62_seed1",245,27
"flowsom_consensus_k62_seed1",246,27
"flowsom_consensus_k62_seed1",247,28
"flowsom_consensus_k62_seed1",248,28
"flowsom_consensus_k62_seed1",249,11
"flowsom_consensus_k62_seed1",250,20
"flowsom_consensus_k62_seed1",251,20
"flowsom_consensus_k62_seed1",252,20
"flowsom_consensus_k62_seed1",253,32
"flowsom_consensus_k62_seed1",254,37
"flowsom_consensus_k62_seed1",255,34
"flowsom_consensus_k62_seed1",256,34
"flowsom_consensus_k62_seed1",257,34
"flowsom_consensus_k62_seed1",258,34
"flowsom_consensus_k62_seed1",259,38
"flowsom_consensus_k62_seed1",260,39
"flowsom_consensus_k62_seed1",261,35
"flowsom_consensus_k62_seed1",262,35
"flowsom_consensus_k62_seed1",263,35
"flowsom_consensus_k62_seed1",264,10
"flowsom_consensus_k62_seed1",265,10
"flowsom_consensus_k62_seed1",266,10
"flowsom_consensus_k62_seed1",267,10
"flowsom_consensus_k62_seed1",268,10
"flowsom_consensus_k62_seed1",269,10
"flowsom_consensus_k62_seed1",270,10
"flowsom_consensus_k62_seed1",271,26
"flowsom_consensus_k62_seed1",272,26
"flowsom_consensus_k62_seed1",273,26
"flowsom_consensus_k62_seed1",274,40
"flowsom_consensus_k62_seed1",275,41
"flowsom_consensus_k62_seed1",276,27
"flowsom_consensus_k62_seed1",277,27
"flowsom_consensus_k62_seed1",278,28
"flowsom_consensus_k62_seed1",279,1
"flowsom_consensus_k62_seed1",280,20
"flowsom_consensus_k62_seed1",281,20
"flowsom_consensus_k62_seed1",282,20
"flowsom_consensus_k62_seed1",283,32
"flowsom_consensus_k62_seed1",284,37
"flowsom_consensus_k62_seed1",285,37
"flowsom_consensus_k62_seed1",286,34
"flowsom_consensus_k62_seed1",287,34
"flowsom_consensus_k62_seed1",288,34
"flowsom_consensus_k62_seed1",289,42
"flowsom_consensus_k62_seed1",290,42
"flowsom_consensus_k62_seed1",291,38
"flowsom_consensus_k62_seed1",292,35
"flowsom_consensus_k62_seed1",293,35
"flowsom_consensus_k62_seed1",294,35
"flowsom_consensus_k62_seed1",295,10
"flowsom_consensus_k62_seed1",296,10
"flowsom_consensus_k62_seed1",297,10
"flowsom_consensus_k62_seed1",298,10
"flowsom_consensus_k62_seed1",299,10
"flowsom_consensus_k62_seed1",300,10
"flowsom_consensus_k62_seed1",301,26
"flowsom_consensus_k62_seed1",302,26
"flowsom_consensus_k62_seed1",303,43
"flowsom_consensus_k62_seed1",304,43
"flowsom_consensus_k62_seed1",305,40
"flowsom_consensus_k62_seed1",306,27
"flowsom_consensus_k62_seed1",307,27
"flowsom_consensus_k62_seed1",308,11
"flowsom_consensus_k62_seed1",309,44
"flowsom_consensus_k62_seed1",310,5
"flowsom_consensus_k62_seed1",311,45
"flowsom_consensus_k62_seed1",312,45
"flowsom_consensus_k62_seed1",313,45
"flowsom_consensus_k62_seed1",314,37
"flowsom_consensus_k62_seed1",315,34
"flowsom_consensus_k62_seed1",316,34
"flowsom_consensus_k62_seed1",317,46
"flowsom_consensus_k62_seed1",318,46
"flowsom_consensus_k62_seed1",319,46
"flowsom_consensus_k62_seed1",320,42
"flowsom_consensus_k62_seed1",321,46
"flowsom_consensus_k62_seed1",322,35
"flowsom_consensus_k62_seed1",323,35
"flowsom_consensus_k62_seed1",324,10
"flowsom_consensus_k62_seed1",325,10
"flowsom_consensus_k62_seed1",326,10
"flowsom_consensus_k62_seed1",327,10
"flowsom_consensus_k62_seed1",328,10
"flowsom_consensus_k62_seed1",329,10
"flowsom_consensus_k62_seed1",330,10
"flowsom_consensus_k62_seed1",331,26
"flowsom_consensus_k62_seed1",332,26
"flowsom_consensus_k62_seed1",333,43
"flowsom_consensus_k62_seed1",334,43
"flowsom_consensus_k62_seed1",335,43
"flowsom_consensus_k62_seed1",336,47
"flowsom_consensus_k62_seed1",337,48
"flowsom_consensus_k62_seed1",338,49
"flowsom_consensus_k62_seed1",339,50
"flowsom_consensus_k62_seed1",340,50
"flowsom_consensus_k62_seed1",341,5
"flowsom_consensus_k62_seed1",342,45
"flowsom_consensus_k62_seed1",343,42
"flowsom_consensus_k62_seed1",344,46
"flowsom_consensus_k62_seed1",345,46
"flowsom_consensus_k62_seed1",346,46
"flowsom_consensus_k62_seed1",347,46
"flowsom_consensus_k62_seed1",348,46
"flowsom_consensus_k62_seed1",349,46
"flowsom_consensus_k62_seed1",350,46
"flowsom_consensus_k62_seed1",351,46
"flowsom_consensus_k62_seed1",352,46
"flowsom_consensus_k62_seed1",353,10
"flowsom_consensus_k62_seed1",354,10
"flowsom_consensus_k62_seed1",355,10
"flowsom_consensus_k62_seed1",356,10
"flowsom_consensus_k62_seed1",357,10
"flowsom_consensus_k62_seed1",358,10
"flowsom_consensus_k62_seed1",359,10
"flowsom_consensus_k62_seed1",360,10
"flowsom_consensus_k62_seed1",361,26
"flowsom_consensus_k62_seed1",362,43
"flowsom_consensus_k62_seed1",363,43
"flowsom_consensus_k62_seed1",364,43
"flowsom_consensus_k62_seed1",365,51
"flowsom_consensus_k62_seed1",366,48
"flowsom_consensus_k62_seed1",367,48
"flowsom_consensus_k62_seed1",368,52
"flowsom_consensus_k62_seed1",369,50
"flowsom_consensus_k62_seed1",370,53
"flowsom_consensus_k62_seed1",371,45
"flowsom_consensus_k62_seed1",372,45
"flowsom_consensus_k62_seed1",373,46
"flowsom_consensus_k62_seed1",374,46
"flowsom_consensus_k62_seed1",375,46
"flowsom_consensus_k62_seed1",376,46
"flowsom_consensus_k62_seed1",377,46
"flowsom_consensus_k62_seed1",378,46
"flowsom_consensus_k62_seed1",379,46
"flowsom_consensus_k62_seed1",380,46
"flowsom_consensus_k62_seed1",381,46
"flowsom_consensus_k62_seed1",382,46
"flowsom_consensus_k62_seed1",383,10
"flowsom_consensus_k62_seed1",384,10
"flowsom_consensus_k62_seed1",385,10
"flowsom_consensus_k62_seed1",386,10
"flowsom_consensus_k62_seed1",387,10
"flowsom_consensus_k62_seed1",388,10
"flowsom_consensus_k62_seed1",389,10
"flowsom_consensus_k62_seed1",390,10
"flowsom_consensus_k62_seed1",391,54
"flowsom_consensus_k62_seed1",392,43
"flowsom_consensus_k62_seed1",393,51
"flowsom_consensus_k62_seed1",394,51
"flowsom_consensus_k62_seed1",395,51
"flowsom_consensus_k62_seed1",396,51
"flowsom_consensus_k62_seed1",397,51
"flowsom_consensus_k62_seed1",398,48
"flowsom_consensus_k62_seed1",399,47
"flowsom_consensus_k62_seed1",400,53
"flowsom_consensus_k62_seed1",401,37
"flowsom_consensus_k62_seed1",402,37
"flowsom_consensus_k62_seed1",403,46
"flowsom_consensus_k62_seed1",404,46
"flowsom_consensus_k62_seed1",405,46
"flowsom_consensus_k62_seed1",406,46
"flowsom_consensus_k62_seed1",407,46
"flowsom_consensus_k62_seed1",408,46
"flowsom_consensus_k62_seed1",409,46
"flowsom_consensus_k62_seed1",410,46
"flowsom_consensus_k62_seed1",411,46
"flowsom_consensus_k62_seed1",412,46
"flowsom_consensus_k62_seed1",413,46
"flowsom_consensus_k62_seed1",414,10
"flowsom_consensus_k62_seed1",415,10
"flowsom_consensus_k62_seed1",416,10
"flowsom_consensus_k62_seed1",417,10
"flowsom_consensus_k62_seed1",418,10
"flowsom_consensus_k62_seed1",419,10
"flowsom_consensus_k62_seed1",420,10
"flowsom_consensus_k62_seed1",421,51
"flowsom_consensus_k62_seed1",422,51
"flowsom_consensus_k62_seed1",423,51
"flowsom_consensus_k62_seed1",424,51
"flowsom_consensus_k62_seed1",425,51
"flowsom_consensus_k62_seed1",426,51
"flowsom_consensus_k62_seed1",427,51
"flowsom_consensus_k62_seed1",428,51
"flowsom_consensus_k62_seed1",429,47
"flowsom_consensus_k62_seed1",430,37
"flowsom_consensus_k62_seed1",431,37
"flowsom_consensus_k62_seed1",432,37
"flowsom_consensus_k62_seed1",433,46
"flowsom_consensus_k62_seed1",434,46
"flowsom_consensus_k62_seed1",435,46
"flowsom_consensus_k62_seed1",436,46
"flowsom_consensus_k62_seed1",437,46
"flowsom_consensus_k62_seed1",438,46
"flowsom_consensus_k62_seed1",439,46
"flowsom_consensus_k62_seed1",440,46
"flowsom_consensus_k62_seed1",441,46
"flowsom_consensus_k62_seed1",442,46
"flowsom_consensus_k62_seed1",443,10
"flowsom_consensus_k62_seed1",444,10
"flowsom_consensus_k62_seed1",445,10
"flowsom_consensus_k62_seed1",446,10
"flowsom_consensus_k62_seed1",447,10
"flowsom_consensus_k62_seed1",448,10
"flowsom_consensus_k62_seed1",449,10
"flowsom_consensus_k62_seed1",450,10
"flowsom_consensus_k62_seed1",451,51
"flowsom_consensus_k62_seed1",452,51
"flowsom_consensus_k62_seed1",453,51
"flowsom_consensus_k62_seed1",454,51
"flowsom_consensus_k62_seed1",455,51
"flowsom_consensus_k62_seed1",456,51
"flowsom_consensus_k62_seed1",457,51
"flowsom_consensus_k62_seed1",458,51
"flowsom_consensus_k62_seed1",459,51
"flowsom_consensus_k62_seed1",460,37
"flowsom_consensus_k62_seed1",461,37
"flowsom_consensus_k62_seed1",462,37
"flowsom_consensus_k62_seed1",463,37
"flowsom_consensus_k62_seed1",464,46
"flowsom_consensus_k62_seed1",465,46
"flowsom_consensus_k62_seed1",466,46
"flowsom_consensus_k62_seed1",467,46
"flowsom_consensus_k62_seed1",468,46
"flowsom_consensus_k62_seed1",469,46
"flowsom_consensus_k62_seed1",470,46
"flowsom_consensus_k62_seed1",471,46
"flowsom_consensus_k62_seed1",472,46
"flowsom_consensus_k62_seed1",473,10
"flowsom_consensus_k62_seed1",474,10
"flowsom_consensus_k62_seed1",475,10
"flowsom_consensus_k62_seed1",476,10
"flowsom_consensus_k62_seed1",477,10
"flowsom_consensus_k62_seed1",478,10
"flowsom_consensus_k62_seed1",479,10
"flowsom_consensus_k62_seed1",480,10
"flowsom_consensus_k62_seed1",481,51
"flowsom_consensus_k62_seed1",482,51
"flowsom_consensus_k62_seed1",483,51
"flowsom_consensus_k62_seed1",484,51
"flowsom_consensus_k62_seed1",485,51
"flowsom_consensus_k62_seed1",486,51
"flowsom_consensus_k62_seed1",487,51
"flowsom_consensus_k62_seed1",488,51
"flowsom_consensus_k62_seed1",489,43
"flowsom_consensus_k62_seed1",490,37
"flowsom_consensus_k62_seed1",491,37
"flowsom_consensus_k62_seed1",492,37
"flowsom_consensus_k62_seed1",493,46
"flowsom_consensus_k62_seed1",494,46
"flowsom_consensus_k62_seed1",495,46
"flowsom_consensus_k62_seed1",496,46
"flowsom_consensus_k62_seed1",497,46
"flowsom_consensus_k62_seed1",498,46
"flowsom_consensus_k62_seed1",499,46
"flowsom_consensus_k62_seed1",500,46
"flowsom_consensus_k62_seed1",501,46
"flowsom_consensus_k62_seed1",502,46
"flowsom_consensus_k62_seed1",503,10
"flowsom_consensus_k62_seed1",504,10
"flowsom_consensus_k62_seed1",505,10
"flowsom_consensus_k62_seed1",506,10
"flowsom_consensus_k62_seed1",507,10
"flowsom_consensus_k62_seed1",508,10
"flowsom_consensus_k62_seed1",509,10
"flowsom_consensus_k62_seed1",510,10
"flowsom_consensus_k62_seed1",511,51
"flowsom_consensus_k62_seed1",512,51
"flowsom_consensus_k62_seed1",513,51
"flowsom_consensus_k62_seed1",514,51
"flowsom_consensus_k62_seed1",515,51
"flowsom_consensus_k62_seed1",516,51
"flowsom_consensus_k62_seed1",517,51
"flowsom_consensus_k62_seed1",518,51
"flowsom_consensus_k62_seed1",519,51
"flowsom_consensus_k62_seed1",520,55
"flowsom_consensus_k62_seed1",521,43
"flowsom_consensus_k62_seed1",522,56
"flowsom_consensus_k62_seed1",523,46
"flowsom_consensus_k62_seed1",524,46
"flowsom_consensus_k62_seed1",525,46
"flowsom_consensus_k62_seed1",526,46
"flowsom_consensus_k62_seed1",527,46
"flowsom_consensus_k62_seed1",528,46
"flowsom_consensus_k62_seed1",529,46
"flowsom_consensus_k62_seed1",530,46
"flowsom_consensus_k62_seed1",531,46
"flowsom_consensus_k62_seed1",532,46
"flowsom_consensus_k62_seed1",533,10
"flowsom_consensus_k62_seed1",534,10
"flowsom_consensus_k62_seed1",535,10
"flowsom_consensus_k62_seed1",536,10
"flowsom_consensus_k62_seed1",537,10
"flowsom_consensus_k62_seed1",538,10
"flowsom_consensus_k62_seed1",539,10
"flowsom_consensus_k62_seed1",540,10
"flowsom_consensus_k62_seed1",541,51
"flowsom_consensus_k62_seed1",542,51
"flowsom_consensus_k62_seed1",543,51
"flowsom_consensus_k62_seed1",544,51
"flowsom_consensus_k62_seed1",545,51
"flowsom_consensus_k62_seed1",546,51
"flowsom_consensus_k62_seed1",547,51
"flowsom_consensus_k62_seed1",548,51
"flowsom_consensus_k62_seed1",549,43
"flowsom_consensus_k62_seed1",550,43
"flowsom_consensus_k62_seed1",551,43
"flowsom_consensus_k62_seed1",552,46
"flowsom_consensus_k62_seed1",553,46
"flowsom_consensus_k62_seed1",554,46
"flowsom_consensus_k62_seed1",555,46
"flowsom_consensus_k62_seed1",556,46
"flowsom_consensus_k62_seed1",557,46
"flowsom_consensus_k62_seed1",558,46
"flowsom_consensus_k62_seed1",559,46
"flowsom_consensus_k62_seed1",560,46
"flowsom_consensus_k62_seed1",561,46
"flowsom_consensus_k62_seed1",562,46
"flowsom_consensus_k62_seed1",563,10
"flowsom_consensus_k62_seed1",564,10
"flowsom_consensus_k62_seed1",565,10
"flowsom_consensus_k62_seed1",566,10
"flowsom_consensus_k62_seed1",567,10
"flowsom_consensus_k62_seed1",568,10
"flowsom_consensus_k62_seed1",569,10
"flowsom_consensus_k62_seed1",570,10
"flowsom_consensus_k62_seed1",571,51
"flowsom_consensus_k62_seed1",572,51
"flowsom_consensus_k62_seed1",573,51
"flowsom_consensus_k62_seed1",574,51
"flowsom_consensus_k62_seed1",575,51
"flowsom_consensus_k62_seed1",576,51
"flowsom_consensus_k62_seed1",577,51
"flowsom_consensus_k62_seed1",578,51
"flowsom_consensus_k62_seed1",579,51
"flowsom_consensus_k62_seed1",580,43
"flowsom_consensus_k62_seed1",581,43
"flowsom_consensus_k62_seed1",582,43
"flowsom_consensus_k62_seed1",583,46
"flowsom_consensus_k62_seed1",584,46
"flowsom_consensus_k62_seed1",585,46
"flowsom_consensus_k62_seed1",586,46
"flowsom_consensus_k62_seed1",587,46
"flowsom_consensus_k62_seed1",588,46
"flowsom_consensus_k62_seed1",589,46
"flowsom_consensus_k62_seed1",590,46
"flowsom_consensus_k62_seed1",591,46
"flowsom_consensus_k62_seed1",592,46
"flowsom_consensus_k62_seed1",593,46
"flowsom_consensus_k62_seed1",594,10
"flowsom_consensus_k62_seed1",595,10
"flowsom_consensus_k62_seed1",596,10
"flowsom_consensus_k62_seed1",597,10
"flowsom_consensus_k62_seed1",598,10
"flowsom_consensus_k62_seed1",599,10
"flowsom_consensus_k62_seed1",600,10
"flowsom_consensus_k62_seed1",601,51
"flowsom_consensus_k62_seed1",602,51
"flowsom_consensus_k62_seed1",603,51
"flowsom_consensus_k62_seed1",604,51
"flowsom_consensus_k62_seed1",605,51
"flowsom_consensus_k62_seed1",606,51
"flowsom_consensus_k62_seed1",607,51
"flowsom_consensus_k62_seed1",608,51
"flowsom_consensus_k62_seed1",609,43
"flowsom_consensus_k62_seed1",610,43
"flowsom_consensus_k62_seed1",611,43
"flowsom_consensus_k62_seed1",612,46
"flowsom_consensus_k62_seed1",613,46
"flowsom_consensus_k62_seed1",614,46
"flowsom_consensus_k62_seed1",615,46
"flowsom_consensus_k62_seed1",616,46
"flowsom_consensus_k62_seed1",617,46
"flowsom_consensus_k62_seed1",618,46
"flowsom_consensus_k62_seed1",619,46
"flowsom_consensus_k62_seed1",620,46
"flowsom_consensus_k62_seed1",621,46
"flowsom_consensus_k62_seed1",622,46
"flowsom_consensus_k62_seed1",623,46
"flowsom_consensus_k62_seed1",624,10
"flowsom_consensus_k62_seed1",625,10
"flowsom_consensus_k62_seed1",626,10
"flowsom_consensus_k62_seed1",627,10
"flowsom_consensus_k62_seed1",628,10
"flowsom_consensus_k62_seed1",629,10
"flowsom_consensus_k62_seed1",630,10
"flowsom_consensus_k62_seed1",631,51
"flowsom_consensus_k62_seed1",632,51
"flowsom_consensus_k62_seed1",633,51
"flowsom_consensus_k62_seed1",634,51
"flowsom_consensus_k62_seed1",635,51
"flowsom_consensus_k62_seed1",636,51
"flowsom_consensus_k62_seed1",637,51
"flowsom_consensus_k62_seed1",638,43
"flowsom_consensus_k62_seed1",639,43
"flowsom_consensus_k62_seed1",640,43
"flowsom_consensus_k62_seed1",641,43
"flowsom_consensus_k62_seed1",642,57
"flowsom_consensus_k62_seed1",643,46
"flowsom_consensus_k62_seed1",644,46
"flowsom_consensus_k62_seed1",645,46
"flowsom_consensus_k62_seed1",646,46
"flowsom_consensus_k62_seed1",647,46
"flowsom_consensus_k62_seed1",648,46
"flowsom_consensus_k62_seed1",649,46
"flowsom_consensus_k62_seed1",650,46
"flowsom_consensus_k62_seed1",651,46
"flowsom_consensus_k62_seed1",652,46
"flowsom_consensus_k62_seed1",653,46
"flowsom_consensus_k62_seed1",654,10
"flowsom_consensus_k62_seed1",655,10
"flowsom_consensus_k62_seed1",656,10
"flowsom_consensus_k62_seed1",657,10
"flowsom_consensus_k62_seed1",658,10
"flowsom_consensus_k62_seed1",659,10
"flowsom_consensus_k62_seed1",660,10
"flowsom_consensus_k62_seed1",661,51
"flowsom_consensus_k62_seed1",662,51
"flowsom_consensus_k62_seed1",663,51
"flowsom_consensus_k62_seed1",664,51
"flowsom_consensus_k62_seed1",665,51
"flowsom_consensus_k62_seed1",666,51
"flowsom_consensus_k62_seed1",667,43
"flowsom_consensus_k62_seed1",668,43
"flowsom_consensus_k62_seed1",669,43
"flowsom_consensus_k62_seed1",670,43
"flowsom_consensus_k62_seed1",671,43
"flowsom_consensus_k62_seed1",672,46
"flowsom_consensus_k62_seed1",673,46
"flowsom_consensus_k62_seed1",674,46
"flowsom_consensus_k62_seed1",675,46
"flowsom_consensus_k62_seed1",676,46
"flowsom_consensus_k62_seed1",677,46
"flowsom_consensus_k62_seed1",678,46
"flowsom_consensus_k62_seed1",679,46
"flowsom_consensus_k62_seed1",680,46
"flowsom_consensus_k62_seed1",681,46
"flowsom_consensus_k62_seed1",682,46
"flowsom_consensus_k62_seed1",683,46
"flowsom_consensus_k62_seed1",684,10
"flowsom_consensus_k62_seed1",685,10
"flowsom_consensus_k62_seed1",686,10
"flowsom_consensus_k62_seed1",687,10
"flowsom_consensus_k62_seed1",688,10
"flowsom_consensus_k62_seed1",689,10
"flowsom_consensus_k62_seed1",690,10
"flowsom_consensus_k62_seed1",691,51
"flowsom_consensus_k62_seed1",692,51
"flowsom_consensus_k62_seed1",693,51
"flowsom_consensus_k62_seed1",694,51
"flowsom_consensus_k62_seed1",695,51
"flowsom_consensus_k62_seed1",696,51
"flowsom_consensus_k62_seed1",697,43
"flowsom_consensus_k62_seed1",698,58
"flowsom_consensus_k62_seed1",699,58
"flowsom_consensus_k62_seed1",700,59
"flowsom_consensus_k62_seed1",701,60
"flowsom_consensus_k62_seed1",702,46
"flowsom_consensus_k62_seed1",703,46
"flowsom_consensus_k62_seed1",704,46
"flowsom_consensus_k62_seed1",705,46
"flowsom_consensus_k62_seed1",706,46
"flowsom_consensus_k62_seed1",707,46
"flowsom_consensus_k62_seed1",708,46
"flowsom_consensus_k62_seed1",709,46
"flowsom_consensus_k62_seed1",710,46
"flowsom_consensus_k62_seed1",711,46
"flowsom_consensus_k62_seed1",712,46
"flowsom_consensus_k62_seed1",713,46
"flowsom_consensus_k62_seed1",714,46
"flowsom_consensus_k62_seed1",715,46
"flowsom_consensus_k62_seed1",716,10
"flowsom_consensus_k62_seed1",717,10
"flowsom_consensus_k62_seed1",718,10
"flowsom_consensus_k62_seed1",719,10
"flowsom_consensus_k62_seed1",720,10
"flowsom_consensus_k62_seed1",721,43
"flowsom_consensus_k62_seed1",722,43
"flowsom_consensus_k62_seed1",723,59
"flowsom_consensus_k62_seed1",724,61
"flowsom_consensus_k62_seed1",725,58
"flowsom_consensus_k62_seed1",726,58
"flowsom_consensus_k62_seed1",727,58
"flowsom_consensus_k62_seed1",728,58
"flowsom_consensus_k62_seed1",729,58
"flowsom_consensus_k62_seed1",730,58
"flowsom_consensus_k62_seed1",731,58
"flowsom_consensus_k62_seed1",732,46
"flowsom_consensus_k62_seed1",733,46
"flowsom_consensus_k62_seed1",734,46
"flowsom_consensus_k62_seed1",735,46
"flowsom_consensus_k62_seed1",736,46
"flowsom_consensus_k62_seed1",737,46
"flowsom_consensus_k62_seed1",738,46
"flowsom_consensus_k62_seed1",739,46
"flowsom_consensus_k62_seed1",740,46
"flowsom_consensus_k62_seed1",741,46
"flowsom_consensus_k62_seed1",742,46
"flowsom_consensus_k62_seed1",743,46
"flowsom_consensus_k62_seed1",744,46
"flowsom_consensus_k62_seed1",745,46
"flowsom_consensus_k62_seed1",746,46
"flowsom_consensus_k62_seed1",747,46
"flowsom_consensus_k62_seed1",748,46
"flowsom_consensus_k62_seed1",749,46
"flowsom_consensus_k62_seed1",750,62
"flowsom_consensus_k62_seed1",751,58
"flowsom_consensus_k62_seed1",752,58
"flowsom_consensus_k62_seed1",753,58
"flowsom_consensus_k62_seed1",754,58
"flowsom_consensus_k62_seed1",755,58
"flowsom_consensus_k62_seed1",756,58
"flowsom_consensus_k62_seed1",757,58
"flowsom_consensus_k62_seed1",758,58
"flowsom_consensus_k62_seed1",759,58
"flowsom_consensus_k62_seed1",760,58
"flowsom_consensus_k62_seed1",761,58
"flowsom_consensus_k62_seed1",762,46
"flowsom_consensus_k62_seed1",763,46
"flowsom_consensus_k62_seed1",764,46
"flowsom_consensus_k62_seed1",765,46
"flowsom_consensus_k62_seed1",766,46
"flowsom_consensus_k62_seed1",767,46
"flowsom_consensus_k62_seed1",768,46
"flowsom_consensus_k62_seed1",769,46
"flowsom_consensus_k62_seed1",770,46
"flowsom_consensus_k62_seed1",771,46
"flowsom_consensus_k62_seed1",772,46
"flowsom_consensus_k62_seed1",773,46
"flowsom_consensus_k62_seed1",774,46
"flowsom_consensus_k62_seed1",775,46
"flowsom_consensus_k62_seed1",776,46
"flowsom_consensus_k62_seed1",777,46
"flowsom_consensus_k62_seed1",778,46
"flowsom_consensus_k62_seed1",779,46
"flowsom_consensus_k62_seed1",780,46
"flowsom_consensus_k62_seed1",781,58
"flowsom_consensus_k62_seed1",782,58
"flowsom_consensus_k62_seed1",783,58
"flowsom_consensus_k62_seed1",784,58
"flowsom_consensus_k62_seed1",785,58
"flowsom_consensus_k62_seed1",786,58
"flowsom_consensus_k62_seed1",787,58
"flowsom_consensus_k62_seed1",788,58
"flowsom_consensus_k62_seed1",789,58
"flowsom_consensus_k62_seed1",790,58
"flowsom_consensus_k62_seed1",791,58
"flowsom_consensus_k62_seed1",792,46
"flowsom_consensus_k62_seed1",793,46
"flowsom_consensus_k62_seed1",794,46
"flowsom_consensus_k62_seed1",795,46
"flowsom_consensus_k62_seed1",796,46
"flowsom_consensus_k62_seed1",797,46
"flowsom_consensus_k62_seed1",798,46
"flowsom_consensus_k62_seed1",799,46
"flowsom_consensus_k62_seed1",800,46
"flowsom_consensus_k62_seed1",801,46
"flowsom_consensus_k62_seed1",802,46
"flowsom_consensus_k62_seed1",803,46
"flowsom_consensus_k62_seed1",804,46
"flowsom_consensus_k62_seed1",805,46
"flowsom_consensus_k62_seed1",806,46
"flowsom_consensus_k62_seed1",807,46
"flowsom_consensus_k62_seed1",808,46
"flowsom_consensus_k62_seed1",809,46
"flowsom_consensus_k62_seed1",810,46
"flowsom_consensus_k62_seed1",811,58
"flowsom_consensus_k62_seed1",812,58
"flowsom_consensus_k62_seed1",813,58
"flowsom_consensus_k62_seed1",814,58
"flowsom_consensus_k62_seed1",815,58
"flowsom_consensus_k62_seed1",816,58
"flowsom_consensus_k62_seed1",817,58
"flowsom_consensus_k62_seed1",818,58
"flowsom_consensus_k62_seed1",819,58
"flowsom_consensus_k62_seed1",820,58
"flowsom_consensus_k62_seed1",821,58
"flowsom_consensus_k62_seed1",822,46
"flowsom_consensus_k62_seed1",823,46
"flowsom_consensus_k62_seed1",824,46
"flowsom_consensus_k62_seed1",825,46
"flowsom_consensus_k62_seed1",826,46
"flowsom_consensus_k62_seed1",827,46
"flowsom_consensus_k62_seed1",828,46
"flowsom_consensus_k62_seed1",829,46
"flowsom_consensus_k62_seed1",830,46
"flowsom_consensus_k62_seed1",831,46
"flowsom_consensus_k62_seed1",832,46
"flowsom_consensus_k62_seed1",833,46
"flowsom_consensus_k62_seed1",834,46
"flowsom_consensus_k62_seed1",835,46
"flowsom_consensus_k62_seed1",836,46
"flowsom_consensus_k62_seed1",837,46
"flowsom_consensus_k62_seed1",838,46
"flowsom_consensus_k62_seed1",839,46
"flowsom_consensus_k62_seed1",840,46
"flowsom_consensus_k62_seed1",841,58
"flowsom_consensus_k62_seed1",842,58
"flowsom_consensus_k62_seed1",843,58
"flowsom_consensus_k62_seed1",844,58
"flowsom_consensus_k62_seed1",845,58
"flowsom_consensus_k62_seed1",846,58
"flowsom_consensus_k62_seed1",847,58
"flowsom_consensus_k62_seed1",848,58
"flowsom_consensus_k62_seed1",849,58
"flowsom_consensus_k62_seed1",850,58
"flowsom_consensus_k62_seed1",851,58
"flowsom_consensus_k62_seed1",852,46
"flowsom_consensus_k62_seed1",853,46
"flowsom_consensus_k62_seed1",854,46
"flowsom_consensus_k62_seed1",855,46
"flowsom_consensus_k62_seed1",856,46
"flowsom_consensus_k62_seed1",857,46
"flowsom_consensus_k62_seed1",858,46
"flowsom_consensus_k62_seed1",859,46
"flowsom_consensus_k62_seed1",860,46
"flowsom_consensus_k62_seed1",861,46
"flowsom_consensus_k62_seed1",862,46
"flowsom_consensus_k62_seed1",863,46
"flowsom_consensus_k62_seed1",864,46
"flowsom_consensus_k62_seed1",865,46
"flowsom_consensus_k62_seed1",866,46
"flowsom_consensus_k62_seed1",867,46
"flowsom_consensus_k62_seed1",868,46
"flowsom_consensus_k62_seed1",869,46
"flowsom_consensus_k62_seed1",870,46
"flowsom_consensus_k62_seed1",871,58
"flowsom_consensus_k62_seed1",872,58
"flowsom_consensus_k62_seed1",873,58
"flowsom_consensus_k62_seed1",874,58
"flowsom_consensus_k62_seed1",875,58
"flowsom_consensus_k62_seed1",876,58
"flowsom_consensus_k62_seed1",877,58
"flowsom_consensus_k62_seed1",878,58
"flowsom_consensus_k62_seed1",879,58
"flowsom_consensus_k62_seed1",880,58
"flowsom_consensus_k62_seed1",881,58
"flowsom_consensus_k62_seed1",882,58
"flowsom_consensus_k62_seed1",883,46
"flowsom_consensus_k62_seed1",884,46
"flowsom_consensus_k62_seed1",885,46
"flowsom_consensus_k62_seed1",886,46
"flowsom_consensus_k62_seed1",887,46
"flowsom_consensus_k62_seed1",888,46
"flowsom_consensus_k62_seed1",889,46
"flowsom_consensus_k62_seed1",890,46
"flowsom_consensus_k62_seed1",891,46
"flowsom_consensus_k62_seed1",892,46
"flowsom_consensus_k62_seed1",893,46
"flowsom_consensus_k62_seed1",894,46
"flowsom_consensus_k62_seed1",895,46
"flowsom_consensus_k62_seed1",896,46
"flowsom_consensus_k62_seed1",897,46
"flowsom_consensus_k62_seed1",898,46
"flowsom_consensus_k62_seed1",899,46
"flowsom_consensus_k62_seed1",900,46
"flowsom_consensus_k62_seed42",1,1
"flowsom_consensus_k62_seed42",2,1
"flowsom_consensus_k62_seed42",3,1
"flowsom_consensus_k62_seed42",4,1
"flowsom_consensus_k62_seed42",5,1
"flowsom_consensus_k62_seed42",6,1
"flowsom_consensus_k62_seed42",7,2
"flowsom_consensus_k62_seed42",8,2
"flowsom_consensus_k62_seed42",9,2
"flowsom_consensus_k62_seed42",10,2
"flowsom_consensus_k62_seed42",11,3
"flowsom_consensus_k62_seed42",12,3
"flowsom_consensus_k62_seed42",13,4
"flowsom_consensus_k62_seed42",14,4
"flowsom_consensus_k62_seed42",15,4
"flowsom_consensus_k62_seed42",16,5
"flowsom_consensus_k62_seed42",17,5
"flowsom_consensus_k62_seed42",18,6
"flowsom_consensus_k62_seed42",19,6
"flowsom_consensus_k62_seed42",20,7
"flowsom_consensus_k62_seed42",21,7
"flowsom_consensus_k62_seed42",22,7
"flowsom_consensus_k62_seed42",23,8
"flowsom_consensus_k62_seed42",24,8
"flowsom_consensus_k62_seed42",25,8
"flowsom_consensus_k62_seed42",26,8
"flowsom_consensus_k62_seed42",27,9
"flowsom_consensus_k62_seed42",28,9
"flowsom_consensus_k62_seed42",29,10
"flowsom_consensus_k62_seed42",30,10
"flowsom_consensus_k62_seed42",31,1
"flowsom_consensus_k62_seed42",32,1
"flowsom_consensus_k62_seed42",33,1
"flowsom_consensus_k62_seed42",34,1
"flowsom_consensus_k62_seed42",35,1
"flowsom_consensus_k62_seed42",36,1
"flowsom_consensus_k62_seed42",37,1
"flowsom_consensus_k62_seed42",38,2
"flowsom_consensus_k62_seed42",39,2
"flowsom_consensus_k62_seed42",40,3
"flowsom_consensus_k62_seed42",41,2
"flowsom_consensus_k62_seed42",42,3
"flowsom_consensus_k62_seed42",43,3
"flowsom_consensus_k62_seed42",44,4
"flowsom_consensus_k62_seed42",45,4
"flowsom_consensus_k62_seed42",46,5
"flowsom_consensus_k62_seed42",47,5
"flowsom_consensus_k62_seed42",48,6
"flowsom_consensus_k62_seed42",49,6
"flowsom_consensus_k62_seed42",50,6
"flowsom_consensus_k62_seed42",51,7
"flowsom_consensus_k62_seed42",52,7
"flowsom_consensus_k62_seed42",53,8
"flowsom_consensus_k62_seed42",54,8
"flowsom_consensus_k62_seed42",55,8
"flowsom_consensus_k62_seed42",56,8
"flowsom_consensus_k62_seed42",57,8
"flowsom_consensus_k62_seed42",58,9
"flowsom_consensus_k62_seed42",59,10
"flowsom_consensus_k62_seed42",60,10
"flowsom_consensus_k62_seed42",61,1
"flowsom_consensus_k62_seed42",62,1
"flowsom_consensus_k62_seed42",63,1
"flowsom_consensus_k62_seed42",64,1
"flowsom_consensus_k62_seed42",65,1
"flowsom_consensus_k62_seed42",66,1
"flowsom_consensus_k62_seed42",67,11
"flowsom_consensus_k62_seed42",68,11
"flowsom_consensus_k62_seed42",69,3
"flowsom_consensus_k62_seed42",70,2
"flowsom_consensus_k62_seed42",71,3
"flowsom_consensus_k62_seed42",72,3
"flowsom_consensus_k62_seed42",73,2
"flowsom_consensus_k62_seed42",74,4
"flowsom_consensus_k62_seed42",75,4
"flowsom_consensus_k62_seed42",76,5
"flowsom_consensus_k62_seed42",77,5
"flowsom_consensus_k62_seed42",78,6
"flowsom_consensus_k62_seed42",79,12
"flowsom_consensus_k62_seed42",80,6
"flowsom_consensus_k62_seed42",81,6
"flowsom_consensus_k62_seed42",82,8
"flowsom_consensus_k62_seed42",83,8
"flowsom_consensus_k62_seed42",84,13
"flowsom_consensus_k62_seed42",85,13
"flowsom_consensus_k62_seed42",86,13
"flowsom_consensus_k62_seed42",87,13
"flowsom_consensus_k62_seed42",88,10
"flowsom_consensus_k62_seed42",89,10
"flowsom_consensus_k62_seed42",90,10
"flowsom_consensus_k62_seed42",91,1
"flowsom_consensus_k62_seed42",92,1
"flowsom_consensus_k62_seed42",93,1
"flowsom_consensus_k62_seed42",94,1
"flowsom_consensus_k62_seed42",95,1
"flowsom_consensus_k62_seed42",96,1
"flowsom_consensus_k62_seed42",97,14
"flowsom_consensus_k62_seed42",98,11
"flowsom_consensus_k62_seed42",99,2
"flowsom_consensus_k62_seed42",100,3
"flowsom_consensus_k62_seed42",101,3
"flowsom_consensus_k62_seed42",102,3
"flowsom_consensus_k62_seed42",103,3
"flowsom_consensus_k62_seed42",104,2
"flowsom_consensus_k62_seed42",105,4
"flowsom_consensus_k62_seed42",106,5
"flowsom_consensus_k62_seed42",107,5
"flowsom_consensus_k62_seed42",108,5
"flowsom_consensus_k62_seed42",109,12
"flowsom_consensus_k62_seed42",110,6
"flowsom_consensus_k62_seed42",111,6
"flowsom_consensus_k62_seed42",112,15
"flowsom_consensus_k62_seed42",113,13
"flowsom_consensus_k62_seed42",114,13
"flowsom_consensus_k62_seed42",115,13
"flowsom_consensus_k62_seed42",116,13
"flowsom_consensus_k62_seed42",117,13
"flowsom_consensus_k62_seed42",118,10
"flowsom_consensus_k62_seed42",119,10
"flowsom_consensus_k62_seed42",120,10
"flowsom_consensus_k62_seed42",121,16
"flowsom_consensus_k62_seed42",122,1
"flowsom_consensus_k62_seed42",123,1
"flowsom_consensus_k62_seed42",124,1
"flowsom_consensus_k62_seed42",125,1
"flowsom_consensus_k62_seed42",126,1
"flowsom_consensus_k62_seed42",127,1
"flowsom_consensus_k62_seed42",128,17
"flowsom_consensus_k62_seed42",129,2
"flowsom_consensus_k62_seed42",130,18
"flowsom_consensus_k62_seed42",131,18
"flowsom_consensus_k62_seed42",132,18
"flowsom_consensus_k62_seed42",133,2
"flowsom_consensus_k62_seed42",134,19
"flowsom_consensus_k62_seed42",135,20
"flowsom_consensus_k62_seed42",136,20
"flowsom_consensus_k62_seed42",137,20
"flowsom_consensus_k62_seed42",138,21
"flowsom_consensus_k62_seed42",139,21
"flowsom_consensus_k62_seed42",140,15
"flowsom_consensus_k62_seed42",141,22
"flowsom_consensus_k62_seed42",142,22
"flowsom_consensus_k62_seed42",143,13
"flowsom_consensus_k62_seed42",144,13
"flowsom_consensus_k62_seed42",145,13
"flowsom_consensus_k62_seed42",146,13
"flowsom_consensus_k62_seed42",147,12
"flowsom_consensus_k62_seed42",148,10
"flowsom_consensus_k62_seed42",149,10
"flowsom_consensus_k62_seed42",150,10
"flowsom_consensus_k62_seed42",151,16
"flowsom_consensus_k62_seed42",152,16
"flowsom_consensus_k62_seed42",153,23
"flowsom_consensus_k62_seed42",154,1
"flowsom_consensus_k62_seed42",155,1
"flowsom_consensus_k62_seed42",156,1
"flowsom_consensus_k62_seed42",157,1
"flowsom_consensus_k62_seed42",158,17
"flowsom_consensus_k62_seed42",159,24
"flowsom_consensus_k62_seed42",160,24
"flowsom_consensus_k62_seed42",161,18
"flowsom_consensus_k62_seed42",162,18
"flowsom_consensus_k62_seed42",163,18
"flowsom_consensus_k62_seed42",164,19
"flowsom_consensus_k62_seed42",165,25
"flowsom_consensus_k62_seed42",166,20
"flowsom_consensus_k62_seed42",167,20
"flowsom_consensus_k62_seed42",168,21
"flowsom_consensus_k62_seed42",169,26
"flowsom_consensus_k62_seed42",170,26
"flowsom_consensus_k62_seed42",171,22
"flowsom_consensus_k62_seed42",172,22
"flowsom_consensus_k62_seed42",173,22
"flowsom_consensus_k62_seed42",174,13
"flowsom_consensus_k62_seed42",175,13
"flowsom_consensus_k62_seed42",176,13
"flowsom_consensus_k62_seed42",177,12
"flowsom_consensus_k62_seed42",178,10
"flowsom_consensus_k62_seed42",179,10
"flowsom_consensus_k62_seed42",180,10
"flowsom_consensus_k62_seed42",181,27
"flowsom_consensus_k62_seed42",182,23
"flowsom_consensus_k62_seed42",183,23
"flowsom_consensus_k62_seed42",184,28
"flowsom_consensus_k62_seed42",185,1
"flowsom_consensus_k62_seed42",186,14
"flowsom_consensus_k62_seed42",187,14
"flowsom_consensus_k62_seed42",188,24
"flowsom_consensus_k62_seed42",189,24
"flowsom_consensus_k62_seed42",190,18
"flowsom_consensus_k62_seed42",191,29
"flowsom_consensus_k62_seed42",192,29
"flowsom_consensus_k62_seed42",193,30
"flowsom_consensus_k62_seed42",194,30
"flowsom_consensus_k62_seed42",195,20
"flowsom_consensus_k62_seed42",196,31
"flowsom_consensus_k62_seed42",197,32
"flowsom_consensus_k62_seed42",198,32
"flowsom_consensus_k62_seed42",199,26
"flowsom_consensus_k62_seed42",200,26
"flowsom_consensus_k62_seed42",201,22
"flowsom_consensus_k62_seed42",202,22
"flowsom_consensus_k62_seed42",203,22
"flowsom_consensus_k62_seed42",204,13
"flowsom_consensus_k62_seed42",205,13
"flowsom_consensus_k62_seed42",206,13
"flowsom_consensus_k62_seed42",207,10
"flowsom_consensus_k62_seed42",208,10
"flowsom_consensus_k62_seed42",209,10
"flowsom_consensus_k62_seed42",210,10
"flowsom_consensus_k62_seed42",211,27
"flowsom_consensus_k62_seed42",212,27
"flowsom_consensus_k62_seed42",213,33
"flowsom_consensus_k62_seed42",214,23
"flowsom_consensus_k62_seed42",215,28
"flowsom_consensus_k62_seed42",216,14
"flowsom_consensus_k62_seed42",217,14
"flowsom_consensus_k62_seed42",218,14
"flowsom_consensus_k62_seed42",219,24
"flowsom_consensus_k62_seed42",220,14
"flowsom_consensus_k62_seed42",221,29
"flowsom_consensus_k62_seed42",222,29
"flowsom_consensus_k62_seed42",223,29
"flowsom_consensus_k62_seed42",224,30
"flowsom_consensus_k62_seed42",225,31
"flowsom_consensus_k62_seed42",226,32
"flowsom_consensus_k62_seed42",227,32
"flowsom_consensus_k62_seed42",228,32
"flowsom_consensus_k62_seed42",229,32
"flowsom_consensus_k62_seed42",230,32
"flowsom_consensus_k62_seed42",231,22
"flowsom_consensus_k62_seed42",232,22
"flowsom_consensus_k62_seed42",233,22
"flowsom_consensus_k62_seed42",234,34
"flowsom_consensus_k62_seed42",235,13
"flowsom_consensus_k62_seed42",236,10
"flowsom_consensus_k62_seed42",237,10
"flowsom_consensus_k62_seed42",238,10
"flowsom_consensus_k62_seed42",239,10
"flowsom_consensus_k62_seed42",240,10
"flowsom_consensus_k62_seed42",241,27
"flowsom_consensus_k62_seed42",242,27
"flowsom_consensus_k62_seed42",243,27
"flowsom_consensus_k62_seed42",244,35
"flowsom_consensus_k62_seed42",245,28
"flowsom_consensus_k62_seed42",246,28
"flowsom_consensus_k62_seed42",247,14
"flowsom_consensus_k62_seed42",248,14
"flowsom_consensus_k62_seed42",249,11
"flowsom_consensus_k62_seed42",250,21
"flowsom_consensus_k62_seed42",251,21
"flowsom_consensus_k62_seed42",252,21
"flowsom_consensus_k62_seed42",253,32
"flowsom_consensus_k62_seed42",254,36
"flowsom_consensus_k62_seed42",255,32
"flowsom_consensus_k62_seed42",256,32
"flowsom_consensus_k62_seed42",257,32
"flowsom_consensus_k62_seed42",258,32
"flowsom_consensus_k62_seed42",259,37
"flowsom_consensus_k62_seed42",260,38
"flowsom_consensus_k62_seed42",261,34
"flowsom_consensus_k62_seed42",262,34
"flowsom_consensus_k62_seed42",263,34
"flowsom_consensus_k62_seed42",264,10
"flowsom_consensus_k62_seed42",265,10
"flowsom_consensus_k62_seed42",266,10
"flowsom_consensus_k62_seed42",267,10
"flowsom_consensus_k62_seed42",268,10
"flowsom_consensus_k62_seed42",269,10
"flowsom_consensus_k62_seed42",270,10
"flowsom_consensus_k62_seed42",271,27
"flowsom_consensus_k62_seed42",272,27
"flowsom_consensus_k62_seed42",273,27
"flowsom_consensus_k62_seed42",274,39
"flowsom_consensus_k62_seed42",275,40
"flowsom_consensus_k62_seed42",276,28
"flowsom_consensus_k62_seed42",277,28
"flowsom_consensus_k62_seed42",278,14
"flowsom_consensus_k62_seed42",279,1
"flowsom_consensus_k62_seed42",280,21
"flowsom_consensus_k62_seed42",281,21
"flowsom_consensus_k62_seed42",282,21
"flowsom_consensus_k62_seed42",283,32
"flowsom_consensus_k62_seed42",284,36
"flowsom_consensus_k62_seed42",285,36
"flowsom_consensus_k62_seed42",286,32
"flowsom_consensus_k62_seed42",287,32
"flowsom_consensus_k62_seed42",288,32
"flowsom_consensus_k62_seed42",289,41
"flowsom_consensus_k62_seed42",290,41
"flowsom_consensus_k62_seed42",291,37
"flowsom_consensus_k62_seed42",292,34
"flowsom_consensus_k62_seed42",293,34
"flowsom_consensus_k62_seed42",294,34
"flowsom_consensus_k62_seed42",295,10
"flowsom_consensus_k62_seed42",296,10
"flowsom_consensus_k62_seed42",297,10
"flowsom_consensus_k62_seed42",298,10
"flowsom_consensus_k62_seed42",299,10
"flowsom_consensus_k62_seed42",300,10
"flowsom_consensus_k62_seed42",301,27
"flowsom_consensus_k62_seed42",302,27
"flowsom_consensus_k62_seed42",303,42
"flowsom_consensus_k62_seed42",304,42
"flowsom_consensus_k62_seed42",305,39
"flowsom_consensus_k62_seed42",306,28
"flowsom_consensus_k62_seed42",307,28
"flowsom_consensus_k62_seed42",308,11
"flowsom_consensus_k62_seed42",309,43
"flowsom_consensus_k62_seed42",310,5
"flowsom_consensus_k62_seed42",311,44
"flowsom_consensus_k62_seed42",312,44
"flowsom_consensus_k62_seed42",313,44
"flowsom_consensus_k62_seed42",314,36
"flowsom_consensus_k62_seed42",315,32
"flowsom_consensus_k62_seed42",316,32
"flowsom_consensus_k62_seed42",317,45
"flowsom_consensus_k62_seed42",318,45
"flowsom_consensus_k62_seed42",319,45
"flowsom_consensus_k62_seed42",320,41
"flowsom_consensus_k62_seed42",321,45
"flowsom_consensus_k62_seed42",322,34
"flowsom_consensus_k62_seed42",323,34
"flowsom_consensus_k62_seed42",324,10
"flowsom_consensus_k62_seed42",325,10
"flowsom_consensus_k62_seed42",326,10
"flowsom_consensus_k62_seed42",327,10
"flowsom_consensus_k62_seed42",328,10
"flowsom_consensus_k62_seed42",329,10
"flowsom_consensus_k62_seed42",330,10
"flowsom_consensus_k62_seed42",331,27
"flowsom_consensus_k62_seed42",332,27
"flowsom_consensus_k62_seed42",333,42
"flowsom_consensus_k62_seed42",334,42
"flowsom_consensus_k62_seed42",335,42
"flowsom_consensus_k62_seed42",336,46
"flowsom_consensus_k62_seed42",337,47
"flowsom_consensus_k62_seed42",338,48
"flowsom_consensus_k62_seed42",339,49
"flowsom_consensus_k62_seed42",340,49
"flowsom_consensus_k62_seed42",341,5
"flowsom_consensus_k62_seed42",342,44
"flowsom_consensus_k62_seed42",343,41
"flowsom_consensus_k62_seed42",344,45
"flowsom_consensus_k62_seed42",345,45
"flowsom_consensus_k62_seed42",346,45
"flowsom_consensus_k62_seed42",347,45
"flowsom_consensus_k62_seed42",348,45
"flowsom_consensus_k62_seed42",349,45
"flowsom_consensus_k62_seed42",350,45
"flowsom_consensus_k62_seed42",351,45
"flowsom_consensus_k62_seed42",352,45
"flowsom_consensus_k62_seed42",353,10
"flowsom_consensus_k62_seed42",354,10
"flowsom_consensus_k62_seed42",355,10
"flowsom_consensus_k62_seed42",356,10
"flowsom_consensus_k62_seed42",357,10
"flowsom_consensus_k62_seed42",358,10
"flowsom_consensus_k62_seed42",359,10
"flowsom_consensus_k62_seed42",360,10
"flowsom_consensus_k62_seed42",361,27
"flowsom_consensus_k62_seed42",362,42
"flowsom_consensus_k62_seed42",363,42
"flowsom_consensus_k62_seed42",364,42
"flowsom_consensus_k62_seed42",365,50
"flowsom_consensus_k62_seed42",366,47
"flowsom_consensus_k62_seed42",367,47
"flowsom_consensus_k62_seed42",368,51
"flowsom_consensus_k62_seed42",369,49
"flowsom_consensus_k62_seed42",370,52
"flowsom_consensus_k62_seed42",371,44
"flowsom_consensus_k62_seed42",372,44
"flowsom_consensus_k62_seed42",373,45
"flowsom_consensus_k62_seed42",374,45
"flowsom_consensus_k62_seed42",375,45
"flowsom_consensus_k62_seed42",376,45
"flowsom_consensus_k62_seed42",377,45
"flowsom_consensus_k62_seed42",378,45
"flowsom_consensus_k62_seed42",379,45
"flowsom_consensus_k62_seed42",380,45
"flowsom_consensus_k62_seed42",381,45
"flowsom_consensus_k62_seed42",382,45
"flowsom_consensus_k62_seed42",383,10
"flowsom_consensus_k62_seed42",384,10
"flowsom_consensus_k62_seed42",385,10
"flowsom_consensus_k62_seed42",386,10
"flowsom_consensus_k62_seed42",387,10
"flowsom_consensus_k62_seed42",388,10
"flowsom_consensus_k62_seed42",389,10
"flowsom_consensus_k62_seed42",390,10
"flowsom_consensus_k62_seed42",391,53
"flowsom_consensus_k62_seed42",392,42
"flowsom_consensus_k62_seed42",393,50
"flowsom_consensus_k62_seed42",394,50
"flowsom_consensus_k62_seed42",395,50
"flowsom_consensus_k62_seed42",396,50
"flowsom_consensus_k62_seed42",397,50
"flowsom_consensus_k62_seed42",398,47
"flowsom_consensus_k62_seed42",399,46
"flowsom_consensus_k62_seed42",400,52
"flowsom_consensus_k62_seed42",401,36
"flowsom_consensus_k62_seed42",402,36
"flowsom_consensus_k62_seed42",403,45
"flowsom_consensus_k62_seed42",404,45
"flowsom_consensus_k62_seed42",405,45
"flowsom_consensus_k62_seed42",406,45
"flowsom_consensus_k62_seed42",407,45
"flowsom_consensus_k62_seed42",408,45
"flowsom_consensus_k62_seed42",409,45
"flowsom_consensus_k62_seed42",410,45
"flowsom_consensus_k62_seed42",411,45
"flowsom_consensus_k62_seed42",412,45
"flowsom_consensus_k62_seed42",413,45
"flowsom_consensus_k62_seed42",414,10
"flowsom_consensus_k62_seed42",415,10
"flowsom_consensus_k62_seed42",416,10
"flowsom_consensus_k62_seed42",417,10
"flowsom_consensus_k62_seed42",418,10
"flowsom_consensus_k62_seed42",419,10
"flowsom_consensus_k62_seed42",420,10
"flowsom_consensus_k62_seed42",421,50
"flowsom_consensus_k62_seed42",422,50
"flowsom_consensus_k62_seed42",423,50
"flowsom_consensus_k62_seed42",424,50
"flowsom_consensus_k62_seed42",425,50
"flowsom_consensus_k62_seed42",426,50
"flowsom_consensus_k62_seed42",427,50
"flowsom_consensus_k62_seed42",428,50
"flowsom_consensus_k62_seed42",429,46
"flowsom_consensus_k62_seed42",430,36
"flowsom_consensus_k62_seed42",431,36
"flowsom_consensus_k62_seed42",432,36
"flowsom_consensus_k62_seed42",433,45
"flowsom_consensus_k62_seed42",434,45
"flowsom_consensus_k62_seed42",435,45
"flowsom_consensus_k62_seed42",436,45
"flowsom_consensus_k62_seed42",437,45
"flowsom_consensus_k62_seed42",438,45
"flowsom_consensus_k62_seed42",439,45
"flowsom_consensus_k62_seed42",440,45
"flowsom_consensus_k62_seed42",441,45
"flowsom_consensus_k62_seed42",442,45
"flowsom_consensus_k62_seed42",443,10
"flowsom_consensus_k62_seed42",444,10
"flowsom_consensus_k62_seed42",445,10
"flowsom_consensus_k62_seed42",446,10
"flowsom_consensus_k62_seed42",447,10
"flowsom_consensus_k62_seed42",448,10
"flowsom_consensus_k62_seed42",449,10
"flowsom_consensus_k62_seed42",450,10
"flowsom_consensus_k62_seed42",451,50
"flowsom_consensus_k62_seed42",452,50
"flowsom_consensus_k62_seed42",453,50
"flowsom_consensus_k62_seed42",454,50
"flowsom_consensus_k62_seed42",455,50
"flowsom_consensus_k62_seed42",456,50
"flowsom_consensus_k62_seed42",457,50
"flowsom_consensus_k62_seed42",458,50
"flowsom_consensus_k62_seed42",459,50
"flowsom_consensus_k62_seed42",460,36
"flowsom_consensus_k62_seed42",461,36
"flowsom_consensus_k62_seed42",462,36
"flowsom_consensus_k62_seed42",463,36
"flowsom_consensus_k62_seed42",464,45
"flowsom_consensus_k62_seed42",465,45
"flowsom_consensus_k62_seed42",466,45
"flowsom_consensus_k62_seed42",467,45
"flowsom_consensus_k62_seed42",468,45
"flowsom_consensus_k62_seed42",469,45
"flowsom_consensus_k62_seed42",470,45
"flowsom_consensus_k62_seed42",471,45
"flowsom_consensus_k62_seed42",472,45
"flowsom_consensus_k62_seed42",473,10
"flowsom_consensus_k62_seed42",474,10
"flowsom_consensus_k62_seed42",475,10
"flowsom_consensus_k62_seed42",476,10
"flowsom_consensus_k62_seed42",477,10
"flowsom_consensus_k62_seed42",478,10
"flowsom_consensus_k62_seed42",479,10
"flowsom_consensus_k62_seed42",480,10
"flowsom_consensus_k62_seed42",481,50
"flowsom_consensus_k62_seed42",482,50
"flowsom_consensus_k62_seed42",483,50
"flowsom_consensus_k62_seed42",484,50
"flowsom_consensus_k62_seed42",485,50
"flowsom_consensus_k62_seed42",486,50
"flowsom_consensus_k62_seed42",487,50
"flowsom_consensus_k62_seed42",488,50
"flowsom_consensus_k62_seed42",489,42
"flowsom_consensus_k62_seed42",490,36
"flowsom_consensus_k62_seed42",491,36
"flowsom_consensus_k62_seed42",492,36
"flowsom_consensus_k62_seed42",493,45
"flowsom_consensus_k62_seed42",494,45
"flowsom_consensus_k62_seed42",495,45
"flowsom_consensus_k62_seed42",496,45
"flowsom_consensus_k62_seed42",497,45
"flowsom_consensus_k62_seed42",498,45
"flowsom_consensus_k62_seed42",499,45
"flowsom_consensus_k62_seed42",500,45
"flowsom_consensus_k62_seed42",501,45
"flowsom_consensus_k62_seed42",502,45
"flowsom_consensus_k62_seed42",503,10
"flowsom_consensus_k62_seed42",504,10
"flowsom_consensus_k62_seed42",505,10
"flowsom_consensus_k62_seed42",506,10
"flowsom_consensus_k62_seed42",507,10
"flowsom_consensus_k62_seed42",508,10
"flowsom_consensus_k62_seed42",509,10
"flowsom_consensus_k62_seed42",510,10
"flowsom_consensus_k62_seed42",511,50
"flowsom_consensus_k62_seed42",512,50
"flowsom_consensus_k62_seed42",513,50
"flowsom_consensus_k62_seed42",514,50
"flowsom_consensus_k62_seed42",515,50
"flowsom_consensus_k62_seed42",516,50
"flowsom_consensus_k62_seed42",517,50
"flowsom_consensus_k62_seed42",518,50
"flowsom_consensus_k62_seed42",519,50
"flowsom_consensus_k62_seed42",520,54
"flowsom_consensus_k62_seed42",521,42
"flowsom_consensus_k62_seed42",522,55
"flowsom_consensus_k62_seed42",523,45
"flowsom_consensus_k62_seed42",524,45
"flowsom_consensus_k62_seed42",525,45
"flowsom_consensus_k62_seed42",526,45
"flowsom_consensus_k62_seed42",527,45
"flowsom_consensus_k62_seed42",528,45
"flowsom_consensus_k62_seed42",529,45
"flowsom_consensus_k62_seed42",530,45
"flowsom_consensus_k62_seed42",531,45
"flowsom_consensus_k62_seed42",532,45
"flowsom_consensus_k62_seed42",533,10
"flowsom_consensus_k62_seed42",534,10
"flowsom_consensus_k62_seed42",535,10
"flowsom_consensus_k62_seed42",536,10
"flowsom_consensus_k62_seed42",537,10
"flowsom_consensus_k62_seed42",538,10
"flowsom_consensus_k62_seed42",539,10
"flowsom_consensus_k62_seed42",540,10
"flowsom_consensus_k62_seed42",541,50
"flowsom_consensus_k62_seed42",542,50
"flowsom_consensus_k62_seed42",543,50
"flowsom_consensus_k62_seed42",544,50
"flowsom_consensus_k62_seed42",545,50
"flowsom_consensus_k62_seed42",546,50
"flowsom_consensus_k62_seed42",547,50
"flowsom_consensus_k62_seed42",548,50
"flowsom_consensus_k62_seed42",549,42
"flowsom_consensus_k62_seed42",550,42
"flowsom_consensus_k62_seed42",551,42
"flowsom_consensus_k62_seed42",552,45
"flowsom_consensus_k62_seed42",553,45
"flowsom_consensus_k62_seed42",554,45
"flowsom_consensus_k62_seed42",555,45
"flowsom_consensus_k62_seed42",556,45
"flowsom_consensus_k62_seed42",557,45
"flowsom_consensus_k62_seed42",558,45
"flowsom_consensus_k62_seed42",559,45
"flowsom_consensus_k62_seed42",560,45
"flowsom_consensus_k62_seed42",561,45
"flowsom_consensus_k62_seed42",562,45
"flowsom_consensus_k62_seed42",563,10
"flowsom_consensus_k62_seed42",564,10
"flowsom_consensus_k62_seed42",565,10
"flowsom_consensus_k62_seed42",566,10
"flowsom_consensus_k62_seed42",567,10
"flowsom_consensus_k62_seed42",568,10
"flowsom_consensus_k62_seed42",569,10
"flowsom_consensus_k62_seed42",570,10
"flowsom_consensus_k62_seed42",571,50
"flowsom_consensus_k62_seed42",572,50
"flowsom_consensus_k62_seed42",573,50
"flowsom_consensus_k62_seed42",574,50
"flowsom_consensus_k62_seed42",575,50
"flowsom_consensus_k62_seed42",576,50
"flowsom_consensus_k62_seed42",577,50
"flowsom_consensus_k62_seed42",578,50
"flowsom_consensus_k62_seed42",579,50
"flowsom_consensus_k62_seed42",580,42
"flowsom_consensus_k62_seed42",581,42
"flowsom_consensus_k62_seed42",582,42
"flowsom_consensus_k62_seed42",583,45
"flowsom_consensus_k62_seed42",584,45
"flowsom_consensus_k62_seed42",585,45
"flowsom_consensus_k62_seed42",586,45
"flowsom_consensus_k62_seed42",587,45
"flowsom_consensus_k62_seed42",588,45
"flowsom_consensus_k62_seed42",589,45
"flowsom_consensus_k62_seed42",590,45
"flowsom_consensus_k62_seed42",591,45
"flowsom_consensus_k62_seed42",592,45
"flowsom_consensus_k62_seed42",593,45
"flowsom_consensus_k62_seed42",594,10
"flowsom_consensus_k62_seed42",595,10
"flowsom_consensus_k62_seed42",596,10
"flowsom_consensus_k62_seed42",597,10
"flowsom_consensus_k62_seed42",598,10
"flowsom_consensus_k62_seed42",599,10
"flowsom_consensus_k62_seed42",600,10
"flowsom_consensus_k62_seed42",601,50
"flowsom_consensus_k62_seed42",602,50
"flowsom_consensus_k62_seed42",603,50
"flowsom_consensus_k62_seed42",604,50
"flowsom_consensus_k62_seed42",605,50
"flowsom_consensus_k62_seed42",606,50
"flowsom_consensus_k62_seed42",607,50
"flowsom_consensus_k62_seed42",608,50
"flowsom_consensus_k62_seed42",609,42
"flowsom_consensus_k62_seed42",610,42
"flowsom_consensus_k62_seed42",611,42
"flowsom_consensus_k62_seed42",612,45
"flowsom_consensus_k62_seed42",613,45
"flowsom_consensus_k62_seed42",614,45
"flowsom_consensus_k62_seed42",615,45
"flowsom_consensus_k62_seed42",616,45
"flowsom_consensus_k62_seed42",617,45
"flowsom_consensus_k62_seed42",618,45
"flowsom_consensus_k62_seed42",619,45
"flowsom_consensus_k62_seed42",620,45
"flowsom_consensus_k62_seed42",621,45
"flowsom_consensus_k62_seed42",622,45
"flowsom_consensus_k62_seed42",623,45
"flowsom_consensus_k62_seed42",624,10
"flowsom_consensus_k62_seed42",625,10
"flowsom_consensus_k62_seed42",626,10
"flowsom_consensus_k62_seed42",627,10
"flowsom_consensus_k62_seed42",628,10
"flowsom_consensus_k62_seed42",629,10
"flowsom_consensus_k62_seed42",630,10
"flowsom_consensus_k62_seed42",631,50
"flowsom_consensus_k62_seed42",632,50
"flowsom_consensus_k62_seed42",633,50
"flowsom_consensus_k62_seed42",634,50
"flowsom_consensus_k62_seed42",635,50
"flowsom_consensus_k62_seed42",636,50
"flowsom_consensus_k62_seed42",637,50
"flowsom_consensus_k62_seed42",638,42
"flowsom_consensus_k62_seed42",639,42
"flowsom_consensus_k62_seed42",640,42
"flowsom_consensus_k62_seed42",641,42
"flowsom_consensus_k62_seed42",642,56
"flowsom_consensus_k62_seed42",643,45
"flowsom_consensus_k62_seed42",644,45
"flowsom_consensus_k62_seed42",645,45
"flowsom_consensus_k62_seed42",646,45
"flowsom_consensus_k62_seed42",647,45
"flowsom_consensus_k62_seed42",648,45
"flowsom_consensus_k62_seed42",649,45
"flowsom_consensus_k62_seed42",650,45
"flowsom_consensus_k62_seed42",651,45
"flowsom_consensus_k62_seed42",652,45
"flowsom_consensus_k62_seed42",653,45
"flowsom_consensus_k62_seed42",654,10
"flowsom_consensus_k62_seed42",655,10
"flowsom_consensus_k62_seed42",656,10
"flowsom_consensus_k62_seed42",657,10
"flowsom_consensus_k62_seed42",658,10
"flowsom_consensus_k62_seed42",659,10
"flowsom_consensus_k62_seed42",660,10
"flowsom_consensus_k62_seed42",661,50
"flowsom_consensus_k62_seed42",662,50
"flowsom_consensus_k62_seed42",663,50
"flowsom_consensus_k62_seed42",664,50
"flowsom_consensus_k62_seed42",665,50
"flowsom_consensus_k62_seed42",666,50
"flowsom_consensus_k62_seed42",667,42
"flowsom_consensus_k62_seed42",668,42
"flowsom_consensus_k62_seed42",669,42
"flowsom_consensus_k62_seed42",670,42
"flowsom_consensus_k62_seed42",671,42
"flowsom_consensus_k62_seed42",672,45
"flowsom_consensus_k62_seed42",673,45
"flowsom_consensus_k62_seed42",674,45
"flowsom_consensus_k62_seed42",675,45
"flowsom_consensus_k62_seed42",676,45
"flowsom_consensus_k62_seed42",677,45
"flowsom_consensus_k62_seed42",678,45
"flowsom_consensus_k62_seed42",679,45
"flowsom_consensus_k62_seed42",680,45
"flowsom_consensus_k62_seed42",681,45
"flowsom_consensus_k62_seed42",682,45
"flowsom_consensus_k62_seed42",683,45
"flowsom_consensus_k62_seed42",684,10
"flowsom_consensus_k62_seed42",685,10
"flowsom_consensus_k62_seed42",686,10
"flowsom_consensus_k62_seed42",687,10
"flowsom_consensus_k62_seed42",688,10
"flowsom_consensus_k62_seed42",689,10
"flowsom_consensus_k62_seed42",690,10
"flowsom_consensus_k62_seed42",691,50
"flowsom_consensus_k62_seed42",692,50
"flowsom_consensus_k62_seed42",693,50
"flowsom_consensus_k62_seed42",694,50
"flowsom_consensus_k62_seed42",695,50
"flowsom_consensus_k62_seed42",696,50
"flowsom_consensus_k62_seed42",697,42
"flowsom_consensus_k62_seed42",698,57
"flowsom_consensus_k62_seed42",699,57
"flowsom_consensus_k62_seed42",700,58
"flowsom_consensus_k62_seed42",701,59
"flowsom_consensus_k62_seed42",702,45
"flowsom_consensus_k62_seed42",703,45
"flowsom_consensus_k62_seed42",704,45
"flowsom_consensus_k62_seed42",705,45
"flowsom_consensus_k62_seed42",706,45
"flowsom_consensus_k62_seed42",707,45
"flowsom_consensus_k62_seed42",708,45
"flowsom_consensus_k62_seed42",709,45
"flowsom_consensus_k62_seed42",710,45
"flowsom_consensus_k62_seed42",711,45
"flowsom_consensus_k62_seed42",712,45
"flowsom_consensus_k62_seed42",713,45
"flowsom_consensus_k62_seed42",714,45
"flowsom_consensus_k62_seed42",715,45
"flowsom_consensus_k62_seed42",716,10
"flowsom_consensus_k62_seed42",717,10
"flowsom_consensus_k62_seed42",718,10
"flowsom_consensus_k62_seed42",719,10
"flowsom_consensus_k62_seed42",720,10
"flowsom_consensus_k62_seed42",721,42
"flowsom_consensus_k62_seed42",722,42
"flowsom_consensus_k62_seed42",723,58
"flowsom_consensus_k62_seed42",724,60
"flowsom_consensus_k62_seed42",725,57
"flowsom_consensus_k62_seed42",726,57
"flowsom_consensus_k62_seed42",727,57
"flowsom_consensus_k62_seed42",728,57
"flowsom_consensus_k62_seed42",729,57
"flowsom_consensus_k62_seed42",730,57
"flowsom_consensus_k62_seed42",731,57
"flowsom_consensus_k62_seed42",732,45
"flowsom_consensus_k62_seed42",733,45
"flowsom_consensus_k62_seed42",734,45
"flowsom_consensus_k62_seed42",735,45
"flowsom_consensus_k62_seed42",736,45
"flowsom_consensus_k62_seed42",737,45
"flowsom_consensus_k62_seed42",738,45
"flowsom_consensus_k62_seed42",739,45
"flowsom_consensus_k62_seed42",740,45
"flowsom_consensus_k62_seed42",741,45
"flowsom_consensus_k62_seed42",742,45
"flowsom_consensus_k62_seed42",743,45
"flowsom_consensus_k62_seed42",744,45
"flowsom_consensus_k62_seed42",745,45
"flowsom_consensus_k62_seed42",746,45
"flowsom_consensus_k62_seed42",747,45
"flowsom_consensus_k62_seed42",748,45
"flowsom_consensus_k62_seed42",749,45
"flowsom_consensus_k62_seed42",750,61
"flowsom_consensus_k62_seed42",751,57
"flowsom_consensus_k62_seed42",752,57
"flowsom_consensus_k62_seed42",753,57
"flowsom_consensus_k62_seed42",754,57
"flowsom_consensus_k62_seed42",755,57
"flowsom_consensus_k62_seed42",756,57
"flowsom_consensus_k62_seed42",757,57
"flowsom_consensus_k62_seed42",758,57
"flowsom_consensus_k62_seed42",759,57
"flowsom_consensus_k62_seed42",760,57
"flowsom_consensus_k62_seed42",761,57
"flowsom_consensus_k62_seed42",762,45
"flowsom_consensus_k62_seed42",763,45
"flowsom_consensus_k62_seed42",764,45
"flowsom_consensus_k62_seed42",765,45
"flowsom_consensus_k62_seed42",766,45
"flowsom_consensus_k62_seed42",767,45
"flowsom_consensus_k62_seed42",768,45
"flowsom_consensus_k62_seed42",769,45
"flowsom_consensus_k62_seed42",770,45
"flowsom_consensus_k62_seed42",771,45
"flowsom_consensus_k62_seed42",772,45
"flowsom_consensus_k62_seed42",773,45
"flowsom_consensus_k62_seed42",774,45
"flowsom_consensus_k62_seed42",775,45
"flowsom_consensus_k62_seed42",776,45
"flowsom_consensus_k62_seed42",777,45
"flowsom_consensus_k62_seed42",778,45
"flowsom_consensus_k62_seed42",779,45
"flowsom_consensus_k62_seed42",780,45
"flowsom_consensus_k62_seed42",781,57
"flowsom_consensus_k62_seed42",782,57
"flowsom_consensus_k62_seed42",783,57
"flowsom_consensus_k62_seed42",784,57
"flowsom_consensus_k62_seed42",785,57
"flowsom_consensus_k62_seed42",786,57
"flowsom_consensus_k62_seed42",787,57
"flowsom_consensus_k62_seed42",788,57
"flowsom_consensus_k62_seed42",789,57
"flowsom_consensus_k62_seed42",790,57
"flowsom_consensus_k62_seed42",791,57
"flowsom_consensus_k62_seed42",792,45
"flowsom_consensus_k62_seed42",793,45
"flowsom_consensus_k62_seed42",794,45
"flowsom_consensus_k62_seed42",795,45
"flowsom_consensus_k62_seed42",796,45
"flowsom_consensus_k62_seed42",797,45
"flowsom_consensus_k62_seed42",798,45
"flowsom_consensus_k62_seed42",799,45
"flowsom_consensus_k62_seed42",800,45
"flowsom_consensus_k62_seed42",801,45
"flowsom_consensus_k62_seed42",802,45
"flowsom_consensus_k62_seed42",803,45
"flowsom_consensus_k62_seed42",804,45
"flowsom_consensus_k62_seed42",805,45
"flowsom_consensus_k62_seed42",806,45
"flowsom_consensus_k62_seed42",807,45
"flowsom_consensus_k62_seed42",808,45
"flowsom_consensus_k62_seed42",809,45
"flowsom_consensus_k62_seed42",810,45
"flowsom_consensus_k62_seed42",811,57
"flowsom_consensus_k62_seed42",812,57
"flowsom_consensus_k62_seed42",813,57
"flowsom_consensus_k62_seed42",814,57
"flowsom_consensus_k62_seed42",815,57
"flowsom_consensus_k62_seed42",816,57
"flowsom_consensus_k62_seed42",817,57
"flowsom_consensus_k62_seed42",818,57
"flowsom_consensus_k62_seed42",819,57
"flowsom_consensus_k62_seed42",820,57
"flowsom_consensus_k62_seed42",821,57
"flowsom_consensus_k62_seed42",822,45
"flowsom_consensus_k62_seed42",823,45
"flowsom_consensus_k62_seed42",824,45
"flowsom_consensus_k62_seed42",825,45
"flowsom_consensus_k62_seed42",826,45
"flowsom_consensus_k62_seed42",827,45
"flowsom_consensus_k62_seed42",828,45
"flowsom_consensus_k62_seed42",829,45
"flowsom_consensus_k62_seed42",830,45
"flowsom_consensus_k62_seed42",831,45
"flowsom_consensus_k62_seed42",832,45
"flowsom_consensus_k62_seed42",833,45
"flowsom_consensus_k62_seed42",834,45
"flowsom_consensus_k62_seed42",835,45
"flowsom_consensus_k62_seed42",836,45
"flowsom_consensus_k62_seed42",837,45
"flowsom_consensus_k62_seed42",838,45
"flowsom_consensus_k62_seed42",839,45
"flowsom_consensus_k62_seed42",840,45
"flowsom_consensus_k62_seed42",841,57
"flowsom_consensus_k62_seed42",842,57
"flowsom_consensus_k62_seed42",843,57
"flowsom_consensus_k62_seed42",844,57
"flowsom_consensus_k62_seed42",845,57
"flowsom_consensus_k62_seed42",846,57
"flowsom_consensus_k62_seed42",847,57
"flowsom_consensus_k62_seed42",848,57
"flowsom_consensus_k62_seed42",849,57
"flowsom_consensus_k62_seed42",850,57
"flowsom_consensus_k62_seed42",851,57
"flowsom_consensus_k62_seed42",852,45
"flowsom_consensus_k62_seed42",853,45
"flowsom_consensus_k62_seed42",854,45
"flowsom_consensus_k62_seed42",855,45
"flowsom_consensus_k62_seed42",856,45
"flowsom_consensus_k62_seed42",857,45
"flowsom_consensus_k62_seed42",858,45
"flowsom_consensus_k62_seed42",859,45
"flowsom_consensus_k62_seed42",860,45
"flowsom_consensus_k62_seed42",861,45
"flowsom_consensus_k62_seed42",862,45
"flowsom_consensus_k62_seed42",863,45
"flowsom_consensus_k62_seed42",864,45
"flowsom_consensus_k62_seed42",865,45
"flowsom_consensus_k62_seed42",866,45
"flowsom_consensus_k62_seed42",867,45
"flowsom_consensus_k62_seed42",868,45
"flowsom_consensus_k62_seed42",869,45
"flowsom_consensus_k62_seed42",870,45
"flowsom_consensus_k62_seed42",871,57
"flowsom_consensus_k62_seed42",872,57
"flowsom_consensus_k62_seed42",873,57
"flowsom_consensus_k62_seed42",874,57
"flowsom_consensus_k62_seed42",875,57
"flowsom_consensus_k62_seed42",876,57
"flowsom_consensus_k62_seed42",877,57
"flowsom_consensus_k62_seed42",878,57
"flowsom_consensus_k62_seed42",879,57
"flowsom_consensus_k62_seed42",880,57
"flowsom_consensus_k62_seed42",881,57
"flowsom_consensus_k62_seed42",882,62
"flowsom_consensus_k62_seed42",883,45
"flowsom_consensus_k62_seed42",884,45
"flowsom_consensus_k62_seed42",885,45
"flowsom_consensus_k62_seed42",886,45
"flowsom_consensus_k62_seed42",887,45
"flowsom_consensus_k62_seed42",888,45
"flowsom_consensus_k62_seed42",889,45
"flowsom_consensus_k62_seed42",890,45
"flowsom_consensus_k62_seed42",891,45
"flowsom_consensus_k62_seed42",892,45
"flowsom_consensus_k62_seed42",893,45
"flowsom_consensus_k62_seed42",894,45
"flowsom_consensus_k62_seed42",895,45
"flowsom_consensus_k62_seed42",896,45
"flowsom_consensus_k62_seed42",897,45
"flowsom_consensus_k62_seed42",898,45
"flowsom_consensus_k62_seed42",899,45
"flowsom_consensus_k62_seed42",900,45
"flowsom_consensus_k62_seed2026",1,1
"flowsom_consensus_k62_seed2026",2,1
"flowsom_consensus_k62_seed2026",3,1
"flowsom_consensus_k62_seed2026",4,1
"flowsom_consensus_k62_seed2026",5,1
"flowsom_consensus_k62_seed2026",6,1
"flowsom_consensus_k62_seed2026",7,2
"flowsom_consensus_k62_seed2026",8,2
"flowsom_consensus_k62_seed2026",9,2
"flowsom_consensus_k62_seed2026",10,2
"flowsom_consensus_k62_seed2026",11,3
"flowsom_consensus_k62_seed2026",12,3
"flowsom_consensus_k62_seed2026",13,4
"flowsom_consensus_k62_seed2026",14,4
"flowsom_consensus_k62_seed2026",15,4
"flowsom_consensus_k62_seed2026",16,5
"flowsom_consensus_k62_seed2026",17,5
"flowsom_consensus_k62_seed2026",18,6
"flowsom_consensus_k62_seed2026",19,6
"flowsom_consensus_k62_seed2026",20,7
"flowsom_consensus_k62_seed2026",21,7
"flowsom_consensus_k62_seed2026",22,7
"flowsom_consensus_k62_seed2026",23,8
"flowsom_consensus_k62_seed2026",24,8
"flowsom_consensus_k62_seed2026",25,8
"flowsom_consensus_k62_seed2026",26,8
"flowsom_consensus_k62_seed2026",27,9
"flowsom_consensus_k62_seed2026",28,9
"flowsom_consensus_k62_seed2026",29,10
"flowsom_consensus_k62_seed2026",30,10
"flowsom_consensus_k62_seed2026",31,1
"flowsom_consensus_k62_seed2026",32,1
"flowsom_consensus_k62_seed2026",33,1
"flowsom_consensus_k62_seed2026",34,1
"flowsom_consensus_k62_seed2026",35,1
"flowsom_consensus_k62_seed2026",36,1
"flowsom_consensus_k62_seed2026",37,1
"flowsom_consensus_k62_seed2026",38,2
"flowsom_consensus_k62_seed2026",39,2
"flowsom_consensus_k62_seed2026",40,3
"flowsom_consensus_k62_seed2026",41,2
"flowsom_consensus_k62_seed2026",42,3
"flowsom_consensus_k62_seed2026",43,3
"flowsom_consensus_k62_seed2026",44,4
"flowsom_consensus_k62_seed2026",45,4
"flowsom_consensus_k62_seed2026",46,5
"flowsom_consensus_k62_seed2026",47,5
"flowsom_consensus_k62_seed2026",48,6
"flowsom_consensus_k62_seed2026",49,6
"flowsom_consensus_k62_seed2026",50,6
"flowsom_consensus_k62_seed2026",51,7
"flowsom_consensus_k62_seed2026",52,7
"flowsom_consensus_k62_seed2026",53,8
"flowsom_consensus_k62_seed2026",54,8
"flowsom_consensus_k62_seed2026",55,8
"flowsom_consensus_k62_seed2026",56,8
"flowsom_consensus_k62_seed2026",57,8
"flowsom_consensus_k62_seed2026",58,9
"flowsom_consensus_k62_seed2026",59,10
"flowsom_consensus_k62_seed2026",60,10
"flowsom_consensus_k62_seed2026",61,1
"flowsom_consensus_k62_seed2026",62,1
"flowsom_consensus_k62_seed2026",63,1
"flowsom_consensus_k62_seed2026",64,1
"flowsom_consensus_k62_seed2026",65,1
"flowsom_consensus_k62_seed2026",66,1
"flowsom_consensus_k62_seed2026",67,11
"flowsom_consensus_k62_seed2026",68,11
"flowsom_consensus_k62_seed2026",69,3
"flowsom_consensus_k62_seed2026",70,2
"flowsom_consensus_k62_seed2026",71,3
"flowsom_consensus_k62_seed2026",72,3
"flowsom_consensus_k62_seed2026",73,2
"flowsom_consensus_k62_seed2026",74,4
"flowsom_consensus_k62_seed2026",75,4
"flowsom_consensus_k62_seed2026",76,5
"flowsom_consensus_k62_seed2026",77,5
"flowsom_consensus_k62_seed2026",78,6
"flowsom_consensus_k62_seed2026",79,12
"flowsom_consensus_k62_seed2026",80,6
"flowsom_consensus_k62_seed2026",81,6
"flowsom_consensus_k62_seed2026",82,8
"flowsom_consensus_k62_seed2026",83,8
"flowsom_consensus_k62_seed2026",84,13
"flowsom_consensus_k62_seed2026",85,13
"flowsom_consensus_k62_seed2026",86,13
"flowsom_consensus_k62_seed2026",87,13
"flowsom_consensus_k62_seed2026",88,10
"flowsom_consensus_k62_seed2026",89,10
"flowsom_consensus_k62_seed2026",90,10
"flowsom_consensus_k62_seed2026",91,1
"flowsom_consensus_k62_seed2026",92,1
"flowsom_consensus_k62_seed2026",93,1
"flowsom_consensus_k62_seed2026",94,1
"flowsom_consensus_k62_seed2026",95,1
"flowsom_consensus_k62_seed2026",96,1
"flowsom_consensus_k62_seed2026",97,14
"flowsom_consensus_k62_seed2026",98,11
"flowsom_consensus_k62_seed2026",99,2
"flowsom_consensus_k62_seed2026",100,3
"flowsom_consensus_k62_seed2026",101,3
"flowsom_consensus_k62_seed2026",102,3
"flowsom_consensus_k62_seed2026",103,3
"flowsom_consensus_k62_seed2026",104,2
"flowsom_consensus_k62_seed2026",105,4
"flowsom_consensus_k62_seed2026",106,5
"flowsom_consensus_k62_seed2026",107,5
"flowsom_consensus_k62_seed2026",108,5
"flowsom_consensus_k62_seed2026",109,12
"flowsom_consensus_k62_seed2026",110,6
"flowsom_consensus_k62_seed2026",111,6
"flowsom_consensus_k62_seed2026",112,15
"flowsom_consensus_k62_seed2026",113,13
"flowsom_consensus_k62_seed2026",114,13
"flowsom_consensus_k62_seed2026",115,13
"flowsom_consensus_k62_seed2026",116,13
"flowsom_consensus_k62_seed2026",117,13
"flowsom_consensus_k62_seed2026",118,10
"flowsom_consensus_k62_seed2026",119,10
"flowsom_consensus_k62_seed2026",120,10
"flowsom_consensus_k62_seed2026",121,16
"flowsom_consensus_k62_seed2026",122,1
"flowsom_consensus_k62_seed2026",123,1
"flowsom_consensus_k62_seed2026",124,1
"flowsom_consensus_k62_seed2026",125,1
"flowsom_consensus_k62_seed2026",126,1
"flowsom_consensus_k62_seed2026",127,1
"flowsom_consensus_k62_seed2026",128,17
"flowsom_consensus_k62_seed2026",129,2
"flowsom_consensus_k62_seed2026",130,18
"flowsom_consensus_k62_seed2026",131,18
"flowsom_consensus_k62_seed2026",132,18
"flowsom_consensus_k62_seed2026",133,2
"flowsom_consensus_k62_seed2026",134,19
"flowsom_consensus_k62_seed2026",135,20
"flowsom_consensus_k62_seed2026",136,20
"flowsom_consensus_k62_seed2026",137,20
"flowsom_consensus_k62_seed2026",138,21
"flowsom_consensus_k62_seed2026",139,21
"flowsom_consensus_k62_seed2026",140,15
"flowsom_consensus_k62_seed2026",141,22
"flowsom_consensus_k62_seed2026",142,22
"flowsom_consensus_k62_seed2026",143,13
"flowsom_consensus_k62_seed2026",144,13
"flowsom_consensus_k62_seed2026",145,13
"flowsom_consensus_k62_seed2026",146,13
"flowsom_consensus_k62_seed2026",147,12
"flowsom_consensus_k62_seed2026",148,10
"flowsom_consensus_k62_seed2026",149,10
"flowsom_consensus_k62_seed2026",150,10
"flowsom_consensus_k62_seed2026",151,16
"flowsom_consensus_k62_seed2026",152,16
"flowsom_consensus_k62_seed2026",153,23
"flowsom_consensus_k62_seed2026",154,1
"flowsom_consensus_k62_seed2026",155,1
"flowsom_consensus_k62_seed2026",156,1
"flowsom_consensus_k62_seed2026",157,1
"flowsom_consensus_k62_seed2026",158,17
"flowsom_consensus_k62_seed2026",159,24
"flowsom_consensus_k62_seed2026",160,24
"flowsom_consensus_k62_seed2026",161,18
"flowsom_consensus_k62_seed2026",162,18
"flowsom_consensus_k62_seed2026",163,18
"flowsom_consensus_k62_seed2026",164,19
"flowsom_consensus_k62_seed2026",165,25
"flowsom_consensus_k62_seed2026",166,20
"flowsom_consensus_k62_seed2026",167,20
"flowsom_consensus_k62_seed2026",168,21
"flowsom_consensus_k62_seed2026",169,26
"flowsom_consensus_k62_seed2026",170,26
"flowsom_consensus_k62_seed2026",171,22
"flowsom_consensus_k62_seed2026",172,22
"flowsom_consensus_k62_seed2026",173,22
"flowsom_consensus_k62_seed2026",174,13
"flowsom_consensus_k62_seed2026",175,13
"flowsom_consensus_k62_seed2026",176,13
"flowsom_consensus_k62_seed2026",177,12
"flowsom_consensus_k62_seed2026",178,10
"flowsom_consensus_k62_seed2026",179,10
"flowsom_consensus_k62_seed2026",180,10
"flowsom_consensus_k62_seed2026",181,27
"flowsom_consensus_k62_seed2026",182,23
"flowsom_consensus_k62_seed2026",183,23
"flowsom_consensus_k62_seed2026",184,28
"flowsom_consensus_k62_seed2026",185,1
"flowsom_consensus_k62_seed2026",186,14
"flowsom_consensus_k62_seed2026",187,14
"flowsom_consensus_k62_seed2026",188,24
"flowsom_consensus_k62_seed2026",189,24
"flowsom_consensus_k62_seed2026",190,18
"flowsom_consensus_k62_seed2026",191,29
"flowsom_consensus_k62_seed2026",192,29
"flowsom_consensus_k62_seed2026",193,30
"flowsom_consensus_k62_seed2026",194,30
"flowsom_consensus_k62_seed2026",195,20
"flowsom_consensus_k62_seed2026",196,31
"flowsom_consensus_k62_seed2026",197,32
"flowsom_consensus_k62_seed2026",198,32
"flowsom_consensus_k62_seed2026",199,26
"flowsom_consensus_k62_seed2026",200,26
"flowsom_consensus_k62_seed2026",201,22
"flowsom_consensus_k62_seed2026",202,22
"flowsom_consensus_k62_seed2026",203,22
"flowsom_consensus_k62_seed2026",204,13
"flowsom_consensus_k62_seed2026",205,13
"flowsom_consensus_k62_seed2026",206,13
"flowsom_consensus_k62_seed2026",207,10
"flowsom_consensus_k62_seed2026",208,10
"flowsom_consensus_k62_seed2026",209,10
"flowsom_consensus_k62_seed2026",210,10
"flowsom_consensus_k62_seed2026",211,27
"flowsom_consensus_k62_seed2026",212,27
"flowsom_consensus_k62_seed2026",213,33
"flowsom_consensus_k62_seed2026",214,23
"flowsom_consensus_k62_seed2026",215,28
"flowsom_consensus_k62_seed2026",216,14
"flowsom_consensus_k62_seed2026",217,14
"flowsom_consensus_k62_seed2026",218,14
"flowsom_consensus_k62_seed2026",219,24
"flowsom_consensus_k62_seed2026",220,14
"flowsom_consensus_k62_seed2026",221,29
"flowsom_consensus_k62_seed2026",222,29
"flowsom_consensus_k62_seed2026",223,29
"flowsom_consensus_k62_seed2026",224,30
"flowsom_consensus_k62_seed2026",225,31
"flowsom_consensus_k62_seed2026",226,32
"flowsom_consensus_k62_seed2026",227,32
"flowsom_consensus_k62_seed2026",228,32
"flowsom_consensus_k62_seed2026",229,32
"flowsom_consensus_k62_seed2026",230,32
"flowsom_consensus_k62_seed2026",231,22
"flowsom_consensus_k62_seed2026",232,22
"flowsom_consensus_k62_seed2026",233,22
"flowsom_consensus_k62_seed2026",234,34
"flowsom_consensus_k62_seed2026",235,13
"flowsom_consensus_k62_seed2026",236,10
"flowsom_consensus_k62_seed2026",237,10
"flowsom_consensus_k62_seed2026",238,10
"flowsom_consensus_k62_seed2026",239,10
"flowsom_consensus_k62_seed2026",240,10
"flowsom_consensus_k62_seed2026",241,27
"flowsom_consensus_k62_seed2026",242,27
"flowsom_consensus_k62_seed2026",243,27
"flowsom_consensus_k62_seed2026",244,35
"flowsom_consensus_k62_seed2026",245,28
"flowsom_consensus_k62_seed2026",246,28
"flowsom_consensus_k62_seed2026",247,14
"flowsom_consensus_k62_seed2026",248,14
"flowsom_consensus_k62_seed2026",249,11
"flowsom_consensus_k62_seed2026",250,21
"flowsom_consensus_k62_seed2026",251,21
"flowsom_consensus_k62_seed2026",252,21
"flowsom_consensus_k62_seed2026",253,32
"flowsom_consensus_k62_seed2026",254,36
"flowsom_consensus_k62_seed2026",255,32
"flowsom_consensus_k62_seed2026",256,32
"flowsom_consensus_k62_seed2026",257,32
"flowsom_consensus_k62_seed2026",258,32
"flowsom_consensus_k62_seed2026",259,37
"flowsom_consensus_k62_seed2026",260,38
"flowsom_consensus_k62_seed2026",261,34
"flowsom_consensus_k62_seed2026",262,34
"flowsom_consensus_k62_seed2026",263,34
"flowsom_consensus_k62_seed2026",264,10
"flowsom_consensus_k62_seed2026",265,10
"flowsom_consensus_k62_seed2026",266,10
"flowsom_consensus_k62_seed2026",267,10
"flowsom_consensus_k62_seed2026",268,10
"flowsom_consensus_k62_seed2026",269,10
"flowsom_consensus_k62_seed2026",270,10
"flowsom_consensus_k62_seed2026",271,27
"flowsom_consensus_k62_seed2026",272,27
"flowsom_consensus_k62_seed2026",273,27
"flowsom_consensus_k62_seed2026",274,39
"flowsom_consensus_k62_seed2026",275,40
"flowsom_consensus_k62_seed2026",276,28
"flowsom_consensus_k62_seed2026",277,28
"flowsom_consensus_k62_seed2026",278,14
"flowsom_consensus_k62_seed2026",279,1
"flowsom_consensus_k62_seed2026",280,21
"flowsom_consensus_k62_seed2026",281,21
"flowsom_consensus_k62_seed2026",282,21
"flowsom_consensus_k62_seed2026",283,32
"flowsom_consensus_k62_seed2026",284,36
"flowsom_consensus_k62_seed2026",285,36
"flowsom_consensus_k62_seed2026",286,32
"flowsom_consensus_k62_seed2026",287,32
"flowsom_consensus_k62_seed2026",288,32
"flowsom_consensus_k62_seed2026",289,41
"flowsom_consensus_k62_seed2026",290,41
"flowsom_consensus_k62_seed2026",291,37
"flowsom_consensus_k62_seed2026",292,34
"flowsom_consensus_k62_seed2026",293,34
"flowsom_consensus_k62_seed2026",294,34
"flowsom_consensus_k62_seed2026",295,10
"flowsom_consensus_k62_seed2026",296,10
"flowsom_consensus_k62_seed2026",297,10
"flowsom_consensus_k62_seed2026",298,10
"flowsom_consensus_k62_seed2026",299,10
"flowsom_consensus_k62_seed2026",300,10
"flowsom_consensus_k62_seed2026",301,27
"flowsom_consensus_k62_seed2026",302,27
"flowsom_consensus_k62_seed2026",303,42
"flowsom_consensus_k62_seed2026",304,42
"flowsom_consensus_k62_seed2026",305,39
"flowsom_consensus_k62_seed2026",306,28
"flowsom_consensus_k62_seed2026",307,28
"flowsom_consensus_k62_seed2026",308,11
"flowsom_consensus_k62_seed2026",309,43
"flowsom_consensus_k62_seed2026",310,5
"flowsom_consensus_k62_seed2026",311,44
"flowsom_consensus_k62_seed2026",312,44
"flowsom_consensus_k62_seed2026",313,44
"flowsom_consensus_k62_seed2026",314,36
"flowsom_consensus_k62_seed2026",315,32
"flowsom_consensus_k62_seed2026",316,32
"flowsom_consensus_k62_seed2026",317,45
"flowsom_consensus_k62_seed2026",318,45
"flowsom_consensus_k62_seed2026",319,45
"flowsom_consensus_k62_seed2026",320,41
"flowsom_consensus_k62_seed2026",321,45
"flowsom_consensus_k62_seed2026",322,34
"flowsom_consensus_k62_seed2026",323,34
"flowsom_consensus_k62_seed2026",324,10
"flowsom_consensus_k62_seed2026",325,10
"flowsom_consensus_k62_seed2026",326,10
"flowsom_consensus_k62_seed2026",327,10
"flowsom_consensus_k62_seed2026",328,10
"flowsom_consensus_k62_seed2026",329,10
"flowsom_consensus_k62_seed2026",330,10
"flowsom_consensus_k62_seed2026",331,27
"flowsom_consensus_k62_seed2026",332,27
"flowsom_consensus_k62_seed2026",333,42
"flowsom_consensus_k62_seed2026",334,42
"flowsom_consensus_k62_seed2026",335,42
"flowsom_consensus_k62_seed2026",336,46
"flowsom_consensus_k62_seed2026",337,47
"flowsom_consensus_k62_seed2026",338,48
"flowsom_consensus_k62_seed2026",339,49
"flowsom_consensus_k62_seed2026",340,49
"flowsom_consensus_k62_seed2026",341,5
"flowsom_consensus_k62_seed2026",342,44
"flowsom_consensus_k62_seed2026",343,41
"flowsom_consensus_k62_seed2026",344,45
"flowsom_consensus_k62_seed2026",345,45
"flowsom_consensus_k62_seed2026",346,45
"flowsom_consensus_k62_seed2026",347,45
"flowsom_consensus_k62_seed2026",348,45
"flowsom_consensus_k62_seed2026",349,45
"flowsom_consensus_k62_seed2026",350,45
"flowsom_consensus_k62_seed2026",351,45
"flowsom_consensus_k62_seed2026",352,45
"flowsom_consensus_k62_seed2026",353,10
"flowsom_consensus_k62_seed2026",354,10
"flowsom_consensus_k62_seed2026",355,10
"flowsom_consensus_k62_seed2026",356,10
"flowsom_consensus_k62_seed2026",357,10
"flowsom_consensus_k62_seed2026",358,10
"flowsom_consensus_k62_seed2026",359,10
"flowsom_consensus_k62_seed2026",360,10
"flowsom_consensus_k62_seed2026",361,27
"flowsom_consensus_k62_seed2026",362,42
"flowsom_consensus_k62_seed2026",363,42
"flowsom_consensus_k62_seed2026",364,42
"flowsom_consensus_k62_seed2026",365,50
"flowsom_consensus_k62_seed2026",366,47
"flowsom_consensus_k62_seed2026",367,47
"flowsom_consensus_k62_seed2026",368,51
"flowsom_consensus_k62_seed2026",369,49
"flowsom_consensus_k62_seed2026",370,52
"flowsom_consensus_k62_seed2026",371,44
"flowsom_consensus_k62_seed2026",372,44
"flowsom_consensus_k62_seed2026",373,45
"flowsom_consensus_k62_seed2026",374,45
"flowsom_consensus_k62_seed2026",375,45
"flowsom_consensus_k62_seed2026",376,45
"flowsom_consensus_k62_seed2026",377,45
"flowsom_consensus_k62_seed2026",378,45
"flowsom_consensus_k62_seed2026",379,45
"flowsom_consensus_k62_seed2026",380,45
"flowsom_consensus_k62_seed2026",381,45
"flowsom_consensus_k62_seed2026",382,45
"flowsom_consensus_k62_seed2026",383,10
"flowsom_consensus_k62_seed2026",384,10
"flowsom_consensus_k62_seed2026",385,10
"flowsom_consensus_k62_seed2026",386,10
"flowsom_consensus_k62_seed2026",387,10
"flowsom_consensus_k62_seed2026",388,10
"flowsom_consensus_k62_seed2026",389,10
"flowsom_consensus_k62_seed2026",390,10
"flowsom_consensus_k62_seed2026",391,53
"flowsom_consensus_k62_seed2026",392,42
"flowsom_consensus_k62_seed2026",393,50
"flowsom_consensus_k62_seed2026",394,50
"flowsom_consensus_k62_seed2026",395,50
"flowsom_consensus_k62_seed2026",396,50
"flowsom_consensus_k62_seed2026",397,50
"flowsom_consensus_k62_seed2026",398,47
"flowsom_consensus_k62_seed2026",399,46
"flowsom_consensus_k62_seed2026",400,52
"flowsom_consensus_k62_seed2026",401,36
"flowsom_consensus_k62_seed2026",402,36
"flowsom_consensus_k62_seed2026",403,45
"flowsom_consensus_k62_seed2026",404,45
"flowsom_consensus_k62_seed2026",405,45
"flowsom_consensus_k62_seed2026",406,45
"flowsom_consensus_k62_seed2026",407,45
"flowsom_consensus_k62_seed2026",408,45
"flowsom_consensus_k62_seed2026",409,45
"flowsom_consensus_k62_seed2026",410,45
"flowsom_consensus_k62_seed2026",411,45
"flowsom_consensus_k62_seed2026",412,45
"flowsom_consensus_k62_seed2026",413,45
"flowsom_consensus_k62_seed2026",414,10
"flowsom_consensus_k62_seed2026",415,10
"flowsom_consensus_k62_seed2026",416,10
"flowsom_consensus_k62_seed2026",417,10
"flowsom_consensus_k62_seed2026",418,10
"flowsom_consensus_k62_seed2026",419,10
"flowsom_consensus_k62_seed2026",420,10
"flowsom_consensus_k62_seed2026",421,50
"flowsom_consensus_k62_seed2026",422,50
"flowsom_consensus_k62_seed2026",423,50
"flowsom_consensus_k62_seed2026",424,50
"flowsom_consensus_k62_seed2026",425,50
"flowsom_consensus_k62_seed2026",426,50
"flowsom_consensus_k62_seed2026",427,50
"flowsom_consensus_k62_seed2026",428,50
"flowsom_consensus_k62_seed2026",429,46
"flowsom_consensus_k62_seed2026",430,36
"flowsom_consensus_k62_seed2026",431,36
"flowsom_consensus_k62_seed2026",432,36
"flowsom_consensus_k62_seed2026",433,45
"flowsom_consensus_k62_seed2026",434,45
"flowsom_consensus_k62_seed2026",435,45
"flowsom_consensus_k62_seed2026",436,45
"flowsom_consensus_k62_seed2026",437,45
"flowsom_consensus_k62_seed2026",438,45
"flowsom_consensus_k62_seed2026",439,45
"flowsom_consensus_k62_seed2026",440,45
"flowsom_consensus_k62_seed2026",441,45
"flowsom_consensus_k62_seed2026",442,45
"flowsom_consensus_k62_seed2026",443,10
"flowsom_consensus_k62_seed2026",444,10
"flowsom_consensus_k62_seed2026",445,10
"flowsom_consensus_k62_seed2026",446,10
"flowsom_consensus_k62_seed2026",447,10
"flowsom_consensus_k62_seed2026",448,10
"flowsom_consensus_k62_seed2026",449,10
"flowsom_consensus_k62_seed2026",450,10
"flowsom_consensus_k62_seed2026",451,50
"flowsom_consensus_k62_seed2026",452,50
"flowsom_consensus_k62_seed2026",453,50
"flowsom_consensus_k62_seed2026",454,50
"flowsom_consensus_k62_seed2026",455,50
"flowsom_consensus_k62_seed2026",456,50
"flowsom_consensus_k62_seed2026",457,50
"flowsom_consensus_k62_seed2026",458,50
"flowsom_consensus_k62_seed2026",459,50
"flowsom_consensus_k62_seed2026",460,36
"flowsom_consensus_k62_seed2026",461,36
"flowsom_consensus_k62_seed2026",462,36
"flowsom_consensus_k62_seed2026",463,36
"flowsom_consensus_k62_seed2026",464,45
"flowsom_consensus_k62_seed2026",465,45
"flowsom_consensus_k62_seed2026",466,45
"flowsom_consensus_k62_seed2026",467,45
"flowsom_consensus_k62_seed2026",468,45
"flowsom_consensus_k62_seed2026",469,45
"flowsom_consensus_k62_seed2026",470,45
"flowsom_consensus_k62_seed2026",471,45
"flowsom_consensus_k62_seed2026",472,45
"flowsom_consensus_k62_seed2026",473,10
"flowsom_consensus_k62_seed2026",474,10
"flowsom_consensus_k62_seed2026",475,10
"flowsom_consensus_k62_seed2026",476,10
"flowsom_consensus_k62_seed2026",477,10
"flowsom_consensus_k62_seed2026",478,10
"flowsom_consensus_k62_seed2026",479,10
"flowsom_consensus_k62_seed2026",480,10
"flowsom_consensus_k62_seed2026",481,50
"flowsom_consensus_k62_seed2026",482,50
"flowsom_consensus_k62_seed2026",483,50
"flowsom_consensus_k62_seed2026",484,50
"flowsom_consensus_k62_seed2026",485,50
"flowsom_consensus_k62_seed2026",486,50
"flowsom_consensus_k62_seed2026",487,50
"flowsom_consensus_k62_seed2026",488,50
"flowsom_consensus_k62_seed2026",489,42
"flowsom_consensus_k62_seed2026",490,36
"flowsom_consensus_k62_seed2026",491,36
"flowsom_consensus_k62_seed2026",492,36
"flowsom_consensus_k62_seed2026",493,45
"flowsom_consensus_k62_seed2026",494,45
"flowsom_consensus_k62_seed2026",495,45
"flowsom_consensus_k62_seed2026",496,45
"flowsom_consensus_k62_seed2026",497,45
"flowsom_consensus_k62_seed2026",498,45
"flowsom_consensus_k62_seed2026",499,45
"flowsom_consensus_k62_seed2026",500,45
"flowsom_consensus_k62_seed2026",501,45
"flowsom_consensus_k62_seed2026",502,45
"flowsom_consensus_k62_seed2026",503,10
"flowsom_consensus_k62_seed2026",504,10
"flowsom_consensus_k62_seed2026",505,10
"flowsom_consensus_k62_seed2026",506,10
"flowsom_consensus_k62_seed2026",507,10
"flowsom_consensus_k62_seed2026",508,10
"flowsom_consensus_k62_seed2026",509,10
"flowsom_consensus_k62_seed2026",510,10
"flowsom_consensus_k62_seed2026",511,50
"flowsom_consensus_k62_seed2026",512,50
"flowsom_consensus_k62_seed2026",513,50
"flowsom_consensus_k62_seed2026",514,50
"flowsom_consensus_k62_seed2026",515,50
"flowsom_consensus_k62_seed2026",516,50
"flowsom_consensus_k62_seed2026",517,50
"flowsom_consensus_k62_seed2026",518,50
"flowsom_consensus_k62_seed2026",519,50
"flowsom_consensus_k62_seed2026",520,54
"flowsom_consensus_k62_seed2026",521,42
"flowsom_consensus_k62_seed2026",522,55
"flowsom_consensus_k62_seed2026",523,45
"flowsom_consensus_k62_seed2026",524,45
"flowsom_consensus_k62_seed2026",525,45
"flowsom_consensus_k62_seed2026",526,45
"flowsom_consensus_k62_seed2026",527,45
"flowsom_consensus_k62_seed2026",528,45
"flowsom_consensus_k62_seed2026",529,45
"flowsom_consensus_k62_seed2026",530,45
"flowsom_consensus_k62_seed2026",531,45
"flowsom_consensus_k62_seed2026",532,45
"flowsom_consensus_k62_seed2026",533,10
"flowsom_consensus_k62_seed2026",534,10
"flowsom_consensus_k62_seed2026",535,10
"flowsom_consensus_k62_seed2026",536,10
"flowsom_consensus_k62_seed2026",537,10
"flowsom_consensus_k62_seed2026",538,10
"flowsom_consensus_k62_seed2026",539,10
"flowsom_consensus_k62_seed2026",540,10
"flowsom_consensus_k62_seed2026",541,50
"flowsom_consensus_k62_seed2026",542,50
"flowsom_consensus_k62_seed2026",543,50
"flowsom_consensus_k62_seed2026",544,50
"flowsom_consensus_k62_seed2026",545,50
"flowsom_consensus_k62_seed2026",546,50
"flowsom_consensus_k62_seed2026",547,50
"flowsom_consensus_k62_seed2026",548,50
"flowsom_consensus_k62_seed2026",549,42
"flowsom_consensus_k62_seed2026",550,42
"flowsom_consensus_k62_seed2026",551,42
"flowsom_consensus_k62_seed2026",552,45
"flowsom_consensus_k62_seed2026",553,45
"flowsom_consensus_k62_seed2026",554,45
"flowsom_consensus_k62_seed2026",555,45
"flowsom_consensus_k62_seed2026",556,45
"flowsom_consensus_k62_seed2026",557,45
"flowsom_consensus_k62_seed2026",558,45
"flowsom_consensus_k62_seed2026",559,45
"flowsom_consensus_k62_seed2026",560,45
"flowsom_consensus_k62_seed2026",561,45
"flowsom_consensus_k62_seed2026",562,45
"flowsom_consensus_k62_seed2026",563,10
"flowsom_consensus_k62_seed2026",564,10
"flowsom_consensus_k62_seed2026",565,10
"flowsom_consensus_k62_seed2026",566,10
"flowsom_consensus_k62_seed2026",567,10
"flowsom_consensus_k62_seed2026",568,10
"flowsom_consensus_k62_seed2026",569,10
"flowsom_consensus_k62_seed2026",570,10
"flowsom_consensus_k62_seed2026",571,50
"flowsom_consensus_k62_seed2026",572,50
"flowsom_consensus_k62_seed2026",573,50
"flowsom_consensus_k62_seed2026",574,50
"flowsom_consensus_k62_seed2026",575,50
"flowsom_consensus_k62_seed2026",576,50
"flowsom_consensus_k62_seed2026",577,50
"flowsom_consensus_k62_seed2026",578,50
"flowsom_consensus_k62_seed2026",579,50
"flowsom_consensus_k62_seed2026",580,42
"flowsom_consensus_k62_seed2026",581,42
"flowsom_consensus_k62_seed2026",582,42
"flowsom_consensus_k62_seed2026",583,45
"flowsom_consensus_k62_seed2026",584,45
"flowsom_consensus_k62_seed2026",585,45
"flowsom_consensus_k62_seed2026",586,45
"flowsom_consensus_k62_seed2026",587,45
"flowsom_consensus_k62_seed2026",588,45
"flowsom_consensus_k62_seed2026",589,45
"flowsom_consensus_k62_seed2026",590,45
"flowsom_consensus_k62_seed2026",591,45
"flowsom_consensus_k62_seed2026",592,45
"flowsom_consensus_k62_seed2026",593,45
"flowsom_consensus_k62_seed2026",594,10
"flowsom_consensus_k62_seed2026",595,10
"flowsom_consensus_k62_seed2026",596,10
"flowsom_consensus_k62_seed2026",597,10
"flowsom_consensus_k62_seed2026",598,10
"flowsom_consensus_k62_seed2026",599,10
"flowsom_consensus_k62_seed2026",600,10
"flowsom_consensus_k62_seed2026",601,50
"flowsom_consensus_k62_seed2026",602,50
"flowsom_consensus_k62_seed2026",603,50
"flowsom_consensus_k62_seed2026",604,50
"flowsom_consensus_k62_seed2026",605,50
"flowsom_consensus_k62_seed2026",606,50
"flowsom_consensus_k62_seed2026",607,50
"flowsom_consensus_k62_seed2026",608,50
"flowsom_consensus_k62_seed2026",609,42
"flowsom_consensus_k62_seed2026",610,42
"flowsom_consensus_k62_seed2026",611,42
"flowsom_consensus_k62_seed2026",612,45
"flowsom_consensus_k62_seed2026",613,45
"flowsom_consensus_k62_seed2026",614,45
"flowsom_consensus_k62_seed2026",615,45
"flowsom_consensus_k62_seed2026",616,45
"flowsom_consensus_k62_seed2026",617,45
"flowsom_consensus_k62_seed2026",618,45
"flowsom_consensus_k62_seed2026",619,45
"flowsom_consensus_k62_seed2026",620,45
"flowsom_consensus_k62_seed2026",621,45
"flowsom_consensus_k62_seed2026",622,45
"flowsom_consensus_k62_seed2026",623,45
"flowsom_consensus_k62_seed2026",624,10
"flowsom_consensus_k62_seed2026",625,10
"flowsom_consensus_k62_seed2026",626,10
"flowsom_consensus_k62_seed2026",627,10
"flowsom_consensus_k62_seed2026",628,10
"flowsom_consensus_k62_seed2026",629,10
"flowsom_consensus_k62_seed2026",630,10
"flowsom_consensus_k62_seed2026",631,50
"flowsom_consensus_k62_seed2026",632,50
"flowsom_consensus_k62_seed2026",633,50
"flowsom_consensus_k62_seed2026",634,50
"flowsom_consensus_k62_seed2026",635,50
"flowsom_consensus_k62_seed2026",636,50
"flowsom_consensus_k62_seed2026",637,50
"flowsom_consensus_k62_seed2026",638,42
"flowsom_consensus_k62_seed2026",639,42
"flowsom_consensus_k62_seed2026",640,42
"flowsom_consensus_k62_seed2026",641,42
"flowsom_consensus_k62_seed2026",642,56
"flowsom_consensus_k62_seed2026",643,45
"flowsom_consensus_k62_seed2026",644,45
"flowsom_consensus_k62_seed2026",645,45
"flowsom_consensus_k62_seed2026",646,45
"flowsom_consensus_k62_seed2026",647,45
"flowsom_consensus_k62_seed2026",648,45
"flowsom_consensus_k62_seed2026",649,45
"flowsom_consensus_k62_seed2026",650,45
"flowsom_consensus_k62_seed2026",651,45
"flowsom_consensus_k62_seed2026",652,45
"flowsom_consensus_k62_seed2026",653,45
"flowsom_consensus_k62_seed2026",654,10
"flowsom_consensus_k62_seed2026",655,10
"flowsom_consensus_k62_seed2026",656,10
"flowsom_consensus_k62_seed2026",657,10
"flowsom_consensus_k62_seed2026",658,10
"flowsom_consensus_k62_seed2026",659,10
"flowsom_consensus_k62_seed2026",660,10
"flowsom_consensus_k62_seed2026",661,50
"flowsom_consensus_k62_seed2026",662,50
"flowsom_consensus_k62_seed2026",663,50
"flowsom_consensus_k62_seed2026",664,50
"flowsom_consensus_k62_seed2026",665,50
"flowsom_consensus_k62_seed2026",666,50
"flowsom_consensus_k62_seed2026",667,42
"flowsom_consensus_k62_seed2026",668,42
"flowsom_consensus_k62_seed2026",669,42
"flowsom_consensus_k62_seed2026",670,42
"flowsom_consensus_k62_seed2026",671,42
"flowsom_consensus_k62_seed2026",672,45
"flowsom_consensus_k62_seed2026",673,45
"flowsom_consensus_k62_seed2026",674,45
"flowsom_consensus_k62_seed2026",675,45
"flowsom_consensus_k62_seed2026",676,45
"flowsom_consensus_k62_seed2026",677,45
"flowsom_consensus_k62_seed2026",678,45
"flowsom_consensus_k62_seed2026",679,45
"flowsom_consensus_k62_seed2026",680,45
"flowsom_consensus_k62_seed2026",681,45
"flowsom_consensus_k62_seed2026",682,45
"flowsom_consensus_k62_seed2026",683,45
"flowsom_consensus_k62_seed2026",684,10
"flowsom_consensus_k62_seed2026",685,10
"flowsom_consensus_k62_seed2026",686,10
"flowsom_consensus_k62_seed2026",687,10
"flowsom_consensus_k62_seed2026",688,10
"flowsom_consensus_k62_seed2026",689,10
"flowsom_consensus_k62_seed2026",690,10
"flowsom_consensus_k62_seed2026",691,50
"flowsom_consensus_k62_seed2026",692,50
"flowsom_consensus_k62_seed2026",693,50
"flowsom_consensus_k62_seed2026",694,50
"flowsom_consensus_k62_seed2026",695,50
"flowsom_consensus_k62_seed2026",696,50
"flowsom_consensus_k62_seed2026",697,42
"flowsom_consensus_k62_seed2026",698,57
"flowsom_consensus_k62_seed2026",699,57
"flowsom_consensus_k62_seed2026",700,58
"flowsom_consensus_k62_seed2026",701,59
"flowsom_consensus_k62_seed2026",702,45
"flowsom_consensus_k62_seed2026",703,45
"flowsom_consensus_k62_seed2026",704,45
"flowsom_consensus_k62_seed2026",705,45
"flowsom_consensus_k62_seed2026",706,45
"flowsom_consensus_k62_seed2026",707,45
"flowsom_consensus_k62_seed2026",708,45
"flowsom_consensus_k62_seed2026",709,45
"flowsom_consensus_k62_seed2026",710,45
"flowsom_consensus_k62_seed2026",711,45
"flowsom_consensus_k62_seed2026",712,45
"flowsom_consensus_k62_seed2026",713,45
"flowsom_consensus_k62_seed2026",714,45
"flowsom_consensus_k62_seed2026",715,45
"flowsom_consensus_k62_seed2026",716,10
"flowsom_consensus_k62_seed2026",717,10
"flowsom_consensus_k62_seed2026",718,10
"flowsom_consensus_k62_seed2026",719,10
"flowsom_consensus_k62_seed2026",720,10
"flowsom_consensus_k62_seed2026",721,42
"flowsom_consensus_k62_seed2026",722,42
"flowsom_consensus_k62_seed2026",723,58
"flowsom_consensus_k62_seed2026",724,60
"flowsom_consensus_k62_seed2026",725,57
"flowsom_consensus_k62_seed2026",726,57
"flowsom_consensus_k62_seed2026",727,57
"flowsom_consensus_k62_seed2026",728,57
"flowsom_consensus_k62_seed2026",729,57
"flowsom_consensus_k62_seed2026",730,57
"flowsom_consensus_k62_seed2026",731,57
"flowsom_consensus_k62_seed2026",732,45
"flowsom_consensus_k62_seed2026",733,45
"flowsom_consensus_k62_seed2026",734,45
"flowsom_consensus_k62_seed2026",735,45
"flowsom_consensus_k62_seed2026",736,45
"flowsom_consensus_k62_seed2026",737,45
"flowsom_consensus_k62_seed2026",738,45
"flowsom_consensus_k62_seed2026",739,45
"flowsom_consensus_k62_seed2026",740,45
"flowsom_consensus_k62_seed2026",741,45
"flowsom_consensus_k62_seed2026",742,45
"flowsom_consensus_k62_seed2026",743,45
"flowsom_consensus_k62_seed2026",744,45
"flowsom_consensus_k62_seed2026",745,45
"flowsom_consensus_k62_seed2026",746,45
"flowsom_consensus_k62_seed2026",747,45
"flowsom_consensus_k62_seed2026",748,45
"flowsom_consensus_k62_seed2026",749,45
"flowsom_consensus_k62_seed2026",750,61
"flowsom_consensus_k62_seed2026",751,57
"flowsom_consensus_k62_seed2026",752,57
"flowsom_consensus_k62_seed2026",753,57
"flowsom_consensus_k62_seed2026",754,57
"flowsom_consensus_k62_seed2026",755,57
"flowsom_consensus_k62_seed2026",756,57
"flowsom_consensus_k62_seed2026",757,57
"flowsom_consensus_k62_seed2026",758,57
"flowsom_consensus_k62_seed2026",759,57
"flowsom_consensus_k62_seed2026",760,57
"flowsom_consensus_k62_seed2026",761,57
"flowsom_consensus_k62_seed2026",762,45
"flowsom_consensus_k62_seed2026",763,45
"flowsom_consensus_k62_seed2026",764,45
"flowsom_consensus_k62_seed2026",765,45
"flowsom_consensus_k62_seed2026",766,45
"flowsom_consensus_k62_seed2026",767,45
"flowsom_consensus_k62_seed2026",768,45
"flowsom_consensus_k62_seed2026",769,45
"flowsom_consensus_k62_seed2026",770,45
"flowsom_consensus_k62_seed2026",771,45
"flowsom_consensus_k62_seed2026",772,45
"flowsom_consensus_k62_seed2026",773,45
"flowsom_consensus_k62_seed2026",774,45
"flowsom_consensus_k62_seed2026",775,45
"flowsom_consensus_k62_seed2026",776,45
"flowsom_consensus_k62_seed2026",777,45
"flowsom_consensus_k62_seed2026",778,45
"flowsom_consensus_k62_seed2026",779,45
"flowsom_consensus_k62_seed2026",780,45
"flowsom_consensus_k62_seed2026",781,57
"flowsom_consensus_k62_seed2026",782,57
"flowsom_consensus_k62_seed2026",783,57
"flowsom_consensus_k62_seed2026",784,57
"flowsom_consensus_k62_seed2026",785,57
"flowsom_consensus_k62_seed2026",786,57
"flowsom_consensus_k62_seed2026",787,57
"flowsom_consensus_k62_seed2026",788,57
"flowsom_consensus_k62_seed2026",789,57
"flowsom_consensus_k62_seed2026",790,57
"flowsom_consensus_k62_seed2026",791,57
"flowsom_consensus_k62_seed2026",792,45
"flowsom_consensus_k62_seed2026",793,45
"flowsom_consensus_k62_seed2026",794,45
"flowsom_consensus_k62_seed2026",795,45
"flowsom_consensus_k62_seed2026",796,45
"flowsom_consensus_k62_seed2026",797,45
"flowsom_consensus_k62_seed2026",798,45
"flowsom_consensus_k62_seed2026",799,45
"flowsom_consensus_k62_seed2026",800,45
"flowsom_consensus_k62_seed2026",801,45
"flowsom_consensus_k62_seed2026",802,45
"flowsom_consensus_k62_seed2026",803,45
"flowsom_consensus_k62_seed2026",804,45
"flowsom_consensus_k62_seed2026",805,45
"flowsom_consensus_k62_seed2026",806,45
"flowsom_consensus_k62_seed2026",807,45
"flowsom_consensus_k62_seed2026",808,45
"flowsom_consensus_k62_seed2026",809,45
"flowsom_consensus_k62_seed2026",810,45
"flowsom_consensus_k62_seed2026",811,57
"flowsom_consensus_k62_seed2026",812,57
"flowsom_consensus_k62_seed2026",813,57
"flowsom_consensus_k62_seed2026",814,57
"flowsom_consensus_k62_seed2026",815,57
"flowsom_consensus_k62_seed2026",816,57
"flowsom_consensus_k62_seed2026",817,57
"flowsom_consensus_k62_seed2026",818,57
"flowsom_consensus_k62_seed2026",819,57
"flowsom_consensus_k62_seed2026",820,57
"flowsom_consensus_k62_seed2026",821,57
"flowsom_consensus_k62_seed2026",822,45
"flowsom_consensus_k62_seed2026",823,45
"flowsom_consensus_k62_seed2026",824,45
"flowsom_consensus_k62_seed2026",825,45
"flowsom_consensus_k62_seed2026",826,45
"flowsom_consensus_k62_seed2026",827,45
"flowsom_consensus_k62_seed2026",828,45
"flowsom_consensus_k62_seed2026",829,45
"flowsom_consensus_k62_seed2026",830,45
"flowsom_consensus_k62_seed2026",831,45
"flowsom_consensus_k62_seed2026",832,45
"flowsom_consensus_k62_seed2026",833,45
"flowsom_consensus_k62_seed2026",834,45
"flowsom_consensus_k62_seed2026",835,45
"flowsom_consensus_k62_seed2026",836,45
"flowsom_consensus_k62_seed2026",837,45
"flowsom_consensus_k62_seed2026",838,45
"flowsom_consensus_k62_seed2026",839,45
"flowsom_consensus_k62_seed2026",840,45
"flowsom_consensus_k62_seed2026",841,57
"flowsom_consensus_k62_seed2026",842,57
"flowsom_consensus_k62_seed2026",843,57
"flowsom_consensus_k62_seed2026",844,57
"flowsom_consensus_k62_seed2026",845,57
"flowsom_consensus_k62_seed2026",846,57
"flowsom_consensus_k62_seed2026",847,57
"flowsom_consensus_k62_seed2026",848,57
"flowsom_consensus_k62_seed2026",849,57
"flowsom_consensus_k62_seed2026",850,57
"flowsom_consensus_k62_seed2026",851,57
"flowsom_consensus_k62_seed2026",852,45
"flowsom_consensus_k62_seed2026",853,45
"flowsom_consensus_k62_seed2026",854,45
"flowsom_consensus_k62_seed2026",855,45
"flowsom_consensus_k62_seed2026",856,45
"flowsom_consensus_k62_seed2026",857,45
"flowsom_consensus_k62_seed2026",858,45
"flowsom_consensus_k62_seed2026",859,45
"flowsom_consensus_k62_seed2026",860,45
"flowsom_consensus_k62_seed2026",861,45
"flowsom_consensus_k62_seed2026",862,45
"flowsom_consensus_k62_seed2026",863,45
"flowsom_consensus_k62_seed2026",864,45
"flowsom_consensus_k62_seed2026",865,45
"flowsom_consensus_k62_seed2026",866,45
"flowsom_consensus_k62_seed2026",867,45
"flowsom_consensus_k62_seed2026",868,45
"flowsom_consensus_k62_seed2026",869,45
"flowsom_consensus_k62_seed2026",870,45
"flowsom_consensus_k62_seed2026",871,57
"flowsom_consensus_k62_seed2026",872,57
"flowsom_consensus_k62_seed2026",873,57
"flowsom_consensus_k62_seed2026",874,57
"flowsom_consensus_k62_seed2026",875,57
"flowsom_consensus_k62_seed2026",876,57
"flowsom_consensus_k62_seed2026",877,57
"flowsom_consensus_k62_seed2026",878,57
"flowsom_consensus_k62_seed2026",879,57
"flowsom_consensus_k62_seed2026",880,57
"flowsom_consensus_k62_seed2026",881,57
"flowsom_consensus_k62_seed2026",882,57
"flowsom_consensus_k62_seed2026",883,62
"flowsom_consensus_k62_seed2026",884,45
"flowsom_consensus_k62_seed2026",885,45
"flowsom_consensus_k62_seed2026",886,45
"flowsom_consensus_k62_seed2026",887,45
"flowsom_consensus_k62_seed2026",888,45
"flowsom_consensus_k62_seed2026",889,45
"flowsom_consensus_k62_seed2026",890,45
"flowsom_consensus_k62_seed2026",891,45
"flowsom_consensus_k62_seed2026",892,45
"flowsom_consensus_k62_seed2026",893,45
"flowsom_consensus_k62_seed2026",894,45
"flowsom_consensus_k62_seed2026",895,45
"flowsom_consensus_k62_seed2026",896,45
"flowsom_consensus_k62_seed2026",897,45
"flowsom_consensus_k62_seed2026",898,45
"flowsom_consensus_k62_seed2026",899,45
"flowsom_consensus_k62_seed2026",900,45
