"solution_id","cluster","cluster_events","marker","requested_sample_size","status","reason","valid_seeds","both_reject_seeds","dip_reject_seeds","acr_reject_seeds","min_dip_q","min_acr_q"
"flowsom_consensus_k62_seed1",1,1142694,"CD11c",1000,"ambiguous","discordant_tests;seed_instability;borderline_q",3,0,0,2,0.30862236534105,0.0135067533766883
"flowsom_consensus_k62_seed1",1,1142694,"CD11c",5000,"detected_multimodality","both tests reject in at least two seeds",3,3,3,3,0,0
"flowsom_consensus_k62_seed1",1,1142694,"CD127",1000,"no_detected_multimodality","neither test rejects in any seed",3,0,0,0,0.999084387883163,0.930204232551058
"flowsom_consensus_k62_seed1",1,1142694,"CD127",5000,"no_detected_multimodality","neither test rejects in any seed",3,0,0,0,1,0.649824912456228
"flowsom_consensus_k62_seed1",1,1142694,"CD161",1000,"detected_multimodality","both tests reject in at least two seeds",3,3,3,3,0,0
"flowsom_consensus_k62_seed1",1,1142694,"CD161",5000,"detected_multimodality","both tests reject in at least two seeds",3,3,3,3,0,0
"flowsom_consensus_k62_seed1",1,1142694,"CD21",1000,"no_detected_multimodality","neither test rejects in any seed",3,0,0,0,0.999084387883163,0.621310655327664
"flowsom_consensus_k62_seed1",1,1142694,"CD21",5000,"no_detected_multimodality","neither test rejects in any seed",3,0,0,0,1,0.648324162081041
"flowsom_consensus_k62_seed1",1,1142694,"CD56",1000,"ambiguous","borderline_q",3,0,0,0,0.999084387883163,0.0900450225112556
"flowsom_consensus_k62_seed1",1,1142694,"CD56",5000,"ambiguous","discordant_tests;seed_instability",3,0,0,1,1,0.0189094547273637
"flowsom_consensus_k62_seed1",1,1142694,"CD57",1000,"ambiguous","discordant_tests;seed_instability;borderline_q",3,0,0,1,0.999084387883163,0.0202601300650325
"flowsom_consensus_k62_seed1",1,1142694,"CD57",5000,"ambiguous","discordant_tests;seed_instability",3,0,0,2,1,0
"flowsom_consensus_k62_seed1",2,354507,"CD303_TCRvd2",1000,"no_detected_multimodality","neither test rejects in any seed",3,0,0,0,0.999391093393964,0.961140570285143
"flowsom_consensus_k62_seed1",2,354507,"CD303_TCRvd2",5000,"no_detected_multimodality","neither test rejects in any seed",3,0,0,0,1,0.751875937968985
"flowsom_consensus_k62_seed1",2,354507,"CD57",1000,"no_detected_multimodality","neither test rejects in any seed",3,0,0,0,0.999391093393964,0.958979489744872
"flowsom_consensus_k62_seed1",2,354507,"CD57",5000,"no_detected_multimodality","neither test rejects in any seed",3,0,0,0,1,0.121560780390195
"flowsom_consensus_k62_seed1",3,336749,"CD14",1000,"no_detected_multimodality","neither test rejects in any seed",3,0,0,0,1,0.594297148574287
"flowsom_consensus_k62_seed1",3,336749,"CD14",5000,"no_detected_multimodality","neither test rejects in any seed",3,0,0,0,1,0.740793473659907
"flowsom_consensus_k62_seed1",3,336749,"CD159c_NKG2C",1000,"detected_multimodality","both tests reject in at least two seeds",3,2,2,3,0.000710414928763503,0
"flowsom_consensus_k62_seed1",3,336749,"CD159c_NKG2C",5000,"detected_multimodality","both tests reject in at least two seeds",3,3,3,3,0,0
"flowsom_consensus_k62_seed1",3,336749,"CD56",1000,"no_detected_multimodality","neither test rejects in any seed",3,0,0,0,1,0.283641820910455
"flowsom_consensus_k62_seed1",3,336749,"CD56",5000,"no_detected_multimodality","neither test rejects in any seed",3,0,0,0,1,0.393384192096048
"flowsom_consensus_k62_seed1",3,336749,"CD57",1000,"detected_multimodality","both tests reject in at least two seeds",3,3,3,3,0,0
"flowsom_consensus_k62_seed1",3,336749,"CD57",5000,"detected_multimodality","both tests reject in at least two seeds",3,3,3,3,0,0
"flowsom_consensus_k62_seed1",4,228900,"CD159c_NKG2C",1000,"no_detected_multimodality","neither test rejects in any seed",3,0,0,0,0.999016294174232,0.317408704352176
"flowsom_consensus_k62_seed1",4,228900,"CD159c_NKG2C",5000,"ambiguous","discordant_tests",3,0,0,3,0.545756655350458,0
"flowsom_consensus_k62_seed1",4,228900,"CD27",1000,"no_detected_multimodality","neither test rejects in any seed",3,0,0,0,0.999016294174232,0.848847500673414
"flowsom_consensus_k62_seed1",4,228900,"CD27",5000,"no_detected_multimodality","neither test rejects in any seed",3,0,0,0,1,0.975187593796899
"flowsom_consensus_k62_seed1",4,228900,"CD3",1000,"detected_multimodality","both tests reject in at least two seeds",3,3,3,3,0,0
"flowsom_consensus_k62_seed1",4,228900,"CD3",5000,"detected_multimodality","both tests reject in at least two seeds",3,3,3,3,0,0
"flowsom_consensus_k62_seed1",4,228900,"CD57",1000,"detected_multimodality","both tests reject in at least two seeds",3,3,3,3,0,0
"flowsom_consensus_k62_seed1",4,228900,"CD57",5000,"detected_multimodality","both tests reject in at least two seeds",3,3,3,3,0,0
"flowsom_consensus_k62_seed1",5,340676,"CD11c",1000,"detected_multimodality","both tests reject in at least two seeds",3,3,3,3,0.00154488933903973,0
"flowsom_consensus_k62_seed1",5,340676,"CD11c",5000,"detected_multimodality","both tests reject in at least two seeds",3,3,3,3,0,0
"flowsom_consensus_k62_seed1",5,340676,"CD1c",1000,"no_detected_multimodality","neither test rejects in any seed",3,0,0,0,0.99839307427632,0.954117058529265
"flowsom_consensus_k62_seed1",5,340676,"CD1c",5000,"no_detected_multimodality","neither test rejects in any seed",3,0,0,0,1,0.585292646323162
"flowsom_consensus_k62_seed1",5,340676,"CD294_CRTH2",1000,"no_detected_multimodality","neither test rejects in any seed",3,0,0,0,0.99839307427632,0.264732366183092
"flowsom_consensus_k62_seed1",5,340676,"CD294_CRTH2",5000,"no_detected_multimodality","neither test rejects in any seed",3,0,0,0,1,0.826044601247992
"flowsom_consensus_k62_seed1",5,340676,"CD3",1000,"detected_multimodality","both tests reject in at least two seeds",3,3,3,3,0,0
"flowsom_consensus_k62_seed1",5,340676,"CD3",5000,"detected_multimodality","both tests reject in at least two seeds",3,3,3,3,0,0
"flowsom_consensus_k62_seed1",5,340676,"CD57",1000,"detected_multimodality","both tests reject in at least two seeds",3,3,3,3,0,0
"flowsom_consensus_k62_seed1",5,340676,"CD57",5000,"detected_multimodality","both tests reject in at least two seeds",3,3,3,3,0,0
"flowsom_consensus_k62_seed1",5,340676,"CD7",1000,"no_detected_multimodality","neither test rejects in any seed",3,0,0,0,0.99839307427632,0.95329243569153
"flowsom_consensus_k62_seed1",5,340676,"CD7",5000,"no_detected_multimodality","neither test rejects in any seed",3,0,0,0,1,0.663908877515681
"flowsom_consensus_k62_seed1",6,286433,"CD11c",1000,"ambiguous","discordant_tests;seed_instability",3,1,1,3,0.0230241004929871,0
"flowsom_consensus_k62_seed1",6,286433,"CD11c",5000,"detected_multimodality","both tests reject in at least two seeds",3,3,3,3,0,0
"flowsom_consensus_k62_seed1",6,286433,"CD161",1000,"ambiguous","discordant_tests;seed_instability",3,1,1,3,0.0439304656358599,0
"flowsom_consensus_k62_seed1",6,286433,"CD161",5000,"detected_multimodality","both tests reject in at least two seeds",3,3,3,3,0.000536574644411369,0
"flowsom_consensus_k62_seed1",6,286433,"CD185_CXCR5",1000,"no_detected_multimodality","neither test rejects in any seed",3,0,0,0,1,0.684342171085543
"flowsom_consensus_k62_seed1",6,286433,"CD185_CXCR5",5000,"ambiguous","borderline_q",3,0,0,0,1,0.0720360180090045
"flowsom_consensus_k62_seed1",6,286433,"CD3",1000,"no_detected_multimodality","neither test rejects in any seed",3,0,0,0,1,0.312584863860502
"flowsom_consensus_k62_seed1",6,286433,"CD3",5000,"ambiguous","discordant_tests",3,0,0,3,1,0
"flowsom_consensus_k62_seed1",6,286433,"CD57",1000,"ambiguous","discordant_tests",3,0,0,3,0.270509623569963,0
"flowsom_consensus_k62_seed1",6,286433,"CD57",5000,"detected_multimodality","both tests reject in at least two seeds",3,3,3,3,0.00140516380875177,0
"flowsom_consensus_k62_seed1",6,286433,"CD8",1000,"no_detected_multimodality","neither test rejects in any seed",3,0,0,0,1,0.325850425212606
"flowsom_consensus_k62_seed1",6,286433,"CD8",5000,"no_detected_multimodality","neither test rejects in any seed",3,0,0,0,1,0.461930965482741
"flowsom_consensus_k62_seed1",6,286433,"Tbet",1000,"no_detected_multimodality","neither test rejects in any seed",3,0,0,0,1,0.159379689844922
"flowsom_consensus_k62_seed1",6,286433,"Tbet",5000,"no_detected_multimodality","neither test rejects in any seed",3,0,0,0,1,0.106124490816837
"flowsom_consensus_k62_seed1",7,128303,"CD11c",1000,"ambiguous","discordant_tests;seed_instability",3,0,0,1,0.999969453090744,0.0337668834417209
"flowsom_consensus_k62_seed1",7,128303,"CD11c",5000,"ambiguous","borderline_q",3,0,0,0,1,0.0675337668834417
"flowsom_consensus_k62_seed1",7,128303,"CD127",1000,"no_detected_multimodality","neither test rejects in any seed",3,0,0,0,0.999969453090744,0.918459229614808
"flowsom_consensus_k62_seed1",7,128303,"CD127",5000,"no_detected_multimodality","neither test rejects in any seed",3,0,0,0,1,0.695078308384962
"flowsom_consensus_k62_seed1",7,128303,"CD14",1000,"no_detected_multimodality","neither test rejects in any seed",3,0,0,0,0.999969453090744,0.918459229614808
"flowsom_consensus_k62_seed1",7,128303,"CD14",5000,"no_detected_multimodality","neither test rejects in any seed",3,0,0,0,1,0.695078308384962
"flowsom_consensus_k62_seed1",7,128303,"CD159c_NKG2C",1000,"no_detected_multimodality","neither test rejects in any seed",3,0,0,0,0.999969453090744,0.135067533766883
"flowsom_consensus_k62_seed1",7,128303,"CD159c_NKG2C",5000,"detected_multimodality","both tests reject in at least two seeds",3,3,3,3,0.0031889687521493,0
"flowsom_consensus_k62_seed1",7,128303,"CD45RA",1000,"no_detected_multimodality","neither test rejects in any seed",3,0,0,0,0.999969453090744,0.655827913956978
"flowsom_consensus_k62_seed1",7,128303,"CD45RA",5000,"ambiguous","discordant_tests",3,0,0,3,1,0.00900450225112556
"flowsom_consensus_k62_seed1",7,128303,"CD56",1000,"no_detected_multimodality","neither test rejects in any seed",3,0,0,0,0.999969453090744,0.918459229614808
"flowsom_consensus_k62_seed1",7,128303,"CD56",5000,"no_detected_multimodality","neither test rejects in any seed",3,0,0,0,1,0.95369423842356
"flowsom_consensus_k62_seed1",7,128303,"CD57",1000,"detected_multimodality","both tests reject in at least two seeds",3,2,2,3,9.63874522377228e-05,0
"flowsom_consensus_k62_seed1",7,128303,"CD57",5000,"detected_multimodality","both tests reject in at least two seeds",3,3,3,3,0,0
"flowsom_consensus_k62_seed1",8,280345,"CD11c",1000,"ambiguous","discordant_tests;seed_instability;borderline_q",3,0,0,1,0.0706437252038885,0
"flowsom_consensus_k62_seed1",8,280345,"CD11c",5000,"ambiguous","borderline_q",3,0,0,0,1,0.0641570785392696
"flowsom_consensus_k62_seed1",8,280345,"CD159c_NKG2C",1000,"no_detected_multimodality","neither test rejects in any seed",3,0,0,0,0.999423724693155,0.381565782891446
"flowsom_consensus_k62_seed1",8,280345,"CD159c_NKG2C",5000,"ambiguous","discordant_tests",3,0,0,3,0.101617597327262,0
"flowsom_consensus_k62_seed1",8,280345,"CD197_CCR7",1000,"no_detected_multimodality","neither test rejects in any seed",3,0,0,0,0.999423724693155,0.288144072036018
"flowsom_consensus_k62_seed1",8,280345,"CD197_CCR7",5000,"no_detected_multimodality","neither test rejects in any seed",3,0,0,0,1,0.364682341170585
"flowsom_consensus_k62_seed1",8,280345,"CD27",1000,"no_detected_multimodality","neither test rejects in any seed",3,0,0,0,0.999423724693155,0.914904820831468
"flowsom_consensus_k62_seed1",8,280345,"CD27",5000,"no_detected_multimodality","neither test rejects in any seed",3,0,0,0,1,0.758066533266633
"flowsom_consensus_k62_seed1",8,280345,"CD57",1000,"detected_multimodality","both tests reject in at least two seeds",3,2,2,3,0.000529130704284064,0
"flowsom_consensus_k62_seed1",8,280345,"CD57",5000,"detected_multimodality","both tests reject in at least two seeds",3,3,3,3,0,0
"flowsom_consensus_k62_seed1",8,280345,"FoxP3",1000,"no_detected_multimodality","neither test rejects in any seed",3,0,0,0,0.999423724693155,0.185717858929465
"flowsom_consensus_k62_seed1",8,280345,"FoxP3",5000,"no_detected_multimodality","neither test rejects in any seed",3,0,0,0,1,0.691545772886443
"flowsom_consensus_k62_seed1",8,280345,"HLA-DR",1000,"no_detected_multimodality","neither test rejects in any seed",3,0,0,0,0.999423724693155,0.852514492540388
"flowsom_consensus_k62_seed1",8,280345,"HLA-DR",5000,"no_detected_multimodality","neither test rejects in any seed",3,0,0,0,1,0.935825055384835
"flowsom_consensus_k62_seed1",9,58949,"CD159c_NKG2C",1000,"ambiguous","discordant_tests",3,0,0,3,0.897203597531241,0.0101300650325163
"flowsom_consensus_k62_seed1",9,58949,"CD159c_NKG2C",5000,"detected_multimodality","both tests reject in at least two seeds",3,3,3,3,0,0
"flowsom_consensus_k62_seed1",9,58949,"CD16",1000,"no_detected_multimodality","neither test rejects in any seed",3,0,0,0,0.999889658279777,0.980490245122561
"flowsom_consensus_k62_seed1",9,58949,"CD16",5000,"no_detected_multimodality","neither test rejects in any seed",3,0,0,0,1,0.747373686843422
"flowsom_consensus_k62_seed1",9,58949,"CD1c",1000,"no_detected_multimodality","neither test rejects in any seed",3,0,0,0,0.999889658279777,0.980490245122561
"flowsom_consensus_k62_seed1",9,58949,"CD1c",5000,"no_detected_multimodality","neither test rejects in any seed",3,0,0,0,1,0.624994315339488
"flowsom_consensus_k62_seed1",9,58949,"CD21",1000,"no_detected_multimodality","neither test rejects in any seed",3,0,0,0,0.999889658279777,0.980490245122561
"flowsom_consensus_k62_seed1",9,58949,"CD21",5000,"no_detected_multimodality","neither test rejects in any seed",3,0,0,0,1,0.984992496248124
"flowsom_consensus_k62_seed1",9,58949,"CD27",1000,"ambiguous","discordant_tests;seed_instability",3,0,0,1,0.999889658279777,0.00675337668834417
"flowsom_consensus_k62_seed1",9,58949,"CD27",5000,"ambiguous","discordant_tests;seed_instability",3,0,0,1,1,0.0101300650325163
"flowsom_consensus_k62_seed1",9,58949,"CD3",1000,"no_detected_multimodality","neither test rejects in any seed",3,0,0,0,0.999889658279777,0.198099049524762
"flowsom_consensus_k62_seed1",9,58949,"CD3",5000,"no_detected_multimodality","neither test rejects in any seed",3,0,0,0,1,0.366611877367255
"flowsom_consensus_k62_seed1",9,58949,"CD56",1000,"ambiguous","discordant_tests;seed_instability",3,1,1,3,0.00615875016626188,0
"flowsom_consensus_k62_seed1",9,58949,"CD56",5000,"detected_multimodality","both tests reject in at least two seeds",3,3,3,3,0,0
"flowsom_consensus_k62_seed1",9,58949,"CD57",1000,"ambiguous","discordant_tests;seed_instability",3,0,0,1,0.112528333344739,0
"flowsom_consensus_k62_seed1",9,58949,"CD57",5000,"detected_multimodality","both tests reject in at least two seeds",3,2,2,3,0.0036605909820443,0
"flowsom_consensus_k62_seed1",10,6767911,"CD11c",1000,"no_detected_multimodality","neither test rejects in any seed",3,0,0,0,0.999670030575114,0.92696348174087
"flowsom_consensus_k62_seed1",10,6767911,"CD11c",5000,"ambiguous","discordant_tests;seed_instability",3,0,0,1,1,0.0225112556278139
"flowsom_consensus_k62_seed1",10,6767911,"CD127",1000,"ambiguous","borderline_q",3,0,0,0,0.999670030575114,0.0607803901950975
"flowsom_consensus_k62_seed1",10,6767911,"CD127",5000,"ambiguous","discordant_tests;seed_instability",3,1,1,3,0.0332885619672042,0
"flowsom_consensus_k62_seed1",10,6767911,"CD197_CCR7",1000,"detected_multimodality","both tests reject in at least two seeds",3,3,3,3,0,0
"flowsom_consensus_k62_seed1",10,6767911,"CD197_CCR7",5000,"detected_multimodality","both tests reject in at least two seeds",3,3,3,3,0,0
"flowsom_consensus_k62_seed1",10,6767911,"CD27",1000,"detected_multimodality","both tests reject in at least two seeds",3,3,3,3,0,0
"flowsom_consensus_k62_seed1",10,6767911,"CD27",5000,"detected_multimodality","both tests reject in at least two seeds",3,3,3,3,0,0
"flowsom_consensus_k62_seed1",10,6767911,"CD38",1000,"no_detected_multimodality","neither test rejects in any seed",3,0,0,0,0.999670030575114,0.92696348174087
"flowsom_consensus_k62_seed1",10,6767911,"CD38",5000,"no_detected_multimodality","neither test rejects in any seed",3,0,0,0,1,0.732741370685343
"flowsom_consensus_k62_seed1",10,6767911,"CD45RA",1000,"detected_multimodality","both tests reject in at least two seeds",3,3,3,3,0,0
"flowsom_consensus_k62_seed1",10,6767911,"CD45RA",5000,"detected_multimodality","both tests reject in at least two seeds",3,3,3,3,0,0
"flowsom_consensus_k62_seed1",10,6767911,"Tbet",1000,"ambiguous","discordant_tests;seed_instability",3,0,0,2,0.992408352729533,0.0101300650325163
"flowsom_consensus_k62_seed1",10,6767911,"Tbet",5000,"detected_multimodality","both tests reject in at least two seeds",3,2,2,3,0.0185404597062933,0
"flowsom_consensus_k62_seed1",11,133612,"CD11c",1000,"no_detected_multimodality","neither test rejects in any seed",3,0,0,0,0.998787538045676,0.553776888444222
"flowsom_consensus_k62_seed1",11,133612,"CD11c",5000,"ambiguous","discordant_tests;seed_instability",3,0,0,2,1,0
"flowsom_consensus_k62_seed1",11,133612,"CD159c_NKG2C",1000,"detected_multimodality","both tests reject in at least two seeds",3,3,3,3,0,0
"flowsom_consensus_k62_seed1",11,133612,"CD159c_NKG2C",5000,"detected_multimodality","both tests reject in at least two seeds",3,3,3,3,0,0
"flowsom_consensus_k62_seed1",11,133612,"CD16",1000,"ambiguous","discordant_tests;seed_instability",3,0,0,1,0.362361907725185,0.00675337668834417
"flowsom_consensus_k62_seed1",11,133612,"CD16",5000,"detected_multimodality","both tests reject in at least two seeds",3,3,3,3,5.45455387307436e-05,0
"flowsom_consensus_k62_seed1",11,133612,"CD161",1000,"no_detected_multimodality","neither test rejects in any seed",3,0,0,0,0.998787538045676,0.7916131979033
"flowsom_consensus_k62_seed1",11,133612,"CD161",5000,"no_detected_multimodality","neither test rejects in any seed",3,0,0,0,1,0.989109939585177
"flowsom_consensus_k62_seed1",11,133612,"CD197_CCR7",1000,"no_detected_multimodality","neither test rejects in any seed",3,0,0,0,0.998787538045676,0.841740870435218
"flowsom_consensus_k62_seed1",11,133612,"CD197_CCR7",5000,"no_detected_multimodality","neither test rejects in any seed",3,0,0,0,1,0.698974487243622
"flowsom_consensus_k62_seed1",11,133612,"CD294_CRTH2",1000,"no_detected_multimodality","neither test rejects in any seed",3,0,0,0,0.998787538045676,0.742871435717859
"flowsom_consensus_k62_seed1",11,133612,"CD294_CRTH2",5000,"no_detected_multimodality","neither test rejects in any seed",3,0,0,0,1,0.907953976988494
"flowsom_consensus_k62_seed1",11,133612,"CD3",1000,"no_detected_multimodality","neither test rejects in any seed",3,0,0,0,0.998787538045676,0.27463731865933
"flowsom_consensus_k62_seed1",11,133612,"CD3",5000,"ambiguous","discordant_tests",3,0,0,3,1,0
"flowsom_consensus_k62_seed1",11,133612,"FoxP3",1000,"no_detected_multimodality","neither test rejects in any seed",3,0,0,0,0.998787538045676,0.7916131979033
"flowsom_consensus_k62_seed1",11,133612,"FoxP3",5000,"no_detected_multimodality","neither test rejects in any seed",3,0,0,0,1,0.643821910955478
"flowsom_consensus_k62_seed1",11,133612,"HLA-DR",1000,"no_detected_multimodality","neither test rejects in any seed",3,0,0,0,0.998787538045676,0.207103551775888
"flowsom_consensus_k62_seed1",11,133612,"HLA-DR",5000,"no_detected_multimodality","neither test rejects in any seed",3,0,0,0,1,0.545672836418209
"flowsom_consensus_k62_seed1",12,46765,"CD11c",1000,"ambiguous","discordant_tests;seed_instability;borderline_q",3,0,0,2,0.127719242044273,0
"flowsom_consensus_k62_seed1",12,46765,"CD11c",5000,"detected_multimodality","both tests reject in at least two seeds",3,3,3,3,0,0
"flowsom_consensus_k62_seed1",12,46765,"CD127",1000,"no_detected_multimodality","neither test rejects in any seed",3,0,0,0,0.999824741479824,0.724597592914104
"flowsom_consensus_k62_seed1",12,46765,"CD127",5000,"no_detected_multimodality","neither test rejects in any seed",3,0,0,0,1,0.854864932466233
"flowsom_consensus_k62_seed1",12,46765,"CD161",1000,"ambiguous","discordant_tests;seed_instability",3,0,0,1,0.999824741479824,0.0337668834417209
"flowsom_consensus_k62_seed1",12,46765,"CD161",5000,"ambiguous","discordant_tests;seed_instability",3,0,0,2,0.261399653954469,0
"flowsom_consensus_k62_seed1",12,46765,"CD197_CCR7",1000,"no_detected_multimodality","neither test rejects in any seed",3,0,0,0,0.999824741479824,0.724597592914104
"flowsom_consensus_k62_seed1",12,46765,"CD197_CCR7",5000,"no_detected_multimodality","neither test rejects in any seed",3,0,0,0,1,0.35567783891946
"flowsom_consensus_k62_seed1",12,46765,"CD3",1000,"detected_multimodality","both tests reject in at least two seeds",3,3,3,3,0,0
"flowsom_consensus_k62_seed1",12,46765,"CD3",5000,"detected_multimodality","both tests reject in at least two seeds",3,3,3,3,0,0
"flowsom_consensus_k62_seed1",12,46765,"CD303_TCRvd2",1000,"no_detected_multimodality","neither test rejects in any seed",3,0,0,0,0.999824741479824,0.724597592914104
"flowsom_consensus_k62_seed1",12,46765,"CD303_TCRvd2",5000,"no_detected_multimodality","neither test rejects in any seed",3,0,0,0,1,0.612715448633408
"flowsom_consensus_k62_seed1",12,46765,"CD56",1000,"ambiguous","discordant_tests;seed_instability",3,1,1,3,0.000193765075967745,0
"flowsom_consensus_k62_seed1",12,46765,"CD56",5000,"detected_multimodality","both tests reject in at least two seeds",3,3,3,3,0,0
"flowsom_consensus_k62_seed1",12,46765,"CD57",1000,"ambiguous","borderline_q",3,0,0,0,0.999824741479824,0.0540270135067534
"flowsom_consensus_k62_seed1",12,46765,"CD57",5000,"ambiguous","discordant_tests;seed_instability;borderline_q",3,0,0,1,1,0.00450225112556278
"flowsom_consensus_k62_seed1",13,608176,"CD11c",1000,"no_detected_multimodality","neither test rejects in any seed",3,0,0,0,0.999229879887891,0.590245122561281
"flowsom_consensus_k62_seed1",13,608176,"CD11c",5000,"no_detected_multimodality","neither test rejects in any seed",3,0,0,0,1,0.624012006003002
"flowsom_consensus_k62_seed1",13,608176,"CD16",1000,"no_detected_multimodality","neither test rejects in any seed",3,0,0,0,0.999229879887891,0.511568284142071
"flowsom_consensus_k62_seed1",13,608176,"CD16",5000,"no_detected_multimodality","neither test rejects in any seed",3,0,0,0,1,0.856178089044522
"flowsom_consensus_k62_seed1",13,608176,"CD3",1000,"no_detected_multimodality","neither test rejects in any seed",3,0,0,0,0.999229879887891,0.511568284142071
"flowsom_consensus_k62_seed1",13,608176,"CD3",5000,"no_detected_multimodality","neither test rejects in any seed",3,0,0,0,1,0.750750375187594
"flowsom_consensus_k62_seed1",13,608176,"CD57",1000,"detected_multimodality","both tests reject in at least two seeds",3,3,3,3,0,0
"flowsom_consensus_k62_seed1",13,608176,"CD57",5000,"detected_multimodality","both tests reject in at least two seeds",3,3,3,3,0,0
"flowsom_consensus_k62_seed1",13,608176,"FoxP3",1000,"no_detected_multimodality","neither test rejects in any seed",3,0,0,0,0.999229879887891,0.607803901950975
"flowsom_consensus_k62_seed1",13,608176,"FoxP3",5000,"no_detected_multimodality","neither test rejects in any seed",3,0,0,0,1,0.644947473736868
"flowsom_consensus_k62_seed1",13,608176,"TCRgd_CD141",1000,"no_detected_multimodality","neither test rejects in any seed",3,0,0,0,0.999229879887891,0.121560780390195
"flowsom_consensus_k62_seed1",13,608176,"TCRgd_CD141",5000,"no_detected_multimodality","neither test rejects in any seed",3,0,0,0,1,0.465982991495748
"flowsom_consensus_k62_seed1",14,31262,"CD11c",1000,"no_detected_multimodality","neither test rejects in any seed",3,0,0,0,1,0.297148574287144
"flowsom_consensus_k62_seed1",14,31262,"CD11c",5000,"detected_multimodality","both tests reject in at least two seeds",3,3,3,3,0.000985030290827305,0
"flowsom_consensus_k62_seed1",14,31262,"CD161",1000,"detected_multimodality","both tests reject in at least two seeds",3,3,3,3,0,0
"flowsom_consensus_k62_seed1",14,31262,"CD161",5000,"detected_multimodality","both tests reject in at least two seeds",3,3,3,3,0,0
"flowsom_consensus_k62_seed1",14,31262,"CD185_CXCR5",1000,"no_detected_multimodality","neither test rejects in any seed",3,0,0,0,1,0.9760406519049
"flowsom_consensus_k62_seed1",14,31262,"CD185_CXCR5",5000,"no_detected_multimodality","neither test rejects in any seed",3,0,0,0,1,0.755339208065571
"flowsom_consensus_k62_seed1",14,31262,"CD19",1000,"no_detected_multimodality","neither test rejects in any seed",3,0,0,0,1,0.939012984753246
"flowsom_consensus_k62_seed1",14,31262,"CD19",5000,"no_detected_multimodality","neither test rejects in any seed",3,0,0,0,1,0.779339669834918
"flowsom_consensus_k62_seed1",14,31262,"CD303_TCRvd2",1000,"ambiguous","discordant_tests;seed_instability",3,0,0,1,1,0.0472736368184092
"flowsom_consensus_k62_seed1",14,31262,"CD303_TCRvd2",5000,"no_detected_multimodality","neither test rejects in any seed",3,0,0,0,1,0.828976988494247
"flowsom_consensus_k62_seed1",14,31262,"CD38",1000,"no_detected_multimodality","neither test rejects in any seed",3,0,0,0,1,0.413644322161081
"flowsom_consensus_k62_seed1",14,31262,"CD38",5000,"no_detected_multimodality","neither test rejects in any seed",3,0,0,0,1,0.528451725862931
"flowsom_consensus_k62_seed1",14,31262,"CD4",1000,"no_detected_multimodality","neither test rejects in any seed",3,0,0,0,1,0.83831915957979
"flowsom_consensus_k62_seed1",14,31262,"CD4",5000,"no_detected_multimodality","neither test rejects in any seed",3,0,0,0,1,0.465018223397413
"flowsom_consensus_k62_seed1",14,31262,"CD57",1000,"no_detected_multimodality","neither test rejects in any seed",3,0,0,0,1,0.180090045022511
"flowsom_consensus_k62_seed1",14,31262,"CD57",5000,"no_detected_multimodality","neither test rejects in any seed",3,0,0,0,1,0.610055027513757
"flowsom_consensus_k62_seed1",14,31262,"CD8",1000,"no_detected_multimodality","neither test rejects in any seed",3,0,0,0,1,0.924598662967848
"flowsom_consensus_k62_seed1",14,31262,"CD8",5000,"no_detected_multimodality","neither test rejects in any seed",3,0,0,0,1,0.79239619809905
"flowsom_consensus_k62_seed1",14,31262,"HLA-DR",1000,"ambiguous","discordant_tests;seed_instability",3,0,0,1,1,0
"flowsom_consensus_k62_seed1",14,31262,"HLA-DR",5000,"no_detected_multimodality","neither test rejects in any seed",3,0,0,0,1,0.256628314157079
"flowsom_consensus_k62_seed1",14,31262,"TCRgd_CD141",1000,"ambiguous","discordant_tests;seed_instability",3,0,0,1,1,0.0270135067533767
"flowsom_consensus_k62_seed1",14,31262,"TCRgd_CD141",5000,"no_detected_multimodality","neither test rejects in any seed",3,0,0,0,1,0.202601300650325
"flowsom_consensus_k62_seed1",15,57019,"CD11c",1000,"ambiguous","discordant_tests;seed_instability",3,0,0,2,0.390860186982768,0
"flowsom_consensus_k62_seed1",15,57019,"CD11c",5000,"ambiguous","discordant_tests;seed_instability;borderline_q",3,1,1,3,0.000259600774510038,0
"flowsom_consensus_k62_seed1",15,57019,"CD14",1000,"no_detected_multimodality","neither test rejects in any seed",3,0,0,0,0.999304036486082,0.723576073751161
"flowsom_consensus_k62_seed1",15,57019,"CD14",5000,"no_detected_multimodality","neither test rejects in any seed",3,0,0,0,1,0.293289501893804
"flowsom_consensus_k62_seed1",15,57019,"CD185_CXCR5",1000,"no_detected_multimodality","neither test rejects in any seed",3,0,0,0,0.999304036486082,0.407903951975988
"flowsom_consensus_k62_seed1",15,57019,"CD185_CXCR5",5000,"ambiguous","discordant_tests",3,0,0,3,1,0
"flowsom_consensus_k62_seed1",15,57019,"CD56",1000,"no_detected_multimodality","neither test rejects in any seed",3,0,0,0,0.999304036486082,0.229614807403702
"flowsom_consensus_k62_seed1",15,57019,"CD56",5000,"ambiguous","discordant_tests;seed_instability",3,0,0,1,1,0.024312156078039
"flowsom_consensus_k62_seed1",15,57019,"FoxP3",1000,"ambiguous","discordant_tests;seed_instability",3,0,0,1,0.999304036486082,0.0315157578789395
"flowsom_consensus_k62_seed1",15,57019,"FoxP3",5000,"no_detected_multimodality","neither test rejects in any seed",3,0,0,0,1,0.605420357237442
"flowsom_consensus_k62_seed1",15,57019,"Tbet",1000,"ambiguous","discordant_tests;seed_instability",3,1,1,3,0.00482280137064106,0
"flowsom_consensus_k62_seed1",15,57019,"Tbet",5000,"detected_multimodality","both tests reject in at least two seeds",3,3,3,3,0,0
"flowsom_consensus_k62_seed1",16,22500,"CD11c",1000,"no_detected_multimodality","neither test rejects in any seed",3,0,0,0,0.998214883862391,0.599064238001354
"flowsom_consensus_k62_seed1",16,22500,"CD11c",5000,"ambiguous","discordant_tests",3,0,0,3,1,0
"flowsom_consensus_k62_seed1",16,22500,"CD159c_NKG2C",1000,"no_detected_multimodality","neither test rejects in any seed",3,0,0,0,0.998214883862391,0.596752921915503
"flowsom_consensus_k62_seed1",16,22500,"CD159c_NKG2C",5000,"no_detected_multimodality","neither test rejects in any seed",3,0,0,0,1,0.61917801005766
"flowsom_consensus_k62_seed1",16,22500,"CD161",1000,"ambiguous","discordant_tests;seed_instability",3,0,0,1,0.392227895177633,0.0297148574287144
"flowsom_consensus_k62_seed1",16,22500,"CD161",5000,"ambiguous","discordant_tests;seed_instability;borderline_q",3,1,1,3,0.0398368798278548,0
"flowsom_consensus_k62_seed1",16,22500,"CD27",1000,"no_detected_multimodality","neither test rejects in any seed",3,0,0,0,0.998214883862391,0.144072036018009
"flowsom_consensus_k62_seed1",16,22500,"CD27",5000,"ambiguous","discordant_tests;seed_instability",3,0,0,1,1,0.0356087134476329
"flowsom_consensus_k62_seed1",16,22500,"CD45RA",1000,"ambiguous","discordant_tests;seed_instability",3,0,0,2,0.123882062336292,0
"flowsom_consensus_k62_seed1",16,22500,"CD45RA",5000,"detected_multimodality","both tests reject in at least two seeds",3,2,2,3,0.000301529110312837,0
"flowsom_consensus_k62_seed1",16,22500,"CD56",1000,"detected_multimodality","both tests reject in at least two seeds",3,3,3,3,4.1085332476154e-06,0
"flowsom_consensus_k62_seed1",16,22500,"CD56",5000,"detected_multimodality","both tests reject in at least two seeds",3,3,3,3,0,0
"flowsom_consensus_k62_seed1",16,22500,"CD7",1000,"detected_multimodality","both tests reject in at least two seeds",3,2,2,3,0.000909814063421832,0
"flowsom_consensus_k62_seed1",16,22500,"CD7",5000,"detected_multimodality","both tests reject in at least two seeds",3,3,3,3,0,0
"flowsom_consensus_k62_seed1",16,22500,"FoxP3",1000,"detected_multimodality","both tests reject in at least two seeds",3,3,3,3,0,0
"flowsom_consensus_k62_seed1",16,22500,"FoxP3",5000,"detected_multimodality","both tests reject in at least two seeds",3,3,3,3,0,0
"flowsom_consensus_k62_seed1",17,132476,"CD159c_NKG2C",1000,"ambiguous","discordant_tests",3,0,0,3,0.737643834682413,0
"flowsom_consensus_k62_seed1",17,132476,"CD159c_NKG2C",5000,"detected_multimodality","both tests reject in at least two seeds",3,3,3,3,0,0
"flowsom_consensus_k62_seed1",17,132476,"CD25",1000,"no_detected_multimodality","neither test rejects in any seed",3,0,0,0,1,0.981990995497749
"flowsom_consensus_k62_seed1",17,132476,"CD25",5000,"no_detected_multimodality","neither test rejects in any seed",3,0,0,0,1,0.931965982991496
"flowsom_consensus_k62_seed1",17,132476,"FoxP3",1000,"no_detected_multimodality","neither test rejects in any seed",3,0,0,0,1,0.981990995497749
"flowsom_consensus_k62_seed1",17,132476,"FoxP3",5000,"no_detected_multimodality","neither test rejects in any seed",3,0,0,0,1,0.854448963612241
"flowsom_consensus_k62_seed1",18,28208,"CD56",1000,"no_detected_multimodality","neither test rejects in any seed",3,0,0,0,0.998573506861906,0.171085542771386
"flowsom_consensus_k62_seed1",18,28208,"CD56",5000,"detected_multimodality","both tests reject in at least two seeds",3,3,3,3,0.00040172074403888,0
"flowsom_consensus_k62_seed1",18,28208,"CD57",1000,"no_detected_multimodality","neither test rejects in any seed",3,0,0,0,0.998573506861906,0.172886443221611
"flowsom_consensus_k62_seed1",18,28208,"CD57",5000,"ambiguous","discordant_tests;seed_instability;borderline_q",3,0,0,1,0.610337998986653,0
"flowsom_consensus_k62_seed1",18,28208,"TCRgd_CD141",1000,"no_detected_multimodality","neither test rejects in any seed",3,0,0,0,0.998573506861906,0.175587793896948
"flowsom_consensus_k62_seed1",18,28208,"TCRgd_CD141",5000,"ambiguous","discordant_tests",3,0,0,3,0.206832621764106,0
"flowsom_consensus_k62_seed1",19,131251,"CD11c",1000,"no_detected_multimodality","neither test rejects in any seed",3,0,0,0,1,0.672881895493201
"flowsom_consensus_k62_seed1",19,131251,"CD11c",5000,"ambiguous","discordant_tests",3,0,0,3,0.487282772351311,0
"flowsom_consensus_k62_seed1",19,131251,"CD3",1000,"detected_multimodality","both tests reject in at least two seeds",3,3,3,3,0,0
"flowsom_consensus_k62_seed1",19,131251,"CD3",5000,"detected_multimodality","both tests reject in at least two seeds",3,3,3,3,0,0
"flowsom_consensus_k62_seed1",19,131251,"CD7",1000,"no_detected_multimodality","neither test rejects in any seed",3,0,0,0,1,0.11255627813907
"flowsom_consensus_k62_seed1",19,131251,"CD7",5000,"ambiguous","borderline_q",3,0,0,0,1,0.0720360180090045
"flowsom_consensus_k62_seed1",20,219490,"CD16",1000,"ambiguous","discordant_tests;seed_instability",3,0,0,1,1,0.0360180090045022
"flowsom_consensus_k62_seed1",20,219490,"CD16",5000,"ambiguous","discordant_tests",3,0,0,3,0.861500537922798,0
"flowsom_consensus_k62_seed1",20,219490,"CD161",1000,"no_detected_multimodality","neither test rejects in any seed",3,0,0,0,1,0.368059029514757
"flowsom_consensus_k62_seed1",20,219490,"CD161",5000,"no_detected_multimodality","neither test rejects in any seed",3,0,0,0,1,0.77663831915958
"flowsom_consensus_k62_seed1",20,219490,"CD3",1000,"detected_multimodality","both tests reject in at least two seeds",3,3,3,3,0,0
"flowsom_consensus_k62_seed1",20,219490,"CD3",5000,"detected_multimodality","both tests reject in at least two seeds",3,3,3,3,0,0
"flowsom_consensus_k62_seed1",20,219490,"CD303_TCRvd2",1000,"ambiguous","discordant_tests",3,0,0,3,0.586642251420642,0
"flowsom_consensus_k62_seed1",20,219490,"CD303_TCRvd2",5000,"detected_multimodality","both tests reject in at least two seeds",3,3,3,3,0,0
"flowsom_consensus_k62_seed1",20,219490,"CD45RA",1000,"no_detected_multimodality","neither test rejects in any seed",3,0,0,0,1,0.418709354677339
"flowsom_consensus_k62_seed1",20,219490,"CD45RA",5000,"ambiguous","discordant_tests;seed_instability",3,0,0,2,0.731103245500867,0
"flowsom_consensus_k62_seed1",20,219490,"CD57",1000,"no_detected_multimodality","neither test rejects in any seed",3,0,0,0,1,0.328664332166083
"flowsom_consensus_k62_seed1",20,219490,"CD57",5000,"ambiguous","discordant_tests;seed_instability",3,1,1,3,7.60887628138973e-05,0
"flowsom_consensus_k62_seed1",20,219490,"CD8",1000,"no_detected_multimodality","neither test rejects in any seed",3,0,0,0,1,0.879019509754878
"flowsom_consensus_k62_seed1",20,219490,"CD8",5000,"no_detected_multimodality","neither test rejects in any seed",3,0,0,0,1,0.926463231615808
"flowsom_consensus_k62_seed1",21,244991,"CD16",1000,"no_detected_multimodality","neither test rejects in any seed",3,0,0,0,1,0.815807903951976
"flowsom_consensus_k62_seed1",21,244991,"CD16",5000,"no_detected_multimodality","neither test rejects in any seed",3,0,0,0,1,0.476113056528264
"flowsom_consensus_k62_seed1",21,244991,"CD161",1000,"detected_multimodality","both tests reject in at least two seeds",3,3,3,3,0,0
"flowsom_consensus_k62_seed1",21,244991,"CD161",5000,"detected_multimodality","both tests reject in at least two seeds",3,3,3,3,0,0
"flowsom_consensus_k62_seed1",21,244991,"CD1c",1000,"no_detected_multimodality","neither test rejects in any seed",3,0,0,0,1,0.931215607803902
"flowsom_consensus_k62_seed1",21,244991,"CD1c",5000,"no_detected_multimodality","neither test rejects in any seed",3,0,0,0,1,0.706210247981133
"flowsom_consensus_k62_seed1",21,244991,"CD21",1000,"no_detected_multimodality","neither test rejects in any seed",3,0,0,0,1,0.912831415707854
"flowsom_consensus_k62_seed1",21,244991,"CD21",5000,"no_detected_multimodality","neither test rejects in any seed",3,0,0,0,1,0.688844422211106
"flowsom_consensus_k62_seed1",21,244991,"CD27",1000,"detected_multimodality","both tests reject in at least two seeds",3,3,3,3,0,0
"flowsom_consensus_k62_seed1",21,244991,"CD27",5000,"detected_multimodality","both tests reject in at least two seeds",3,3,3,3,0,0
"flowsom_consensus_k62_seed1",22,90032,"CD19",1000,"no_detected_multimodality","neither test rejects in any seed",3,0,0,0,1,0.135067533766883
"flowsom_consensus_k62_seed1",22,90032,"CD19",5000,"no_detected_multimodality","neither test rejects in any seed",3,0,0,0,1,0.425462731365683
"flowsom_consensus_k62_seed1",22,90032,"CD38",1000,"no_detected_multimodality","neither test rejects in any seed",3,0,0,0,1,0.957853926963482
"flowsom_consensus_k62_seed1",22,90032,"CD38",5000,"no_detected_multimodality","neither test rejects in any seed",3,0,0,0,1,0.764819909954978
"flowsom_consensus_k62_seed1",22,90032,"CD57",1000,"no_detected_multimodality","neither test rejects in any seed",3,0,0,0,1,0.6024012006003
"flowsom_consensus_k62_seed1",22,90032,"CD57",5000,"ambiguous","discordant_tests;seed_instability",3,0,0,1,1,0
"flowsom_consensus_k62_seed1",23,122981,"CD161",1000,"ambiguous","discordant_tests;seed_instability;borderline_q",3,0,0,2,0.118346011387143,0
"flowsom_consensus_k62_seed1",23,122981,"CD161",5000,"detected_multimodality","both tests reject in at least two seeds",3,2,2,3,7.38364655901713e-05,0
"flowsom_consensus_k62_seed1",23,122981,"CD185_CXCR5",1000,"no_detected_multimodality","neither test rejects in any seed",3,0,0,0,0.999229961284708,0.274762381190595
"flowsom_consensus_k62_seed1",23,122981,"CD185_CXCR5",5000,"ambiguous","discordant_tests",3,0,0,3,1,0
"flowsom_consensus_k62_seed1",23,122981,"CD3",1000,"no_detected_multimodality","neither test rejects in any seed",3,0,0,0,0.999229961284708,0.214607303651826
"flowsom_consensus_k62_seed1",23,122981,"CD3",5000,"no_detected_multimodality","neither test rejects in any seed",3,0,0,0,1,0.55927963981991
"flowsom_consensus_k62_seed1",23,122981,"CD38",1000,"detected_multimodality","both tests reject in at least two seeds",3,2,2,3,0.000933023449410153,0
"flowsom_consensus_k62_seed1",23,122981,"CD38",5000,"detected_multimodality","both tests reject in at least two seeds",3,3,3,3,0,0
"flowsom_consensus_k62_seed1",23,122981,"CD45RA",1000,"no_detected_multimodality","neither test rejects in any seed",3,0,0,0,0.999229961284708,0.236284809071202
"flowsom_consensus_k62_seed1",23,122981,"CD45RA",5000,"ambiguous","discordant_tests",3,0,0,3,0.231293648191322,0
"flowsom_consensus_k62_seed1",23,122981,"CD7",1000,"ambiguous","discordant_tests;seed_instability",3,1,1,3,0.0252812041740249,0
"flowsom_consensus_k62_seed1",23,122981,"CD7",5000,"detected_multimodality","both tests reject in at least two seeds",3,3,3,3,0,0
"flowsom_consensus_k62_seed1",23,122981,"FoxP3",1000,"detected_multimodality","both tests reject in at least two seeds",3,3,3,3,0,0
"flowsom_consensus_k62_seed1",23,122981,"FoxP3",5000,"detected_multimodality","both tests reject in at least two seeds",3,3,3,3,0,0
"flowsom_consensus_k62_seed1",23,122981,"HLA-DR",1000,"no_detected_multimodality","neither test rejects in any seed",3,0,0,0,0.999229961284708,0.751638977383429
"flowsom_consensus_k62_seed1",23,122981,"HLA-DR",5000,"no_detected_multimodality","neither test rejects in any seed",3,0,0,0,1,0.774269487685019
"flowsom_consensus_k62_seed1",23,122981,"Tbet",1000,"ambiguous","discordant_tests;seed_instability",3,0,0,1,0.999229961284708,0.0416208104052026
"flowsom_consensus_k62_seed1",23,122981,"Tbet",5000,"no_detected_multimodality","neither test rejects in any seed",3,0,0,0,1,0.72576288144072
"flowsom_consensus_k62_seed1",24,11368,"CD159c_NKG2C",1000,"ambiguous","discordant_tests;seed_instability",3,1,1,3,0.0139696446923808,0
"flowsom_consensus_k62_seed1",24,11368,"CD159c_NKG2C",5000,"detected_multimodality","both tests reject in at least two seeds",3,3,3,3,0,0
"flowsom_consensus_k62_seed1",24,11368,"CD197_CCR7",1000,"no_detected_multimodality","neither test rejects in any seed",3,0,0,0,0.997675833210953,0.873718109054527
"flowsom_consensus_k62_seed1",24,11368,"CD197_CCR7",5000,"no_detected_multimodality","neither test rejects in any seed",3,0,0,0,1,0.457878939469735
"flowsom_consensus_k62_seed1",24,11368,"CD21",1000,"no_detected_multimodality","neither test rejects in any seed",3,0,0,0,0.997675833210953,0.63144072036018
"flowsom_consensus_k62_seed1",24,11368,"CD21",5000,"no_detected_multimodality","neither test rejects in any seed",3,0,0,0,1,0.141820910455228
"flowsom_consensus_k62_seed1",24,11368,"CD3",1000,"detected_multimodality","both tests reject in at least two seeds",3,3,3,3,0,0
"flowsom_consensus_k62_seed1",24,11368,"CD3",5000,"detected_multimodality","both tests reject in at least two seeds",3,3,3,3,0,0
"flowsom_consensus_k62_seed1",24,11368,"CD38",1000,"no_detected_multimodality","neither test rejects in any seed",3,0,0,0,0.997675833210953,0.297148574287144
"flowsom_consensus_k62_seed1",24,11368,"CD38",5000,"ambiguous","discordant_tests",3,0,0,3,0.251970114693871,0
"flowsom_consensus_k62_seed1",24,11368,"CD56",1000,"no_detected_multimodality","neither test rejects in any seed",3,0,0,0,0.997675833210953,0.702351175587794
"flowsom_consensus_k62_seed1",24,11368,"CD56",5000,"ambiguous","discordant_tests",3,0,0,3,0.420979584842521,0
"flowsom_consensus_k62_seed1",24,11368,"CD7",1000,"no_detected_multimodality","neither test rejects in any seed",3,0,0,0,0.997675833210953,0.90607803901951
"flowsom_consensus_k62_seed1",24,11368,"CD7",5000,"no_detected_multimodality","neither test rejects in any seed",3,0,0,0,1,0.457878939469735
"flowsom_consensus_k62_seed1",25,84036,"CD127",1000,"ambiguous","discordant_tests;borderline_q",3,0,0,3,0.057195561499393,0
"flowsom_consensus_k62_seed1",25,84036,"CD127",5000,"detected_multimodality","both tests reject in at least two seeds",3,3,3,3,0,0
"flowsom_consensus_k62_seed1",25,84036,"CD159c_NKG2C",1000,"ambiguous","discordant_tests;seed_instability",3,0,0,1,0.500127410693323,0
"flowsom_consensus_k62_seed1",25,84036,"CD159c_NKG2C",5000,"no_detected_multimodality","neither test rejects in any seed",3,0,0,0,0.999770994982829,0.600085757164296
"flowsom_consensus_k62_seed1",25,84036,"CD161",1000,"ambiguous","discordant_tests;seed_instability",3,1,1,3,0.00161535220701614,0
"flowsom_consensus_k62_seed1",25,84036,"CD161",5000,"detected_multimodality","both tests reject in at least two seeds",3,3,3,3,0,0
"flowsom_consensus_k62_seed1",25,84036,"CD25",1000,"no_detected_multimodality","neither test rejects in any seed",3,0,0,0,0.997863363950361,0.105802901450725
"flowsom_consensus_k62_seed1",25,84036,"CD25",5000,"no_detected_multimodality","neither test rejects in any seed",3,0,0,0,0.999770994982829,0.794968913027943
"flowsom_consensus_k62_seed1",25,84036,"CD27",1000,"detected_multimodality","both tests reject in at least two seeds",3,3,3,3,0,0
"flowsom_consensus_k62_seed1",25,84036,"CD27",5000,"detected_multimodality","both tests reject in at least two seeds",3,3,3,3,0,0
"flowsom_consensus_k62_seed1",25,84036,"CD303_TCRvd2",1000,"detected_multimodality","both tests reject in at least two seeds",3,3,3,3,0,0
"flowsom_consensus_k62_seed1",25,84036,"CD303_TCRvd2",5000,"detected_multimodality","both tests reject in at least two seeds",3,3,3,3,0,0
"flowsom_consensus_k62_seed1",25,84036,"Tbet",1000,"ambiguous","discordant_tests;seed_instability",3,0,0,1,0.500127410693323,0.032802115343386
"flowsom_consensus_k62_seed1",25,84036,"Tbet",5000,"ambiguous","borderline_q",3,0,0,0,0.999770994982829,0.092296148074037
"flowsom_consensus_k62_seed1",25,84036,"TCRgd_CD141",1000,"detected_multimodality","both tests reject in at least two seeds",3,3,3,3,0,0
"flowsom_consensus_k62_seed1",25,84036,"TCRgd_CD141",5000,"detected_multimodality","both tests reject in at least two seeds",3,3,3,3,0,0
"flowsom_consensus_k62_seed1",26,724975,"CD11c",1000,"no_detected_multimodality","neither test rejects in any seed",3,0,0,0,1,0.293771885942971
"flowsom_consensus_k62_seed1",26,724975,"CD11c",5000,"ambiguous","discordant_tests",3,0,0,3,0.222335729635127,0
"flowsom_consensus_k62_seed1",26,724975,"CD159c_NKG2C",1000,"no_detected_multimodality","neither test rejects in any seed",3,0,0,0,1,0.747373686843422
"flowsom_consensus_k62_seed1",26,724975,"CD159c_NKG2C",5000,"ambiguous","discordant_tests;seed_instability",3,0,0,2,0.529974794886361,0
"flowsom_consensus_k62_seed1",26,724975,"CD16",1000,"ambiguous","discordant_tests;seed_instability;borderline_q",3,1,1,3,0.00786702701648123,0
"flowsom_consensus_k62_seed1",26,724975,"CD16",5000,"detected_multimodality","both tests reject in at least two seeds",3,3,3,3,0,0
"flowsom_consensus_k62_seed1",26,724975,"CD185_CXCR5",1000,"ambiguous","discordant_tests;seed_instability",3,0,0,1,1,0.0351175587793897
"flowsom_consensus_k62_seed1",26,724975,"CD185_CXCR5",5000,"detected_multimodality","both tests reject in at least two seeds",3,2,2,3,0.0283194869490137,0
"flowsom_consensus_k62_seed1",26,724975,"CD19",1000,"no_detected_multimodality","neither test rejects in any seed",3,0,0,0,1,0.747373686843422
"flowsom_consensus_k62_seed1",26,724975,"CD19",5000,"no_detected_multimodality","neither test rejects in any seed",3,0,0,0,0.999392238291823,0.549917816050883
"flowsom_consensus_k62_seed1",26,724975,"CD21",1000,"ambiguous","discordant_tests",3,0,0,3,1,0
"flowsom_consensus_k62_seed1",26,724975,"CD21",5000,"detected_multimodality","both tests reject in at least two seeds",3,3,3,3,0,0
"flowsom_consensus_k62_seed1",26,724975,"CD3",1000,"no_detected_multimodality","neither test rejects in any seed",3,0,0,0,1,0.699649824912456
"flowsom_consensus_k62_seed1",26,724975,"CD3",5000,"ambiguous","discordant_tests;seed_instability",3,0,0,2,0.418011716126333,0
"flowsom_consensus_k62_seed1",26,724975,"CD38",1000,"ambiguous","discordant_tests;seed_instability",3,0,0,1,1,0.00900450225112556
"flowsom_consensus_k62_seed1",26,724975,"CD38",5000,"detected_multimodality","both tests reject in at least two seeds",3,2,2,3,0.000183840653573353,0
"flowsom_consensus_k62_seed1",26,724975,"CD4",1000,"no_detected_multimodality","neither test rejects in any seed",3,0,0,0,1,0.114807403701851
"flowsom_consensus_k62_seed1",26,724975,"CD4",5000,"no_detected_multimodality","neither test rejects in any seed",3,0,0,0,0.999392238291823,0.210198849424712
"flowsom_consensus_k62_seed1",26,724975,"CD45RA",1000,"ambiguous","discordant_tests;seed_instability",3,0,0,2,1,0.0202601300650325
"flowsom_consensus_k62_seed1",26,724975,"CD45RA",5000,"detected_multimodality","both tests reject in at least two seeds",3,2,2,3,0.000212356521257506,0
"flowsom_consensus_k62_seed1",26,724975,"CD57",1000,"no_detected_multimodality","neither test rejects in any seed",3,0,0,0,1,0.882666333166583
"flowsom_consensus_k62_seed1",26,724975,"CD57",5000,"no_detected_multimodality","neither test rejects in any seed",3,0,0,0,0.999392238291823,0.115421347037155
"flowsom_consensus_k62_seed1",27,173141,"CD11c",1000,"no_detected_multimodality","neither test rejects in any seed",3,0,0,0,1,0.351175587793897
"flowsom_consensus_k62_seed1",27,173141,"CD11c",5000,"ambiguous","discordant_tests;seed_instability;borderline_q",3,0,0,1,0.660726600936,0.00337668834417209
"flowsom_consensus_k62_seed1",27,173141,"CD16",1000,"no_detected_multimodality","neither test rejects in any seed",3,0,0,0,1,0.59879939969985
"flowsom_consensus_k62_seed1",27,173141,"CD16",5000,"no_detected_multimodality","neither test rejects in any seed",3,0,0,0,1,0.85508138684727
"flowsom_consensus_k62_seed1",27,173141,"CD161",1000,"ambiguous","discordant_tests;seed_instability",3,0,0,1,1,0.0270135067533767
"flowsom_consensus_k62_seed1",27,173141,"CD161",5000,"detected_multimodality","both tests reject in at least two seeds",3,3,3,3,9.50780441662524e-05,0
"flowsom_consensus_k62_seed1",27,173141,"CD56",1000,"no_detected_multimodality","neither test rejects in any seed",3,0,0,0,1,0.346673336668334
"flowsom_consensus_k62_seed1",27,173141,"CD56",5000,"ambiguous","discordant_tests;borderline_q",3,0,0,3,0.0804034681081408,0
"flowsom_consensus_k62_seed1",27,173141,"CD7",1000,"no_detected_multimodality","neither test rejects in any seed",3,0,0,0,1,0.577413706853427
"flowsom_consensus_k62_seed1",27,173141,"CD7",5000,"no_detected_multimodality","neither test rejects in any seed",3,0,0,0,1,0.387193596798399
"flowsom_consensus_k62_seed1",27,173141,"Tbet",1000,"ambiguous","discordant_tests;seed_instability;borderline_q",3,0,0,1,1,0
"flowsom_consensus_k62_seed1",27,173141,"Tbet",5000,"detected_multimodality","both tests reject in at least two seeds",3,3,3,3,9.50780441662524e-05,0
"flowsom_consensus_k62_seed1",27,173141,"TCRgd_CD141",1000,"no_detected_multimodality","neither test rejects in any seed",3,0,0,0,1,0.945472736368184
"flowsom_consensus_k62_seed1",27,173141,"TCRgd_CD141",5000,"no_detected_multimodality","neither test rejects in any seed",3,0,0,0,1,0.691095547773887
"flowsom_consensus_k62_seed1",28,241701,"CD11c",1000,"no_detected_multimodality","neither test rejects in any seed",3,0,0,0,0.99874236670423,0.369184592296148
"flowsom_consensus_k62_seed1",28,241701,"CD11c",5000,"ambiguous","discordant_tests;seed_instability",3,0,0,1,1,0.00675337668834417
"flowsom_consensus_k62_seed1",28,241701,"CD161",1000,"ambiguous","discordant_tests",3,0,0,3,0.648905506706003,0
"flowsom_consensus_k62_seed1",28,241701,"CD161",5000,"detected_multimodality","both tests reject in at least two seeds",3,3,3,3,7.6294885639705e-05,0
"flowsom_consensus_k62_seed1",28,241701,"CD38",1000,"ambiguous","discordant_tests;seed_instability",3,1,1,2,0.000182469944123409,0
"flowsom_consensus_k62_seed1",28,241701,"CD38",5000,"detected_multimodality","both tests reject in at least two seeds",3,3,3,3,0,0
"flowsom_consensus_k62_seed1",29,105074,"CD11c",1000,"ambiguous","discordant_tests;seed_instability",3,0,0,2,0.477621268363454,0
"flowsom_consensus_k62_seed1",29,105074,"CD11c",5000,"detected_multimodality","both tests reject in at least two seeds",3,2,2,3,0.00110985565670196,0
"flowsom_consensus_k62_seed1",29,105074,"CD159c_NKG2C",1000,"ambiguous","discordant_tests",3,0,0,3,0.273352368050786,0
"flowsom_consensus_k62_seed1",29,105074,"CD159c_NKG2C",5000,"detected_multimodality","both tests reject in at least two seeds",3,3,3,3,0,0
"flowsom_consensus_k62_seed1",29,105074,"CD161",1000,"no_detected_multimodality","neither test rejects in any seed",3,0,0,0,0.998196282048207,0.814187093546773
"flowsom_consensus_k62_seed1",29,105074,"CD161",5000,"no_detected_multimodality","neither test rejects in any seed",3,0,0,0,1,0.636505752876438
"flowsom_consensus_k62_seed1",29,105074,"CD3",1000,"ambiguous","discordant_tests",3,0,0,3,0.513607703455255,0
"flowsom_consensus_k62_seed1",29,105074,"CD3",5000,"detected_multimodality","both tests reject in at least two seeds",3,3,3,3,0.000768122685763983,0
"flowsom_consensus_k62_seed1",29,105074,"CD303_TCRvd2",1000,"no_detected_multimodality","neither test rejects in any seed",3,0,0,0,0.998196282048207,0.814187093546773
"flowsom_consensus_k62_seed1",29,105074,"CD303_TCRvd2",5000,"no_detected_multimodality","neither test rejects in any seed",3,0,0,0,1,0.229614807403702
"flowsom_consensus_k62_seed1",29,105074,"CD56",1000,"no_detected_multimodality","neither test rejects in any seed",3,0,0,0,0.998196282048207,0.492996498249125
"flowsom_consensus_k62_seed1",29,105074,"CD56",5000,"no_detected_multimodality","neither test rejects in any seed",3,0,0,0,1,0.312906453226613
"flowsom_consensus_k62_seed1",29,105074,"CD57",1000,"detected_multimodality","both tests reject in at least two seeds",3,2,2,3,0.00055527478812889,0
"flowsom_consensus_k62_seed1",29,105074,"CD57",5000,"detected_multimodality","both tests reject in at least two seeds",3,3,3,3,0,0
"flowsom_consensus_k62_seed1",29,105074,"CD7",1000,"no_detected_multimodality","neither test rejects in any seed",3,0,0,0,0.998196282048207,0.814187093546773
"flowsom_consensus_k62_seed1",29,105074,"CD7",5000,"no_detected_multimodality","neither test rejects in any seed",3,0,0,0,1,0.474087043521761
"flowsom_consensus_k62_seed1",29,105074,"CD8",1000,"no_detected_multimodality","neither test rejects in any seed",3,0,0,0,0.998196282048207,0.814187093546773
"flowsom_consensus_k62_seed1",29,105074,"CD8",5000,"no_detected_multimodality","neither test rejects in any seed",3,0,0,0,1,0.2489101693704
"flowsom_consensus_k62_seed1",30,28772,"CD11c",1000,"ambiguous","discordant_tests;seed_instability;borderline_q",3,0,0,1,0.998608672913266,0.00675337668834417
"flowsom_consensus_k62_seed1",30,28772,"CD11c",5000,"ambiguous","discordant_tests;seed_instability;borderline_q",3,1,1,2,0.0212558834758738,0
"flowsom_consensus_k62_seed1",30,28772,"CD159c_NKG2C",1000,"ambiguous","discordant_tests;seed_instability;borderline_q",3,0,0,2,0.998608672913266,0.0135067533766883
"flowsom_consensus_k62_seed1",30,28772,"CD159c_NKG2C",5000,"detected_multimodality","both tests reject in at least two seeds",3,3,3,3,0.000111042953363394,0
"flowsom_consensus_k62_seed1",30,28772,"CD3",1000,"ambiguous","discordant_tests;seed_instability",3,0,0,1,0.998608672913266,0.00675337668834417
"flowsom_consensus_k62_seed1",30,28772,"CD3",5000,"detected_multimodality","both tests reject in at least two seeds",3,3,3,3,0.00454665714323443,0
"flowsom_consensus_k62_seed1",30,28772,"CD56",1000,"no_detected_multimodality","neither test rejects in any seed",3,0,0,0,0.998608672913266,0.231865932966483
"flowsom_consensus_k62_seed1",30,28772,"CD56",5000,"detected_multimodality","both tests reject in at least two seeds",3,3,3,3,0.00454665714323443,0
"flowsom_consensus_k62_seed1",30,28772,"CD57",1000,"ambiguous","borderline_q",3,0,0,0,0.998608672913266,0.0720360180090045
"flowsom_consensus_k62_seed1",30,28772,"CD57",5000,"ambiguous","discordant_tests;seed_instability",3,0,0,2,0.329376242850831,0.00270135067533767
"flowsom_consensus_k62_seed1",31,32398,"CD11c",1000,"no_detected_multimodality","neither test rejects in any seed",3,0,0,0,1,0.1451975987994
"flowsom_consensus_k62_seed1",31,32398,"CD11c",5000,"ambiguous","discordant_tests;seed_instability;borderline_q",3,0,0,1,1,0.0247623811905953
"flowsom_consensus_k62_seed1",31,32398,"CD197_CCR7",1000,"ambiguous","discordant_tests;seed_instability",3,0,0,1,0.547184537970006,0
"flowsom_consensus_k62_seed1",31,32398,"CD197_CCR7",5000,"ambiguous","discordant_tests;seed_instability;borderline_q",3,0,0,1,1,0.00540270135067534
"flowsom_consensus_k62_seed1",31,32398,"CD303_TCRvd2",1000,"detected_multimodality","both tests reject in at least two seeds",3,3,3,3,0,0
"flowsom_consensus_k62_seed1",31,32398,"CD303_TCRvd2",5000,"detected_multimodality","both tests reject in at least two seeds",3,3,3,3,0,0
"flowsom_consensus_k62_seed1",31,32398,"CD4",1000,"no_detected_multimodality","neither test rejects in any seed",3,0,0,0,1,0.22623811905953
"flowsom_consensus_k62_seed1",31,32398,"CD4",5000,"detected_multimodality","both tests reject in at least two seeds",3,3,3,3,0.00917208133718148,0
"flowsom_consensus_k62_seed1",31,32398,"CD45RA",1000,"no_detected_multimodality","neither test rejects in any seed",3,0,0,0,1,0.22623811905953
"flowsom_consensus_k62_seed1",31,32398,"CD45RA",5000,"ambiguous","borderline_q",3,0,0,0,1,0.0962356178089045
"flowsom_consensus_k62_seed1",31,32398,"CD57",1000,"ambiguous","discordant_tests",3,0,0,3,0.115931223575077,0
"flowsom_consensus_k62_seed1",31,32398,"CD57",5000,"detected_multimodality","both tests reject in at least two seeds",3,3,3,3,0,0
"flowsom_consensus_k62_seed1",31,32398,"Tbet",1000,"no_detected_multimodality","neither test rejects in any seed",3,0,0,0,1,0.799149574787394
"flowsom_consensus_k62_seed1",31,32398,"Tbet",5000,"ambiguous","borderline_q",3,0,0,0,1,0.0709104552276138
"flowsom_consensus_k62_seed1",31,32398,"TCRgd_CD141",1000,"ambiguous","discordant_tests;seed_instability",3,1,1,3,0.0023597233415783,0
"flowsom_consensus_k62_seed1",31,32398,"TCRgd_CD141",5000,"detected_multimodality","both tests reject in at least two seeds",3,3,3,3,0,0
"flowsom_consensus_k62_seed1",32,163100,"CD127",1000,"no_detected_multimodality","neither test rejects in any seed",3,0,0,0,0.998800588673438,0.145872936468234
"flowsom_consensus_k62_seed1",32,163100,"CD127",5000,"no_detected_multimodality","neither test rejects in any seed",3,0,0,0,1,0.110755377688844
"flowsom_consensus_k62_seed1",32,163100,"CD161",1000,"ambiguous","discordant_tests;seed_instability;borderline_q",3,0,0,1,0.998800588673438,0
"flowsom_consensus_k62_seed1",32,163100,"CD161",5000,"ambiguous","discordant_tests;seed_instability",3,1,1,3,0.0173793979187593,0
"flowsom_consensus_k62_seed1",32,163100,"CD27",1000,"ambiguous","discordant_tests;seed_instability",3,0,0,1,0.127048038602514,0.00450225112556278
"flowsom_consensus_k62_seed1",32,163100,"CD27",5000,"detected_multimodality","both tests reject in at least two seeds",3,2,2,3,0.00127146651700716,0
"flowsom_consensus_k62_seed1",32,163100,"CD303_TCRvd2",1000,"detected_multimodality","both tests reject in at least two seeds",3,3,3,3,0,0
"flowsom_consensus_k62_seed1",32,163100,"CD303_TCRvd2",5000,"detected_multimodality","both tests reject in at least two seeds",3,3,3,3,0,0
"flowsom_consensus_k62_seed1",32,163100,"CD4",1000,"no_detected_multimodality","neither test rejects in any seed",3,0,0,0,0.998800588673438,0.740941899521189
"flowsom_consensus_k62_seed1",32,163100,"CD4",5000,"no_detected_multimodality","neither test rejects in any seed",3,0,0,0,1,0.265632816408204
"flowsom_consensus_k62_seed1",32,163100,"CD7",1000,"no_detected_multimodality","neither test rejects in any seed",3,0,0,0,0.998800588673438,0.563424569427571
"flowsom_consensus_k62_seed1",32,163100,"CD7",5000,"no_detected_multimodality","neither test rejects in any seed",3,0,0,0,1,0.279958160898631
"flowsom_consensus_k62_seed1",32,163100,"TCRgd_CD141",1000,"detected_multimodality","both tests reject in at least two seeds",3,2,2,3,0.000137536809269534,0
"flowsom_consensus_k62_seed1",32,163100,"TCRgd_CD141",5000,"detected_multimodality","both tests reject in at least two seeds",3,3,3,3,0,0
"flowsom_consensus_k62_seed1",33,9546,"CD127",1000,"no_detected_multimodality","neither test rejects in any seed",3,0,0,0,0.998169197905131,0.928464232116058
"flowsom_consensus_k62_seed1",33,9546,"CD127",5000,"no_detected_multimodality","neither test rejects in any seed",3,0,0,0,1,0.795670562554004
"flowsom_consensus_k62_seed1",33,9546,"CD16",1000,"no_detected_multimodality","neither test rejects in any seed",3,0,0,0,0.998169197905131,0.675337668834417
"flowsom_consensus_k62_seed1",33,9546,"CD16",5000,"no_detected_multimodality","neither test rejects in any seed",3,0,0,0,1,0.246123061530765
"flowsom_consensus_k62_seed1",33,9546,"CD1c",1000,"no_detected_multimodality","neither test rejects in any seed",3,0,0,0,0.998169197905131,0.928026513256628
"flowsom_consensus_k62_seed1",33,9546,"CD1c",5000,"no_detected_multimodality","neither test rejects in any seed",3,0,0,0,1,0.73931702693452
"flowsom_consensus_k62_seed1",33,9546,"CD21",1000,"no_detected_multimodality","neither test rejects in any seed",3,0,0,0,0.998169197905131,0.889062178147897
"flowsom_consensus_k62_seed1",33,9546,"CD21",5000,"no_detected_multimodality","neither test rejects in any seed",3,0,0,0,1,0.795670562554004
"flowsom_consensus_k62_seed1",33,9546,"CD25",1000,"no_detected_multimodality","neither test rejects in any seed",3,0,0,0,0.998169197905131,0.928026513256628
"flowsom_consensus_k62_seed1",33,9546,"CD25",5000,"ambiguous","borderline_q",3,0,0,0,1,0.0652826413206603
"flowsom_consensus_k62_seed1",33,9546,"CD294_CRTH2",1000,"no_detected_multimodality","neither test rejects in any seed",3,0,0,0,0.998169197905131,0.139569784892446
"flowsom_consensus_k62_seed1",33,9546,"CD294_CRTH2",5000,"no_detected_multimodality","neither test rejects in any seed",3,0,0,0,1,0.364682341170585
"flowsom_consensus_k62_seed1",33,9546,"CD303_TCRvd2",1000,"no_detected_multimodality","neither test rejects in any seed",3,0,0,0,0.998169197905131,0.889062178147897
"flowsom_consensus_k62_seed1",33,9546,"CD303_TCRvd2",5000,"no_detected_multimodality","neither test rejects in any seed",3,0,0,0,1,0.407453726863432
"flowsom_consensus_k62_seed1",33,9546,"CD56",1000,"ambiguous","discordant_tests;seed_instability",3,1,1,3,0.000381689555484011,0
"flowsom_consensus_k62_seed1",33,9546,"CD56",5000,"detected_multimodality","both tests reject in at least two seeds",3,3,3,3,0,0
"flowsom_consensus_k62_seed1",33,9546,"CD57",1000,"detected_multimodality","both tests reject in at least two seeds",3,3,3,3,0,0
"flowsom_consensus_k62_seed1",33,9546,"CD57",5000,"detected_multimodality","both tests reject in at least two seeds",3,3,3,3,0,0
"flowsom_consensus_k62_seed1",33,9546,"HLA-DR",1000,"no_detected_multimodality","neither test rejects in any seed",3,0,0,0,0.998169197905131,0.928026513256628
"flowsom_consensus_k62_seed1",33,9546,"HLA-DR",5000,"no_detected_multimodality","neither test rejects in any seed",3,0,0,0,1,0.73931702693452
"flowsom_consensus_k62_seed1",34,557542,"CD127",1000,"no_detected_multimodality","neither test rejects in any seed",3,0,0,0,1,0.202601300650325
"flowsom_consensus_k62_seed1",34,557542,"CD127",5000,"ambiguous","discordant_tests;seed_instability",3,1,1,2,0.0261215939692351,0
"flowsom_consensus_k62_seed1",34,557542,"CD27",1000,"detected_multimodality","both tests reject in at least two seeds",3,2,2,3,0.000813420688143551,0
"flowsom_consensus_k62_seed1",34,557542,"CD27",5000,"detected_multimodality","both tests reject in at least two seeds",3,3,3,3,0,0
"flowsom_consensus_k62_seed1",34,557542,"CD3",1000,"no_detected_multimodality","neither test rejects in any seed",3,0,0,0,1,0.277638819409705
"flowsom_consensus_k62_seed1",34,557542,"CD3",5000,"ambiguous","discordant_tests;seed_instability",3,0,0,1,1,0.0432216108054027
"flowsom_consensus_k62_seed1",34,557542,"CD303_TCRvd2",1000,"detected_multimodality","both tests reject in at least two seeds",3,3,3,3,0,0
"flowsom_consensus_k62_seed1",34,557542,"CD303_TCRvd2",5000,"detected_multimodality","both tests reject in at least two seeds",3,3,3,3,0,0
"flowsom_consensus_k62_seed1",34,557542,"TCRgd_CD141",1000,"detected_multimodality","both tests reject in at least two seeds",3,2,2,3,0,0
"flowsom_consensus_k62_seed1",34,557542,"TCRgd_CD141",5000,"detected_multimodality","both tests reject in at least two seeds",3,3,3,3,0,0
"flowsom_consensus_k62_seed1",35,287685,"CD14",1000,"no_detected_multimodality","neither test rejects in any seed",3,0,0,0,1,0.297148574287144
"flowsom_consensus_k62_seed1",35,287685,"CD14",5000,"no_detected_multimodality","neither test rejects in any seed",3,0,0,0,1,0.276888444222111
"flowsom_consensus_k62_seed1",35,287685,"CD159c_NKG2C",1000,"no_detected_multimodality","neither test rejects in any seed",3,0,0,0,1,0.9479285097094
"flowsom_consensus_k62_seed1",35,287685,"CD159c_NKG2C",5000,"no_detected_multimodality","neither test rejects in any seed",3,0,0,0,1,0.93027763881941
"flowsom_consensus_k62_seed1",35,287685,"CD161",1000,"ambiguous","discordant_tests;seed_instability",3,0,0,1,1,0
"flowsom_consensus_k62_seed1",35,287685,"CD161",5000,"detected_multimodality","both tests reject in at least two seeds",3,3,3,3,0,0
"flowsom_consensus_k62_seed1",35,287685,"CD27",1000,"detected_multimodality","both tests reject in at least two seeds",3,3,3,3,0,0
"flowsom_consensus_k62_seed1",35,287685,"CD27",5000,"detected_multimodality","both tests reject in at least two seeds",3,3,3,3,0,0
"flowsom_consensus_k62_seed1",35,287685,"CD45RA",1000,"no_detected_multimodality","neither test rejects in any seed",3,0,0,0,1,0.9479285097094
"flowsom_consensus_k62_seed1",35,287685,"CD45RA",5000,"no_detected_multimodality","neither test rejects in any seed",3,0,0,0,1,0.654627313656828
"flowsom_consensus_k62_seed1",35,287685,"Tbet",1000,"no_detected_multimodality","neither test rejects in any seed",3,0,0,0,1,0.9479285097094
"flowsom_consensus_k62_seed1",35,287685,"Tbet",5000,"no_detected_multimodality","neither test rejects in any seed",3,0,0,0,1,0.63793435179128
"flowsom_consensus_k62_seed1",35,287685,"TCRgd_CD141",1000,"no_detected_multimodality","neither test rejects in any seed",3,0,0,0,1,0.790145072536268
"flowsom_consensus_k62_seed1",35,287685,"TCRgd_CD141",5000,"no_detected_multimodality","neither test rejects in any seed",3,0,0,0,1,0.536893446723362
"flowsom_consensus_k62_seed1",36,3528,"CD11c",1000,"no_detected_multimodality","neither test rejects in any seed",3,0,0,0,0.999467418673755,0.225931147391878
"flowsom_consensus_k62_seed1",36,3528,"CD11c",5000,"detected_multimodality","both tests reject in at least two seeds",3,3,3,3,0.00893245646979909,0
"flowsom_consensus_k62_seed1",36,3528,"CD127",1000,"detected_multimodality","both tests reject in at least two seeds",3,3,3,3,0,0
"flowsom_consensus_k62_seed1",36,3528,"CD127",5000,"detected_multimodality","both tests reject in at least two seeds",3,3,3,3,0,0
"flowsom_consensus_k62_seed1",36,3528,"CD159c_NKG2C",1000,"detected_multimodality","both tests reject in at least two seeds",3,3,3,3,0,0
"flowsom_consensus_k62_seed1",36,3528,"CD159c_NKG2C",5000,"detected_multimodality","both tests reject in at least two seeds",3,3,3,3,0,0
"flowsom_consensus_k62_seed1",36,3528,"CD161",1000,"detected_multimodality","both tests reject in at least two seeds",3,3,3,3,0,0
"flowsom_consensus_k62_seed1",36,3528,"CD161",5000,"detected_multimodality","both tests reject in at least two seeds",3,3,3,3,0,0
"flowsom_consensus_k62_seed1",36,3528,"CD19",1000,"no_detected_multimodality","neither test rejects in any seed",3,0,0,0,0.999467418673755,0.395491863578848
"flowsom_consensus_k62_seed1",36,3528,"CD19",5000,"ambiguous","borderline_q",3,0,0,0,1,0.0851425712856428
"flowsom_consensus_k62_seed1",36,3528,"CD294_CRTH2",1000,"detected_multimodality","both tests reject in at least two seeds",3,3,3,3,0,0
"flowsom_consensus_k62_seed1",36,3528,"CD294_CRTH2",5000,"detected_multimodality","both tests reject in at least two seeds",3,3,3,3,0,0
"flowsom_consensus_k62_seed1",36,3528,"CD3",1000,"no_detected_multimodality","neither test rejects in any seed",3,0,0,0,0.999467418673755,0.187593796898449
"flowsom_consensus_k62_seed1",36,3528,"CD3",5000,"ambiguous","discordant_tests;borderline_q",3,0,0,3,0.0594847833691406,0
"flowsom_consensus_k62_seed1",36,3528,"CD56",1000,"detected_multimodality","both tests reject in at least two seeds",3,3,3,3,0,0
"flowsom_consensus_k62_seed1",36,3528,"CD56",5000,"detected_multimodality","both tests reject in at least two seeds",3,3,3,3,0,0
"flowsom_consensus_k62_seed1",36,3528,"CD57",1000,"no_detected_multimodality","neither test rejects in any seed",3,0,0,0,0.999467418673755,0.382691345672836
"flowsom_consensus_k62_seed1",36,3528,"CD57",5000,"ambiguous","discordant_tests",3,0,0,3,0.691752154705125,0
"flowsom_consensus_k62_seed1",36,3528,"CD7",1000,"no_detected_multimodality","neither test rejects in any seed",3,0,0,0,0.999467418673755,0.409467891840657
"flowsom_consensus_k62_seed1",36,3528,"CD7",5000,"ambiguous","discordant_tests",3,0,0,3,1,0.00767050191762548
"flowsom_consensus_k62_seed1",36,3528,"CD8",1000,"no_detected_multimodality","neither test rejects in any seed",3,0,0,0,0.999467418673755,0.295147573786893
"flowsom_consensus_k62_seed1",36,3528,"CD8",5000,"ambiguous","discordant_tests",3,0,0,3,0.18191733917728,0
"flowsom_consensus_k62_seed1",36,3528,"FoxP3",1000,"no_detected_multimodality","neither test rejects in any seed",3,0,0,0,0.999467418673755,0.225931147391878
"flowsom_consensus_k62_seed1",36,3528,"FoxP3",5000,"ambiguous","discordant_tests",3,0,0,3,0.550334335943453,0
"flowsom_consensus_k62_seed1",36,3528,"Tbet",1000,"no_detected_multimodality","neither test rejects in any seed",3,0,0,0,0.999467418673755,0.382691345672836
"flowsom_consensus_k62_seed1",36,3528,"Tbet",5000,"no_detected_multimodality","neither test rejects in any seed",3,0,0,0,1,0.303887237736515
"flowsom_consensus_k62_seed1",36,3528,"TCRgd_CD141",1000,"detected_multimodality","both tests reject in at least two seeds",3,3,3,3,0.00317021819708024,0
"flowsom_consensus_k62_seed1",36,3528,"TCRgd_CD141",5000,"detected_multimodality","both tests reject in at least two seeds",3,3,3,3,0,0
"flowsom_consensus_k62_seed1",37,726106,"CD16",1000,"no_detected_multimodality","neither test rejects in any seed",3,0,0,0,1,0.473861930965483
"flowsom_consensus_k62_seed1",37,726106,"CD16",5000,"no_detected_multimodality","neither test rejects in any seed",3,0,0,0,1,0.722932895018938
"flowsom_consensus_k62_seed1",37,726106,"CD25",1000,"no_detected_multimodality","neither test rejects in any seed",3,0,0,0,1,0.900040929555687
"flowsom_consensus_k62_seed1",37,726106,"CD25",5000,"no_detected_multimodality","neither test rejects in any seed",3,0,0,0,1,0.279589794897449
"flowsom_consensus_k62_seed1",37,726106,"CD27",1000,"detected_multimodality","both tests reject in at least two seeds",3,3,3,3,0,0
"flowsom_consensus_k62_seed1",37,726106,"CD27",5000,"detected_multimodality","both tests reject in at least two seeds",3,3,3,3,0,0
"flowsom_consensus_k62_seed1",37,726106,"CD3",1000,"ambiguous","discordant_tests;seed_instability",3,0,0,1,1,0.0101300650325163
"flowsom_consensus_k62_seed1",37,726106,"CD3",5000,"detected_multimodality","both tests reject in at least two seeds",3,3,3,3,0,0
"flowsom_consensus_k62_seed1",37,726106,"CD303_TCRvd2",1000,"ambiguous","discordant_tests;seed_instability",3,0,0,1,1,0
"flowsom_consensus_k62_seed1",37,726106,"CD303_TCRvd2",5000,"ambiguous","discordant_tests",3,0,0,3,0.130587135091163,0
"flowsom_consensus_k62_seed1",37,726106,"CD45RA",1000,"detected_multimodality","both tests reject in at least two seeds",3,3,3,3,0,0
"flowsom_consensus_k62_seed1",37,726106,"CD45RA",5000,"detected_multimodality","both tests reject in at least two seeds",3,3,3,3,0,0
"flowsom_consensus_k62_seed1",37,726106,"Tbet",1000,"detected_multimodality","both tests reject in at least two seeds",3,3,3,3,2.30486419310338e-05,0
"flowsom_consensus_k62_seed1",37,726106,"Tbet",5000,"detected_multimodality","both tests reject in at least two seeds",3,3,3,3,0,0
"flowsom_consensus_k62_seed1",37,726106,"TCRgd_CD141",1000,"no_detected_multimodality","neither test rejects in any seed",3,0,0,0,1,0.702351175587794
"flowsom_consensus_k62_seed1",37,726106,"TCRgd_CD141",5000,"no_detected_multimodality","neither test rejects in any seed",3,0,0,0,1,0.892526263131566
"flowsom_consensus_k62_seed1",38,23506,"CD11c",1000,"no_detected_multimodality","neither test rejects in any seed",3,0,0,0,0.998340147435713,0.270135067533767
"flowsom_consensus_k62_seed1",38,23506,"CD11c",5000,"no_detected_multimodality","neither test rejects in any seed",3,0,0,0,1,0.713606803401701
"flowsom_consensus_k62_seed1",38,23506,"CD127",1000,"no_detected_multimodality","neither test rejects in any seed",3,0,0,0,0.998340147435713,0.480454512970771
"flowsom_consensus_k62_seed1",38,23506,"CD127",5000,"ambiguous","discordant_tests",3,0,0,3,0.281965842192924,0
"flowsom_consensus_k62_seed1",38,23506,"CD161",1000,"detected_multimodality","both tests reject in at least two seeds",3,3,3,3,0.000197162340111245,0
"flowsom_consensus_k62_seed1",38,23506,"CD161",5000,"detected_multimodality","both tests reject in at least two seeds",3,3,3,3,0,0
"flowsom_consensus_k62_seed1",38,23506,"CD27",1000,"ambiguous","discordant_tests;seed_instability",3,1,1,3,0.0375926421921685,0
"flowsom_consensus_k62_seed1",38,23506,"CD27",5000,"detected_multimodality","both tests reject in at least two seeds",3,3,3,3,0.000970596731490081,0
"flowsom_consensus_k62_seed1",38,23506,"CD38",1000,"ambiguous","discordant_tests;seed_instability;borderline_q",3,0,0,1,0.998340147435713,0.024312156078039
"flowsom_consensus_k62_seed1",38,23506,"CD38",5000,"detected_multimodality","both tests reject in at least two seeds",3,3,3,3,0.000970596731490081,0
"flowsom_consensus_k62_seed1",38,23506,"CD4",1000,"detected_multimodality","both tests reject in at least two seeds",3,2,2,3,0.0086025015817921,0
"flowsom_consensus_k62_seed1",38,23506,"CD4",5000,"detected_multimodality","both tests reject in at least two seeds",3,3,3,3,0,0
"flowsom_consensus_k62_seed1",38,23506,"CD45RA",1000,"ambiguous","discordant_tests;seed_instability",3,0,0,1,0.998340147435713,0.0495247623811906
"flowsom_consensus_k62_seed1",38,23506,"CD45RA",5000,"ambiguous","discordant_tests",3,0,0,3,0.300267042897598,0
"flowsom_consensus_k62_seed1",38,23506,"CD56",1000,"ambiguous","discordant_tests;seed_instability",3,0,0,2,0.998340147435713,0.00450225112556278
"flowsom_consensus_k62_seed1",38,23506,"CD56",5000,"detected_multimodality","both tests reject in at least two seeds",3,3,3,3,0.00113526016684731,0
"flowsom_consensus_k62_seed1",38,23506,"TCRgd_CD141",1000,"no_detected_multimodality","neither test rejects in any seed",3,0,0,0,0.998340147435713,0.794197098549275
"flowsom_consensus_k62_seed1",38,23506,"TCRgd_CD141",5000,"no_detected_multimodality","neither test rejects in any seed",3,0,0,0,1,0.402201100550275
"flowsom_consensus_k62_seed1",39,1012,"CD11c",1000,"ambiguous","discordant_tests",3,0,0,3,1,0.0135067533766883
"flowsom_consensus_k62_seed1",39,1012,"CD11c",5000,"ambiguous","discordant_tests",3,0,0,3,0.998097437484138,0.00578860859000929
"flowsom_consensus_k62_seed1",39,1012,"CD14",1000,"no_detected_multimodality","neither test rejects in any seed",3,0,0,0,1,0.708782962910026
"flowsom_consensus_k62_seed1",39,1012,"CD14",5000,"no_detected_multimodality","neither test rejects in any seed",3,0,0,0,0.998097437484138,0.795670562554004
"flowsom_consensus_k62_seed1",39,1012,"CD159c_NKG2C",1000,"no_detected_multimodality","neither test rejects in any seed",3,0,0,0,1,0.708782962910026
"flowsom_consensus_k62_seed1",39,1012,"CD159c_NKG2C",5000,"no_detected_multimodality","neither test rejects in any seed",3,0,0,0,0.998097437484138,0.795670562554004
"flowsom_consensus_k62_seed1",39,1012,"CD1c",1000,"detected_multimodality","both tests reject in at least two seeds",3,3,3,3,0,0
"flowsom_consensus_k62_seed1",39,1012,"CD1c",5000,"detected_multimodality","both tests reject in at least two seeds",3,3,3,3,0,0
"flowsom_consensus_k62_seed1",39,1012,"CD27",1000,"ambiguous","discordant_tests",3,0,0,3,0.103617806726499,0
"flowsom_consensus_k62_seed1",39,1012,"CD27",5000,"ambiguous","discordant_tests;borderline_q",3,0,0,3,0.0997609811426647,0
"flowsom_consensus_k62_seed1",39,1012,"CD3",1000,"detected_multimodality","both tests reject in at least two seeds",3,3,3,3,0.0222746987542147,0
"flowsom_consensus_k62_seed1",39,1012,"CD3",5000,"detected_multimodality","both tests reject in at least two seeds",3,3,3,3,0.0145401618337877,0
"flowsom_consensus_k62_seed1",39,1012,"CD4",1000,"ambiguous","discordant_tests",3,0,0,3,1,0.00578860859000929
"flowsom_consensus_k62_seed1",39,1012,"CD4",5000,"ambiguous","discordant_tests",3,0,0,3,0.954855481768827,0.00192953619666976
"flowsom_consensus_k62_seed1",39,1012,"CD45RA",1000,"ambiguous","discordant_tests;seed_instability;borderline_q",3,0,0,2,1,0.048024012006003
"flowsom_consensus_k62_seed1",39,1012,"CD45RA",5000,"ambiguous","discordant_tests;seed_instability;borderline_q",3,0,0,2,0.998097437484138,0.040520260130065
"flowsom_consensus_k62_seed1",39,1012,"CD56",1000,"no_detected_multimodality","neither test rejects in any seed",3,0,0,0,1,0.611662974344315
"flowsom_consensus_k62_seed1",39,1012,"CD56",5000,"no_detected_multimodality","neither test rejects in any seed",3,0,0,0,0.998097437484138,0.585985300342479
"flowsom_consensus_k62_seed1",39,1012,"HLA-DR",1000,"detected_multimodality","both tests reject in at least two seeds",3,3,3,3,0.00576399430850372,0
"flowsom_consensus_k62_seed1",39,1012,"HLA-DR",5000,"detected_multimodality","both tests reject in at least two seeds",3,3,3,3,0.00485321480392487,0
"flowsom_consensus_k62_seed1",39,1012,"Tbet",1000,"ambiguous","discordant_tests",3,0,0,3,0.114057396984009,0
"flowsom_consensus_k62_seed1",39,1012,"Tbet",5000,"ambiguous","discordant_tests;borderline_q",3,0,0,3,0.0997609811426647,0
"flowsom_consensus_k62_seed1",39,1012,"TCRgd_CD141",1000,"detected_multimodality","both tests reject in at least two seeds",3,3,3,3,0.0479906614898513,0
"flowsom_consensus_k62_seed1",39,1012,"TCRgd_CD141",5000,"ambiguous","discordant_tests;borderline_q",3,0,0,3,0.0519392924892558,0
"flowsom_consensus_k62_seed1",40,27307,"CD16",1000,"ambiguous","discordant_tests",3,0,0,3,0.245150660640935,0
"flowsom_consensus_k62_seed1",40,27307,"CD16",5000,"detected_multimodality","both tests reject in at least two seeds",3,3,3,3,0,0
"flowsom_consensus_k62_seed1",40,27307,"CD161",1000,"no_detected_multimodality","neither test rejects in any seed",3,0,0,0,1,0.709624042790626
"flowsom_consensus_k62_seed1",40,27307,"CD161",5000,"no_detected_multimodality","neither test rejects in any seed",3,0,0,0,1,0.561655827913957
"flowsom_consensus_k62_seed1",40,27307,"CD294_CRTH2",1000,"no_detected_multimodality","neither test rejects in any seed",3,0,0,0,1,0.709624042790626
"flowsom_consensus_k62_seed1",40,27307,"CD294_CRTH2",5000,"no_detected_multimodality","neither test rejects in any seed",3,0,0,0,1,0.850925462731366
"flowsom_consensus_k62_seed1",40,27307,"CD3",1000,"no_detected_multimodality","neither test rejects in any seed",3,0,0,0,1,0.558279139569785
"flowsom_consensus_k62_seed1",40,27307,"CD3",5000,"ambiguous","discordant_tests",3,0,0,3,0.340181475979246,0
"flowsom_consensus_k62_seed1",40,27307,"CD56",1000,"detected_multimodality","both tests reject in at least two seeds",3,2,2,3,0.000260489977839007,0
"flowsom_consensus_k62_seed1",40,27307,"CD56",5000,"detected_multimodality","both tests reject in at least two seeds",3,3,3,3,0,0
"flowsom_consensus_k62_seed1",40,27307,"CD57",1000,"no_detected_multimodality","neither test rejects in any seed",3,0,0,0,1,0.585292646323162
"flowsom_consensus_k62_seed1",40,27307,"CD57",5000,"ambiguous","borderline_q",3,0,0,0,1,0.0720360180090045
"flowsom_consensus_k62_seed1",41,30576,"CD11c",1000,"no_detected_multimodality","neither test rejects in any seed",3,0,0,0,1,0.793896948474237
"flowsom_consensus_k62_seed1",41,30576,"CD11c",5000,"no_detected_multimodality","neither test rejects in any seed",3,0,0,0,1,0.923283070106482
"flowsom_consensus_k62_seed1",41,30576,"CD159c_NKG2C",1000,"no_detected_multimodality","neither test rejects in any seed",3,0,0,0,1,0.852687213171803
"flowsom_consensus_k62_seed1",41,30576,"CD159c_NKG2C",5000,"no_detected_multimodality","neither test rejects in any seed",3,0,0,0,1,0.736118059029515
"flowsom_consensus_k62_seed1",41,30576,"CD161",1000,"detected_multimodality","both tests reject in at least two seeds",3,3,3,3,0,0
"flowsom_consensus_k62_seed1",41,30576,"CD161",5000,"detected_multimodality","both tests reject in at least two seeds",3,3,3,3,0,0
"flowsom_consensus_k62_seed1",41,30576,"CD1c",1000,"no_detected_multimodality","neither test rejects in any seed",3,0,0,0,1,0.793896948474237
"flowsom_consensus_k62_seed1",41,30576,"CD1c",5000,"no_detected_multimodality","neither test rejects in any seed",3,0,0,0,1,0.736118059029515
"flowsom_consensus_k62_seed1",41,30576,"CD294_CRTH2",1000,"ambiguous","discordant_tests;seed_instability",3,0,0,2,1,0
"flowsom_consensus_k62_seed1",41,30576,"CD294_CRTH2",5000,"detected_multimodality","both tests reject in at least two seeds",3,3,3,3,4.47371992741141e-05,0
"flowsom_consensus_k62_seed1",41,30576,"CD303_TCRvd2",1000,"no_detected_multimodality","neither test rejects in any seed",3,0,0,0,1,0.852687213171803
"flowsom_consensus_k62_seed1",41,30576,"CD303_TCRvd2",5000,"no_detected_multimodality","neither test rejects in any seed",3,0,0,0,1,0.846704602301151
"flowsom_consensus_k62_seed1",41,30576,"CD7",1000,"ambiguous","discordant_tests",3,0,0,3,1,0.00675337668834417
"flowsom_consensus_k62_seed1",41,30576,"CD7",5000,"detected_multimodality","both tests reject in at least two seeds",3,3,3,3,0,0
"flowsom_consensus_k62_seed1",42,54184,"CD127",1000,"ambiguous","borderline_q",3,0,0,0,1,0.0967983991995998
"flowsom_consensus_k62_seed1",42,54184,"CD127",5000,"detected_multimodality","both tests reject in at least two seeds",3,2,2,3,0.000229438777853752,0
"flowsom_consensus_k62_seed1",42,54184,"CD27",1000,"ambiguous","discordant_tests;seed_instability;borderline_q",3,0,0,2,1,0.0135067533766883
"flowsom_consensus_k62_seed1",42,54184,"CD27",5000,"detected_multimodality","both tests reject in at least two seeds",3,3,3,3,0.00260953058382718,0
"flowsom_consensus_k62_seed1",42,54184,"CD294_CRTH2",1000,"ambiguous","discordant_tests;seed_instability",3,0,0,1,1,0.0337668834417209
"flowsom_consensus_k62_seed1",42,54184,"CD294_CRTH2",5000,"no_detected_multimodality","neither test rejects in any seed",3,0,0,0,1,0.417208604302151
"flowsom_consensus_k62_seed1",42,54184,"CD3",1000,"no_detected_multimodality","neither test rejects in any seed",3,0,0,0,1,0.747027359833763
"flowsom_consensus_k62_seed1",42,54184,"CD3",5000,"no_detected_multimodality","neither test rejects in any seed",3,0,0,0,1,0.815600107746181
"flowsom_consensus_k62_seed1",42,54184,"CD57",1000,"no_detected_multimodality","neither test rejects in any seed",3,0,0,0,1,0.121560780390195
"flowsom_consensus_k62_seed1",42,54184,"CD57",5000,"ambiguous","discordant_tests",3,0,0,3,0.791426584470996,0
"flowsom_consensus_k62_seed1",42,54184,"Tbet",1000,"ambiguous","discordant_tests;seed_instability",3,1,1,2,0.0215891728370544,0
"flowsom_consensus_k62_seed1",42,54184,"Tbet",5000,"detected_multimodality","both tests reject in at least two seeds",3,3,3,3,0.000184543749130128,0
"flowsom_consensus_k62_seed1",43,1061579,"CD11c",1000,"detected_multimodality","both tests reject in at least two seeds",3,3,3,3,0,0
"flowsom_consensus_k62_seed1",43,1061579,"CD11c",5000,"detected_multimodality","both tests reject in at least two seeds",3,3,3,3,0,0
"flowsom_consensus_k62_seed1",43,1061579,"CD14",1000,"ambiguous","discordant_tests;seed_instability",3,0,0,1,0.997936336417311,0.0101300650325163
"flowsom_consensus_k62_seed1",43,1061579,"CD14",5000,"ambiguous","discordant_tests;seed_instability;borderline_q",3,0,0,2,1,0
"flowsom_consensus_k62_seed1",43,1061579,"CD1c",1000,"ambiguous","discordant_tests;seed_instability;borderline_q",3,0,0,2,0.412726579643298,0
"flowsom_consensus_k62_seed1",43,1061579,"CD1c",5000,"detected_multimodality","both tests reject in at least two seeds",3,3,3,3,0,0
"flowsom_consensus_k62_seed1",43,1061579,"CD303_TCRvd2",1000,"ambiguous","discordant_tests",3,0,0,3,0.23896393835308,0
"flowsom_consensus_k62_seed1",43,1061579,"CD303_TCRvd2",5000,"detected_multimodality","both tests reject in at least two seeds",3,3,3,3,0,0
"flowsom_consensus_k62_seed1",43,1061579,"CD45RA",1000,"no_detected_multimodality","neither test rejects in any seed",3,0,0,0,0.997936336417311,0.330915457728864
"flowsom_consensus_k62_seed1",43,1061579,"CD45RA",5000,"ambiguous","discordant_tests",3,0,0,3,0.320371419935691,0
"flowsom_consensus_k62_seed1",43,1061579,"TCRgd_CD141",1000,"ambiguous","discordant_tests;seed_instability",3,0,0,1,0.997936336417311,0.0315157578789395
"flowsom_consensus_k62_seed1",43,1061579,"TCRgd_CD141",5000,"detected_multimodality","both tests reject in at least two seeds",3,3,3,3,0.000618076735649287,0
"flowsom_consensus_k62_seed1",44,14024,"CD14",1000,"ambiguous","borderline_q",3,0,0,0,0.997224331014025,0.0641570785392696
"flowsom_consensus_k62_seed1",44,14024,"CD14",5000,"ambiguous","discordant_tests",3,0,0,3,0.124388833454374,0
"flowsom_consensus_k62_seed1",44,14024,"CD161",1000,"ambiguous","discordant_tests;seed_instability",3,0,0,1,0.784212330483428,0.024312156078039
"flowsom_consensus_k62_seed1",44,14024,"CD161",5000,"ambiguous","discordant_tests;seed_instability",3,0,0,2,0.504400286809349,0.0011255627813907
"flowsom_consensus_k62_seed1",44,14024,"CD19",1000,"ambiguous","discordant_tests;seed_instability",3,0,0,1,0.997224331014025,0.0337668834417209
"flowsom_consensus_k62_seed1",44,14024,"CD19",5000,"detected_multimodality","both tests reject in at least two seeds",3,3,3,3,0.00503737503877316,0
"flowsom_consensus_k62_seed1",44,14024,"CD197_CCR7",1000,"ambiguous","discordant_tests;seed_instability;borderline_q",3,0,0,1,0.360660677548161,0.024312156078039
"flowsom_consensus_k62_seed1",44,14024,"CD197_CCR7",5000,"ambiguous","discordant_tests;seed_instability",3,1,1,3,0.0199260730177741,0
"flowsom_consensus_k62_seed1",44,14024,"CD27",1000,"detected_multimodality","both tests reject in at least two seeds",3,3,3,3,0,0
"flowsom_consensus_k62_seed1",44,14024,"CD27",5000,"detected_multimodality","both tests reject in at least two seeds",3,3,3,3,0,0
"flowsom_consensus_k62_seed1",44,14024,"CD294_CRTH2",1000,"no_detected_multimodality","neither test rejects in any seed",3,0,0,0,0.997224331014025,0.21856382736823
"flowsom_consensus_k62_seed1",44,14024,"CD294_CRTH2",5000,"ambiguous","discordant_tests",3,0,0,3,0.973915050613872,0.00450225112556278
"flowsom_consensus_k62_seed1",44,14024,"CD3",1000,"detected_multimodality","both tests reject in at least two seeds",3,3,3,3,0,0
"flowsom_consensus_k62_seed1",44,14024,"CD3",5000,"detected_multimodality","both tests reject in at least two seeds",3,3,3,3,0,0
"flowsom_consensus_k62_seed1",44,14024,"CD303_TCRvd2",1000,"ambiguous","discordant_tests;seed_instability;borderline_q",3,0,0,1,0.727466570228303,0
"flowsom_consensus_k62_seed1",44,14024,"CD303_TCRvd2",5000,"detected_multimodality","both tests reject in at least two seeds",3,3,3,3,6.83581961768154e-05,0
"flowsom_consensus_k62_seed1",44,14024,"CD45RA",1000,"ambiguous","discordant_tests",3,0,0,3,0.727466570228303,0
"flowsom_consensus_k62_seed1",44,14024,"CD45RA",5000,"detected_multimodality","both tests reject in at least two seeds",3,3,3,3,0,0
"flowsom_consensus_k62_seed1",44,14024,"CD57",1000,"ambiguous","discordant_tests;seed_instability",3,1,1,3,0.0237998103043069,0
"flowsom_consensus_k62_seed1",44,14024,"CD57",5000,"detected_multimodality","both tests reject in at least two seeds",3,3,3,3,6.83581961768154e-05,0
"flowsom_consensus_k62_seed1",44,14024,"HLA-DR",1000,"no_detected_multimodality","neither test rejects in any seed",3,0,0,0,0.997224331014025,0.165082541270635
"flowsom_consensus_k62_seed1",44,14024,"HLA-DR",5000,"ambiguous","discordant_tests",3,0,0,3,0.213188348019467,0
"flowsom_consensus_k62_seed1",45,135754,"CD159c_NKG2C",1000,"no_detected_multimodality","neither test rejects in any seed",3,0,0,0,0.999205901200649,0.938156578289145
"flowsom_consensus_k62_seed1",45,135754,"CD159c_NKG2C",5000,"no_detected_multimodality","neither test rejects in any seed",3,0,0,0,1,0.189094547273637
"flowsom_consensus_k62_seed1",45,135754,"CD185_CXCR5",1000,"no_detected_multimodality","neither test rejects in any seed",3,0,0,0,0.999205901200649,0.917558779389695
"flowsom_consensus_k62_seed1",45,135754,"CD185_CXCR5",5000,"no_detected_multimodality","neither test rejects in any seed",3,0,0,0,1,0.461930965482741
"flowsom_consensus_k62_seed1",45,135754,"CD303_TCRvd2",1000,"ambiguous","discordant_tests;seed_instability",3,1,1,3,0.0014386575738522,0
"flowsom_consensus_k62_seed1",45,135754,"CD303_TCRvd2",5000,"detected_multimodality","both tests reject in at least two seeds",3,3,3,3,0,0
"flowsom_consensus_k62_seed1",45,135754,"CD45RA",1000,"ambiguous","borderline_q",3,0,0,0,0.999205901200649,0.0945472736368184
"flowsom_consensus_k62_seed1",45,135754,"CD45RA",5000,"ambiguous","discordant_tests;seed_instability",3,0,0,1,0.138979634535398,0
"flowsom_consensus_k62_seed1",45,135754,"CD56",1000,"no_detected_multimodality","neither test rejects in any seed",3,0,0,0,0.999205901200649,0.226913456728364
"flowsom_consensus_k62_seed1",45,135754,"CD56",5000,"ambiguous","discordant_tests;seed_instability",3,0,0,2,1,0
"flowsom_consensus_k62_seed1",46,13688630,"CD127",1000,"ambiguous","discordant_tests;seed_instability",3,0,0,1,0.937383463857038,0.00675337668834417
"flowsom_consensus_k62_seed1",46,13688630,"CD127",5000,"ambiguous","discordant_tests;borderline_q",3,0,0,3,0.0638051131957683,0
"flowsom_consensus_k62_seed1",46,13688630,"CD161",1000,"no_detected_multimodality","neither test rejects in any seed",3,0,0,0,0.997342141082144,0.769174060714568
"flowsom_consensus_k62_seed1",46,13688630,"CD161",5000,"no_detected_multimodality","neither test rejects in any seed",3,0,0,0,1,0.942536485634122
"flowsom_consensus_k62_seed1",46,13688630,"CD197_CCR7",1000,"ambiguous","discordant_tests;seed_instability;borderline_q",3,1,1,3,0.00732992746115713,0
"flowsom_consensus_k62_seed1",46,13688630,"CD197_CCR7",5000,"detected_multimodality","both tests reject in at least two seeds",3,3,3,3,0,0
"flowsom_consensus_k62_seed1",46,13688630,"CD1c",1000,"no_detected_multimodality","neither test rejects in any seed",3,0,0,0,0.997342141082144,0.185717858929465
"flowsom_consensus_k62_seed1",46,13688630,"CD1c",5000,"ambiguous","discordant_tests;seed_instability",3,0,0,1,1,0.0495247623811906
"flowsom_consensus_k62_seed1",46,13688630,"CD27",1000,"detected_multimodality","both tests reject in at least two seeds",3,3,3,3,0,0
"flowsom_consensus_k62_seed1",46,13688630,"CD27",5000,"detected_multimodality","both tests reject in at least two seeds",3,3,3,3,0,0
"flowsom_consensus_k62_seed1",46,13688630,"CD45RA",1000,"ambiguous","discordant_tests;seed_instability",3,0,0,2,0.997342141082144,0.0135067533766883
"flowsom_consensus_k62_seed1",46,13688630,"CD45RA",5000,"ambiguous","discordant_tests;seed_instability",3,0,0,2,0.18543888349776,0
"flowsom_consensus_k62_seed1",46,13688630,"CD7",1000,"ambiguous","seed_instability",3,1,1,1,0.0237776553512523,0
"flowsom_consensus_k62_seed1",46,13688630,"CD7",5000,"detected_multimodality","both tests reject in at least two seeds",3,3,3,3,0,0
"flowsom_consensus_k62_seed1",47,76407,"CD11c",1000,"detected_multimodality","both tests reject in at least two seeds",3,3,3,3,5.74348778407119e-05,0
"flowsom_consensus_k62_seed1",47,76407,"CD11c",5000,"detected_multimodality","both tests reject in at least two seeds",3,3,3,3,0,0
"flowsom_consensus_k62_seed1",47,76407,"CD197_CCR7",1000,"no_detected_multimodality","neither test rejects in any seed",3,0,0,0,0.999799338310541,0.207103551775888
"flowsom_consensus_k62_seed1",47,76407,"CD197_CCR7",5000,"no_detected_multimodality","neither test rejects in any seed",3,0,0,0,1,0.14980217381418
"flowsom_consensus_k62_seed1",47,76407,"CD1c",1000,"detected_multimodality","both tests reject in at least two seeds",3,3,3,3,0,0
"flowsom_consensus_k62_seed1",47,76407,"CD1c",5000,"detected_multimodality","both tests reject in at least two seeds",3,3,3,3,0,0
"flowsom_consensus_k62_seed1",47,76407,"CD27",1000,"no_detected_multimodality","neither test rejects in any seed",3,0,0,0,0.999799338310541,0.613592510540985
"flowsom_consensus_k62_seed1",47,76407,"CD27",5000,"no_detected_multimodality","neither test rejects in any seed",3,0,0,0,1,0.418709354677339
"flowsom_consensus_k62_seed1",47,76407,"CD45RA",1000,"no_detected_multimodality","neither test rejects in any seed",3,0,0,0,0.999799338310541,0.628064032016008
"flowsom_consensus_k62_seed1",47,76407,"CD45RA",5000,"ambiguous","discordant_tests;seed_instability;borderline_q",3,0,0,2,1,0
"flowsom_consensus_k62_seed1",47,76407,"HLA-DR",1000,"detected_multimodality","both tests reject in at least two seeds",3,2,2,3,0.0153883041451898,0
"flowsom_consensus_k62_seed1",47,76407,"HLA-DR",5000,"detected_multimodality","both tests reject in at least two seeds",3,3,3,3,0,0
"flowsom_consensus_k62_seed1",47,76407,"TCRgd_CD141",1000,"detected_multimodality","both tests reject in at least two seeds",3,3,3,3,0,0
"flowsom_consensus_k62_seed1",47,76407,"TCRgd_CD141",5000,"detected_multimodality","both tests reject in at least two seeds",3,3,3,3,0,0
"flowsom_consensus_k62_seed1",49,6847,"CD11c",1000,"no_detected_multimodality","neither test rejects in any seed",3,0,0,0,0.998315221652593,0.601550775387694
"flowsom_consensus_k62_seed1",49,6847,"CD11c",5000,"no_detected_multimodality","neither test rejects in any seed",3,0,0,0,1,0.853838684047906
"flowsom_consensus_k62_seed1",49,6847,"CD127",1000,"no_detected_multimodality","neither test rejects in any seed",3,0,0,0,0.998315221652593,0.48557612139403
"flowsom_consensus_k62_seed1",49,6847,"CD127",5000,"ambiguous","discordant_tests;seed_instability",3,0,0,2,1,0.0346840086710022
"flowsom_consensus_k62_seed1",49,6847,"CD161",1000,"ambiguous","discordant_tests;borderline_q",3,0,0,3,0.0628181471370108,0
"flowsom_consensus_k62_seed1",49,6847,"CD161",5000,"detected_multimodality","both tests reject in at least two seeds",3,3,3,3,0.000583122045980655,0
"flowsom_consensus_k62_seed1",49,6847,"CD185_CXCR5",1000,"no_detected_multimodality","neither test rejects in any seed",3,0,0,0,0.998315221652593,0.104052026013006
"flowsom_consensus_k62_seed1",49,6847,"CD185_CXCR5",5000,"ambiguous","discordant_tests",3,0,0,3,0.441452519864712,0
"flowsom_consensus_k62_seed1",49,6847,"CD197_CCR7",1000,"no_detected_multimodality","neither test rejects in any seed",3,0,0,0,0.998315221652593,0.16474904118726
"flowsom_consensus_k62_seed1",49,6847,"CD197_CCR7",5000,"detected_multimodality","both tests reject in at least two seeds",3,2,2,3,0.029191116143732,0
"flowsom_consensus_k62_seed1",49,6847,"CD7",1000,"detected_multimodality","both tests reject in at least two seeds",3,2,2,3,0.0112081281216959,0
"flowsom_consensus_k62_seed1",49,6847,"CD7",5000,"detected_multimodality","both tests reject in at least two seeds",3,3,3,3,0,0
"flowsom_consensus_k62_seed1",49,6847,"FoxP3",1000,"detected_multimodality","both tests reject in at least two seeds",3,3,3,3,0,0
"flowsom_consensus_k62_seed1",49,6847,"FoxP3",5000,"detected_multimodality","both tests reject in at least two seeds",3,3,3,3,0,0
"flowsom_consensus_k62_seed1",49,6847,"TCRgd_CD141",1000,"no_detected_multimodality","neither test rejects in any seed",3,0,0,0,0.998315221652593,0.286143071535768
"flowsom_consensus_k62_seed1",49,6847,"TCRgd_CD141",5000,"no_detected_multimodality","neither test rejects in any seed",3,0,0,0,1,0.899926153552967
"flowsom_consensus_k62_seed1",50,60777,"CD159c_NKG2C",1000,"no_detected_multimodality","neither test rejects in any seed",3,0,0,0,1,0.804265769248261
"flowsom_consensus_k62_seed1",50,60777,"CD159c_NKG2C",5000,"ambiguous","discordant_tests;seed_instability",3,1,1,3,0.0299732203528399,0
"flowsom_consensus_k62_seed1",50,60777,"CD57",1000,"ambiguous","discordant_tests;seed_instability",3,1,1,3,0.0496781049823239,0
"flowsom_consensus_k62_seed1",50,60777,"CD57",5000,"detected_multimodality","both tests reject in at least two seeds",3,3,3,3,4.45180706738491e-05,0
"flowsom_consensus_k62_seed1",51,4475356,"CD197_CCR7",1000,"no_detected_multimodality","neither test rejects in any seed",3,0,0,0,0.999359068308722,0.540270135067534
"flowsom_consensus_k62_seed1",51,4475356,"CD197_CCR7",5000,"ambiguous","borderline_q",3,0,0,0,1,0.0945472736368184
"flowsom_consensus_k62_seed1",52,18663,"CD11c",1000,"ambiguous","discordant_tests;seed_instability;borderline_q",3,0,0,2,0.998997050928839,0.0108054027013507
"flowsom_consensus_k62_seed1",52,18663,"CD11c",5000,"detected_multimodality","both tests reject in at least two seeds",3,3,3,3,0.000713191471016317,0
"flowsom_consensus_k62_seed1",52,18663,"CD185_CXCR5",1000,"no_detected_multimodality","neither test rejects in any seed",3,0,0,0,0.998997050928839,0.898199099549775
"flowsom_consensus_k62_seed1",52,18663,"CD185_CXCR5",5000,"no_detected_multimodality","neither test rejects in any seed",3,0,0,0,1,0.694369912228842
"flowsom_consensus_k62_seed1",52,18663,"CD1c",1000,"detected_multimodality","both tests reject in at least two seeds",3,3,3,3,0,0
"flowsom_consensus_k62_seed1",52,18663,"CD1c",5000,"detected_multimodality","both tests reject in at least two seeds",3,3,3,3,0,0
"flowsom_consensus_k62_seed1",52,18663,"CD3",1000,"no_detected_multimodality","neither test rejects in any seed",3,0,0,0,0.998997050928839,0.567283641820911
"flowsom_consensus_k62_seed1",52,18663,"CD3",5000,"ambiguous","borderline_q",3,0,0,0,1,0.0822684069307381
"flowsom_consensus_k62_seed1",52,18663,"CD45RA",1000,"ambiguous","discordant_tests;seed_instability",3,0,0,2,0.998997050928839,0
"flowsom_consensus_k62_seed1",52,18663,"CD45RA",5000,"detected_multimodality","both tests reject in at least two seeds",3,3,3,3,8.66926450736605e-05,0
"flowsom_consensus_k62_seed1",52,18663,"CD56",1000,"ambiguous","discordant_tests;seed_instability",3,0,0,1,0.969955426971074,0
"flowsom_consensus_k62_seed1",52,18663,"CD56",5000,"detected_multimodality","both tests reject in at least two seeds",3,3,3,3,0.00013390954521042,0
"flowsom_consensus_k62_seed1",52,18663,"FoxP3",1000,"no_detected_multimodality","neither test rejects in any seed",3,0,0,0,0.998997050928839,0.513256628314157
"flowsom_consensus_k62_seed1",52,18663,"FoxP3",5000,"ambiguous","discordant_tests;seed_instability",3,1,1,3,0.0233879348808422,0
"flowsom_consensus_k62_seed1",52,18663,"HLA-DR",1000,"ambiguous","discordant_tests;seed_instability;borderline_q",3,0,0,1,0.998997050928839,0.0135067533766883
"flowsom_consensus_k62_seed1",52,18663,"HLA-DR",5000,"detected_multimodality","both tests reject in at least two seeds",3,3,3,3,0.000777967492644194,0
"flowsom_consensus_k62_seed1",52,18663,"TCRgd_CD141",1000,"detected_multimodality","both tests reject in at least two seeds",3,3,3,3,0,0
"flowsom_consensus_k62_seed1",52,18663,"TCRgd_CD141",5000,"detected_multimodality","both tests reject in at least two seeds",3,3,3,3,0,0
"flowsom_consensus_k62_seed1",53,63216,"CD57",1000,"detected_multimodality","both tests reject in at least two seeds",3,2,2,2,0.000886008130916549,0
"flowsom_consensus_k62_seed1",53,63216,"CD57",5000,"detected_multimodality","both tests reject in at least two seeds",3,3,3,3,0,0
"flowsom_consensus_k62_seed1",53,63216,"CD7",1000,"no_detected_multimodality","neither test rejects in any seed",3,0,0,0,0.998098740535576,0.108054027013507
"flowsom_consensus_k62_seed1",53,63216,"CD7",5000,"no_detected_multimodality","neither test rejects in any seed",3,0,0,0,1,0.288144072036018
"flowsom_consensus_k62_seed1",54,11243,"CD14",1000,"no_detected_multimodality","neither test rejects in any seed",3,0,0,0,0.99997293218038,0.423211605802901
"flowsom_consensus_k62_seed1",54,11243,"CD14",5000,"ambiguous","discordant_tests;seed_instability",3,1,1,3,0.0376306453147648,0
"flowsom_consensus_k62_seed1",54,11243,"CD19",1000,"no_detected_multimodality","neither test rejects in any seed",3,0,0,0,0.99997293218038,0.70403951975988
"flowsom_consensus_k62_seed1",54,11243,"CD19",5000,"no_detected_multimodality","neither test rejects in any seed",3,0,0,0,1,0.919073172950111
"flowsom_consensus_k62_seed1",54,11243,"CD25",1000,"ambiguous","discordant_tests;seed_instability",3,0,0,1,0.99997293218038,0
"flowsom_consensus_k62_seed1",54,11243,"CD25",5000,"detected_multimodality","both tests reject in at least two seeds",3,3,3,3,0.00206637751843386,0
"flowsom_consensus_k62_seed1",54,11243,"CD38",1000,"no_detected_multimodality","neither test rejects in any seed",3,0,0,0,0.99997293218038,0.837418709354677
"flowsom_consensus_k62_seed1",54,11243,"CD38",5000,"no_detected_multimodality","neither test rejects in any seed",3,0,0,0,1,0.57943971985993
"flowsom_consensus_k62_seed1",54,11243,"CD4",1000,"no_detected_multimodality","neither test rejects in any seed",3,0,0,0,0.99997293218038,0.757417170123523
"flowsom_consensus_k62_seed1",54,11243,"CD4",5000,"no_detected_multimodality","neither test rejects in any seed",3,0,0,0,1,0.791753019366826
"flowsom_consensus_k62_seed1",54,11243,"CD57",1000,"no_detected_multimodality","neither test rejects in any seed",3,0,0,0,0.99997293218038,0.70403951975988
"flowsom_consensus_k62_seed1",54,11243,"CD57",5000,"no_detected_multimodality","neither test rejects in any seed",3,0,0,0,1,0.57943971985993
"flowsom_consensus_k62_seed1",54,11243,"CD8",1000,"no_detected_multimodality","neither test rejects in any seed",3,0,0,0,0.99997293218038,0.831020773544667
"flowsom_consensus_k62_seed1",54,11243,"CD8",5000,"no_detected_multimodality","neither test rejects in any seed",3,0,0,0,1,0.373124062031016
"flowsom_consensus_k62_seed1",54,11243,"Tbet",1000,"ambiguous","discordant_tests;seed_instability",3,0,0,1,0.99997293218038,0.00675337668834417
"flowsom_consensus_k62_seed1",54,11243,"Tbet",5000,"no_detected_multimodality","neither test rejects in any seed",3,0,0,0,1,0.109983563210177
"flowsom_consensus_k62_seed1",55,8468,"CD11c",1000,"no_detected_multimodality","neither test rejects in any seed",3,0,0,0,0.998298792873919,0.398517440538451
"flowsom_consensus_k62_seed1",55,8468,"CD11c",5000,"ambiguous","discordant_tests;seed_instability",3,0,0,2,1,0.0184092046023011
"flowsom_consensus_k62_seed1",55,8468,"CD127",1000,"detected_multimodality","both tests reject in at least two seeds",3,3,3,3,0,0
"flowsom_consensus_k62_seed1",55,8468,"CD127",5000,"detected_multimodality","both tests reject in at least two seeds",3,3,3,3,0,0
"flowsom_consensus_k62_seed1",55,8468,"CD159c_NKG2C",1000,"detected_multimodality","both tests reject in at least two seeds",3,3,3,3,0,0
"flowsom_consensus_k62_seed1",55,8468,"CD159c_NKG2C",5000,"detected_multimodality","both tests reject in at least two seeds",3,3,3,3,0,0
"flowsom_consensus_k62_seed1",55,8468,"CD161",1000,"detected_multimodality","both tests reject in at least two seeds",3,3,3,3,3.75862692632197e-05,0
"flowsom_consensus_k62_seed1",55,8468,"CD161",5000,"detected_multimodality","both tests reject in at least two seeds",3,3,3,3,0,0
"flowsom_consensus_k62_seed1",55,8468,"CD19",1000,"ambiguous","discordant_tests;seed_instability",3,0,0,1,0.998298792873919,0.025887943971986
"flowsom_consensus_k62_seed1",55,8468,"CD19",5000,"ambiguous","discordant_tests",3,0,0,3,0.954885779816026,0
"flowsom_consensus_k62_seed1",55,8468,"CD27",1000,"detected_multimodality","both tests reject in at least two seeds",3,3,3,3,0,0
"flowsom_consensus_k62_seed1",55,8468,"CD27",5000,"detected_multimodality","both tests reject in at least two seeds",3,3,3,3,0,0
"flowsom_consensus_k62_seed1",55,8468,"CD294_CRTH2",1000,"detected_multimodality","both tests reject in at least two seeds",3,3,3,3,0,0
"flowsom_consensus_k62_seed1",55,8468,"CD294_CRTH2",5000,"detected_multimodality","both tests reject in at least two seeds",3,3,3,3,0,0
"flowsom_consensus_k62_seed1",55,8468,"CD3",1000,"ambiguous","discordant_tests",3,0,0,3,0.703848409608929,0
"flowsom_consensus_k62_seed1",55,8468,"CD3",5000,"detected_multimodality","both tests reject in at least two seeds",3,3,3,3,2.30917888750673e-05,0
"flowsom_consensus_k62_seed1",55,8468,"CD45RA",1000,"detected_multimodality","both tests reject in at least two seeds",3,3,3,3,0,0
"flowsom_consensus_k62_seed1",55,8468,"CD45RA",5000,"detected_multimodality","both tests reject in at least two seeds",3,3,3,3,0,0
"flowsom_consensus_k62_seed1",55,8468,"CD56",1000,"no_detected_multimodality","neither test rejects in any seed",3,0,0,0,0.998298792873919,0.259518648212995
"flowsom_consensus_k62_seed1",55,8468,"CD56",5000,"ambiguous","discordant_tests",3,0,0,3,0.276787469871521,0
"flowsom_consensus_k62_seed1",55,8468,"FoxP3",1000,"no_detected_multimodality","neither test rejects in any seed",3,0,0,0,0.998298792873919,0.439925845275579
"flowsom_consensus_k62_seed1",55,8468,"FoxP3",5000,"no_detected_multimodality","neither test rejects in any seed",3,0,0,0,1,0.217171085542771
"flowsom_consensus_k62_seed1",55,8468,"Tbet",1000,"no_detected_multimodality","neither test rejects in any seed",3,0,0,0,0.998298792873919,0.439925845275579
"flowsom_consensus_k62_seed1",55,8468,"Tbet",5000,"no_detected_multimodality","neither test rejects in any seed",3,0,0,0,1,0.643500321589366
"flowsom_consensus_k62_seed1",57,8521,"CD14",1000,"ambiguous","discordant_tests",3,0,0,3,0.260287491508555,0
"flowsom_consensus_k62_seed1",57,8521,"CD14",5000,"detected_multimodality","both tests reject in at least two seeds",3,3,3,3,0,0
"flowsom_consensus_k62_seed1",57,8521,"CD197_CCR7",1000,"no_detected_multimodality","neither test rejects in any seed",3,0,0,0,0.99949918371902,0.318759379689845
"flowsom_consensus_k62_seed1",57,8521,"CD197_CCR7",5000,"ambiguous","discordant_tests",3,0,0,3,0.619451543337699,0
"flowsom_consensus_k62_seed1",57,8521,"CD27",1000,"no_detected_multimodality","neither test rejects in any seed",3,0,0,0,0.99949918371902,0.108054027013507
"flowsom_consensus_k62_seed1",57,8521,"CD27",5000,"ambiguous","discordant_tests;seed_instability;borderline_q",3,1,1,3,0.00112219050000947,0
"flowsom_consensus_k62_seed1",57,8521,"CD3",1000,"detected_multimodality","both tests reject in at least two seeds",3,3,3,3,0,0
"flowsom_consensus_k62_seed1",57,8521,"CD3",5000,"detected_multimodality","both tests reject in at least two seeds",3,3,3,3,0,0
"flowsom_consensus_k62_seed1",57,8521,"CD7",1000,"detected_multimodality","both tests reject in at least two seeds",3,3,3,3,0,0
"flowsom_consensus_k62_seed1",57,8521,"CD7",5000,"detected_multimodality","both tests reject in at least two seeds",3,3,3,3,0,0
"flowsom_consensus_k62_seed1",57,8521,"HLA-DR",1000,"no_detected_multimodality","neither test rejects in any seed",3,0,0,0,0.99949918371902,0.660030015007504
"flowsom_consensus_k62_seed1",57,8521,"HLA-DR",5000,"no_detected_multimodality","neither test rejects in any seed",3,0,0,0,1,0.72141953329606
"flowsom_consensus_k62_seed1",58,4205683,"CD197_CCR7",1000,"no_detected_multimodality","neither test rejects in any seed",3,0,0,0,0.999353545691584,0.168834417208604
"flowsom_consensus_k62_seed1",58,4205683,"CD197_CCR7",5000,"ambiguous","discordant_tests;seed_instability",3,0,0,1,0.342642439375248,0
"flowsom_consensus_k62_seed1",58,4205683,"CD21",1000,"ambiguous","discordant_tests;seed_instability;borderline_q",3,0,0,2,0.166349814896452,0
"flowsom_consensus_k62_seed1",58,4205683,"CD21",5000,"detected_multimodality","both tests reject in at least two seeds",3,2,2,3,0,0
"flowsom_consensus_k62_seed1",58,4205683,"CD57",1000,"ambiguous","borderline_q",3,0,0,0,0.999353545691584,0.0607803901950975
"flowsom_consensus_k62_seed1",58,4205683,"CD57",5000,"no_detected_multimodality","neither test rejects in any seed",3,0,0,0,1,0.135067533766883
"flowsom_consensus_k62_seed1",58,4205683,"TCRgd_CD141",1000,"no_detected_multimodality","neither test rejects in any seed",3,0,0,0,0.999353545691584,0.646073036518259
"flowsom_consensus_k62_seed1",58,4205683,"TCRgd_CD141",5000,"no_detected_multimodality","neither test rejects in any seed",3,0,0,0,1,0.774949974987494
"flowsom_consensus_k62_seed1",59,5697,"CD11c",1000,"detected_multimodality","both tests reject in at least two seeds",3,3,3,3,0.00268961199829687,0
"flowsom_consensus_k62_seed1",59,5697,"CD11c",5000,"detected_multimodality","both tests reject in at least two seeds",3,3,3,3,0,0
"flowsom_consensus_k62_seed1",59,5697,"CD127",1000,"no_detected_multimodality","neither test rejects in any seed",3,0,0,0,0.99830735149753,0.546409568420574
"flowsom_consensus_k62_seed1",59,5697,"CD127",5000,"no_detected_multimodality","neither test rejects in any seed",3,0,0,0,1,0.966295647823912
"flowsom_consensus_k62_seed1",59,5697,"CD14",1000,"ambiguous","borderline_q",3,0,0,0,0.99830735149753,0.0972486243121561
"flowsom_consensus_k62_seed1",59,5697,"CD14",5000,"ambiguous","discordant_tests",3,0,0,3,1,0
"flowsom_consensus_k62_seed1",59,5697,"CD1c",1000,"detected_multimodality","both tests reject in at least two seeds",3,3,3,3,0,0
"flowsom_consensus_k62_seed1",59,5697,"CD1c",5000,"detected_multimodality","both tests reject in at least two seeds",3,3,3,3,0,0
"flowsom_consensus_k62_seed1",59,5697,"CD25",1000,"no_detected_multimodality","neither test rejects in any seed",3,0,0,0,0.99830735149753,0.450634408113147
"flowsom_consensus_k62_seed1",59,5697,"CD25",5000,"ambiguous","discordant_tests",3,0,0,3,1,0
"flowsom_consensus_k62_seed1",59,5697,"CD27",1000,"no_detected_multimodality","neither test rejects in any seed",3,0,0,0,0.99830735149753,0.476113056528264
"flowsom_consensus_k62_seed1",59,5697,"CD27",5000,"ambiguous","discordant_tests;seed_instability;borderline_q",3,0,0,1,1,0.0495247623811906
"flowsom_consensus_k62_seed1",59,5697,"CD3",1000,"detected_multimodality","both tests reject in at least two seeds",3,2,2,3,0.0278788807376477,0
"flowsom_consensus_k62_seed1",59,5697,"CD3",5000,"detected_multimodality","both tests reject in at least two seeds",3,3,3,3,0,0
"flowsom_consensus_k62_seed1",59,5697,"CD45RA",1000,"no_detected_multimodality","neither test rejects in any seed",3,0,0,0,0.99830735149753,0.879360732998078
"flowsom_consensus_k62_seed1",59,5697,"CD45RA",5000,"no_detected_multimodality","neither test rejects in any seed",3,0,0,0,1,0.985492746373187
"flowsom_consensus_k62_seed1",59,5697,"FoxP3",1000,"no_detected_multimodality","neither test rejects in any seed",3,0,0,0,0.99830735149753,0.101300650325163
"flowsom_consensus_k62_seed1",59,5697,"FoxP3",5000,"ambiguous","borderline_q",3,0,0,0,1,0.0877938969484742
"flowsom_consensus_k62_seed1",59,5697,"HLA-DR",1000,"detected_multimodality","both tests reject in at least two seeds",3,3,3,3,0,0
"flowsom_consensus_k62_seed1",59,5697,"HLA-DR",5000,"detected_multimodality","both tests reject in at least two seeds",3,3,3,3,0,0
"flowsom_consensus_k62_seed1",59,5697,"Tbet",1000,"no_detected_multimodality","neither test rejects in any seed",3,0,0,0,0.99830735149753,0.734767383691846
"flowsom_consensus_k62_seed1",59,5697,"Tbet",5000,"no_detected_multimodality","neither test rejects in any seed",3,0,0,0,1,0.195847923961981
"flowsom_consensus_k62_seed1",59,5697,"TCRgd_CD141",1000,"no_detected_multimodality","neither test rejects in any seed",3,0,0,0,0.99830735149753,0.148574287143572
"flowsom_consensus_k62_seed1",59,5697,"TCRgd_CD141",5000,"ambiguous","discordant_tests;seed_instability;borderline_q",3,1,1,3,0.0349990816709399,0
"flowsom_consensus_k62_seed1",61,6080,"CD11c",1000,"ambiguous","discordant_tests",3,0,0,3,0.299758366433316,0
"flowsom_consensus_k62_seed1",61,6080,"CD11c",5000,"detected_multimodality","both tests reject in at least two seeds",3,3,3,3,0.00013404668288064,0
"flowsom_consensus_k62_seed1",61,6080,"CD161",1000,"no_detected_multimodality","neither test rejects in any seed",3,0,0,0,0.998080265713345,0.318373472450511
"flowsom_consensus_k62_seed1",61,6080,"CD161",5000,"no_detected_multimodality","neither test rejects in any seed",3,0,0,0,1,0.326694597298649
"flowsom_consensus_k62_seed1",61,6080,"CD185_CXCR5",1000,"ambiguous","discordant_tests;seed_instability;borderline_q",3,0,0,2,0.198737909285762,0
"flowsom_consensus_k62_seed1",61,6080,"CD185_CXCR5",5000,"detected_multimodality","both tests reject in at least two seeds",3,3,3,3,0.000176936325736898,0
"flowsom_consensus_k62_seed1",61,6080,"CD19",1000,"no_detected_multimodality","neither test rejects in any seed",3,0,0,0,0.998080265713345,0.805902951475738
"flowsom_consensus_k62_seed1",61,6080,"CD19",5000,"ambiguous","discordant_tests",3,0,0,3,0.206192465868814,0
"flowsom_consensus_k62_seed1",61,6080,"CD21",1000,"detected_multimodality","both tests reject in at least two seeds",3,3,3,3,0,0
"flowsom_consensus_k62_seed1",61,6080,"CD21",5000,"detected_multimodality","both tests reject in at least two seeds",3,3,3,3,0,0
"flowsom_consensus_k62_seed1",61,6080,"HLA-DR",1000,"no_detected_multimodality","neither test rejects in any seed",3,0,0,0,0.998080265713345,0.805902951475738
"flowsom_consensus_k62_seed1",61,6080,"HLA-DR",5000,"no_detected_multimodality","neither test rejects in any seed",3,0,0,0,1,0.293546773386693
"flowsom_consensus_k62_seed1",62,8255,"CD11c",1000,"detected_multimodality","both tests reject in at least two seeds",3,3,3,3,0,0
"flowsom_consensus_k62_seed1",62,8255,"CD11c",5000,"detected_multimodality","both tests reject in at least two seeds",3,3,3,3,0,0
"flowsom_consensus_k62_seed1",62,8255,"CD159c_NKG2C",1000,"ambiguous","discordant_tests;seed_instability",3,0,0,1,0.939430592803903,0.00600300150075037
"flowsom_consensus_k62_seed1",62,8255,"CD159c_NKG2C",5000,"detected_multimodality","both tests reject in at least two seeds",3,3,3,3,0.0284454656875549,0
"flowsom_consensus_k62_seed1",62,8255,"CD16",1000,"ambiguous","discordant_tests",3,0,0,3,0.100406217974589,0
"flowsom_consensus_k62_seed1",62,8255,"CD16",5000,"detected_multimodality","both tests reject in at least two seeds",3,3,3,3,0,0
"flowsom_consensus_k62_seed1",62,8255,"CD197_CCR7",1000,"detected_multimodality","both tests reject in at least two seeds",3,2,2,3,0.0407948848446812,0
"flowsom_consensus_k62_seed1",62,8255,"CD197_CCR7",5000,"detected_multimodality","both tests reject in at least two seeds",3,3,3,3,0.000792668008229858,0
"flowsom_consensus_k62_seed1",62,8255,"CD21",1000,"no_detected_multimodality","neither test rejects in any seed",3,0,0,0,0.996238496417805,0.445722861430715
"flowsom_consensus_k62_seed1",62,8255,"CD21",5000,"ambiguous","discordant_tests",3,0,0,3,0.146769658076107,0
"flowsom_consensus_k62_seed1",62,8255,"CD25",1000,"ambiguous","borderline_q",3,0,0,0,0.996238496417805,0.0650779935422257
"flowsom_consensus_k62_seed1",62,8255,"CD25",5000,"detected_multimodality","both tests reject in at least two seeds",3,2,2,3,0.0196431607778548,0
"flowsom_consensus_k62_seed1",62,8255,"CD27",1000,"detected_multimodality","both tests reject in at least two seeds",3,3,3,3,0.000353047457244848,0
"flowsom_consensus_k62_seed1",62,8255,"CD27",5000,"detected_multimodality","both tests reject in at least two seeds",3,3,3,3,0,0
"flowsom_consensus_k62_seed1",62,8255,"CD3",1000,"ambiguous","borderline_q",3,0,0,0,0.996238496417805,0.0896357269543863
"flowsom_consensus_k62_seed1",62,8255,"CD3",5000,"detected_multimodality","both tests reject in at least two seeds",3,3,3,3,0.0130709131692052,0
"flowsom_consensus_k62_seed1",62,8255,"CD303_TCRvd2",1000,"ambiguous","borderline_q",3,0,0,0,0.996238496417805,0.0675337668834417
"flowsom_consensus_k62_seed1",62,8255,"CD303_TCRvd2",5000,"ambiguous","discordant_tests;borderline_q",3,0,0,3,0.0821938734220204,0
"flowsom_consensus_k62_seed1",62,8255,"CD38",1000,"ambiguous","discordant_tests;seed_instability",3,0,0,2,0.996238496417805,0.00900450225112556
"flowsom_consensus_k62_seed1",62,8255,"CD38",5000,"detected_multimodality","both tests reject in at least two seeds",3,3,3,3,0.000759233202475257,0
"flowsom_consensus_k62_seed1",62,8255,"CD4",1000,"ambiguous","discordant_tests;seed_instability",3,0,0,2,0.576756887096072,0.00450225112556278
"flowsom_consensus_k62_seed1",62,8255,"CD4",5000,"detected_multimodality","both tests reject in at least two seeds",3,3,3,3,2.84121183790065e-05,0
"flowsom_consensus_k62_seed1",62,8255,"CD45RA",1000,"detected_multimodality","both tests reject in at least two seeds",3,3,3,3,0,0
"flowsom_consensus_k62_seed1",62,8255,"CD45RA",5000,"detected_multimodality","both tests reject in at least two seeds",3,3,3,3,0,0
"flowsom_consensus_k62_seed1",62,8255,"CD7",1000,"detected_multimodality","both tests reject in at least two seeds",3,2,2,3,0.000221888403056369,0
"flowsom_consensus_k62_seed1",62,8255,"CD7",5000,"detected_multimodality","both tests reject in at least two seeds",3,3,3,3,0,0
"flowsom_consensus_k62_seed1",62,8255,"FoxP3",1000,"no_detected_multimodality","neither test rejects in any seed",3,0,0,0,0.996238496417805,0.51582934324305
"flowsom_consensus_k62_seed1",62,8255,"FoxP3",5000,"no_detected_multimodality","neither test rejects in any seed",3,0,0,0,0.999053964642074,0.42940220110055
"flowsom_consensus_k62_seed1",62,8255,"HLA-DR",1000,"ambiguous","discordant_tests;seed_instability",3,0,0,2,0.996238496417805,0.00900450225112556
"flowsom_consensus_k62_seed1",62,8255,"HLA-DR",5000,"ambiguous","discordant_tests;seed_instability;borderline_q",3,0,0,2,0.539417742563139,0.00158902980902216
"flowsom_consensus_k62_seed1",62,8255,"Tbet",1000,"detected_multimodality","both tests reject in at least two seeds",3,3,3,3,0.000491882031877156,0
"flowsom_consensus_k62_seed1",62,8255,"Tbet",5000,"detected_multimodality","both tests reject in at least two seeds",3,3,3,3,0,0
"flowsom_consensus_k62_seed1",62,8255,"TCRgd_CD141",1000,"ambiguous","discordant_tests;seed_instability",3,0,0,2,0.100406217974589,0.00506503251625813
"flowsom_consensus_k62_seed1",62,8255,"TCRgd_CD141",5000,"ambiguous","discordant_tests;seed_instability;borderline_q",3,1,1,3,0.0284454656875549,0
"flowsom_consensus_k62_seed2026",1,1120827,"CD11c",1000,"ambiguous","seed_instability",3,1,1,1,0.0282282711413324,0
"flowsom_consensus_k62_seed2026",1,1120827,"CD11c",5000,"detected_multimodality","both tests reject in at least two seeds",3,3,3,3,0,0
"flowsom_consensus_k62_seed2026",1,1120827,"CD161",1000,"detected_multimodality","both tests reject in at least two seeds",3,3,3,3,0.000116597788820005,0
"flowsom_consensus_k62_seed2026",1,1120827,"CD161",5000,"detected_multimodality","both tests reject in at least two seeds",3,3,3,3,0,0
"flowsom_consensus_k62_seed2026",1,1120827,"CD185_CXCR5",1000,"no_detected_multimodality","neither test rejects in any seed",3,0,0,0,1,0.899667224916806
"flowsom_consensus_k62_seed2026",1,1120827,"CD185_CXCR5",5000,"ambiguous","discordant_tests",3,0,0,3,1,0
"flowsom_consensus_k62_seed2026",2,354507,"CD159c_NKG2C",1000,"no_detected_multimodality","neither test rejects in any seed",3,0,0,0,0.996364897513422,0.740170085042521
"flowsom_consensus_k62_seed2026",2,354507,"CD159c_NKG2C",5000,"no_detected_multimodality","neither test rejects in any seed",3,0,0,0,1,0.532997267864702
"flowsom_consensus_k62_seed2026",2,354507,"CD303_TCRvd2",1000,"no_detected_multimodality","neither test rejects in any seed",3,0,0,0,0.996364897513422,0.67263631815908
"flowsom_consensus_k62_seed2026",2,354507,"CD303_TCRvd2",5000,"no_detected_multimodality","neither test rejects in any seed",3,0,0,0,1,0.532997267864702
"flowsom_consensus_k62_seed2026",2,354507,"CD57",1000,"no_detected_multimodality","neither test rejects in any seed",3,0,0,0,0.996364897513422,0.67263631815908
"flowsom_consensus_k62_seed2026",2,354507,"CD57",5000,"ambiguous","borderline_q",3,0,0,0,1,0.0855427713856929
"flowsom_consensus_k62_seed2026",3,336749,"CD159c_NKG2C",1000,"ambiguous","discordant_tests;seed_instability",3,1,1,3,0.0263568286801711,0
"flowsom_consensus_k62_seed2026",3,336749,"CD159c_NKG2C",5000,"detected_multimodality","both tests reject in at least two seeds",3,3,3,3,0,0
"flowsom_consensus_k62_seed2026",3,336749,"CD45RA",1000,"no_detected_multimodality","neither test rejects in any seed",3,0,0,0,0.999178021332532,0.824525899313293
"flowsom_consensus_k62_seed2026",3,336749,"CD45RA",5000,"no_detected_multimodality","neither test rejects in any seed",3,0,0,0,1,0.1451975987994
"flowsom_consensus_k62_seed2026",3,336749,"CD57",1000,"detected_multimodality","both tests reject in at least two seeds",3,3,3,3,0,0
"flowsom_consensus_k62_seed2026",3,336749,"CD57",5000,"detected_multimodality","both tests reject in at least two seeds",3,3,3,3,0,0
"flowsom_consensus_k62_seed2026",3,336749,"CD8",1000,"no_detected_multimodality","neither test rejects in any seed",3,0,0,0,0.999178021332532,0.738369184592296
"flowsom_consensus_k62_seed2026",3,336749,"CD8",5000,"no_detected_multimodality","neither test rejects in any seed",3,0,0,0,1,0.444372186093047
"flowsom_consensus_k62_seed2026",3,336749,"TCRgd_CD141",1000,"no_detected_multimodality","neither test rejects in any seed",3,0,0,0,0.999178021332532,0.824525899313293
"flowsom_consensus_k62_seed2026",3,336749,"TCRgd_CD141",5000,"ambiguous","discordant_tests;seed_instability",3,0,0,2,1,0.0225112556278139
"flowsom_consensus_k62_seed2026",4,228900,"CD14",1000,"no_detected_multimodality","neither test rejects in any seed",3,0,0,0,0.999186919449654,0.933586793396698
"flowsom_consensus_k62_seed2026",4,228900,"CD14",5000,"no_detected_multimodality","neither test rejects in any seed",3,0,0,0,1,0.92296148074037
"flowsom_consensus_k62_seed2026",4,228900,"CD197_CCR7",1000,"no_detected_multimodality","neither test rejects in any seed",3,0,0,0,0.999186919449654,0.933586793396698
"flowsom_consensus_k62_seed2026",4,228900,"CD197_CCR7",5000,"no_detected_multimodality","neither test rejects in any seed",3,0,0,0,1,0.484742371185593
"flowsom_consensus_k62_seed2026",4,228900,"CD3",1000,"detected_multimodality","both tests reject in at least two seeds",3,3,3,3,0,0
"flowsom_consensus_k62_seed2026",4,228900,"CD3",5000,"detected_multimodality","both tests reject in at least two seeds",3,3,3,3,0,0
"flowsom_consensus_k62_seed2026",4,228900,"CD38",1000,"no_detected_multimodality","neither test rejects in any seed",3,0,0,0,0.999186919449654,0.616808404202101
"flowsom_consensus_k62_seed2026",4,228900,"CD38",5000,"ambiguous","discordant_tests",3,0,0,3,1,0
"flowsom_consensus_k62_seed2026",4,228900,"CD4",1000,"no_detected_multimodality","neither test rejects in any seed",3,0,0,0,0.999186919449654,0.933586793396698
"flowsom_consensus_k62_seed2026",4,228900,"CD4",5000,"no_detected_multimodality","neither test rejects in any seed",3,0,0,0,1,0.92296148074037
"flowsom_consensus_k62_seed2026",4,228900,"CD56",1000,"no_detected_multimodality","neither test rejects in any seed",3,0,0,0,0.999186919449654,0.933586793396698
"flowsom_consensus_k62_seed2026",4,228900,"CD56",5000,"no_detected_multimodality","neither test rejects in any seed",3,0,0,0,1,0.631815907953977
"flowsom_consensus_k62_seed2026",4,228900,"CD57",1000,"detected_multimodality","both tests reject in at least two seeds",3,3,3,3,0.000527055485122552,0
"flowsom_consensus_k62_seed2026",4,228900,"CD57",5000,"detected_multimodality","both tests reject in at least two seeds",3,3,3,3,0,0
"flowsom_consensus_k62_seed2026",5,340676,"CD11c",1000,"ambiguous","discordant_tests;seed_instability;borderline_q",3,1,1,3,0.000964000131535303,0
"flowsom_consensus_k62_seed2026",5,340676,"CD11c",5000,"detected_multimodality","both tests reject in at least two seeds",3,3,3,3,0,0
"flowsom_consensus_k62_seed2026",5,340676,"CD19",1000,"no_detected_multimodality","neither test rejects in any seed",3,0,0,0,1,0.1451975987994
"flowsom_consensus_k62_seed2026",5,340676,"CD19",5000,"no_detected_multimodality","neither test rejects in any seed",3,0,0,0,1,0.821210605302651
"flowsom_consensus_k62_seed2026",5,340676,"CD3",1000,"detected_multimodality","both tests reject in at least two seeds",3,3,3,3,0,0
"flowsom_consensus_k62_seed2026",5,340676,"CD3",5000,"detected_multimodality","both tests reject in at least two seeds",3,3,3,3,0,0
"flowsom_consensus_k62_seed2026",5,340676,"CD57",1000,"detected_multimodality","both tests reject in at least two seeds",3,3,3,3,0,0
"flowsom_consensus_k62_seed2026",5,340676,"CD57",5000,"detected_multimodality","both tests reject in at least two seeds",3,3,3,3,0,0
"flowsom_consensus_k62_seed2026",5,340676,"TCRgd_CD141",1000,"no_detected_multimodality","neither test rejects in any seed",3,0,0,0,1,0.459229614807404
"flowsom_consensus_k62_seed2026",5,340676,"TCRgd_CD141",5000,"no_detected_multimodality","neither test rejects in any seed",3,0,0,0,1,0.821982419781319
"flowsom_consensus_k62_seed2026",6,286433,"CD11c",1000,"ambiguous","discordant_tests;seed_instability",3,1,1,3,0.000734353984372826,0
"flowsom_consensus_k62_seed2026",6,286433,"CD11c",5000,"detected_multimodality","both tests reject in at least two seeds",3,3,3,3,0,0
"flowsom_consensus_k62_seed2026",6,286433,"CD161",1000,"ambiguous","discordant_tests;seed_instability;borderline_q",3,0,0,1,0.41442197483135,0.0135067533766883
"flowsom_consensus_k62_seed2026",6,286433,"CD161",5000,"detected_multimodality","both tests reject in at least two seeds",3,2,2,3,0.0032659370059922,0
"flowsom_consensus_k62_seed2026",6,286433,"CD197_CCR7",1000,"no_detected_multimodality","neither test rejects in any seed",3,0,0,0,0.997417072693715,0.476113056528264
"flowsom_consensus_k62_seed2026",6,286433,"CD197_CCR7",5000,"no_detected_multimodality","neither test rejects in any seed",3,0,0,0,1,0.484165159502828
"flowsom_consensus_k62_seed2026",6,286433,"CD25",1000,"no_detected_multimodality","neither test rejects in any seed",3,0,0,0,0.997417072693715,0.165457728864432
"flowsom_consensus_k62_seed2026",6,286433,"CD25",5000,"no_detected_multimodality","neither test rejects in any seed",3,0,0,0,1,0.135067533766883
"flowsom_consensus_k62_seed2026",6,286433,"CD3",1000,"ambiguous","borderline_q",3,0,0,0,0.997417072693715,0.0945472736368184
"flowsom_consensus_k62_seed2026",6,286433,"CD3",5000,"ambiguous","discordant_tests",3,0,0,3,0.591075786778632,0
"flowsom_consensus_k62_seed2026",6,286433,"CD57",1000,"ambiguous","discordant_tests;seed_instability;borderline_q",3,0,0,2,0.224091046562073,0
"flowsom_consensus_k62_seed2026",6,286433,"CD57",5000,"detected_multimodality","both tests reject in at least two seeds",3,2,2,3,0.000446800296613203,0
"flowsom_consensus_k62_seed2026",6,286433,"CD8",1000,"no_detected_multimodality","neither test rejects in any seed",3,0,0,0,0.997417072693715,0.670570579407351
"flowsom_consensus_k62_seed2026",6,286433,"CD8",5000,"no_detected_multimodality","neither test rejects in any seed",3,0,0,0,1,0.428164082041021
"flowsom_consensus_k62_seed2026",7,128303,"CD159c_NKG2C",1000,"no_detected_multimodality","neither test rejects in any seed",3,0,0,0,0.998950002334225,0.538340598870864
"flowsom_consensus_k62_seed2026",7,128303,"CD159c_NKG2C",5000,"detected_multimodality","both tests reject in at least two seeds",3,3,3,3,0.0100642330206994,0
"flowsom_consensus_k62_seed2026",7,128303,"CD57",1000,"detected_multimodality","both tests reject in at least two seeds",3,3,3,3,0.000205562234595225,0
"flowsom_consensus_k62_seed2026",7,128303,"CD57",5000,"detected_multimodality","both tests reject in at least two seeds",3,3,3,3,0,0
"flowsom_consensus_k62_seed2026",7,128303,"CD8",1000,"no_detected_multimodality","neither test rejects in any seed",3,0,0,0,0.998950002334225,0.77663831915958
"flowsom_consensus_k62_seed2026",7,128303,"CD8",5000,"no_detected_multimodality","neither test rejects in any seed",3,0,0,0,1,0.32416208104052
"flowsom_consensus_k62_seed2026",7,128303,"HLA-DR",1000,"no_detected_multimodality","neither test rejects in any seed",3,0,0,0,0.998950002334225,0.77663831915958
"flowsom_consensus_k62_seed2026",7,128303,"HLA-DR",5000,"no_detected_multimodality","neither test rejects in any seed",3,0,0,0,1,0.533066533266633
"flowsom_consensus_k62_seed2026",8,280345,"CD14",1000,"no_detected_multimodality","neither test rejects in any seed",3,0,0,0,0.999959021960774,0.773486743371686
"flowsom_consensus_k62_seed2026",8,280345,"CD14",5000,"no_detected_multimodality","neither test rejects in any seed",3,0,0,0,1,0.790145072536268
"flowsom_consensus_k62_seed2026",8,280345,"CD159c_NKG2C",1000,"no_detected_multimodality","neither test rejects in any seed",3,0,0,0,0.999959021960774,0.773486743371686
"flowsom_consensus_k62_seed2026",8,280345,"CD159c_NKG2C",5000,"ambiguous","discordant_tests;seed_instability;borderline_q",3,1,1,3,0.0429231436826501,0
"flowsom_consensus_k62_seed2026",8,280345,"CD56",1000,"no_detected_multimodality","neither test rejects in any seed",3,0,0,0,0.999959021960774,0.773486743371686
"flowsom_consensus_k62_seed2026",8,280345,"CD56",5000,"no_detected_multimodality","neither test rejects in any seed",3,0,0,0,1,0.823201074221321
"flowsom_consensus_k62_seed2026",8,280345,"CD57",1000,"ambiguous","discordant_tests;seed_instability",3,1,1,3,0.00125864025795031,0
"flowsom_consensus_k62_seed2026",8,280345,"CD57",5000,"detected_multimodality","both tests reject in at least two seeds",3,3,3,3,0,0
"flowsom_consensus_k62_seed2026",9,58949,"CD159c_NKG2C",1000,"ambiguous","discordant_tests",3,0,0,3,0.21798204512321,0
"flowsom_consensus_k62_seed2026",9,58949,"CD159c_NKG2C",5000,"detected_multimodality","both tests reject in at least two seeds",3,3,3,3,0,0
"flowsom_consensus_k62_seed2026",9,58949,"CD27",1000,"ambiguous","discordant_tests;seed_instability",3,0,0,2,0.999745113003271,0.00450225112556278
"flowsom_consensus_k62_seed2026",9,58949,"CD27",5000,"ambiguous","discordant_tests;seed_instability",3,0,0,2,1,0
"flowsom_consensus_k62_seed2026",9,58949,"CD56",1000,"ambiguous","discordant_tests;seed_instability",3,0,0,2,0.112653002559904,0
"flowsom_consensus_k62_seed2026",9,58949,"CD56",5000,"detected_multimodality","both tests reject in at least two seeds",3,3,3,3,0,0
"flowsom_consensus_k62_seed2026",9,58949,"CD57",1000,"ambiguous","discordant_tests;seed_instability;borderline_q",3,0,0,2,0.554242249626867,0
"flowsom_consensus_k62_seed2026",9,58949,"CD57",5000,"detected_multimodality","both tests reject in at least two seeds",3,2,2,3,0.00012378254717027,0
"flowsom_consensus_k62_seed2026",9,58949,"CD8",1000,"no_detected_multimodality","neither test rejects in any seed",3,0,0,0,0.999745113003271,0.62990586202192
"flowsom_consensus_k62_seed2026",9,58949,"CD8",5000,"no_detected_multimodality","neither test rejects in any seed",3,0,0,0,1,0.178964482241121
"flowsom_consensus_k62_seed2026",9,58949,"FoxP3",1000,"no_detected_multimodality","neither test rejects in any seed",3,0,0,0,0.999745113003271,0.320785392696348
"flowsom_consensus_k62_seed2026",9,58949,"FoxP3",5000,"no_detected_multimodality","neither test rejects in any seed",3,0,0,0,1,0.462231115557779
"flowsom_consensus_k62_seed2026",10,6767911,"CD127",1000,"no_detected_multimodality","neither test rejects in any seed",3,0,0,0,0.998479946890028,0.278576788394197
"flowsom_consensus_k62_seed2026",10,6767911,"CD127",5000,"ambiguous","discordant_tests",3,0,0,3,0.100782886501854,0
"flowsom_consensus_k62_seed2026",10,6767911,"CD19",1000,"ambiguous","borderline_q",3,0,0,0,0.998479946890028,0.0891445722861431
"flowsom_consensus_k62_seed2026",10,6767911,"CD19",5000,"no_detected_multimodality","neither test rejects in any seed",3,0,0,0,1,0.678039019509755
"flowsom_consensus_k62_seed2026",10,6767911,"CD197_CCR7",1000,"detected_multimodality","both tests reject in at least two seeds",3,3,3,3,0,0
"flowsom_consensus_k62_seed2026",10,6767911,"CD197_CCR7",5000,"detected_multimodality","both tests reject in at least two seeds",3,3,3,3,0,0
"flowsom_consensus_k62_seed2026",10,6767911,"CD27",1000,"detected_multimodality","both tests reject in at least two seeds",3,3,3,3,0,0
"flowsom_consensus_k62_seed2026",10,6767911,"CD27",5000,"detected_multimodality","both tests reject in at least two seeds",3,3,3,3,0,0
"flowsom_consensus_k62_seed2026",10,6767911,"CD38",1000,"no_detected_multimodality","neither test rejects in any seed",3,0,0,0,0.998479946890028,0.536893446723362
"flowsom_consensus_k62_seed2026",10,6767911,"CD38",5000,"no_detected_multimodality","neither test rejects in any seed",3,0,0,0,1,0.799471164153505
"flowsom_consensus_k62_seed2026",10,6767911,"CD45RA",1000,"detected_multimodality","both tests reject in at least two seeds",3,3,3,3,0,0
"flowsom_consensus_k62_seed2026",10,6767911,"CD45RA",5000,"detected_multimodality","both tests reject in at least two seeds",3,3,3,3,0,0
"flowsom_consensus_k62_seed2026",10,6767911,"CD57",1000,"no_detected_multimodality","neither test rejects in any seed",3,0,0,0,0.998479946890028,0.902951475737869
"flowsom_consensus_k62_seed2026",10,6767911,"CD57",5000,"no_detected_multimodality","neither test rejects in any seed",3,0,0,0,1,0.385907239333953
"flowsom_consensus_k62_seed2026",10,6767911,"Tbet",1000,"ambiguous","discordant_tests;seed_instability;borderline_q",3,0,0,2,0.294554600226795,0
"flowsom_consensus_k62_seed2026",10,6767911,"Tbet",5000,"detected_multimodality","both tests reject in at least two seeds",3,2,2,3,0.00515885808634745,0
"flowsom_consensus_k62_seed2026",10,6767911,"TCRgd_CD141",1000,"no_detected_multimodality","neither test rejects in any seed",3,0,0,0,0.998479946890028,0.24698063317373
"flowsom_consensus_k62_seed2026",10,6767911,"TCRgd_CD141",5000,"no_detected_multimodality","neither test rejects in any seed",3,0,0,0,1,0.220610305152576
"flowsom_consensus_k62_seed2026",11,133612,"CD11c",1000,"no_detected_multimodality","neither test rejects in any seed",3,0,0,0,0.997284017332065,0.592946473236618
"flowsom_consensus_k62_seed2026",11,133612,"CD11c",5000,"ambiguous","discordant_tests;seed_instability",3,0,0,2,1,0
"flowsom_consensus_k62_seed2026",11,133612,"CD159c_NKG2C",1000,"detected_multimodality","both tests reject in at least two seeds",3,3,3,3,0,0
"flowsom_consensus_k62_seed2026",11,133612,"CD159c_NKG2C",5000,"detected_multimodality","both tests reject in at least two seeds",3,3,3,3,0,0
"flowsom_consensus_k62_seed2026",11,133612,"CD16",1000,"ambiguous","borderline_q",3,0,0,0,0.997284017332065,0.0720360180090045
"flowsom_consensus_k62_seed2026",11,133612,"CD16",5000,"detected_multimodality","both tests reject in at least two seeds",3,2,2,3,9.6757867163455e-06,0
"flowsom_consensus_k62_seed2026",11,133612,"Tbet",1000,"no_detected_multimodality","neither test rejects in any seed",3,0,0,0,0.997284017332065,0.617756246544325
"flowsom_consensus_k62_seed2026",11,133612,"Tbet",5000,"no_detected_multimodality","neither test rejects in any seed",3,0,0,0,1,0.359617308654327
"flowsom_consensus_k62_seed2026",12,46765,"CD11c",1000,"ambiguous","discordant_tests;seed_instability",3,1,1,2,0.0306623286652242,0
"flowsom_consensus_k62_seed2026",12,46765,"CD11c",5000,"detected_multimodality","both tests reject in at least two seeds",3,3,3,3,0,0
"flowsom_consensus_k62_seed2026",12,46765,"CD27",1000,"no_detected_multimodality","neither test rejects in any seed",3,0,0,0,0.998579502820659,0.391695847923962
"flowsom_consensus_k62_seed2026",12,46765,"CD27",5000,"ambiguous","discordant_tests;seed_instability",3,0,0,2,1,0
"flowsom_consensus_k62_seed2026",12,46765,"CD3",1000,"detected_multimodality","both tests reject in at least two seeds",3,3,3,3,0,0
"flowsom_consensus_k62_seed2026",12,46765,"CD3",5000,"detected_multimodality","both tests reject in at least two seeds",3,3,3,3,0,0
"flowsom_consensus_k62_seed2026",12,46765,"CD56",1000,"detected_multimodality","both tests reject in at least two seeds",3,2,2,3,0.0392865679581749,0
"flowsom_consensus_k62_seed2026",12,46765,"CD56",5000,"detected_multimodality","both tests reject in at least two seeds",3,3,3,3,0,0
"flowsom_consensus_k62_seed2026",13,608176,"CD16",1000,"no_detected_multimodality","neither test rejects in any seed",3,0,0,0,0.999253863987003,0.48624312156078
"flowsom_consensus_k62_seed2026",13,608176,"CD16",5000,"no_detected_multimodality","neither test rejects in any seed",3,0,0,0,1,0.607803901950975
"flowsom_consensus_k62_seed2026",13,608176,"CD197_CCR7",1000,"no_detected_multimodality","neither test rejects in any seed",3,0,0,0,0.999253863987003,0.94651171739716
"flowsom_consensus_k62_seed2026",13,608176,"CD197_CCR7",5000,"no_detected_multimodality","neither test rejects in any seed",3,0,0,0,1,0.95447723861931
"flowsom_consensus_k62_seed2026",13,608176,"CD1c",1000,"no_detected_multimodality","neither test rejects in any seed",3,0,0,0,0.999253863987003,0.682935217608804
"flowsom_consensus_k62_seed2026",13,608176,"CD1c",5000,"no_detected_multimodality","neither test rejects in any seed",3,0,0,0,1,0.95447723861931
"flowsom_consensus_k62_seed2026",13,608176,"CD21",1000,"no_detected_multimodality","neither test rejects in any seed",3,0,0,0,0.999253863987003,0.682935217608804
"flowsom_consensus_k62_seed2026",13,608176,"CD21",5000,"no_detected_multimodality","neither test rejects in any seed",3,0,0,0,1,0.864432216108054
"flowsom_consensus_k62_seed2026",13,608176,"CD25",1000,"no_detected_multimodality","neither test rejects in any seed",3,0,0,0,0.999253863987003,0.94651171739716
"flowsom_consensus_k62_seed2026",13,608176,"CD25",5000,"no_detected_multimodality","neither test rejects in any seed",3,0,0,0,1,0.684342171085543
"flowsom_consensus_k62_seed2026",13,608176,"CD294_CRTH2",1000,"no_detected_multimodality","neither test rejects in any seed",3,0,0,0,0.999253863987003,0.604427213606803
"flowsom_consensus_k62_seed2026",13,608176,"CD294_CRTH2",5000,"no_detected_multimodality","neither test rejects in any seed",3,0,0,0,1,0.684342171085543
"flowsom_consensus_k62_seed2026",13,608176,"CD4",1000,"no_detected_multimodality","neither test rejects in any seed",3,0,0,0,0.999253863987003,0.604427213606803
"flowsom_consensus_k62_seed2026",13,608176,"CD4",5000,"no_detected_multimodality","neither test rejects in any seed",3,0,0,0,1,0.684342171085543
"flowsom_consensus_k62_seed2026",13,608176,"CD57",1000,"detected_multimodality","both tests reject in at least two seeds",3,3,3,3,0,0
"flowsom_consensus_k62_seed2026",13,608176,"CD57",5000,"detected_multimodality","both tests reject in at least two seeds",3,3,3,3,0,0
"flowsom_consensus_k62_seed2026",14,263568,"CD161",1000,"ambiguous","borderline_q",3,0,0,0,1,0.0877938969484742
"flowsom_consensus_k62_seed2026",14,263568,"CD161",5000,"ambiguous","discordant_tests;seed_instability",3,1,1,3,0.0472029137138117,0
"flowsom_consensus_k62_seed2026",14,263568,"CD19",1000,"no_detected_multimodality","neither test rejects in any seed",3,0,0,0,1,0.756378189094547
"flowsom_consensus_k62_seed2026",14,263568,"CD19",5000,"no_detected_multimodality","neither test rejects in any seed",3,0,0,0,1,0.753922415753331
"flowsom_consensus_k62_seed2026",14,263568,"CD38",1000,"detected_multimodality","both tests reject in at least two seeds",3,2,2,3,0,0
"flowsom_consensus_k62_seed2026",14,263568,"CD38",5000,"detected_multimodality","both tests reject in at least two seeds",3,3,3,3,0,0
"flowsom_consensus_k62_seed2026",14,263568,"CD57",1000,"no_detected_multimodality","neither test rejects in any seed",3,0,0,0,1,0.936693346673337
"flowsom_consensus_k62_seed2026",14,263568,"CD57",5000,"no_detected_multimodality","neither test rejects in any seed",3,0,0,0,1,0.522607457574941
"flowsom_consensus_k62_seed2026",14,263568,"CD7",1000,"no_detected_multimodality","neither test rejects in any seed",3,0,0,0,1,0.497048524262131
"flowsom_consensus_k62_seed2026",14,263568,"CD7",5000,"ambiguous","discordant_tests",3,0,0,3,0.109520366930949,0
"flowsom_consensus_k62_seed2026",15,31262,"CD11c",1000,"ambiguous","discordant_tests;seed_instability;borderline_q",3,1,1,2,0.00658250490059359,0
"flowsom_consensus_k62_seed2026",15,31262,"CD11c",5000,"detected_multimodality","both tests reject in at least two seeds",3,2,2,3,3.91384854445676e-05,0
"flowsom_consensus_k62_seed2026",15,31262,"CD14",1000,"no_detected_multimodality","neither test rejects in any seed",3,0,0,0,0.999283833558925,0.873171880057676
"flowsom_consensus_k62_seed2026",15,31262,"CD14",5000,"no_detected_multimodality","neither test rejects in any seed",3,0,0,0,1,0.968627170728221
"flowsom_consensus_k62_seed2026",15,31262,"CD161",1000,"detected_multimodality","both tests reject in at least two seeds",3,3,3,3,0,0
"flowsom_consensus_k62_seed2026",15,31262,"CD161",5000,"detected_multimodality","both tests reject in at least two seeds",3,3,3,3,0,0
"flowsom_consensus_k62_seed2026",15,31262,"CD294_CRTH2",1000,"no_detected_multimodality","neither test rejects in any seed",3,0,0,0,0.999283833558925,0.763131565782891
"flowsom_consensus_k62_seed2026",15,31262,"CD294_CRTH2",5000,"no_detected_multimodality","neither test rejects in any seed",3,0,0,0,1,0.225112556278139
"flowsom_consensus_k62_seed2026",15,31262,"CD38",1000,"no_detected_multimodality","neither test rejects in any seed",3,0,0,0,0.999283833558925,0.783391695847924
"flowsom_consensus_k62_seed2026",15,31262,"CD38",5000,"ambiguous","discordant_tests;seed_instability",3,0,0,1,0.816165527164601,0.0360180090045022
"flowsom_consensus_k62_seed2026",15,31262,"CD56",1000,"no_detected_multimodality","neither test rejects in any seed",3,0,0,0,0.999283833558925,0.783391695847924
"flowsom_consensus_k62_seed2026",15,31262,"CD56",5000,"no_detected_multimodality","neither test rejects in any seed",3,0,0,0,1,0.225112556278139
"flowsom_consensus_k62_seed2026",15,31262,"Tbet",1000,"no_detected_multimodality","neither test rejects in any seed",3,0,0,0,0.999283833558925,0.783391695847924
"flowsom_consensus_k62_seed2026",15,31262,"Tbet",5000,"no_detected_multimodality","neither test rejects in any seed",3,0,0,0,1,0.463088687200743
"flowsom_consensus_k62_seed2026",16,57019,"CD11c",1000,"no_detected_multimodality","neither test rejects in any seed",3,0,0,0,0.999138018472597,0.108054027013507
"flowsom_consensus_k62_seed2026",16,57019,"CD11c",5000,"ambiguous","discordant_tests;seed_instability",3,1,1,3,0.023957463422573,0
"flowsom_consensus_k62_seed2026",16,57019,"CD185_CXCR5",1000,"no_detected_multimodality","neither test rejects in any seed",3,0,0,0,0.999138018472597,0.339598370613878
"flowsom_consensus_k62_seed2026",16,57019,"CD185_CXCR5",5000,"ambiguous","discordant_tests",3,0,0,3,1,0
"flowsom_consensus_k62_seed2026",16,57019,"Tbet",1000,"ambiguous","discordant_tests",3,0,0,3,0.999138018472597,0
"flowsom_consensus_k62_seed2026",16,57019,"Tbet",5000,"detected_multimodality","both tests reject in at least two seeds",3,3,3,3,0,0
"flowsom_consensus_k62_seed2026",16,57019,"TCRgd_CD141",1000,"ambiguous","borderline_q",3,0,0,0,0.999138018472597,0.0675337668834417
"flowsom_consensus_k62_seed2026",16,57019,"TCRgd_CD141",5000,"ambiguous","discordant_tests;seed_instability",3,0,0,1,1,0
"flowsom_consensus_k62_seed2026",17,22500,"CD16",1000,"no_detected_multimodality","neither test rejects in any seed",3,0,0,0,1,0.389240074582746
"flowsom_consensus_k62_seed2026",17,22500,"CD16",5000,"no_detected_multimodality","neither test rejects in any seed",3,0,0,0,0.999305711190605,0.419609804902451
"flowsom_consensus_k62_seed2026",17,22500,"CD161",1000,"ambiguous","discordant_tests;seed_instability;borderline_q",3,0,0,2,0.197704933294808,0.00270135067533767
"flowsom_consensus_k62_seed2026",17,22500,"CD161",5000,"ambiguous","discordant_tests;seed_instability;borderline_q",3,1,1,3,0.000235497261835999,0
"flowsom_consensus_k62_seed2026",17,22500,"CD197_CCR7",1000,"no_detected_multimodality","neither test rejects in any seed",3,0,0,0,1,0.423620901359771
"flowsom_consensus_k62_seed2026",17,22500,"CD197_CCR7",5000,"ambiguous","discordant_tests",3,0,0,3,0.418011716126333,0
"flowsom_consensus_k62_seed2026",17,22500,"CD1c",1000,"no_detected_multimodality","neither test rejects in any seed",3,0,0,0,1,0.389240074582746
"flowsom_consensus_k62_seed2026",17,22500,"CD1c",5000,"no_detected_multimodality","neither test rejects in any seed",3,0,0,0,0.999305711190605,0.645322661330665
"flowsom_consensus_k62_seed2026",17,22500,"CD21",1000,"no_detected_multimodality","neither test rejects in any seed",3,0,0,0,1,0.520010005002501
"flowsom_consensus_k62_seed2026",17,22500,"CD21",5000,"no_detected_multimodality","neither test rejects in any seed",3,0,0,0,0.999305711190605,0.731365682841421
"flowsom_consensus_k62_seed2026",17,22500,"CD25",1000,"no_detected_multimodality","neither test rejects in any seed",3,0,0,0,1,0.886469550564756
"flowsom_consensus_k62_seed2026",17,22500,"CD25",5000,"no_detected_multimodality","neither test rejects in any seed",3,0,0,0,0.999305711190605,0.705052526263132
"flowsom_consensus_k62_seed2026",17,22500,"CD3",1000,"no_detected_multimodality","neither test rejects in any seed",3,0,0,0,1,0.610805402701351
"flowsom_consensus_k62_seed2026",17,22500,"CD3",5000,"ambiguous","borderline_q",3,0,0,0,0.999305711190605,0.0834962936013461
"flowsom_consensus_k62_seed2026",17,22500,"CD38",1000,"no_detected_multimodality","neither test rejects in any seed",3,0,0,0,1,0.143171585792896
"flowsom_consensus_k62_seed2026",17,22500,"CD38",5000,"ambiguous","discordant_tests;seed_instability;borderline_q",3,0,0,1,0.992280000555112,0
"flowsom_consensus_k62_seed2026",17,22500,"CD45RA",1000,"ambiguous","discordant_tests;seed_instability",3,0,0,2,0.241435190891681,0
"flowsom_consensus_k62_seed2026",17,22500,"CD45RA",5000,"detected_multimodality","both tests reject in at least two seeds",3,3,3,3,0,0
"flowsom_consensus_k62_seed2026",17,22500,"CD56",1000,"detected_multimodality","both tests reject in at least two seeds",3,3,3,3,3.01415432703012e-05,0
"flowsom_consensus_k62_seed2026",17,22500,"CD56",5000,"detected_multimodality","both tests reject in at least two seeds",3,3,3,3,0,0
"flowsom_consensus_k62_seed2026",17,22500,"CD7",1000,"detected_multimodality","both tests reject in at least two seeds",3,3,3,3,0.00174893835577494,0
"flowsom_consensus_k62_seed2026",17,22500,"CD7",5000,"detected_multimodality","both tests reject in at least two seeds",3,3,3,3,0,0
"flowsom_consensus_k62_seed2026",17,22500,"FoxP3",1000,"detected_multimodality","both tests reject in at least two seeds",3,3,3,3,4.88862458314365e-06,0
"flowsom_consensus_k62_seed2026",17,22500,"FoxP3",5000,"detected_multimodality","both tests reject in at least two seeds",3,3,3,3,0,0
"flowsom_consensus_k62_seed2026",18,132476,"CD11c",1000,"no_detected_multimodality","neither test rejects in any seed",3,0,0,0,1,0.290395197598799
"flowsom_consensus_k62_seed2026",18,132476,"CD11c",5000,"ambiguous","discordant_tests;seed_instability;borderline_q",3,0,0,2,0.540716445609104,0
"flowsom_consensus_k62_seed2026",18,132476,"CD159c_NKG2C",1000,"detected_multimodality","both tests reject in at least two seeds",3,2,2,3,0.00142082985752701,0
"flowsom_consensus_k62_seed2026",18,132476,"CD159c_NKG2C",5000,"detected_multimodality","both tests reject in at least two seeds",3,3,3,3,0,0
"flowsom_consensus_k62_seed2026",18,132476,"CD45RA",1000,"no_detected_multimodality","neither test rejects in any seed",3,0,0,0,1,0.774387193596798
"flowsom_consensus_k62_seed2026",18,132476,"CD45RA",5000,"no_detected_multimodality","neither test rejects in any seed",3,0,0,0,1,0.733048342352995
"flowsom_consensus_k62_seed2026",18,132476,"TCRgd_CD141",1000,"no_detected_multimodality","neither test rejects in any seed",3,0,0,0,1,0.895947973986994
"flowsom_consensus_k62_seed2026",18,132476,"TCRgd_CD141",5000,"ambiguous","discordant_tests;seed_instability",3,0,0,1,1,0.00450225112556278
"flowsom_consensus_k62_seed2026",19,28208,"CD27",1000,"no_detected_multimodality","neither test rejects in any seed",3,0,0,0,1,0.801119309654827
"flowsom_consensus_k62_seed2026",19,28208,"CD27",5000,"no_detected_multimodality","neither test rejects in any seed",3,0,0,0,1,0.434294070111979
"flowsom_consensus_k62_seed2026",19,28208,"CD56",1000,"ambiguous","discordant_tests;seed_instability",3,0,0,1,1,0.0270135067533767
"flowsom_consensus_k62_seed2026",19,28208,"CD56",5000,"detected_multimodality","both tests reject in at least two seeds",3,3,3,3,0,0
"flowsom_consensus_k62_seed2026",19,28208,"HLA-DR",1000,"no_detected_multimodality","neither test rejects in any seed",3,0,0,0,1,0.801119309654827
"flowsom_consensus_k62_seed2026",19,28208,"HLA-DR",5000,"no_detected_multimodality","neither test rejects in any seed",3,0,0,0,1,0.918459229614807
"flowsom_consensus_k62_seed2026",19,28208,"TCRgd_CD141",1000,"no_detected_multimodality","neither test rejects in any seed",3,0,0,0,1,0.117058529264632
"flowsom_consensus_k62_seed2026",19,28208,"TCRgd_CD141",5000,"ambiguous","discordant_tests",3,0,0,3,0.364941089930033,0
"flowsom_consensus_k62_seed2026",20,131251,"CD11c",1000,"no_detected_multimodality","neither test rejects in any seed",3,0,0,0,0.999560366166604,0.82137943971986
"flowsom_consensus_k62_seed2026",20,131251,"CD11c",5000,"ambiguous","discordant_tests",3,0,0,3,1,0
"flowsom_consensus_k62_seed2026",20,131251,"CD159c_NKG2C",1000,"no_detected_multimodality","neither test rejects in any seed",3,0,0,0,0.999560366166604,0.726363181590795
"flowsom_consensus_k62_seed2026",20,131251,"CD159c_NKG2C",5000,"no_detected_multimodality","neither test rejects in any seed",3,0,0,0,1,0.556028014007004
"flowsom_consensus_k62_seed2026",20,131251,"CD294_CRTH2",1000,"no_detected_multimodality","neither test rejects in any seed",3,0,0,0,0.999560366166604,0.624312156078039
"flowsom_consensus_k62_seed2026",20,131251,"CD294_CRTH2",5000,"no_detected_multimodality","neither test rejects in any seed",3,0,0,0,1,0.556028014007004
"flowsom_consensus_k62_seed2026",20,131251,"CD3",1000,"detected_multimodality","both tests reject in at least two seeds",3,3,3,3,0,0
"flowsom_consensus_k62_seed2026",20,131251,"CD3",5000,"detected_multimodality","both tests reject in at least two seeds",3,3,3,3,0,0
"flowsom_consensus_k62_seed2026",20,131251,"CD56",1000,"ambiguous","discordant_tests;seed_instability",3,0,0,1,0.999560366166604,0.0472736368184092
"flowsom_consensus_k62_seed2026",20,131251,"CD56",5000,"ambiguous","borderline_q",3,0,0,0,1,0.0585292646323162
"flowsom_consensus_k62_seed2026",21,219490,"CD11c",1000,"no_detected_multimodality","neither test rejects in any seed",3,0,0,0,0.998322725633439,0.300525262631316
"flowsom_consensus_k62_seed2026",21,219490,"CD11c",5000,"no_detected_multimodality","neither test rejects in any seed",3,0,0,0,1,0.462606303151576
"flowsom_consensus_k62_seed2026",21,219490,"CD16",1000,"no_detected_multimodality","neither test rejects in any seed",3,0,0,0,0.998322725633439,0.665689987851068
"flowsom_consensus_k62_seed2026",21,219490,"CD16",5000,"ambiguous","discordant_tests;seed_instability",3,0,0,1,1,0
"flowsom_consensus_k62_seed2026",21,219490,"CD161",1000,"no_detected_multimodality","neither test rejects in any seed",3,0,0,0,0.998322725633439,0.790820410205103
"flowsom_consensus_k62_seed2026",21,219490,"CD161",5000,"no_detected_multimodality","neither test rejects in any seed",3,0,0,0,1,0.678939469734867
"flowsom_consensus_k62_seed2026",21,219490,"CD185_CXCR5",1000,"no_detected_multimodality","neither test rejects in any seed",3,0,0,0,0.998322725633439,0.84192096048024
"flowsom_consensus_k62_seed2026",21,219490,"CD185_CXCR5",5000,"no_detected_multimodality","neither test rejects in any seed",3,0,0,0,1,0.97501875937969
"flowsom_consensus_k62_seed2026",21,219490,"CD1c",1000,"no_detected_multimodality","neither test rejects in any seed",3,0,0,0,0.998322725633439,0.466947759594083
"flowsom_consensus_k62_seed2026",21,219490,"CD1c",5000,"no_detected_multimodality","neither test rejects in any seed",3,0,0,0,1,0.989494747373687
"flowsom_consensus_k62_seed2026",21,219490,"CD21",1000,"no_detected_multimodality","neither test rejects in any seed",3,0,0,0,0.998322725633439,0.665689987851068
"flowsom_consensus_k62_seed2026",21,219490,"CD21",5000,"no_detected_multimodality","neither test rejects in any seed",3,0,0,0,1,0.97501875937969
"flowsom_consensus_k62_seed2026",21,219490,"CD25",1000,"no_detected_multimodality","neither test rejects in any seed",3,0,0,0,0.998322725633439,0.921353533909812
"flowsom_consensus_k62_seed2026",21,219490,"CD25",5000,"no_detected_multimodality","neither test rejects in any seed",3,0,0,0,1,0.989494747373687
"flowsom_consensus_k62_seed2026",21,219490,"CD3",1000,"detected_multimodality","both tests reject in at least two seeds",3,3,3,3,0,0
"flowsom_consensus_k62_seed2026",21,219490,"CD3",5000,"detected_multimodality","both tests reject in at least two seeds",3,3,3,3,0,0
"flowsom_consensus_k62_seed2026",21,219490,"CD303_TCRvd2",1000,"ambiguous","discordant_tests",3,0,0,3,0.17351941692084,0
"flowsom_consensus_k62_seed2026",21,219490,"CD303_TCRvd2",5000,"detected_multimodality","both tests reject in at least two seeds",3,3,3,3,0,0
"flowsom_consensus_k62_seed2026",21,219490,"CD45RA",1000,"ambiguous","discordant_tests;seed_instability",3,0,0,1,0.918020603704495,0.00450225112556278
"flowsom_consensus_k62_seed2026",21,219490,"CD45RA",5000,"ambiguous","discordant_tests;seed_instability;borderline_q",3,0,0,1,1,0
"flowsom_consensus_k62_seed2026",21,219490,"CD57",1000,"no_detected_multimodality","neither test rejects in any seed",3,0,0,0,0.998322725633439,0.104677338669335
"flowsom_consensus_k62_seed2026",21,219490,"CD57",5000,"detected_multimodality","both tests reject in at least two seeds",3,2,2,3,0.00671370010027117,0
"flowsom_consensus_k62_seed2026",22,244991,"CD161",1000,"detected_multimodality","both tests reject in at least two seeds",3,3,3,3,0.000604056943361186,0
"flowsom_consensus_k62_seed2026",22,244991,"CD161",5000,"detected_multimodality","both tests reject in at least two seeds",3,3,3,3,0,0
"flowsom_consensus_k62_seed2026",22,244991,"CD27",1000,"detected_multimodality","both tests reject in at least two seeds",3,3,3,3,0,0
"flowsom_consensus_k62_seed2026",22,244991,"CD27",5000,"detected_multimodality","both tests reject in at least two seeds",3,3,3,3,0,0
"flowsom_consensus_k62_seed2026",22,244991,"CD38",1000,"no_detected_multimodality","neither test rejects in any seed",3,0,0,0,0.997347202990732,0.249874937468734
"flowsom_consensus_k62_seed2026",22,244991,"CD38",5000,"no_detected_multimodality","neither test rejects in any seed",3,0,0,0,1,0.603301650825413
"flowsom_consensus_k62_seed2026",23,90032,"CD3",1000,"no_detected_multimodality","neither test rejects in any seed",3,0,0,0,0.998578253596926,0.627450088680704
"flowsom_consensus_k62_seed2026",23,90032,"CD3",5000,"ambiguous","discordant_tests",3,0,0,3,0.113866389325933,0
"flowsom_consensus_k62_seed2026",24,122981,"CD161",1000,"ambiguous","discordant_tests;seed_instability",3,1,1,2,0.00390120408122992,0
"flowsom_consensus_k62_seed2026",24,122981,"CD161",5000,"detected_multimodality","both tests reject in at least two seeds",3,2,2,3,8.85062201179676e-05,0
"flowsom_consensus_k62_seed2026",24,122981,"CD197_CCR7",1000,"no_detected_multimodality","neither test rejects in any seed",3,0,0,0,0.998908222420122,0.462453448946696
"flowsom_consensus_k62_seed2026",24,122981,"CD197_CCR7",5000,"ambiguous","discordant_tests",3,0,0,3,0.325827195422934,0
"flowsom_consensus_k62_seed2026",24,122981,"CD38",1000,"detected_multimodality","both tests reject in at least two seeds",3,3,3,3,0.000532338315143988,0
"flowsom_consensus_k62_seed2026",24,122981,"CD38",5000,"detected_multimodality","both tests reject in at least two seeds",3,3,3,3,0,0
"flowsom_consensus_k62_seed2026",24,122981,"CD45RA",1000,"ambiguous","discordant_tests;seed_instability",3,0,0,1,0.998908222420122,0.00650325162581291
"flowsom_consensus_k62_seed2026",24,122981,"CD45RA",5000,"ambiguous","discordant_tests;borderline_q",3,0,0,3,0.0513975458374969,0
"flowsom_consensus_k62_seed2026",24,122981,"CD7",1000,"ambiguous","discordant_tests;seed_instability",3,1,1,2,0.0060985607566576,0
"flowsom_consensus_k62_seed2026",24,122981,"CD7",5000,"detected_multimodality","both tests reject in at least two seeds",3,3,3,3,0,0
"flowsom_consensus_k62_seed2026",24,122981,"FoxP3",1000,"detected_multimodality","both tests reject in at least two seeds",3,3,3,3,0,0
"flowsom_consensus_k62_seed2026",24,122981,"FoxP3",5000,"detected_multimodality","both tests reject in at least two seeds",3,3,3,3,0,0
"flowsom_consensus_k62_seed2026",25,11368,"CD159c_NKG2C",1000,"detected_multimodality","both tests reject in at least two seeds",3,2,2,3,0.0309037478885171,0
"flowsom_consensus_k62_seed2026",25,11368,"CD159c_NKG2C",5000,"detected_multimodality","both tests reject in at least two seeds",3,3,3,3,0,0
"flowsom_consensus_k62_seed2026",25,11368,"CD16",1000,"no_detected_multimodality","neither test rejects in any seed",3,0,0,0,0.999560460044683,0.930345172586293
"flowsom_consensus_k62_seed2026",25,11368,"CD16",5000,"no_detected_multimodality","neither test rejects in any seed",3,0,0,0,1,0.725505609947831
"flowsom_consensus_k62_seed2026",25,11368,"CD19",1000,"no_detected_multimodality","neither test rejects in any seed",3,0,0,0,0.999560460044683,0.189094547273637
"flowsom_consensus_k62_seed2026",25,11368,"CD19",5000,"no_detected_multimodality","neither test rejects in any seed",3,0,0,0,1,0.82005288358465
"flowsom_consensus_k62_seed2026",25,11368,"CD1c",1000,"no_detected_multimodality","neither test rejects in any seed",3,0,0,0,0.999560460044683,0.694847423711856
"flowsom_consensus_k62_seed2026",25,11368,"CD1c",5000,"no_detected_multimodality","neither test rejects in any seed",3,0,0,0,1,0.555127563781891
"flowsom_consensus_k62_seed2026",25,11368,"CD21",1000,"no_detected_multimodality","neither test rejects in any seed",3,0,0,0,0.999560460044683,0.727942918827835
"flowsom_consensus_k62_seed2026",25,11368,"CD21",5000,"no_detected_multimodality","neither test rejects in any seed",3,0,0,0,1,0.489926781572604
"flowsom_consensus_k62_seed2026",25,11368,"CD25",1000,"no_detected_multimodality","neither test rejects in any seed",3,0,0,0,0.999560460044683,0.974987493746873
"flowsom_consensus_k62_seed2026",25,11368,"CD25",5000,"no_detected_multimodality","neither test rejects in any seed",3,0,0,0,1,0.489926781572604
"flowsom_consensus_k62_seed2026",25,11368,"CD294_CRTH2",1000,"no_detected_multimodality","neither test rejects in any seed",3,0,0,0,0.999560460044683,0.694847423711856
"flowsom_consensus_k62_seed2026",25,11368,"CD294_CRTH2",5000,"no_detected_multimodality","neither test rejects in any seed",3,0,0,0,1,0.536218109054527
"flowsom_consensus_k62_seed2026",25,11368,"CD3",1000,"detected_multimodality","both tests reject in at least two seeds",3,3,3,3,0,0
"flowsom_consensus_k62_seed2026",25,11368,"CD3",5000,"detected_multimodality","both tests reject in at least two seeds",3,3,3,3,0,0
"flowsom_consensus_k62_seed2026",25,11368,"CD38",1000,"no_detected_multimodality","neither test rejects in any seed",3,0,0,0,0.999560460044683,0.727942918827835
"flowsom_consensus_k62_seed2026",25,11368,"CD38",5000,"ambiguous","discordant_tests",3,0,0,3,0.260283950728629,0
"flowsom_consensus_k62_seed2026",25,11368,"CD56",1000,"no_detected_multimodality","neither test rejects in any seed",3,0,0,0,0.999560460044683,0.216108054027013
"flowsom_consensus_k62_seed2026",25,11368,"CD56",5000,"ambiguous","discordant_tests",3,0,0,3,0.260283950728629,0
"flowsom_consensus_k62_seed2026",25,11368,"CD57",1000,"ambiguous","discordant_tests;seed_instability",3,1,1,2,0.0121216740302329,0
"flowsom_consensus_k62_seed2026",25,11368,"CD57",5000,"ambiguous","discordant_tests",3,0,0,3,0.199515978910381,0
"flowsom_consensus_k62_seed2026",25,11368,"CD7",1000,"ambiguous","discordant_tests;seed_instability",3,0,0,1,0.999560460044683,0.0438969484742371
"flowsom_consensus_k62_seed2026",25,11368,"CD7",5000,"ambiguous","discordant_tests;seed_instability",3,0,0,1,1,0.0270135067533767
"flowsom_consensus_k62_seed2026",26,84036,"CD127",1000,"detected_multimodality","both tests reject in at least two seeds",3,2,2,3,0.0107846593417681,0
"flowsom_consensus_k62_seed2026",26,84036,"CD127",5000,"detected_multimodality","both tests reject in at least two seeds",3,3,3,3,0,0
"flowsom_consensus_k62_seed2026",26,84036,"CD161",1000,"ambiguous","discordant_tests;seed_instability;borderline_q",3,1,1,3,0.0111210248906373,0
"flowsom_consensus_k62_seed2026",26,84036,"CD161",5000,"detected_multimodality","both tests reject in at least two seeds",3,3,3,3,0,0
"flowsom_consensus_k62_seed2026",26,84036,"CD185_CXCR5",1000,"ambiguous","discordant_tests;seed_instability;borderline_q",3,0,0,1,0.999084976096549,0.0225112556278139
"flowsom_consensus_k62_seed2026",26,84036,"CD185_CXCR5",5000,"no_detected_multimodality","neither test rejects in any seed",3,0,0,0,1,0.904952476238119
"flowsom_consensus_k62_seed2026",26,84036,"CD19",1000,"no_detected_multimodality","neither test rejects in any seed",3,0,0,0,0.999084976096549,0.710792896448224
"flowsom_consensus_k62_seed2026",26,84036,"CD19",5000,"no_detected_multimodality","neither test rejects in any seed",3,0,0,0,1,0.19959979989995
"flowsom_consensus_k62_seed2026",26,84036,"CD27",1000,"detected_multimodality","both tests reject in at least two seeds",3,2,2,3,0,0
"flowsom_consensus_k62_seed2026",26,84036,"CD27",5000,"detected_multimodality","both tests reject in at least two seeds",3,3,3,3,0,0
"flowsom_consensus_k62_seed2026",26,84036,"CD303_TCRvd2",1000,"detected_multimodality","both tests reject in at least two seeds",3,3,3,3,0,0
"flowsom_consensus_k62_seed2026",26,84036,"CD303_TCRvd2",5000,"detected_multimodality","both tests reject in at least two seeds",3,3,3,3,0,0
"flowsom_consensus_k62_seed2026",26,84036,"FoxP3",1000,"no_detected_multimodality","neither test rejects in any seed",3,0,0,0,0.999084976096549,0.568409204602301
"flowsom_consensus_k62_seed2026",26,84036,"FoxP3",5000,"no_detected_multimodality","neither test rejects in any seed",3,0,0,0,1,0.964693885404241
"flowsom_consensus_k62_seed2026",26,84036,"TCRgd_CD141",1000,"detected_multimodality","both tests reject in at least two seeds",3,3,3,3,0,0
"flowsom_consensus_k62_seed2026",26,84036,"TCRgd_CD141",5000,"detected_multimodality","both tests reject in at least two seeds",3,3,3,3,0,0
"flowsom_consensus_k62_seed2026",27,724975,"CD127",1000,"no_detected_multimodality","neither test rejects in any seed",3,0,0,0,0.999272604005081,0.688844422211106
"flowsom_consensus_k62_seed2026",27,724975,"CD127",5000,"ambiguous","discordant_tests",3,0,0,3,1,0.00150075037518759
"flowsom_consensus_k62_seed2026",27,724975,"CD16",1000,"detected_multimodality","both tests reject in at least two seeds",3,2,2,3,0.00309034733768987,0
"flowsom_consensus_k62_seed2026",27,724975,"CD16",5000,"detected_multimodality","both tests reject in at least two seeds",3,3,3,3,0,0
"flowsom_consensus_k62_seed2026",27,724975,"CD185_CXCR5",1000,"ambiguous","borderline_q",3,0,0,0,0.999272604005081,0.0594297148574287
"flowsom_consensus_k62_seed2026",27,724975,"CD185_CXCR5",5000,"ambiguous","discordant_tests;borderline_q",3,0,0,3,0.0626698808988,0
"flowsom_consensus_k62_seed2026",27,724975,"CD197_CCR7",1000,"no_detected_multimodality","neither test rejects in any seed",3,0,0,0,0.999272604005081,0.886380690345173
"flowsom_consensus_k62_seed2026",27,724975,"CD197_CCR7",5000,"ambiguous","borderline_q",3,0,0,0,1,0.0931965982991496
"flowsom_consensus_k62_seed2026",27,724975,"CD21",1000,"ambiguous","discordant_tests;seed_instability",3,0,0,2,0.56991428888638,0
"flowsom_consensus_k62_seed2026",27,724975,"CD21",5000,"detected_multimodality","both tests reject in at least two seeds",3,3,3,3,1.6343614128056e-05,0
"flowsom_consensus_k62_seed2026",27,724975,"CD27",1000,"no_detected_multimodality","neither test rejects in any seed",3,0,0,0,0.999272604005081,0.178964482241121
"flowsom_consensus_k62_seed2026",27,724975,"CD27",5000,"ambiguous","discordant_tests",3,0,0,3,1,0.00270135067533767
"flowsom_consensus_k62_seed2026",27,724975,"CD38",1000,"ambiguous","borderline_q",3,0,0,0,0.999272604005081,0.0607803901950975
"flowsom_consensus_k62_seed2026",27,724975,"CD38",5000,"ambiguous","discordant_tests;seed_instability;borderline_q",3,1,1,3,0.00755606255815974,0
"flowsom_consensus_k62_seed2026",27,724975,"CD45RA",1000,"ambiguous","discordant_tests;seed_instability",3,1,1,3,0.0259738279808855,0
"flowsom_consensus_k62_seed2026",27,724975,"CD45RA",5000,"detected_multimodality","both tests reject in at least two seeds",3,3,3,3,0.00454277499290023,0
"flowsom_consensus_k62_seed2026",27,724975,"Tbet",1000,"no_detected_multimodality","neither test rejects in any seed",3,0,0,0,0.999272604005081,0.611180590295148
"flowsom_consensus_k62_seed2026",27,724975,"Tbet",5000,"no_detected_multimodality","neither test rejects in any seed",3,0,0,0,1,0.44861716572572
"flowsom_consensus_k62_seed2026",28,173141,"CD11c",1000,"no_detected_multimodality","neither test rejects in any seed",3,0,0,0,0.998183742818717,0.114807403701851
"flowsom_consensus_k62_seed2026",28,173141,"CD11c",5000,"ambiguous","discordant_tests;seed_instability",3,0,0,2,0.831996474354574,0.00337668834417209
"flowsom_consensus_k62_seed2026",28,173141,"CD16",1000,"no_detected_multimodality","neither test rejects in any seed",3,0,0,0,0.998183742818717,0.158704352176088
"flowsom_consensus_k62_seed2026",28,173141,"CD16",5000,"ambiguous","discordant_tests;seed_instability",3,0,0,1,1,0.0168834417208604
"flowsom_consensus_k62_seed2026",28,173141,"CD161",1000,"ambiguous","discordant_tests;seed_instability",3,0,0,2,0.134927759829545,0
"flowsom_consensus_k62_seed2026",28,173141,"CD161",5000,"detected_multimodality","both tests reject in at least two seeds",3,3,3,3,0.00109360361849176,0
"flowsom_consensus_k62_seed2026",28,173141,"CD56",1000,"no_detected_multimodality","neither test rejects in any seed",3,0,0,0,0.998183742818717,0.159379689844922
"flowsom_consensus_k62_seed2026",28,173141,"CD56",5000,"ambiguous","discordant_tests",3,0,0,3,0.420007416328799,0
"flowsom_consensus_k62_seed2026",28,173141,"CD7",1000,"no_detected_multimodality","neither test rejects in any seed",3,0,0,0,0.998183742818717,0.800871023747168
"flowsom_consensus_k62_seed2026",28,173141,"CD7",5000,"ambiguous","borderline_q",3,0,0,0,1,0.0562781390695348
"flowsom_consensus_k62_seed2026",28,173141,"Tbet",1000,"ambiguous","discordant_tests",3,0,0,3,0.998183742818717,0
"flowsom_consensus_k62_seed2026",28,173141,"Tbet",5000,"detected_multimodality","both tests reject in at least two seeds",3,3,3,3,0,0
"flowsom_consensus_k62_seed2026",28,173141,"TCRgd_CD141",1000,"ambiguous","borderline_q",3,0,0,0,0.998183742818717,0.0585292646323162
"flowsom_consensus_k62_seed2026",28,173141,"TCRgd_CD141",5000,"no_detected_multimodality","neither test rejects in any seed",3,0,0,0,1,0.745004080987862
"flowsom_consensus_k62_seed2026",29,105074,"CD11c",1000,"ambiguous","discordant_tests;seed_instability;borderline_q",3,1,1,2,0.000198065290478222,0
"flowsom_consensus_k62_seed2026",29,105074,"CD11c",5000,"detected_multimodality","both tests reject in at least two seeds",3,3,3,3,0,0
"flowsom_consensus_k62_seed2026",29,105074,"CD127",1000,"no_detected_multimodality","neither test rejects in any seed",3,0,0,0,1,0.745872936468234
"flowsom_consensus_k62_seed2026",29,105074,"CD127",5000,"no_detected_multimodality","neither test rejects in any seed",3,0,0,0,1,0.298649324662331
"flowsom_consensus_k62_seed2026",29,105074,"CD159c_NKG2C",1000,"no_detected_multimodality","neither test rejects in any seed",3,0,0,0,1,0.138444222111056
"flowsom_consensus_k62_seed2026",29,105074,"CD159c_NKG2C",5000,"detected_multimodality","both tests reject in at least two seeds",3,3,3,3,0,0
"flowsom_consensus_k62_seed2026",29,105074,"CD3",1000,"ambiguous","discordant_tests;seed_instability;borderline_q",3,0,0,2,1,0.00675337668834417
"flowsom_consensus_k62_seed2026",29,105074,"CD3",5000,"detected_multimodality","both tests reject in at least two seeds",3,3,3,3,0.000429781411866226,0
"flowsom_consensus_k62_seed2026",29,105074,"CD57",1000,"detected_multimodality","both tests reject in at least two seeds",3,2,2,3,8.7172185393114e-05,0
"flowsom_consensus_k62_seed2026",29,105074,"CD57",5000,"detected_multimodality","both tests reject in at least two seeds",3,3,3,3,0,0
"flowsom_consensus_k62_seed2026",29,105074,"CD8",1000,"no_detected_multimodality","neither test rejects in any seed",3,0,0,0,1,0.912933739597071
"flowsom_consensus_k62_seed2026",29,105074,"CD8",5000,"no_detected_multimodality","neither test rejects in any seed",3,0,0,0,1,0.593258167545311
"flowsom_consensus_k62_seed2026",30,28772,"CD159c_NKG2C",1000,"ambiguous","discordant_tests;seed_instability",3,0,0,1,0.997831090122611,0
"flowsom_consensus_k62_seed2026",30,28772,"CD159c_NKG2C",5000,"detected_multimodality","both tests reject in at least two seeds",3,3,3,3,0.000405844334754768,0
"flowsom_consensus_k62_seed2026",30,28772,"CD185_CXCR5",1000,"no_detected_multimodality","neither test rejects in any seed",3,0,0,0,0.997831090122611,0.596548274137069
"flowsom_consensus_k62_seed2026",30,28772,"CD185_CXCR5",5000,"no_detected_multimodality","neither test rejects in any seed",3,0,0,0,1,0.881990995497749
"flowsom_consensus_k62_seed2026",30,28772,"CD19",1000,"no_detected_multimodality","neither test rejects in any seed",3,0,0,0,0.997831090122611,0.823911955977989
"flowsom_consensus_k62_seed2026",30,28772,"CD19",5000,"no_detected_multimodality","neither test rejects in any seed",3,0,0,0,1,0.968188639774433
"flowsom_consensus_k62_seed2026",30,28772,"CD3",1000,"ambiguous","discordant_tests",3,0,0,3,0.816827065600659,0
"flowsom_consensus_k62_seed2026",30,28772,"CD3",5000,"detected_multimodality","both tests reject in at least two seeds",3,2,2,3,0.00276556506719916,0
"flowsom_consensus_k62_seed2026",30,28772,"CD38",1000,"no_detected_multimodality","neither test rejects in any seed",3,0,0,0,0.997831090122611,0.725505609947831
"flowsom_consensus_k62_seed2026",30,28772,"CD38",5000,"no_detected_multimodality","neither test rejects in any seed",3,0,0,0,1,0.904952476238119
"flowsom_consensus_k62_seed2026",30,28772,"CD4",1000,"no_detected_multimodality","neither test rejects in any seed",3,0,0,0,0.997831090122611,0.811249374687344
"flowsom_consensus_k62_seed2026",30,28772,"CD4",5000,"no_detected_multimodality","neither test rejects in any seed",3,0,0,0,1,0.256628314157079
"flowsom_consensus_k62_seed2026",30,28772,"CD56",1000,"ambiguous","discordant_tests;seed_instability",3,0,0,1,0.997831090122611,0.0225112556278139
"flowsom_consensus_k62_seed2026",30,28772,"CD56",5000,"ambiguous","discordant_tests;seed_instability;borderline_q",3,1,1,3,0.010131029600808,0
"flowsom_consensus_k62_seed2026",30,28772,"CD57",1000,"ambiguous","discordant_tests;seed_instability",3,0,0,2,0.816827065600659,0.0202601300650325
"flowsom_consensus_k62_seed2026",30,28772,"CD57",5000,"ambiguous","discordant_tests;seed_instability;borderline_q",3,0,0,1,0.463248032066474,0
"flowsom_consensus_k62_seed2026",30,28772,"CD7",1000,"no_detected_multimodality","neither test rejects in any seed",3,0,0,0,0.997831090122611,0.175587793896948
"flowsom_consensus_k62_seed2026",30,28772,"CD7",5000,"no_detected_multimodality","neither test rejects in any seed",3,0,0,0,1,0.143171585792896
"flowsom_consensus_k62_seed2026",31,32398,"CD19",1000,"no_detected_multimodality","neither test rejects in any seed",3,0,0,0,0.99859208123019,0.661036400553218
"flowsom_consensus_k62_seed2026",31,32398,"CD19",5000,"ambiguous","borderline_q",3,0,0,0,1,0.0861055527763882
"flowsom_consensus_k62_seed2026",31,32398,"CD294_CRTH2",1000,"no_detected_multimodality","neither test rejects in any seed",3,0,0,0,0.99859208123019,0.332266133066533
"flowsom_consensus_k62_seed2026",31,32398,"CD294_CRTH2",5000,"ambiguous","borderline_q",3,0,0,0,1,0.0720360180090045
"flowsom_consensus_k62_seed2026",31,32398,"CD303_TCRvd2",1000,"detected_multimodality","both tests reject in at least two seeds",3,3,3,3,0,0
"flowsom_consensus_k62_seed2026",31,32398,"CD303_TCRvd2",5000,"detected_multimodality","both tests reject in at least two seeds",3,3,3,3,0,0
"flowsom_consensus_k62_seed2026",31,32398,"CD4",1000,"ambiguous","borderline_q",3,0,0,0,0.99859208123019,0.0607803901950975
"flowsom_consensus_k62_seed2026",31,32398,"CD4",5000,"detected_multimodality","both tests reject in at least two seeds",3,2,2,3,0.0214615718413251,0
"flowsom_consensus_k62_seed2026",31,32398,"CD57",1000,"ambiguous","discordant_tests;seed_instability;borderline_q",3,1,1,2,0.00363919049521466,0
"flowsom_consensus_k62_seed2026",31,32398,"CD57",5000,"detected_multimodality","both tests reject in at least two seeds",3,3,3,3,4.19275835150668e-06,0
"flowsom_consensus_k62_seed2026",31,32398,"TCRgd_CD141",1000,"detected_multimodality","both tests reject in at least two seeds",3,3,3,3,0.000241556306973867,0
"flowsom_consensus_k62_seed2026",31,32398,"TCRgd_CD141",5000,"detected_multimodality","both tests reject in at least two seeds",3,3,3,3,0,0
"flowsom_consensus_k62_seed2026",32,720642,"CD27",1000,"detected_multimodality","both tests reject in at least two seeds",3,3,3,3,0,0
"flowsom_consensus_k62_seed2026",32,720642,"CD27",5000,"detected_multimodality","both tests reject in at least two seeds",3,3,3,3,0,0
"flowsom_consensus_k62_seed2026",32,720642,"CD303_TCRvd2",1000,"detected_multimodality","both tests reject in at least two seeds",3,3,3,3,0,0
"flowsom_consensus_k62_seed2026",32,720642,"CD303_TCRvd2",5000,"detected_multimodality","both tests reject in at least two seeds",3,3,3,3,0,0
"flowsom_consensus_k62_seed2026",32,720642,"TCRgd_CD141",1000,"detected_multimodality","both tests reject in at least two seeds",3,3,3,3,0,0
"flowsom_consensus_k62_seed2026",32,720642,"TCRgd_CD141",5000,"detected_multimodality","both tests reject in at least two seeds",3,3,3,3,0,0
"flowsom_consensus_k62_seed2026",33,9546,"CD56",1000,"ambiguous","discordant_tests",3,0,0,3,0.156015681147084,0.00675337668834417
"flowsom_consensus_k62_seed2026",33,9546,"CD56",5000,"detected_multimodality","both tests reject in at least two seeds",3,3,3,3,0,0
"flowsom_consensus_k62_seed2026",33,9546,"CD57",1000,"detected_multimodality","both tests reject in at least two seeds",3,3,3,3,0,0
"flowsom_consensus_k62_seed2026",33,9546,"CD57",5000,"detected_multimodality","both tests reject in at least two seeds",3,3,3,3,0,0
"flowsom_consensus_k62_seed2026",33,9546,"HLA-DR",1000,"no_detected_multimodality","neither test rejects in any seed",3,0,0,0,0.998598214065777,0.761202029586222
"flowsom_consensus_k62_seed2026",33,9546,"HLA-DR",5000,"no_detected_multimodality","neither test rejects in any seed",3,0,0,0,1,0.649449724862431
"flowsom_consensus_k62_seed2026",33,9546,"TCRgd_CD141",1000,"ambiguous","borderline_q",3,0,0,0,0.998598214065777,0.0675337668834417
"flowsom_consensus_k62_seed2026",33,9546,"TCRgd_CD141",5000,"ambiguous","discordant_tests;seed_instability",3,0,0,1,1,0.0432216108054027
"flowsom_consensus_k62_seed2026",34,287685,"CD159c_NKG2C",1000,"no_detected_multimodality","neither test rejects in any seed",3,0,0,0,0.999166006846217,0.724453135658738
"flowsom_consensus_k62_seed2026",34,287685,"CD159c_NKG2C",5000,"no_detected_multimodality","neither test rejects in any seed",3,0,0,0,1,0.897073536768384
"flowsom_consensus_k62_seed2026",34,287685,"CD161",1000,"ambiguous","discordant_tests;seed_instability",3,0,0,2,0.897203597531237,0
"flowsom_consensus_k62_seed2026",34,287685,"CD161",5000,"detected_multimodality","both tests reject in at least two seeds",3,3,3,3,3.27848416274978e-05,0
"flowsom_consensus_k62_seed2026",34,287685,"CD27",1000,"detected_multimodality","both tests reject in at least two seeds",3,2,2,3,0.00129218036196943,0
"flowsom_consensus_k62_seed2026",34,287685,"CD27",5000,"detected_multimodality","both tests reject in at least two seeds",3,3,3,3,0,0
"flowsom_consensus_k62_seed2026",34,287685,"CD7",1000,"no_detected_multimodality","neither test rejects in any seed",3,0,0,0,0.999166006846217,0.724453135658738
"flowsom_consensus_k62_seed2026",34,287685,"CD7",5000,"no_detected_multimodality","neither test rejects in any seed",3,0,0,0,1,0.794647323661831
"flowsom_consensus_k62_seed2026",35,3528,"CD11c",1000,"no_detected_multimodality","neither test rejects in any seed",3,0,0,0,0.999467418673755,0.235754240756742
"flowsom_consensus_k62_seed2026",35,3528,"CD11c",5000,"detected_multimodality","both tests reject in at least two seeds",3,3,3,3,0.00893245646979909,0
"flowsom_consensus_k62_seed2026",35,3528,"CD127",1000,"detected_multimodality","both tests reject in at least two seeds",3,3,3,3,0,0
"flowsom_consensus_k62_seed2026",35,3528,"CD127",5000,"detected_multimodality","both tests reject in at least two seeds",3,3,3,3,0,0
"flowsom_consensus_k62_seed2026",35,3528,"CD159c_NKG2C",1000,"detected_multimodality","both tests reject in at least two seeds",3,3,3,3,0,0
"flowsom_consensus_k62_seed2026",35,3528,"CD159c_NKG2C",5000,"detected_multimodality","both tests reject in at least two seeds",3,3,3,3,0,0
"flowsom_consensus_k62_seed2026",35,3528,"CD161",1000,"detected_multimodality","both tests reject in at least two seeds",3,3,3,3,0,0
"flowsom_consensus_k62_seed2026",35,3528,"CD161",5000,"detected_multimodality","both tests reject in at least two seeds",3,3,3,3,0,0
"flowsom_consensus_k62_seed2026",35,3528,"CD19",1000,"no_detected_multimodality","neither test rejects in any seed",3,0,0,0,0.999467418673755,0.399729276402907
"flowsom_consensus_k62_seed2026",35,3528,"CD19",5000,"ambiguous","borderline_q",3,0,0,0,1,0.0920460230115058
"flowsom_consensus_k62_seed2026",35,3528,"CD294_CRTH2",1000,"detected_multimodality","both tests reject in at least two seeds",3,3,3,3,0,0
"flowsom_consensus_k62_seed2026",35,3528,"CD294_CRTH2",5000,"detected_multimodality","both tests reject in at least two seeds",3,3,3,3,0,0
"flowsom_consensus_k62_seed2026",35,3528,"CD3",1000,"no_detected_multimodality","neither test rejects in any seed",3,0,0,0,0.999467418673755,0.16208104052026
"flowsom_consensus_k62_seed2026",35,3528,"CD3",5000,"ambiguous","discordant_tests;borderline_q",3,0,0,3,0.0594847833691406,0
"flowsom_consensus_k62_seed2026",35,3528,"CD56",1000,"detected_multimodality","both tests reject in at least two seeds",3,3,3,3,0,0
"flowsom_consensus_k62_seed2026",35,3528,"CD56",5000,"detected_multimodality","both tests reject in at least two seeds",3,3,3,3,0,0
"flowsom_consensus_k62_seed2026",35,3528,"CD57",1000,"no_detected_multimodality","neither test rejects in any seed",3,0,0,0,0.999467418673755,0.369184592296148
"flowsom_consensus_k62_seed2026",35,3528,"CD57",5000,"ambiguous","discordant_tests",3,0,0,3,0.691752154705125,0
"flowsom_consensus_k62_seed2026",35,3528,"CD7",1000,"no_detected_multimodality","neither test rejects in any seed",3,0,0,0,0.999467418673755,0.414207103551776
"flowsom_consensus_k62_seed2026",35,3528,"CD7",5000,"ambiguous","discordant_tests",3,0,0,3,1,0.00479406369851593
"flowsom_consensus_k62_seed2026",35,3528,"CD8",1000,"no_detected_multimodality","neither test rejects in any seed",3,0,0,0,0.999467418673755,0.32616308154077
"flowsom_consensus_k62_seed2026",35,3528,"CD8",5000,"ambiguous","discordant_tests",3,0,0,3,0.18191733917728,0
"flowsom_consensus_k62_seed2026",35,3528,"FoxP3",1000,"no_detected_multimodality","neither test rejects in any seed",3,0,0,0,0.999467418673755,0.235754240756742
"flowsom_consensus_k62_seed2026",35,3528,"FoxP3",5000,"ambiguous","discordant_tests",3,0,0,3,0.550334335943453,0
"flowsom_consensus_k62_seed2026",35,3528,"Tbet",1000,"no_detected_multimodality","neither test rejects in any seed",3,0,0,0,0.999467418673755,0.369184592296148
"flowsom_consensus_k62_seed2026",35,3528,"Tbet",5000,"no_detected_multimodality","neither test rejects in any seed",3,0,0,0,1,0.296442338816467
"flowsom_consensus_k62_seed2026",35,3528,"TCRgd_CD141",1000,"detected_multimodality","both tests reject in at least two seeds",3,3,3,3,0.00317021819708024,0
"flowsom_consensus_k62_seed2026",35,3528,"TCRgd_CD141",5000,"detected_multimodality","both tests reject in at least two seeds",3,3,3,3,0,0
"flowsom_consensus_k62_seed2026",36,726106,"CD127",1000,"ambiguous","borderline_q",3,0,0,0,0.998532957599717,0.0990495247623812
"flowsom_consensus_k62_seed2026",36,726106,"CD127",5000,"ambiguous","discordant_tests;seed_instability",3,0,0,1,1,0.0250839705567069
"flowsom_consensus_k62_seed2026",36,726106,"CD161",1000,"no_detected_multimodality","neither test rejects in any seed",3,0,0,0,0.998532957599717,0.561655827913957
"flowsom_consensus_k62_seed2026",36,726106,"CD161",5000,"no_detected_multimodality","neither test rejects in any seed",3,0,0,0,1,0.221173086543272
"flowsom_consensus_k62_seed2026",36,726106,"CD27",1000,"detected_multimodality","both tests reject in at least two seeds",3,3,3,3,0,0
"flowsom_consensus_k62_seed2026",36,726106,"CD27",5000,"detected_multimodality","both tests reject in at least two seeds",3,3,3,3,0,0
"flowsom_consensus_k62_seed2026",36,726106,"CD3",1000,"ambiguous","discordant_tests;seed_instability;borderline_q",3,0,0,2,0.998532957599717,0
"flowsom_consensus_k62_seed2026",36,726106,"CD3",5000,"detected_multimodality","both tests reject in at least two seeds",3,3,3,3,9.44948666532219e-05,0
"flowsom_consensus_k62_seed2026",36,726106,"CD303_TCRvd2",1000,"ambiguous","discordant_tests;seed_instability",3,0,0,2,0.998532957599717,0.00270135067533767
"flowsom_consensus_k62_seed2026",36,726106,"CD303_TCRvd2",5000,"ambiguous","discordant_tests;borderline_q",3,0,0,3,0.0588141227509878,0
"flowsom_consensus_k62_seed2026",36,726106,"CD38",1000,"no_detected_multimodality","neither test rejects in any seed",3,0,0,0,0.998532957599717,0.568322622849887
"flowsom_consensus_k62_seed2026",36,726106,"CD38",5000,"ambiguous","discordant_tests",3,0,0,3,0.690767728179408,0
"flowsom_consensus_k62_seed2026",36,726106,"CD45RA",1000,"detected_multimodality","both tests reject in at least two seeds",3,3,3,3,0,0
"flowsom_consensus_k62_seed2026",36,726106,"CD45RA",5000,"detected_multimodality","both tests reject in at least two seeds",3,3,3,3,0,0
"flowsom_consensus_k62_seed2026",36,726106,"HLA-DR",1000,"ambiguous","discordant_tests;seed_instability",3,0,0,1,0.998532957599717,0.0101300650325163
"flowsom_consensus_k62_seed2026",36,726106,"HLA-DR",5000,"no_detected_multimodality","neither test rejects in any seed",3,0,0,0,1,0.450225112556278
"flowsom_consensus_k62_seed2026",36,726106,"Tbet",1000,"detected_multimodality","both tests reject in at least two seeds",3,3,3,3,3.29425374259174e-05,0
"flowsom_consensus_k62_seed2026",36,726106,"Tbet",5000,"detected_multimodality","both tests reject in at least two seeds",3,3,3,3,0,0
"flowsom_consensus_k62_seed2026",37,23506,"CD127",1000,"no_detected_multimodality","neither test rejects in any seed",3,0,0,0,0.998237324525974,0.238619309654827
"flowsom_consensus_k62_seed2026",37,23506,"CD127",5000,"ambiguous","discordant_tests",3,0,0,3,0.32012676484847,0
"flowsom_consensus_k62_seed2026",37,23506,"CD161",1000,"detected_multimodality","both tests reject in at least two seeds",3,3,3,3,0,0
"flowsom_consensus_k62_seed2026",37,23506,"CD161",5000,"detected_multimodality","both tests reject in at least two seeds",3,3,3,3,0,0
"flowsom_consensus_k62_seed2026",37,23506,"CD27",1000,"ambiguous","discordant_tests;seed_instability;borderline_q",3,0,0,2,0.0935179933509922,0
"flowsom_consensus_k62_seed2026",37,23506,"CD27",5000,"detected_multimodality","both tests reject in at least two seeds",3,3,3,3,0.00125401786550849,0
"flowsom_consensus_k62_seed2026",37,23506,"CD38",1000,"ambiguous","discordant_tests;seed_instability",3,0,0,2,0.955968554778353,0
"flowsom_consensus_k62_seed2026",37,23506,"CD38",5000,"detected_multimodality","both tests reject in at least two seeds",3,3,3,3,9.83177454639828e-05,0
"flowsom_consensus_k62_seed2026",37,23506,"CD4",1000,"ambiguous","discordant_tests;seed_instability;borderline_q",3,1,1,3,0.0187960253508974,0
"flowsom_consensus_k62_seed2026",37,23506,"CD4",5000,"detected_multimodality","both tests reject in at least two seeds",3,3,3,3,0,0
"flowsom_consensus_k62_seed2026",37,23506,"CD45RA",1000,"no_detected_multimodality","neither test rejects in any seed",3,0,0,0,0.998237324525974,0.231544343600372
"flowsom_consensus_k62_seed2026",37,23506,"CD45RA",5000,"ambiguous","discordant_tests",3,0,0,3,0.380196016589185,0
"flowsom_consensus_k62_seed2026",37,23506,"CD56",1000,"ambiguous","discordant_tests;seed_instability",3,0,0,1,0.998237324525974,0.0135067533766883
"flowsom_consensus_k62_seed2026",37,23506,"CD56",5000,"detected_multimodality","both tests reject in at least two seeds",3,3,3,3,0.00173488154021499,0
"flowsom_consensus_k62_seed2026",37,23506,"CD7",1000,"ambiguous","discordant_tests;seed_instability",3,0,0,2,0.330614252871582,0
"flowsom_consensus_k62_seed2026",37,23506,"CD7",5000,"ambiguous","discordant_tests;seed_instability",3,0,0,2,0.597238577490256,0.00506503251625813
"flowsom_consensus_k62_seed2026",38,1012,"CD11c",1000,"ambiguous","discordant_tests",3,0,0,3,1,0.0101300650325163
"flowsom_consensus_k62_seed2026",38,1012,"CD11c",5000,"ambiguous","discordant_tests",3,0,0,3,0.998097437484138,0.00506503251625813
"flowsom_consensus_k62_seed2026",38,1012,"CD161",1000,"no_detected_multimodality","neither test rejects in any seed",3,0,0,0,1,0.958459999230384
"flowsom_consensus_k62_seed2026",38,1012,"CD161",5000,"no_detected_multimodality","neither test rejects in any seed",3,0,0,0,0.998097437484138,0.951975987993997
"flowsom_consensus_k62_seed2026",38,1012,"CD19",1000,"no_detected_multimodality","neither test rejects in any seed",3,0,0,0,1,0.861495965373991
"flowsom_consensus_k62_seed2026",38,1012,"CD19",5000,"no_detected_multimodality","neither test rejects in any seed",3,0,0,0,0.998097437484138,0.779868194967049
"flowsom_consensus_k62_seed2026",38,1012,"CD197_CCR7",1000,"no_detected_multimodality","neither test rejects in any seed",3,0,0,0,1,0.606839133852641
"flowsom_consensus_k62_seed2026",38,1012,"CD197_CCR7",5000,"no_detected_multimodality","neither test rejects in any seed",3,0,0,0,0.998097437484138,0.617451582934324
"flowsom_consensus_k62_seed2026",38,1012,"CD1c",1000,"detected_multimodality","both tests reject in at least two seeds",3,3,3,3,0,0
"flowsom_consensus_k62_seed2026",38,1012,"CD1c",5000,"detected_multimodality","both tests reject in at least two seeds",3,3,3,3,0,0
"flowsom_consensus_k62_seed2026",38,1012,"CD27",1000,"ambiguous","discordant_tests",3,0,0,3,0.103617806726499,0
"flowsom_consensus_k62_seed2026",38,1012,"CD27",5000,"ambiguous","discordant_tests;borderline_q",3,0,0,3,0.0997609811426647,0
"flowsom_consensus_k62_seed2026",38,1012,"CD3",1000,"detected_multimodality","both tests reject in at least two seeds",3,3,3,3,0.0222746987542147,0
"flowsom_consensus_k62_seed2026",38,1012,"CD3",5000,"detected_multimodality","both tests reject in at least two seeds",3,3,3,3,0.0145401618337877,0
"flowsom_consensus_k62_seed2026",38,1012,"CD38",1000,"no_detected_multimodality","neither test rejects in any seed",3,0,0,0,1,0.693989852068892
"flowsom_consensus_k62_seed2026",38,1012,"CD38",5000,"no_detected_multimodality","neither test rejects in any seed",3,0,0,0,0.998097437484138,0.757172703999058
"flowsom_consensus_k62_seed2026",38,1012,"CD4",1000,"ambiguous","discordant_tests",3,0,0,3,1,0
"flowsom_consensus_k62_seed2026",38,1012,"CD4",5000,"ambiguous","discordant_tests",3,0,0,3,0.954855481768827,0.00192953619666976
"flowsom_consensus_k62_seed2026",38,1012,"CD45RA",1000,"ambiguous","borderline_q",3,0,0,0,1,0.0510255127563782
"flowsom_consensus_k62_seed2026",38,1012,"CD45RA",5000,"ambiguous","discordant_tests",3,0,0,3,0.998097437484138,0.0330165082541271
"flowsom_consensus_k62_seed2026",38,1012,"CD57",1000,"no_detected_multimodality","neither test rejects in any seed",3,0,0,0,1,0.693989852068892
"flowsom_consensus_k62_seed2026",38,1012,"CD57",5000,"no_detected_multimodality","neither test rejects in any seed",3,0,0,0,0.998097437484138,0.779868194967049
"flowsom_consensus_k62_seed2026",38,1012,"HLA-DR",1000,"detected_multimodality","both tests reject in at least two seeds",3,3,3,3,0.00576399430850372,0
"flowsom_consensus_k62_seed2026",38,1012,"HLA-DR",5000,"detected_multimodality","both tests reject in at least two seeds",3,3,3,3,0.00485321480392487,0
"flowsom_consensus_k62_seed2026",38,1012,"Tbet",1000,"ambiguous","discordant_tests",3,0,0,3,0.114057396984009,0
"flowsom_consensus_k62_seed2026",38,1012,"Tbet",5000,"ambiguous","discordant_tests;borderline_q",3,0,0,3,0.0997609811426647,0
"flowsom_consensus_k62_seed2026",38,1012,"TCRgd_CD141",1000,"detected_multimodality","both tests reject in at least two seeds",3,3,3,3,0.0479906614898513,0
"flowsom_consensus_k62_seed2026",38,1012,"TCRgd_CD141",5000,"ambiguous","discordant_tests;borderline_q",3,0,0,3,0.0519392924892558,0
"flowsom_consensus_k62_seed2026",39,27307,"CD16",1000,"detected_multimodality","both tests reject in at least two seeds",3,3,3,3,0.000697120534031925,0
"flowsom_consensus_k62_seed2026",39,27307,"CD16",5000,"detected_multimodality","both tests reject in at least two seeds",3,3,3,3,0,0
"flowsom_consensus_k62_seed2026",39,27307,"CD3",1000,"no_detected_multimodality","neither test rejects in any seed",3,0,0,0,0.99823676610496,0.30727863931966
"flowsom_consensus_k62_seed2026",39,27307,"CD3",5000,"ambiguous","discordant_tests",3,0,0,3,0.124366505818568,0
"flowsom_consensus_k62_seed2026",39,27307,"CD56",1000,"detected_multimodality","both tests reject in at least two seeds",3,2,2,3,0.00115265415817678,0
"flowsom_consensus_k62_seed2026",39,27307,"CD56",5000,"detected_multimodality","both tests reject in at least two seeds",3,3,3,3,0,0
"flowsom_consensus_k62_seed2026",39,27307,"CD57",1000,"no_detected_multimodality","neither test rejects in any seed",3,0,0,0,0.99823676610496,0.607803901950975
"flowsom_consensus_k62_seed2026",39,27307,"CD57",5000,"ambiguous","discordant_tests;seed_instability",3,0,0,2,1,0.0371435717858929
"flowsom_consensus_k62_seed2026",40,30576,"CD159c_NKG2C",1000,"no_detected_multimodality","neither test rejects in any seed",3,0,0,0,0.998798071764987,0.963135413860777
"flowsom_consensus_k62_seed2026",40,30576,"CD159c_NKG2C",5000,"no_detected_multimodality","neither test rejects in any seed",3,0,0,0,1,0.990995497748874
"flowsom_consensus_k62_seed2026",40,30576,"CD161",1000,"detected_multimodality","both tests reject in at least two seeds",3,3,3,3,0,0
"flowsom_consensus_k62_seed2026",40,30576,"CD161",5000,"detected_multimodality","both tests reject in at least two seeds",3,3,3,3,0,0
"flowsom_consensus_k62_seed2026",40,30576,"CD294_CRTH2",1000,"ambiguous","discordant_tests;seed_instability",3,0,0,2,0.401624871898358,0
"flowsom_consensus_k62_seed2026",40,30576,"CD294_CRTH2",5000,"detected_multimodality","both tests reject in at least two seeds",3,3,3,3,9.83177454639828e-05,0
"flowsom_consensus_k62_seed2026",40,30576,"CD7",1000,"ambiguous","discordant_tests;seed_instability",3,0,0,2,0.564886621154469,0
"flowsom_consensus_k62_seed2026",40,30576,"CD7",5000,"detected_multimodality","both tests reject in at least two seeds",3,3,3,3,0,0
"flowsom_consensus_k62_seed2026",41,54184,"CD11c",1000,"no_detected_multimodality","neither test rejects in any seed",3,0,0,0,0.999717342582068,0.827595615989813
"flowsom_consensus_k62_seed2026",41,54184,"CD11c",5000,"no_detected_multimodality","neither test rejects in any seed",3,0,0,0,1,0.786508638934852
"flowsom_consensus_k62_seed2026",41,54184,"CD127",1000,"no_detected_multimodality","neither test rejects in any seed",3,0,0,0,0.999717342582068,0.1935967983992
"flowsom_consensus_k62_seed2026",41,54184,"CD127",5000,"detected_multimodality","both tests reject in at least two seeds",3,2,2,3,0.0092088240155056,0
"flowsom_consensus_k62_seed2026",41,54184,"CD161",1000,"no_detected_multimodality","neither test rejects in any seed",3,0,0,0,0.999717342582068,0.497820338740799
"flowsom_consensus_k62_seed2026",41,54184,"CD161",5000,"no_detected_multimodality","neither test rejects in any seed",3,0,0,0,1,0.301007646680483
"flowsom_consensus_k62_seed2026",41,54184,"CD27",1000,"ambiguous","discordant_tests",3,0,0,3,0.999717342582068,0
"flowsom_consensus_k62_seed2026",41,54184,"CD27",5000,"detected_multimodality","both tests reject in at least two seeds",3,3,3,3,0.000452570922676698,0
"flowsom_consensus_k62_seed2026",41,54184,"CD45RA",1000,"no_detected_multimodality","neither test rejects in any seed",3,0,0,0,0.999717342582068,0.965982991495748
"flowsom_consensus_k62_seed2026",41,54184,"CD45RA",5000,"no_detected_multimodality","neither test rejects in any seed",3,0,0,0,1,0.786508638934852
"flowsom_consensus_k62_seed2026",41,54184,"CD57",1000,"no_detected_multimodality","neither test rejects in any seed",3,0,0,0,0.999717342582068,0.126063031515758
"flowsom_consensus_k62_seed2026",41,54184,"CD57",5000,"ambiguous","discordant_tests",3,0,0,3,1,0
"flowsom_consensus_k62_seed2026",41,54184,"CD7",1000,"no_detected_multimodality","neither test rejects in any seed",3,0,0,0,0.999717342582068,0.418709354677339
"flowsom_consensus_k62_seed2026",41,54184,"CD7",5000,"no_detected_multimodality","neither test rejects in any seed",3,0,0,0,1,0.783391695847924
"flowsom_consensus_k62_seed2026",41,54184,"FoxP3",1000,"no_detected_multimodality","neither test rejects in any seed",3,0,0,0,0.999717342582068,0.822411205602801
"flowsom_consensus_k62_seed2026",41,54184,"FoxP3",5000,"no_detected_multimodality","neither test rejects in any seed",3,0,0,0,1,0.916770885442721
"flowsom_consensus_k62_seed2026",41,54184,"Tbet",1000,"ambiguous","discordant_tests;seed_instability;borderline_q",3,0,0,2,0.843937985376867,0.0135067533766883
"flowsom_consensus_k62_seed2026",41,54184,"Tbet",5000,"detected_multimodality","both tests reject in at least two seeds",3,3,3,3,0.00108655866352037,0
"flowsom_consensus_k62_seed2026",42,1061579,"CD11c",1000,"detected_multimodality","both tests reject in at least two seeds",3,3,3,3,0,0
"flowsom_consensus_k62_seed2026",42,1061579,"CD11c",5000,"detected_multimodality","both tests reject in at least two seeds",3,3,3,3,0,0
"flowsom_consensus_k62_seed2026",42,1061579,"CD14",1000,"no_detected_multimodality","neither test rejects in any seed",3,0,0,0,1,0.183305938683628
"flowsom_consensus_k62_seed2026",42,1061579,"CD14",5000,"ambiguous","discordant_tests;seed_instability",3,0,0,1,0.595948433025347,0
"flowsom_consensus_k62_seed2026",42,1061579,"CD159c_NKG2C",1000,"no_detected_multimodality","neither test rejects in any seed",3,0,0,0,1,0.219109554777389
"flowsom_consensus_k62_seed2026",42,1061579,"CD159c_NKG2C",5000,"no_detected_multimodality","neither test rejects in any seed",3,0,0,0,1,0.746049495335903
"flowsom_consensus_k62_seed2026",42,1061579,"CD1c",1000,"ambiguous","discordant_tests",3,0,0,3,1,0
"flowsom_consensus_k62_seed2026",42,1061579,"CD1c",5000,"detected_multimodality","both tests reject in at least two seeds",3,3,3,3,0.00013390954521042,0
"flowsom_consensus_k62_seed2026",42,1061579,"CD303_TCRvd2",1000,"ambiguous","discordant_tests",3,0,0,3,0.546424644083403,0
"flowsom_consensus_k62_seed2026",42,1061579,"CD303_TCRvd2",5000,"detected_multimodality","both tests reject in at least two seeds",3,3,3,3,0,0
"flowsom_consensus_k62_seed2026",42,1061579,"CD45RA",1000,"no_detected_multimodality","neither test rejects in any seed",3,0,0,0,1,0.140470235117559
"flowsom_consensus_k62_seed2026",42,1061579,"CD45RA",5000,"ambiguous","discordant_tests",3,0,0,3,0.277427530774034,0
"flowsom_consensus_k62_seed2026",42,1061579,"CD7",1000,"no_detected_multimodality","neither test rejects in any seed",3,0,0,0,1,0.721485742871436
"flowsom_consensus_k62_seed2026",42,1061579,"CD7",5000,"no_detected_multimodality","neither test rejects in any seed",3,0,0,0,1,0.149924962481241
"flowsom_consensus_k62_seed2026",42,1061579,"HLA-DR",1000,"no_detected_multimodality","neither test rejects in any seed",3,0,0,0,1,0.164782391195598
"flowsom_consensus_k62_seed2026",42,1061579,"HLA-DR",5000,"ambiguous","discordant_tests;borderline_q",3,0,0,3,0.0827330487056426,0
"flowsom_consensus_k62_seed2026",42,1061579,"TCRgd_CD141",1000,"ambiguous","discordant_tests;seed_instability",3,0,0,1,1,0.0168834417208604
"flowsom_consensus_k62_seed2026",42,1061579,"TCRgd_CD141",5000,"detected_multimodality","both tests reject in at least two seeds",3,3,3,3,0.00254336528362317,0
"flowsom_consensus_k62_seed2026",43,14024,"CD14",1000,"no_detected_multimodality","neither test rejects in any seed",3,0,0,0,0.998684489523817,0.401046677184746
"flowsom_consensus_k62_seed2026",43,14024,"CD14",5000,"ambiguous","discordant_tests",3,0,0,3,0.142177434481628,0
"flowsom_consensus_k62_seed2026",43,14024,"CD159c_NKG2C",1000,"ambiguous","discordant_tests;seed_instability",3,0,0,1,0.998684489523817,0.0270135067533767
"flowsom_consensus_k62_seed2026",43,14024,"CD159c_NKG2C",5000,"ambiguous","discordant_tests",3,0,0,3,0.4787558646833,0
"flowsom_consensus_k62_seed2026",43,14024,"CD19",1000,"no_detected_multimodality","neither test rejects in any seed",3,0,0,0,0.998684489523817,0.124262131065533
"flowsom_consensus_k62_seed2026",43,14024,"CD19",5000,"ambiguous","discordant_tests;seed_instability;borderline_q",3,1,1,3,0.040647038930905,0
"flowsom_consensus_k62_seed2026",43,14024,"CD21",1000,"no_detected_multimodality","neither test rejects in any seed",3,0,0,0,0.998684489523817,0.653726863431716
"flowsom_consensus_k62_seed2026",43,14024,"CD21",5000,"ambiguous","discordant_tests;seed_instability;borderline_q",3,0,0,2,0.973471891836677,0.0011255627813907
"flowsom_consensus_k62_seed2026",43,14024,"CD27",1000,"detected_multimodality","both tests reject in at least two seeds",3,3,3,3,0,0
"flowsom_consensus_k62_seed2026",43,14024,"CD27",5000,"detected_multimodality","both tests reject in at least two seeds",3,3,3,3,0,0
"flowsom_consensus_k62_seed2026",43,14024,"CD3",1000,"detected_multimodality","both tests reject in at least two seeds",3,3,3,3,0,0
"flowsom_consensus_k62_seed2026",43,14024,"CD3",5000,"detected_multimodality","both tests reject in at least two seeds",3,3,3,3,0,0
"flowsom_consensus_k62_seed2026",43,14024,"CD303_TCRvd2",1000,"ambiguous","discordant_tests;seed_instability",3,0,0,1,0.844259901863543,0.00337668834417209
"flowsom_consensus_k62_seed2026",43,14024,"CD303_TCRvd2",5000,"detected_multimodality","both tests reject in at least two seeds",3,3,3,3,0.000291438471493821,0
"flowsom_consensus_k62_seed2026",43,14024,"CD45RA",1000,"ambiguous","discordant_tests;seed_instability;borderline_q",3,0,0,2,0.353264917163952,0
"flowsom_consensus_k62_seed2026",43,14024,"CD45RA",5000,"detected_multimodality","both tests reject in at least two seeds",3,3,3,3,1.83849450553497e-05,0
"flowsom_consensus_k62_seed2026",43,14024,"CD57",1000,"ambiguous","discordant_tests;seed_instability",3,1,1,2,0.00112763830708518,0
"flowsom_consensus_k62_seed2026",43,14024,"CD57",5000,"detected_multimodality","both tests reject in at least two seeds",3,2,2,3,5.92714700952401e-05,0
"flowsom_consensus_k62_seed2026",43,14024,"FoxP3",1000,"no_detected_multimodality","neither test rejects in any seed",3,0,0,0,0.998684489523817,0.606959729864933
"flowsom_consensus_k62_seed2026",43,14024,"FoxP3",5000,"no_detected_multimodality","neither test rejects in any seed",3,0,0,0,0.99584423472841,0.124937468734367
"flowsom_consensus_k62_seed2026",43,14024,"HLA-DR",1000,"no_detected_multimodality","neither test rejects in any seed",3,0,0,0,0.998684489523817,0.194883155863646
"flowsom_consensus_k62_seed2026",43,14024,"HLA-DR",5000,"ambiguous","discordant_tests",3,0,0,3,0.259775610930687,0
"flowsom_consensus_k62_seed2026",43,14024,"Tbet",1000,"no_detected_multimodality","neither test rejects in any seed",3,0,0,0,0.998684489523817,0.779094092500796
"flowsom_consensus_k62_seed2026",43,14024,"Tbet",5000,"ambiguous","discordant_tests",3,0,0,3,0.439162654235051,0
"flowsom_consensus_k62_seed2026",43,14024,"TCRgd_CD141",1000,"no_detected_multimodality","neither test rejects in any seed",3,0,0,0,0.998684489523817,0.401046677184746
"flowsom_consensus_k62_seed2026",43,14024,"TCRgd_CD141",5000,"no_detected_multimodality","neither test rejects in any seed",3,0,0,0,0.99584423472841,0.374665593666398
"flowsom_consensus_k62_seed2026",44,135754,"CD11c",1000,"ambiguous","borderline_q",3,0,0,0,0.997863824408071,0.0742871435717859
"flowsom_consensus_k62_seed2026",44,135754,"CD11c",5000,"ambiguous","discordant_tests;seed_instability",3,0,0,1,1,0.0450225112556278
"flowsom_consensus_k62_seed2026",44,135754,"CD127",1000,"no_detected_multimodality","neither test rejects in any seed",3,0,0,0,0.997863824408071,0.813781890945473
"flowsom_consensus_k62_seed2026",44,135754,"CD127",5000,"no_detected_multimodality","neither test rejects in any seed",3,0,0,0,1,0.894969223742306
"flowsom_consensus_k62_seed2026",44,135754,"CD303_TCRvd2",1000,"ambiguous","discordant_tests;seed_instability;borderline_q",3,1,1,3,0.0425103623674787,0
"flowsom_consensus_k62_seed2026",44,135754,"CD303_TCRvd2",5000,"detected_multimodality","both tests reject in at least two seeds",3,3,3,3,0,0
"flowsom_consensus_k62_seed2026",44,135754,"CD56",1000,"ambiguous","borderline_q",3,0,0,0,0.997863824408071,0.0855427713856929
"flowsom_consensus_k62_seed2026",44,135754,"CD56",5000,"ambiguous","discordant_tests;seed_instability;borderline_q",3,0,0,1,1,0.00675337668834417
"flowsom_consensus_k62_seed2026",45,13671605,"CD11c",1000,"no_detected_multimodality","neither test rejects in any seed",3,0,0,0,0.99910355710069,0.832353676838419
"flowsom_consensus_k62_seed2026",45,13671605,"CD11c",5000,"no_detected_multimodality","neither test rejects in any seed",3,0,0,0,1,0.225112556278139
"flowsom_consensus_k62_seed2026",45,13671605,"CD127",1000,"ambiguous","discordant_tests;seed_instability",3,0,0,1,0.99910355710069,0.0168834417208604
"flowsom_consensus_k62_seed2026",45,13671605,"CD127",5000,"ambiguous","discordant_tests;seed_instability",3,0,0,2,0.538477988966009,0
"flowsom_consensus_k62_seed2026",45,13671605,"CD197_CCR7",1000,"ambiguous","discordant_tests;seed_instability;borderline_q",3,1,1,2,0.00505851338342184,0
"flowsom_consensus_k62_seed2026",45,13671605,"CD197_CCR7",5000,"detected_multimodality","both tests reject in at least two seeds",3,2,2,2,0,0
"flowsom_consensus_k62_seed2026",45,13671605,"CD27",1000,"detected_multimodality","both tests reject in at least two seeds",3,3,3,3,0,0
"flowsom_consensus_k62_seed2026",45,13671605,"CD27",5000,"detected_multimodality","both tests reject in at least two seeds",3,3,3,3,0,0
"flowsom_consensus_k62_seed2026",45,13671605,"CD45RA",1000,"ambiguous","discordant_tests;seed_instability",3,0,0,1,0.99910355710069,0.00450225112556278
"flowsom_consensus_k62_seed2026",45,13671605,"CD45RA",5000,"ambiguous","discordant_tests",3,0,0,3,0.311964303519524,0
"flowsom_consensus_k62_seed2026",45,13671605,"CD7",1000,"ambiguous","discordant_tests;borderline_q",3,0,0,3,0.0511629853237431,0
"flowsom_consensus_k62_seed2026",45,13671605,"CD7",5000,"detected_multimodality","both tests reject in at least two seeds",3,3,3,3,0,0
"flowsom_consensus_k62_seed2026",45,13671605,"FoxP3",1000,"no_detected_multimodality","neither test rejects in any seed",3,0,0,0,0.99910355710069,0.910580290145072
"flowsom_consensus_k62_seed2026",45,13671605,"FoxP3",5000,"no_detected_multimodality","neither test rejects in any seed",3,0,0,0,1,0.352676338169085
"flowsom_consensus_k62_seed2026",45,13671605,"HLA-DR",1000,"no_detected_multimodality","neither test rejects in any seed",3,0,0,0,0.99910355710069,0.965982991495748
"flowsom_consensus_k62_seed2026",45,13671605,"HLA-DR",5000,"no_detected_multimodality","neither test rejects in any seed",3,0,0,0,1,0.749624812406203
"flowsom_consensus_k62_seed2026",46,76407,"CD11c",1000,"detected_multimodality","both tests reject in at least two seeds",3,3,3,3,8.0574391529864e-05,0
"flowsom_consensus_k62_seed2026",46,76407,"CD11c",5000,"detected_multimodality","both tests reject in at least two seeds",3,3,3,3,0,0
"flowsom_consensus_k62_seed2026",46,76407,"CD127",1000,"no_detected_multimodality","neither test rejects in any seed",3,0,0,0,0.999220520698964,0.863204329437446
"flowsom_consensus_k62_seed2026",46,76407,"CD127",5000,"no_detected_multimodality","neither test rejects in any seed",3,0,0,0,1,0.357928964482241
"flowsom_consensus_k62_seed2026",46,76407,"CD1c",1000,"detected_multimodality","both tests reject in at least two seeds",3,3,3,3,0,0
"flowsom_consensus_k62_seed2026",46,76407,"CD1c",5000,"detected_multimodality","both tests reject in at least two seeds",3,3,3,3,0,0
"flowsom_consensus_k62_seed2026",46,76407,"CD3",1000,"no_detected_multimodality","neither test rejects in any seed",3,0,0,0,0.999220520698964,0.890905452726363
"flowsom_consensus_k62_seed2026",46,76407,"CD3",5000,"no_detected_multimodality","neither test rejects in any seed",3,0,0,0,1,0.857972464493116
"flowsom_consensus_k62_seed2026",46,76407,"CD57",1000,"no_detected_multimodality","neither test rejects in any seed",3,0,0,0,0.999220520698964,0.540270135067534
"flowsom_consensus_k62_seed2026",46,76407,"CD57",5000,"ambiguous","discordant_tests",3,0,0,3,1,0
"flowsom_consensus_k62_seed2026",46,76407,"FoxP3",1000,"no_detected_multimodality","neither test rejects in any seed",3,0,0,0,0.999220520698964,0.781462159651254
"flowsom_consensus_k62_seed2026",46,76407,"FoxP3",5000,"no_detected_multimodality","neither test rejects in any seed",3,0,0,0,1,0.305027513756878
"flowsom_consensus_k62_seed2026",46,76407,"HLA-DR",1000,"detected_multimodality","both tests reject in at least two seeds",3,2,2,3,0.00624136707550171,0
"flowsom_consensus_k62_seed2026",46,76407,"HLA-DR",5000,"detected_multimodality","both tests reject in at least two seeds",3,3,3,3,0,0
"flowsom_consensus_k62_seed2026",46,76407,"TCRgd_CD141",1000,"detected_multimodality","both tests reject in at least two seeds",3,3,3,3,0,0
"flowsom_consensus_k62_seed2026",46,76407,"TCRgd_CD141",5000,"detected_multimodality","both tests reject in at least two seeds",3,3,3,3,0,0
"flowsom_consensus_k62_seed2026",47,115966,"CD27",1000,"no_detected_multimodality","neither test rejects in any seed",3,0,0,0,0.997330276153746,0.887809289260015
"flowsom_consensus_k62_seed2026",47,115966,"CD27",5000,"no_detected_multimodality","neither test rejects in any seed",3,0,0,0,1,0.587543771885943
"flowsom_consensus_k62_seed2026",47,115966,"CD303_TCRvd2",1000,"no_detected_multimodality","neither test rejects in any seed",3,0,0,0,0.997330276153746,0.887809289260015
"flowsom_consensus_k62_seed2026",47,115966,"CD303_TCRvd2",5000,"no_detected_multimodality","neither test rejects in any seed",3,0,0,0,1,0.936076734019184
"flowsom_consensus_k62_seed2026",48,6847,"CD161",1000,"ambiguous","seed_instability",3,1,1,1,0.0287515179105988,0
"flowsom_consensus_k62_seed2026",48,6847,"CD161",5000,"detected_multimodality","both tests reject in at least two seeds",3,3,3,3,0.000108930948098237,0
"flowsom_consensus_k62_seed2026",48,6847,"CD185_CXCR5",1000,"no_detected_multimodality","neither test rejects in any seed",3,0,0,0,1,0.221110555277639
"flowsom_consensus_k62_seed2026",48,6847,"CD185_CXCR5",5000,"ambiguous","discordant_tests",3,0,0,3,0.413225744377886,0
"flowsom_consensus_k62_seed2026",48,6847,"CD197_CCR7",1000,"no_detected_multimodality","neither test rejects in any seed",3,0,0,0,1,0.407537101884275
"flowsom_consensus_k62_seed2026",48,6847,"CD197_CCR7",5000,"detected_multimodality","both tests reject in at least two seeds",3,2,2,3,0.00883237462098957,0
"flowsom_consensus_k62_seed2026",48,6847,"CD45RA",1000,"no_detected_multimodality","neither test rejects in any seed",3,0,0,0,1,0.651409037852259
"flowsom_consensus_k62_seed2026",48,6847,"CD45RA",5000,"no_detected_multimodality","neither test rejects in any seed",3,0,0,0,1,0.510800854972941
"flowsom_consensus_k62_seed2026",48,6847,"CD7",1000,"detected_multimodality","both tests reject in at least two seeds",3,2,2,3,0.0082838904120961,0
"flowsom_consensus_k62_seed2026",48,6847,"CD7",5000,"detected_multimodality","both tests reject in at least two seeds",3,3,3,3,0,0
"flowsom_consensus_k62_seed2026",48,6847,"FoxP3",1000,"detected_multimodality","both tests reject in at least two seeds",3,3,3,3,0,0
"flowsom_consensus_k62_seed2026",48,6847,"FoxP3",5000,"detected_multimodality","both tests reject in at least two seeds",3,3,3,3,0,0
"flowsom_consensus_k62_seed2026",49,60777,"CD159c_NKG2C",1000,"no_detected_multimodality","neither test rejects in any seed",3,0,0,0,0.999062308165789,0.371435717858929
"flowsom_consensus_k62_seed2026",49,60777,"CD159c_NKG2C",5000,"ambiguous","discordant_tests;borderline_q",3,0,0,3,0.0634968890057162,0
"flowsom_consensus_k62_seed2026",49,60777,"CD16",1000,"ambiguous","discordant_tests;seed_instability",3,0,0,1,0.999062308165789,0.040520260130065
"flowsom_consensus_k62_seed2026",49,60777,"CD16",5000,"ambiguous","discordant_tests;seed_instability",3,0,0,2,1,0
"flowsom_consensus_k62_seed2026",49,60777,"CD57",1000,"ambiguous","discordant_tests;seed_instability",3,0,0,2,0.999062308165789,0.0270135067533767
"flowsom_consensus_k62_seed2026",49,60777,"CD57",5000,"detected_multimodality","both tests reject in at least two seeds",3,3,3,3,0,0
"flowsom_consensus_k62_seed2026",50,4475356,"CD185_CXCR5",1000,"no_detected_multimodality","neither test rejects in any seed",3,0,0,0,0.998168644067864,0.872029764882441
"flowsom_consensus_k62_seed2026",50,4475356,"CD185_CXCR5",5000,"no_detected_multimodality","neither test rejects in any seed",3,0,0,0,1,0.773261630815408
"flowsom_consensus_k62_seed2026",51,18663,"CD11c",1000,"ambiguous","discordant_tests;seed_instability",3,0,0,1,0.998648738069409,0.0216108054027014
"flowsom_consensus_k62_seed2026",51,18663,"CD11c",5000,"detected_multimodality","both tests reject in at least two seeds",3,3,3,3,0.000582918101527019,0
"flowsom_consensus_k62_seed2026",51,18663,"CD161",1000,"no_detected_multimodality","neither test rejects in any seed",3,0,0,0,0.998648738069409,0.856178089044522
"flowsom_consensus_k62_seed2026",51,18663,"CD161",5000,"no_detected_multimodality","neither test rejects in any seed",3,0,0,0,1,0.594297148574287
"flowsom_consensus_k62_seed2026",51,18663,"CD1c",1000,"detected_multimodality","both tests reject in at least two seeds",3,3,3,3,0,0
"flowsom_consensus_k62_seed2026",51,18663,"CD1c",5000,"detected_multimodality","both tests reject in at least two seeds",3,3,3,3,0,0
"flowsom_consensus_k62_seed2026",51,18663,"CD303_TCRvd2",1000,"no_detected_multimodality","neither test rejects in any seed",3,0,0,0,0.998648738069409,0.204530836846995
"flowsom_consensus_k62_seed2026",51,18663,"CD303_TCRvd2",5000,"no_detected_multimodality","neither test rejects in any seed",3,0,0,0,1,0.386500942779082
"flowsom_consensus_k62_seed2026",51,18663,"CD45RA",1000,"ambiguous","discordant_tests",3,0,0,3,0.998648738069409,0
"flowsom_consensus_k62_seed2026",51,18663,"CD45RA",5000,"detected_multimodality","both tests reject in at least two seeds",3,3,3,3,5.96536323438368e-06,0
"flowsom_consensus_k62_seed2026",51,18663,"CD56",1000,"ambiguous","discordant_tests;seed_instability",3,0,0,1,0.998648738069409,0
"flowsom_consensus_k62_seed2026",51,18663,"CD56",5000,"detected_multimodality","both tests reject in at least two seeds",3,3,3,3,0.00113526016684731,0
"flowsom_consensus_k62_seed2026",51,18663,"CD7",1000,"no_detected_multimodality","neither test rejects in any seed",3,0,0,0,0.998648738069409,0.54272590840875
"flowsom_consensus_k62_seed2026",51,18663,"CD7",5000,"ambiguous","discordant_tests",3,0,0,3,1,0
"flowsom_consensus_k62_seed2026",51,18663,"FoxP3",1000,"no_detected_multimodality","neither test rejects in any seed",3,0,0,0,0.998648738069409,0.676013006503252
"flowsom_consensus_k62_seed2026",51,18663,"FoxP3",5000,"ambiguous","discordant_tests",3,0,0,3,0.338927898601505,0
"flowsom_consensus_k62_seed2026",51,18663,"HLA-DR",1000,"ambiguous","discordant_tests;seed_instability",3,0,0,1,0.998648738069409,0.0135067533766883
"flowsom_consensus_k62_seed2026",51,18663,"HLA-DR",5000,"detected_multimodality","both tests reject in at least two seeds",3,3,3,3,0.000199687102180907,0
"flowsom_consensus_k62_seed2026",51,18663,"TCRgd_CD141",1000,"detected_multimodality","both tests reject in at least two seeds",3,3,3,3,0,0
"flowsom_consensus_k62_seed2026",51,18663,"TCRgd_CD141",5000,"detected_multimodality","both tests reject in at least two seeds",3,3,3,3,0,0
"flowsom_consensus_k62_seed2026",52,63216,"CD197_CCR7",1000,"no_detected_multimodality","neither test rejects in any seed",3,0,0,0,0.997673858641368,0.756378189094547
"flowsom_consensus_k62_seed2026",52,63216,"CD197_CCR7",5000,"no_detected_multimodality","neither test rejects in any seed",3,0,0,0,1,0.964693885404241
"flowsom_consensus_k62_seed2026",52,63216,"CD57",1000,"detected_multimodality","both tests reject in at least two seeds",3,3,3,3,0,0
"flowsom_consensus_k62_seed2026",52,63216,"CD57",5000,"detected_multimodality","both tests reject in at least two seeds",3,3,3,3,0,0
"flowsom_consensus_k62_seed2026",53,11243,"CD127",1000,"no_detected_multimodality","neither test rejects in any seed",3,0,0,0,0.998091029510655,0.299078110483813
"flowsom_consensus_k62_seed2026",53,11243,"CD127",5000,"ambiguous","discordant_tests",3,0,0,3,0.790831763403511,0
"flowsom_consensus_k62_seed2026",53,11243,"CD14",1000,"no_detected_multimodality","neither test rejects in any seed",3,0,0,0,0.998091029510655,0.64232116058029
"flowsom_consensus_k62_seed2026",53,11243,"CD14",5000,"ambiguous","discordant_tests;seed_instability;borderline_q",3,1,1,3,0.0432139109307236,0
"flowsom_consensus_k62_seed2026",53,11243,"CD159c_NKG2C",1000,"no_detected_multimodality","neither test rejects in any seed",3,0,0,0,0.998091029510655,0.299078110483813
"flowsom_consensus_k62_seed2026",53,11243,"CD159c_NKG2C",5000,"no_detected_multimodality","neither test rejects in any seed",3,0,0,0,1,0.461930965482741
"flowsom_consensus_k62_seed2026",53,11243,"CD25",1000,"ambiguous","discordant_tests;seed_instability",3,0,0,1,0.998091029510655,0.040520260130065
"flowsom_consensus_k62_seed2026",53,11243,"CD25",5000,"detected_multimodality","both tests reject in at least two seeds",3,2,2,3,0.00156604449347797,0
"flowsom_consensus_k62_seed2026",53,11243,"CD303_TCRvd2",1000,"no_detected_multimodality","neither test rejects in any seed",3,0,0,0,0.998091029510655,0.827963981990996
"flowsom_consensus_k62_seed2026",53,11243,"CD303_TCRvd2",5000,"no_detected_multimodality","neither test rejects in any seed",3,0,0,0,1,0.853457978989495
"flowsom_consensus_k62_seed2026",53,11243,"CD38",1000,"no_detected_multimodality","neither test rejects in any seed",3,0,0,0,0.998091029510655,0.289044522261131
"flowsom_consensus_k62_seed2026",53,11243,"CD38",5000,"ambiguous","discordant_tests;seed_instability",3,0,0,1,1,0.0202601300650325
"flowsom_consensus_k62_seed2026",53,11243,"CD4",1000,"no_detected_multimodality","neither test rejects in any seed",3,0,0,0,0.998091029510655,0.900450225112556
"flowsom_consensus_k62_seed2026",53,11243,"CD4",5000,"no_detected_multimodality","neither test rejects in any seed",3,0,0,0,1,0.8032016008004
"flowsom_consensus_k62_seed2026",54,8468,"CD11c",1000,"ambiguous","borderline_q",3,0,0,0,1,0.0549719304096493
"flowsom_consensus_k62_seed2026",54,8468,"CD11c",5000,"ambiguous","discordant_tests",3,0,0,3,1,0.00345172586293147
"flowsom_consensus_k62_seed2026",54,8468,"CD127",1000,"detected_multimodality","both tests reject in at least two seeds",3,3,3,3,0,0
"flowsom_consensus_k62_seed2026",54,8468,"CD127",5000,"detected_multimodality","both tests reject in at least two seeds",3,3,3,3,0,0
"flowsom_consensus_k62_seed2026",54,8468,"CD159c_NKG2C",1000,"detected_multimodality","both tests reject in at least two seeds",3,3,3,3,0,0
"flowsom_consensus_k62_seed2026",54,8468,"CD159c_NKG2C",5000,"detected_multimodality","both tests reject in at least two seeds",3,3,3,3,0,0
"flowsom_consensus_k62_seed2026",54,8468,"CD16",1000,"no_detected_multimodality","neither test rejects in any seed",3,0,0,0,1,0.640486910121728
"flowsom_consensus_k62_seed2026",54,8468,"CD16",5000,"no_detected_multimodality","neither test rejects in any seed",3,0,0,0,1,0.519112497425183
"flowsom_consensus_k62_seed2026",54,8468,"CD161",1000,"detected_multimodality","both tests reject in at least two seeds",3,3,3,3,0,0
"flowsom_consensus_k62_seed2026",54,8468,"CD161",5000,"detected_multimodality","both tests reject in at least two seeds",3,3,3,3,0,0
"flowsom_consensus_k62_seed2026",54,8468,"CD19",1000,"ambiguous","discordant_tests;seed_instability",3,0,0,1,1,0.00862931465732866
"flowsom_consensus_k62_seed2026",54,8468,"CD19",5000,"ambiguous","discordant_tests",3,0,0,3,1,0
"flowsom_consensus_k62_seed2026",54,8468,"CD27",1000,"detected_multimodality","both tests reject in at least two seeds",3,3,3,3,0,0
"flowsom_consensus_k62_seed2026",54,8468,"CD27",5000,"detected_multimodality","both tests reject in at least two seeds",3,3,3,3,0,0
"flowsom_consensus_k62_seed2026",54,8468,"CD294_CRTH2",1000,"detected_multimodality","both tests reject in at least two seeds",3,3,3,3,0,0
"flowsom_consensus_k62_seed2026",54,8468,"CD294_CRTH2",5000,"detected_multimodality","both tests reject in at least two seeds",3,3,3,3,0,0
"flowsom_consensus_k62_seed2026",54,8468,"CD3",1000,"ambiguous","discordant_tests;seed_instability",3,0,0,2,0.579326206617843,0.00164367898234832
"flowsom_consensus_k62_seed2026",54,8468,"CD3",5000,"detected_multimodality","both tests reject in at least two seeds",3,3,3,3,2.26728944368038e-05,0
"flowsom_consensus_k62_seed2026",54,8468,"CD45RA",1000,"detected_multimodality","both tests reject in at least two seeds",3,3,3,3,0,0
"flowsom_consensus_k62_seed2026",54,8468,"CD45RA",5000,"detected_multimodality","both tests reject in at least two seeds",3,3,3,3,0,0
"flowsom_consensus_k62_seed2026",54,8468,"CD56",1000,"no_detected_multimodality","neither test rejects in any seed",3,0,0,0,1,0.173864710132844
"flowsom_consensus_k62_seed2026",54,8468,"CD56",5000,"ambiguous","discordant_tests;borderline_q",3,0,0,3,0.0897385006585607,0
"flowsom_consensus_k62_seed2026",54,8468,"HLA-DR",1000,"no_detected_multimodality","neither test rejects in any seed",3,0,0,0,1,0.166833416708354
"flowsom_consensus_k62_seed2026",54,8468,"HLA-DR",5000,"ambiguous","borderline_q",3,0,0,0,1,0.0565699516424879
"flowsom_consensus_k62_seed2026",56,8521,"CD11c",1000,"no_detected_multimodality","neither test rejects in any seed",3,0,0,0,0.998663713248457,0.479489744872436
"flowsom_consensus_k62_seed2026",56,8521,"CD11c",5000,"no_detected_multimodality","neither test rejects in any seed",3,0,0,0,1,0.395747873936969
"flowsom_consensus_k62_seed2026",56,8521,"CD14",1000,"ambiguous","discordant_tests;borderline_q",3,0,0,3,0.098879188342664,0
"flowsom_consensus_k62_seed2026",56,8521,"CD14",5000,"detected_multimodality","both tests reject in at least two seeds",3,3,3,3,0,0
"flowsom_consensus_k62_seed2026",56,8521,"CD197_CCR7",1000,"ambiguous","discordant_tests;seed_instability;borderline_q",3,0,0,1,0.998663713248457,0.00337668834417209
"flowsom_consensus_k62_seed2026",56,8521,"CD197_CCR7",5000,"ambiguous","discordant_tests",3,0,0,3,0.162184497040915,0
"flowsom_consensus_k62_seed2026",56,8521,"CD27",1000,"ambiguous","discordant_tests;seed_instability",3,0,0,1,0.998663713248457,0.0382691345672836
"flowsom_consensus_k62_seed2026",56,8521,"CD27",5000,"ambiguous","discordant_tests;seed_instability",3,1,1,3,0.0176660505761282,0
"flowsom_consensus_k62_seed2026",56,8521,"CD3",1000,"detected_multimodality","both tests reject in at least two seeds",3,3,3,3,0,0
"flowsom_consensus_k62_seed2026",56,8521,"CD3",5000,"detected_multimodality","both tests reject in at least two seeds",3,3,3,3,0,0
"flowsom_consensus_k62_seed2026",56,8521,"CD7",1000,"detected_multimodality","both tests reject in at least two seeds",3,3,3,3,0,0
"flowsom_consensus_k62_seed2026",56,8521,"CD7",5000,"detected_multimodality","both tests reject in at least two seeds",3,3,3,3,0,0
"flowsom_consensus_k62_seed2026",57,4205683,"CD197_CCR7",1000,"no_detected_multimodality","neither test rejects in any seed",3,0,0,0,0.99805382584482,0.543646823411706
"flowsom_consensus_k62_seed2026",57,4205683,"CD197_CCR7",5000,"no_detected_multimodality","neither test rejects in any seed",3,0,0,0,1,0.171085542771386
"flowsom_consensus_k62_seed2026",57,4205683,"CD21",1000,"ambiguous","discordant_tests;seed_instability;borderline_q",3,1,1,2,0.0487170766907967,0
"flowsom_consensus_k62_seed2026",57,4205683,"CD21",5000,"detected_multimodality","both tests reject in at least two seeds",3,3,3,3,0,0
"flowsom_consensus_k62_seed2026",57,4205683,"CD3",1000,"no_detected_multimodality","neither test rejects in any seed",3,0,0,0,0.99805382584482,0.934467233616808
"flowsom_consensus_k62_seed2026",57,4205683,"CD3",5000,"no_detected_multimodality","neither test rejects in any seed",3,0,0,0,1,0.683779389694847
"flowsom_consensus_k62_seed2026",58,5697,"CD11c",1000,"detected_multimodality","both tests reject in at least two seeds",3,3,3,3,0.00262234233882708,0
"flowsom_consensus_k62_seed2026",58,5697,"CD11c",5000,"detected_multimodality","both tests reject in at least two seeds",3,3,3,3,0,0
"flowsom_consensus_k62_seed2026",58,5697,"CD14",1000,"no_detected_multimodality","neither test rejects in any seed",3,0,0,0,0.99731400463734,0.219967126420353
"flowsom_consensus_k62_seed2026",58,5697,"CD14",5000,"ambiguous","discordant_tests",3,0,0,3,1,0
"flowsom_consensus_k62_seed2026",58,5697,"CD1c",1000,"detected_multimodality","both tests reject in at least two seeds",3,3,3,3,0,0
"flowsom_consensus_k62_seed2026",58,5697,"CD1c",5000,"detected_multimodality","both tests reject in at least two seeds",3,3,3,3,0,0
"flowsom_consensus_k62_seed2026",58,5697,"CD21",1000,"no_detected_multimodality","neither test rejects in any seed",3,0,0,0,0.99731400463734,0.219967126420353
"flowsom_consensus_k62_seed2026",58,5697,"CD21",5000,"ambiguous","borderline_q",3,0,0,0,1,0.0864432216108054
"flowsom_consensus_k62_seed2026",58,5697,"CD3",1000,"detected_multimodality","both tests reject in at least two seeds",3,2,2,3,0.0105132718930134,0
"flowsom_consensus_k62_seed2026",58,5697,"CD3",5000,"detected_multimodality","both tests reject in at least two seeds",3,3,3,3,0,0
"flowsom_consensus_k62_seed2026",58,5697,"CD56",1000,"no_detected_multimodality","neither test rejects in any seed",3,0,0,0,0.99731400463734,0.594297148574287
"flowsom_consensus_k62_seed2026",58,5697,"CD56",5000,"no_detected_multimodality","neither test rejects in any seed",3,0,0,0,1,0.904241594481451
"flowsom_consensus_k62_seed2026",58,5697,"CD8",1000,"no_detected_multimodality","neither test rejects in any seed",3,0,0,0,0.99731400463734,0.418709354677339
"flowsom_consensus_k62_seed2026",58,5697,"CD8",5000,"no_detected_multimodality","neither test rejects in any seed",3,0,0,0,1,0.958439219609805
"flowsom_consensus_k62_seed2026",58,5697,"FoxP3",1000,"no_detected_multimodality","neither test rejects in any seed",3,0,0,0,0.99731400463734,0.213856928464232
"flowsom_consensus_k62_seed2026",58,5697,"FoxP3",5000,"no_detected_multimodality","neither test rejects in any seed",3,0,0,0,1,0.126063031515758
"flowsom_consensus_k62_seed2026",58,5697,"HLA-DR",1000,"detected_multimodality","both tests reject in at least two seeds",3,3,3,3,0,0
"flowsom_consensus_k62_seed2026",58,5697,"HLA-DR",5000,"detected_multimodality","both tests reject in at least two seeds",3,3,3,3,0,0
"flowsom_consensus_k62_seed2026",58,5697,"TCRgd_CD141",1000,"no_detected_multimodality","neither test rejects in any seed",3,0,0,0,0.99731400463734,0.205302651325663
"flowsom_consensus_k62_seed2026",58,5697,"TCRgd_CD141",5000,"ambiguous","discordant_tests;borderline_q",3,0,0,3,0.0827330487056426,0
"flowsom_consensus_k62_seed2026",60,6080,"CD11c",1000,"ambiguous","discordant_tests",3,0,0,3,0.770248007504763,0
"flowsom_consensus_k62_seed2026",60,6080,"CD11c",5000,"detected_multimodality","both tests reject in at least two seeds",3,3,3,3,0.000242789798862497,0
"flowsom_consensus_k62_seed2026",60,6080,"CD14",1000,"no_detected_multimodality","neither test rejects in any seed",3,0,0,0,0.9996597638192,0.671960980490245
"flowsom_consensus_k62_seed2026",60,6080,"CD14",5000,"ambiguous","borderline_q",3,0,0,0,1,0.0690345172586293
"flowsom_consensus_k62_seed2026",60,6080,"CD185_CXCR5",1000,"ambiguous","discordant_tests;borderline_q",3,0,0,3,0.0588981080145414,0
"flowsom_consensus_k62_seed2026",60,6080,"CD185_CXCR5",5000,"detected_multimodality","both tests reject in at least two seeds",3,3,3,3,1.90646736247801e-05,0
"flowsom_consensus_k62_seed2026",60,6080,"CD19",1000,"no_detected_multimodality","neither test rejects in any seed",3,0,0,0,0.9996597638192,0.495247623811906
"flowsom_consensus_k62_seed2026",60,6080,"CD19",5000,"ambiguous","discordant_tests",3,0,0,3,0.235085940785211,0
"flowsom_consensus_k62_seed2026",60,6080,"CD21",1000,"detected_multimodality","both tests reject in at least two seeds",3,3,3,3,0,0
"flowsom_consensus_k62_seed2026",60,6080,"CD21",5000,"detected_multimodality","both tests reject in at least two seeds",3,3,3,3,0,0
"flowsom_consensus_k62_seed2026",60,6080,"CD27",1000,"no_detected_multimodality","neither test rejects in any seed",3,0,0,0,0.9996597638192,0.507853926963482
"flowsom_consensus_k62_seed2026",60,6080,"CD27",5000,"no_detected_multimodality","neither test rejects in any seed",3,0,0,0,1,0.721997362317522
"flowsom_consensus_k62_seed2026",60,6080,"CD294_CRTH2",1000,"no_detected_multimodality","neither test rejects in any seed",3,0,0,0,0.9996597638192,0.684020581719431
"flowsom_consensus_k62_seed2026",60,6080,"CD294_CRTH2",5000,"no_detected_multimodality","neither test rejects in any seed",3,0,0,0,1,0.337668834417209
"flowsom_consensus_k62_seed2026",60,6080,"CD38",1000,"no_detected_multimodality","neither test rejects in any seed",3,0,0,0,0.9996597638192,0.434467233616808
"flowsom_consensus_k62_seed2026",60,6080,"CD38",5000,"ambiguous","discordant_tests",3,0,0,3,0.383739026435041,0
"flowsom_consensus_k62_seed2026",60,6080,"Tbet",1000,"no_detected_multimodality","neither test rejects in any seed",3,0,0,0,0.9996597638192,0.540270135067534
"flowsom_consensus_k62_seed2026",60,6080,"Tbet",5000,"no_detected_multimodality","neither test rejects in any seed",3,0,0,0,1,0.748949474737369
"flowsom_consensus_k62_seed2026",61,8255,"CD11c",1000,"detected_multimodality","both tests reject in at least two seeds",3,3,3,3,0,0
"flowsom_consensus_k62_seed2026",61,8255,"CD11c",5000,"detected_multimodality","both tests reject in at least two seeds",3,3,3,3,0,0
"flowsom_consensus_k62_seed2026",61,8255,"CD127",1000,"no_detected_multimodality","neither test rejects in any seed",3,0,0,0,0.998530084870601,0.257528764382191
"flowsom_consensus_k62_seed2026",61,8255,"CD127",5000,"no_detected_multimodality","neither test rejects in any seed",3,0,0,0,0.999245210502945,0.367031341757836
"flowsom_consensus_k62_seed2026",61,8255,"CD14",1000,"no_detected_multimodality","neither test rejects in any seed",3,0,0,0,0.998530084870601,0.223826198813693
"flowsom_consensus_k62_seed2026",61,8255,"CD14",5000,"ambiguous","discordant_tests",3,0,0,3,0.449116778487318,0
"flowsom_consensus_k62_seed2026",61,8255,"CD159c_NKG2C",1000,"ambiguous","borderline_q",3,0,0,0,0.998530084870601,0.0945472736368184
"flowsom_consensus_k62_seed2026",61,8255,"CD159c_NKG2C",5000,"detected_multimodality","both tests reject in at least two seeds",3,2,2,3,0.0359159656029618,0
"flowsom_consensus_k62_seed2026",61,8255,"CD16",1000,"detected_multimodality","both tests reject in at least two seeds",3,2,2,3,0.0103895311923542,0
"flowsom_consensus_k62_seed2026",61,8255,"CD16",5000,"detected_multimodality","both tests reject in at least two seeds",3,3,3,3,0,0
"flowsom_consensus_k62_seed2026",61,8255,"CD161",1000,"no_detected_multimodality","neither test rejects in any seed",3,0,0,0,0.998530084870601,0.33991995997999
"flowsom_consensus_k62_seed2026",61,8255,"CD161",5000,"ambiguous","discordant_tests",3,0,0,3,0.872019953609407,0
"flowsom_consensus_k62_seed2026",61,8255,"CD185_CXCR5",1000,"no_detected_multimodality","neither test rejects in any seed",3,0,0,0,0.998530084870601,0.110305152576288
"flowsom_consensus_k62_seed2026",61,8255,"CD185_CXCR5",5000,"ambiguous","discordant_tests",3,0,0,3,0.811226576530565,0
"flowsom_consensus_k62_seed2026",61,8255,"CD197_CCR7",1000,"no_detected_multimodality","neither test rejects in any seed",3,0,0,0,0.95829372336,0.130911609650979
"flowsom_consensus_k62_seed2026",61,8255,"CD197_CCR7",5000,"detected_multimodality","both tests reject in at least two seeds",3,2,2,3,0.00310487706217377,0
"flowsom_consensus_k62_seed2026",61,8255,"CD21",1000,"no_detected_multimodality","neither test rejects in any seed",3,0,0,0,0.998530084870601,0.131690845422711
"flowsom_consensus_k62_seed2026",61,8255,"CD21",5000,"ambiguous","discordant_tests",3,0,0,3,0.201781569974858,0
"flowsom_consensus_k62_seed2026",61,8255,"CD25",1000,"ambiguous","discordant_tests;seed_instability",3,0,0,1,0.998530084870601,0.00900450225112556
"flowsom_consensus_k62_seed2026",61,8255,"CD25",5000,"ambiguous","discordant_tests;seed_instability;borderline_q",3,1,1,3,0.0433007541038827,0
"flowsom_consensus_k62_seed2026",61,8255,"CD27",1000,"detected_multimodality","both tests reject in at least two seeds",3,3,3,3,0.000108219002163013,0
"flowsom_consensus_k62_seed2026",61,8255,"CD27",5000,"detected_multimodality","both tests reject in at least two seeds",3,3,3,3,0,0
"flowsom_consensus_k62_seed2026",61,8255,"CD3",1000,"ambiguous","discordant_tests",3,0,0,3,0.600420088439898,0.00675337668834417
"flowsom_consensus_k62_seed2026",61,8255,"CD3",5000,"detected_multimodality","both tests reject in at least two seeds",3,2,2,3,0.0358532185173339,0
"flowsom_consensus_k62_seed2026",61,8255,"CD303_TCRvd2",1000,"no_detected_multimodality","neither test rejects in any seed",3,0,0,0,0.998530084870601,0.228575826374726
"flowsom_consensus_k62_seed2026",61,8255,"CD303_TCRvd2",5000,"ambiguous","discordant_tests;seed_instability",3,1,1,3,0.025971476725417,0
"flowsom_consensus_k62_seed2026",61,8255,"CD38",1000,"ambiguous","discordant_tests;seed_instability;borderline_q",3,0,0,1,0.998530084870601,0
"flowsom_consensus_k62_seed2026",61,8255,"CD38",5000,"detected_multimodality","both tests reject in at least two seeds",3,3,3,3,0.00132948354480944,0
"flowsom_consensus_k62_seed2026",61,8255,"CD4",1000,"ambiguous","discordant_tests",3,0,0,3,0.196059815326805,0.00192953619666976
"flowsom_consensus_k62_seed2026",61,8255,"CD4",5000,"detected_multimodality","both tests reject in at least two seeds",3,3,3,3,0.000122754979403537,0
"flowsom_consensus_k62_seed2026",61,8255,"CD45RA",1000,"detected_multimodality","both tests reject in at least two seeds",3,3,3,3,0,0
"flowsom_consensus_k62_seed2026",61,8255,"CD45RA",5000,"detected_multimodality","both tests reject in at least two seeds",3,3,3,3,0,0
"flowsom_consensus_k62_seed2026",61,8255,"CD57",1000,"no_detected_multimodality","neither test rejects in any seed",3,0,0,0,0.998530084870601,0.267602551275638
"flowsom_consensus_k62_seed2026",61,8255,"CD57",5000,"no_detected_multimodality","neither test rejects in any seed",3,0,0,0,0.999245210502945,0.477058529264632
"flowsom_consensus_k62_seed2026",61,8255,"CD7",1000,"ambiguous","discordant_tests;seed_instability",3,1,1,3,0.00933764713566312,0
"flowsom_consensus_k62_seed2026",61,8255,"CD7",5000,"detected_multimodality","both tests reject in at least two seeds",3,3,3,3,0,0
"flowsom_consensus_k62_seed2026",61,8255,"HLA-DR",1000,"ambiguous","discordant_tests;seed_instability",3,0,0,1,0.998530084870601,0.0432216108054027
"flowsom_consensus_k62_seed2026",61,8255,"HLA-DR",5000,"ambiguous","discordant_tests",3,0,0,3,0.273838534843369,0
"flowsom_consensus_k62_seed2026",61,8255,"Tbet",1000,"detected_multimodality","both tests reject in at least two seeds",3,2,2,3,0.00114046965496839,0
"flowsom_consensus_k62_seed2026",61,8255,"Tbet",5000,"detected_multimodality","both tests reject in at least two seeds",3,3,3,3,0,0
"flowsom_consensus_k62_seed2026",61,8255,"TCRgd_CD141",1000,"ambiguous","discordant_tests;seed_instability;borderline_q",3,1,1,2,0.0180508107635944,0
"flowsom_consensus_k62_seed2026",61,8255,"TCRgd_CD141",5000,"ambiguous","discordant_tests;seed_instability;borderline_q",3,1,1,3,0.000502514051769293,0
"flowsom_consensus_k62_seed2026",62,17025,"CD14",1000,"detected_multimodality","both tests reject in at least two seeds",3,3,3,3,0,0
"flowsom_consensus_k62_seed2026",62,17025,"CD14",5000,"detected_multimodality","both tests reject in at least two seeds",3,3,3,3,0,0
"flowsom_consensus_k62_seed2026",62,17025,"CD159c_NKG2C",1000,"detected_multimodality","both tests reject in at least two seeds",3,2,2,3,0.000154867737030839,0
"flowsom_consensus_k62_seed2026",62,17025,"CD159c_NKG2C",5000,"detected_multimodality","both tests reject in at least two seeds",3,3,3,3,0,0
"flowsom_consensus_k62_seed2026",62,17025,"CD185_CXCR5",1000,"detected_multimodality","both tests reject in at least two seeds",3,3,3,3,0,0
"flowsom_consensus_k62_seed2026",62,17025,"CD185_CXCR5",5000,"detected_multimodality","both tests reject in at least two seeds",3,3,3,3,0,0
"flowsom_consensus_k62_seed2026",62,17025,"CD19",1000,"no_detected_multimodality","neither test rejects in any seed",3,0,0,0,0.99897434869104,0.723286643321661
"flowsom_consensus_k62_seed2026",62,17025,"CD19",5000,"ambiguous","discordant_tests",3,0,0,3,0.339857416698098,0
"flowsom_consensus_k62_seed2026",62,17025,"CD27",1000,"detected_multimodality","both tests reject in at least two seeds",3,3,3,3,0,0
"flowsom_consensus_k62_seed2026",62,17025,"CD27",5000,"detected_multimodality","both tests reject in at least two seeds",3,3,3,3,0,0
"flowsom_consensus_k62_seed2026",62,17025,"CD294_CRTH2",1000,"ambiguous","discordant_tests;seed_instability;borderline_q",3,0,0,2,0.283294902382345,0.00168834417208604
"flowsom_consensus_k62_seed2026",62,17025,"CD294_CRTH2",5000,"detected_multimodality","both tests reject in at least two seeds",3,3,3,3,0,0
"flowsom_consensus_k62_seed2026",62,17025,"CD3",1000,"no_detected_multimodality","neither test rejects in any seed",3,0,0,0,0.99897434869104,0.432216108054027
"flowsom_consensus_k62_seed2026",62,17025,"CD3",5000,"ambiguous","discordant_tests",3,0,0,3,0.236051793750832,0
"flowsom_consensus_k62_seed2026",62,17025,"CD38",1000,"detected_multimodality","both tests reject in at least two seeds",3,3,3,3,0,0
"flowsom_consensus_k62_seed2026",62,17025,"CD38",5000,"detected_multimodality","both tests reject in at least two seeds",3,3,3,3,0,0
"flowsom_consensus_k62_seed2026",62,17025,"CD4",1000,"ambiguous","discordant_tests;seed_instability",3,0,0,1,0.676840308187659,0.00168834417208604
"flowsom_consensus_k62_seed2026",62,17025,"CD4",5000,"detected_multimodality","both tests reject in at least two seeds",3,3,3,3,0.000514445298690349,0
"flowsom_consensus_k62_seed2026",62,17025,"CD45RA",1000,"ambiguous","discordant_tests;seed_instability;borderline_q",3,0,0,1,0.897055724475042,0
"flowsom_consensus_k62_seed2026",62,17025,"CD45RA",5000,"detected_multimodality","both tests reject in at least two seeds",3,3,3,3,0.00305671494642352,0
"flowsom_consensus_k62_seed2026",62,17025,"CD56",1000,"ambiguous","borderline_q",3,0,0,0,0.99897434869104,0.0975487743871936
"flowsom_consensus_k62_seed2026",62,17025,"CD56",5000,"no_detected_multimodality","neither test rejects in any seed",3,0,0,0,1,0.16208104052026
"flowsom_consensus_k62_seed2026",62,17025,"CD7",1000,"no_detected_multimodality","neither test rejects in any seed",3,0,0,0,0.99897434869104,0.241433216608304
"flowsom_consensus_k62_seed2026",62,17025,"CD7",5000,"ambiguous","discordant_tests;seed_instability",3,0,0,2,1,0.0125419852783535
"flowsom_consensus_k62_seed2026",62,17025,"HLA-DR",1000,"no_detected_multimodality","neither test rejects in any seed",3,0,0,0,0.99897434869104,0.133716858429215
"flowsom_consensus_k62_seed2026",62,17025,"HLA-DR",5000,"detected_multimodality","both tests reject in at least two seeds",3,2,2,3,0.0106850506787088,0
"flowsom_consensus_k62_seed42",1,1120827,"CD11c",1000,"detected_multimodality","both tests reject in at least two seeds",3,3,3,3,0.00112860538082127,0
"flowsom_consensus_k62_seed42",1,1120827,"CD11c",5000,"detected_multimodality","both tests reject in at least two seeds",3,3,3,3,0,0
"flowsom_consensus_k62_seed42",1,1120827,"CD127",1000,"no_detected_multimodality","neither test rejects in any seed",3,0,0,0,0.997142507058001,0.846063031515758
"flowsom_consensus_k62_seed42",1,1120827,"CD127",5000,"no_detected_multimodality","neither test rejects in any seed",3,0,0,0,1,0.364682341170585
"flowsom_consensus_k62_seed42",1,1120827,"CD161",1000,"detected_multimodality","both tests reject in at least two seeds",3,2,2,3,0.000424108237923604,0
"flowsom_consensus_k62_seed42",1,1120827,"CD161",5000,"detected_multimodality","both tests reject in at least two seeds",3,3,3,3,0,0
"flowsom_consensus_k62_seed42",2,354507,"CD16",1000,"no_detected_multimodality","neither test rejects in any seed",3,0,0,0,0.99970478565652,0.806721542589477
"flowsom_consensus_k62_seed42",2,354507,"CD16",5000,"no_detected_multimodality","neither test rejects in any seed",3,0,0,0,1,0.537568784392196
"flowsom_consensus_k62_seed42",2,354507,"CD1c",1000,"no_detected_multimodality","neither test rejects in any seed",3,0,0,0,0.99970478565652,0.94391426482472
"flowsom_consensus_k62_seed42",2,354507,"CD1c",5000,"no_detected_multimodality","neither test rejects in any seed",3,0,0,0,1,0.121560780390195
"flowsom_consensus_k62_seed42",2,354507,"CD21",1000,"no_detected_multimodality","neither test rejects in any seed",3,0,0,0,0.99970478565652,0.900796552122215
"flowsom_consensus_k62_seed42",2,354507,"CD21",5000,"no_detected_multimodality","neither test rejects in any seed",3,0,0,0,1,0.537568784392196
"flowsom_consensus_k62_seed42",2,354507,"CD303_TCRvd2",1000,"no_detected_multimodality","neither test rejects in any seed",3,0,0,0,0.99970478565652,0.806721542589477
"flowsom_consensus_k62_seed42",2,354507,"CD303_TCRvd2",5000,"no_detected_multimodality","neither test rejects in any seed",3,0,0,0,1,0.480840420210105
"flowsom_consensus_k62_seed42",3,336749,"CD11c",1000,"ambiguous","discordant_tests;seed_instability",3,0,0,1,0.20622097787872,0
"flowsom_consensus_k62_seed42",3,336749,"CD11c",5000,"ambiguous","discordant_tests;seed_instability",3,0,0,1,1,0.0202601300650325
"flowsom_consensus_k62_seed42",3,336749,"CD159c_NKG2C",1000,"detected_multimodality","both tests reject in at least two seeds",3,3,3,3,0.00241140068532053,0
"flowsom_consensus_k62_seed42",3,336749,"CD159c_NKG2C",5000,"detected_multimodality","both tests reject in at least two seeds",3,3,3,3,0,0
"flowsom_consensus_k62_seed42",3,336749,"CD3",1000,"no_detected_multimodality","neither test rejects in any seed",3,0,0,0,0.998727048072251,0.482384049167441
"flowsom_consensus_k62_seed42",3,336749,"CD3",5000,"no_detected_multimodality","neither test rejects in any seed",3,0,0,0,1,0.819614352630861
"flowsom_consensus_k62_seed42",3,336749,"CD38",1000,"no_detected_multimodality","neither test rejects in any seed",3,0,0,0,0.998727048072251,0.934127063531766
"flowsom_consensus_k62_seed42",3,336749,"CD38",5000,"ambiguous","borderline_q",3,0,0,0,1,0.0967983991995998
"flowsom_consensus_k62_seed42",3,336749,"CD57",1000,"detected_multimodality","both tests reject in at least two seeds",3,3,3,3,0,0
"flowsom_consensus_k62_seed42",3,336749,"CD57",5000,"detected_multimodality","both tests reject in at least two seeds",3,3,3,3,0,0
"flowsom_consensus_k62_seed42",4,228900,"CD11c",1000,"no_detected_multimodality","neither test rejects in any seed",3,0,0,0,0.99814492497576,0.488944472236118
"flowsom_consensus_k62_seed42",4,228900,"CD11c",5000,"ambiguous","discordant_tests;seed_instability",3,0,0,1,1,0.048624312156078
"flowsom_consensus_k62_seed42",4,228900,"CD14",1000,"no_detected_multimodality","neither test rejects in any seed",3,0,0,0,0.99814492497576,0.92096048024012
"flowsom_consensus_k62_seed42",4,228900,"CD14",5000,"no_detected_multimodality","neither test rejects in any seed",3,0,0,0,1,0.725312656328164
"flowsom_consensus_k62_seed42",4,228900,"CD159c_NKG2C",1000,"no_detected_multimodality","neither test rejects in any seed",3,0,0,0,0.99814492497576,0.644465089687701
"flowsom_consensus_k62_seed42",4,228900,"CD159c_NKG2C",5000,"ambiguous","discordant_tests",3,0,0,3,0.431426379190132,0
"flowsom_consensus_k62_seed42",4,228900,"CD3",1000,"detected_multimodality","both tests reject in at least two seeds",3,3,3,3,0,0
"flowsom_consensus_k62_seed42",4,228900,"CD3",5000,"detected_multimodality","both tests reject in at least two seeds",3,3,3,3,0,0
"flowsom_consensus_k62_seed42",4,228900,"CD4",1000,"no_detected_multimodality","neither test rejects in any seed",3,0,0,0,0.99814492497576,0.613206603301651
"flowsom_consensus_k62_seed42",4,228900,"CD4",5000,"no_detected_multimodality","neither test rejects in any seed",3,0,0,0,1,0.630765382691346
"flowsom_consensus_k62_seed42",4,228900,"CD56",1000,"no_detected_multimodality","neither test rejects in any seed",3,0,0,0,0.99814492497576,0.851964443760342
"flowsom_consensus_k62_seed42",4,228900,"CD56",5000,"no_detected_multimodality","neither test rejects in any seed",3,0,0,0,1,0.787075355859748
"flowsom_consensus_k62_seed42",4,228900,"CD57",1000,"detected_multimodality","both tests reject in at least two seeds",3,2,2,3,0.0021060486404198,0
"flowsom_consensus_k62_seed42",4,228900,"CD57",5000,"detected_multimodality","both tests reject in at least two seeds",3,3,3,3,0,0
"flowsom_consensus_k62_seed42",4,228900,"CD8",1000,"no_detected_multimodality","neither test rejects in any seed",3,0,0,0,0.99814492497576,0.92096048024012
"flowsom_consensus_k62_seed42",4,228900,"CD8",5000,"no_detected_multimodality","neither test rejects in any seed",3,0,0,0,1,0.171085542771386
"flowsom_consensus_k62_seed42",5,340676,"CD11c",1000,"detected_multimodality","both tests reject in at least two seeds",3,2,2,3,5.69533705696568e-05,0
"flowsom_consensus_k62_seed42",5,340676,"CD11c",5000,"detected_multimodality","both tests reject in at least two seeds",3,3,3,3,0,0
"flowsom_consensus_k62_seed42",5,340676,"CD294_CRTH2",1000,"no_detected_multimodality","neither test rejects in any seed",3,0,0,0,1,0.717658829414707
"flowsom_consensus_k62_seed42",5,340676,"CD294_CRTH2",5000,"no_detected_multimodality","neither test rejects in any seed",3,0,0,0,1,0.93871935967984
"flowsom_consensus_k62_seed42",5,340676,"CD3",1000,"detected_multimodality","both tests reject in at least two seeds",3,3,3,3,1.30542984841941e-05,0
"flowsom_consensus_k62_seed42",5,340676,"CD3",5000,"detected_multimodality","both tests reject in at least two seeds",3,3,3,3,0,0
"flowsom_consensus_k62_seed42",5,340676,"CD57",1000,"detected_multimodality","both tests reject in at least two seeds",3,3,3,3,5.69533705696568e-05,0
"flowsom_consensus_k62_seed42",5,340676,"CD57",5000,"detected_multimodality","both tests reject in at least two seeds",3,3,3,3,0,0
"flowsom_consensus_k62_seed42",5,340676,"HLA-DR",1000,"no_detected_multimodality","neither test rejects in any seed",3,0,0,0,1,0.717658829414707
"flowsom_consensus_k62_seed42",5,340676,"HLA-DR",5000,"no_detected_multimodality","neither test rejects in any seed",3,0,0,0,1,0.111430715357679
"flowsom_consensus_k62_seed42",6,286433,"CD11c",1000,"ambiguous","discordant_tests;seed_instability",3,1,1,3,0.00954906094151964,0
"flowsom_consensus_k62_seed42",6,286433,"CD11c",5000,"detected_multimodality","both tests reject in at least two seeds",3,3,3,3,0,0
"flowsom_consensus_k62_seed42",6,286433,"CD161",1000,"ambiguous","discordant_tests;seed_instability",3,0,0,2,0.242842155848899,0
"flowsom_consensus_k62_seed42",6,286433,"CD161",5000,"detected_multimodality","both tests reject in at least two seeds",3,3,3,3,0.000258431254043068,0
"flowsom_consensus_k62_seed42",6,286433,"CD197_CCR7",1000,"no_detected_multimodality","neither test rejects in any seed",3,0,0,0,0.998077048484697,0.754300227036595
"flowsom_consensus_k62_seed42",6,286433,"CD197_CCR7",5000,"no_detected_multimodality","neither test rejects in any seed",3,0,0,0,1,0.498249124562281
"flowsom_consensus_k62_seed42",6,286433,"CD3",1000,"no_detected_multimodality","neither test rejects in any seed",3,0,0,0,0.998077048484697,0.306153076538269
"flowsom_consensus_k62_seed42",6,286433,"CD3",5000,"ambiguous","discordant_tests",3,0,0,3,0.65662648822087,0
"flowsom_consensus_k62_seed42",6,286433,"CD57",1000,"ambiguous","discordant_tests;seed_instability",3,0,0,2,0.395541819324793,0
"flowsom_consensus_k62_seed42",6,286433,"CD57",5000,"detected_multimodality","both tests reject in at least two seeds",3,2,2,3,7.13081344327349e-05,0
"flowsom_consensus_k62_seed42",7,128303,"CD11c",1000,"ambiguous","seed_instability",3,1,1,1,0.0366360479972707,0
"flowsom_consensus_k62_seed42",7,128303,"CD11c",5000,"ambiguous","borderline_q",3,0,0,0,1,0.0630315157578789
"flowsom_consensus_k62_seed42",7,128303,"CD159c_NKG2C",1000,"ambiguous","discordant_tests;seed_instability",3,0,0,1,0.999476956419416,0.0225112556278139
"flowsom_consensus_k62_seed42",7,128303,"CD159c_NKG2C",5000,"detected_multimodality","both tests reject in at least two seeds",3,3,3,3,0.00145729525381755,0
"flowsom_consensus_k62_seed42",7,128303,"CD38",1000,"no_detected_multimodality","neither test rejects in any seed",3,0,0,0,0.999476956419416,0.835489173158008
"flowsom_consensus_k62_seed42",7,128303,"CD38",5000,"no_detected_multimodality","neither test rejects in any seed",3,0,0,0,1,0.199899949974988
"flowsom_consensus_k62_seed42",7,128303,"CD57",1000,"detected_multimodality","both tests reject in at least two seeds",3,3,3,3,0,0
"flowsom_consensus_k62_seed42",7,128303,"CD57",5000,"detected_multimodality","both tests reject in at least two seeds",3,3,3,3,0,0
"flowsom_consensus_k62_seed42",8,280345,"CD14",1000,"no_detected_multimodality","neither test rejects in any seed",3,0,0,0,0.997323291477732,0.490745372686343
"flowsom_consensus_k62_seed42",8,280345,"CD14",5000,"ambiguous","discordant_tests;seed_instability",3,0,0,1,1,0.0202601300650325
"flowsom_consensus_k62_seed42",8,280345,"CD159c_NKG2C",1000,"no_detected_multimodality","neither test rejects in any seed",3,0,0,0,0.997323291477732,0.833782275753261
"flowsom_consensus_k62_seed42",8,280345,"CD159c_NKG2C",5000,"ambiguous","discordant_tests",3,0,0,3,0.246901953776589,0
"flowsom_consensus_k62_seed42",8,280345,"CD185_CXCR5",1000,"no_detected_multimodality","neither test rejects in any seed",3,0,0,0,0.997323291477732,0.833782275753261
"flowsom_consensus_k62_seed42",8,280345,"CD185_CXCR5",5000,"no_detected_multimodality","neither test rejects in any seed",3,0,0,0,1,0.840942210235553
"flowsom_consensus_k62_seed42",8,280345,"CD197_CCR7",1000,"no_detected_multimodality","neither test rejects in any seed",3,0,0,0,0.997323291477732,0.833782275753261
"flowsom_consensus_k62_seed42",8,280345,"CD197_CCR7",5000,"no_detected_multimodality","neither test rejects in any seed",3,0,0,0,1,0.896173086543272
"flowsom_consensus_k62_seed42",8,280345,"CD3",1000,"no_detected_multimodality","neither test rejects in any seed",3,0,0,0,0.997323291477732,0.777988994497249
"flowsom_consensus_k62_seed42",8,280345,"CD3",5000,"ambiguous","discordant_tests",3,0,0,3,1,0
"flowsom_consensus_k62_seed42",8,280345,"CD56",1000,"no_detected_multimodality","neither test rejects in any seed",3,0,0,0,0.997323291477732,0.603301650825413
"flowsom_consensus_k62_seed42",8,280345,"CD56",5000,"no_detected_multimodality","neither test rejects in any seed",3,0,0,0,1,0.788953300179501
"flowsom_consensus_k62_seed42",8,280345,"CD57",1000,"detected_multimodality","both tests reject in at least two seeds",3,2,2,3,0.0130510185365187,0
"flowsom_consensus_k62_seed42",8,280345,"CD57",5000,"detected_multimodality","both tests reject in at least two seeds",3,3,3,3,0,0
"flowsom_consensus_k62_seed42",8,280345,"CD7",1000,"no_detected_multimodality","neither test rejects in any seed",3,0,0,0,0.997323291477732,0.784292146073037
"flowsom_consensus_k62_seed42",8,280345,"CD7",5000,"no_detected_multimodality","neither test rejects in any seed",3,0,0,0,1,0.788953300179501
"flowsom_consensus_k62_seed42",9,58949,"CD127",1000,"no_detected_multimodality","neither test rejects in any seed",3,0,0,0,0.99891556514477,0.612715448633408
"flowsom_consensus_k62_seed42",9,58949,"CD127",5000,"no_detected_multimodality","neither test rejects in any seed",3,0,0,0,1,0.828067880093893
"flowsom_consensus_k62_seed42",9,58949,"CD159c_NKG2C",1000,"ambiguous","discordant_tests;seed_instability",3,0,0,2,0.546704736101572,0
"flowsom_consensus_k62_seed42",9,58949,"CD159c_NKG2C",5000,"detected_multimodality","both tests reject in at least two seeds",3,3,3,3,0,0
"flowsom_consensus_k62_seed42",9,58949,"CD21",1000,"no_detected_multimodality","neither test rejects in any seed",3,0,0,0,0.99891556514477,0.612715448633408
"flowsom_consensus_k62_seed42",9,58949,"CD21",5000,"no_detected_multimodality","neither test rejects in any seed",3,0,0,0,1,0.81619381119131
"flowsom_consensus_k62_seed42",9,58949,"CD27",1000,"ambiguous","discordant_tests;seed_instability",3,0,0,1,0.99891556514477,0.0438969484742371
"flowsom_consensus_k62_seed42",9,58949,"CD27",5000,"ambiguous","discordant_tests;seed_instability",3,0,0,2,0.551285109039929,0
"flowsom_consensus_k62_seed42",9,58949,"CD3",1000,"no_detected_multimodality","neither test rejects in any seed",3,0,0,0,0.99891556514477,0.289430429500465
"flowsom_consensus_k62_seed42",9,58949,"CD3",5000,"no_detected_multimodality","neither test rejects in any seed",3,0,0,0,1,0.254939969984992
"flowsom_consensus_k62_seed42",9,58949,"CD56",1000,"ambiguous","discordant_tests",3,0,0,3,0.296637565027992,0
"flowsom_consensus_k62_seed42",9,58949,"CD56",5000,"detected_multimodality","both tests reject in at least two seeds",3,3,3,3,0,0
"flowsom_consensus_k62_seed42",9,58949,"CD57",1000,"ambiguous","discordant_tests;seed_instability",3,0,0,2,0.598135731687494,0
"flowsom_consensus_k62_seed42",9,58949,"CD57",5000,"detected_multimodality","both tests reject in at least two seeds",3,3,3,3,0.000343498660453578,0
"flowsom_consensus_k62_seed42",10,6767911,"CD11c",1000,"no_detected_multimodality","neither test rejects in any seed",3,0,0,0,0.998861422942203,0.664832416208104
"flowsom_consensus_k62_seed42",10,6767911,"CD11c",5000,"no_detected_multimodality","neither test rejects in any seed",3,0,0,0,1,0.723803078009593
"flowsom_consensus_k62_seed42",10,6767911,"CD127",1000,"ambiguous","borderline_q",3,0,0,0,0.998861422942203,0.077663831915958
"flowsom_consensus_k62_seed42",10,6767911,"CD127",5000,"ambiguous","discordant_tests;seed_instability",3,1,1,3,0.00666754854657273,0
"flowsom_consensus_k62_seed42",10,6767911,"CD161",1000,"no_detected_multimodality","neither test rejects in any seed",3,0,0,0,0.998861422942203,0.435592796398199
"flowsom_consensus_k62_seed42",10,6767911,"CD161",5000,"no_detected_multimodality","neither test rejects in any seed",3,0,0,0,1,0.415332666333167
"flowsom_consensus_k62_seed42",10,6767911,"CD19",1000,"no_detected_multimodality","neither test rejects in any seed",3,0,0,0,0.998861422942203,0.35927963981991
"flowsom_consensus_k62_seed42",10,6767911,"CD19",5000,"no_detected_multimodality","neither test rejects in any seed",3,0,0,0,1,0.495247623811906
"flowsom_consensus_k62_seed42",10,6767911,"CD197_CCR7",1000,"detected_multimodality","both tests reject in at least two seeds",3,3,3,3,0,0
"flowsom_consensus_k62_seed42",10,6767911,"CD197_CCR7",5000,"detected_multimodality","both tests reject in at least two seeds",3,3,3,3,0,0
"flowsom_consensus_k62_seed42",10,6767911,"CD27",1000,"detected_multimodality","both tests reject in at least two seeds",3,3,3,3,0,0
"flowsom_consensus_k62_seed42",10,6767911,"CD27",5000,"detected_multimodality","both tests reject in at least two seeds",3,3,3,3,0,0
"flowsom_consensus_k62_seed42",10,6767911,"CD294_CRTH2",1000,"no_detected_multimodality","neither test rejects in any seed",3,0,0,0,0.998861422942203,0.272836418209105
"flowsom_consensus_k62_seed42",10,6767911,"CD294_CRTH2",5000,"ambiguous","discordant_tests;seed_instability",3,0,0,1,1,0.011255627813907
"flowsom_consensus_k62_seed42",10,6767911,"CD45RA",1000,"detected_multimodality","both tests reject in at least two seeds",3,3,3,3,0,0
"flowsom_consensus_k62_seed42",10,6767911,"CD45RA",5000,"detected_multimodality","both tests reject in at least two seeds",3,3,3,3,0,0
"flowsom_consensus_k62_seed42",10,6767911,"CD57",1000,"no_detected_multimodality","neither test rejects in any seed",3,0,0,0,0.998861422942203,0.435592796398199
"flowsom_consensus_k62_seed42",10,6767911,"CD57",5000,"no_detected_multimodality","neither test rejects in any seed",3,0,0,0,1,0.415332666333167
"flowsom_consensus_k62_seed42",10,6767911,"Tbet",1000,"ambiguous","discordant_tests;seed_instability",3,0,0,1,0.998861422942203,0.0101300650325163
"flowsom_consensus_k62_seed42",10,6767911,"Tbet",5000,"detected_multimodality","both tests reject in at least two seeds",3,2,2,3,0.0129170727224878,0
"flowsom_consensus_k62_seed42",10,6767911,"TCRgd_CD141",1000,"no_detected_multimodality","neither test rejects in any seed",3,0,0,0,0.998861422942203,0.438004716644036
"flowsom_consensus_k62_seed42",10,6767911,"TCRgd_CD141",5000,"no_detected_multimodality","neither test rejects in any seed",3,0,0,0,1,0.723803078009593
"flowsom_consensus_k62_seed42",11,133612,"CD11c",1000,"no_detected_multimodality","neither test rejects in any seed",3,0,0,0,0.997918943736629,0.144072036018009
"flowsom_consensus_k62_seed42",11,133612,"CD11c",5000,"ambiguous","discordant_tests",3,0,0,3,0.16270284681752,0
"flowsom_consensus_k62_seed42",11,133612,"CD127",1000,"no_detected_multimodality","neither test rejects in any seed",3,0,0,0,0.997918943736629,0.365721322199561
"flowsom_consensus_k62_seed42",11,133612,"CD127",5000,"no_detected_multimodality","neither test rejects in any seed",3,0,0,0,1,0.466947759594083
"flowsom_consensus_k62_seed42",11,133612,"CD159c_NKG2C",1000,"detected_multimodality","both tests reject in at least two seeds",3,3,3,3,3.12879448669534e-05,0
"flowsom_consensus_k62_seed42",11,133612,"CD159c_NKG2C",5000,"detected_multimodality","both tests reject in at least two seeds",3,3,3,3,0,0
"flowsom_consensus_k62_seed42",11,133612,"CD16",1000,"no_detected_multimodality","neither test rejects in any seed",3,0,0,0,0.997918943736629,0.108054027013507
"flowsom_consensus_k62_seed42",11,133612,"CD16",5000,"detected_multimodality","both tests reject in at least two seeds",3,3,3,3,0.000924152507331022,0
"flowsom_consensus_k62_seed42",11,133612,"CD197_CCR7",1000,"no_detected_multimodality","neither test rejects in any seed",3,0,0,0,0.997918943736629,0.435110412349032
"flowsom_consensus_k62_seed42",11,133612,"CD197_CCR7",5000,"no_detected_multimodality","neither test rejects in any seed",3,0,0,0,1,0.901950975487744
"flowsom_consensus_k62_seed42",11,133612,"CD3",1000,"no_detected_multimodality","neither test rejects in any seed",3,0,0,0,0.997918943736629,0.189094547273637
"flowsom_consensus_k62_seed42",11,133612,"CD3",5000,"ambiguous","discordant_tests",3,0,0,3,0.833064199570426,0
"flowsom_consensus_k62_seed42",11,133612,"Tbet",1000,"no_detected_multimodality","neither test rejects in any seed",3,0,0,0,0.997918943736629,0.906033016508254
"flowsom_consensus_k62_seed42",11,133612,"Tbet",5000,"no_detected_multimodality","neither test rejects in any seed",3,0,0,0,1,0.867808904452226
"flowsom_consensus_k62_seed42",12,46765,"CD11c",1000,"ambiguous","discordant_tests;seed_instability",3,0,0,2,0.281301096498334,0
"flowsom_consensus_k62_seed42",12,46765,"CD11c",5000,"detected_multimodality","both tests reject in at least two seeds",3,3,3,3,0.00264371008408176,0
"flowsom_consensus_k62_seed42",12,46765,"CD161",1000,"ambiguous","discordant_tests;seed_instability",3,0,0,1,0.539246739502937,0.00450225112556278
"flowsom_consensus_k62_seed42",12,46765,"CD161",5000,"ambiguous","discordant_tests;seed_instability",3,0,0,2,0.826442997895643,0
"flowsom_consensus_k62_seed42",12,46765,"CD27",1000,"no_detected_multimodality","neither test rejects in any seed",3,0,0,0,0.999761152531651,0.739977131422854
"flowsom_consensus_k62_seed42",12,46765,"CD27",5000,"ambiguous","discordant_tests",3,0,0,3,1,0
"flowsom_consensus_k62_seed42",12,46765,"CD3",1000,"detected_multimodality","both tests reject in at least two seeds",3,3,3,3,0,0
"flowsom_consensus_k62_seed42",12,46765,"CD3",5000,"detected_multimodality","both tests reject in at least two seeds",3,3,3,3,0,0
"flowsom_consensus_k62_seed42",12,46765,"CD56",1000,"ambiguous","discordant_tests;seed_instability",3,1,1,2,0.0195700939147598,0
"flowsom_consensus_k62_seed42",12,46765,"CD56",5000,"detected_multimodality","both tests reject in at least two seeds",3,3,3,3,0.000126267933863222,0
"flowsom_consensus_k62_seed42",12,46765,"TCRgd_CD141",1000,"no_detected_multimodality","neither test rejects in any seed",3,0,0,0,0.999761152531651,0.83949667141263
"flowsom_consensus_k62_seed42",12,46765,"TCRgd_CD141",5000,"no_detected_multimodality","neither test rejects in any seed",3,0,0,0,1,0.572107482312585
"flowsom_consensus_k62_seed42",13,608176,"CD25",1000,"no_detected_multimodality","neither test rejects in any seed",3,0,0,0,0.996946388887062,0.838094047023512
"flowsom_consensus_k62_seed42",13,608176,"CD25",5000,"no_detected_multimodality","neither test rejects in any seed",3,0,0,0,1,0.964982491245623
"flowsom_consensus_k62_seed42",13,608176,"CD57",1000,"detected_multimodality","both tests reject in at least two seeds",3,3,3,3,0,0
"flowsom_consensus_k62_seed42",13,608176,"CD57",5000,"detected_multimodality","both tests reject in at least two seeds",3,3,3,3,0,0
"flowsom_consensus_k62_seed42",13,608176,"CD8",1000,"no_detected_multimodality","neither test rejects in any seed",3,0,0,0,0.996946388887062,0.838094047023512
"flowsom_consensus_k62_seed42",13,608176,"CD8",5000,"no_detected_multimodality","neither test rejects in any seed",3,0,0,0,1,0.697848924462231
"flowsom_consensus_k62_seed42",14,263568,"CD161",1000,"ambiguous","discordant_tests;seed_instability",3,0,0,1,0.998400272475101,0
"flowsom_consensus_k62_seed42",14,263568,"CD161",5000,"detected_multimodality","both tests reject in at least two seeds",3,2,2,3,0.0124027700605547,0
"flowsom_consensus_k62_seed42",14,263568,"CD19",1000,"no_detected_multimodality","neither test rejects in any seed",3,0,0,0,0.998400272475101,0.791336844893035
"flowsom_consensus_k62_seed42",14,263568,"CD19",5000,"no_detected_multimodality","neither test rejects in any seed",3,0,0,0,1,0.479489744872436
"flowsom_consensus_k62_seed42",14,263568,"CD38",1000,"detected_multimodality","both tests reject in at least two seeds",3,2,2,3,0.00129403003044382,0
"flowsom_consensus_k62_seed42",14,263568,"CD38",5000,"detected_multimodality","both tests reject in at least two seeds",3,3,3,3,0,0
"flowsom_consensus_k62_seed42",14,263568,"CD57",1000,"no_detected_multimodality","neither test rejects in any seed",3,0,0,0,0.998400272475101,0.791336844893035
"flowsom_consensus_k62_seed42",14,263568,"CD57",5000,"no_detected_multimodality","neither test rejects in any seed",3,0,0,0,1,0.984403966689227
"flowsom_consensus_k62_seed42",15,31262,"CD11c",1000,"no_detected_multimodality","neither test rejects in any seed",3,0,0,0,0.999783941785615,0.530140070035018
"flowsom_consensus_k62_seed42",15,31262,"CD11c",5000,"ambiguous","discordant_tests;borderline_q",3,0,0,3,0.0899269650914127,0
"flowsom_consensus_k62_seed42",15,31262,"CD14",1000,"no_detected_multimodality","neither test rejects in any seed",3,0,0,0,0.999783941785615,0.844172086043021
"flowsom_consensus_k62_seed42",15,31262,"CD14",5000,"no_detected_multimodality","neither test rejects in any seed",3,0,0,0,1,0.865782891445723
"flowsom_consensus_k62_seed42",15,31262,"CD161",1000,"detected_multimodality","both tests reject in at least two seeds",3,3,3,3,0,0
"flowsom_consensus_k62_seed42",15,31262,"CD161",5000,"detected_multimodality","both tests reject in at least two seeds",3,3,3,3,0,0
"flowsom_consensus_k62_seed42",15,31262,"CD38",1000,"no_detected_multimodality","neither test rejects in any seed",3,0,0,0,0.999783941785615,0.101300650325163
"flowsom_consensus_k62_seed42",15,31262,"CD38",5000,"ambiguous","discordant_tests;seed_instability",3,0,0,2,0.404607323638241,0.00900450225112556
"flowsom_consensus_k62_seed42",15,31262,"CD56",1000,"no_detected_multimodality","neither test rejects in any seed",3,0,0,0,0.999783941785615,0.854784535124705
"flowsom_consensus_k62_seed42",15,31262,"CD56",5000,"no_detected_multimodality","neither test rejects in any seed",3,0,0,0,1,0.519045236904166
"flowsom_consensus_k62_seed42",15,31262,"Tbet",1000,"no_detected_multimodality","neither test rejects in any seed",3,0,0,0,0.999783941785615,0.761443221610805
"flowsom_consensus_k62_seed42",15,31262,"Tbet",5000,"no_detected_multimodality","neither test rejects in any seed",3,0,0,0,1,0.675337668834417
"flowsom_consensus_k62_seed42",16,57019,"CD11c",1000,"ambiguous","seed_instability",3,1,1,1,0.0100694106361563,0
"flowsom_consensus_k62_seed42",16,57019,"CD11c",5000,"ambiguous","discordant_tests;seed_instability",3,1,1,2,0.00107663105498312,0
"flowsom_consensus_k62_seed42",16,57019,"CD161",1000,"no_detected_multimodality","neither test rejects in any seed",3,0,0,0,0.997247488736618,0.40520260130065
"flowsom_consensus_k62_seed42",16,57019,"CD161",5000,"no_detected_multimodality","neither test rejects in any seed",3,0,0,0,1,0.539305366969199
"flowsom_consensus_k62_seed42",16,57019,"Tbet",1000,"ambiguous","discordant_tests",3,0,0,3,0.147763976271366,0
"flowsom_consensus_k62_seed42",16,57019,"Tbet",5000,"detected_multimodality","both tests reject in at least two seeds",3,3,3,3,0,0
"flowsom_consensus_k62_seed42",17,22500,"CD11c",1000,"no_detected_multimodality","neither test rejects in any seed",3,0,0,0,0.997888697645244,0.373277547864842
"flowsom_consensus_k62_seed42",17,22500,"CD11c",5000,"ambiguous","discordant_tests;seed_instability",3,0,0,2,0.997772925157745,0.0202601300650325
"flowsom_consensus_k62_seed42",17,22500,"CD16",1000,"no_detected_multimodality","neither test rejects in any seed",3,0,0,0,0.997888697645244,0.488375766830784
"flowsom_consensus_k62_seed42",17,22500,"CD16",5000,"ambiguous","discordant_tests;seed_instability",3,0,0,1,0.748350483079119,0.00750375187593797
"flowsom_consensus_k62_seed42",17,22500,"CD161",1000,"ambiguous","discordant_tests;seed_instability",3,0,0,1,0.371685646888895,0.0202601300650325
"flowsom_consensus_k62_seed42",17,22500,"CD161",5000,"ambiguous","discordant_tests;seed_instability",3,1,1,3,0.042289739834623,0
"flowsom_consensus_k62_seed42",17,22500,"CD19",1000,"ambiguous","discordant_tests;seed_instability",3,0,0,2,0.997888697645244,0.00810405202601301
"flowsom_consensus_k62_seed42",17,22500,"CD19",5000,"no_detected_multimodality","neither test rejects in any seed",3,0,0,0,0.997772925157745,0.11368184092046
"flowsom_consensus_k62_seed42",17,22500,"CD197_CCR7",1000,"no_detected_multimodality","neither test rejects in any seed",3,0,0,0,0.997888697645244,0.369184592296148
"flowsom_consensus_k62_seed42",17,22500,"CD197_CCR7",5000,"ambiguous","discordant_tests",3,0,0,3,0.244149162356646,0
"flowsom_consensus_k62_seed42",17,22500,"CD1c",1000,"no_detected_multimodality","neither test rejects in any seed",3,0,0,0,0.997888697645244,0.24119202458372
"flowsom_consensus_k62_seed42",17,22500,"CD1c",5000,"ambiguous","discordant_tests;seed_instability",3,0,0,1,0.997772925157745,0.0255127563781891
"flowsom_consensus_k62_seed42",17,22500,"CD21",1000,"no_detected_multimodality","neither test rejects in any seed",3,0,0,0,0.997888697645244,0.287693846923462
"flowsom_consensus_k62_seed42",17,22500,"CD21",5000,"no_detected_multimodality","neither test rejects in any seed",3,0,0,0,0.997772925157745,0.30857736560588
"flowsom_consensus_k62_seed42",17,22500,"CD25",1000,"no_detected_multimodality","neither test rejects in any seed",3,0,0,0,0.997888697645244,0.814907453726863
"flowsom_consensus_k62_seed42",17,22500,"CD25",5000,"no_detected_multimodality","neither test rejects in any seed",3,0,0,0,0.997772925157745,0.728777432194358
"flowsom_consensus_k62_seed42",17,22500,"CD3",1000,"no_detected_multimodality","neither test rejects in any seed",3,0,0,0,0.997888697645244,0.40520260130065
"flowsom_consensus_k62_seed42",17,22500,"CD3",5000,"ambiguous","borderline_q",3,0,0,0,0.997772925157745,0.0889194597298649
"flowsom_consensus_k62_seed42",17,22500,"CD45RA",1000,"ambiguous","discordant_tests;seed_instability",3,1,1,2,0.0141808026389862,0
"flowsom_consensus_k62_seed42",17,22500,"CD45RA",5000,"detected_multimodality","both tests reject in at least two seeds",3,3,3,3,0,0
"flowsom_consensus_k62_seed42",17,22500,"CD56",1000,"detected_multimodality","both tests reject in at least two seeds",3,3,3,3,0,0
"flowsom_consensus_k62_seed42",17,22500,"CD56",5000,"detected_multimodality","both tests reject in at least two seeds",3,3,3,3,0,0
"flowsom_consensus_k62_seed42",17,22500,"CD7",1000,"ambiguous","discordant_tests;seed_instability;borderline_q",3,1,1,2,0.00371440829647018,0
"flowsom_consensus_k62_seed42",17,22500,"CD7",5000,"detected_multimodality","both tests reject in at least two seeds",3,3,3,3,0,0
"flowsom_consensus_k62_seed42",17,22500,"FoxP3",1000,"detected_multimodality","both tests reject in at least two seeds",3,3,3,3,0,0
"flowsom_consensus_k62_seed42",17,22500,"FoxP3",5000,"detected_multimodality","both tests reject in at least two seeds",3,3,3,3,0,0
"flowsom_consensus_k62_seed42",17,22500,"Tbet",1000,"no_detected_multimodality","neither test rejects in any seed",3,0,0,0,0.997888697645244,0.366370685342671
"flowsom_consensus_k62_seed42",17,22500,"Tbet",5000,"ambiguous","discordant_tests",3,0,0,3,0.244149162356646,0
"flowsom_consensus_k62_seed42",18,132476,"CD11c",1000,"ambiguous","discordant_tests;seed_instability",3,0,0,1,0.997977740465591,0.0337668834417209
"flowsom_consensus_k62_seed42",18,132476,"CD11c",5000,"ambiguous","discordant_tests;seed_instability",3,0,0,1,0.624662938913657,0.0225112556278139
"flowsom_consensus_k62_seed42",18,132476,"CD159c_NKG2C",1000,"ambiguous","discordant_tests",3,0,0,3,0.296637565027992,0
"flowsom_consensus_k62_seed42",18,132476,"CD159c_NKG2C",5000,"detected_multimodality","both tests reject in at least two seeds",3,3,3,3,0,0
"flowsom_consensus_k62_seed42",18,132476,"CD161",1000,"no_detected_multimodality","neither test rejects in any seed",3,0,0,0,0.997977740465591,0.826848206712052
"flowsom_consensus_k62_seed42",18,132476,"CD161",5000,"no_detected_multimodality","neither test rejects in any seed",3,0,0,0,1,0.832353676838419
"flowsom_consensus_k62_seed42",18,132476,"CD3",1000,"no_detected_multimodality","neither test rejects in any seed",3,0,0,0,0.997977740465591,0.572686343171586
"flowsom_consensus_k62_seed42",18,132476,"CD3",5000,"ambiguous","discordant_tests",3,0,0,3,0.421380785701067,0
"flowsom_consensus_k62_seed42",19,28208,"CD11c",1000,"no_detected_multimodality","neither test rejects in any seed",3,0,0,0,0.999570866531384,0.620516140423153
"flowsom_consensus_k62_seed42",19,28208,"CD11c",5000,"ambiguous","discordant_tests;seed_instability;borderline_q",3,0,0,1,1,0.040520260130065
"flowsom_consensus_k62_seed42",19,28208,"CD16",1000,"no_detected_multimodality","neither test rejects in any seed",3,0,0,0,0.999570866531384,0.223826198813693
"flowsom_consensus_k62_seed42",19,28208,"CD16",5000,"no_detected_multimodality","neither test rejects in any seed",3,0,0,0,1,0.229614807403702
"flowsom_consensus_k62_seed42",19,28208,"CD27",1000,"no_detected_multimodality","neither test rejects in any seed",3,0,0,0,0.999570866531384,0.92224112056028
"flowsom_consensus_k62_seed42",19,28208,"CD27",5000,"no_detected_multimodality","neither test rejects in any seed",3,0,0,0,1,0.551075537768884
"flowsom_consensus_k62_seed42",19,28208,"CD303_TCRvd2",1000,"no_detected_multimodality","neither test rejects in any seed",3,0,0,0,0.999570866531384,0.748124062031015
"flowsom_consensus_k62_seed42",19,28208,"CD303_TCRvd2",5000,"no_detected_multimodality","neither test rejects in any seed",3,0,0,0,1,0.691227966924639
"flowsom_consensus_k62_seed42",19,28208,"CD4",1000,"no_detected_multimodality","neither test rejects in any seed",3,0,0,0,0.999570866531384,0.279782748517116
"flowsom_consensus_k62_seed42",19,28208,"CD4",5000,"no_detected_multimodality","neither test rejects in any seed",3,0,0,0,1,0.220610305152576
"flowsom_consensus_k62_seed42",19,28208,"CD56",1000,"ambiguous","discordant_tests;seed_instability;borderline_q",3,0,0,1,0.546704736101572,0
"flowsom_consensus_k62_seed42",19,28208,"CD56",5000,"detected_multimodality","both tests reject in at least two seeds",3,3,3,3,0,0
"flowsom_consensus_k62_seed42",19,28208,"CD57",1000,"ambiguous","discordant_tests;seed_instability",3,0,0,1,0.999570866531384,0.040520260130065
"flowsom_consensus_k62_seed42",19,28208,"CD57",5000,"ambiguous","discordant_tests;seed_instability",3,0,0,2,0.55222856334267,0
"flowsom_consensus_k62_seed42",19,28208,"HLA-DR",1000,"no_detected_multimodality","neither test rejects in any seed",3,0,0,0,0.999570866531384,0.279782748517116
"flowsom_consensus_k62_seed42",19,28208,"HLA-DR",5000,"no_detected_multimodality","neither test rejects in any seed",3,0,0,0,1,0.204530836846995
"flowsom_consensus_k62_seed42",19,28208,"TCRgd_CD141",1000,"no_detected_multimodality","neither test rejects in any seed",3,0,0,0,0.999570866531384,0.223826198813693
"flowsom_consensus_k62_seed42",19,28208,"TCRgd_CD141",5000,"ambiguous","discordant_tests",3,0,0,3,0.55222856334267,0
"flowsom_consensus_k62_seed42",20,131251,"CD127",1000,"no_detected_multimodality","neither test rejects in any seed",3,0,0,0,0.998237102230587,0.422086043021511
"flowsom_consensus_k62_seed42",20,131251,"CD127",5000,"no_detected_multimodality","neither test rejects in any seed",3,0,0,0,1,0.373686843421711
"flowsom_consensus_k62_seed42",20,131251,"CD3",1000,"detected_multimodality","both tests reject in at least two seeds",3,3,3,3,0,0
"flowsom_consensus_k62_seed42",20,131251,"CD3",5000,"detected_multimodality","both tests reject in at least two seeds",3,3,3,3,0,0
"flowsom_consensus_k62_seed42",20,131251,"CD45RA",1000,"no_detected_multimodality","neither test rejects in any seed",3,0,0,0,0.998237102230587,0.256628314157079
"flowsom_consensus_k62_seed42",20,131251,"CD45RA",5000,"no_detected_multimodality","neither test rejects in any seed",3,0,0,0,1,0.510255127563782
"flowsom_consensus_k62_seed42",20,131251,"CD56",1000,"ambiguous","discordant_tests;seed_instability",3,0,0,1,0.227967061195888,0
"flowsom_consensus_k62_seed42",20,131251,"CD56",5000,"ambiguous","discordant_tests",3,0,0,3,0.724478044233663,0
"flowsom_consensus_k62_seed42",21,219490,"CD11c",1000,"no_detected_multimodality","neither test rejects in any seed",3,0,0,0,1,0.618609304652326
"flowsom_consensus_k62_seed42",21,219490,"CD11c",5000,"ambiguous","discordant_tests;seed_instability",3,0,0,1,1,0.0297148574287144
"flowsom_consensus_k62_seed42",21,219490,"CD16",1000,"no_detected_multimodality","neither test rejects in any seed",3,0,0,0,1,0.733520606457075
"flowsom_consensus_k62_seed42",21,219490,"CD16",5000,"ambiguous","discordant_tests;seed_instability;borderline_q",3,0,0,1,1,0.0472736368184092
"flowsom_consensus_k62_seed42",21,219490,"CD185_CXCR5",1000,"no_detected_multimodality","neither test rejects in any seed",3,0,0,0,1,0.859569784892446
"flowsom_consensus_k62_seed42",21,219490,"CD185_CXCR5",5000,"no_detected_multimodality","neither test rejects in any seed",3,0,0,0,1,0.785469657905876
"flowsom_consensus_k62_seed42",21,219490,"CD1c",1000,"no_detected_multimodality","neither test rejects in any seed",3,0,0,0,1,0.766330533687897
"flowsom_consensus_k62_seed42",21,219490,"CD1c",5000,"no_detected_multimodality","neither test rejects in any seed",3,0,0,0,1,0.785469657905876
"flowsom_consensus_k62_seed42",21,219490,"CD21",1000,"no_detected_multimodality","neither test rejects in any seed",3,0,0,0,1,0.618609304652326
"flowsom_consensus_k62_seed42",21,219490,"CD21",5000,"no_detected_multimodality","neither test rejects in any seed",3,0,0,0,1,0.24119202458372
"flowsom_consensus_k62_seed42",21,219490,"CD25",1000,"no_detected_multimodality","neither test rejects in any seed",3,0,0,0,1,0.766330533687897
"flowsom_consensus_k62_seed42",21,219490,"CD25",5000,"no_detected_multimodality","neither test rejects in any seed",3,0,0,0,1,0.88504778705142
"flowsom_consensus_k62_seed42",21,219490,"CD3",1000,"detected_multimodality","both tests reject in at least two seeds",3,3,3,3,0,0
"flowsom_consensus_k62_seed42",21,219490,"CD3",5000,"detected_multimodality","both tests reject in at least two seeds",3,3,3,3,0,0
"flowsom_consensus_k62_seed42",21,219490,"CD303_TCRvd2",1000,"ambiguous","discordant_tests;seed_instability",3,1,1,2,0.0412565797823314,0
"flowsom_consensus_k62_seed42",21,219490,"CD303_TCRvd2",5000,"detected_multimodality","both tests reject in at least two seeds",3,3,3,3,0,0
"flowsom_consensus_k62_seed42",21,219490,"CD57",1000,"ambiguous","discordant_tests;seed_instability",3,0,0,2,1,0.0180090045022511
"flowsom_consensus_k62_seed42",21,219490,"CD57",5000,"ambiguous","discordant_tests;seed_instability;borderline_q",3,1,1,3,0.00131806778017551,0
"flowsom_consensus_k62_seed42",21,219490,"FoxP3",1000,"no_detected_multimodality","neither test rejects in any seed",3,0,0,0,1,0.733520606457075
"flowsom_consensus_k62_seed42",21,219490,"FoxP3",5000,"no_detected_multimodality","neither test rejects in any seed",3,0,0,0,1,0.612306153076538
"flowsom_consensus_k62_seed42",21,219490,"TCRgd_CD141",1000,"no_detected_multimodality","neither test rejects in any seed",3,0,0,0,1,0.229614807403702
"flowsom_consensus_k62_seed42",21,219490,"TCRgd_CD141",5000,"no_detected_multimodality","neither test rejects in any seed",3,0,0,0,1,0.453826913456728
"flowsom_consensus_k62_seed42",22,244991,"CD161",1000,"detected_multimodality","both tests reject in at least two seeds",3,3,3,3,0,0
"flowsom_consensus_k62_seed42",22,244991,"CD161",5000,"detected_multimodality","both tests reject in at least two seeds",3,3,3,3,0,0
"flowsom_consensus_k62_seed42",22,244991,"CD27",1000,"detected_multimodality","both tests reject in at least two seeds",3,2,2,3,4.56756995526053e-06,0
"flowsom_consensus_k62_seed42",22,244991,"CD27",5000,"detected_multimodality","both tests reject in at least two seeds",3,3,3,3,0,0
"flowsom_consensus_k62_seed42",22,244991,"CD56",1000,"no_detected_multimodality","neither test rejects in any seed",3,0,0,0,0.999682991084963,0.463731865932967
"flowsom_consensus_k62_seed42",22,244991,"CD56",5000,"no_detected_multimodality","neither test rejects in any seed",3,0,0,0,1,0.364682341170585
"flowsom_consensus_k62_seed42",22,244991,"TCRgd_CD141",1000,"no_detected_multimodality","neither test rejects in any seed",3,0,0,0,0.999682991084963,0.596998499249625
"flowsom_consensus_k62_seed42",22,244991,"TCRgd_CD141",5000,"no_detected_multimodality","neither test rejects in any seed",3,0,0,0,1,0.198099049524762
"flowsom_consensus_k62_seed42",23,90032,"CD16",1000,"no_detected_multimodality","neither test rejects in any seed",3,0,0,0,0.999806861992413,0.380440220110055
"flowsom_consensus_k62_seed42",23,90032,"CD16",5000,"no_detected_multimodality","neither test rejects in any seed",3,0,0,0,1,0.383254127063532
"flowsom_consensus_k62_seed42",23,90032,"CD3",1000,"no_detected_multimodality","neither test rejects in any seed",3,0,0,0,0.999806861992413,0.535767883941971
"flowsom_consensus_k62_seed42",23,90032,"CD3",5000,"ambiguous","discordant_tests",3,0,0,3,0.231474980954348,0
"flowsom_consensus_k62_seed42",23,90032,"CD303_TCRvd2",1000,"no_detected_multimodality","neither test rejects in any seed",3,0,0,0,0.999806861992413,0.925887943971986
"flowsom_consensus_k62_seed42",23,90032,"CD303_TCRvd2",5000,"no_detected_multimodality","neither test rejects in any seed",3,0,0,0,1,0.657674991341825
"flowsom_consensus_k62_seed42",23,90032,"CD7",1000,"no_detected_multimodality","neither test rejects in any seed",3,0,0,0,0.999806861992413,0.619809904952476
"flowsom_consensus_k62_seed42",23,90032,"CD7",5000,"no_detected_multimodality","neither test rejects in any seed",3,0,0,0,1,0.688844422211106
"flowsom_consensus_k62_seed42",24,122981,"CD161",1000,"ambiguous","seed_instability",3,1,1,1,0.00105955019403958,0
"flowsom_consensus_k62_seed42",24,122981,"CD161",5000,"ambiguous","discordant_tests;seed_instability",3,1,1,2,0.0015683909402967,0
"flowsom_consensus_k62_seed42",24,122981,"CD185_CXCR5",1000,"no_detected_multimodality","neither test rejects in any seed",3,0,0,0,0.998560407197083,0.666118773672551
"flowsom_consensus_k62_seed42",24,122981,"CD185_CXCR5",5000,"ambiguous","discordant_tests",3,0,0,3,0.430942821760574,0
"flowsom_consensus_k62_seed42",24,122981,"CD197_CCR7",1000,"no_detected_multimodality","neither test rejects in any seed",3,0,0,0,0.998560407197083,0.152826413206603
"flowsom_consensus_k62_seed42",24,122981,"CD197_CCR7",5000,"ambiguous","discordant_tests",3,0,0,3,0.417186911110698,0
"flowsom_consensus_k62_seed42",24,122981,"CD38",1000,"detected_multimodality","both tests reject in at least two seeds",3,2,2,3,7.84886997196033e-05,0
"flowsom_consensus_k62_seed42",24,122981,"CD38",5000,"detected_multimodality","both tests reject in at least two seeds",3,3,3,3,0,0
"flowsom_consensus_k62_seed42",24,122981,"CD45RA",1000,"ambiguous","discordant_tests;seed_instability;borderline_q",3,0,0,1,0.998560407197083,0.0182091045522761
"flowsom_consensus_k62_seed42",24,122981,"CD45RA",5000,"ambiguous","discordant_tests;borderline_q",3,0,0,3,0.0585568756762247,0
"flowsom_consensus_k62_seed42",24,122981,"CD7",1000,"ambiguous","discordant_tests;seed_instability",3,1,1,2,0.0378774932284601,0
"flowsom_consensus_k62_seed42",24,122981,"CD7",5000,"detected_multimodality","both tests reject in at least two seeds",3,3,3,3,0.000122034721112829,0
"flowsom_consensus_k62_seed42",24,122981,"FoxP3",1000,"detected_multimodality","both tests reject in at least two seeds",3,3,3,3,0,0
"flowsom_consensus_k62_seed42",24,122981,"FoxP3",5000,"detected_multimodality","both tests reject in at least two seeds",3,3,3,3,0,0
"flowsom_consensus_k62_seed42",25,11368,"CD159c_NKG2C",1000,"detected_multimodality","both tests reject in at least two seeds",3,2,2,3,0.0204825789127606,0
"flowsom_consensus_k62_seed42",25,11368,"CD159c_NKG2C",5000,"detected_multimodality","both tests reject in at least two seeds",3,3,3,3,0,0
"flowsom_consensus_k62_seed42",25,11368,"CD16",1000,"ambiguous","borderline_q",3,0,0,0,0.998724289036382,0.0630315157578789
"flowsom_consensus_k62_seed42",25,11368,"CD16",5000,"no_detected_multimodality","neither test rejects in any seed",3,0,0,0,1,0.728078324876724
"flowsom_consensus_k62_seed42",25,11368,"CD197_CCR7",1000,"no_detected_multimodality","neither test rejects in any seed",3,0,0,0,0.998724289036382,0.84539997271363
"flowsom_consensus_k62_seed42",25,11368,"CD197_CCR7",5000,"no_detected_multimodality","neither test rejects in any seed",3,0,0,0,1,0.210319445437004
"flowsom_consensus_k62_seed42",25,11368,"CD1c",1000,"no_detected_multimodality","neither test rejects in any seed",3,0,0,0,0.998724289036382,0.84539997271363
"flowsom_consensus_k62_seed42",25,11368,"CD1c",5000,"no_detected_multimodality","neither test rejects in any seed",3,0,0,0,1,0.538769384692346
"flowsom_consensus_k62_seed42",25,11368,"CD21",1000,"no_detected_multimodality","neither test rejects in any seed",3,0,0,0,0.998724289036382,0.715857928964482
"flowsom_consensus_k62_seed42",25,11368,"CD21",5000,"no_detected_multimodality","neither test rejects in any seed",3,0,0,0,1,0.310655327663832
"flowsom_consensus_k62_seed42",25,11368,"CD25",1000,"no_detected_multimodality","neither test rejects in any seed",3,0,0,0,0.998724289036382,0.940470235117559
"flowsom_consensus_k62_seed42",25,11368,"CD25",5000,"no_detected_multimodality","neither test rejects in any seed",3,0,0,0,1,0.961793396698349
"flowsom_consensus_k62_seed42",25,11368,"CD3",1000,"detected_multimodality","both tests reject in at least two seeds",3,3,3,3,0,0
"flowsom_consensus_k62_seed42",25,11368,"CD3",5000,"detected_multimodality","both tests reject in at least two seeds",3,3,3,3,0,0
"flowsom_consensus_k62_seed42",25,11368,"CD38",1000,"no_detected_multimodality","neither test rejects in any seed",3,0,0,0,0.998724289036382,0.148574287143572
"flowsom_consensus_k62_seed42",25,11368,"CD38",5000,"ambiguous","discordant_tests",3,0,0,3,0.101551356177007,0
"flowsom_consensus_k62_seed42",25,11368,"CD4",1000,"no_detected_multimodality","neither test rejects in any seed",3,0,0,0,0.998724289036382,0.84539997271363
"flowsom_consensus_k62_seed42",25,11368,"CD4",5000,"no_detected_multimodality","neither test rejects in any seed",3,0,0,0,1,0.839802254068211
"flowsom_consensus_k62_seed42",25,11368,"CD57",1000,"ambiguous","borderline_q",3,0,0,0,0.998724289036382,0.0877938969484742
"flowsom_consensus_k62_seed42",25,11368,"CD57",5000,"ambiguous","discordant_tests;borderline_q",3,0,0,3,0.0881647958030457,0
"flowsom_consensus_k62_seed42",25,11368,"CD7",1000,"no_detected_multimodality","neither test rejects in any seed",3,0,0,0,0.998724289036382,0.148574287143572
"flowsom_consensus_k62_seed42",25,11368,"CD7",5000,"no_detected_multimodality","neither test rejects in any seed",3,0,0,0,1,0.22736368184092
"flowsom_consensus_k62_seed42",25,11368,"FoxP3",1000,"no_detected_multimodality","neither test rejects in any seed",3,0,0,0,0.998724289036382,0.285892946473237
"flowsom_consensus_k62_seed42",25,11368,"FoxP3",5000,"no_detected_multimodality","neither test rejects in any seed",3,0,0,0,1,0.728078324876724
"flowsom_consensus_k62_seed42",26,84036,"CD127",1000,"ambiguous","discordant_tests;seed_instability",3,1,1,3,0.0331157650351618,0
"flowsom_consensus_k62_seed42",26,84036,"CD127",5000,"detected_multimodality","both tests reject in at least two seeds",3,3,3,3,0,0
"flowsom_consensus_k62_seed42",26,84036,"CD161",1000,"ambiguous","discordant_tests;borderline_q",3,0,0,3,0.0861253361903325,0
"flowsom_consensus_k62_seed42",26,84036,"CD161",5000,"detected_multimodality","both tests reject in at least two seeds",3,3,3,3,0,0
"flowsom_consensus_k62_seed42",26,84036,"CD27",1000,"detected_multimodality","both tests reject in at least two seeds",3,3,3,3,0,0
"flowsom_consensus_k62_seed42",26,84036,"CD27",5000,"detected_multimodality","both tests reject in at least two seeds",3,3,3,3,0,0
"flowsom_consensus_k62_seed42",26,84036,"CD303_TCRvd2",1000,"detected_multimodality","both tests reject in at least two seeds",3,3,3,3,0,0
"flowsom_consensus_k62_seed42",26,84036,"CD303_TCRvd2",5000,"detected_multimodality","both tests reject in at least two seeds",3,3,3,3,0,0
"flowsom_consensus_k62_seed42",26,84036,"CD45RA",1000,"no_detected_multimodality","neither test rejects in any seed",3,0,0,0,0.999808419676476,0.272064603730437
"flowsom_consensus_k62_seed42",26,84036,"CD45RA",5000,"no_detected_multimodality","neither test rejects in any seed",3,0,0,0,1,0.190595297648824
"flowsom_consensus_k62_seed42",26,84036,"TCRgd_CD141",1000,"detected_multimodality","both tests reject in at least two seeds",3,3,3,3,0,0
"flowsom_consensus_k62_seed42",26,84036,"TCRgd_CD141",5000,"detected_multimodality","both tests reject in at least two seeds",3,3,3,3,0,0
"flowsom_consensus_k62_seed42",27,724975,"CD159c_NKG2C",1000,"no_detected_multimodality","neither test rejects in any seed",3,0,0,0,1,0.262031015507754
"flowsom_consensus_k62_seed42",27,724975,"CD159c_NKG2C",5000,"ambiguous","discordant_tests",3,0,0,3,1,0.00150075037518759
"flowsom_consensus_k62_seed42",27,724975,"CD16",1000,"detected_multimodality","both tests reject in at least two seeds",3,2,2,3,0.00309034733768987,0
"flowsom_consensus_k62_seed42",27,724975,"CD16",5000,"detected_multimodality","both tests reject in at least two seeds",3,3,3,3,0,0
"flowsom_consensus_k62_seed42",27,724975,"CD21",1000,"ambiguous","discordant_tests",3,0,0,3,1,0
"flowsom_consensus_k62_seed42",27,724975,"CD21",5000,"detected_multimodality","both tests reject in at least two seeds",3,3,3,3,6.48361630474215e-05,0
"flowsom_consensus_k62_seed42",27,724975,"CD27",1000,"no_detected_multimodality","neither test rejects in any seed",3,0,0,0,1,0.419834917458729
"flowsom_consensus_k62_seed42",27,724975,"CD27",5000,"ambiguous","discordant_tests",3,0,0,3,1,0
"flowsom_consensus_k62_seed42",27,724975,"CD303_TCRvd2",1000,"no_detected_multimodality","neither test rejects in any seed",3,0,0,0,1,0.129664832416208
"flowsom_consensus_k62_seed42",27,724975,"CD303_TCRvd2",5000,"no_detected_multimodality","neither test rejects in any seed",3,0,0,0,1,0.388801543628957
"flowsom_consensus_k62_seed42",27,724975,"CD38",1000,"no_detected_multimodality","neither test rejects in any seed",3,0,0,0,1,0.130565282641321
"flowsom_consensus_k62_seed42",27,724975,"CD38",5000,"detected_multimodality","both tests reject in at least two seeds",3,3,3,3,0.00556680671947327,0
"flowsom_consensus_k62_seed42",27,724975,"CD45RA",1000,"ambiguous","discordant_tests;seed_instability",3,1,1,2,0.00542166401162403,0
"flowsom_consensus_k62_seed42",27,724975,"CD45RA",5000,"detected_multimodality","both tests reject in at least two seeds",3,3,3,3,0,0
"flowsom_consensus_k62_seed42",27,724975,"CD8",1000,"no_detected_multimodality","neither test rejects in any seed",3,0,0,0,1,0.259629814907454
"flowsom_consensus_k62_seed42",27,724975,"CD8",5000,"no_detected_multimodality","neither test rejects in any seed",3,0,0,0,1,0.524737368684342
"flowsom_consensus_k62_seed42",27,724975,"Tbet",1000,"no_detected_multimodality","neither test rejects in any seed",3,0,0,0,1,0.874415468603867
"flowsom_consensus_k62_seed42",27,724975,"Tbet",5000,"no_detected_multimodality","neither test rejects in any seed",3,0,0,0,1,0.496906347910798
"flowsom_consensus_k62_seed42",28,173141,"CD11c",1000,"no_detected_multimodality","neither test rejects in any seed",3,0,0,0,0.998226595066258,0.101300650325163
"flowsom_consensus_k62_seed42",28,173141,"CD11c",5000,"no_detected_multimodality","neither test rejects in any seed",3,0,0,0,1,0.16208104052026
"flowsom_consensus_k62_seed42",28,173141,"CD161",1000,"ambiguous","discordant_tests;seed_instability",3,0,0,2,0.115440168304688,0
"flowsom_consensus_k62_seed42",28,173141,"CD161",5000,"detected_multimodality","both tests reject in at least two seeds",3,3,3,3,0,0
"flowsom_consensus_k62_seed42",28,173141,"CD3",1000,"no_detected_multimodality","neither test rejects in any seed",3,0,0,0,0.998226595066258,0.580790395197599
"flowsom_consensus_k62_seed42",28,173141,"CD3",5000,"no_detected_multimodality","neither test rejects in any seed",3,0,0,0,1,0.497294101596253
"flowsom_consensus_k62_seed42",28,173141,"CD56",1000,"ambiguous","discordant_tests;seed_instability;borderline_q",3,0,0,1,0.998226595066258,0.0360180090045022
"flowsom_consensus_k62_seed42",28,173141,"CD56",5000,"ambiguous","discordant_tests",3,0,0,3,0.601470936243254,0
"flowsom_consensus_k62_seed42",28,173141,"HLA-DR",1000,"no_detected_multimodality","neither test rejects in any seed",3,0,0,0,0.998226595066258,0.580790395197599
"flowsom_consensus_k62_seed42",28,173141,"HLA-DR",5000,"no_detected_multimodality","neither test rejects in any seed",3,0,0,0,1,0.683055813621096
"flowsom_consensus_k62_seed42",28,173141,"Tbet",1000,"ambiguous","discordant_tests",3,0,0,3,0.998226595066258,0
"flowsom_consensus_k62_seed42",28,173141,"Tbet",5000,"detected_multimodality","both tests reject in at least two seeds",3,3,3,3,1.92551351213543e-05,0
"flowsom_consensus_k62_seed42",29,105074,"CD11c",1000,"ambiguous","discordant_tests;seed_instability",3,0,0,2,0.413237662726573,0
"flowsom_consensus_k62_seed42",29,105074,"CD11c",5000,"detected_multimodality","both tests reject in at least two seeds",3,2,2,3,5.26426540219394e-05,0
"flowsom_consensus_k62_seed42",29,105074,"CD159c_NKG2C",1000,"ambiguous","discordant_tests;seed_instability;borderline_q",3,0,0,2,0.0563889632882528,0
"flowsom_consensus_k62_seed42",29,105074,"CD159c_NKG2C",5000,"detected_multimodality","both tests reject in at least two seeds",3,3,3,3,0,0
"flowsom_consensus_k62_seed42",29,105074,"CD19",1000,"no_detected_multimodality","neither test rejects in any seed",3,0,0,0,0.998541951772876,0.335980490245123
"flowsom_consensus_k62_seed42",29,105074,"CD19",5000,"no_detected_multimodality","neither test rejects in any seed",3,0,0,0,1,0.429214607303652
"flowsom_consensus_k62_seed42",29,105074,"CD3",1000,"ambiguous","discordant_tests;seed_instability;borderline_q",3,0,0,2,0.731905013606334,0
"flowsom_consensus_k62_seed42",29,105074,"CD3",5000,"detected_multimodality","both tests reject in at least two seeds",3,3,3,3,0.00121504956324273,0
"flowsom_consensus_k62_seed42",29,105074,"CD57",1000,"detected_multimodality","both tests reject in at least two seeds",3,2,2,3,6.13929204783537e-05,0
"flowsom_consensus_k62_seed42",29,105074,"CD57",5000,"detected_multimodality","both tests reject in at least two seeds",3,3,3,3,0,0
"flowsom_consensus_k62_seed42",30,28772,"CD11c",1000,"no_detected_multimodality","neither test rejects in any seed",3,0,0,0,0.999516604233692,0.211605802901451
"flowsom_consensus_k62_seed42",30,28772,"CD11c",5000,"ambiguous","discordant_tests;seed_instability",3,0,0,2,0.180672264672155,0.00675337668834417
"flowsom_consensus_k62_seed42",30,28772,"CD159c_NKG2C",1000,"ambiguous","discordant_tests;seed_instability",3,0,0,2,0.999516604233692,0.0135067533766883
"flowsom_consensus_k62_seed42",30,28772,"CD159c_NKG2C",5000,"detected_multimodality","both tests reject in at least two seeds",3,3,3,3,0.000260077935220981,0
"flowsom_consensus_k62_seed42",30,28772,"CD16",1000,"no_detected_multimodality","neither test rejects in any seed",3,0,0,0,0.999516604233692,0.273511755877939
"flowsom_consensus_k62_seed42",30,28772,"CD16",5000,"no_detected_multimodality","neither test rejects in any seed",3,0,0,0,1,0.373686843421711
"flowsom_consensus_k62_seed42",30,28772,"CD185_CXCR5",1000,"no_detected_multimodality","neither test rejects in any seed",3,0,0,0,0.999516604233692,0.939844922461231
"flowsom_consensus_k62_seed42",30,28772,"CD185_CXCR5",5000,"no_detected_multimodality","neither test rejects in any seed",3,0,0,0,1,0.262416922747088
"flowsom_consensus_k62_seed42",30,28772,"CD19",1000,"no_detected_multimodality","neither test rejects in any seed",3,0,0,0,0.999516604233692,0.286343171585793
"flowsom_consensus_k62_seed42",30,28772,"CD19",5000,"ambiguous","discordant_tests;seed_instability",3,0,0,1,1,0.040520260130065
"flowsom_consensus_k62_seed42",30,28772,"CD3",1000,"ambiguous","discordant_tests;seed_instability",3,0,0,1,0.999516604233692,0.0135067533766883
"flowsom_consensus_k62_seed42",30,28772,"CD3",5000,"detected_multimodality","both tests reject in at least two seeds",3,2,2,3,0.001182778901059,0
"flowsom_consensus_k62_seed42",30,28772,"CD38",1000,"no_detected_multimodality","neither test rejects in any seed",3,0,0,0,0.999516604233692,0.893287552867343
"flowsom_consensus_k62_seed42",30,28772,"CD38",5000,"no_detected_multimodality","neither test rejects in any seed",3,0,0,0,1,0.903110646232207
"flowsom_consensus_k62_seed42",30,28772,"CD56",1000,"no_detected_multimodality","neither test rejects in any seed",3,0,0,0,0.999516604233692,0.128314157078539
"flowsom_consensus_k62_seed42",30,28772,"CD56",5000,"detected_multimodality","both tests reject in at least two seeds",3,2,2,3,0.00339115371149756,0
"flowsom_consensus_k62_seed42",30,28772,"CD57",1000,"no_detected_multimodality","neither test rejects in any seed",3,0,0,0,0.999516604233692,0.305252626313157
"flowsom_consensus_k62_seed42",30,28772,"CD57",5000,"ambiguous","discordant_tests;seed_instability",3,0,0,1,0.662709617014284,0.00337668834417209
"flowsom_consensus_k62_seed42",30,28772,"CD8",1000,"no_detected_multimodality","neither test rejects in any seed",3,0,0,0,0.999516604233692,0.893287552867343
"flowsom_consensus_k62_seed42",30,28772,"CD8",5000,"no_detected_multimodality","neither test rejects in any seed",3,0,0,0,1,0.687493746873437
"flowsom_consensus_k62_seed42",30,28772,"HLA-DR",1000,"no_detected_multimodality","neither test rejects in any seed",3,0,0,0,0.999516604233692,0.653389194597299
"flowsom_consensus_k62_seed42",30,28772,"HLA-DR",5000,"no_detected_multimodality","neither test rejects in any seed",3,0,0,0,1,0.182341170585293
"flowsom_consensus_k62_seed42",30,28772,"TCRgd_CD141",1000,"no_detected_multimodality","neither test rejects in any seed",3,0,0,0,0.999516604233692,0.286343171585793
"flowsom_consensus_k62_seed42",30,28772,"TCRgd_CD141",5000,"no_detected_multimodality","neither test rejects in any seed",3,0,0,0,1,0.41735867933967
"flowsom_consensus_k62_seed42",31,32398,"CD11c",1000,"ambiguous","discordant_tests;seed_instability;borderline_q",3,0,0,1,0.490484701020521,0.00337668834417209
"flowsom_consensus_k62_seed42",31,32398,"CD11c",5000,"ambiguous","discordant_tests;seed_instability",3,0,0,2,0.787936920984394,0
"flowsom_consensus_k62_seed42",31,32398,"CD159c_NKG2C",1000,"no_detected_multimodality","neither test rejects in any seed",3,0,0,0,1,0.739012363324519
"flowsom_consensus_k62_seed42",31,32398,"CD159c_NKG2C",5000,"no_detected_multimodality","neither test rejects in any seed",3,0,0,0,1,0.800452858007951
"flowsom_consensus_k62_seed42",31,32398,"CD303_TCRvd2",1000,"detected_multimodality","both tests reject in at least two seeds",3,3,3,3,0,0
"flowsom_consensus_k62_seed42",31,32398,"CD303_TCRvd2",5000,"detected_multimodality","both tests reject in at least two seeds",3,3,3,3,0,0
"flowsom_consensus_k62_seed42",31,32398,"CD4",1000,"no_detected_multimodality","neither test rejects in any seed",3,0,0,0,1,0.315157578789395
"flowsom_consensus_k62_seed42",31,32398,"CD4",5000,"detected_multimodality","both tests reject in at least two seeds",3,2,2,3,0.00716881001908296,0
"flowsom_consensus_k62_seed42",31,32398,"CD57",1000,"ambiguous","discordant_tests",3,0,0,3,0.148005114475442,0
"flowsom_consensus_k62_seed42",31,32398,"CD57",5000,"detected_multimodality","both tests reject in at least two seeds",3,3,3,3,1.73524918034573e-05,0
"flowsom_consensus_k62_seed42",31,32398,"TCRgd_CD141",1000,"detected_multimodality","both tests reject in at least two seeds",3,3,3,3,0.000105961072900951,0
"flowsom_consensus_k62_seed42",31,32398,"TCRgd_CD141",5000,"detected_multimodality","both tests reject in at least two seeds",3,3,3,3,0,0
"flowsom_consensus_k62_seed42",32,720642,"CD11c",1000,"no_detected_multimodality","neither test rejects in any seed",3,0,0,0,1,0.948849424712356
"flowsom_consensus_k62_seed42",32,720642,"CD11c",5000,"no_detected_multimodality","neither test rejects in any seed",3,0,0,0,1,0.53351675837919
"flowsom_consensus_k62_seed42",32,720642,"CD127",1000,"no_detected_multimodality","neither test rejects in any seed",3,0,0,0,1,0.383591795897949
"flowsom_consensus_k62_seed42",32,720642,"CD127",5000,"ambiguous","discordant_tests;seed_instability",3,0,0,1,1,0.048624312156078
"flowsom_consensus_k62_seed42",32,720642,"CD19",1000,"ambiguous","borderline_q",3,0,0,0,1,0.0877938969484742
"flowsom_consensus_k62_seed42",32,720642,"CD19",5000,"no_detected_multimodality","neither test rejects in any seed",3,0,0,0,1,0.159829914957479
"flowsom_consensus_k62_seed42",32,720642,"CD27",1000,"detected_multimodality","both tests reject in at least two seeds",3,3,3,3,0,0
"flowsom_consensus_k62_seed42",32,720642,"CD27",5000,"detected_multimodality","both tests reject in at least two seeds",3,3,3,3,0,0
"flowsom_consensus_k62_seed42",32,720642,"CD294_CRTH2",1000,"no_detected_multimodality","neither test rejects in any seed",3,0,0,0,1,0.981130565282641
"flowsom_consensus_k62_seed42",32,720642,"CD294_CRTH2",5000,"no_detected_multimodality","neither test rejects in any seed",3,0,0,0,1,0.210705352676338
"flowsom_consensus_k62_seed42",32,720642,"CD303_TCRvd2",1000,"detected_multimodality","both tests reject in at least two seeds",3,3,3,3,0,0
"flowsom_consensus_k62_seed42",32,720642,"CD303_TCRvd2",5000,"detected_multimodality","both tests reject in at least two seeds",3,3,3,3,0,0
"flowsom_consensus_k62_seed42",32,720642,"CD56",1000,"ambiguous","borderline_q",3,0,0,0,1,0.0574037018509255
"flowsom_consensus_k62_seed42",32,720642,"CD56",5000,"ambiguous","discordant_tests;seed_instability",3,0,0,1,1,0.040520260130065
"flowsom_consensus_k62_seed42",32,720642,"TCRgd_CD141",1000,"detected_multimodality","both tests reject in at least two seeds",3,3,3,3,0,0
"flowsom_consensus_k62_seed42",32,720642,"TCRgd_CD141",5000,"detected_multimodality","both tests reject in at least two seeds",3,3,3,3,0,0
"flowsom_consensus_k62_seed42",33,9546,"CD16",1000,"no_detected_multimodality","neither test rejects in any seed",3,0,0,0,0.998828277348381,0.403273065103981
"flowsom_consensus_k62_seed42",33,9546,"CD16",5000,"no_detected_multimodality","neither test rejects in any seed",3,0,0,0,1,0.277853212320446
"flowsom_consensus_k62_seed42",33,9546,"CD161",1000,"no_detected_multimodality","neither test rejects in any seed",3,0,0,0,0.998828277348381,0.698492103194454
"flowsom_consensus_k62_seed42",33,9546,"CD161",5000,"no_detected_multimodality","neither test rejects in any seed",3,0,0,0,1,0.742871435717859
"flowsom_consensus_k62_seed42",33,9546,"CD56",1000,"ambiguous","discordant_tests;seed_instability",3,0,0,1,0.517152951530243,0.0270135067533767
"flowsom_consensus_k62_seed42",33,9546,"CD56",5000,"detected_multimodality","both tests reject in at least two seeds",3,3,3,3,0,0
"flowsom_consensus_k62_seed42",33,9546,"CD57",1000,"detected_multimodality","both tests reject in at least two seeds",3,3,3,3,0,0
"flowsom_consensus_k62_seed42",33,9546,"CD57",5000,"detected_multimodality","both tests reject in at least two seeds",3,3,3,3,0,0
"flowsom_consensus_k62_seed42",33,9546,"CD7",1000,"no_detected_multimodality","neither test rejects in any seed",3,0,0,0,0.998828277348381,0.951475737868934
"flowsom_consensus_k62_seed42",33,9546,"CD7",5000,"no_detected_multimodality","neither test rejects in any seed",3,0,0,0,1,0.330165082541271
"flowsom_consensus_k62_seed42",33,9546,"HLA-DR",1000,"no_detected_multimodality","neither test rejects in any seed",3,0,0,0,0.998828277348381,0.698492103194454
"flowsom_consensus_k62_seed42",33,9546,"HLA-DR",5000,"no_detected_multimodality","neither test rejects in any seed",3,0,0,0,1,0.638501068716176
"flowsom_consensus_k62_seed42",34,287685,"CD161",1000,"ambiguous","discordant_tests;seed_instability",3,0,0,1,0.997965353648177,0.0135067533766883
"flowsom_consensus_k62_seed42",34,287685,"CD161",5000,"detected_multimodality","both tests reject in at least two seeds",3,3,3,3,0,0
"flowsom_consensus_k62_seed42",34,287685,"CD27",1000,"ambiguous","discordant_tests;seed_instability",3,1,1,3,0.00717458608351396,0
"flowsom_consensus_k62_seed42",34,287685,"CD27",5000,"detected_multimodality","both tests reject in at least two seeds",3,3,3,3,0,0
"flowsom_consensus_k62_seed42",34,287685,"TCRgd_CD141",1000,"no_detected_multimodality","neither test rejects in any seed",3,0,0,0,0.997965353648177,0.229614807403702
"flowsom_consensus_k62_seed42",34,287685,"TCRgd_CD141",5000,"no_detected_multimodality","neither test rejects in any seed",3,0,0,0,1,0.984434524954785
"flowsom_consensus_k62_seed42",35,3528,"CD11c",1000,"no_detected_multimodality","neither test rejects in any seed",3,0,0,0,0.999467418673755,0.244485879303288
"flowsom_consensus_k62_seed42",35,3528,"CD11c",5000,"detected_multimodality","both tests reject in at least two seeds",3,3,3,3,0.00893245646979909,0
"flowsom_consensus_k62_seed42",35,3528,"CD127",1000,"detected_multimodality","both tests reject in at least two seeds",3,3,3,3,0,0
"flowsom_consensus_k62_seed42",35,3528,"CD127",5000,"detected_multimodality","both tests reject in at least two seeds",3,3,3,3,0,0
"flowsom_consensus_k62_seed42",35,3528,"CD159c_NKG2C",1000,"detected_multimodality","both tests reject in at least two seeds",3,3,3,3,0,0
"flowsom_consensus_k62_seed42",35,3528,"CD159c_NKG2C",5000,"detected_multimodality","both tests reject in at least two seeds",3,3,3,3,0,0
"flowsom_consensus_k62_seed42",35,3528,"CD161",1000,"detected_multimodality","both tests reject in at least two seeds",3,3,3,3,0,0
"flowsom_consensus_k62_seed42",35,3528,"CD161",5000,"detected_multimodality","both tests reject in at least two seeds",3,3,3,3,0,0
"flowsom_consensus_k62_seed42",35,3528,"CD19",1000,"no_detected_multimodality","neither test rejects in any seed",3,0,0,0,0.999467418673755,0.402868100717025
"flowsom_consensus_k62_seed42",35,3528,"CD19",5000,"no_detected_multimodality","neither test rejects in any seed",3,0,0,0,1,0.104318826079707
"flowsom_consensus_k62_seed42",35,3528,"CD294_CRTH2",1000,"detected_multimodality","both tests reject in at least two seeds",3,3,3,3,0,0
"flowsom_consensus_k62_seed42",35,3528,"CD294_CRTH2",5000,"detected_multimodality","both tests reject in at least two seeds",3,3,3,3,0,0
"flowsom_consensus_k62_seed42",35,3528,"CD3",1000,"no_detected_multimodality","neither test rejects in any seed",3,0,0,0,0.999467418673755,0.190595297648824
"flowsom_consensus_k62_seed42",35,3528,"CD3",5000,"ambiguous","discordant_tests;borderline_q",3,0,0,3,0.0594847833691406,0
"flowsom_consensus_k62_seed42",35,3528,"CD56",1000,"detected_multimodality","both tests reject in at least two seeds",3,3,3,3,0,0
"flowsom_consensus_k62_seed42",35,3528,"CD56",5000,"detected_multimodality","both tests reject in at least two seeds",3,3,3,3,0,0
"flowsom_consensus_k62_seed42",35,3528,"CD57",1000,"no_detected_multimodality","neither test rejects in any seed",3,0,0,0,0.999467418673755,0.396198099049525
"flowsom_consensus_k62_seed42",35,3528,"CD57",5000,"ambiguous","discordant_tests",3,0,0,3,0.691752154705125,0
"flowsom_consensus_k62_seed42",35,3528,"CD8",1000,"no_detected_multimodality","neither test rejects in any seed",3,0,0,0,0.999467418673755,0.32216108054027
"flowsom_consensus_k62_seed42",35,3528,"CD8",5000,"ambiguous","discordant_tests",3,0,0,3,0.18191733917728,0
"flowsom_consensus_k62_seed42",35,3528,"FoxP3",1000,"no_detected_multimodality","neither test rejects in any seed",3,0,0,0,0.999467418673755,0.244485879303288
"flowsom_consensus_k62_seed42",35,3528,"FoxP3",5000,"ambiguous","discordant_tests",3,0,0,3,0.550334335943453,0
"flowsom_consensus_k62_seed42",35,3528,"Tbet",1000,"no_detected_multimodality","neither test rejects in any seed",3,0,0,0,0.999467418673755,0.387393696848424
"flowsom_consensus_k62_seed42",35,3528,"Tbet",5000,"no_detected_multimodality","neither test rejects in any seed",3,0,0,0,1,0.301180001765589
"flowsom_consensus_k62_seed42",35,3528,"TCRgd_CD141",1000,"detected_multimodality","both tests reject in at least two seeds",3,3,3,3,0.00317021819708024,0
"flowsom_consensus_k62_seed42",35,3528,"TCRgd_CD141",5000,"detected_multimodality","both tests reject in at least two seeds",3,3,3,3,0,0
"flowsom_consensus_k62_seed42",36,726106,"CD27",1000,"detected_multimodality","both tests reject in at least two seeds",3,3,3,3,0,0
"flowsom_consensus_k62_seed42",36,726106,"CD27",5000,"detected_multimodality","both tests reject in at least two seeds",3,3,3,3,0,0
"flowsom_consensus_k62_seed42",36,726106,"CD3",1000,"ambiguous","discordant_tests",3,0,0,3,0.321086802909568,0
"flowsom_consensus_k62_seed42",36,726106,"CD3",5000,"detected_multimodality","both tests reject in at least two seeds",3,3,3,3,0,0
"flowsom_consensus_k62_seed42",36,726106,"CD303_TCRvd2",1000,"ambiguous","discordant_tests;seed_instability",3,0,0,2,0.999092400572482,0
"flowsom_consensus_k62_seed42",36,726106,"CD303_TCRvd2",5000,"detected_multimodality","both tests reject in at least two seeds",3,2,2,3,0.0244614329060947,0
"flowsom_consensus_k62_seed42",36,726106,"CD45RA",1000,"detected_multimodality","both tests reject in at least two seeds",3,3,3,3,0,0
"flowsom_consensus_k62_seed42",36,726106,"CD45RA",5000,"detected_multimodality","both tests reject in at least two seeds",3,3,3,3,0,0
"flowsom_consensus_k62_seed42",36,726106,"Tbet",1000,"detected_multimodality","both tests reject in at least two seeds",3,3,3,3,0.00323542507997843,0
"flowsom_consensus_k62_seed42",36,726106,"Tbet",5000,"detected_multimodality","both tests reject in at least two seeds",3,3,3,3,0,0
"flowsom_consensus_k62_seed42",37,23506,"CD127",1000,"ambiguous","discordant_tests;seed_instability",3,0,0,1,0.99818513977497,0.0270135067533767
"flowsom_consensus_k62_seed42",37,23506,"CD127",5000,"ambiguous","discordant_tests",3,0,0,3,0.537374014207436,0
"flowsom_consensus_k62_seed42",37,23506,"CD161",1000,"detected_multimodality","both tests reject in at least two seeds",3,3,3,3,0,0
"flowsom_consensus_k62_seed42",37,23506,"CD161",5000,"detected_multimodality","both tests reject in at least two seeds",3,3,3,3,0,0
"flowsom_consensus_k62_seed42",37,23506,"CD27",1000,"ambiguous","discordant_tests",3,0,0,3,0.322757620349119,0
"flowsom_consensus_k62_seed42",37,23506,"CD27",5000,"detected_multimodality","both tests reject in at least two seeds",3,3,3,3,0.000256512136894621,0
"flowsom_consensus_k62_seed42",37,23506,"CD38",1000,"ambiguous","discordant_tests;seed_instability;borderline_q",3,0,0,1,0.99818513977497,0.00450225112556278
"flowsom_consensus_k62_seed42",37,23506,"CD38",5000,"detected_multimodality","both tests reject in at least two seeds",3,3,3,3,8.04828541631775e-05,0
"flowsom_consensus_k62_seed42",37,23506,"CD4",1000,"ambiguous","discordant_tests",3,0,0,3,0.601547466439471,0
"flowsom_consensus_k62_seed42",37,23506,"CD4",5000,"detected_multimodality","both tests reject in at least two seeds",3,3,3,3,0,0
"flowsom_consensus_k62_seed42",37,23506,"CD45RA",1000,"no_detected_multimodality","neither test rejects in any seed",3,0,0,0,0.99818513977497,0.192953619666976
"flowsom_consensus_k62_seed42",37,23506,"CD45RA",5000,"ambiguous","discordant_tests",3,0,0,3,0.540785418288505,0
"flowsom_consensus_k62_seed42",37,23506,"CD56",1000,"ambiguous","discordant_tests;seed_instability",3,0,0,2,0.99818513977497,0
"flowsom_consensus_k62_seed42",37,23506,"CD56",5000,"detected_multimodality","both tests reject in at least two seeds",3,3,3,3,0.00403055791379858,0
"flowsom_consensus_k62_seed42",37,23506,"CD7",1000,"no_detected_multimodality","neither test rejects in any seed",3,0,0,0,0.99818513977497,0.651025512756378
"flowsom_consensus_k62_seed42",37,23506,"CD7",5000,"ambiguous","discordant_tests;seed_instability;borderline_q",3,0,0,2,0.540785418288505,0.00168834417208604
"flowsom_consensus_k62_seed42",38,1012,"CD11c",1000,"ambiguous","discordant_tests",3,0,0,3,1,0.0101300650325163
"flowsom_consensus_k62_seed42",38,1012,"CD11c",5000,"ambiguous","discordant_tests",3,0,0,3,0.998097437484138,0.00844172086043021
"flowsom_consensus_k62_seed42",38,1012,"CD19",1000,"no_detected_multimodality","neither test rejects in any seed",3,0,0,0,1,0.860908715227179
"flowsom_consensus_k62_seed42",38,1012,"CD19",5000,"no_detected_multimodality","neither test rejects in any seed",3,0,0,0,0.998097437484138,0.778693694673424
"flowsom_consensus_k62_seed42",38,1012,"CD1c",1000,"detected_multimodality","both tests reject in at least two seeds",3,3,3,3,0,0
"flowsom_consensus_k62_seed42",38,1012,"CD1c",5000,"detected_multimodality","both tests reject in at least two seeds",3,3,3,3,0,0
"flowsom_consensus_k62_seed42",38,1012,"CD27",1000,"ambiguous","discordant_tests",3,0,0,3,0.103617806726499,0
"flowsom_consensus_k62_seed42",38,1012,"CD27",5000,"ambiguous","discordant_tests;borderline_q",3,0,0,3,0.0997609811426647,0
"flowsom_consensus_k62_seed42",38,1012,"CD3",1000,"detected_multimodality","both tests reject in at least two seeds",3,3,3,3,0.0222746987542147,0
"flowsom_consensus_k62_seed42",38,1012,"CD3",5000,"detected_multimodality","both tests reject in at least two seeds",3,3,3,3,0.0145401618337877,0
"flowsom_consensus_k62_seed42",38,1012,"CD38",1000,"no_detected_multimodality","neither test rejects in any seed",3,0,0,0,1,0.702994354320017
"flowsom_consensus_k62_seed42",38,1012,"CD38",5000,"no_detected_multimodality","neither test rejects in any seed",3,0,0,0,0.998097437484138,0.77306300208928
"flowsom_consensus_k62_seed42",38,1012,"CD4",1000,"ambiguous","discordant_tests",3,0,0,3,1,0
"flowsom_consensus_k62_seed42",38,1012,"CD4",5000,"ambiguous","discordant_tests",3,0,0,3,0.954855481768827,0.00192953619666976
"flowsom_consensus_k62_seed42",38,1012,"CD45RA",1000,"ambiguous","discordant_tests;seed_instability;borderline_q",3,0,0,1,1,0.0375187593796898
"flowsom_consensus_k62_seed42",38,1012,"CD45RA",5000,"ambiguous","discordant_tests;seed_instability;borderline_q",3,0,0,2,0.998097437484138,0.0435217608804402
"flowsom_consensus_k62_seed42",38,1012,"CD57",1000,"no_detected_multimodality","neither test rejects in any seed",3,0,0,0,1,0.702994354320017
"flowsom_consensus_k62_seed42",38,1012,"CD57",5000,"no_detected_multimodality","neither test rejects in any seed",3,0,0,0,0.998097437484138,0.778693694673424
"flowsom_consensus_k62_seed42",38,1012,"HLA-DR",1000,"detected_multimodality","both tests reject in at least two seeds",3,3,3,3,0.00576399430850372,0
"flowsom_consensus_k62_seed42",38,1012,"HLA-DR",5000,"detected_multimodality","both tests reject in at least two seeds",3,3,3,3,0.00485321480392487,0
"flowsom_consensus_k62_seed42",38,1012,"Tbet",1000,"ambiguous","discordant_tests",3,0,0,3,0.114057396984009,0
"flowsom_consensus_k62_seed42",38,1012,"Tbet",5000,"ambiguous","discordant_tests;borderline_q",3,0,0,3,0.0997609811426647,0
"flowsom_consensus_k62_seed42",38,1012,"TCRgd_CD141",1000,"detected_multimodality","both tests reject in at least two seeds",3,3,3,3,0.0479906614898513,0
"flowsom_consensus_k62_seed42",38,1012,"TCRgd_CD141",5000,"ambiguous","discordant_tests;borderline_q",3,0,0,3,0.0519392924892558,0
"flowsom_consensus_k62_seed42",39,27307,"CD16",1000,"ambiguous","discordant_tests",3,0,0,3,0.114391331711507,0
"flowsom_consensus_k62_seed42",39,27307,"CD16",5000,"detected_multimodality","both tests reject in at least two seeds",3,3,3,3,0,0
"flowsom_consensus_k62_seed42",39,27307,"CD27",1000,"no_detected_multimodality","neither test rejects in any seed",3,0,0,0,1,0.189094547273637
"flowsom_consensus_k62_seed42",39,27307,"CD27",5000,"no_detected_multimodality","neither test rejects in any seed",3,0,0,0,1,0.11615807903952
"flowsom_consensus_k62_seed42",39,27307,"CD3",1000,"no_detected_multimodality","neither test rejects in any seed",3,0,0,0,1,0.829700564567998
"flowsom_consensus_k62_seed42",39,27307,"CD3",5000,"ambiguous","discordant_tests",3,0,0,3,0.177841407852254,0
"flowsom_consensus_k62_seed42",39,27307,"CD56",1000,"detected_multimodality","both tests reject in at least two seeds",3,3,3,3,0.000135666277738866,0
"flowsom_consensus_k62_seed42",39,27307,"CD56",5000,"detected_multimodality","both tests reject in at least two seeds",3,3,3,3,0,0
"flowsom_consensus_k62_seed42",39,27307,"CD7",1000,"no_detected_multimodality","neither test rejects in any seed",3,0,0,0,1,0.157578789394697
"flowsom_consensus_k62_seed42",39,27307,"CD7",5000,"no_detected_multimodality","neither test rejects in any seed",3,0,0,0,1,0.118859429714857
"flowsom_consensus_k62_seed42",40,30576,"CD161",1000,"detected_multimodality","both tests reject in at least two seeds",3,3,3,3,0,0
"flowsom_consensus_k62_seed42",40,30576,"CD161",5000,"detected_multimodality","both tests reject in at least two seeds",3,3,3,3,0,0
"flowsom_consensus_k62_seed42",40,30576,"CD294_CRTH2",1000,"ambiguous","discordant_tests;seed_instability;borderline_q",3,0,0,2,0.997938476049759,0
"flowsom_consensus_k62_seed42",40,30576,"CD294_CRTH2",5000,"detected_multimodality","both tests reject in at least two seeds",3,3,3,3,1.67852449109995e-05,0
"flowsom_consensus_k62_seed42",40,30576,"CD7",1000,"ambiguous","discordant_tests;seed_instability;borderline_q",3,0,0,1,0.997938476049759,0
"flowsom_consensus_k62_seed42",40,30576,"CD7",5000,"detected_multimodality","both tests reject in at least two seeds",3,3,3,3,0,0
"flowsom_consensus_k62_seed42",40,30576,"FoxP3",1000,"no_detected_multimodality","neither test rejects in any seed",3,0,0,0,0.997938476049759,0.786235222874595
"flowsom_consensus_k62_seed42",40,30576,"FoxP3",5000,"no_detected_multimodality","neither test rejects in any seed",3,0,0,0,1,0.990495247623812
"flowsom_consensus_k62_seed42",41,54184,"CD127",1000,"no_detected_multimodality","neither test rejects in any seed",3,0,0,0,0.997534752507359,0.222861430715358
"flowsom_consensus_k62_seed42",41,54184,"CD127",5000,"ambiguous","discordant_tests;seed_instability",3,1,1,3,0.0418307080195622,0
"flowsom_consensus_k62_seed42",41,54184,"CD27",1000,"ambiguous","discordant_tests;seed_instability",3,0,0,2,0.997534752507359,0
"flowsom_consensus_k62_seed42",41,54184,"CD27",5000,"detected_multimodality","both tests reject in at least two seeds",3,2,2,3,0.00679108447379428,0
"flowsom_consensus_k62_seed42",41,54184,"CD45RA",1000,"no_detected_multimodality","neither test rejects in any seed",3,0,0,0,0.997534752507359,0.676302436932752
"flowsom_consensus_k62_seed42",41,54184,"CD45RA",5000,"no_detected_multimodality","neither test rejects in any seed",3,0,0,0,1,0.463731865932966
"flowsom_consensus_k62_seed42",41,54184,"CD57",1000,"ambiguous","discordant_tests;seed_instability;borderline_q",3,0,0,1,0.997534752507359,0
"flowsom_consensus_k62_seed42",41,54184,"CD57",5000,"ambiguous","discordant_tests",3,0,0,3,0.167928056301842,0
"flowsom_consensus_k62_seed42",41,54184,"Tbet",1000,"ambiguous","discordant_tests;seed_instability;borderline_q",3,0,0,2,0.351467529488768,0
"flowsom_consensus_k62_seed42",41,54184,"Tbet",5000,"detected_multimodality","both tests reject in at least two seeds",3,3,3,3,0,0
"flowsom_consensus_k62_seed42",42,1061579,"CD11c",1000,"detected_multimodality","both tests reject in at least two seeds",3,3,3,3,0,0
"flowsom_consensus_k62_seed42",42,1061579,"CD11c",5000,"detected_multimodality","both tests reject in at least two seeds",3,3,3,3,0,0
"flowsom_consensus_k62_seed42",42,1061579,"CD14",1000,"ambiguous","discordant_tests;seed_instability",3,0,0,1,1,0.0135067533766883
"flowsom_consensus_k62_seed42",42,1061579,"CD14",5000,"no_detected_multimodality","neither test rejects in any seed",3,0,0,0,1,0.231544343600372
"flowsom_consensus_k62_seed42",42,1061579,"CD1c",1000,"ambiguous","discordant_tests;seed_instability;borderline_q",3,0,0,1,1,0.0135067533766883
"flowsom_consensus_k62_seed42",42,1061579,"CD1c",5000,"detected_multimodality","both tests reject in at least two seeds",3,3,3,3,9.54428723933809e-05,0
"flowsom_consensus_k62_seed42",42,1061579,"CD303_TCRvd2",1000,"ambiguous","discordant_tests;seed_instability",3,1,1,3,0.0378127251434843,0
"flowsom_consensus_k62_seed42",42,1061579,"CD303_TCRvd2",5000,"detected_multimodality","both tests reject in at least two seeds",3,3,3,3,0,0
"flowsom_consensus_k62_seed42",42,1061579,"CD4",1000,"ambiguous","borderline_q",3,0,0,0,1,0.0906882012434789
"flowsom_consensus_k62_seed42",42,1061579,"CD4",5000,"ambiguous","borderline_q",3,0,0,0,1,0.0928589294647324
"flowsom_consensus_k62_seed42",42,1061579,"CD45RA",1000,"ambiguous","discordant_tests;seed_instability",3,0,0,1,1,0.00900450225112556
"flowsom_consensus_k62_seed42",42,1061579,"CD45RA",5000,"ambiguous","discordant_tests;seed_instability",3,1,1,3,0.00958109674576082,0
"flowsom_consensus_k62_seed42",42,1061579,"CD56",1000,"no_detected_multimodality","neither test rejects in any seed",3,0,0,0,1,0.759379689844922
"flowsom_consensus_k62_seed42",42,1061579,"CD56",5000,"no_detected_multimodality","neither test rejects in any seed",3,0,0,0,1,0.940797321737792
"flowsom_consensus_k62_seed42",42,1061579,"TCRgd_CD141",1000,"ambiguous","discordant_tests;seed_instability",3,0,0,1,1,0.0135067533766883
"flowsom_consensus_k62_seed42",42,1061579,"TCRgd_CD141",5000,"detected_multimodality","both tests reject in at least two seeds",3,3,3,3,0.00121717276249439,0
"flowsom_consensus_k62_seed42",43,14024,"CD11c",1000,"ambiguous","discordant_tests;seed_instability",3,0,0,1,0.402561182311657,0
"flowsom_consensus_k62_seed42",43,14024,"CD11c",5000,"ambiguous","discordant_tests;seed_instability",3,0,0,1,0.998352919486032,0.0420210105052526
"flowsom_consensus_k62_seed42",43,14024,"CD127",1000,"no_detected_multimodality","neither test rejects in any seed",3,0,0,0,0.999370109637315,0.151468591438576
"flowsom_consensus_k62_seed42",43,14024,"CD127",5000,"ambiguous","borderline_q",3,0,0,0,0.998352919486032,0.0975487743871936
"flowsom_consensus_k62_seed42",43,14024,"CD14",1000,"no_detected_multimodality","neither test rejects in any seed",3,0,0,0,0.999370109637315,0.101914593660467
"flowsom_consensus_k62_seed42",43,14024,"CD14",5000,"ambiguous","discordant_tests",3,0,0,3,0.156157133238924,0
"flowsom_consensus_k62_seed42",43,14024,"CD159c_NKG2C",1000,"ambiguous","discordant_tests;seed_instability",3,0,0,2,0.500154153258512,0.00337668834417209
"flowsom_consensus_k62_seed42",43,14024,"CD159c_NKG2C",5000,"ambiguous","discordant_tests",3,0,0,3,0.282766814139487,0
"flowsom_consensus_k62_seed42",43,14024,"CD161",1000,"no_detected_multimodality","neither test rejects in any seed",3,0,0,0,0.999370109637315,0.363838169084542
"flowsom_consensus_k62_seed42",43,14024,"CD161",5000,"ambiguous","discordant_tests;seed_instability;borderline_q",3,0,0,2,0.450632358170109,0.00482384049167441
"flowsom_consensus_k62_seed42",43,14024,"CD19",1000,"no_detected_multimodality","neither test rejects in any seed",3,0,0,0,0.999370109637315,0.121560780390195
"flowsom_consensus_k62_seed42",43,14024,"CD19",5000,"detected_multimodality","both tests reject in at least two seeds",3,2,2,3,0.0143077145608834,0
"flowsom_consensus_k62_seed42",43,14024,"CD197_CCR7",1000,"ambiguous","seed_instability",3,1,1,1,0.00842996102871357,0
"flowsom_consensus_k62_seed42",43,14024,"CD197_CCR7",5000,"ambiguous","discordant_tests;seed_instability;borderline_q",3,1,1,3,0.00173143355050515,0
"flowsom_consensus_k62_seed42",43,14024,"CD27",1000,"detected_multimodality","both tests reject in at least two seeds",3,3,3,3,0,0
"flowsom_consensus_k62_seed42",43,14024,"CD27",5000,"detected_multimodality","both tests reject in at least two seeds",3,3,3,3,0,0
"flowsom_consensus_k62_seed42",43,14024,"CD3",1000,"detected_multimodality","both tests reject in at least two seeds",3,3,3,3,0,0
"flowsom_consensus_k62_seed42",43,14024,"CD3",5000,"detected_multimodality","both tests reject in at least two seeds",3,3,3,3,0,0
"flowsom_consensus_k62_seed42",43,14024,"CD303_TCRvd2",1000,"ambiguous","discordant_tests;seed_instability",3,0,0,2,0.999370109637315,0.0157578789394697
"flowsom_consensus_k62_seed42",43,14024,"CD303_TCRvd2",5000,"detected_multimodality","both tests reject in at least two seeds",3,3,3,3,6.33320832197359e-05,0
"flowsom_consensus_k62_seed42",43,14024,"CD45RA",1000,"ambiguous","discordant_tests;seed_instability;borderline_q",3,0,0,2,0.448601798765621,0
"flowsom_consensus_k62_seed42",43,14024,"CD45RA",5000,"detected_multimodality","both tests reject in at least two seeds",3,3,3,3,4.94338996097632e-05,0
"flowsom_consensus_k62_seed42",43,14024,"CD56",1000,"no_detected_multimodality","neither test rejects in any seed",3,0,0,0,0.999370109637315,0.670835417708854
"flowsom_consensus_k62_seed42",43,14024,"CD56",5000,"no_detected_multimodality","neither test rejects in any seed",3,0,0,0,0.998352919486032,0.190269047567262
"flowsom_consensus_k62_seed42",43,14024,"CD57",1000,"ambiguous","discordant_tests;seed_instability;borderline_q",3,1,1,3,0.00408145200036469,0
"flowsom_consensus_k62_seed42",43,14024,"CD57",5000,"detected_multimodality","both tests reject in at least two seeds",3,3,3,3,6.14654688094463e-05,0
"flowsom_consensus_k62_seed42",43,14024,"CD7",1000,"no_detected_multimodality","neither test rejects in any seed",3,0,0,0,0.999370109637315,0.101914593660467
"flowsom_consensus_k62_seed42",43,14024,"CD7",5000,"ambiguous","discordant_tests",3,0,0,3,0.282766814139487,0
"flowsom_consensus_k62_seed42",43,14024,"HLA-DR",1000,"no_detected_multimodality","neither test rejects in any seed",3,0,0,0,0.999370109637315,0.414850282283999
"flowsom_consensus_k62_seed42",43,14024,"HLA-DR",5000,"ambiguous","discordant_tests",3,0,0,3,0.225901528646709,0
"flowsom_consensus_k62_seed42",43,14024,"Tbet",1000,"no_detected_multimodality","neither test rejects in any seed",3,0,0,0,0.999370109637315,0.631747692027832
"flowsom_consensus_k62_seed42",43,14024,"Tbet",5000,"ambiguous","discordant_tests",3,0,0,3,0.400810417813601,0
"flowsom_consensus_k62_seed42",43,14024,"TCRgd_CD141",1000,"no_detected_multimodality","neither test rejects in any seed",3,0,0,0,0.999370109637315,0.601500750375188
"flowsom_consensus_k62_seed42",43,14024,"TCRgd_CD141",5000,"no_detected_multimodality","neither test rejects in any seed",3,0,0,0,0.998352919486032,0.758456151152499
"flowsom_consensus_k62_seed42",44,135754,"CD19",1000,"no_detected_multimodality","neither test rejects in any seed",3,0,0,0,0.999606233278756,0.746248124062031
"flowsom_consensus_k62_seed42",44,135754,"CD19",5000,"no_detected_multimodality","neither test rejects in any seed",3,0,0,0,1,0.901575787893947
"flowsom_consensus_k62_seed42",44,135754,"CD303_TCRvd2",1000,"ambiguous","discordant_tests",3,0,0,3,0.128229132743298,0
"flowsom_consensus_k62_seed42",44,135754,"CD303_TCRvd2",5000,"detected_multimodality","both tests reject in at least two seeds",3,3,3,3,0,0
"flowsom_consensus_k62_seed42",45,13688630,"CD127",1000,"ambiguous","borderline_q",3,0,0,0,0.999766586817971,0.0621310655327664
"flowsom_consensus_k62_seed42",45,13688630,"CD127",5000,"ambiguous","discordant_tests;seed_instability;borderline_q",3,0,0,1,1,0.0270135067533767
"flowsom_consensus_k62_seed42",45,13688630,"CD159c_NKG2C",1000,"no_detected_multimodality","neither test rejects in any seed",3,0,0,0,0.999766586817971,0.418709354677339
"flowsom_consensus_k62_seed42",45,13688630,"CD159c_NKG2C",5000,"no_detected_multimodality","neither test rejects in any seed",3,0,0,0,1,0.971735867933967
"flowsom_consensus_k62_seed42",45,13688630,"CD197_CCR7",1000,"ambiguous","discordant_tests;seed_instability;borderline_q",3,1,1,3,0.00477592210587796,0
"flowsom_consensus_k62_seed42",45,13688630,"CD197_CCR7",5000,"detected_multimodality","both tests reject in at least two seeds",3,3,3,3,0,0
"flowsom_consensus_k62_seed42",45,13688630,"CD27",1000,"detected_multimodality","both tests reject in at least two seeds",3,3,3,3,0,0
"flowsom_consensus_k62_seed42",45,13688630,"CD27",5000,"detected_multimodality","both tests reject in at least two seeds",3,3,3,3,0,0
"flowsom_consensus_k62_seed42",45,13688630,"CD3",1000,"no_detected_multimodality","neither test rejects in any seed",3,0,0,0,0.999766586817971,0.729364682341171
"flowsom_consensus_k62_seed42",45,13688630,"CD3",5000,"no_detected_multimodality","neither test rejects in any seed",3,0,0,0,1,0.721997362317522
"flowsom_consensus_k62_seed42",45,13688630,"CD7",1000,"ambiguous","discordant_tests;borderline_q",3,0,0,3,0.080776360070301,0
"flowsom_consensus_k62_seed42",45,13688630,"CD7",5000,"detected_multimodality","both tests reject in at least two seeds",3,3,3,3,0,0
"flowsom_consensus_k62_seed42",46,76407,"CD11c",1000,"detected_multimodality","both tests reject in at least two seeds",3,2,2,3,0.000711418671949571,0
"flowsom_consensus_k62_seed42",46,76407,"CD11c",5000,"detected_multimodality","both tests reject in at least two seeds",3,3,3,3,0,0
"flowsom_consensus_k62_seed42",46,76407,"CD14",1000,"no_detected_multimodality","neither test rejects in any seed",3,0,0,0,0.997643833624424,0.922211105552776
"flowsom_consensus_k62_seed42",46,76407,"CD14",5000,"no_detected_multimodality","neither test rejects in any seed",3,0,0,0,1,0.663963560727732
"flowsom_consensus_k62_seed42",46,76407,"CD19",1000,"no_detected_multimodality","neither test rejects in any seed",3,0,0,0,0.997643833624424,0.283641820910455
"flowsom_consensus_k62_seed42",46,76407,"CD19",5000,"ambiguous","borderline_q",3,0,0,0,1,0.065604230686772
"flowsom_consensus_k62_seed42",46,76407,"CD1c",1000,"detected_multimodality","both tests reject in at least two seeds",3,3,3,3,0,0
"flowsom_consensus_k62_seed42",46,76407,"CD1c",5000,"detected_multimodality","both tests reject in at least two seeds",3,3,3,3,0,0
"flowsom_consensus_k62_seed42",46,76407,"CD21",1000,"no_detected_multimodality","neither test rejects in any seed",3,0,0,0,0.997643833624424,0.331880225827199
"flowsom_consensus_k62_seed42",46,76407,"CD21",5000,"no_detected_multimodality","neither test rejects in any seed",3,0,0,0,1,0.522498091150839
"flowsom_consensus_k62_seed42",46,76407,"CD294_CRTH2",1000,"no_detected_multimodality","neither test rejects in any seed",3,0,0,0,0.997643833624424,0.527991268361453
"flowsom_consensus_k62_seed42",46,76407,"CD294_CRTH2",5000,"no_detected_multimodality","neither test rejects in any seed",3,0,0,0,1,0.271823411705853
"flowsom_consensus_k62_seed42",46,76407,"CD45RA",1000,"no_detected_multimodality","neither test rejects in any seed",3,0,0,0,0.997643833624424,0.287500893303795
"flowsom_consensus_k62_seed42",46,76407,"CD45RA",5000,"ambiguous","discordant_tests;seed_instability;borderline_q",3,0,0,2,1,0
"flowsom_consensus_k62_seed42",46,76407,"CD57",1000,"no_detected_multimodality","neither test rejects in any seed",3,0,0,0,0.997643833624424,0.734276229023603
"flowsom_consensus_k62_seed42",46,76407,"CD57",5000,"ambiguous","borderline_q",3,0,0,0,1,0.0630315157578789
"flowsom_consensus_k62_seed42",46,76407,"CD7",1000,"no_detected_multimodality","neither test rejects in any seed",3,0,0,0,0.997643833624424,0.92296148074037
"flowsom_consensus_k62_seed42",46,76407,"CD7",5000,"no_detected_multimodality","neither test rejects in any seed",3,0,0,0,1,0.364682341170585
"flowsom_consensus_k62_seed42",46,76407,"HLA-DR",1000,"ambiguous","discordant_tests;borderline_q",3,0,0,3,0.0857168479395439,0
"flowsom_consensus_k62_seed42",46,76407,"HLA-DR",5000,"detected_multimodality","both tests reject in at least two seeds",3,3,3,3,0,0
"flowsom_consensus_k62_seed42",46,76407,"TCRgd_CD141",1000,"detected_multimodality","both tests reject in at least two seeds",3,3,3,3,0,0
"flowsom_consensus_k62_seed42",46,76407,"TCRgd_CD141",5000,"detected_multimodality","both tests reject in at least two seeds",3,3,3,3,0,0
"flowsom_consensus_k62_seed42",47,115966,"CD27",1000,"no_detected_multimodality","neither test rejects in any seed",3,0,0,0,0.99726618991197,0.802585503277955
"flowsom_consensus_k62_seed42",47,115966,"CD27",5000,"no_detected_multimodality","neither test rejects in any seed",3,0,0,0,1,0.962049206421393
"flowsom_consensus_k62_seed42",47,115966,"CD294_CRTH2",1000,"no_detected_multimodality","neither test rejects in any seed",3,0,0,0,0.99726618991197,0.936468234117058
"flowsom_consensus_k62_seed42",47,115966,"CD294_CRTH2",5000,"no_detected_multimodality","neither test rejects in any seed",3,0,0,0,1,0.850025012506253
"flowsom_consensus_k62_seed42",48,6847,"CD127",1000,"ambiguous","discordant_tests;seed_instability;borderline_q",3,0,0,1,0.902713783977157,0.00975487743871936
"flowsom_consensus_k62_seed42",48,6847,"CD127",5000,"ambiguous","discordant_tests;seed_instability",3,0,0,1,1,0.0260130065032516
"flowsom_consensus_k62_seed42",48,6847,"CD161",1000,"ambiguous","discordant_tests;seed_instability;borderline_q",3,0,0,1,0.260234708929293,0.00975487743871936
"flowsom_consensus_k62_seed42",48,6847,"CD161",5000,"detected_multimodality","both tests reject in at least two seeds",3,3,3,3,0.000308041340882026,0
"flowsom_consensus_k62_seed42",48,6847,"CD185_CXCR5",1000,"ambiguous","borderline_q",3,0,0,0,0.99770392184741,0.0758712689678172
"flowsom_consensus_k62_seed42",48,6847,"CD185_CXCR5",5000,"ambiguous","discordant_tests",3,0,0,3,0.380770849046135,0
"flowsom_consensus_k62_seed42",48,6847,"CD197_CCR7",1000,"ambiguous","borderline_q",3,0,0,0,0.99770392184741,0.0758712689678172
"flowsom_consensus_k62_seed42",48,6847,"CD197_CCR7",5000,"detected_multimodality","both tests reject in at least two seeds",3,3,3,3,0.00838265624886264,0
"flowsom_consensus_k62_seed42",48,6847,"CD27",1000,"no_detected_multimodality","neither test rejects in any seed",3,0,0,0,0.99770392184741,0.557653826913457
"flowsom_consensus_k62_seed42",48,6847,"CD27",5000,"no_detected_multimodality","neither test rejects in any seed",3,0,0,0,1,0.30387921233344
"flowsom_consensus_k62_seed42",48,6847,"CD3",1000,"ambiguous","borderline_q",3,0,0,0,0.99770392184741,0.0758712689678172
"flowsom_consensus_k62_seed42",48,6847,"CD3",5000,"no_detected_multimodality","neither test rejects in any seed",3,0,0,0,1,0.16648324162081
"flowsom_consensus_k62_seed42",48,6847,"CD45RA",1000,"no_detected_multimodality","neither test rejects in any seed",3,0,0,0,0.99770392184741,0.440220110055028
"flowsom_consensus_k62_seed42",48,6847,"CD45RA",5000,"no_detected_multimodality","neither test rejects in any seed",3,0,0,0,1,0.625312656328164
"flowsom_consensus_k62_seed42",48,6847,"CD7",1000,"ambiguous","discordant_tests;seed_instability;borderline_q",3,1,1,3,0.0120204106639292,0
"flowsom_consensus_k62_seed42",48,6847,"CD7",5000,"detected_multimodality","both tests reject in at least two seeds",3,3,3,3,0,0
"flowsom_consensus_k62_seed42",48,6847,"FoxP3",1000,"detected_multimodality","both tests reject in at least two seeds",3,3,3,3,0,0
"flowsom_consensus_k62_seed42",48,6847,"FoxP3",5000,"detected_multimodality","both tests reject in at least two seeds",3,3,3,3,0,0
"flowsom_consensus_k62_seed42",49,60777,"CD159c_NKG2C",1000,"no_detected_multimodality","neither test rejects in any seed",3,0,0,0,1,0.778415523551249
"flowsom_consensus_k62_seed42",49,60777,"CD159c_NKG2C",5000,"ambiguous","discordant_tests;borderline_q",3,0,0,3,0.0733778110274399,0
"flowsom_consensus_k62_seed42",49,60777,"CD197_CCR7",1000,"no_detected_multimodality","neither test rejects in any seed",3,0,0,0,1,0.604427213606803
"flowsom_consensus_k62_seed42",49,60777,"CD197_CCR7",5000,"no_detected_multimodality","neither test rejects in any seed",3,0,0,0,1,0.537568784392196
"flowsom_consensus_k62_seed42",49,60777,"CD294_CRTH2",1000,"no_detected_multimodality","neither test rejects in any seed",3,0,0,0,1,0.69300034632701
"flowsom_consensus_k62_seed42",49,60777,"CD294_CRTH2",5000,"no_detected_multimodality","neither test rejects in any seed",3,0,0,0,1,0.891445722861431
"flowsom_consensus_k62_seed42",49,60777,"CD3",1000,"no_detected_multimodality","neither test rejects in any seed",3,0,0,0,1,0.69300034632701
"flowsom_consensus_k62_seed42",49,60777,"CD3",5000,"ambiguous","discordant_tests",3,0,0,3,1,0
"flowsom_consensus_k62_seed42",49,60777,"CD57",1000,"ambiguous","discordant_tests;seed_instability;borderline_q",3,0,0,2,0.0510316044493579,0
"flowsom_consensus_k62_seed42",49,60777,"CD57",5000,"detected_multimodality","both tests reject in at least two seeds",3,2,2,3,0,0
"flowsom_consensus_k62_seed42",49,60777,"FoxP3",1000,"no_detected_multimodality","neither test rejects in any seed",3,0,0,0,1,0.32416208104052
"flowsom_consensus_k62_seed42",49,60777,"FoxP3",5000,"no_detected_multimodality","neither test rejects in any seed",3,0,0,0,1,0.935082926078424
"flowsom_consensus_k62_seed42",50,4475356,"CD57",1000,"no_detected_multimodality","neither test rejects in any seed",3,0,0,0,0.999522773240576,0.863306653326663
"flowsom_consensus_k62_seed42",50,4475356,"CD57",5000,"no_detected_multimodality","neither test rejects in any seed",3,0,0,0,1,0.135067533766883
"flowsom_consensus_k62_seed42",51,18663,"CD11c",1000,"ambiguous","discordant_tests;seed_instability",3,0,0,2,0.995720029313505,0.00337668834417209
"flowsom_consensus_k62_seed42",51,18663,"CD11c",5000,"detected_multimodality","both tests reject in at least two seeds",3,3,3,3,0.00113526016684731,0
"flowsom_consensus_k62_seed42",51,18663,"CD1c",1000,"detected_multimodality","both tests reject in at least two seeds",3,3,3,3,1.9449129621818e-05,0
"flowsom_consensus_k62_seed42",51,18663,"CD1c",5000,"detected_multimodality","both tests reject in at least two seeds",3,3,3,3,0,0
"flowsom_consensus_k62_seed42",51,18663,"CD45RA",1000,"ambiguous","discordant_tests",3,0,0,3,0.995720029313505,0.00450225112556278
"flowsom_consensus_k62_seed42",51,18663,"CD45RA",5000,"detected_multimodality","both tests reject in at least two seeds",3,3,3,3,0.000205081890032099,0
"flowsom_consensus_k62_seed42",51,18663,"CD56",1000,"ambiguous","discordant_tests;seed_instability",3,0,0,2,0.598135731687494,0
"flowsom_consensus_k62_seed42",51,18663,"CD56",5000,"detected_multimodality","both tests reject in at least two seeds",3,3,3,3,0.00119589237794238,0
"flowsom_consensus_k62_seed42",51,18663,"FoxP3",1000,"no_detected_multimodality","neither test rejects in any seed",3,0,0,0,0.995720029313505,0.221510755377689
"flowsom_consensus_k62_seed42",51,18663,"FoxP3",5000,"ambiguous","discordant_tests;seed_instability",3,1,1,3,0.0321310717688732,0
"flowsom_consensus_k62_seed42",51,18663,"HLA-DR",1000,"ambiguous","discordant_tests;seed_instability",3,0,0,1,0.995720029313505,0.00540270135067534
"flowsom_consensus_k62_seed42",51,18663,"HLA-DR",5000,"detected_multimodality","both tests reject in at least two seeds",3,3,3,3,0.00113526016684731,0
"flowsom_consensus_k62_seed42",51,18663,"Tbet",1000,"no_detected_multimodality","neither test rejects in any seed",3,0,0,0,0.995720029313505,0.442039201418891
"flowsom_consensus_k62_seed42",51,18663,"Tbet",5000,"no_detected_multimodality","neither test rejects in any seed",3,0,0,0,1,0.131690845422711
"flowsom_consensus_k62_seed42",51,18663,"TCRgd_CD141",1000,"detected_multimodality","both tests reject in at least two seeds",3,3,3,3,0,0
"flowsom_consensus_k62_seed42",51,18663,"TCRgd_CD141",5000,"detected_multimodality","both tests reject in at least two seeds",3,3,3,3,0,0
"flowsom_consensus_k62_seed42",52,63216,"CD3",1000,"no_detected_multimodality","neither test rejects in any seed",3,0,0,0,0.998885417894134,0.373686843421711
"flowsom_consensus_k62_seed42",52,63216,"CD3",5000,"no_detected_multimodality","neither test rejects in any seed",3,0,0,0,1,0.135067533766883
"flowsom_consensus_k62_seed42",52,63216,"CD57",1000,"ambiguous","discordant_tests;seed_instability",3,1,1,2,2.08565998701671e-05,0
"flowsom_consensus_k62_seed42",52,63216,"CD57",5000,"detected_multimodality","both tests reject in at least two seeds",3,3,3,3,0,0
"flowsom_consensus_k62_seed42",53,11243,"CD11c",1000,"no_detected_multimodality","neither test rejects in any seed",3,0,0,0,1,0.548374187093547
"flowsom_consensus_k62_seed42",53,11243,"CD11c",5000,"ambiguous","discordant_tests",3,0,0,3,1,0
"flowsom_consensus_k62_seed42",53,11243,"CD185_CXCR5",1000,"no_detected_multimodality","neither test rejects in any seed",3,0,0,0,1,0.777603087257915
"flowsom_consensus_k62_seed42",53,11243,"CD185_CXCR5",5000,"no_detected_multimodality","neither test rejects in any seed",3,0,0,0,1,0.155327663831916
"flowsom_consensus_k62_seed42",53,11243,"CD25",1000,"ambiguous","discordant_tests;seed_instability;borderline_q",3,0,0,2,1,0
"flowsom_consensus_k62_seed42",53,11243,"CD25",5000,"detected_multimodality","both tests reject in at least two seeds",3,3,3,3,0.0100249368132919,0
"flowsom_consensus_k62_seed42",53,11243,"CD8",1000,"no_detected_multimodality","neither test rejects in any seed",3,0,0,0,1,0.777603087257915
"flowsom_consensus_k62_seed42",53,11243,"CD8",5000,"no_detected_multimodality","neither test rejects in any seed",3,0,0,0,1,0.341720860430215
"flowsom_consensus_k62_seed42",54,8468,"CD11c",1000,"ambiguous","discordant_tests;seed_instability;borderline_q",3,0,0,1,0.768826270186723,0.00821839491174158
"flowsom_consensus_k62_seed42",54,8468,"CD11c",5000,"ambiguous","discordant_tests;seed_instability",3,0,0,2,1,0
"flowsom_consensus_k62_seed42",54,8468,"CD127",1000,"detected_multimodality","both tests reject in at least two seeds",3,3,3,3,0,0
"flowsom_consensus_k62_seed42",54,8468,"CD127",5000,"detected_multimodality","both tests reject in at least two seeds",3,3,3,3,0,0
"flowsom_consensus_k62_seed42",54,8468,"CD159c_NKG2C",1000,"detected_multimodality","both tests reject in at least two seeds",3,3,3,3,0,0
"flowsom_consensus_k62_seed42",54,8468,"CD159c_NKG2C",5000,"detected_multimodality","both tests reject in at least two seeds",3,3,3,3,0,0
"flowsom_consensus_k62_seed42",54,8468,"CD161",1000,"detected_multimodality","both tests reject in at least two seeds",3,3,3,3,0,0
"flowsom_consensus_k62_seed42",54,8468,"CD161",5000,"detected_multimodality","both tests reject in at least two seeds",3,3,3,3,0,0
"flowsom_consensus_k62_seed42",54,8468,"CD19",1000,"no_detected_multimodality","neither test rejects in any seed",3,0,0,0,0.997051805831384,0.12656328164082
"flowsom_consensus_k62_seed42",54,8468,"CD19",5000,"ambiguous","discordant_tests",3,0,0,3,1,0.00230115057528764
"flowsom_consensus_k62_seed42",54,8468,"CD25",1000,"no_detected_multimodality","neither test rejects in any seed",3,0,0,0,0.997051805831384,0.382827777525126
"flowsom_consensus_k62_seed42",54,8468,"CD25",5000,"no_detected_multimodality","neither test rejects in any seed",3,0,0,0,1,0.348459944257843
"flowsom_consensus_k62_seed42",54,8468,"CD27",1000,"detected_multimodality","both tests reject in at least two seeds",3,3,3,3,0,0
"flowsom_consensus_k62_seed42",54,8468,"CD27",5000,"detected_multimodality","both tests reject in at least two seeds",3,3,3,3,0,0
"flowsom_consensus_k62_seed42",54,8468,"CD294_CRTH2",1000,"detected_multimodality","both tests reject in at least two seeds",3,3,3,3,0,0
"flowsom_consensus_k62_seed42",54,8468,"CD294_CRTH2",5000,"detected_multimodality","both tests reject in at least two seeds",3,3,3,3,0,0
"flowsom_consensus_k62_seed42",54,8468,"CD3",1000,"ambiguous","discordant_tests",3,0,0,3,0.944831938900889,0.00493103694704495
"flowsom_consensus_k62_seed42",54,8468,"CD3",5000,"detected_multimodality","both tests reject in at least two seeds",3,3,3,3,2.7700304892345e-05,0
"flowsom_consensus_k62_seed42",54,8468,"CD303_TCRvd2",1000,"no_detected_multimodality","neither test rejects in any seed",3,0,0,0,0.997051805831384,0.188275956159898
"flowsom_consensus_k62_seed42",54,8468,"CD303_TCRvd2",5000,"no_detected_multimodality","neither test rejects in any seed",3,0,0,0,1,0.409173336668334
"flowsom_consensus_k62_seed42",54,8468,"CD45RA",1000,"detected_multimodality","both tests reject in at least two seeds",3,3,3,3,0,0
"flowsom_consensus_k62_seed42",54,8468,"CD45RA",5000,"detected_multimodality","both tests reject in at least two seeds",3,3,3,3,0,0
"flowsom_consensus_k62_seed42",54,8468,"CD56",1000,"no_detected_multimodality","neither test rejects in any seed",3,0,0,0,0.997051805831384,0.188275956159898
"flowsom_consensus_k62_seed42",54,8468,"CD56",5000,"ambiguous","discordant_tests;seed_instability",3,1,1,3,0.0324400165565437,0
"flowsom_consensus_k62_seed42",54,8468,"FoxP3",1000,"no_detected_multimodality","neither test rejects in any seed",3,0,0,0,0.997051805831384,0.113779111778111
"flowsom_consensus_k62_seed42",54,8468,"FoxP3",5000,"no_detected_multimodality","neither test rejects in any seed",3,0,0,0,1,0.160195482356563
"flowsom_consensus_k62_seed42",54,8468,"HLA-DR",1000,"ambiguous","borderline_q",3,0,0,0,0.997051805831384,0.088210772052693
"flowsom_consensus_k62_seed42",54,8468,"HLA-DR",5000,"ambiguous","borderline_q",3,0,0,0,1,0.0814253280486397
"flowsom_consensus_k62_seed42",56,8521,"CD127",1000,"no_detected_multimodality","neither test rejects in any seed",3,0,0,0,0.999101809640822,0.848995926534696
"flowsom_consensus_k62_seed42",56,8521,"CD127",5000,"no_detected_multimodality","neither test rejects in any seed",3,0,0,0,1,0.197536268134067
"flowsom_consensus_k62_seed42",56,8521,"CD14",1000,"ambiguous","discordant_tests",3,0,0,3,0.353264917163952,0
"flowsom_consensus_k62_seed42",56,8521,"CD14",5000,"detected_multimodality","both tests reject in at least two seeds",3,3,3,3,0,0
"flowsom_consensus_k62_seed42",56,8521,"CD197_CCR7",1000,"no_detected_multimodality","neither test rejects in any seed",3,0,0,0,0.999101809640822,0.178964482241121
"flowsom_consensus_k62_seed42",56,8521,"CD197_CCR7",5000,"ambiguous","discordant_tests",3,0,0,3,0.78192888494566,0
"flowsom_consensus_k62_seed42",56,8521,"CD27",1000,"ambiguous","discordant_tests;seed_instability;borderline_q",3,0,0,1,0.292911680576081,0
"flowsom_consensus_k62_seed42",56,8521,"CD27",5000,"ambiguous","discordant_tests;borderline_q",3,0,0,3,0.0937105663363929,0
"flowsom_consensus_k62_seed42",56,8521,"CD294_CRTH2",1000,"no_detected_multimodality","neither test rejects in any seed",3,0,0,0,0.999101809640822,0.16208104052026
"flowsom_consensus_k62_seed42",56,8521,"CD294_CRTH2",5000,"no_detected_multimodality","neither test rejects in any seed",3,0,0,0,1,0.277638819409705
"flowsom_consensus_k62_seed42",56,8521,"CD3",1000,"detected_multimodality","both tests reject in at least two seeds",3,3,3,3,0,0
"flowsom_consensus_k62_seed42",56,8521,"CD3",5000,"detected_multimodality","both tests reject in at least two seeds",3,3,3,3,0,0
"flowsom_consensus_k62_seed42",56,8521,"CD7",1000,"detected_multimodality","both tests reject in at least two seeds",3,3,3,3,0,0
"flowsom_consensus_k62_seed42",56,8521,"CD7",5000,"detected_multimodality","both tests reject in at least two seeds",3,3,3,3,0,0
"flowsom_consensus_k62_seed42",57,4188617,"CD19",1000,"no_detected_multimodality","neither test rejects in any seed",3,0,0,0,0.998772708213435,0.942971485742871
"flowsom_consensus_k62_seed42",57,4188617,"CD19",5000,"ambiguous","discordant_tests",3,0,0,3,1,0
"flowsom_consensus_k62_seed42",57,4188617,"CD21",1000,"ambiguous","discordant_tests;seed_instability;borderline_q",3,0,0,1,0.998772708213435,0
"flowsom_consensus_k62_seed42",57,4188617,"CD21",5000,"detected_multimodality","both tests reject in at least two seeds",3,3,3,3,0.00316027130325958,0
"flowsom_consensus_k62_seed42",57,4188617,"CD45RA",1000,"no_detected_multimodality","neither test rejects in any seed",3,0,0,0,0.998772708213435,0.774387193596798
"flowsom_consensus_k62_seed42",57,4188617,"CD45RA",5000,"no_detected_multimodality","neither test rejects in any seed",3,0,0,0,1,0.923321660830415
"flowsom_consensus_k62_seed42",57,4188617,"FoxP3",1000,"no_detected_multimodality","neither test rejects in any seed",3,0,0,0,0.998772708213435,0.942971485742871
"flowsom_consensus_k62_seed42",57,4188617,"FoxP3",5000,"no_detected_multimodality","neither test rejects in any seed",3,0,0,0,1,0.301650825412706
"flowsom_consensus_k62_seed42",58,5697,"CD11c",1000,"detected_multimodality","both tests reject in at least two seeds",3,3,3,3,0.000679825057382066,0
"flowsom_consensus_k62_seed42",58,5697,"CD11c",5000,"detected_multimodality","both tests reject in at least two seeds",3,3,3,3,0,0
"flowsom_consensus_k62_seed42",58,5697,"CD127",1000,"ambiguous","discordant_tests;seed_instability",3,0,0,1,1,0
"flowsom_consensus_k62_seed42",58,5697,"CD127",5000,"no_detected_multimodality","neither test rejects in any seed",3,0,0,0,1,0.904338532902815
"flowsom_consensus_k62_seed42",58,5697,"CD1c",1000,"detected_multimodality","both tests reject in at least two seeds",3,3,3,3,0,0
"flowsom_consensus_k62_seed42",58,5697,"CD1c",5000,"detected_multimodality","both tests reject in at least two seeds",3,3,3,3,0,0
"flowsom_consensus_k62_seed42",58,5697,"CD21",1000,"no_detected_multimodality","neither test rejects in any seed",3,0,0,0,1,0.568409204602301
"flowsom_consensus_k62_seed42",58,5697,"CD21",5000,"ambiguous","discordant_tests;seed_instability",3,0,0,1,1,0.0390195097548774
"flowsom_consensus_k62_seed42",58,5697,"CD3",1000,"ambiguous","discordant_tests;seed_instability;borderline_q",3,1,1,2,0.0332645995862774,0
"flowsom_consensus_k62_seed42",58,5697,"CD3",5000,"detected_multimodality","both tests reject in at least two seeds",3,3,3,3,0,0
"flowsom_consensus_k62_seed42",58,5697,"CD56",1000,"no_detected_multimodality","neither test rejects in any seed",3,0,0,0,1,0.744460465526881
"flowsom_consensus_k62_seed42",58,5697,"CD56",5000,"no_detected_multimodality","neither test rejects in any seed",3,0,0,0,1,0.467333666833417
"flowsom_consensus_k62_seed42",58,5697,"HLA-DR",1000,"detected_multimodality","both tests reject in at least two seeds",3,3,3,3,5.08123140228744e-05,0
"flowsom_consensus_k62_seed42",58,5697,"HLA-DR",5000,"detected_multimodality","both tests reject in at least two seeds",3,3,3,3,0,0
"flowsom_consensus_k62_seed42",58,5697,"TCRgd_CD141",1000,"no_detected_multimodality","neither test rejects in any seed",3,0,0,0,1,0.178289144572286
"flowsom_consensus_k62_seed42",58,5697,"TCRgd_CD141",5000,"ambiguous","discordant_tests;seed_instability;borderline_q",3,1,1,3,0.0462949961908695,0
"flowsom_consensus_k62_seed42",60,6080,"CD11c",1000,"ambiguous","discordant_tests",3,0,0,3,0.176868826615437,0
"flowsom_consensus_k62_seed42",60,6080,"CD11c",5000,"detected_multimodality","both tests reject in at least two seeds",3,3,3,3,0.000121469036832467,0
"flowsom_consensus_k62_seed42",60,6080,"CD14",1000,"no_detected_multimodality","neither test rejects in any seed",3,0,0,0,0.997615342199935,0.847683841920961
"flowsom_consensus_k62_seed42",60,6080,"CD14",5000,"ambiguous","borderline_q",3,0,0,0,1,0.0810405202601301
"flowsom_consensus_k62_seed42",60,6080,"CD159c_NKG2C",1000,"no_detected_multimodality","neither test rejects in any seed",3,0,0,0,0.997615342199935,0.847683841920961
"flowsom_consensus_k62_seed42",60,6080,"CD159c_NKG2C",5000,"no_detected_multimodality","neither test rejects in any seed",3,0,0,0,1,0.43311655827914
"flowsom_consensus_k62_seed42",60,6080,"CD185_CXCR5",1000,"ambiguous","discordant_tests;seed_instability",3,0,0,2,0.391521758993643,0.00450225112556278
"flowsom_consensus_k62_seed42",60,6080,"CD185_CXCR5",5000,"detected_multimodality","both tests reject in at least two seeds",3,3,3,3,0.000255098746922311,0
"flowsom_consensus_k62_seed42",60,6080,"CD19",1000,"ambiguous","borderline_q",3,0,0,0,0.997615342199935,0.0810405202601301
"flowsom_consensus_k62_seed42",60,6080,"CD19",5000,"ambiguous","discordant_tests",3,0,0,3,0.292978994827975,0
"flowsom_consensus_k62_seed42",60,6080,"CD21",1000,"detected_multimodality","both tests reject in at least two seeds",3,3,3,3,0,0
"flowsom_consensus_k62_seed42",60,6080,"CD21",5000,"detected_multimodality","both tests reject in at least two seeds",3,3,3,3,0,0
"flowsom_consensus_k62_seed42",60,6080,"CD27",1000,"no_detected_multimodality","neither test rejects in any seed",3,0,0,0,0.997615342199935,0.847683841920961
"flowsom_consensus_k62_seed42",60,6080,"CD27",5000,"no_detected_multimodality","neither test rejects in any seed",3,0,0,0,1,0.746248124062031
"flowsom_consensus_k62_seed42",60,6080,"CD38",1000,"no_detected_multimodality","neither test rejects in any seed",3,0,0,0,0.997615342199935,0.375937968984492
"flowsom_consensus_k62_seed42",60,6080,"CD38",5000,"ambiguous","discordant_tests",3,0,0,3,0.269911348502237,0
"flowsom_consensus_k62_seed42",60,6080,"CD8",1000,"no_detected_multimodality","neither test rejects in any seed",3,0,0,0,0.997615342199935,0.445722861430715
"flowsom_consensus_k62_seed42",60,6080,"CD8",5000,"ambiguous","discordant_tests",3,0,0,3,1,0.0135067533766883
"flowsom_consensus_k62_seed42",61,8255,"CD11c",1000,"detected_multimodality","both tests reject in at least two seeds",3,3,3,3,0,0
"flowsom_consensus_k62_seed42",61,8255,"CD11c",5000,"detected_multimodality","both tests reject in at least two seeds",3,3,3,3,0,0
"flowsom_consensus_k62_seed42",61,8255,"CD14",1000,"no_detected_multimodality","neither test rejects in any seed",3,0,0,0,0.997610571920699,0.570285142571286
"flowsom_consensus_k62_seed42",61,8255,"CD14",5000,"ambiguous","discordant_tests",3,0,0,3,0.449191371336171,0
"flowsom_consensus_k62_seed42",61,8255,"CD159c_NKG2C",1000,"no_detected_multimodality","neither test rejects in any seed",3,0,0,0,0.997610571920699,0.506503251625813
"flowsom_consensus_k62_seed42",61,8255,"CD159c_NKG2C",5000,"detected_multimodality","both tests reject in at least two seeds",3,2,2,3,0.0216428972711808,0
"flowsom_consensus_k62_seed42",61,8255,"CD16",1000,"ambiguous","discordant_tests",3,0,0,3,0.256214347804414,0.00150075037518759
"flowsom_consensus_k62_seed42",61,8255,"CD16",5000,"detected_multimodality","both tests reject in at least two seeds",3,3,3,3,0,0
"flowsom_consensus_k62_seed42",61,8255,"CD185_CXCR5",1000,"no_detected_multimodality","neither test rejects in any seed",3,0,0,0,0.997610571920699,0.74152076038019
"flowsom_consensus_k62_seed42",61,8255,"CD185_CXCR5",5000,"ambiguous","discordant_tests",3,0,0,3,0.705739873758876,0.00225112556278139
"flowsom_consensus_k62_seed42",61,8255,"CD197_CCR7",1000,"ambiguous","discordant_tests;seed_instability;borderline_q",3,0,0,2,0.0682063101668952,0.00150075037518759
"flowsom_consensus_k62_seed42",61,8255,"CD197_CCR7",5000,"detected_multimodality","both tests reject in at least two seeds",3,3,3,3,0.00255482102922955,0
"flowsom_consensus_k62_seed42",61,8255,"CD21",1000,"no_detected_multimodality","neither test rejects in any seed",3,0,0,0,0.997610571920699,0.54579562508527
"flowsom_consensus_k62_seed42",61,8255,"CD21",5000,"ambiguous","discordant_tests",3,0,0,3,0.161855118725298,0
"flowsom_consensus_k62_seed42",61,8255,"CD25",1000,"no_detected_multimodality","neither test rejects in any seed",3,0,0,0,0.997610571920699,0.144072036018009
"flowsom_consensus_k62_seed42",61,8255,"CD25",5000,"ambiguous","discordant_tests;seed_instability;borderline_q",3,1,1,3,0.0299299713358015,0
"flowsom_consensus_k62_seed42",61,8255,"CD27",1000,"detected_multimodality","both tests reject in at least two seeds",3,3,3,3,8.69035781406735e-05,0
"flowsom_consensus_k62_seed42",61,8255,"CD27",5000,"detected_multimodality","both tests reject in at least two seeds",3,3,3,3,0,0
"flowsom_consensus_k62_seed42",61,8255,"CD3",1000,"ambiguous","discordant_tests;seed_instability",3,0,0,1,0.194248939038373,0
"flowsom_consensus_k62_seed42",61,8255,"CD3",5000,"detected_multimodality","both tests reject in at least two seeds",3,3,3,3,0.0235264507846638,0
"flowsom_consensus_k62_seed42",61,8255,"CD303_TCRvd2",1000,"no_detected_multimodality","neither test rejects in any seed",3,0,0,0,0.997610571920699,0.54579562508527
"flowsom_consensus_k62_seed42",61,8255,"CD303_TCRvd2",5000,"ambiguous","discordant_tests;seed_instability;borderline_q",3,1,1,3,0.0216428972711808,0
"flowsom_consensus_k62_seed42",61,8255,"CD38",1000,"no_detected_multimodality","neither test rejects in any seed",3,0,0,0,0.997610571920699,0.279485896794551
"flowsom_consensus_k62_seed42",61,8255,"CD38",5000,"detected_multimodality","both tests reject in at least two seeds",3,3,3,3,0.000527165525316384,0
"flowsom_consensus_k62_seed42",61,8255,"CD4",1000,"ambiguous","discordant_tests",3,0,0,3,0.143328143107436,0
"flowsom_consensus_k62_seed42",61,8255,"CD4",5000,"detected_multimodality","both tests reject in at least two seeds",3,3,3,3,9.2853253259108e-06,0
"flowsom_consensus_k62_seed42",61,8255,"CD45RA",1000,"detected_multimodality","both tests reject in at least two seeds",3,3,3,3,0,0
"flowsom_consensus_k62_seed42",61,8255,"CD45RA",5000,"detected_multimodality","both tests reject in at least two seeds",3,3,3,3,0,0
"flowsom_consensus_k62_seed42",61,8255,"CD7",1000,"detected_multimodality","both tests reject in at least two seeds",3,3,3,3,5.55084218429869e-05,0
"flowsom_consensus_k62_seed42",61,8255,"CD7",5000,"detected_multimodality","both tests reject in at least two seeds",3,3,3,3,0,0
"flowsom_consensus_k62_seed42",61,8255,"HLA-DR",1000,"ambiguous","discordant_tests;seed_instability",3,0,0,1,0.70025589906672,0.0105052526263132
"flowsom_consensus_k62_seed42",61,8255,"HLA-DR",5000,"ambiguous","discordant_tests;borderline_q",3,0,0,3,0.0810145838337254,0
"flowsom_consensus_k62_seed42",61,8255,"Tbet",1000,"detected_multimodality","both tests reject in at least two seeds",3,2,2,3,0.00428962470508219,0
"flowsom_consensus_k62_seed42",61,8255,"Tbet",5000,"detected_multimodality","both tests reject in at least two seeds",3,3,3,3,0,0
"flowsom_consensus_k62_seed42",61,8255,"TCRgd_CD141",1000,"ambiguous","discordant_tests;seed_instability;borderline_q",3,0,0,2,0.0713277620575796,0
"flowsom_consensus_k62_seed42",61,8255,"TCRgd_CD141",5000,"detected_multimodality","both tests reject in at least two seeds",3,3,3,3,0.00594709087192867,0
"flowsom_consensus_k62_seed42",62,17066,"CD127",1000,"ambiguous","discordant_tests;seed_instability;borderline_q",3,1,1,3,0.0106541770313096,0
"flowsom_consensus_k62_seed42",62,17066,"CD127",5000,"detected_multimodality","both tests reject in at least two seeds",3,3,3,3,0,0
"flowsom_consensus_k62_seed42",62,17066,"CD159c_NKG2C",1000,"detected_multimodality","both tests reject in at least two seeds",3,3,3,3,0,0
"flowsom_consensus_k62_seed42",62,17066,"CD159c_NKG2C",5000,"detected_multimodality","both tests reject in at least two seeds",3,3,3,3,0,0
"flowsom_consensus_k62_seed42",62,17066,"CD161",1000,"ambiguous","discordant_tests;seed_instability;borderline_q",3,1,1,3,0.00328435776654012,0
"flowsom_consensus_k62_seed42",62,17066,"CD161",5000,"detected_multimodality","both tests reject in at least two seeds",3,3,3,3,0,0
"flowsom_consensus_k62_seed42",62,17066,"CD27",1000,"detected_multimodality","both tests reject in at least two seeds",3,3,3,3,5.17037542341892e-05,0
"flowsom_consensus_k62_seed42",62,17066,"CD27",5000,"detected_multimodality","both tests reject in at least two seeds",3,3,3,3,0,0
"flowsom_consensus_k62_seed42",62,17066,"CD294_CRTH2",1000,"detected_multimodality","both tests reject in at least two seeds",3,2,2,3,0.00328435776654012,0
"flowsom_consensus_k62_seed42",62,17066,"CD294_CRTH2",5000,"detected_multimodality","both tests reject in at least two seeds",3,3,3,3,0,0
"flowsom_consensus_k62_seed42",62,17066,"CD3",1000,"no_detected_multimodality","neither test rejects in any seed",3,0,0,0,0.995333987737922,0.582478739369685
"flowsom_consensus_k62_seed42",62,17066,"CD3",5000,"ambiguous","discordant_tests",3,0,0,3,0.377650046243948,0
"flowsom_consensus_k62_seed42",62,17066,"CD56",1000,"ambiguous","discordant_tests;seed_instability;borderline_q",3,0,0,2,0.0505382518195838,0
"flowsom_consensus_k62_seed42",62,17066,"CD56",5000,"detected_multimodality","both tests reject in at least two seeds",3,3,3,3,0,0
"flowsom_consensus_k62_seed42",62,17066,"CD57",1000,"ambiguous","borderline_q",3,0,0,0,0.995333987737922,0.0819784892446223
"flowsom_consensus_k62_seed42",62,17066,"CD57",5000,"ambiguous","discordant_tests",3,0,0,3,0.700493526744937,0
"flowsom_consensus_k62_seed42",62,17066,"HLA-DR",1000,"ambiguous","borderline_q",3,0,0,0,0.787064666910142,0.0723218752233259
"flowsom_consensus_k62_seed42",62,17066,"HLA-DR",5000,"ambiguous","discordant_tests;seed_instability;borderline_q",3,0,0,2,0.206143891988583,0.00127841698627091
"historical_80_20_ward_k50",1,155017,"CD11c",1000,"ambiguous","discordant_tests;seed_instability",3,0,0,2,0.254313325962791,0.00337668834417209
"historical_80_20_ward_k50",1,155017,"CD11c",5000,"detected_multimodality","both tests reject in at least two seeds",3,3,3,3,0.00145422246942761,0
"historical_80_20_ward_k50",1,155017,"CD14",1000,"ambiguous","discordant_tests;seed_instability",3,0,0,1,0.996291513536261,0.0135067533766883
"historical_80_20_ward_k50",1,155017,"CD14",5000,"detected_multimodality","both tests reject in at least two seeds",3,3,3,3,0.00092711510347393,0
"historical_80_20_ward_k50",1,155017,"CD159c_NKG2C",1000,"ambiguous","discordant_tests;seed_instability;borderline_q",3,0,0,1,0.961628610680118,0
"historical_80_20_ward_k50",1,155017,"CD159c_NKG2C",5000,"detected_multimodality","both tests reject in at least two seeds",3,3,3,3,0.000174170468005053,0
"historical_80_20_ward_k50",1,155017,"CD16",1000,"ambiguous","discordant_tests;seed_instability",3,0,0,1,0.961628610680118,0.00337668834417209
"historical_80_20_ward_k50",1,155017,"CD16",5000,"detected_multimodality","both tests reject in at least two seeds",3,3,3,3,0.000590534953574806,0
"historical_80_20_ward_k50",1,155017,"CD185_CXCR5",1000,"ambiguous","discordant_tests;seed_instability",3,0,0,1,0.996291513536261,0.0438969484742371
"historical_80_20_ward_k50",1,155017,"CD185_CXCR5",5000,"ambiguous","discordant_tests;borderline_q",3,0,0,3,0.0620119742393004,0
"historical_80_20_ward_k50",1,155017,"CD19",1000,"no_detected_multimodality","neither test rejects in any seed",3,0,0,0,0.996291513536261,0.797461230615308
"historical_80_20_ward_k50",1,155017,"CD19",5000,"no_detected_multimodality","neither test rejects in any seed",3,0,0,0,1,0.127563781890945
"historical_80_20_ward_k50",1,155017,"CD197_CCR7",1000,"no_detected_multimodality","neither test rejects in any seed",3,0,0,0,0.996291513536261,0.218037590223683
"historical_80_20_ward_k50",1,155017,"CD197_CCR7",5000,"ambiguous","discordant_tests",3,0,0,3,0.19111266780243,0
"historical_80_20_ward_k50",1,155017,"CD21",1000,"ambiguous","discordant_tests;seed_instability",3,0,0,1,0.996291513536261,0.0135067533766883
"historical_80_20_ward_k50",1,155017,"CD21",5000,"detected_multimodality","both tests reject in at least two seeds",3,3,3,3,0.000368339216743507,0
"historical_80_20_ward_k50",1,155017,"CD27",1000,"no_detected_multimodality","neither test rejects in any seed",3,0,0,0,0.996291513536261,0.265632816408204
"historical_80_20_ward_k50",1,155017,"CD27",5000,"no_detected_multimodality","neither test rejects in any seed",3,0,0,0,1,0.27077824626599
"historical_80_20_ward_k50",1,155017,"CD3",1000,"no_detected_multimodality","neither test rejects in any seed",3,0,0,0,0.996291513536261,0.29883691845923
"historical_80_20_ward_k50",1,155017,"CD3",5000,"ambiguous","discordant_tests;seed_instability",3,1,1,3,0.0424259766232439,0
"historical_80_20_ward_k50",1,155017,"CD7",1000,"no_detected_multimodality","neither test rejects in any seed",3,0,0,0,0.996291513536261,0.694753626813407
"historical_80_20_ward_k50",1,155017,"CD7",5000,"ambiguous","discordant_tests;seed_instability;borderline_q",3,1,1,3,0.0131076214859079,0
"historical_80_20_ward_k50",1,155017,"FoxP3",1000,"ambiguous","discordant_tests;seed_instability",3,0,0,1,0.996291513536261,0.0438969484742371
"historical_80_20_ward_k50",1,155017,"FoxP3",5000,"detected_multimodality","both tests reject in at least two seeds",3,3,3,3,0.00850511833864689,0
"historical_80_20_ward_k50",1,155017,"Tbet",1000,"ambiguous","discordant_tests;seed_instability",3,0,0,2,0.219164264380503,0
"historical_80_20_ward_k50",1,155017,"Tbet",5000,"detected_multimodality","both tests reject in at least two seeds",3,3,3,3,0,0
"historical_80_20_ward_k50",2,986456,"CD11c",1000,"no_detected_multimodality","neither test rejects in any seed",3,0,0,0,1,0.668584292146073
"historical_80_20_ward_k50",2,986456,"CD11c",5000,"ambiguous","discordant_tests;seed_instability",3,1,1,3,0.0337800143348942,0
"historical_80_20_ward_k50",2,986456,"CD16",1000,"no_detected_multimodality","neither test rejects in any seed",3,0,0,0,1,0.701450725362681
"historical_80_20_ward_k50",2,986456,"CD16",5000,"no_detected_multimodality","neither test rejects in any seed",3,0,0,0,1,0.606678339169585
"historical_80_20_ward_k50",2,986456,"CD185_CXCR5",1000,"no_detected_multimodality","neither test rejects in any seed",3,0,0,0,1,0.666333166583292
"historical_80_20_ward_k50",2,986456,"CD185_CXCR5",5000,"ambiguous","discordant_tests",3,0,0,3,0.731520503221083,0
"historical_80_20_ward_k50",2,986456,"CD197_CCR7",1000,"no_detected_multimodality","neither test rejects in any seed",3,0,0,0,1,0.701450725362681
"historical_80_20_ward_k50",2,986456,"CD197_CCR7",5000,"no_detected_multimodality","neither test rejects in any seed",3,0,0,0,1,0.128314157078539
"historical_80_20_ward_k50",2,986456,"CD1c",1000,"no_detected_multimodality","neither test rejects in any seed",3,0,0,0,1,0.414207103551776
"historical_80_20_ward_k50",2,986456,"CD1c",5000,"ambiguous","borderline_q",3,0,0,0,1,0.092296148074037
"historical_80_20_ward_k50",2,986456,"CD21",1000,"no_detected_multimodality","neither test rejects in any seed",3,0,0,0,1,0.811305652826413
"historical_80_20_ward_k50",2,986456,"CD21",5000,"no_detected_multimodality","neither test rejects in any seed",3,0,0,0,1,0.244622311155578
"historical_80_20_ward_k50",2,986456,"CD38",1000,"ambiguous","discordant_tests;seed_instability;borderline_q",3,0,0,1,1,0.040520260130065
"historical_80_20_ward_k50",2,986456,"CD38",5000,"ambiguous","discordant_tests;seed_instability",3,1,1,3,0.00328782789688919,0
"historical_80_20_ward_k50",2,986456,"Tbet",1000,"no_detected_multimodality","neither test rejects in any seed",3,0,0,0,1,0.414207103551776
"historical_80_20_ward_k50",2,986456,"Tbet",5000,"ambiguous","discordant_tests",3,0,0,3,0.731520503221083,0
"historical_80_20_ward_k50",3,169881,"CD11c",1000,"ambiguous","borderline_q",3,0,0,0,1,0.0945472736368184
"historical_80_20_ward_k50",3,169881,"CD11c",5000,"detected_multimodality","both tests reject in at least two seeds",3,2,2,3,0.00281449299241504,0
"historical_80_20_ward_k50",3,169881,"CD185_CXCR5",1000,"no_detected_multimodality","neither test rejects in any seed",3,0,0,0,1,0.701123288917186
"historical_80_20_ward_k50",3,169881,"CD185_CXCR5",5000,"ambiguous","discordant_tests",3,0,0,3,1,0
"historical_80_20_ward_k50",3,169881,"CD19",1000,"no_detected_multimodality","neither test rejects in any seed",3,0,0,0,1,0.820733896359945
"historical_80_20_ward_k50",3,169881,"CD19",5000,"no_detected_multimodality","neither test rejects in any seed",3,0,0,0,1,0.351970102698408
"historical_80_20_ward_k50",3,169881,"CD1c",1000,"no_detected_multimodality","neither test rejects in any seed",3,0,0,0,1,0.175587793896948
"historical_80_20_ward_k50",3,169881,"CD1c",5000,"ambiguous","discordant_tests;seed_instability",3,1,1,3,0.0165388251936343,0
"historical_80_20_ward_k50",3,169881,"CD38",1000,"no_detected_multimodality","neither test rejects in any seed",3,0,0,0,1,0.531265632816408
"historical_80_20_ward_k50",3,169881,"CD38",5000,"ambiguous","borderline_q",3,0,0,0,1,0.0822684069307381
"historical_80_20_ward_k50",3,169881,"CD57",1000,"ambiguous","discordant_tests;seed_instability",3,0,0,1,1,0.0135067533766883
"historical_80_20_ward_k50",3,169881,"CD57",5000,"detected_multimodality","both tests reject in at least two seeds",3,3,3,3,0,0
"historical_80_20_ward_k50",4,400818,"CD14",1000,"no_detected_multimodality","neither test rejects in any seed",3,0,0,0,0.99793619035804,0.898199099549775
"historical_80_20_ward_k50",4,400818,"CD14",5000,"no_detected_multimodality","neither test rejects in any seed",3,0,0,0,1,0.117058529264632
"historical_80_20_ward_k50",4,400818,"CD159c_NKG2C",1000,"no_detected_multimodality","neither test rejects in any seed",3,0,0,0,0.99793619035804,0.513256628314157
"historical_80_20_ward_k50",4,400818,"CD159c_NKG2C",5000,"ambiguous","discordant_tests",3,0,0,3,0.113277947796055,0
"historical_80_20_ward_k50",4,400818,"CD161",1000,"no_detected_multimodality","neither test rejects in any seed",3,0,0,0,0.99793619035804,0.711355677838919
"historical_80_20_ward_k50",4,400818,"CD161",5000,"no_detected_multimodality","neither test rejects in any seed",3,0,0,0,1,0.471508481513484
"historical_80_20_ward_k50",4,400818,"CD57",1000,"no_detected_multimodality","neither test rejects in any seed",3,0,0,0,0.99793619035804,0.513256628314157
"historical_80_20_ward_k50",4,400818,"CD57",5000,"ambiguous","discordant_tests",3,0,0,3,1,0
"historical_80_20_ward_k50",4,400818,"Tbet",1000,"no_detected_multimodality","neither test rejects in any seed",3,0,0,0,0.99793619035804,0.570660330165083
"historical_80_20_ward_k50",4,400818,"Tbet",5000,"no_detected_multimodality","neither test rejects in any seed",3,0,0,0,1,0.124262131065533
"historical_80_20_ward_k50",5,374114,"CD11c",1000,"ambiguous","borderline_q",3,0,0,0,1,0.0756378189094547
"historical_80_20_ward_k50",5,374114,"CD11c",5000,"no_detected_multimodality","neither test rejects in any seed",3,0,0,0,1,0.654327163581791
"historical_80_20_ward_k50",5,374114,"CD16",1000,"detected_multimodality","both tests reject in at least two seeds",3,3,3,3,0,0
"historical_80_20_ward_k50",5,374114,"CD16",5000,"detected_multimodality","both tests reject in at least two seeds",3,3,3,3,0,0
"historical_80_20_ward_k50",5,374114,"CD3",1000,"detected_multimodality","both tests reject in at least two seeds",3,3,3,3,0,0
"historical_80_20_ward_k50",5,374114,"CD3",5000,"detected_multimodality","both tests reject in at least two seeds",3,3,3,3,0,0
"historical_80_20_ward_k50",5,374114,"CD45RA",1000,"no_detected_multimodality","neither test rejects in any seed",3,0,0,0,1,0.628064032016008
"historical_80_20_ward_k50",5,374114,"CD45RA",5000,"no_detected_multimodality","neither test rejects in any seed",3,0,0,0,1,0.815172292028367
"historical_80_20_ward_k50",5,374114,"CD56",1000,"no_detected_multimodality","neither test rejects in any seed",3,0,0,0,1,0.264132066033017
"historical_80_20_ward_k50",5,374114,"CD56",5000,"ambiguous","discordant_tests",3,0,0,3,0.199288436937007,0
"historical_80_20_ward_k50",5,374114,"CD57",1000,"detected_multimodality","both tests reject in at least two seeds",3,3,3,3,0,0
"historical_80_20_ward_k50",5,374114,"CD57",5000,"detected_multimodality","both tests reject in at least two seeds",3,3,3,3,0,0
"historical_80_20_ward_k50",5,374114,"TCRgd_CD141",1000,"no_detected_multimodality","neither test rejects in any seed",3,0,0,0,1,0.104194954620167
"historical_80_20_ward_k50",5,374114,"TCRgd_CD141",5000,"no_detected_multimodality","neither test rejects in any seed",3,0,0,0,1,0.506503251625813
"historical_80_20_ward_k50",6,579267,"CD16",1000,"no_detected_multimodality","neither test rejects in any seed",3,0,0,0,0.999864744079255,0.826484670906882
"historical_80_20_ward_k50",6,579267,"CD16",5000,"no_detected_multimodality","neither test rejects in any seed",3,0,0,0,1,0.744293199231195
"historical_80_20_ward_k50",6,579267,"CD161",1000,"no_detected_multimodality","neither test rejects in any seed",3,0,0,0,0.999864744079255,0.826484670906882
"historical_80_20_ward_k50",6,579267,"CD161",5000,"no_detected_multimodality","neither test rejects in any seed",3,0,0,0,1,0.507628814407204
"historical_80_20_ward_k50",6,579267,"CD1c",1000,"no_detected_multimodality","neither test rejects in any seed",3,0,0,0,0.999864744079255,0.826484670906882
"historical_80_20_ward_k50",6,579267,"CD1c",5000,"no_detected_multimodality","neither test rejects in any seed",3,0,0,0,1,0.382691345672836
"historical_80_20_ward_k50",6,579267,"CD21",1000,"no_detected_multimodality","neither test rejects in any seed",3,0,0,0,0.999864744079255,0.826484670906882
"historical_80_20_ward_k50",6,579267,"CD21",5000,"no_detected_multimodality","neither test rejects in any seed",3,0,0,0,1,0.451125562781391
"historical_80_20_ward_k50",6,579267,"CD25",1000,"no_detected_multimodality","neither test rejects in any seed",3,0,0,0,0.999864744079255,0.826484670906882
"historical_80_20_ward_k50",6,579267,"CD25",5000,"no_detected_multimodality","neither test rejects in any seed",3,0,0,0,1,0.455177588794397
"historical_80_20_ward_k50",6,579267,"CD56",1000,"ambiguous","discordant_tests",3,0,0,3,0.257795080721387,0
"historical_80_20_ward_k50",6,579267,"CD56",5000,"detected_multimodality","both tests reject in at least two seeds",3,3,3,3,0,0
"historical_80_20_ward_k50",7,539001,"CD11c",1000,"ambiguous","borderline_q",3,0,0,0,0.999172453234049,0.0945472736368184
"historical_80_20_ward_k50",7,539001,"CD11c",5000,"ambiguous","discordant_tests;seed_instability",3,0,0,1,0.285578558191563,0.00270135067533767
"historical_80_20_ward_k50",7,539001,"CD159c_NKG2C",1000,"ambiguous","discordant_tests;seed_instability;borderline_q",3,0,0,1,0.280701567042634,0
"historical_80_20_ward_k50",7,539001,"CD159c_NKG2C",5000,"detected_multimodality","both tests reject in at least two seeds",3,3,3,3,0,0
"historical_80_20_ward_k50",7,539001,"CD16",1000,"no_detected_multimodality","neither test rejects in any seed",3,0,0,0,0.999172453234049,0.135067533766883
"historical_80_20_ward_k50",7,539001,"CD16",5000,"ambiguous","discordant_tests;seed_instability",3,1,1,3,0.0427692151731574,0
"historical_80_20_ward_k50",7,539001,"CD19",1000,"no_detected_multimodality","neither test rejects in any seed",3,0,0,0,0.999172453234049,0.933966983491746
"historical_80_20_ward_k50",7,539001,"CD19",5000,"no_detected_multimodality","neither test rejects in any seed",3,0,0,0,0.999193607635638,0.535767883941971
"historical_80_20_ward_k50",7,539001,"CD38",1000,"no_detected_multimodality","neither test rejects in any seed",3,0,0,0,0.999172453234049,0.933966983491746
"historical_80_20_ward_k50",7,539001,"CD38",5000,"no_detected_multimodality","neither test rejects in any seed",3,0,0,0,0.999193607635638,0.337668834417209
"historical_80_20_ward_k50",7,539001,"CD57",1000,"no_detected_multimodality","neither test rejects in any seed",3,0,0,0,0.999172453234049,0.463731865932967
"historical_80_20_ward_k50",7,539001,"CD57",5000,"ambiguous","borderline_q",3,0,0,0,0.999193607635638,0.0990495247623812
"historical_80_20_ward_k50",7,539001,"CD7",1000,"no_detected_multimodality","neither test rejects in any seed",3,0,0,0,0.999172453234049,0.756378189094547
"historical_80_20_ward_k50",7,539001,"CD7",5000,"no_detected_multimodality","neither test rejects in any seed",3,0,0,0,0.999193607635638,0.827028899064917
"historical_80_20_ward_k50",8,339294,"CD159c_NKG2C",1000,"ambiguous","borderline_q",3,0,0,0,0.996766908960733,0.0855427713856929
"historical_80_20_ward_k50",8,339294,"CD159c_NKG2C",5000,"detected_multimodality","both tests reject in at least two seeds",3,2,2,3,0.00100963708075197,0
"historical_80_20_ward_k50",8,339294,"CD56",1000,"ambiguous","discordant_tests",3,0,0,3,0.10283651068571,0
"historical_80_20_ward_k50",8,339294,"CD56",5000,"detected_multimodality","both tests reject in at least two seeds",3,3,3,3,0,0
"historical_80_20_ward_k50",8,339294,"CD57",1000,"detected_multimodality","both tests reject in at least two seeds",3,3,3,3,0,0
"historical_80_20_ward_k50",8,339294,"CD57",5000,"detected_multimodality","both tests reject in at least two seeds",3,3,3,3,0,0
"historical_80_20_ward_k50",8,339294,"CD8",1000,"no_detected_multimodality","neither test rejects in any seed",3,0,0,0,0.996766908960733,0.32223254484385
"historical_80_20_ward_k50",8,339294,"CD8",5000,"no_detected_multimodality","neither test rejects in any seed",3,0,0,0,1,0.398449224612306
"historical_80_20_ward_k50",9,936977,"CD11c",1000,"no_detected_multimodality","neither test rejects in any seed",3,0,0,0,0.998608524978937,0.772821193205298
"historical_80_20_ward_k50",9,936977,"CD11c",5000,"no_detected_multimodality","neither test rejects in any seed",3,0,0,0,1,0.118859429714857
"historical_80_20_ward_k50",9,936977,"CD159c_NKG2C",1000,"no_detected_multimodality","neither test rejects in any seed",3,0,0,0,0.998608524978937,0.570660330165083
"historical_80_20_ward_k50",9,936977,"CD159c_NKG2C",5000,"ambiguous","borderline_q",3,0,0,0,1,0.0641570785392696
"historical_80_20_ward_k50",9,936977,"CD4",1000,"no_detected_multimodality","neither test rejects in any seed",3,0,0,0,0.998608524978937,0.586193096548274
"historical_80_20_ward_k50",9,936977,"CD4",5000,"no_detected_multimodality","neither test rejects in any seed",3,0,0,0,1,0.482384049167441
"historical_80_20_ward_k50",9,936977,"CD45RA",1000,"detected_multimodality","both tests reject in at least two seeds",3,3,3,3,1.35569871633767e-05,0
"historical_80_20_ward_k50",9,936977,"CD45RA",5000,"detected_multimodality","both tests reject in at least two seeds",3,3,3,3,0,0
"historical_80_20_ward_k50",9,936977,"CD56",1000,"detected_multimodality","both tests reject in at least two seeds",3,3,3,3,0,0
"historical_80_20_ward_k50",9,936977,"CD56",5000,"detected_multimodality","both tests reject in at least two seeds",3,3,3,3,0,0
"historical_80_20_ward_k50",9,936977,"FoxP3",1000,"no_detected_multimodality","neither test rejects in any seed",3,0,0,0,0.998608524978937,0.938469234617309
"historical_80_20_ward_k50",9,936977,"FoxP3",5000,"no_detected_multimodality","neither test rejects in any seed",3,0,0,0,1,0.645868388739824
"historical_80_20_ward_k50",10,312858,"CD11c",1000,"ambiguous","discordant_tests;seed_instability;borderline_q",3,1,1,2,0.00292095489210578,0
"historical_80_20_ward_k50",10,312858,"CD11c",5000,"detected_multimodality","both tests reject in at least two seeds",3,3,3,3,0,0
"historical_80_20_ward_k50",10,312858,"CD16",1000,"detected_multimodality","both tests reject in at least two seeds",3,3,3,3,0,0
"historical_80_20_ward_k50",10,312858,"CD16",5000,"detected_multimodality","both tests reject in at least two seeds",3,3,3,3,0,0
"historical_80_20_ward_k50",10,312858,"CD19",1000,"no_detected_multimodality","neither test rejects in any seed",3,0,0,0,0.997564290954025,0.467333666833417
"historical_80_20_ward_k50",10,312858,"CD19",5000,"no_detected_multimodality","neither test rejects in any seed",3,0,0,0,1,0.820696062316873
"historical_80_20_ward_k50",10,312858,"CD27",1000,"no_detected_multimodality","neither test rejects in any seed",3,0,0,0,0.997564290954025,0.535205102551276
"historical_80_20_ward_k50",10,312858,"CD27",5000,"no_detected_multimodality","neither test rejects in any seed",3,0,0,0,1,0.1659401129136
"historical_80_20_ward_k50",10,312858,"CD294_CRTH2",1000,"no_detected_multimodality","neither test rejects in any seed",3,0,0,0,0.997564290954025,0.385907239333953
"historical_80_20_ward_k50",10,312858,"CD294_CRTH2",5000,"no_detected_multimodality","neither test rejects in any seed",3,0,0,0,1,0.494347173586793
"historical_80_20_ward_k50",10,312858,"CD3",1000,"detected_multimodality","both tests reject in at least two seeds",3,3,3,3,0,0
"historical_80_20_ward_k50",10,312858,"CD3",5000,"detected_multimodality","both tests reject in at least two seeds",3,3,3,3,0,0
"historical_80_20_ward_k50",10,312858,"CD4",1000,"ambiguous","borderline_q",3,0,0,0,0.997564290954025,0.0864432216108054
"historical_80_20_ward_k50",10,312858,"CD4",5000,"detected_multimodality","both tests reject in at least two seeds",3,3,3,3,0.011579918725189,0
"historical_80_20_ward_k50",10,312858,"CD56",1000,"detected_multimodality","both tests reject in at least two seeds",3,3,3,3,0,0
"historical_80_20_ward_k50",10,312858,"CD56",5000,"detected_multimodality","both tests reject in at least two seeds",3,3,3,3,0,0
"historical_80_20_ward_k50",10,312858,"CD7",1000,"no_detected_multimodality","neither test rejects in any seed",3,0,0,0,0.997564290954025,0.535205102551276
"historical_80_20_ward_k50",10,312858,"CD7",5000,"ambiguous","discordant_tests;seed_instability;borderline_q",3,0,0,1,1,0.040520260130065
"historical_80_20_ward_k50",10,312858,"HLA-DR",1000,"no_detected_multimodality","neither test rejects in any seed",3,0,0,0,0.997564290954025,0.873616808404202
"historical_80_20_ward_k50",10,312858,"HLA-DR",5000,"no_detected_multimodality","neither test rejects in any seed",3,0,0,0,1,0.596375110632239
"historical_80_20_ward_k50",11,656347,"CD11c",1000,"detected_multimodality","both tests reject in at least two seeds",3,3,3,3,0.000171171104140277,0
"historical_80_20_ward_k50",11,656347,"CD11c",5000,"detected_multimodality","both tests reject in at least two seeds",3,3,3,3,0,0
"historical_80_20_ward_k50",11,656347,"CD16",1000,"detected_multimodality","both tests reject in at least two seeds",3,3,3,3,0,0
"historical_80_20_ward_k50",11,656347,"CD16",5000,"detected_multimodality","both tests reject in at least two seeds",3,3,3,3,0,0
"historical_80_20_ward_k50",11,656347,"CD197_CCR7",1000,"no_detected_multimodality","neither test rejects in any seed",3,0,0,0,0.999141021809974,0.93871935967984
"historical_80_20_ward_k50",11,656347,"CD197_CCR7",5000,"ambiguous","discordant_tests;seed_instability",3,0,0,1,1,0
"historical_80_20_ward_k50",11,656347,"CD56",1000,"ambiguous","discordant_tests;seed_instability",3,1,1,3,0.0386417084512058,0
"historical_80_20_ward_k50",11,656347,"CD56",5000,"detected_multimodality","both tests reject in at least two seeds",3,3,3,3,1.38484209779577e-05,0
"historical_80_20_ward_k50",11,656347,"TCRgd_CD141",1000,"no_detected_multimodality","neither test rejects in any seed",3,0,0,0,0.999141021809974,0.676838419209605
"historical_80_20_ward_k50",11,656347,"TCRgd_CD141",5000,"no_detected_multimodality","neither test rejects in any seed",3,0,0,0,1,0.209354677338669
"historical_80_20_ward_k50",12,1290392,"CD25",1000,"no_detected_multimodality","neither test rejects in any seed",3,0,0,0,0.997512208420831,0.553776888444222
"historical_80_20_ward_k50",12,1290392,"CD25",5000,"no_detected_multimodality","neither test rejects in any seed",3,0,0,0,1,0.733416708354177
"historical_80_20_ward_k50",12,1290392,"CD27",1000,"ambiguous","discordant_tests;seed_instability;borderline_q",3,0,0,1,0.997512208420831,0.0270135067533767
"historical_80_20_ward_k50",12,1290392,"CD27",5000,"detected_multimodality","both tests reject in at least two seeds",3,2,2,3,6.35552522414984e-05,0
"historical_80_20_ward_k50",12,1290392,"CD45RA",1000,"detected_multimodality","both tests reject in at least two seeds",3,2,2,3,3.89342468065657e-05,0
"historical_80_20_ward_k50",12,1290392,"CD45RA",5000,"detected_multimodality","both tests reject in at least two seeds",3,3,3,3,0,0
"historical_80_20_ward_k50",12,1290392,"CD56",1000,"no_detected_multimodality","neither test rejects in any seed",3,0,0,0,0.997512208420831,0.208004002001001
"historical_80_20_ward_k50",12,1290392,"CD56",5000,"ambiguous","discordant_tests;seed_instability",3,0,0,2,0.540305939092138,0
"historical_80_20_ward_k50",12,1290392,"CD7",1000,"no_detected_multimodality","neither test rejects in any seed",3,0,0,0,0.997512208420831,0.281712284713785
"historical_80_20_ward_k50",12,1290392,"CD7",5000,"no_detected_multimodality","neither test rejects in any seed",3,0,0,0,1,0.151950975487744
"historical_80_20_ward_k50",13,159733,"CD159c_NKG2C",1000,"no_detected_multimodality","neither test rejects in any seed",3,0,0,0,0.99887458426911,0.665626931112615
"historical_80_20_ward_k50",13,159733,"CD159c_NKG2C",5000,"no_detected_multimodality","neither test rejects in any seed",3,0,0,0,1,0.769241763739012
"historical_80_20_ward_k50",13,159733,"CD38",1000,"ambiguous","discordant_tests",3,0,0,3,0.155814549711454,0
"historical_80_20_ward_k50",13,159733,"CD38",5000,"detected_multimodality","both tests reject in at least two seeds",3,3,3,3,0,0
"historical_80_20_ward_k50",13,159733,"CD45RA",1000,"ambiguous","discordant_tests;seed_instability",3,0,0,1,0.99887458426911,0
"historical_80_20_ward_k50",13,159733,"CD45RA",5000,"ambiguous","discordant_tests",3,0,0,3,0.680143385059504,0
"historical_80_20_ward_k50",13,159733,"CD57",1000,"no_detected_multimodality","neither test rejects in any seed",3,0,0,0,0.99887458426911,0.625494565464551
"historical_80_20_ward_k50",13,159733,"CD57",5000,"no_detected_multimodality","neither test rejects in any seed",3,0,0,0,1,0.87351675837919
"historical_80_20_ward_k50",13,159733,"CD7",1000,"detected_multimodality","both tests reject in at least two seeds",3,2,2,3,0.00359488035265099,0
"historical_80_20_ward_k50",13,159733,"CD7",5000,"detected_multimodality","both tests reject in at least two seeds",3,3,3,3,0,0
"historical_80_20_ward_k50",13,159733,"CD8",1000,"ambiguous","borderline_q",3,0,0,0,0.99887458426911,0.0942971485742871
"historical_80_20_ward_k50",13,159733,"CD8",5000,"no_detected_multimodality","neither test rejects in any seed",3,0,0,0,1,0.789061197265299
"historical_80_20_ward_k50",13,159733,"FoxP3",1000,"detected_multimodality","both tests reject in at least two seeds",3,3,3,3,0,0
"historical_80_20_ward_k50",13,159733,"FoxP3",5000,"detected_multimodality","both tests reject in at least two seeds",3,3,3,3,0,0
"historical_80_20_ward_k50",14,706671,"CD161",1000,"ambiguous","discordant_tests;seed_instability;borderline_q",3,1,1,3,0.000515663618140816,0
"historical_80_20_ward_k50",14,706671,"CD161",5000,"detected_multimodality","both tests reject in at least two seeds",3,3,3,3,0,0
"historical_80_20_ward_k50",14,706671,"CD27",1000,"detected_multimodality","both tests reject in at least two seeds",3,2,2,3,0.000515663618140816,0
"historical_80_20_ward_k50",14,706671,"CD27",5000,"detected_multimodality","both tests reject in at least two seeds",3,3,3,3,0,0
"historical_80_20_ward_k50",14,706671,"CD3",1000,"no_detected_multimodality","neither test rejects in any seed",3,0,0,0,0.998069545192473,0.703476738369185
"historical_80_20_ward_k50",14,706671,"CD3",5000,"no_detected_multimodality","neither test rejects in any seed",3,0,0,0,1,0.450787893946973
"historical_80_20_ward_k50",14,706671,"CD38",1000,"no_detected_multimodality","neither test rejects in any seed",3,0,0,0,0.998069545192473,0.837418709354677
"historical_80_20_ward_k50",14,706671,"CD38",5000,"no_detected_multimodality","neither test rejects in any seed",3,0,0,0,1,0.868729819455182
"historical_80_20_ward_k50",14,706671,"CD56",1000,"ambiguous","discordant_tests;seed_instability;borderline_q",3,0,0,1,0.998069545192473,0.0202601300650325
"historical_80_20_ward_k50",14,706671,"CD56",5000,"ambiguous","discordant_tests;seed_instability",3,1,1,3,0.00819816357039937,0
"historical_80_20_ward_k50",14,706671,"CD8",1000,"detected_multimodality","both tests reject in at least two seeds",3,3,3,3,0,0
"historical_80_20_ward_k50",14,706671,"CD8",5000,"detected_multimodality","both tests reject in at least two seeds",3,3,3,3,0,0
"historical_80_20_ward_k50",14,706671,"FoxP3",1000,"no_detected_multimodality","neither test rejects in any seed",3,0,0,0,0.998069545192473,0.837418709354677
"historical_80_20_ward_k50",14,706671,"FoxP3",5000,"no_detected_multimodality","neither test rejects in any seed",3,0,0,0,1,0.868729819455182
"historical_80_20_ward_k50",14,706671,"Tbet",1000,"no_detected_multimodality","neither test rejects in any seed",3,0,0,0,0.998069545192473,0.616808404202101
"historical_80_20_ward_k50",14,706671,"Tbet",5000,"no_detected_multimodality","neither test rejects in any seed",3,0,0,0,1,0.891965213375919
"historical_80_20_ward_k50",15,748192,"CD27",1000,"detected_multimodality","both tests reject in at least two seeds",3,3,3,3,0,0
"historical_80_20_ward_k50",15,748192,"CD27",5000,"detected_multimodality","both tests reject in at least two seeds",3,3,3,3,0,0
"historical_80_20_ward_k50",15,748192,"CD294_CRTH2",1000,"no_detected_multimodality","neither test rejects in any seed",3,0,0,0,1,0.887922221980555
"historical_80_20_ward_k50",15,748192,"CD294_CRTH2",5000,"no_detected_multimodality","neither test rejects in any seed",3,0,0,0,1,0.513256628314157
"historical_80_20_ward_k50",16,703126,"CD127",1000,"no_detected_multimodality","neither test rejects in any seed",3,0,0,0,0.997407567000289,0.312343671835918
"historical_80_20_ward_k50",16,703126,"CD127",5000,"ambiguous","discordant_tests",3,0,0,3,0.338927898601505,0
"historical_80_20_ward_k50",16,703126,"CD159c_NKG2C",1000,"no_detected_multimodality","neither test rejects in any seed",3,0,0,0,0.997407567000289,0.406553276638319
"historical_80_20_ward_k50",16,703126,"CD159c_NKG2C",5000,"ambiguous","discordant_tests;seed_instability;borderline_q",3,0,0,1,0.365760251610541,0
"historical_80_20_ward_k50",16,703126,"CD16",1000,"detected_multimodality","both tests reject in at least two seeds",3,3,3,3,0.000106681069441339,0
"historical_80_20_ward_k50",16,703126,"CD16",5000,"detected_multimodality","both tests reject in at least two seeds",3,3,3,3,0,0
"historical_80_20_ward_k50",16,703126,"CD161",1000,"no_detected_multimodality","neither test rejects in any seed",3,0,0,0,0.997407567000289,0.732178589294647
"historical_80_20_ward_k50",16,703126,"CD161",5000,"no_detected_multimodality","neither test rejects in any seed",3,0,0,0,0.998073870294112,0.344422211105553
"historical_80_20_ward_k50",16,703126,"CD185_CXCR5",1000,"ambiguous","discordant_tests;seed_instability;borderline_q",3,0,0,1,0.997407567000289,0.0168834417208604
"historical_80_20_ward_k50",16,703126,"CD185_CXCR5",5000,"detected_multimodality","both tests reject in at least two seeds",3,2,2,3,0.0283194869490137,0
"historical_80_20_ward_k50",16,703126,"CD21",1000,"ambiguous","discordant_tests;seed_instability",3,1,1,3,0.0187960253508974,0
"historical_80_20_ward_k50",16,703126,"CD21",5000,"detected_multimodality","both tests reject in at least two seeds",3,3,3,3,0,0
"historical_80_20_ward_k50",16,703126,"CD25",1000,"no_detected_multimodality","neither test rejects in any seed",3,0,0,0,0.997407567000289,0.24312156078039
"historical_80_20_ward_k50",16,703126,"CD25",5000,"ambiguous","discordant_tests",3,0,0,3,0.998073870294112,0
"historical_80_20_ward_k50",16,703126,"CD27",1000,"no_detected_multimodality","neither test rejects in any seed",3,0,0,0,0.997407567000289,0.732178589294647
"historical_80_20_ward_k50",16,703126,"CD27",5000,"ambiguous","discordant_tests",3,0,0,3,0.595903413918729,0
"historical_80_20_ward_k50",16,703126,"CD3",1000,"no_detected_multimodality","neither test rejects in any seed",3,0,0,0,0.997407567000289,0.202601300650325
"historical_80_20_ward_k50",16,703126,"CD3",5000,"ambiguous","discordant_tests",3,0,0,3,0.244149162356646,0
"historical_80_20_ward_k50",16,703126,"CD38",1000,"ambiguous","discordant_tests;seed_instability",3,0,0,2,0.997407567000289,0.00450225112556278
"historical_80_20_ward_k50",16,703126,"CD38",5000,"detected_multimodality","both tests reject in at least two seeds",3,2,2,3,0.00162289701665919,0
"historical_80_20_ward_k50",16,703126,"CD45RA",1000,"ambiguous","discordant_tests;seed_instability;borderline_q",3,0,0,2,0.535959035346169,0
"historical_80_20_ward_k50",16,703126,"CD45RA",5000,"ambiguous","discordant_tests;borderline_q",3,0,0,3,0.0915919951772663,0
"historical_80_20_ward_k50",16,703126,"CD57",1000,"ambiguous","borderline_q",3,0,0,0,0.997407567000289,0.0999499749874938
"historical_80_20_ward_k50",16,703126,"CD57",5000,"no_detected_multimodality","neither test rejects in any seed",3,0,0,0,0.998073870294112,0.701810905452726
"historical_80_20_ward_k50",17,184201,"CD127",1000,"no_detected_multimodality","neither test rejects in any seed",3,0,0,0,0.999167045957743,0.604427213606803
"historical_80_20_ward_k50",17,184201,"CD127",5000,"no_detected_multimodality","neither test rejects in any seed",3,0,0,0,1,0.692446223111556
"historical_80_20_ward_k50",17,184201,"CD161",1000,"no_detected_multimodality","neither test rejects in any seed",3,0,0,0,0.999167045957743,0.256628314157079
"historical_80_20_ward_k50",17,184201,"CD161",5000,"ambiguous","borderline_q",3,0,0,0,1,0.0562781390695348
"historical_80_20_ward_k50",17,184201,"CD19",1000,"no_detected_multimodality","neither test rejects in any seed",3,0,0,0,0.999167045957743,0.604427213606803
"historical_80_20_ward_k50",17,184201,"CD19",5000,"ambiguous","discordant_tests",3,0,0,3,1,0
"historical_80_20_ward_k50",17,184201,"CD27",1000,"detected_multimodality","both tests reject in at least two seeds",3,2,2,2,0,0
"historical_80_20_ward_k50",17,184201,"CD27",5000,"detected_multimodality","both tests reject in at least two seeds",3,3,3,3,0,0
"historical_80_20_ward_k50",17,184201,"CD294_CRTH2",1000,"no_detected_multimodality","neither test rejects in any seed",3,0,0,0,0.999167045957743,0.67983991995998
"historical_80_20_ward_k50",17,184201,"CD294_CRTH2",5000,"no_detected_multimodality","neither test rejects in any seed",3,0,0,0,1,0.857003501750876
"historical_80_20_ward_k50",17,184201,"CD303_TCRvd2",1000,"no_detected_multimodality","neither test rejects in any seed",3,0,0,0,0.999167045957743,0.373686843421711
"historical_80_20_ward_k50",17,184201,"CD303_TCRvd2",5000,"ambiguous","discordant_tests",3,0,0,3,1,0
"historical_80_20_ward_k50",17,184201,"CD4",1000,"ambiguous","discordant_tests",3,0,0,3,0.999167045957743,0
"historical_80_20_ward_k50",17,184201,"CD4",5000,"detected_multimodality","both tests reject in at least two seeds",3,3,3,3,0,0
"historical_80_20_ward_k50",17,184201,"CD56",1000,"no_detected_multimodality","neither test rejects in any seed",3,0,0,0,0.999167045957743,0.616399108645232
"historical_80_20_ward_k50",17,184201,"CD56",5000,"no_detected_multimodality","neither test rejects in any seed",3,0,0,0,1,0.792677588794397
"historical_80_20_ward_k50",17,184201,"CD7",1000,"no_detected_multimodality","neither test rejects in any seed",3,0,0,0,0.999167045957743,0.686914886014436
"historical_80_20_ward_k50",17,184201,"CD7",5000,"no_detected_multimodality","neither test rejects in any seed",3,0,0,0,1,0.525262631315658
"historical_80_20_ward_k50",18,1792139,"CD127",1000,"ambiguous","borderline_q",3,0,0,0,0.998715326259641,0.0810405202601301
"historical_80_20_ward_k50",18,1792139,"CD127",5000,"ambiguous","discordant_tests",3,0,0,3,0.778004963834548,0.0135067533766883
"historical_80_20_ward_k50",18,1792139,"CD185_CXCR5",1000,"no_detected_multimodality","neither test rejects in any seed",3,0,0,0,0.998715326259641,0.663058802128337
"historical_80_20_ward_k50",18,1792139,"CD185_CXCR5",5000,"no_detected_multimodality","neither test rejects in any seed",3,0,0,0,1,0.933387746504831
"historical_80_20_ward_k50",18,1792139,"CD27",1000,"ambiguous","discordant_tests;seed_instability;borderline_q",3,0,0,2,0.516483460351512,0
"historical_80_20_ward_k50",18,1792139,"CD27",5000,"detected_multimodality","both tests reject in at least two seeds",3,3,3,3,0,0
"historical_80_20_ward_k50",18,1792139,"CD3",1000,"no_detected_multimodality","neither test rejects in any seed",3,0,0,0,0.998715326259641,0.407903951975988
"historical_80_20_ward_k50",18,1792139,"CD3",5000,"no_detected_multimodality","neither test rejects in any seed",3,0,0,0,1,0.332266133066533
"historical_80_20_ward_k50",19,167693,"CD11c",1000,"no_detected_multimodality","neither test rejects in any seed",3,0,0,0,0.999495734517731,0.143171585792896
"historical_80_20_ward_k50",19,167693,"CD11c",5000,"no_detected_multimodality","neither test rejects in any seed",3,0,0,0,1,0.572195188503343
"historical_80_20_ward_k50",19,167693,"CD159c_NKG2C",1000,"ambiguous","discordant_tests;seed_instability",3,0,0,1,0.999495734517731,0.00450225112556278
"historical_80_20_ward_k50",19,167693,"CD159c_NKG2C",5000,"ambiguous","discordant_tests;seed_instability",3,1,1,3,0.00446217443513719,0
"historical_80_20_ward_k50",19,167693,"CD16",1000,"no_detected_multimodality","neither test rejects in any seed",3,0,0,0,0.999495734517731,0.11255627813907
"historical_80_20_ward_k50",19,167693,"CD16",5000,"ambiguous","discordant_tests;seed_instability",3,1,1,3,0.00370765346283675,0
"historical_80_20_ward_k50",19,167693,"CD21",1000,"no_detected_multimodality","neither test rejects in any seed",3,0,0,0,0.999495734517731,0.259329664832416
"historical_80_20_ward_k50",19,167693,"CD21",5000,"no_detected_multimodality","neither test rejects in any seed",3,0,0,0,1,0.31572036018009
"historical_80_20_ward_k50",19,167693,"CD27",1000,"ambiguous","discordant_tests;seed_instability",3,0,0,1,0.999495734517731,0.0472736368184092
"historical_80_20_ward_k50",19,167693,"CD27",5000,"no_detected_multimodality","neither test rejects in any seed",3,0,0,0,1,0.572195188503343
"historical_80_20_ward_k50",19,167693,"CD4",1000,"no_detected_multimodality","neither test rejects in any seed",3,0,0,0,0.999495734517731,0.490745372686343
"historical_80_20_ward_k50",19,167693,"CD4",5000,"no_detected_multimodality","neither test rejects in any seed",3,0,0,0,1,0.585985300342479
"historical_80_20_ward_k50",19,167693,"CD56",1000,"ambiguous","discordant_tests;seed_instability",3,0,0,2,0.999495734517731,0
"historical_80_20_ward_k50",19,167693,"CD56",5000,"detected_multimodality","both tests reject in at least two seeds",3,3,3,3,0.000122702184298107,0
"historical_80_20_ward_k50",19,167693,"CD57",1000,"detected_multimodality","both tests reject in at least two seeds",3,3,3,3,0,0
"historical_80_20_ward_k50",19,167693,"CD57",5000,"detected_multimodality","both tests reject in at least two seeds",3,3,3,3,0,0
"historical_80_20_ward_k50",20,29062,"CD11c",1000,"ambiguous","discordant_tests;seed_instability",3,0,0,1,0.99896667051286,0.0264632316158079
"historical_80_20_ward_k50",20,29062,"CD11c",5000,"ambiguous","discordant_tests;seed_instability;borderline_q",3,0,0,2,0.997566685150068,0.0260130065032516
"historical_80_20_ward_k50",20,29062,"CD127",1000,"detected_multimodality","both tests reject in at least two seeds",3,3,3,3,0,0
"historical_80_20_ward_k50",20,29062,"CD127",5000,"detected_multimodality","both tests reject in at least two seeds",3,3,3,3,0,0
"historical_80_20_ward_k50",20,29062,"CD159c_NKG2C",1000,"detected_multimodality","both tests reject in at least two seeds",3,3,3,3,0,0
"historical_80_20_ward_k50",20,29062,"CD159c_NKG2C",5000,"detected_multimodality","both tests reject in at least two seeds",3,3,3,3,0,0
"historical_80_20_ward_k50",20,29062,"CD16",1000,"no_detected_multimodality","neither test rejects in any seed",3,0,0,0,0.99896667051286,0.668334167083542
"historical_80_20_ward_k50",20,29062,"CD16",5000,"no_detected_multimodality","neither test rejects in any seed",3,0,0,0,0.997566685150068,0.23831915957979
"historical_80_20_ward_k50",20,29062,"CD161",1000,"detected_multimodality","both tests reject in at least two seeds",3,3,3,3,3.20217224336616e-05,0
"historical_80_20_ward_k50",20,29062,"CD161",5000,"detected_multimodality","both tests reject in at least two seeds",3,3,3,3,0,0
"historical_80_20_ward_k50",20,29062,"CD19",1000,"detected_multimodality","both tests reject in at least two seeds",3,3,3,3,0.000188020497931929,0
"historical_80_20_ward_k50",20,29062,"CD19",5000,"detected_multimodality","both tests reject in at least two seeds",3,3,3,3,0,0
"historical_80_20_ward_k50",20,29062,"CD1c",1000,"no_detected_multimodality","neither test rejects in any seed",3,0,0,0,0.99896667051286,0.391052669191739
"historical_80_20_ward_k50",20,29062,"CD1c",5000,"no_detected_multimodality","neither test rejects in any seed",3,0,0,0,0.997566685150068,0.149721919783421
"historical_80_20_ward_k50",20,29062,"CD25",1000,"no_detected_multimodality","neither test rejects in any seed",3,0,0,0,0.99896667051286,0.849224612306153
"historical_80_20_ward_k50",20,29062,"CD25",5000,"no_detected_multimodality","neither test rejects in any seed",3,0,0,0,0.997566685150068,0.386478953762596
"historical_80_20_ward_k50",20,29062,"CD27",1000,"detected_multimodality","both tests reject in at least two seeds",3,3,3,3,0,0
"historical_80_20_ward_k50",20,29062,"CD27",5000,"detected_multimodality","both tests reject in at least two seeds",3,3,3,3,0,0
"historical_80_20_ward_k50",20,29062,"CD294_CRTH2",1000,"detected_multimodality","both tests reject in at least two seeds",3,3,3,3,0,0
"historical_80_20_ward_k50",20,29062,"CD294_CRTH2",5000,"detected_multimodality","both tests reject in at least two seeds",3,3,3,3,0,0
"historical_80_20_ward_k50",20,29062,"CD3",1000,"ambiguous","discordant_tests;seed_instability;borderline_q",3,0,0,1,0.99896667051286,0.0191762547940637
"historical_80_20_ward_k50",20,29062,"CD3",5000,"ambiguous","discordant_tests;seed_instability;borderline_q",3,1,1,3,0.0464601260911472,0
"historical_80_20_ward_k50",20,29062,"CD4",1000,"no_detected_multimodality","neither test rejects in any seed",3,0,0,0,0.99896667051286,0.885942971485743
"historical_80_20_ward_k50",20,29062,"CD4",5000,"ambiguous","borderline_q",3,0,0,0,0.997566685150068,0.0990495247623812
"historical_80_20_ward_k50",20,29062,"CD45RA",1000,"ambiguous","discordant_tests;borderline_q",3,0,0,3,0.0890870497125456,0
"historical_80_20_ward_k50",20,29062,"CD45RA",5000,"detected_multimodality","both tests reject in at least two seeds",3,3,3,3,1.28176298795542e-05,0
"historical_80_20_ward_k50",20,29062,"CD56",1000,"ambiguous","discordant_tests;borderline_q",3,0,0,3,0.0892499715329684,0
"historical_80_20_ward_k50",20,29062,"CD56",5000,"detected_multimodality","both tests reject in at least two seeds",3,3,3,3,0,0
"historical_80_20_ward_k50",20,29062,"TCRgd_CD141",1000,"no_detected_multimodality","neither test rejects in any seed",3,0,0,0,0.99896667051286,0.391052669191739
"historical_80_20_ward_k50",20,29062,"TCRgd_CD141",5000,"ambiguous","discordant_tests;seed_instability;borderline_q",3,0,0,2,0.747301914638629,0.00200100050025012
"historical_80_20_ward_k50",21,199766,"CD11c",1000,"no_detected_multimodality","neither test rejects in any seed",3,0,0,0,0.997952191328373,0.82616308154077
"historical_80_20_ward_k50",21,199766,"CD11c",5000,"ambiguous","discordant_tests;seed_instability",3,0,0,1,1,0.0202601300650325
"historical_80_20_ward_k50",21,199766,"CD56",1000,"detected_multimodality","both tests reject in at least two seeds",3,3,3,3,0,0
"historical_80_20_ward_k50",21,199766,"CD56",5000,"detected_multimodality","both tests reject in at least two seeds",3,3,3,3,0,0
"historical_80_20_ward_k50",22,942694,"CD27",1000,"detected_multimodality","both tests reject in at least two seeds",3,3,3,3,0,0
"historical_80_20_ward_k50",22,942694,"CD27",5000,"detected_multimodality","both tests reject in at least two seeds",3,3,3,3,0,0
"historical_80_20_ward_k50",22,942694,"CD7",1000,"ambiguous","borderline_q",3,0,0,0,1,0.0877938969484742
"historical_80_20_ward_k50",22,942694,"CD7",5000,"ambiguous","discordant_tests;seed_instability",3,0,0,2,0.912034580840831,0
"historical_80_20_ward_k50",22,942694,"Tbet",1000,"no_detected_multimodality","neither test rejects in any seed",3,0,0,0,1,0.198099049524762
"historical_80_20_ward_k50",22,942694,"Tbet",5000,"no_detected_multimodality","neither test rejects in any seed",3,0,0,0,1,0.383977703137283
"historical_80_20_ward_k50",22,942694,"TCRgd_CD141",1000,"no_detected_multimodality","neither test rejects in any seed",3,0,0,0,1,0.892571285642821
"historical_80_20_ward_k50",22,942694,"TCRgd_CD141",5000,"no_detected_multimodality","neither test rejects in any seed",3,0,0,0,1,0.747373686843422
"historical_80_20_ward_k50",23,179350,"CD11c",1000,"detected_multimodality","both tests reject in at least two seeds",3,2,2,3,7.69146640183238e-05,0
"historical_80_20_ward_k50",23,179350,"CD11c",5000,"detected_multimodality","both tests reject in at least two seeds",3,3,3,3,0,0
"historical_80_20_ward_k50",23,179350,"CD19",1000,"ambiguous","discordant_tests;seed_instability",3,0,0,2,0.998895099032569,0.0270135067533767
"historical_80_20_ward_k50",23,179350,"CD19",5000,"detected_multimodality","both tests reject in at least two seeds",3,3,3,3,0.000463557551736965,0
"historical_80_20_ward_k50",23,179350,"CD1c",1000,"ambiguous","discordant_tests",3,0,0,3,0.244972620315795,0
"historical_80_20_ward_k50",23,179350,"CD1c",5000,"detected_multimodality","both tests reject in at least two seeds",3,3,3,3,0.000109431177790886,0
"historical_80_20_ward_k50",23,179350,"CD25",1000,"no_detected_multimodality","neither test rejects in any seed",3,0,0,0,0.998895099032569,0.128314157078539
"historical_80_20_ward_k50",23,179350,"CD25",5000,"ambiguous","discordant_tests;borderline_q",3,0,0,3,0.0598599426716029,0
"historical_80_20_ward_k50",23,179350,"CD3",1000,"no_detected_multimodality","neither test rejects in any seed",3,0,0,0,0.998895099032569,0.247623811905953
"historical_80_20_ward_k50",23,179350,"CD3",5000,"no_detected_multimodality","neither test rejects in any seed",3,0,0,0,1,0.470035017508754
"historical_80_20_ward_k50",23,179350,"CD38",1000,"no_detected_multimodality","neither test rejects in any seed",3,0,0,0,0.998895099032569,0.293546773386693
"historical_80_20_ward_k50",23,179350,"CD38",5000,"no_detected_multimodality","neither test rejects in any seed",3,0,0,0,1,0.79095547773887
"historical_80_20_ward_k50",23,179350,"CD45RA",1000,"ambiguous","borderline_q",3,0,0,0,0.998895099032569,0.0562781390695348
"historical_80_20_ward_k50",23,179350,"CD45RA",5000,"ambiguous","borderline_q",3,0,0,0,1,0.0994588203192505
"historical_80_20_ward_k50",23,179350,"CD56",1000,"ambiguous","discordant_tests",3,0,0,3,0.998895099032569,0.00540270135067534
"historical_80_20_ward_k50",23,179350,"CD56",5000,"ambiguous","discordant_tests;seed_instability;borderline_q",3,1,1,3,0.0258523218463562,0
"historical_80_20_ward_k50",23,179350,"CD57",1000,"ambiguous","borderline_q",3,0,0,0,0.998895099032569,0.0945472736368184
"historical_80_20_ward_k50",23,179350,"CD57",5000,"ambiguous","discordant_tests",3,0,0,3,0.318306907702513,0
"historical_80_20_ward_k50",23,179350,"CD7",1000,"ambiguous","borderline_q",3,0,0,0,0.998895099032569,0.0984063460301579
"historical_80_20_ward_k50",23,179350,"CD7",5000,"no_detected_multimodality","neither test rejects in any seed",3,0,0,0,1,0.27576288144072
"historical_80_20_ward_k50",23,179350,"HLA-DR",1000,"detected_multimodality","both tests reject in at least two seeds",3,3,3,3,0,0
"historical_80_20_ward_k50",23,179350,"HLA-DR",5000,"detected_multimodality","both tests reject in at least two seeds",3,3,3,3,0,0
"historical_80_20_ward_k50",23,179350,"TCRgd_CD141",1000,"ambiguous","discordant_tests;seed_instability",3,0,0,1,0.998895099032569,0.00337668834417209
"historical_80_20_ward_k50",23,179350,"TCRgd_CD141",5000,"detected_multimodality","both tests reject in at least two seeds",3,3,3,3,3.08045268773149e-05,0
"historical_80_20_ward_k50",24,250087,"CD16",1000,"no_detected_multimodality","neither test rejects in any seed",3,0,0,0,0.997077617559076,0.192471235617809
"historical_80_20_ward_k50",24,250087,"CD16",5000,"ambiguous","borderline_q",3,0,0,0,1,0.0540270135067534
"historical_80_20_ward_k50",24,250087,"CD161",1000,"ambiguous","discordant_tests;seed_instability;borderline_q",3,1,1,3,0.0305413944541144,0
"historical_80_20_ward_k50",24,250087,"CD161",5000,"detected_multimodality","both tests reject in at least two seeds",3,3,3,3,0,0
"historical_80_20_ward_k50",24,250087,"CD197_CCR7",1000,"no_detected_multimodality","neither test rejects in any seed",3,0,0,0,0.997077617559076,0.869294647323662
"historical_80_20_ward_k50",24,250087,"CD197_CCR7",5000,"no_detected_multimodality","neither test rejects in any seed",3,0,0,0,1,0.558279139569785
"historical_80_20_ward_k50",24,250087,"CD1c",1000,"no_detected_multimodality","neither test rejects in any seed",3,0,0,0,0.997077617559076,0.189094547273637
"historical_80_20_ward_k50",24,250087,"CD1c",5000,"no_detected_multimodality","neither test rejects in any seed",3,0,0,0,1,0.293771885942971
"historical_80_20_ward_k50",24,250087,"CD25",1000,"no_detected_multimodality","neither test rejects in any seed",3,0,0,0,0.997077617559076,0.691845922961481
"historical_80_20_ward_k50",24,250087,"CD25",5000,"no_detected_multimodality","neither test rejects in any seed",3,0,0,0,1,0.393625384120632
"historical_80_20_ward_k50",24,250087,"CD3",1000,"detected_multimodality","both tests reject in at least two seeds",3,3,3,3,0,0
"historical_80_20_ward_k50",24,250087,"CD3",5000,"detected_multimodality","both tests reject in at least two seeds",3,3,3,3,0,0
"historical_80_20_ward_k50",24,250087,"CD4",1000,"detected_multimodality","both tests reject in at least two seeds",3,3,3,3,0,0
"historical_80_20_ward_k50",24,250087,"CD4",5000,"detected_multimodality","both tests reject in at least two seeds",3,3,3,3,0,0
"historical_80_20_ward_k50",25,632482,"CD11c",1000,"no_detected_multimodality","neither test rejects in any seed",3,0,0,0,0.999548391177237,0.54195847923962
"historical_80_20_ward_k50",25,632482,"CD11c",5000,"no_detected_multimodality","neither test rejects in any seed",3,0,0,0,1,0.854864932466233
"historical_80_20_ward_k50",25,632482,"CD127",1000,"ambiguous","discordant_tests;seed_instability",3,1,1,3,0.00858711985693578,0
"historical_80_20_ward_k50",25,632482,"CD127",5000,"detected_multimodality","both tests reject in at least two seeds",3,2,2,3,0.00176872309690235,0
"historical_80_20_ward_k50",25,632482,"CD27",1000,"detected_multimodality","both tests reject in at least two seeds",3,3,3,3,0.000290228383731828,0
"historical_80_20_ward_k50",25,632482,"CD27",5000,"detected_multimodality","both tests reject in at least two seeds",3,3,3,3,0,0
"historical_80_20_ward_k50",25,632482,"CD4",1000,"no_detected_multimodality","neither test rejects in any seed",3,0,0,0,0.999548391177237,0.247623811905953
"historical_80_20_ward_k50",25,632482,"CD4",5000,"no_detected_multimodality","neither test rejects in any seed",3,0,0,0,1,0.663058802128337
"historical_80_20_ward_k50",25,632482,"CD45RA",1000,"no_detected_multimodality","neither test rejects in any seed",3,0,0,0,0.999548391177237,0.833864300571338
"historical_80_20_ward_k50",25,632482,"CD45RA",5000,"no_detected_multimodality","neither test rejects in any seed",3,0,0,0,1,0.736568284142071
"historical_80_20_ward_k50",25,632482,"CD56",1000,"no_detected_multimodality","neither test rejects in any seed",3,0,0,0,0.999548391177237,0.833864300571338
"historical_80_20_ward_k50",25,632482,"CD56",5000,"no_detected_multimodality","neither test rejects in any seed",3,0,0,0,1,0.663058802128337
"historical_80_20_ward_k50",25,632482,"Tbet",1000,"ambiguous","discordant_tests;seed_instability",3,0,0,2,0.232757692560456,0
"historical_80_20_ward_k50",25,632482,"Tbet",5000,"detected_multimodality","both tests reject in at least two seeds",3,2,2,3,7.26098992631652e-05,0
"historical_80_20_ward_k50",26,407233,"CD303_TCRvd2",1000,"no_detected_multimodality","neither test rejects in any seed",3,0,0,0,0.998357321878321,0.675337668834417
"historical_80_20_ward_k50",26,407233,"CD303_TCRvd2",5000,"no_detected_multimodality","neither test rejects in any seed",3,0,0,0,1,0.640820410205102
"historical_80_20_ward_k50",27,402265,"CD127",1000,"ambiguous","discordant_tests;seed_instability",3,0,0,1,0.709779847482128,0
"historical_80_20_ward_k50",27,402265,"CD127",5000,"ambiguous","discordant_tests;seed_instability",3,0,0,2,0.695630999554858,0
"historical_80_20_ward_k50",27,402265,"CD185_CXCR5",1000,"no_detected_multimodality","neither test rejects in any seed",3,0,0,0,0.999845594379458,0.913731865932967
"historical_80_20_ward_k50",27,402265,"CD185_CXCR5",5000,"no_detected_multimodality","neither test rejects in any seed",3,0,0,0,1,0.927810058875592
"historical_80_20_ward_k50",27,402265,"CD27",1000,"detected_multimodality","both tests reject in at least two seeds",3,2,2,3,0.00775044594553731,0
"historical_80_20_ward_k50",27,402265,"CD27",5000,"detected_multimodality","both tests reject in at least two seeds",3,3,3,3,0,0
"historical_80_20_ward_k50",27,402265,"CD3",1000,"no_detected_multimodality","neither test rejects in any seed",3,0,0,0,0.999845594379458,0.619622311155578
"historical_80_20_ward_k50",27,402265,"CD3",5000,"no_detected_multimodality","neither test rejects in any seed",3,0,0,0,1,0.565032516258129
"historical_80_20_ward_k50",27,402265,"CD45RA",1000,"detected_multimodality","both tests reject in at least two seeds",3,3,3,3,0,0
"historical_80_20_ward_k50",27,402265,"CD45RA",5000,"detected_multimodality","both tests reject in at least two seeds",3,3,3,3,0,0
"historical_80_20_ward_k50",27,402265,"CD56",1000,"ambiguous","discordant_tests;seed_instability",3,0,0,1,0.999845594379458,0.0270135067533767
"historical_80_20_ward_k50",27,402265,"CD56",5000,"no_detected_multimodality","neither test rejects in any seed",3,0,0,0,1,0.493746873436718
"historical_80_20_ward_k50",27,402265,"CD7",1000,"no_detected_multimodality","neither test rejects in any seed",3,0,0,0,0.999845594379458,0.617933966983492
"historical_80_20_ward_k50",27,402265,"CD7",5000,"no_detected_multimodality","neither test rejects in any seed",3,0,0,0,1,0.493746873436718
"historical_80_20_ward_k50",27,402265,"FoxP3",1000,"no_detected_multimodality","neither test rejects in any seed",3,0,0,0,0.999845594379458,0.861055527763882
"historical_80_20_ward_k50",27,402265,"FoxP3",5000,"no_detected_multimodality","neither test rejects in any seed",3,0,0,0,1,0.989965571020804
"historical_80_20_ward_k50",28,163841,"CD11c",1000,"ambiguous","borderline_q",3,0,0,0,0.999418539534489,0.0702351175587794
"historical_80_20_ward_k50",28,163841,"CD11c",5000,"no_detected_multimodality","neither test rejects in any seed",3,0,0,0,1,0.481740870435218
"historical_80_20_ward_k50",28,163841,"CD127",1000,"no_detected_multimodality","neither test rejects in any seed",3,0,0,0,0.999418539534489,0.578539269634817
"historical_80_20_ward_k50",28,163841,"CD127",5000,"no_detected_multimodality","neither test rejects in any seed",3,0,0,0,1,0.897948974487244
"historical_80_20_ward_k50",28,163841,"CD1c",1000,"ambiguous","discordant_tests;seed_instability;borderline_q",3,0,0,2,0.917939941610117,0.00450225112556278
"historical_80_20_ward_k50",28,163841,"CD1c",5000,"detected_multimodality","both tests reject in at least two seeds",3,2,2,3,0.012436751439399,0
"historical_80_20_ward_k50",28,163841,"CD303_TCRvd2",1000,"no_detected_multimodality","neither test rejects in any seed",3,0,0,0,0.999418539534489,0.450225112556278
"historical_80_20_ward_k50",28,163841,"CD303_TCRvd2",5000,"no_detected_multimodality","neither test rejects in any seed",3,0,0,0,1,0.14632316158079
"historical_80_20_ward_k50",28,163841,"CD45RA",1000,"ambiguous","borderline_q",3,0,0,0,0.999418539534489,0.0702351175587794
"historical_80_20_ward_k50",28,163841,"CD45RA",5000,"detected_multimodality","both tests reject in at least two seeds",3,3,3,3,0.000303311631665859,0
"historical_80_20_ward_k50",28,163841,"CD56",1000,"detected_multimodality","both tests reject in at least two seeds",3,2,2,3,0.0138212593689807,0
"historical_80_20_ward_k50",28,163841,"CD56",5000,"detected_multimodality","both tests reject in at least two seeds",3,3,3,3,0,0
"historical_80_20_ward_k50",28,163841,"TCRgd_CD141",1000,"detected_multimodality","both tests reject in at least two seeds",3,3,3,3,0,0
"historical_80_20_ward_k50",28,163841,"TCRgd_CD141",5000,"detected_multimodality","both tests reject in at least two seeds",3,3,3,3,0,0
"historical_80_20_ward_k50",29,3461763,"CD197_CCR7",1000,"no_detected_multimodality","neither test rejects in any seed",3,0,0,0,0.998280342035547,0.384942471235618
"historical_80_20_ward_k50",29,3461763,"CD197_CCR7",5000,"no_detected_multimodality","neither test rejects in any seed",3,0,0,0,1,0.463088687200743
"historical_80_20_ward_k50",29,3461763,"HLA-DR",1000,"no_detected_multimodality","neither test rejects in any seed",3,0,0,0,0.998280342035547,0.745872936468234
"historical_80_20_ward_k50",29,3461763,"HLA-DR",5000,"no_detected_multimodality","neither test rejects in any seed",3,0,0,0,1,0.463088687200743
"historical_80_20_ward_k50",31,156095,"CD11c",1000,"ambiguous","discordant_tests;seed_instability;borderline_q",3,1,1,3,0.0173197994380885,0
"historical_80_20_ward_k50",31,156095,"CD11c",5000,"detected_multimodality","both tests reject in at least two seeds",3,3,3,3,0,0
"historical_80_20_ward_k50",31,156095,"CD127",1000,"detected_multimodality","both tests reject in at least two seeds",3,3,3,3,0,0
"historical_80_20_ward_k50",31,156095,"CD127",5000,"detected_multimodality","both tests reject in at least two seeds",3,3,3,3,0,0
"historical_80_20_ward_k50",31,156095,"CD161",1000,"ambiguous","discordant_tests;seed_instability",3,1,1,2,0.00314658630550407,0
"historical_80_20_ward_k50",31,156095,"CD161",5000,"detected_multimodality","both tests reject in at least two seeds",3,3,3,3,2.13334179778789e-06,0
"historical_80_20_ward_k50",31,156095,"CD185_CXCR5",1000,"no_detected_multimodality","neither test rejects in any seed",3,0,0,0,0.998766740498348,0.812206103051526
"historical_80_20_ward_k50",31,156095,"CD185_CXCR5",5000,"no_detected_multimodality","neither test rejects in any seed",3,0,0,0,1,0.748433040049436
"historical_80_20_ward_k50",31,156095,"CD197_CCR7",1000,"no_detected_multimodality","neither test rejects in any seed",3,0,0,0,0.998766740498348,0.919584792396198
"historical_80_20_ward_k50",31,156095,"CD197_CCR7",5000,"no_detected_multimodality","neither test rejects in any seed",3,0,0,0,1,0.848031158436361
"historical_80_20_ward_k50",31,156095,"CD3",1000,"detected_multimodality","both tests reject in at least two seeds",3,3,3,3,0,0
"historical_80_20_ward_k50",31,156095,"CD3",5000,"detected_multimodality","both tests reject in at least two seeds",3,3,3,3,0,0
"historical_80_20_ward_k50",31,156095,"CD38",1000,"detected_multimodality","both tests reject in at least two seeds",3,3,3,3,0.00286009858538241,0
"historical_80_20_ward_k50",31,156095,"CD38",5000,"detected_multimodality","both tests reject in at least two seeds",3,3,3,3,0,0
"historical_80_20_ward_k50",31,156095,"CD4",1000,"detected_multimodality","both tests reject in at least two seeds",3,3,3,3,0,0
"historical_80_20_ward_k50",31,156095,"CD4",5000,"detected_multimodality","both tests reject in at least two seeds",3,3,3,3,0,0
"historical_80_20_ward_k50",31,156095,"CD45RA",1000,"no_detected_multimodality","neither test rejects in any seed",3,0,0,0,0.998766740498348,0.15607803901951
"historical_80_20_ward_k50",31,156095,"CD45RA",5000,"no_detected_multimodality","neither test rejects in any seed",3,0,0,0,1,0.856834667333667
"historical_80_20_ward_k50",31,156095,"FoxP3",1000,"no_detected_multimodality","neither test rejects in any seed",3,0,0,0,0.998766740498348,0.919584792396198
"historical_80_20_ward_k50",31,156095,"FoxP3",5000,"no_detected_multimodality","neither test rejects in any seed",3,0,0,0,1,0.302060120969576
"historical_80_20_ward_k50",31,156095,"HLA-DR",1000,"no_detected_multimodality","neither test rejects in any seed",3,0,0,0,0.998766740498348,0.919584792396198
"historical_80_20_ward_k50",31,156095,"HLA-DR",5000,"no_detected_multimodality","neither test rejects in any seed",3,0,0,0,1,0.976642167237465
"historical_80_20_ward_k50",32,799192,"CD159c_NKG2C",1000,"no_detected_multimodality","neither test rejects in any seed",3,0,0,0,0.998259952581453,0.691545772886443
"historical_80_20_ward_k50",32,799192,"CD159c_NKG2C",5000,"no_detected_multimodality","neither test rejects in any seed",3,0,0,0,1,0.915217608804402
"historical_80_20_ward_k50",32,799192,"CD303_TCRvd2",1000,"no_detected_multimodality","neither test rejects in any seed",3,0,0,0,0.998259952581453,0.783391695847924
"historical_80_20_ward_k50",32,799192,"CD303_TCRvd2",5000,"no_detected_multimodality","neither test rejects in any seed",3,0,0,0,1,0.788303242530356
"historical_80_20_ward_k50",33,251259,"CD11c",1000,"ambiguous","borderline_q",3,0,0,0,0.998091540438517,0.0756378189094547
"historical_80_20_ward_k50",33,251259,"CD11c",5000,"ambiguous","discordant_tests;seed_instability",3,0,0,2,1,0.0306971667652008
"historical_80_20_ward_k50",33,251259,"CD14",1000,"no_detected_multimodality","neither test rejects in any seed",3,0,0,0,0.998091540438517,0.71248124062031
"historical_80_20_ward_k50",33,251259,"CD14",5000,"ambiguous","discordant_tests",3,0,0,3,0.34787419516234,0
"historical_80_20_ward_k50",33,251259,"CD161",1000,"ambiguous","discordant_tests",3,0,0,3,0.725529661673631,0
"historical_80_20_ward_k50",33,251259,"CD161",5000,"detected_multimodality","both tests reject in at least two seeds",3,3,3,3,6.54017821949404e-05,0
"historical_80_20_ward_k50",33,251259,"CD185_CXCR5",1000,"no_detected_multimodality","neither test rejects in any seed",3,0,0,0,0.998091540438517,0.110305152576288
"historical_80_20_ward_k50",33,251259,"CD185_CXCR5",5000,"ambiguous","discordant_tests;seed_instability",3,0,0,2,0.97872226031369,0.00168834417208604
"historical_80_20_ward_k50",33,251259,"CD19",1000,"no_detected_multimodality","neither test rejects in any seed",3,0,0,0,0.998091540438517,0.498785106839134
"historical_80_20_ward_k50",33,251259,"CD19",5000,"no_detected_multimodality","neither test rejects in any seed",3,0,0,0,1,0.871935967983992
"historical_80_20_ward_k50",33,251259,"CD197_CCR7",1000,"detected_multimodality","both tests reject in at least two seeds",3,2,2,2,0,0
"historical_80_20_ward_k50",33,251259,"CD197_CCR7",5000,"detected_multimodality","both tests reject in at least two seeds",3,3,3,3,0,0
"historical_80_20_ward_k50",33,251259,"CD27",1000,"ambiguous","discordant_tests;seed_instability;borderline_q",3,1,1,3,0.000644628786676149,0
"historical_80_20_ward_k50",33,251259,"CD27",5000,"detected_multimodality","both tests reject in at least two seeds",3,3,3,3,0,0
"historical_80_20_ward_k50",33,251259,"CD3",1000,"no_detected_multimodality","neither test rejects in any seed",3,0,0,0,0.998091540438517,0.815930692619037
"historical_80_20_ward_k50",33,251259,"CD3",5000,"no_detected_multimodality","neither test rejects in any seed",3,0,0,0,1,0.109179589794897
"historical_80_20_ward_k50",33,251259,"CD38",1000,"no_detected_multimodality","neither test rejects in any seed",3,0,0,0,0.998091540438517,0.526763381690845
"historical_80_20_ward_k50",33,251259,"CD38",5000,"ambiguous","discordant_tests;seed_instability;borderline_q",3,0,0,2,0.663449317600076,0.00750375187593797
"historical_80_20_ward_k50",33,251259,"CD4",1000,"ambiguous","discordant_tests",3,0,0,3,0.998091540438517,0.00540270135067534
"historical_80_20_ward_k50",33,251259,"CD4",5000,"detected_multimodality","both tests reject in at least two seeds",3,3,3,3,3.70754247073224e-05,0
"historical_80_20_ward_k50",33,251259,"CD56",1000,"no_detected_multimodality","neither test rejects in any seed",3,0,0,0,0.998091540438517,0.526763381690845
"historical_80_20_ward_k50",33,251259,"CD56",5000,"ambiguous","borderline_q",3,0,0,0,1,0.0699895402246578
"historical_80_20_ward_k50",33,251259,"CD7",1000,"ambiguous","discordant_tests;seed_instability",3,1,1,2,0.0379254097740114,0
"historical_80_20_ward_k50",33,251259,"CD7",5000,"detected_multimodality","both tests reject in at least two seeds",3,3,3,3,0,0
"historical_80_20_ward_k50",33,251259,"TCRgd_CD141",1000,"no_detected_multimodality","neither test rejects in any seed",3,0,0,0,0.998091540438517,0.183305938683628
"historical_80_20_ward_k50",33,251259,"TCRgd_CD141",5000,"no_detected_multimodality","neither test rejects in any seed",3,0,0,0,1,0.219002358322018
"historical_80_20_ward_k50",34,227853,"CD14",1000,"no_detected_multimodality","neither test rejects in any seed",3,0,0,0,0.999156277246183,0.216108054027014
"historical_80_20_ward_k50",34,227853,"CD14",5000,"ambiguous","discordant_tests",3,0,0,3,0.338927898601505,0
"historical_80_20_ward_k50",34,227853,"CD159c_NKG2C",1000,"no_detected_multimodality","neither test rejects in any seed",3,0,0,0,0.999156277246183,0.169799185306939
"historical_80_20_ward_k50",34,227853,"CD159c_NKG2C",5000,"detected_multimodality","both tests reject in at least two seeds",3,2,2,3,0.00194541909465173,0
"historical_80_20_ward_k50",34,227853,"CD27",1000,"detected_multimodality","both tests reject in at least two seeds",3,3,3,3,0,0
"historical_80_20_ward_k50",34,227853,"CD27",5000,"detected_multimodality","both tests reject in at least two seeds",3,3,3,3,0,0
"historical_80_20_ward_k50",34,227853,"CD294_CRTH2",1000,"no_detected_multimodality","neither test rejects in any seed",3,0,0,0,0.999156277246183,0.114807403701851
"historical_80_20_ward_k50",34,227853,"CD294_CRTH2",5000,"ambiguous","discordant_tests",3,0,0,3,0.13613972861743,0
"historical_80_20_ward_k50",34,227853,"CD3",1000,"detected_multimodality","both tests reject in at least two seeds",3,3,3,3,0,0
"historical_80_20_ward_k50",34,227853,"CD3",5000,"detected_multimodality","both tests reject in at least two seeds",3,3,3,3,0,0
"historical_80_20_ward_k50",34,227853,"CD38",1000,"detected_multimodality","both tests reject in at least two seeds",3,2,2,3,0.0099001645165443,0
"historical_80_20_ward_k50",34,227853,"CD38",5000,"detected_multimodality","both tests reject in at least two seeds",3,3,3,3,0,0
"historical_80_20_ward_k50",34,227853,"CD45RA",1000,"detected_multimodality","both tests reject in at least two seeds",3,3,3,3,0,0
"historical_80_20_ward_k50",34,227853,"CD45RA",5000,"detected_multimodality","both tests reject in at least two seeds",3,3,3,3,0,0
"historical_80_20_ward_k50",34,227853,"CD7",1000,"ambiguous","discordant_tests;seed_instability;borderline_q",3,0,0,1,0.642252015483109,0.0225112556278139
"historical_80_20_ward_k50",34,227853,"CD7",5000,"ambiguous","discordant_tests",3,0,0,3,0.578331435637193,0.00450225112556278
"historical_80_20_ward_k50",34,227853,"CD8",1000,"detected_multimodality","both tests reject in at least two seeds",3,3,3,3,0,0
"historical_80_20_ward_k50",34,227853,"CD8",5000,"detected_multimodality","both tests reject in at least two seeds",3,3,3,3,0,0
"historical_80_20_ward_k50",34,227853,"HLA-DR",1000,"no_detected_multimodality","neither test rejects in any seed",3,0,0,0,0.999156277246183,0.247623811905953
"historical_80_20_ward_k50",34,227853,"HLA-DR",5000,"ambiguous","discordant_tests;seed_instability",3,0,0,2,0.813285106988687,0.00900450225112556
"historical_80_20_ward_k50",34,227853,"Tbet",1000,"no_detected_multimodality","neither test rejects in any seed",3,0,0,0,0.999156277246183,0.36768384192096
"historical_80_20_ward_k50",34,227853,"Tbet",5000,"ambiguous","discordant_tests;seed_instability",3,0,0,1,1,0.00337668834417209
"historical_80_20_ward_k50",35,582226,"CD3",1000,"no_detected_multimodality","neither test rejects in any seed",3,0,0,0,0.997824700608727,0.283641820910455
"historical_80_20_ward_k50",35,582226,"CD3",5000,"no_detected_multimodality","neither test rejects in any seed",3,0,0,0,1,0.702351175587794
"historical_80_20_ward_k50",35,582226,"CD8",1000,"no_detected_multimodality","neither test rejects in any seed",3,0,0,0,0.997824700608727,0.75243871935968
"historical_80_20_ward_k50",35,582226,"CD8",5000,"no_detected_multimodality","neither test rejects in any seed",3,0,0,0,1,0.823911955977989
"historical_80_20_ward_k50",36,3204436,"CD159c_NKG2C",1000,"no_detected_multimodality","neither test rejects in any seed",3,0,0,0,0.998378560478906,0.609733438147645
"historical_80_20_ward_k50",36,3204436,"CD159c_NKG2C",5000,"no_detected_multimodality","neither test rejects in any seed",3,0,0,0,1,0.888069034517259
"historical_80_20_ward_k50",36,3204436,"CD303_TCRvd2",1000,"no_detected_multimodality","neither test rejects in any seed",3,0,0,0,0.998378560478906,0.834301766267749
"historical_80_20_ward_k50",36,3204436,"CD303_TCRvd2",5000,"no_detected_multimodality","neither test rejects in any seed",3,0,0,0,1,0.330915457728864
"historical_80_20_ward_k50",36,3204436,"TCRgd_CD141",1000,"no_detected_multimodality","neither test rejects in any seed",3,0,0,0,0.998378560478906,0.499749874937469
"historical_80_20_ward_k50",36,3204436,"TCRgd_CD141",5000,"ambiguous","discordant_tests;seed_instability",3,0,0,2,0.247041079818222,0
"historical_80_20_ward_k50",37,1970767,"CD11c",1000,"no_detected_multimodality","neither test rejects in any seed",3,0,0,0,0.997434428397983,0.400700350175088
"historical_80_20_ward_k50",37,1970767,"CD11c",5000,"no_detected_multimodality","neither test rejects in any seed",3,0,0,0,1,0.155327663831916
"historical_80_20_ward_k50",37,1970767,"CD161",1000,"no_detected_multimodality","neither test rejects in any seed",3,0,0,0,0.997434428397983,0.464857428714357
"historical_80_20_ward_k50",37,1970767,"CD161",5000,"no_detected_multimodality","neither test rejects in any seed",3,0,0,0,1,0.453090181454364
"historical_80_20_ward_k50",37,1970767,"CD197_CCR7",1000,"no_detected_multimodality","neither test rejects in any seed",3,0,0,0,0.997434428397983,0.22623811905953
"historical_80_20_ward_k50",37,1970767,"CD197_CCR7",5000,"ambiguous","discordant_tests",3,0,0,3,1,0.0180090045022511
"historical_80_20_ward_k50",37,1970767,"CD27",1000,"detected_multimodality","both tests reject in at least two seeds",3,3,3,3,0,0
"historical_80_20_ward_k50",37,1970767,"CD27",5000,"detected_multimodality","both tests reject in at least two seeds",3,3,3,3,0,0
"historical_80_20_ward_k50",37,1970767,"CD56",1000,"no_detected_multimodality","neither test rejects in any seed",3,0,0,0,0.997434428397983,0.540270135067534
"historical_80_20_ward_k50",37,1970767,"CD56",5000,"no_detected_multimodality","neither test rejects in any seed",3,0,0,0,1,0.331665832916458
"historical_80_20_ward_k50",38,723330,"CD185_CXCR5",1000,"no_detected_multimodality","neither test rejects in any seed",3,0,0,0,0.999855486717646,0.702351175587794
"historical_80_20_ward_k50",38,723330,"CD185_CXCR5",5000,"no_detected_multimodality","neither test rejects in any seed",3,0,0,0,1,0.918459229614807
"historical_80_20_ward_k50",38,723330,"CD197_CCR7",1000,"ambiguous","borderline_q",3,0,0,0,0.999855486717646,0.0742871435717859
"historical_80_20_ward_k50",38,723330,"CD197_CCR7",5000,"ambiguous","discordant_tests;seed_instability",3,0,0,1,0.268114806444522,0
"historical_80_20_ward_k50",38,723330,"CD27",1000,"no_detected_multimodality","neither test rejects in any seed",3,0,0,0,0.999855486717646,0.746248124062031
"historical_80_20_ward_k50",38,723330,"CD27",5000,"no_detected_multimodality","neither test rejects in any seed",3,0,0,0,1,0.121560780390195
"historical_80_20_ward_k50",38,723330,"CD4",1000,"no_detected_multimodality","neither test rejects in any seed",3,0,0,0,0.999855486717646,0.189094547273637
"historical_80_20_ward_k50",38,723330,"CD4",5000,"no_detected_multimodality","neither test rejects in any seed",3,0,0,0,1,0.44032016008004
"historical_80_20_ward_k50",38,723330,"HLA-DR",1000,"no_detected_multimodality","neither test rejects in any seed",3,0,0,0,0.999855486717646,0.570660330165083
"historical_80_20_ward_k50",38,723330,"HLA-DR",5000,"no_detected_multimodality","neither test rejects in any seed",3,0,0,0,1,0.788456728364182
"historical_80_20_ward_k50",39,144240,"CD161",1000,"no_detected_multimodality","neither test rejects in any seed",3,0,0,0,0.996530565291483,0.722611305652826
"historical_80_20_ward_k50",39,144240,"CD161",5000,"ambiguous","discordant_tests",3,0,0,3,1,0
"historical_80_20_ward_k50",39,144240,"CD21",1000,"no_detected_multimodality","neither test rejects in any seed",3,0,0,0,0.996530565291483,0.88187843921961
"historical_80_20_ward_k50",39,144240,"CD21",5000,"no_detected_multimodality","neither test rejects in any seed",3,0,0,0,1,0.812537847871304
"historical_80_20_ward_k50",39,144240,"CD57",1000,"ambiguous","discordant_tests;seed_instability",3,0,0,2,0.803249743796716,0
"historical_80_20_ward_k50",39,144240,"CD57",5000,"detected_multimodality","both tests reject in at least two seeds",3,3,3,3,0,0
"historical_80_20_ward_k50",41,2863853,"CD14",1000,"no_detected_multimodality","neither test rejects in any seed",3,0,0,0,0.997804513557962,0.87970071992518
"historical_80_20_ward_k50",41,2863853,"CD14",5000,"no_detected_multimodality","neither test rejects in any seed",3,0,0,0,1,0.817833916958479
"historical_80_20_ward_k50",41,2863853,"CD19",1000,"no_detected_multimodality","neither test rejects in any seed",3,0,0,0,0.997804513557962,0.87970071992518
"historical_80_20_ward_k50",41,2863853,"CD19",5000,"no_detected_multimodality","neither test rejects in any seed",3,0,0,0,1,0.84120060030015
"historical_80_20_ward_k50",41,2863853,"CD38",1000,"no_detected_multimodality","neither test rejects in any seed",3,0,0,0,0.997804513557962,0.929964982491246
"historical_80_20_ward_k50",41,2863853,"CD38",5000,"no_detected_multimodality","neither test rejects in any seed",3,0,0,0,1,0.817833916958479
"historical_80_20_ward_k50",41,2863853,"CD56",1000,"no_detected_multimodality","neither test rejects in any seed",3,0,0,0,0.997804513557962,0.796898449224612
"historical_80_20_ward_k50",41,2863853,"CD56",5000,"no_detected_multimodality","neither test rejects in any seed",3,0,0,0,1,0.976783846468689
"historical_80_20_ward_k50",41,2863853,"CD57",1000,"no_detected_multimodality","neither test rejects in any seed",3,0,0,0,0.997804513557962,0.87970071992518
"historical_80_20_ward_k50",41,2863853,"CD57",5000,"no_detected_multimodality","neither test rejects in any seed",3,0,0,0,1,0.817833916958479
"historical_80_20_ward_k50",41,2863853,"CD7",1000,"ambiguous","discordant_tests;seed_instability",3,0,0,2,0.230570405348022,0
"historical_80_20_ward_k50",41,2863853,"CD7",5000,"detected_multimodality","both tests reject in at least two seeds",3,2,2,3,0.000246396867599197,0
"historical_80_20_ward_k50",42,3012669,"CD27",1000,"no_detected_multimodality","neither test rejects in any seed",3,0,0,0,0.999625320955321,0.634817408704352
"historical_80_20_ward_k50",42,3012669,"CD27",5000,"no_detected_multimodality","neither test rejects in any seed",3,0,0,0,1,0.87703851925963
"historical_80_20_ward_k50",42,3012669,"CD8",1000,"no_detected_multimodality","neither test rejects in any seed",3,0,0,0,0.999625320955321,0.684985349817766
"historical_80_20_ward_k50",42,3012669,"CD8",5000,"no_detected_multimodality","neither test rejects in any seed",3,0,0,0,1,0.84233025603711
"historical_80_20_ward_k50",43,839820,"CD127",1000,"no_detected_multimodality","neither test rejects in any seed",3,0,0,0,0.998986159895381,0.844172086043022
"historical_80_20_ward_k50",43,839820,"CD127",5000,"no_detected_multimodality","neither test rejects in any seed",3,0,0,0,1,0.941470735367684
"historical_80_20_ward_k50",44,531511,"CD159c_NKG2C",1000,"no_detected_multimodality","neither test rejects in any seed",3,0,0,0,1,0.256628314157079
"historical_80_20_ward_k50",44,531511,"CD159c_NKG2C",5000,"no_detected_multimodality","neither test rejects in any seed",3,0,0,0,1,0.629414707353677
"historical_80_20_ward_k50",44,531511,"CD19",1000,"detected_multimodality","both tests reject in at least two seeds",3,2,2,3,0.00039811600233175,0
"historical_80_20_ward_k50",44,531511,"CD19",5000,"detected_multimodality","both tests reject in at least two seeds",3,3,3,3,0,0
"historical_80_20_ward_k50",44,531511,"CD1c",1000,"no_detected_multimodality","neither test rejects in any seed",3,0,0,0,1,0.494684842421211
"historical_80_20_ward_k50",44,531511,"CD1c",5000,"ambiguous","borderline_q",3,0,0,0,1,0.0540270135067534
"historical_80_20_ward_k50",44,531511,"CD25",1000,"no_detected_multimodality","neither test rejects in any seed",3,0,0,0,1,0.494684842421211
"historical_80_20_ward_k50",44,531511,"CD25",5000,"no_detected_multimodality","neither test rejects in any seed",3,0,0,0,1,0.965482741370685
"historical_80_20_ward_k50",44,531511,"CD294_CRTH2",1000,"no_detected_multimodality","neither test rejects in any seed",3,0,0,0,1,0.256628314157079
"historical_80_20_ward_k50",44,531511,"CD294_CRTH2",5000,"no_detected_multimodality","neither test rejects in any seed",3,0,0,0,1,0.335417708854427
"historical_80_20_ward_k50",44,531511,"CD57",1000,"no_detected_multimodality","neither test rejects in any seed",3,0,0,0,1,0.909454727363682
"historical_80_20_ward_k50",44,531511,"CD57",5000,"no_detected_multimodality","neither test rejects in any seed",3,0,0,0,1,0.444597298649325
"historical_80_20_ward_k50",44,531511,"Tbet",1000,"ambiguous","borderline_q",3,0,0,0,1,0.0675337668834417
"historical_80_20_ward_k50",44,531511,"Tbet",5000,"ambiguous","borderline_q",3,0,0,0,1,0.0540270135067534
"historical_80_20_ward_k50",45,975508,"CD127",1000,"no_detected_multimodality","neither test rejects in any seed",3,0,0,0,0.99681959777291,0.216108054027013
"historical_80_20_ward_k50",45,975508,"CD127",5000,"ambiguous","discordant_tests",3,0,0,3,0.785525018286461,0
"historical_80_20_ward_k50",45,975508,"CD45RA",1000,"no_detected_multimodality","neither test rejects in any seed",3,0,0,0,0.99681959777291,0.121560780390195
"historical_80_20_ward_k50",45,975508,"CD45RA",5000,"ambiguous","discordant_tests;seed_instability",3,1,1,3,0.0250983473050277,0
"historical_80_20_ward_k50",46,2540506,"CD294_CRTH2",1000,"no_detected_multimodality","neither test rejects in any seed",3,0,0,0,0.998550549848264,0.805707201426801
"historical_80_20_ward_k50",46,2540506,"CD294_CRTH2",5000,"no_detected_multimodality","neither test rejects in any seed",3,0,0,0,1,0.371435717858929
"historical_80_20_ward_k50",46,2540506,"CD45RA",1000,"no_detected_multimodality","neither test rejects in any seed",3,0,0,0,0.998550549848264,0.63604529537496
"historical_80_20_ward_k50",46,2540506,"CD45RA",5000,"no_detected_multimodality","neither test rejects in any seed",3,0,0,0,1,0.691095547773887
"historical_80_20_ward_k50",47,303082,"CD127",1000,"no_detected_multimodality","neither test rejects in any seed",3,0,0,0,0.998483891306886,0.907653826913457
"historical_80_20_ward_k50",47,303082,"CD127",5000,"no_detected_multimodality","neither test rejects in any seed",3,0,0,0,1,0.625812906453227
"historical_80_20_ward_k50",47,303082,"CD21",1000,"no_detected_multimodality","neither test rejects in any seed",3,0,0,0,0.998483891306886,0.875687843921961
"historical_80_20_ward_k50",47,303082,"CD21",5000,"no_detected_multimodality","neither test rejects in any seed",3,0,0,0,1,0.218037590223683
"historical_80_20_ward_k50",47,303082,"CD27",1000,"no_detected_multimodality","neither test rejects in any seed",3,0,0,0,0.998483891306886,0.432216108054027
"historical_80_20_ward_k50",47,303082,"CD27",5000,"ambiguous","discordant_tests;seed_instability",3,0,0,2,1,0
"historical_80_20_ward_k50",47,303082,"CD38",1000,"no_detected_multimodality","neither test rejects in any seed",3,0,0,0,0.998483891306886,0.202601300650325
"historical_80_20_ward_k50",47,303082,"CD38",5000,"detected_multimodality","both tests reject in at least two seeds",3,3,3,3,0.000540656090468494,0
"historical_80_20_ward_k50",47,303082,"CD7",1000,"ambiguous","discordant_tests;seed_instability",3,0,0,1,0.998483891306886,0
"historical_80_20_ward_k50",47,303082,"CD7",5000,"detected_multimodality","both tests reject in at least two seeds",3,3,3,3,0.000447412598571839,0
"historical_80_20_ward_k50",48,291329,"CD25",1000,"detected_multimodality","both tests reject in at least two seeds",3,3,3,3,0,0
"historical_80_20_ward_k50",48,291329,"CD25",5000,"detected_multimodality","both tests reject in at least two seeds",3,3,3,3,0,0
"historical_80_20_ward_k50",48,291329,"CD4",1000,"no_detected_multimodality","neither test rejects in any seed",3,0,0,0,0.999796367904294,0.586793396698349
"historical_80_20_ward_k50",48,291329,"CD4",5000,"no_detected_multimodality","neither test rejects in any seed",3,0,0,0,1,0.85767883941971
"historical_80_20_ward_k50",48,291329,"FoxP3",1000,"detected_multimodality","both tests reject in at least two seeds",3,3,3,3,0,0
"historical_80_20_ward_k50",48,291329,"FoxP3",5000,"detected_multimodality","both tests reject in at least two seeds",3,3,3,3,0,0
"historical_80_20_ward_k50",49,674602,"CD11c",1000,"no_detected_multimodality","neither test rejects in any seed",3,0,0,0,0.999829472805282,0.625812906453227
"historical_80_20_ward_k50",49,674602,"CD11c",5000,"ambiguous","discordant_tests;borderline_q",3,0,0,3,0.0995621175806776,0
"historical_80_20_ward_k50",49,674602,"CD127",1000,"no_detected_multimodality","neither test rejects in any seed",3,0,0,0,0.999829472805282,0.733520606457075
"historical_80_20_ward_k50",49,674602,"CD127",5000,"no_detected_multimodality","neither test rejects in any seed",3,0,0,0,1,0.366033016508254
"historical_80_20_ward_k50",49,674602,"CD14",1000,"no_detected_multimodality","neither test rejects in any seed",3,0,0,0,0.999829472805282,0.733520606457075
"historical_80_20_ward_k50",49,674602,"CD14",5000,"no_detected_multimodality","neither test rejects in any seed",3,0,0,0,1,0.692783891945973
"historical_80_20_ward_k50",50,63382,"CD14",1000,"no_detected_multimodality","neither test rejects in any seed",3,0,0,0,0.999917532656688,0.782041020510255
"historical_80_20_ward_k50",50,63382,"CD14",5000,"no_detected_multimodality","neither test rejects in any seed",3,0,0,0,1,0.929888020933544
"historical_80_20_ward_k50",50,63382,"CD25",1000,"detected_multimodality","both tests reject in at least two seeds",3,3,3,3,0,0
"historical_80_20_ward_k50",50,63382,"CD25",5000,"detected_multimodality","both tests reject in at least two seeds",3,3,3,3,0,0
"historical_80_20_ward_k50",50,63382,"CD27",1000,"detected_multimodality","both tests reject in at least two seeds",3,3,3,3,0,0
"historical_80_20_ward_k50",50,63382,"CD27",5000,"detected_multimodality","both tests reject in at least two seeds",3,3,3,3,0,0
"historical_80_20_ward_k50",50,63382,"Tbet",1000,"no_detected_multimodality","neither test rejects in any seed",3,0,0,0,0.999917532656688,0.782041020510255
"historical_80_20_ward_k50",50,63382,"Tbet",5000,"no_detected_multimodality","neither test rejects in any seed",3,0,0,0,1,0.929888020933544
"historical_80_20_ward_k62",1,155017,"CD11c",1000,"ambiguous","discordant_tests;seed_instability",3,1,1,3,0.0488328007035043,0
"historical_80_20_ward_k62",1,155017,"CD11c",5000,"detected_multimodality","both tests reject in at least two seeds",3,3,3,3,0,0
"historical_80_20_ward_k62",1,155017,"CD127",1000,"no_detected_multimodality","neither test rejects in any seed",3,0,0,0,0.997883319963314,0.214880167356405
"historical_80_20_ward_k62",1,155017,"CD127",5000,"ambiguous","discordant_tests;seed_instability",3,1,1,3,0.0228898631444086,0
"historical_80_20_ward_k62",1,155017,"CD14",1000,"ambiguous","discordant_tests;seed_instability;borderline_q",3,0,0,1,0.997883319963314,0
"historical_80_20_ward_k62",1,155017,"CD14",5000,"detected_multimodality","both tests reject in at least two seeds",3,3,3,3,0.000147148883479109,0
"historical_80_20_ward_k62",1,155017,"CD159c_NKG2C",1000,"ambiguous","discordant_tests;seed_instability;borderline_q",3,0,0,1,0.997883319963314,0.0289430429500465
"historical_80_20_ward_k62",1,155017,"CD159c_NKG2C",5000,"detected_multimodality","both tests reject in at least two seeds",3,3,3,3,8.24691522771648e-05,0
"historical_80_20_ward_k62",1,155017,"CD16",1000,"ambiguous","discordant_tests",3,0,0,3,0.432055459096938,0
"historical_80_20_ward_k62",1,155017,"CD16",5000,"detected_multimodality","both tests reject in at least two seeds",3,3,3,3,0.000257887688141528,0
"historical_80_20_ward_k62",1,155017,"CD161",1000,"no_detected_multimodality","neither test rejects in any seed",3,0,0,0,0.997883319963314,0.119872436218109
"historical_80_20_ward_k62",1,155017,"CD161",5000,"no_detected_multimodality","neither test rejects in any seed",3,0,0,0,1,0.478261858201828
"historical_80_20_ward_k62",1,155017,"CD185_CXCR5",1000,"ambiguous","discordant_tests;seed_instability",3,0,0,1,0.997883319963314,0.0330165082541271
"historical_80_20_ward_k62",1,155017,"CD185_CXCR5",5000,"detected_multimodality","both tests reject in at least two seeds",3,2,2,3,0.0061646286378304,0
"historical_80_20_ward_k62",1,155017,"CD197_CCR7",1000,"ambiguous","discordant_tests;seed_instability",3,0,0,1,0.997883319963314,0.0189094547273637
"historical_80_20_ward_k62",1,155017,"CD197_CCR7",5000,"ambiguous","discordant_tests",3,0,0,3,0.232176330593079,0
"historical_80_20_ward_k62",1,155017,"CD21",1000,"ambiguous","discordant_tests;seed_instability;borderline_q",3,0,0,2,0.997883319963314,0.00675337668834417
"historical_80_20_ward_k62",1,155017,"CD21",5000,"detected_multimodality","both tests reject in at least two seeds",3,3,3,3,0,0
"historical_80_20_ward_k62",1,155017,"CD27",1000,"no_detected_multimodality","neither test rejects in any seed",3,0,0,0,0.997883319963314,0.29818755531612
"historical_80_20_ward_k62",1,155017,"CD27",5000,"no_detected_multimodality","neither test rejects in any seed",3,0,0,0,1,0.349674837418709
"historical_80_20_ward_k62",1,155017,"CD3",1000,"no_detected_multimodality","neither test rejects in any seed",3,0,0,0,0.997883319963314,0.11855927963982
"historical_80_20_ward_k62",1,155017,"CD3",5000,"ambiguous","discordant_tests;seed_instability;borderline_q",3,1,1,3,0.0288571963615745,0
"historical_80_20_ward_k62",1,155017,"CD38",1000,"no_detected_multimodality","neither test rejects in any seed",3,0,0,0,0.997883319963314,0.233666833416708
"historical_80_20_ward_k62",1,155017,"CD38",5000,"no_detected_multimodality","neither test rejects in any seed",3,0,0,0,1,0.645510255127564
"historical_80_20_ward_k62",1,155017,"CD56",1000,"no_detected_multimodality","neither test rejects in any seed",3,0,0,0,0.997883319963314,0.567926820553134
"historical_80_20_ward_k62",1,155017,"CD56",5000,"no_detected_multimodality","neither test rejects in any seed",3,0,0,0,1,0.100108877968396
"historical_80_20_ward_k62",1,155017,"CD7",1000,"no_detected_multimodality","neither test rejects in any seed",3,0,0,0,0.997883319963314,0.310655327663832
"historical_80_20_ward_k62",1,155017,"CD7",5000,"ambiguous","discordant_tests;borderline_q",3,0,0,3,0.0842761571402135,0
"historical_80_20_ward_k62",1,155017,"FoxP3",1000,"ambiguous","discordant_tests;seed_instability",3,0,0,1,0.997883319963314,0.00900450225112556
"historical_80_20_ward_k62",1,155017,"FoxP3",5000,"detected_multimodality","both tests reject in at least two seeds",3,3,3,3,0.00524118933553227,0
"historical_80_20_ward_k62",1,155017,"Tbet",1000,"ambiguous","discordant_tests",3,0,0,3,0.997883319963314,0
"historical_80_20_ward_k62",1,155017,"Tbet",5000,"detected_multimodality","both tests reject in at least two seeds",3,3,3,3,3.96685167174393e-05,0
"historical_80_20_ward_k62",1,155017,"TCRgd_CD141",1000,"no_detected_multimodality","neither test rejects in any seed",3,0,0,0,0.997883319963314,0.494347173586793
"historical_80_20_ward_k62",1,155017,"TCRgd_CD141",5000,"ambiguous","discordant_tests;seed_instability",3,0,0,1,1,0.0385907239333953
"historical_80_20_ward_k62",2,562043,"CD11c",1000,"ambiguous","discordant_tests;seed_instability",3,1,1,2,0.043886792501392,0
"historical_80_20_ward_k62",2,562043,"CD11c",5000,"detected_multimodality","both tests reject in at least two seeds",3,3,3,3,0,0
"historical_80_20_ward_k62",2,562043,"CD16",1000,"ambiguous","discordant_tests;borderline_q",3,0,0,3,0.0819235975642891,0
"historical_80_20_ward_k62",2,562043,"CD16",5000,"detected_multimodality","both tests reject in at least two seeds",3,3,3,3,1.27348915168191e-05,0
"historical_80_20_ward_k62",2,562043,"CD185_CXCR5",1000,"ambiguous","discordant_tests",3,0,0,3,0.998415311806201,0
"historical_80_20_ward_k62",2,562043,"CD185_CXCR5",5000,"detected_multimodality","both tests reject in at least two seeds",3,3,3,3,0.00339115371149756,0
"historical_80_20_ward_k62",2,562043,"CD19",1000,"no_detected_multimodality","neither test rejects in any seed",3,0,0,0,0.998415311806201,0.172211105552776
"historical_80_20_ward_k62",2,562043,"CD19",5000,"no_detected_multimodality","neither test rejects in any seed",3,0,0,0,1,0.464857428714357
"historical_80_20_ward_k62",2,562043,"CD1c",1000,"no_detected_multimodality","neither test rejects in any seed",3,0,0,0,0.998415311806201,0.715214750232259
"historical_80_20_ward_k62",2,562043,"CD1c",5000,"ambiguous","discordant_tests",3,0,0,3,1,0.00225112556278139
"historical_80_20_ward_k62",2,562043,"CD21",1000,"no_detected_multimodality","neither test rejects in any seed",3,0,0,0,0.998415311806201,0.529880324777774
"historical_80_20_ward_k62",2,562043,"CD21",5000,"no_detected_multimodality","neither test rejects in any seed",3,0,0,0,1,0.88439872109968
"historical_80_20_ward_k62",2,562043,"CD294_CRTH2",1000,"no_detected_multimodality","neither test rejects in any seed",3,0,0,0,0.998415311806201,0.676838419209605
"historical_80_20_ward_k62",2,562043,"CD294_CRTH2",5000,"no_detected_multimodality","neither test rejects in any seed",3,0,0,0,1,0.564166698733982
"historical_80_20_ward_k62",2,562043,"CD4",1000,"no_detected_multimodality","neither test rejects in any seed",3,0,0,0,0.998415311806201,0.651700850425213
"historical_80_20_ward_k62",2,562043,"CD4",5000,"ambiguous","discordant_tests;seed_instability",3,0,0,1,1,0.0212248981633674
"historical_80_20_ward_k62",2,562043,"CD7",1000,"no_detected_multimodality","neither test rejects in any seed",3,0,0,0,0.998415311806201,0.429514757378689
"historical_80_20_ward_k62",2,562043,"CD7",5000,"ambiguous","discordant_tests",3,0,0,3,0.258855827514079,0
"historical_80_20_ward_k62",2,562043,"Tbet",1000,"no_detected_multimodality","neither test rejects in any seed",3,0,0,0,0.998415311806201,0.138444222111056
"historical_80_20_ward_k62",2,562043,"Tbet",5000,"detected_multimodality","both tests reject in at least two seeds",3,3,3,3,0.00812280094903645,0
"historical_80_20_ward_k62",3,169881,"CD11c",1000,"ambiguous","discordant_tests;seed_instability",3,0,0,2,0.157045671946243,0
"historical_80_20_ward_k62",3,169881,"CD11c",5000,"ambiguous","discordant_tests;seed_instability;borderline_q",3,1,1,3,4.54702856866884e-07,0
"historical_80_20_ward_k62",3,169881,"CD14",1000,"no_detected_multimodality","neither test rejects in any seed",3,0,0,0,0.997876061493241,0.942971485742871
"historical_80_20_ward_k62",3,169881,"CD14",5000,"no_detected_multimodality","neither test rejects in any seed",3,0,0,0,1,0.623072405768102
"historical_80_20_ward_k62",3,169881,"CD161",1000,"no_detected_multimodality","neither test rejects in any seed",3,0,0,0,0.997876061493241,0.726247739254243
"historical_80_20_ward_k62",3,169881,"CD161",5000,"ambiguous","borderline_q",3,0,0,0,1,0.0694633030801115
"historical_80_20_ward_k62",3,169881,"CD185_CXCR5",1000,"no_detected_multimodality","neither test rejects in any seed",3,0,0,0,0.997876061493241,0.53351675837919
"historical_80_20_ward_k62",3,169881,"CD185_CXCR5",5000,"ambiguous","discordant_tests",3,0,0,3,0.934607895919769,0
"historical_80_20_ward_k62",3,169881,"CD1c",1000,"no_detected_multimodality","neither test rejects in any seed",3,0,0,0,0.997876061493241,0.722611305652826
"historical_80_20_ward_k62",3,169881,"CD1c",5000,"ambiguous","discordant_tests",3,0,0,3,0.243294059953356,0
"historical_80_20_ward_k62",3,169881,"CD294_CRTH2",1000,"no_detected_multimodality","neither test rejects in any seed",3,0,0,0,0.997876061493241,0.513256628314157
"historical_80_20_ward_k62",3,169881,"CD294_CRTH2",5000,"ambiguous","discordant_tests;seed_instability",3,0,0,1,1,0.040520260130065
"historical_80_20_ward_k62",3,169881,"CD38",1000,"no_detected_multimodality","neither test rejects in any seed",3,0,0,0,0.997876061493241,0.513256628314157
"historical_80_20_ward_k62",3,169881,"CD38",5000,"ambiguous","discordant_tests",3,0,0,3,1,0
"historical_80_20_ward_k62",3,169881,"CD45RA",1000,"no_detected_multimodality","neither test rejects in any seed",3,0,0,0,0.997876061493241,0.942971485742871
"historical_80_20_ward_k62",3,169881,"CD45RA",5000,"no_detected_multimodality","neither test rejects in any seed",3,0,0,0,1,0.356240620310155
"historical_80_20_ward_k62",3,169881,"CD57",1000,"ambiguous","discordant_tests;seed_instability",3,0,0,1,0.997876061493241,0
"historical_80_20_ward_k62",3,169881,"CD57",5000,"detected_multimodality","both tests reject in at least two seeds",3,3,3,3,0,0
"historical_80_20_ward_k62",3,169881,"CD7",1000,"no_detected_multimodality","neither test rejects in any seed",3,0,0,0,0.997876061493241,0.942971485742871
"historical_80_20_ward_k62",3,169881,"CD7",5000,"no_detected_multimodality","neither test rejects in any seed",3,0,0,0,1,0.122461230615308
"historical_80_20_ward_k62",3,169881,"HLA-DR",1000,"no_detected_multimodality","neither test rejects in any seed",3,0,0,0,0.997876061493241,0.722611305652826
"historical_80_20_ward_k62",3,169881,"HLA-DR",5000,"no_detected_multimodality","neither test rejects in any seed",3,0,0,0,1,0.623072405768102
"historical_80_20_ward_k62",3,169881,"Tbet",1000,"no_detected_multimodality","neither test rejects in any seed",3,0,0,0,0.997876061493241,0.726247739254243
"historical_80_20_ward_k62",3,169881,"Tbet",5000,"ambiguous","discordant_tests;seed_instability;borderline_q",3,0,0,1,1,0
"historical_80_20_ward_k62",4,400818,"CD14",1000,"no_detected_multimodality","neither test rejects in any seed",3,0,0,0,0.998925300412404,0.843878460969615
"historical_80_20_ward_k62",4,400818,"CD14",5000,"no_detected_multimodality","neither test rejects in any seed",3,0,0,0,1,0.950475237618809
"historical_80_20_ward_k62",4,400818,"CD3",1000,"no_detected_multimodality","neither test rejects in any seed",3,0,0,0,0.998925300412404,0.432216108054027
"historical_80_20_ward_k62",4,400818,"CD3",5000,"ambiguous","discordant_tests;seed_instability",3,0,0,1,1,0
"historical_80_20_ward_k62",4,400818,"CD56",1000,"no_detected_multimodality","neither test rejects in any seed",3,0,0,0,0.998925300412404,0.823911955977989
"historical_80_20_ward_k62",4,400818,"CD56",5000,"no_detected_multimodality","neither test rejects in any seed",3,0,0,0,1,0.751125562781391
"historical_80_20_ward_k62",5,374114,"CD159c_NKG2C",1000,"no_detected_multimodality","neither test rejects in any seed",3,0,0,0,0.999806822993953,0.216108054027014
"historical_80_20_ward_k62",5,374114,"CD159c_NKG2C",5000,"detected_multimodality","both tests reject in at least two seeds",3,3,3,3,0.00917208133718148,0
"historical_80_20_ward_k62",5,374114,"CD16",1000,"detected_multimodality","both tests reject in at least two seeds",3,3,3,3,0,0
"historical_80_20_ward_k62",5,374114,"CD16",5000,"detected_multimodality","both tests reject in at least two seeds",3,3,3,3,0,0
"historical_80_20_ward_k62",5,374114,"CD27",1000,"no_detected_multimodality","neither test rejects in any seed",3,0,0,0,0.999806822993953,0.337668834417209
"historical_80_20_ward_k62",5,374114,"CD27",5000,"no_detected_multimodality","neither test rejects in any seed",3,0,0,0,1,0.728689344672336
"historical_80_20_ward_k62",5,374114,"CD3",1000,"detected_multimodality","both tests reject in at least two seeds",3,3,3,3,0,0
"historical_80_20_ward_k62",5,374114,"CD3",5000,"detected_multimodality","both tests reject in at least two seeds",3,3,3,3,0,0
"historical_80_20_ward_k62",5,374114,"CD4",1000,"no_detected_multimodality","neither test rejects in any seed",3,0,0,0,0.999806822993953,0.451862294783756
"historical_80_20_ward_k62",5,374114,"CD4",5000,"no_detected_multimodality","neither test rejects in any seed",3,0,0,0,1,0.580790395197599
"historical_80_20_ward_k62",5,374114,"CD56",1000,"ambiguous","discordant_tests;seed_instability",3,0,0,1,0.999806822993953,0.0438969484742371
"historical_80_20_ward_k62",5,374114,"CD56",5000,"ambiguous","discordant_tests",3,0,0,3,0.1601121047271,0
"historical_80_20_ward_k62",5,374114,"CD57",1000,"detected_multimodality","both tests reject in at least two seeds",3,3,3,3,0,0
"historical_80_20_ward_k62",5,374114,"CD57",5000,"detected_multimodality","both tests reject in at least two seeds",3,3,3,3,0,0
"historical_80_20_ward_k62",5,374114,"CD7",1000,"no_detected_multimodality","neither test rejects in any seed",3,0,0,0,0.999806822993953,0.706853426713357
"historical_80_20_ward_k62",5,374114,"CD7",5000,"no_detected_multimodality","neither test rejects in any seed",3,0,0,0,1,0.899238080578751
"historical_80_20_ward_k62",5,374114,"CD8",1000,"no_detected_multimodality","neither test rejects in any seed",3,0,0,0,0.999806822993953,0.462606303151576
"historical_80_20_ward_k62",5,374114,"CD8",5000,"ambiguous","borderline_q",3,0,0,0,1,0.0771814478667905
"historical_80_20_ward_k62",6,579267,"CD11c",1000,"no_detected_multimodality","neither test rejects in any seed",3,0,0,0,1,0.465982991495748
"historical_80_20_ward_k62",6,579267,"CD11c",5000,"no_detected_multimodality","neither test rejects in any seed",3,0,0,0,1,0.599924962481241
"historical_80_20_ward_k62",6,579267,"CD16",1000,"no_detected_multimodality","neither test rejects in any seed",3,0,0,0,1,0.865182591295648
"historical_80_20_ward_k62",6,579267,"CD16",5000,"no_detected_multimodality","neither test rejects in any seed",3,0,0,0,1,0.182341170585293
"historical_80_20_ward_k62",6,579267,"CD1c",1000,"no_detected_multimodality","neither test rejects in any seed",3,0,0,0,1,0.899426986220383
"historical_80_20_ward_k62",6,579267,"CD1c",5000,"no_detected_multimodality","neither test rejects in any seed",3,0,0,0,1,0.470485242621311
"historical_80_20_ward_k62",6,579267,"CD56",1000,"ambiguous","discordant_tests;seed_instability",3,0,0,2,1,0
"historical_80_20_ward_k62",6,579267,"CD56",5000,"detected_multimodality","both tests reject in at least two seeds",3,3,3,3,9.810464498472e-05,0
"historical_80_20_ward_k62",7,539001,"CD11c",1000,"ambiguous","discordant_tests;seed_instability",3,0,0,1,0.998925496429028,0.0337668834417209
"historical_80_20_ward_k62",7,539001,"CD11c",5000,"ambiguous","discordant_tests",3,0,0,3,0.463868521112019,0
"historical_80_20_ward_k62",7,539001,"CD159c_NKG2C",1000,"ambiguous","discordant_tests",3,0,0,3,0.803249743796716,0
"historical_80_20_ward_k62",7,539001,"CD159c_NKG2C",5000,"detected_multimodality","both tests reject in at least two seeds",3,3,3,3,0,0
"historical_80_20_ward_k62",7,539001,"CD16",1000,"no_detected_multimodality","neither test rejects in any seed",3,0,0,0,0.998925496429028,0.114807403701851
"historical_80_20_ward_k62",7,539001,"CD16",5000,"ambiguous","discordant_tests",3,0,0,3,1,0
"historical_80_20_ward_k62",7,539001,"CD38",1000,"no_detected_multimodality","neither test rejects in any seed",3,0,0,0,0.998925496429028,0.741832454688883
"historical_80_20_ward_k62",7,539001,"CD38",5000,"ambiguous","discordant_tests;seed_instability",3,0,0,1,1,0.0135067533766883
"historical_80_20_ward_k62",7,539001,"CD57",1000,"no_detected_multimodality","neither test rejects in any seed",3,0,0,0,0.998925496429028,0.836518259129565
"historical_80_20_ward_k62",7,539001,"CD57",5000,"no_detected_multimodality","neither test rejects in any seed",3,0,0,0,1,0.175587793896948
"historical_80_20_ward_k62",8,339294,"CD159c_NKG2C",1000,"no_detected_multimodality","neither test rejects in any seed",3,0,0,0,0.999217394626279,0.129664832416208
"historical_80_20_ward_k62",8,339294,"CD159c_NKG2C",5000,"detected_multimodality","both tests reject in at least two seeds",3,2,2,3,0.00289224096033425,0
"historical_80_20_ward_k62",8,339294,"CD56",1000,"ambiguous","discordant_tests;seed_instability",3,1,1,3,0.0242689351022262,0
"historical_80_20_ward_k62",8,339294,"CD56",5000,"detected_multimodality","both tests reject in at least two seeds",3,3,3,3,0,0
"historical_80_20_ward_k62",8,339294,"CD57",1000,"detected_multimodality","both tests reject in at least two seeds",3,3,3,3,0,0
"historical_80_20_ward_k62",8,339294,"CD57",5000,"detected_multimodality","both tests reject in at least two seeds",3,3,3,3,0,0
"historical_80_20_ward_k62",9,936977,"CD161",1000,"no_detected_multimodality","neither test rejects in any seed",3,0,0,0,1,0.787547619963828
"historical_80_20_ward_k62",9,936977,"CD161",5000,"no_detected_multimodality","neither test rejects in any seed",3,0,0,0,1,0.320785392696348
"historical_80_20_ward_k62",9,936977,"CD27",1000,"no_detected_multimodality","neither test rejects in any seed",3,0,0,0,1,0.401825912956478
"historical_80_20_ward_k62",9,936977,"CD27",5000,"no_detected_multimodality","neither test rejects in any seed",3,0,0,0,1,0.321267776745516
"historical_80_20_ward_k62",9,936977,"CD45RA",1000,"detected_multimodality","both tests reject in at least two seeds",3,3,3,3,0,0
"historical_80_20_ward_k62",9,936977,"CD45RA",5000,"detected_multimodality","both tests reject in at least two seeds",3,3,3,3,0,0
"historical_80_20_ward_k62",9,936977,"CD56",1000,"detected_multimodality","both tests reject in at least two seeds",3,3,3,3,0,0
"historical_80_20_ward_k62",9,936977,"CD56",5000,"detected_multimodality","both tests reject in at least two seeds",3,3,3,3,0,0
"historical_80_20_ward_k62",10,290579,"CD11c",1000,"detected_multimodality","both tests reject in at least two seeds",3,2,2,3,0.0145058003279011,0
"historical_80_20_ward_k62",10,290579,"CD11c",5000,"detected_multimodality","both tests reject in at least two seeds",3,3,3,3,0,0
"historical_80_20_ward_k62",10,290579,"CD16",1000,"detected_multimodality","both tests reject in at least two seeds",3,3,3,3,0,0
"historical_80_20_ward_k62",10,290579,"CD16",5000,"detected_multimodality","both tests reject in at least two seeds",3,3,3,3,0,0
"historical_80_20_ward_k62",10,290579,"CD1c",1000,"no_detected_multimodality","neither test rejects in any seed",3,0,0,0,1,0.574037018509255
"historical_80_20_ward_k62",10,290579,"CD1c",5000,"no_detected_multimodality","neither test rejects in any seed",3,0,0,0,1,0.129664832416208
"historical_80_20_ward_k62",10,290579,"CD21",1000,"no_detected_multimodality","neither test rejects in any seed",3,0,0,0,1,0.574037018509255
"historical_80_20_ward_k62",10,290579,"CD21",5000,"no_detected_multimodality","neither test rejects in any seed",3,0,0,0,1,0.790145072536268
"historical_80_20_ward_k62",10,290579,"CD294_CRTH2",1000,"no_detected_multimodality","neither test rejects in any seed",3,0,0,0,1,0.728721503608947
"historical_80_20_ward_k62",10,290579,"CD294_CRTH2",5000,"no_detected_multimodality","neither test rejects in any seed",3,0,0,0,1,0.553776888444222
"historical_80_20_ward_k62",10,290579,"CD3",1000,"detected_multimodality","both tests reject in at least two seeds",3,3,3,3,0,0
"historical_80_20_ward_k62",10,290579,"CD3",5000,"detected_multimodality","both tests reject in at least two seeds",3,3,3,3,0,0
"historical_80_20_ward_k62",10,290579,"CD56",1000,"detected_multimodality","both tests reject in at least two seeds",3,3,3,3,0,0
"historical_80_20_ward_k62",10,290579,"CD56",5000,"detected_multimodality","both tests reject in at least two seeds",3,3,3,3,0,0
"historical_80_20_ward_k62",11,424413,"CD185_CXCR5",1000,"no_detected_multimodality","neither test rejects in any seed",3,0,0,0,0.999455594208781,0.646823411705853
"historical_80_20_ward_k62",11,424413,"CD185_CXCR5",5000,"no_detected_multimodality","neither test rejects in any seed",3,0,0,0,1,0.937218609304652
"historical_80_20_ward_k62",11,424413,"CD8",1000,"ambiguous","borderline_q",3,0,0,0,0.999455594208781,0.0540270135067534
"historical_80_20_ward_k62",11,424413,"CD8",5000,"ambiguous","discordant_tests;seed_instability;borderline_q",3,0,0,2,1,0
"historical_80_20_ward_k62",11,424413,"TCRgd_CD141",1000,"no_detected_multimodality","neither test rejects in any seed",3,0,0,0,0.999455594208781,0.722611305652826
"historical_80_20_ward_k62",11,424413,"TCRgd_CD141",5000,"no_detected_multimodality","neither test rejects in any seed",3,0,0,0,1,0.781462159651254
"historical_80_20_ward_k62",12,385569,"CD11c",1000,"detected_multimodality","both tests reject in at least two seeds",3,3,3,3,0.000625152889441205,0
"historical_80_20_ward_k62",12,385569,"CD11c",5000,"detected_multimodality","both tests reject in at least two seeds",3,3,3,3,0,0
"historical_80_20_ward_k62",12,385569,"CD56",1000,"ambiguous","discordant_tests;seed_instability",3,1,1,3,0.0145383843782874,0
"historical_80_20_ward_k62",12,385569,"CD56",5000,"detected_multimodality","both tests reject in at least two seeds",3,3,3,3,0,0
"historical_80_20_ward_k62",12,385569,"CD8",1000,"ambiguous","discordant_tests;seed_instability",3,0,0,2,0.998811350921386,0.00450225112556278
"historical_80_20_ward_k62",12,385569,"CD8",5000,"detected_multimodality","both tests reject in at least two seeds",3,3,3,3,0.00111776379426376,0
"historical_80_20_ward_k62",13,1290392,"CD161",1000,"no_detected_multimodality","neither test rejects in any seed",3,0,0,0,0.998496553815367,0.358679339669835
"historical_80_20_ward_k62",13,1290392,"CD161",5000,"no_detected_multimodality","neither test rejects in any seed",3,0,0,0,1,0.821210605302651
"historical_80_20_ward_k62",13,1290392,"CD185_CXCR5",1000,"no_detected_multimodality","neither test rejects in any seed",3,0,0,0,0.998496553815367,0.381872754559098
"historical_80_20_ward_k62",13,1290392,"CD185_CXCR5",5000,"no_detected_multimodality","neither test rejects in any seed",3,0,0,0,1,0.335980490245123
"historical_80_20_ward_k62",13,1290392,"CD27",1000,"ambiguous","discordant_tests;seed_instability",3,0,0,1,0.998496553815367,0.00675337668834417
"historical_80_20_ward_k62",13,1290392,"CD27",5000,"detected_multimodality","both tests reject in at least two seeds",3,3,3,3,0.00116156871352319,0
"historical_80_20_ward_k62",13,1290392,"CD45RA",1000,"detected_multimodality","both tests reject in at least two seeds",3,2,2,3,0.0346103562301963,0
"historical_80_20_ward_k62",13,1290392,"CD45RA",5000,"detected_multimodality","both tests reject in at least two seeds",3,3,3,3,0,0
"historical_80_20_ward_k62",13,1290392,"CD7",1000,"no_detected_multimodality","neither test rejects in any seed",3,0,0,0,0.998496553815367,0.358679339669835
"historical_80_20_ward_k62",13,1290392,"CD7",5000,"no_detected_multimodality","neither test rejects in any seed",3,0,0,0,1,0.151950975487744
"historical_80_20_ward_k62",13,1290392,"TCRgd_CD141",1000,"no_detected_multimodality","neither test rejects in any seed",3,0,0,0,0.998496553815367,0.730865432716358
"historical_80_20_ward_k62",13,1290392,"TCRgd_CD141",5000,"no_detected_multimodality","neither test rejects in any seed",3,0,0,0,1,0.870060030015007
"historical_80_20_ward_k62",14,159733,"CD16",1000,"no_detected_multimodality","neither test rejects in any seed",3,0,0,0,0.99989751784288,0.862764715691179
"historical_80_20_ward_k62",14,159733,"CD16",5000,"no_detected_multimodality","neither test rejects in any seed",3,0,0,0,1,0.93050692012673
"historical_80_20_ward_k62",14,159733,"CD185_CXCR5",1000,"no_detected_multimodality","neither test rejects in any seed",3,0,0,0,0.99989751784288,0.140470235117559
"historical_80_20_ward_k62",14,159733,"CD185_CXCR5",5000,"ambiguous","discordant_tests",3,0,0,3,1,0
"historical_80_20_ward_k62",14,159733,"CD1c",1000,"no_detected_multimodality","neither test rejects in any seed",3,0,0,0,0.99989751784288,0.862764715691179
"historical_80_20_ward_k62",14,159733,"CD1c",5000,"no_detected_multimodality","neither test rejects in any seed",3,0,0,0,1,0.805718648798083
"historical_80_20_ward_k62",14,159733,"CD21",1000,"no_detected_multimodality","neither test rejects in any seed",3,0,0,0,0.99989751784288,0.613473403368351
"historical_80_20_ward_k62",14,159733,"CD21",5000,"no_detected_multimodality","neither test rejects in any seed",3,0,0,0,1,0.704352176088044
"historical_80_20_ward_k62",14,159733,"CD38",1000,"detected_multimodality","both tests reject in at least two seeds",3,3,3,3,0.000673723460384967,0
"historical_80_20_ward_k62",14,159733,"CD38",5000,"detected_multimodality","both tests reject in at least two seeds",3,3,3,3,0,0
"historical_80_20_ward_k62",14,159733,"CD45RA",1000,"ambiguous","discordant_tests;seed_instability",3,0,0,1,0.99989751784288,0.00433550108387527
"historical_80_20_ward_k62",14,159733,"CD45RA",5000,"ambiguous","discordant_tests",3,0,0,3,0.129945229273663,0
"historical_80_20_ward_k62",14,159733,"CD7",1000,"ambiguous","discordant_tests;seed_instability",3,1,1,3,0.0106580352684473,0
"historical_80_20_ward_k62",14,159733,"CD7",5000,"detected_multimodality","both tests reject in at least two seeds",3,3,3,3,0,0
"historical_80_20_ward_k62",14,159733,"FoxP3",1000,"detected_multimodality","both tests reject in at least two seeds",3,3,3,3,0,0
"historical_80_20_ward_k62",14,159733,"FoxP3",5000,"detected_multimodality","both tests reject in at least two seeds",3,3,3,3,0,0
"historical_80_20_ward_k62",15,566127,"CD161",1000,"ambiguous","discordant_tests;seed_instability",3,1,1,3,0.00578332563238587,0
"historical_80_20_ward_k62",15,566127,"CD161",5000,"detected_multimodality","both tests reject in at least two seeds",3,3,3,3,0,0
"historical_80_20_ward_k62",15,566127,"CD27",1000,"detected_multimodality","both tests reject in at least two seeds",3,3,3,3,0.000365670003361185,0
"historical_80_20_ward_k62",15,566127,"CD27",5000,"detected_multimodality","both tests reject in at least two seeds",3,3,3,3,0,0
"historical_80_20_ward_k62",16,748192,"CD11c",1000,"no_detected_multimodality","neither test rejects in any seed",3,0,0,0,1,0.862502679911384
"historical_80_20_ward_k62",16,748192,"CD11c",5000,"no_detected_multimodality","neither test rejects in any seed",3,0,0,0,1,0.730865432716358
"historical_80_20_ward_k62",16,748192,"CD127",1000,"ambiguous","borderline_q",3,0,0,0,1,0.0877938969484742
"historical_80_20_ward_k62",16,748192,"CD127",5000,"no_detected_multimodality","neither test rejects in any seed",3,0,0,0,1,0.565595297648824
"historical_80_20_ward_k62",16,748192,"CD14",1000,"no_detected_multimodality","neither test rejects in any seed",3,0,0,0,1,0.955295829733048
"historical_80_20_ward_k62",16,748192,"CD14",5000,"no_detected_multimodality","neither test rejects in any seed",3,0,0,0,1,0.726663331665833
"historical_80_20_ward_k62",16,748192,"CD161",1000,"no_detected_multimodality","neither test rejects in any seed",3,0,0,0,1,0.796898449224612
"historical_80_20_ward_k62",16,748192,"CD161",5000,"ambiguous","discordant_tests;seed_instability",3,0,0,2,1,0.00900450225112556
"historical_80_20_ward_k62",16,748192,"CD27",1000,"detected_multimodality","both tests reject in at least two seeds",3,3,3,3,0,0
"historical_80_20_ward_k62",16,748192,"CD27",5000,"detected_multimodality","both tests reject in at least two seeds",3,3,3,3,0,0
"historical_80_20_ward_k62",16,748192,"CD303_TCRvd2",1000,"no_detected_multimodality","neither test rejects in any seed",3,0,0,0,1,0.209354677338669
"historical_80_20_ward_k62",16,748192,"CD303_TCRvd2",5000,"ambiguous","discordant_tests",3,0,0,3,1,0
"historical_80_20_ward_k62",16,748192,"CD4",1000,"no_detected_multimodality","neither test rejects in any seed",3,0,0,0,1,0.997498749374687
"historical_80_20_ward_k62",16,748192,"CD4",5000,"no_detected_multimodality","neither test rejects in any seed",3,0,0,0,1,0.91575787893947
"historical_80_20_ward_k62",16,748192,"CD56",1000,"no_detected_multimodality","neither test rejects in any seed",3,0,0,0,1,0.877938969484742
"historical_80_20_ward_k62",16,748192,"CD56",5000,"no_detected_multimodality","neither test rejects in any seed",3,0,0,0,1,0.548374187093547
"historical_80_20_ward_k62",17,140544,"CD161",1000,"detected_multimodality","both tests reject in at least two seeds",3,3,3,3,2.54991829371498e-05,0
"historical_80_20_ward_k62",17,140544,"CD161",5000,"detected_multimodality","both tests reject in at least two seeds",3,3,3,3,0,0
"historical_80_20_ward_k62",17,140544,"CD27",1000,"detected_multimodality","both tests reject in at least two seeds",3,3,3,3,0,0
"historical_80_20_ward_k62",17,140544,"CD27",5000,"detected_multimodality","both tests reject in at least two seeds",3,3,3,3,0,0
"historical_80_20_ward_k62",17,140544,"CD3",1000,"no_detected_multimodality","neither test rejects in any seed",3,0,0,0,1,0.909454727363682
"historical_80_20_ward_k62",17,140544,"CD3",5000,"no_detected_multimodality","neither test rejects in any seed",3,0,0,0,1,0.939333303015144
"historical_80_20_ward_k62",17,140544,"CD56",1000,"detected_multimodality","both tests reject in at least two seeds",3,3,3,3,0,0
"historical_80_20_ward_k62",17,140544,"CD56",5000,"detected_multimodality","both tests reject in at least two seeds",3,3,3,3,0,0
"historical_80_20_ward_k62",17,140544,"CD7",1000,"no_detected_multimodality","neither test rejects in any seed",3,0,0,0,1,0.2489101693704
"historical_80_20_ward_k62",17,140544,"CD7",5000,"no_detected_multimodality","neither test rejects in any seed",3,0,0,0,1,0.939333303015144
"historical_80_20_ward_k62",17,140544,"Tbet",1000,"ambiguous","borderline_q",3,0,0,0,1,0.0837418709354677
"historical_80_20_ward_k62",17,140544,"Tbet",5000,"no_detected_multimodality","neither test rejects in any seed",3,0,0,0,1,0.939333303015144
"historical_80_20_ward_k62",18,703126,"CD127",1000,"no_detected_multimodality","neither test rejects in any seed",3,0,0,0,1,0.131690845422711
"historical_80_20_ward_k62",18,703126,"CD127",5000,"ambiguous","discordant_tests",3,0,0,3,0.824091689835706,0
"historical_80_20_ward_k62",18,703126,"CD16",1000,"detected_multimodality","both tests reject in at least two seeds",3,2,2,3,0.000521506021623819,0
"historical_80_20_ward_k62",18,703126,"CD16",5000,"detected_multimodality","both tests reject in at least two seeds",3,3,3,3,0,0
"historical_80_20_ward_k62",18,703126,"CD185_CXCR5",1000,"no_detected_multimodality","neither test rejects in any seed",3,0,0,0,1,0.121560780390195
"historical_80_20_ward_k62",18,703126,"CD185_CXCR5",5000,"ambiguous","discordant_tests;borderline_q",3,0,0,3,0.0731783969357972,0
"historical_80_20_ward_k62",18,703126,"CD197_CCR7",1000,"no_detected_multimodality","neither test rejects in any seed",3,0,0,0,1,0.204530836846995
"historical_80_20_ward_k62",18,703126,"CD197_CCR7",5000,"ambiguous","discordant_tests;seed_instability",3,0,0,1,1,0.0395554920317302
"historical_80_20_ward_k62",18,703126,"CD21",1000,"ambiguous","discordant_tests",3,0,0,3,1,0
"historical_80_20_ward_k62",18,703126,"CD21",5000,"detected_multimodality","both tests reject in at least two seeds",3,3,3,3,0,0
"historical_80_20_ward_k62",18,703126,"CD25",1000,"no_detected_multimodality","neither test rejects in any seed",3,0,0,0,1,0.696562566997785
"historical_80_20_ward_k62",18,703126,"CD25",5000,"ambiguous","discordant_tests",3,0,0,3,1,0.00540270135067534
"historical_80_20_ward_k62",18,703126,"CD3",1000,"no_detected_multimodality","neither test rejects in any seed",3,0,0,0,1,0.691095547773887
"historical_80_20_ward_k62",18,703126,"CD3",5000,"ambiguous","discordant_tests",3,0,0,3,0.53012506561167,0
"historical_80_20_ward_k62",18,703126,"CD38",1000,"ambiguous","discordant_tests;seed_instability;borderline_q",3,0,0,1,1,0.0135067533766883
"historical_80_20_ward_k62",18,703126,"CD38",5000,"detected_multimodality","both tests reject in at least two seeds",3,2,2,3,0.0122294417829086,0
"historical_80_20_ward_k62",18,703126,"CD45RA",1000,"ambiguous","discordant_tests;seed_instability",3,0,0,1,0.669653889802073,0.00900450225112556
"historical_80_20_ward_k62",18,703126,"CD45RA",5000,"ambiguous","discordant_tests",3,0,0,3,0.220840704300314,0
"historical_80_20_ward_k62",18,703126,"CD8",1000,"no_detected_multimodality","neither test rejects in any seed",3,0,0,0,1,0.351175587793897
"historical_80_20_ward_k62",18,703126,"CD8",5000,"no_detected_multimodality","neither test rejects in any seed",3,0,0,0,1,0.209804902451226
"historical_80_20_ward_k62",19,270778,"CD11c",1000,"ambiguous","discordant_tests;seed_instability",3,0,0,1,0.998814749221529,0.0337668834417209
"historical_80_20_ward_k62",19,270778,"CD11c",5000,"ambiguous","discordant_tests;seed_instability",3,0,0,1,0.147052736323588,0
"historical_80_20_ward_k62",19,270778,"CD19",1000,"no_detected_multimodality","neither test rejects in any seed",3,0,0,0,0.998814749221529,0.952976488244122
"historical_80_20_ward_k62",19,270778,"CD19",5000,"no_detected_multimodality","neither test rejects in any seed",3,0,0,0,1,0.883941970985493
"historical_80_20_ward_k62",19,270778,"CD56",1000,"ambiguous","discordant_tests;seed_instability",3,0,0,2,0.161073312652492,0
"historical_80_20_ward_k62",19,270778,"CD56",5000,"detected_multimodality","both tests reject in at least two seeds",3,3,3,3,0.00378844389731214,0
"historical_80_20_ward_k62",19,270778,"CD7",1000,"no_detected_multimodality","neither test rejects in any seed",3,0,0,0,0.998814749221529,0.378189094547274
"historical_80_20_ward_k62",19,270778,"CD7",5000,"no_detected_multimodality","neither test rejects in any seed",3,0,0,0,1,0.108054027013507
"historical_80_20_ward_k62",19,270778,"Tbet",1000,"ambiguous","discordant_tests;seed_instability",3,0,0,1,0.998814749221529,0.0360180090045022
"historical_80_20_ward_k62",19,270778,"Tbet",5000,"ambiguous","discordant_tests;borderline_q",3,0,0,3,0.0709616677715531,0
"historical_80_20_ward_k62",20,184201,"CD185_CXCR5",1000,"no_detected_multimodality","neither test rejects in any seed",3,0,0,0,0.998669527092593,0.866683341670835
"historical_80_20_ward_k62",20,184201,"CD185_CXCR5",5000,"no_detected_multimodality","neither test rejects in any seed",3,0,0,0,1,0.647096275410432
"historical_80_20_ward_k62",20,184201,"CD197_CCR7",1000,"no_detected_multimodality","neither test rejects in any seed",3,0,0,0,0.998669527092593,0.866683341670835
"historical_80_20_ward_k62",20,184201,"CD197_CCR7",5000,"no_detected_multimodality","neither test rejects in any seed",3,0,0,0,1,0.732741370685343
"historical_80_20_ward_k62",20,184201,"CD27",1000,"detected_multimodality","both tests reject in at least two seeds",3,2,2,3,0,0
"historical_80_20_ward_k62",20,184201,"CD27",5000,"detected_multimodality","both tests reject in at least two seeds",3,3,3,3,0,0
"historical_80_20_ward_k62",20,184201,"CD303_TCRvd2",1000,"no_detected_multimodality","neither test rejects in any seed",3,0,0,0,0.998669527092593,0.135067533766883
"historical_80_20_ward_k62",20,184201,"CD303_TCRvd2",5000,"ambiguous","discordant_tests",3,0,0,3,1,0
"historical_80_20_ward_k62",20,184201,"CD4",1000,"ambiguous","discordant_tests;seed_instability",3,0,0,2,0.209964944345852,0
"historical_80_20_ward_k62",20,184201,"CD4",5000,"detected_multimodality","both tests reject in at least two seeds",3,3,3,3,0,0
"historical_80_20_ward_k62",20,184201,"FoxP3",1000,"no_detected_multimodality","neither test rejects in any seed",3,0,0,0,0.998669527092593,0.316443936253841
"historical_80_20_ward_k62",20,184201,"FoxP3",5000,"no_detected_multimodality","neither test rejects in any seed",3,0,0,0,1,0.900900450225113
"historical_80_20_ward_k62",21,1792139,"CD127",1000,"ambiguous","discordant_tests;seed_instability",3,0,0,1,0.441507891660224,0
"historical_80_20_ward_k62",21,1792139,"CD127",5000,"ambiguous","discordant_tests;seed_instability",3,0,0,2,0.203962421168825,0
"historical_80_20_ward_k62",21,1792139,"CD27",1000,"ambiguous","discordant_tests",3,0,0,3,0.120623102162138,0
"historical_80_20_ward_k62",21,1792139,"CD27",5000,"detected_multimodality","both tests reject in at least two seeds",3,3,3,3,0,0
"historical_80_20_ward_k62",21,1792139,"Tbet",1000,"no_detected_multimodality","neither test rejects in any seed",3,0,0,0,1,0.945472736368184
"historical_80_20_ward_k62",21,1792139,"Tbet",5000,"ambiguous","borderline_q",3,0,0,0,1,0.0607803901950975
"historical_80_20_ward_k62",22,167693,"CD16",1000,"ambiguous","discordant_tests",3,0,0,3,1,0.00450225112556278
"historical_80_20_ward_k62",22,167693,"CD16",5000,"ambiguous","discordant_tests;seed_instability;borderline_q",3,1,1,3,0.00541375043452291,0
"historical_80_20_ward_k62",22,167693,"CD185_CXCR5",1000,"no_detected_multimodality","neither test rejects in any seed",3,0,0,0,1,0.930345172586293
"historical_80_20_ward_k62",22,167693,"CD185_CXCR5",5000,"no_detected_multimodality","neither test rejects in any seed",3,0,0,0,1,0.899009504752376
"historical_80_20_ward_k62",22,167693,"CD56",1000,"ambiguous","discordant_tests;seed_instability",3,0,0,1,1,0
"historical_80_20_ward_k62",22,167693,"CD56",5000,"ambiguous","discordant_tests;seed_instability;borderline_q",3,1,1,3,0.00906866884414792,0
"historical_80_20_ward_k62",22,167693,"CD57",1000,"detected_multimodality","both tests reject in at least two seeds",3,3,3,3,0,0
"historical_80_20_ward_k62",22,167693,"CD57",5000,"detected_multimodality","both tests reject in at least two seeds",3,3,3,3,0,0
"historical_80_20_ward_k62",22,167693,"FoxP3",1000,"no_detected_multimodality","neither test rejects in any seed",3,0,0,0,1,0.436075180447367
"historical_80_20_ward_k62",22,167693,"FoxP3",5000,"no_detected_multimodality","neither test rejects in any seed",3,0,0,0,1,0.218809404702351
"historical_80_20_ward_k62",22,167693,"TCRgd_CD141",1000,"no_detected_multimodality","neither test rejects in any seed",3,0,0,0,1,0.719234617308654
"historical_80_20_ward_k62",22,167693,"TCRgd_CD141",5000,"no_detected_multimodality","neither test rejects in any seed",3,0,0,0,1,0.303901950975488
"historical_80_20_ward_k62",23,29062,"CD11c",1000,"no_detected_multimodality","neither test rejects in any seed",3,0,0,0,0.99757578105935,0.118859429714857
"historical_80_20_ward_k62",23,29062,"CD11c",5000,"ambiguous","discordant_tests;seed_instability;borderline_q",3,0,0,1,0.999202176021905,0.0115057528764382
"historical_80_20_ward_k62",23,29062,"CD127",1000,"detected_multimodality","both tests reject in at least two seeds",3,3,3,3,0,0
"historical_80_20_ward_k62",23,29062,"CD127",5000,"detected_multimodality","both tests reject in at least two seeds",3,3,3,3,0,0
"historical_80_20_ward_k62",23,29062,"CD159c_NKG2C",1000,"detected_multimodality","both tests reject in at least two seeds",3,3,3,3,0,0
"historical_80_20_ward_k62",23,29062,"CD159c_NKG2C",5000,"detected_multimodality","both tests reject in at least two seeds",3,3,3,3,0,0
"historical_80_20_ward_k62",23,29062,"CD161",1000,"detected_multimodality","both tests reject in at least two seeds",3,3,3,3,2.55266123736497e-05,0
"historical_80_20_ward_k62",23,29062,"CD161",5000,"detected_multimodality","both tests reject in at least two seeds",3,3,3,3,0,0
"historical_80_20_ward_k62",23,29062,"CD19",1000,"detected_multimodality","both tests reject in at least two seeds",3,3,3,3,0,0
"historical_80_20_ward_k62",23,29062,"CD19",5000,"detected_multimodality","both tests reject in at least two seeds",3,3,3,3,0,0
"historical_80_20_ward_k62",23,29062,"CD27",1000,"detected_multimodality","both tests reject in at least two seeds",3,3,3,3,0,0
"historical_80_20_ward_k62",23,29062,"CD27",5000,"detected_multimodality","both tests reject in at least two seeds",3,3,3,3,0,0
"historical_80_20_ward_k62",23,29062,"CD294_CRTH2",1000,"detected_multimodality","both tests reject in at least two seeds",3,3,3,3,0,0
"historical_80_20_ward_k62",23,29062,"CD294_CRTH2",5000,"detected_multimodality","both tests reject in at least two seeds",3,3,3,3,0,0
"historical_80_20_ward_k62",23,29062,"CD3",1000,"no_detected_multimodality","neither test rejects in any seed",3,0,0,0,0.99757578105935,0.232479876301787
"historical_80_20_ward_k62",23,29062,"CD3",5000,"ambiguous","discordant_tests;seed_instability;borderline_q",3,1,1,3,0.0112883358232384,0
"historical_80_20_ward_k62",23,29062,"CD45RA",1000,"ambiguous","discordant_tests",3,0,0,3,0.349856741080686,0
"historical_80_20_ward_k62",23,29062,"CD45RA",5000,"detected_multimodality","both tests reject in at least two seeds",3,3,3,3,6.1185955708698e-06,0
"historical_80_20_ward_k62",23,29062,"CD56",1000,"ambiguous","discordant_tests;seed_instability;borderline_q",3,0,0,2,0.134495997281566,0
"historical_80_20_ward_k62",23,29062,"CD56",5000,"detected_multimodality","both tests reject in at least two seeds",3,3,3,3,0,0
"historical_80_20_ward_k62",23,29062,"CD57",1000,"no_detected_multimodality","neither test rejects in any seed",3,0,0,0,0.99757578105935,0.398866099716525
"historical_80_20_ward_k62",23,29062,"CD57",5000,"ambiguous","discordant_tests",3,0,0,3,0.901778727580785,0.00209195506844331
"historical_80_20_ward_k62",23,29062,"HLA-DR",1000,"no_detected_multimodality","neither test rejects in any seed",3,0,0,0,0.99757578105935,0.396425485470008
"historical_80_20_ward_k62",23,29062,"HLA-DR",5000,"ambiguous","discordant_tests;seed_instability",3,0,0,1,0.668869434929426,0.0190095047523762
"historical_80_20_ward_k62",24,199766,"CD56",1000,"detected_multimodality","both tests reject in at least two seeds",3,3,3,3,0,0
"historical_80_20_ward_k62",24,199766,"CD56",5000,"detected_multimodality","both tests reject in at least two seeds",3,3,3,3,0,0
"historical_80_20_ward_k62",24,199766,"CD8",1000,"no_detected_multimodality","neither test rejects in any seed",3,0,0,0,1,0.853768989758037
"historical_80_20_ward_k62",24,199766,"CD8",5000,"no_detected_multimodality","neither test rejects in any seed",3,0,0,0,1,0.807288259514373
"historical_80_20_ward_k62",24,199766,"FoxP3",1000,"no_detected_multimodality","neither test rejects in any seed",3,0,0,0,1,0.794647323661831
"historical_80_20_ward_k62",24,199766,"FoxP3",5000,"no_detected_multimodality","neither test rejects in any seed",3,0,0,0,1,0.807288259514373
"historical_80_20_ward_k62",25,942694,"CD197_CCR7",1000,"no_detected_multimodality","neither test rejects in any seed",3,0,0,0,0.999643378089789,0.957421018201408
"historical_80_20_ward_k62",25,942694,"CD197_CCR7",5000,"no_detected_multimodality","neither test rejects in any seed",3,0,0,0,1,0.636746944901022
"historical_80_20_ward_k62",25,942694,"CD27",1000,"detected_multimodality","both tests reject in at least two seeds",3,3,3,3,0,0
"historical_80_20_ward_k62",25,942694,"CD27",5000,"detected_multimodality","both tests reject in at least two seeds",3,3,3,3,0,0
"historical_80_20_ward_k62",25,942694,"CD7",1000,"no_detected_multimodality","neither test rejects in any seed",3,0,0,0,0.999643378089789,0.141820910455228
"historical_80_20_ward_k62",25,942694,"CD7",5000,"ambiguous","discordant_tests;seed_instability",3,0,0,2,1,0.00675337668834417
"historical_80_20_ward_k62",26,179350,"CD11c",1000,"detected_multimodality","both tests reject in at least two seeds",3,3,3,3,6.88157130559475e-05,0
"historical_80_20_ward_k62",26,179350,"CD11c",5000,"detected_multimodality","both tests reject in at least two seeds",3,3,3,3,0,0
"historical_80_20_ward_k62",26,179350,"CD16",1000,"no_detected_multimodality","neither test rejects in any seed",3,0,0,0,0.996584091684037,0.585011255627814
"historical_80_20_ward_k62",26,179350,"CD16",5000,"no_detected_multimodality","neither test rejects in any seed",3,0,0,0,1,0.206653326663332
"historical_80_20_ward_k62",26,179350,"CD19",1000,"ambiguous","discordant_tests;seed_instability",3,0,0,1,0.996584091684037,0.0325162581290645
"historical_80_20_ward_k62",26,179350,"CD19",5000,"detected_multimodality","both tests reject in at least two seeds",3,2,2,3,0.0232501873183381,0
"historical_80_20_ward_k62",26,179350,"CD25",1000,"no_detected_multimodality","neither test rejects in any seed",3,0,0,0,0.996584091684037,0.163510326591867
"historical_80_20_ward_k62",26,179350,"CD25",5000,"ambiguous","discordant_tests;borderline_q",3,0,0,3,0.0856688458309833,0
"historical_80_20_ward_k62",26,179350,"CD303_TCRvd2",1000,"no_detected_multimodality","neither test rejects in any seed",3,0,0,0,0.996584091684037,0.368059029514757
"historical_80_20_ward_k62",26,179350,"CD303_TCRvd2",5000,"ambiguous","discordant_tests",3,0,0,3,1,0.0105052526263132
"historical_80_20_ward_k62",26,179350,"CD45RA",1000,"ambiguous","discordant_tests;seed_instability;borderline_q",3,0,0,1,0.996584091684037,0.00540270135067534
"historical_80_20_ward_k62",26,179350,"CD45RA",5000,"no_detected_multimodality","neither test rejects in any seed",3,0,0,0,1,0.205057073991541
"historical_80_20_ward_k62",26,179350,"CD56",1000,"no_detected_multimodality","neither test rejects in any seed",3,0,0,0,0.996584091684037,0.498710893908493
"historical_80_20_ward_k62",26,179350,"CD56",5000,"ambiguous","discordant_tests",3,0,0,3,0.688829484582106,0
"historical_80_20_ward_k62",26,179350,"CD57",1000,"no_detected_multimodality","neither test rejects in any seed",3,0,0,0,0.996584091684037,0.51415707853927
"historical_80_20_ward_k62",26,179350,"CD57",5000,"ambiguous","discordant_tests",3,0,0,3,1,0
"historical_80_20_ward_k62",26,179350,"HLA-DR",1000,"detected_multimodality","both tests reject in at least two seeds",3,3,3,3,0,0
"historical_80_20_ward_k62",26,179350,"HLA-DR",5000,"detected_multimodality","both tests reject in at least two seeds",3,3,3,3,0,0
"historical_80_20_ward_k62",26,179350,"TCRgd_CD141",1000,"ambiguous","discordant_tests",3,0,0,3,0.725364052424326,0
"historical_80_20_ward_k62",26,179350,"TCRgd_CD141",5000,"detected_multimodality","both tests reject in at least two seeds",3,3,3,3,7.42730632526944e-05,0
"historical_80_20_ward_k62",27,250087,"CD161",1000,"ambiguous","discordant_tests;seed_instability",3,1,1,3,0.0208821976618814,0
"historical_80_20_ward_k62",27,250087,"CD161",5000,"detected_multimodality","both tests reject in at least two seeds",3,3,3,3,0,0
"historical_80_20_ward_k62",27,250087,"CD3",1000,"detected_multimodality","both tests reject in at least two seeds",3,3,3,3,0,0
"historical_80_20_ward_k62",27,250087,"CD3",5000,"detected_multimodality","both tests reject in at least two seeds",3,3,3,3,0,0
"historical_80_20_ward_k62",27,250087,"CD303_TCRvd2",1000,"no_detected_multimodality","neither test rejects in any seed",3,0,0,0,0.997832094976505,0.73322375473451
"historical_80_20_ward_k62",27,250087,"CD303_TCRvd2",5000,"no_detected_multimodality","neither test rejects in any seed",3,0,0,0,1,0.567283641820911
"historical_80_20_ward_k62",27,250087,"CD4",1000,"detected_multimodality","both tests reject in at least two seeds",3,3,3,3,0,0
"historical_80_20_ward_k62",27,250087,"CD4",5000,"detected_multimodality","both tests reject in at least two seeds",3,3,3,3,0,0
"historical_80_20_ward_k62",28,632482,"CD127",1000,"ambiguous","discordant_tests",3,0,0,3,0.251917177384917,0
"historical_80_20_ward_k62",28,632482,"CD127",5000,"ambiguous","discordant_tests;seed_instability",3,1,1,3,0.0121040196813521,0
"historical_80_20_ward_k62",28,632482,"CD27",1000,"ambiguous","discordant_tests;seed_instability",3,1,1,2,0.00219173456855715,0
"historical_80_20_ward_k62",28,632482,"CD27",5000,"detected_multimodality","both tests reject in at least two seeds",3,3,3,3,0.000145921134561577,0
"historical_80_20_ward_k62",28,632482,"FoxP3",1000,"no_detected_multimodality","neither test rejects in any seed",3,0,0,0,1,0.653389194597299
"historical_80_20_ward_k62",28,632482,"FoxP3",5000,"no_detected_multimodality","neither test rejects in any seed",3,0,0,0,1,0.878501750875438
"historical_80_20_ward_k62",28,632482,"Tbet",1000,"ambiguous","discordant_tests;seed_instability;borderline_q",3,0,0,1,0.460972407698984,0.00675337668834417
"historical_80_20_ward_k62",28,632482,"Tbet",5000,"detected_multimodality","both tests reject in at least two seeds",3,3,3,3,0.000407801558206577,0
"historical_80_20_ward_k62",29,407233,"CD16",1000,"ambiguous","discordant_tests;seed_instability",3,0,0,1,0.502370570064336,0.0135067533766883
"historical_80_20_ward_k62",29,407233,"CD16",5000,"ambiguous","discordant_tests;seed_instability;borderline_q",3,0,0,1,0.496146055853416,0.00675337668834417
"historical_80_20_ward_k62",29,407233,"CD27",1000,"no_detected_multimodality","neither test rejects in any seed",3,0,0,0,1,0.946973486743372
"historical_80_20_ward_k62",29,407233,"CD27",5000,"ambiguous","discordant_tests",3,0,0,3,1,0
"historical_80_20_ward_k62",29,407233,"CD3",1000,"no_detected_multimodality","neither test rejects in any seed",3,0,0,0,1,0.940970485242621
"historical_80_20_ward_k62",29,407233,"CD3",5000,"no_detected_multimodality","neither test rejects in any seed",3,0,0,0,1,0.613206603301651
"historical_80_20_ward_k62",29,407233,"CD303_TCRvd2",1000,"no_detected_multimodality","neither test rejects in any seed",3,0,0,0,1,0.692896448224112
"historical_80_20_ward_k62",29,407233,"CD303_TCRvd2",5000,"no_detected_multimodality","neither test rejects in any seed",3,0,0,0,1,0.148574287143572
"historical_80_20_ward_k62",30,22279,"CD11c",1000,"no_detected_multimodality","neither test rejects in any seed",3,0,0,0,0.99865606235496,0.433566783391696
"historical_80_20_ward_k62",30,22279,"CD11c",5000,"ambiguous","discordant_tests;seed_instability",3,1,1,2,0.00603153544608157,0
"historical_80_20_ward_k62",30,22279,"CD127",1000,"ambiguous","discordant_tests;seed_instability",3,0,0,1,0.120355659875954,0.00168834417208604
"historical_80_20_ward_k62",30,22279,"CD127",5000,"ambiguous","discordant_tests;seed_instability",3,0,0,2,0.405719692658612,0.000844172086043021
"historical_80_20_ward_k62",30,22279,"CD159c_NKG2C",1000,"ambiguous","discordant_tests;seed_instability",3,0,0,1,0.99865606235496,0.0450225112556278
"historical_80_20_ward_k62",30,22279,"CD159c_NKG2C",5000,"ambiguous","discordant_tests",3,0,0,3,0.189698861750835,0
"historical_80_20_ward_k62",30,22279,"CD16",1000,"no_detected_multimodality","neither test rejects in any seed",3,0,0,0,0.99865606235496,0.134028552737907
"historical_80_20_ward_k62",30,22279,"CD16",5000,"ambiguous","discordant_tests",3,0,0,3,0.102732266248031,0
"historical_80_20_ward_k62",30,22279,"CD19",1000,"no_detected_multimodality","neither test rejects in any seed",3,0,0,0,0.99865606235496,0.336918459229615
"historical_80_20_ward_k62",30,22279,"CD19",5000,"ambiguous","discordant_tests",3,0,0,3,0.102732266248031,0
"historical_80_20_ward_k62",30,22279,"CD197_CCR7",1000,"ambiguous","discordant_tests;seed_instability;borderline_q",3,0,0,1,0.224015408015727,0.0212248981633674
"historical_80_20_ward_k62",30,22279,"CD197_CCR7",5000,"ambiguous","discordant_tests;seed_instability",3,1,1,3,0.00343852453694225,0
"historical_80_20_ward_k62",30,22279,"CD1c",1000,"no_detected_multimodality","neither test rejects in any seed",3,0,0,0,0.99865606235496,0.54734510112199
"historical_80_20_ward_k62",30,22279,"CD1c",5000,"ambiguous","discordant_tests",3,0,0,3,0.774281038181516,0
"historical_80_20_ward_k62",30,22279,"CD27",1000,"detected_multimodality","both tests reject in at least two seeds",3,3,3,3,0,0
"historical_80_20_ward_k62",30,22279,"CD27",5000,"detected_multimodality","both tests reject in at least two seeds",3,3,3,3,0,0
"historical_80_20_ward_k62",30,22279,"CD294_CRTH2",1000,"no_detected_multimodality","neither test rejects in any seed",3,0,0,0,0.99865606235496,0.336918459229615
"historical_80_20_ward_k62",30,22279,"CD294_CRTH2",5000,"ambiguous","discordant_tests;seed_instability;borderline_q",3,0,0,1,0.876855682405013,0.00225112556278139
"historical_80_20_ward_k62",30,22279,"CD3",1000,"detected_multimodality","both tests reject in at least two seeds",3,3,3,3,0.000102089352144452,0
"historical_80_20_ward_k62",30,22279,"CD3",5000,"detected_multimodality","both tests reject in at least two seeds",3,3,3,3,0,0
"historical_80_20_ward_k62",30,22279,"CD303_TCRvd2",1000,"no_detected_multimodality","neither test rejects in any seed",3,0,0,0,0.99865606235496,0.115772171800186
"historical_80_20_ward_k62",30,22279,"CD303_TCRvd2",5000,"detected_multimodality","both tests reject in at least two seeds",3,3,3,3,0.00530040280959043,0
"historical_80_20_ward_k62",30,22279,"CD4",1000,"ambiguous","borderline_q",3,0,0,0,0.99865606235496,0.0634817408704352
"historical_80_20_ward_k62",30,22279,"CD4",5000,"ambiguous","discordant_tests",3,0,0,3,0.223664961359124,0
"historical_80_20_ward_k62",30,22279,"CD45RA",1000,"ambiguous","discordant_tests;seed_instability",3,1,1,3,0.0358469087377273,0
"historical_80_20_ward_k62",30,22279,"CD45RA",5000,"detected_multimodality","both tests reject in at least two seeds",3,3,3,3,0,0
"historical_80_20_ward_k62",30,22279,"CD56",1000,"detected_multimodality","both tests reject in at least two seeds",3,3,3,3,0,0
"historical_80_20_ward_k62",30,22279,"CD56",5000,"detected_multimodality","both tests reject in at least two seeds",3,3,3,3,0,0
"historical_80_20_ward_k62",30,22279,"CD57",1000,"ambiguous","discordant_tests;seed_instability",3,1,1,3,0.0424908280013061,0
"historical_80_20_ward_k62",30,22279,"CD57",5000,"detected_multimodality","both tests reject in at least two seeds",3,2,2,3,0.00163478058836229,0
"historical_80_20_ward_k62",30,22279,"CD7",1000,"no_detected_multimodality","neither test rejects in any seed",3,0,0,0,0.99865606235496,0.121560780390195
"historical_80_20_ward_k62",30,22279,"CD7",5000,"detected_multimodality","both tests reject in at least two seeds",3,3,3,3,0.000237668318043061,0
"historical_80_20_ward_k62",30,22279,"Tbet",1000,"detected_multimodality","both tests reject in at least two seeds",3,3,3,3,0,0
"historical_80_20_ward_k62",30,22279,"Tbet",5000,"detected_multimodality","both tests reject in at least two seeds",3,3,3,3,0,0
"historical_80_20_ward_k62",30,22279,"TCRgd_CD141",1000,"ambiguous","discordant_tests;seed_instability",3,0,0,1,0.322624071122422,0
"historical_80_20_ward_k62",30,22279,"TCRgd_CD141",5000,"ambiguous","discordant_tests;seed_instability",3,0,0,1,0.780572009388265,0.0289430429500465
"historical_80_20_ward_k62",31,402265,"CD11c",1000,"no_detected_multimodality","neither test rejects in any seed",3,0,0,0,1,0.595797898949475
"historical_80_20_ward_k62",31,402265,"CD11c",5000,"no_detected_multimodality","neither test rejects in any seed",3,0,0,0,1,0.643821910955478
"historical_80_20_ward_k62",31,402265,"CD127",1000,"ambiguous","discordant_tests;seed_instability",3,0,0,1,1,0.0135067533766883
"historical_80_20_ward_k62",31,402265,"CD127",5000,"ambiguous","discordant_tests;seed_instability",3,0,0,2,0.315111919398527,0
"historical_80_20_ward_k62",31,402265,"CD27",1000,"detected_multimodality","both tests reject in at least two seeds",3,2,2,3,0.00229567400120539,0
"historical_80_20_ward_k62",31,402265,"CD27",5000,"detected_multimodality","both tests reject in at least two seeds",3,3,3,3,0,0
"historical_80_20_ward_k62",31,402265,"CD38",1000,"no_detected_multimodality","neither test rejects in any seed",3,0,0,0,1,0.87970071992518
"historical_80_20_ward_k62",31,402265,"CD38",5000,"no_detected_multimodality","neither test rejects in any seed",3,0,0,0,1,0.24312156078039
"historical_80_20_ward_k62",31,402265,"CD45RA",1000,"detected_multimodality","both tests reject in at least two seeds",3,3,3,3,0,0
"historical_80_20_ward_k62",31,402265,"CD45RA",5000,"detected_multimodality","both tests reject in at least two seeds",3,3,3,3,0,0
"historical_80_20_ward_k62",31,402265,"CD57",1000,"no_detected_multimodality","neither test rejects in any seed",3,0,0,0,1,0.346110555277639
"historical_80_20_ward_k62",31,402265,"CD57",5000,"no_detected_multimodality","neither test rejects in any seed",3,0,0,0,1,0.815316749283733
"historical_80_20_ward_k62",31,402265,"TCRgd_CD141",1000,"no_detected_multimodality","neither test rejects in any seed",3,0,0,0,1,0.87970071992518
"historical_80_20_ward_k62",31,402265,"TCRgd_CD141",5000,"no_detected_multimodality","neither test rejects in any seed",3,0,0,0,1,0.643821910955478
"historical_80_20_ward_k62",32,142224,"CD14",1000,"no_detected_multimodality","neither test rejects in any seed",3,0,0,0,1,0.994997498749375
"historical_80_20_ward_k62",32,142224,"CD14",5000,"no_detected_multimodality","neither test rejects in any seed",3,0,0,0,1,0.994497248624312
"historical_80_20_ward_k62",32,142224,"CD197_CCR7",1000,"no_detected_multimodality","neither test rejects in any seed",3,0,0,0,1,0.947550698426136
"historical_80_20_ward_k62",32,142224,"CD197_CCR7",5000,"no_detected_multimodality","neither test rejects in any seed",3,0,0,0,1,0.994497248624312
"historical_80_20_ward_k62",32,142224,"CD1c",1000,"ambiguous","discordant_tests;seed_instability;borderline_q",3,0,0,1,1,0.00900450225112556
"historical_80_20_ward_k62",32,142224,"CD1c",5000,"detected_multimodality","both tests reject in at least two seeds",3,3,3,3,8.00487150425244e-05,0
"historical_80_20_ward_k62",32,142224,"CD38",1000,"no_detected_multimodality","neither test rejects in any seed",3,0,0,0,1,0.479489744872436
"historical_80_20_ward_k62",32,142224,"CD38",5000,"no_detected_multimodality","neither test rejects in any seed",3,0,0,0,1,0.994497248624312
"historical_80_20_ward_k62",32,142224,"CD56",1000,"detected_multimodality","both tests reject in at least two seeds",3,3,3,3,0.00167630973383037,0
"historical_80_20_ward_k62",32,142224,"CD56",5000,"detected_multimodality","both tests reject in at least two seeds",3,3,3,3,0,0
"historical_80_20_ward_k62",32,142224,"HLA-DR",1000,"no_detected_multimodality","neither test rejects in any seed",3,0,0,0,1,0.479489744872436
"historical_80_20_ward_k62",32,142224,"HLA-DR",5000,"no_detected_multimodality","neither test rejects in any seed",3,0,0,0,1,0.167483741870935
"historical_80_20_ward_k62",32,142224,"TCRgd_CD141",1000,"detected_multimodality","both tests reject in at least two seeds",3,3,3,3,0.00214161687982406,0
"historical_80_20_ward_k62",32,142224,"TCRgd_CD141",5000,"detected_multimodality","both tests reject in at least two seeds",3,3,3,3,0,0
"historical_80_20_ward_k62",33,2356568,"CD159c_NKG2C",1000,"no_detected_multimodality","neither test rejects in any seed",3,0,0,0,0.999952455732558,0.577413706853427
"historical_80_20_ward_k62",33,2356568,"CD159c_NKG2C",5000,"no_detected_multimodality","neither test rejects in any seed",3,0,0,0,1,0.785321232044594
"historical_80_20_ward_k62",33,2356568,"CD303_TCRvd2",1000,"no_detected_multimodality","neither test rejects in any seed",3,0,0,0,0.999952455732558,0.748274137068534
"historical_80_20_ward_k62",33,2356568,"CD303_TCRvd2",5000,"no_detected_multimodality","neither test rejects in any seed",3,0,0,0,1,0.733048342352995
"historical_80_20_ward_k62",34,216681,"CD25",1000,"no_detected_multimodality","neither test rejects in any seed",3,0,0,0,0.997113241281162,0.833895208473802
"historical_80_20_ward_k62",34,216681,"CD25",5000,"no_detected_multimodality","neither test rejects in any seed",3,0,0,0,1,0.898469234617309
"historical_80_20_ward_k62",35,156095,"CD11c",1000,"detected_multimodality","both tests reject in at least two seeds",3,3,3,3,0.00276547260991483,0
"historical_80_20_ward_k62",35,156095,"CD11c",5000,"detected_multimodality","both tests reject in at least two seeds",3,3,3,3,0,0
"historical_80_20_ward_k62",35,156095,"CD127",1000,"detected_multimodality","both tests reject in at least two seeds",3,3,3,3,0,0
"historical_80_20_ward_k62",35,156095,"CD127",5000,"detected_multimodality","both tests reject in at least two seeds",3,3,3,3,0,0
"historical_80_20_ward_k62",35,156095,"CD14",1000,"no_detected_multimodality","neither test rejects in any seed",3,0,0,0,0.997044247892372,0.668187034693817
"historical_80_20_ward_k62",35,156095,"CD14",5000,"no_detected_multimodality","neither test rejects in any seed",3,0,0,0,1,0.318759379689845
"historical_80_20_ward_k62",35,156095,"CD159c_NKG2C",1000,"ambiguous","borderline_q",3,0,0,0,0.997044247892372,0.0810405202601301
"historical_80_20_ward_k62",35,156095,"CD159c_NKG2C",5000,"no_detected_multimodality","neither test rejects in any seed",3,0,0,0,1,0.631700465617424
"historical_80_20_ward_k62",35,156095,"CD161",1000,"ambiguous","discordant_tests;seed_instability",3,1,1,3,0.0155759355598987,0
"historical_80_20_ward_k62",35,156095,"CD161",5000,"detected_multimodality","both tests reject in at least two seeds",3,3,3,3,0.000136356499268226,0
"historical_80_20_ward_k62",35,156095,"CD19",1000,"no_detected_multimodality","neither test rejects in any seed",3,0,0,0,0.997044247892372,0.791101433069476
"historical_80_20_ward_k62",35,156095,"CD19",5000,"no_detected_multimodality","neither test rejects in any seed",3,0,0,0,1,0.692816996733661
"historical_80_20_ward_k62",35,156095,"CD294_CRTH2",1000,"unresolved_discrete","boundary_saturation",2,2,2,2,6.19922425235953e-05,0
"historical_80_20_ward_k62",35,156095,"CD294_CRTH2",5000,"detected_multimodality","both tests reject in at least two seeds",3,3,3,3,0,0
"historical_80_20_ward_k62",35,156095,"CD3",1000,"detected_multimodality","both tests reject in at least two seeds",3,3,3,3,0,0
"historical_80_20_ward_k62",35,156095,"CD3",5000,"detected_multimodality","both tests reject in at least two seeds",3,3,3,3,0,0
"historical_80_20_ward_k62",35,156095,"CD303_TCRvd2",1000,"no_detected_multimodality","neither test rejects in any seed",3,0,0,0,0.997044247892372,0.791101433069476
"historical_80_20_ward_k62",35,156095,"CD303_TCRvd2",5000,"no_detected_multimodality","neither test rejects in any seed",3,0,0,0,1,0.501550775387694
"historical_80_20_ward_k62",35,156095,"CD38",1000,"detected_multimodality","both tests reject in at least two seeds",3,2,2,3,0.00166111951749559,0
"historical_80_20_ward_k62",35,156095,"CD38",5000,"detected_multimodality","both tests reject in at least two seeds",3,3,3,3,0,0
"historical_80_20_ward_k62",35,156095,"CD4",1000,"detected_multimodality","both tests reject in at least two seeds",3,3,3,3,0,0
"historical_80_20_ward_k62",35,156095,"CD4",5000,"detected_multimodality","both tests reject in at least two seeds",3,3,3,3,0,0
"historical_80_20_ward_k62",35,156095,"CD45RA",1000,"no_detected_multimodality","neither test rejects in any seed",3,0,0,0,0.997044247892372,0.509854927463732
"historical_80_20_ward_k62",35,156095,"CD45RA",5000,"no_detected_multimodality","neither test rejects in any seed",3,0,0,0,1,0.753200129476503
"historical_80_20_ward_k62",35,156095,"CD57",1000,"no_detected_multimodality","neither test rejects in any seed",3,0,0,0,0.997044247892372,0.671783260051078
"historical_80_20_ward_k62",35,156095,"CD57",5000,"no_detected_multimodality","neither test rejects in any seed",3,0,0,0,1,0.501550775387694
"historical_80_20_ward_k62",36,799192,"Tbet",1000,"no_detected_multimodality","neither test rejects in any seed",3,0,0,0,1,0.660603028787121
"historical_80_20_ward_k62",36,799192,"Tbet",5000,"no_detected_multimodality","neither test rejects in any seed",3,0,0,0,1,0.868934467233617
"historical_80_20_ward_k62",37,251259,"CD14",1000,"no_detected_multimodality","neither test rejects in any seed",3,0,0,0,0.999714682196694,0.597673836918459
"historical_80_20_ward_k62",37,251259,"CD14",5000,"ambiguous","discordant_tests",3,0,0,3,0.503271955667082,0
"historical_80_20_ward_k62",37,251259,"CD159c_NKG2C",1000,"no_detected_multimodality","neither test rejects in any seed",3,0,0,0,0.999714682196694,0.654011216134383
"historical_80_20_ward_k62",37,251259,"CD159c_NKG2C",5000,"ambiguous","discordant_tests;seed_instability",3,0,0,2,1,0
"historical_80_20_ward_k62",37,251259,"CD161",1000,"ambiguous","discordant_tests",3,0,0,3,0.268400018428567,0
"historical_80_20_ward_k62",37,251259,"CD161",5000,"detected_multimodality","both tests reject in at least two seeds",3,3,3,3,2.57183521534254e-05,0
"historical_80_20_ward_k62",37,251259,"CD197_CCR7",1000,"detected_multimodality","both tests reject in at least two seeds",3,2,2,3,0.0331687115032762,0
"historical_80_20_ward_k62",37,251259,"CD197_CCR7",5000,"detected_multimodality","both tests reject in at least two seeds",3,3,3,3,0,0
"historical_80_20_ward_k62",37,251259,"CD27",1000,"detected_multimodality","both tests reject in at least two seeds",3,2,2,3,0.000238734435643262,0
"historical_80_20_ward_k62",37,251259,"CD27",5000,"detected_multimodality","both tests reject in at least two seeds",3,3,3,3,0,0
"historical_80_20_ward_k62",37,251259,"CD4",1000,"ambiguous","discordant_tests;seed_instability;borderline_q",3,0,0,2,0.461185826047945,0
"historical_80_20_ward_k62",37,251259,"CD4",5000,"detected_multimodality","both tests reject in at least two seeds",3,3,3,3,0,0
"historical_80_20_ward_k62",37,251259,"CD7",1000,"ambiguous","discordant_tests;seed_instability",3,1,1,3,0.0498518524429589,0
"historical_80_20_ward_k62",37,251259,"CD7",5000,"detected_multimodality","both tests reject in at least two seeds",3,3,3,3,0,0
"historical_80_20_ward_k62",37,251259,"FoxP3",1000,"no_detected_multimodality","neither test rejects in any seed",3,0,0,0,0.999714682196694,0.492477007734637
"historical_80_20_ward_k62",37,251259,"FoxP3",5000,"no_detected_multimodality","neither test rejects in any seed",3,0,0,0,1,0.588508539984278
"historical_80_20_ward_k62",37,251259,"Tbet",1000,"ambiguous","borderline_q",3,0,0,0,0.999714682196694,0.0567283641820911
"historical_80_20_ward_k62",37,251259,"Tbet",5000,"no_detected_multimodality","neither test rejects in any seed",3,0,0,0,1,0.137768884442221
"historical_80_20_ward_k62",37,251259,"TCRgd_CD141",1000,"no_detected_multimodality","neither test rejects in any seed",3,0,0,0,0.999714682196694,0.654011216134383
"historical_80_20_ward_k62",37,251259,"TCRgd_CD141",5000,"no_detected_multimodality","neither test rejects in any seed",3,0,0,0,1,0.46091795897949
"historical_80_20_ward_k62",38,118692,"CD159c_NKG2C",1000,"no_detected_multimodality","neither test rejects in any seed",3,0,0,0,0.999474832023741,0.168834417208604
"historical_80_20_ward_k62",38,118692,"CD159c_NKG2C",5000,"ambiguous","discordant_tests",3,0,0,3,0.492294174593921,0
"historical_80_20_ward_k62",38,118692,"CD27",1000,"detected_multimodality","both tests reject in at least two seeds",3,3,3,3,0,0
"historical_80_20_ward_k62",38,118692,"CD27",5000,"detected_multimodality","both tests reject in at least two seeds",3,3,3,3,0,0
"historical_80_20_ward_k62",38,118692,"CD303_TCRvd2",1000,"no_detected_multimodality","neither test rejects in any seed",3,0,0,0,0.999474832023741,0.395554920317301
"historical_80_20_ward_k62",38,118692,"CD303_TCRvd2",5000,"no_detected_multimodality","neither test rejects in any seed",3,0,0,0,1,0.574881190595298
"historical_80_20_ward_k62",38,118692,"CD4",1000,"no_detected_multimodality","neither test rejects in any seed",3,0,0,0,0.999474832023741,0.84988648170239
"historical_80_20_ward_k62",38,118692,"CD4",5000,"no_detected_multimodality","neither test rejects in any seed",3,0,0,0,1,0.334551891330281
"historical_80_20_ward_k62",38,118692,"CD8",1000,"detected_multimodality","both tests reject in at least two seeds",3,2,2,3,0.00154517366884493,0
"historical_80_20_ward_k62",38,118692,"CD8",5000,"detected_multimodality","both tests reject in at least two seeds",3,3,3,3,0,0
"historical_80_20_ward_k62",38,118692,"HLA-DR",1000,"ambiguous","discordant_tests;seed_instability;borderline_q",3,0,0,1,0.999474832023741,0.0360180090045022
"historical_80_20_ward_k62",38,118692,"HLA-DR",5000,"ambiguous","discordant_tests;seed_instability",3,0,0,2,0.492294174593921,0.00337668834417209
"historical_80_20_ward_k62",39,582226,"CD159c_NKG2C",1000,"no_detected_multimodality","neither test rejects in any seed",3,0,0,0,1,0.651325662831416
"historical_80_20_ward_k62",39,582226,"CD159c_NKG2C",5000,"no_detected_multimodality","neither test rejects in any seed",3,0,0,0,1,0.832273279496891
"historical_80_20_ward_k62",40,558385,"CD11c",1000,"ambiguous","discordant_tests;seed_instability",3,0,0,2,0.219164264380503,0
"historical_80_20_ward_k62",40,558385,"CD11c",5000,"detected_multimodality","both tests reject in at least two seeds",3,3,3,3,0,0
"historical_80_20_ward_k62",40,558385,"CD127",1000,"no_detected_multimodality","neither test rejects in any seed",3,0,0,0,0.997709580555964,0.821750875437719
"historical_80_20_ward_k62",40,558385,"CD127",5000,"no_detected_multimodality","neither test rejects in any seed",3,0,0,0,1,0.594297148574287
"historical_80_20_ward_k62",40,558385,"CD14",1000,"no_detected_multimodality","neither test rejects in any seed",3,0,0,0,0.997709580555964,0.783391695847924
"historical_80_20_ward_k62",40,558385,"CD14",5000,"no_detected_multimodality","neither test rejects in any seed",3,0,0,0,1,0.88439872109968
"historical_80_20_ward_k62",40,558385,"CD45RA",1000,"no_detected_multimodality","neither test rejects in any seed",3,0,0,0,0.997709580555964,0.580790395197599
"historical_80_20_ward_k62",40,558385,"CD45RA",5000,"no_detected_multimodality","neither test rejects in any seed",3,0,0,0,1,0.590245122561281
"historical_80_20_ward_k62",40,558385,"CD56",1000,"no_detected_multimodality","neither test rejects in any seed",3,0,0,0,0.997709580555964,0.148574287143572
"historical_80_20_ward_k62",40,558385,"CD56",5000,"no_detected_multimodality","neither test rejects in any seed",3,0,0,0,1,0.594297148574287
"historical_80_20_ward_k62",40,558385,"CD7",1000,"no_detected_multimodality","neither test rejects in any seed",3,0,0,0,0.997709580555964,0.629028800114343
"historical_80_20_ward_k62",40,558385,"CD7",5000,"no_detected_multimodality","neither test rejects in any seed",3,0,0,0,1,0.157578789394697
"historical_80_20_ward_k62",41,1105195,"CD14",1000,"no_detected_multimodality","neither test rejects in any seed",3,0,0,0,0.997956769580227,0.742871435717859
"historical_80_20_ward_k62",41,1105195,"CD14",5000,"ambiguous","discordant_tests",3,0,0,3,0.203235194654525,0
"historical_80_20_ward_k62",41,1105195,"CD16",1000,"no_detected_multimodality","neither test rejects in any seed",3,0,0,0,0.997956769580227,0.425462731365683
"historical_80_20_ward_k62",41,1105195,"CD16",5000,"no_detected_multimodality","neither test rejects in any seed",3,0,0,0,1,0.683216608304152
"historical_80_20_ward_k62",41,1105195,"CD161",1000,"no_detected_multimodality","neither test rejects in any seed",3,0,0,0,0.997956769580227,0.852211820195812
"historical_80_20_ward_k62",41,1105195,"CD161",5000,"no_detected_multimodality","neither test rejects in any seed",3,0,0,0,1,0.118859429714857
"historical_80_20_ward_k62",41,1105195,"CD185_CXCR5",1000,"no_detected_multimodality","neither test rejects in any seed",3,0,0,0,0.997956769580227,0.740170085042521
"historical_80_20_ward_k62",41,1105195,"CD185_CXCR5",5000,"ambiguous","discordant_tests;seed_instability",3,0,0,1,1,0
"historical_80_20_ward_k62",41,1105195,"CD1c",1000,"no_detected_multimodality","neither test rejects in any seed",3,0,0,0,0.997956769580227,0.128314157078539
"historical_80_20_ward_k62",41,1105195,"CD1c",5000,"ambiguous","discordant_tests;seed_instability",3,0,0,2,1,0.0202601300650325
"historical_80_20_ward_k62",41,1105195,"CD303_TCRvd2",1000,"no_detected_multimodality","neither test rejects in any seed",3,0,0,0,0.997956769580227,0.852211820195812
"historical_80_20_ward_k62",41,1105195,"CD303_TCRvd2",5000,"no_detected_multimodality","neither test rejects in any seed",3,0,0,0,1,0.517308654327164
"historical_80_20_ward_k62",41,1105195,"CD8",1000,"no_detected_multimodality","neither test rejects in any seed",3,0,0,0,0.997956769580227,0.852211820195812
"historical_80_20_ward_k62",41,1105195,"CD8",5000,"no_detected_multimodality","neither test rejects in any seed",3,0,0,0,1,0.866458229114557
"historical_80_20_ward_k62",42,1970767,"CD16",1000,"no_detected_multimodality","neither test rejects in any seed",3,0,0,0,0.996525539443842,0.624012006003002
"historical_80_20_ward_k62",42,1970767,"CD16",5000,"no_detected_multimodality","neither test rejects in any seed",3,0,0,0,1,0.536218109054527
"historical_80_20_ward_k62",42,1970767,"CD161",1000,"no_detected_multimodality","neither test rejects in any seed",3,0,0,0,0.996525539443842,0.694406026542683
"historical_80_20_ward_k62",42,1970767,"CD161",5000,"ambiguous","borderline_q",3,0,0,0,1,0.0607803901950975
"historical_80_20_ward_k62",42,1970767,"CD197_CCR7",1000,"ambiguous","discordant_tests;seed_instability",3,0,0,1,0.996525539443842,0.0337668834417209
"historical_80_20_ward_k62",42,1970767,"CD197_CCR7",5000,"ambiguous","discordant_tests;seed_instability;borderline_q",3,0,0,1,1,0.0225112556278139
"historical_80_20_ward_k62",42,1970767,"CD1c",1000,"no_detected_multimodality","neither test rejects in any seed",3,0,0,0,0.996525539443842,0.859569784892446
"historical_80_20_ward_k62",42,1970767,"CD1c",5000,"no_detected_multimodality","neither test rejects in any seed",3,0,0,0,1,0.469734867433717
"historical_80_20_ward_k62",42,1970767,"CD21",1000,"no_detected_multimodality","neither test rejects in any seed",3,0,0,0,0.996525539443842,0.854677338669335
"historical_80_20_ward_k62",42,1970767,"CD21",5000,"no_detected_multimodality","neither test rejects in any seed",3,0,0,0,1,0.524307608349629
"historical_80_20_ward_k62",42,1970767,"CD25",1000,"no_detected_multimodality","neither test rejects in any seed",3,0,0,0,0.996525539443842,0.694406026542683
"historical_80_20_ward_k62",42,1970767,"CD25",5000,"no_detected_multimodality","neither test rejects in any seed",3,0,0,0,1,0.524307608349629
"historical_80_20_ward_k62",42,1970767,"CD27",1000,"detected_multimodality","both tests reject in at least two seeds",3,3,3,3,0,0
"historical_80_20_ward_k62",42,1970767,"CD27",5000,"detected_multimodality","both tests reject in at least two seeds",3,3,3,3,0,0
"historical_80_20_ward_k62",43,723330,"CD19",1000,"no_detected_multimodality","neither test rejects in any seed",3,0,0,0,0.997811269800574,0.684985349817766
"historical_80_20_ward_k62",43,723330,"CD19",5000,"no_detected_multimodality","neither test rejects in any seed",3,0,0,0,1,0.96448224112056
"historical_80_20_ward_k62",43,723330,"CD197_CCR7",1000,"no_detected_multimodality","neither test rejects in any seed",3,0,0,0,0.997811269800574,0.659579789894947
"historical_80_20_ward_k62",43,723330,"CD197_CCR7",5000,"ambiguous","discordant_tests;seed_instability",3,0,0,2,0.44588848277734,0
"historical_80_20_ward_k62",44,2646051,"CD303_TCRvd2",1000,"no_detected_multimodality","neither test rejects in any seed",3,0,0,0,0.998216710986708,0.675337668834417
"historical_80_20_ward_k62",44,2646051,"CD303_TCRvd2",5000,"no_detected_multimodality","neither test rejects in any seed",3,0,0,0,1,0.504252126063031
"historical_80_20_ward_k62",44,2646051,"HLA-DR",1000,"no_detected_multimodality","neither test rejects in any seed",3,0,0,0,0.998216710986708,0.66408204102051
"historical_80_20_ward_k62",44,2646051,"HLA-DR",5000,"no_detected_multimodality","neither test rejects in any seed",3,0,0,0,1,0.811691560065747
"historical_80_20_ward_k62",45,144240,"CD57",1000,"ambiguous","discordant_tests;borderline_q",3,0,0,3,0.0811264416001771,0
"historical_80_20_ward_k62",45,144240,"CD57",5000,"detected_multimodality","both tests reject in at least two seeds",3,3,3,3,0,0
"historical_80_20_ward_k62",46,807892,"CD3",1000,"no_detected_multimodality","neither test rejects in any seed",3,0,0,0,0.99786052621221,0.351175587793897
"historical_80_20_ward_k62",46,807892,"CD3",5000,"no_detected_multimodality","neither test rejects in any seed",3,0,0,0,1,0.94651171739716
"historical_80_20_ward_k62",47,109161,"CD14",1000,"ambiguous","discordant_tests;seed_instability",3,0,0,2,0.99966731418278,0.0154362895733581
"historical_80_20_ward_k62",47,109161,"CD14",5000,"detected_multimodality","both tests reject in at least two seeds",3,3,3,3,0.00169557685574878,0
"historical_80_20_ward_k62",47,109161,"CD159c_NKG2C",1000,"ambiguous","discordant_tests;seed_instability;borderline_q",3,0,0,2,0.0882256834039966,0
"historical_80_20_ward_k62",47,109161,"CD159c_NKG2C",5000,"detected_multimodality","both tests reject in at least two seeds",3,3,3,3,0,0
"historical_80_20_ward_k62",47,109161,"CD25",1000,"no_detected_multimodality","neither test rejects in any seed",3,0,0,0,0.99966731418278,0.25887943971986
"historical_80_20_ward_k62",47,109161,"CD25",5000,"no_detected_multimodality","neither test rejects in any seed",3,0,0,0,1,0.734926286672748
"historical_80_20_ward_k62",47,109161,"CD27",1000,"detected_multimodality","both tests reject in at least two seeds",3,3,3,3,0,0
"historical_80_20_ward_k62",47,109161,"CD27",5000,"detected_multimodality","both tests reject in at least two seeds",3,3,3,3,0,0
"historical_80_20_ward_k62",47,109161,"CD294_CRTH2",1000,"ambiguous","discordant_tests;seed_instability",3,0,0,2,0.99966731418278,0.0135067533766883
"historical_80_20_ward_k62",47,109161,"CD294_CRTH2",5000,"detected_multimodality","both tests reject in at least two seeds",3,3,3,3,0.0022802752495688,0
"historical_80_20_ward_k62",47,109161,"CD3",1000,"detected_multimodality","both tests reject in at least two seeds",3,3,3,3,0,0
"historical_80_20_ward_k62",47,109161,"CD3",5000,"detected_multimodality","both tests reject in at least two seeds",3,3,3,3,0,0
"historical_80_20_ward_k62",47,109161,"CD38",1000,"detected_multimodality","both tests reject in at least two seeds",3,3,3,3,0,0
"historical_80_20_ward_k62",47,109161,"CD38",5000,"detected_multimodality","both tests reject in at least two seeds",3,3,3,3,0,0
"historical_80_20_ward_k62",47,109161,"CD4",1000,"no_detected_multimodality","neither test rejects in any seed",3,0,0,0,0.99966731418278,0.313111101005048
"historical_80_20_ward_k62",47,109161,"CD4",5000,"no_detected_multimodality","neither test rejects in any seed",3,0,0,0,1,0.271935967983992
"historical_80_20_ward_k62",47,109161,"CD45RA",1000,"detected_multimodality","both tests reject in at least two seeds",3,3,3,3,0,0
"historical_80_20_ward_k62",47,109161,"CD45RA",5000,"detected_multimodality","both tests reject in at least two seeds",3,3,3,3,0,0
"historical_80_20_ward_k62",47,109161,"CD7",1000,"ambiguous","discordant_tests;seed_instability;borderline_q",3,0,0,1,0.99966731418278,0.0435217608804402
"historical_80_20_ward_k62",47,109161,"CD7",5000,"detected_multimodality","both tests reject in at least two seeds",3,2,2,3,0.00790378412835196,0
"historical_80_20_ward_k62",47,109161,"CD8",1000,"no_detected_multimodality","neither test rejects in any seed",3,0,0,0,0.99966731418278,0.313111101005048
"historical_80_20_ward_k62",47,109161,"CD8",5000,"no_detected_multimodality","neither test rejects in any seed",3,0,0,0,1,0.860321465080366
"historical_80_20_ward_k62",48,2269558,"CD7",1000,"ambiguous","discordant_tests;seed_instability",3,0,0,1,1,0.040520260130065
"historical_80_20_ward_k62",48,2269558,"CD7",5000,"detected_multimodality","both tests reject in at least two seeds",3,3,3,3,0,0
"historical_80_20_ward_k62",49,594295,"CD161",1000,"no_detected_multimodality","neither test rejects in any seed",3,0,0,0,0.997837304067697,0.945972986493247
"historical_80_20_ward_k62",49,594295,"CD161",5000,"no_detected_multimodality","neither test rejects in any seed",3,0,0,0,1,0.692703494604445
"historical_80_20_ward_k62",50,21617,"CD11c",1000,"no_detected_multimodality","neither test rejects in any seed",3,0,0,0,0.999631455502879,0.689344672336168
"historical_80_20_ward_k62",50,21617,"CD11c",5000,"no_detected_multimodality","neither test rejects in any seed",3,0,0,0,1,0.591295647823912
"historical_80_20_ward_k62",50,21617,"CD25",1000,"no_detected_multimodality","neither test rejects in any seed",3,0,0,0,0.999631455502879,0.562531265632816
"historical_80_20_ward_k62",50,21617,"CD25",5000,"no_detected_multimodality","neither test rejects in any seed",3,0,0,0,1,0.543671835917959
"historical_80_20_ward_k62",50,21617,"CD294_CRTH2",1000,"no_detected_multimodality","neither test rejects in any seed",3,0,0,0,0.999631455502879,0.814351620254572
"historical_80_20_ward_k62",50,21617,"CD294_CRTH2",5000,"no_detected_multimodality","neither test rejects in any seed",3,0,0,0,1,0.778222444555611
"historical_80_20_ward_k62",50,21617,"CD45RA",1000,"ambiguous","discordant_tests;seed_instability;borderline_q",3,0,0,2,0.10035163667388,0
"historical_80_20_ward_k62",50,21617,"CD45RA",5000,"detected_multimodality","both tests reject in at least two seeds",3,3,3,3,0,0
"historical_80_20_ward_k62",50,21617,"HLA-DR",1000,"ambiguous","discordant_tests",3,0,0,3,0.285650988545474,0
"historical_80_20_ward_k62",50,21617,"HLA-DR",5000,"detected_multimodality","both tests reject in at least two seeds",3,3,3,3,0,0
"historical_80_20_ward_k62",51,3012669,"CD19",1000,"no_detected_multimodality","neither test rejects in any seed",3,0,0,0,0.997675343092375,0.587543771885943
"historical_80_20_ward_k62",51,3012669,"CD19",5000,"no_detected_multimodality","neither test rejects in any seed",3,0,0,0,1,0.434145644250697
"historical_80_20_ward_k62",51,3012669,"CD38",1000,"no_detected_multimodality","neither test rejects in any seed",3,0,0,0,0.997675343092375,0.737243621810906
"historical_80_20_ward_k62",51,3012669,"CD38",5000,"no_detected_multimodality","neither test rejects in any seed",3,0,0,0,1,0.772586293146573
"historical_80_20_ward_k62",51,3012669,"CD57",1000,"no_detected_multimodality","neither test rejects in any seed",3,0,0,0,0.997675343092375,0.587543771885943
"historical_80_20_ward_k62",51,3012669,"CD57",5000,"no_detected_multimodality","neither test rejects in any seed",3,0,0,0,1,0.505752876438219
"historical_80_20_ward_k62",51,3012669,"CD7",1000,"no_detected_multimodality","neither test rejects in any seed",3,0,0,0,0.997675343092375,0.651700850425213
"historical_80_20_ward_k62",51,3012669,"CD7",5000,"no_detected_multimodality","neither test rejects in any seed",3,0,0,0,1,0.942971485742871
"historical_80_20_ward_k62",52,400322,"CD197_CCR7",1000,"ambiguous","discordant_tests;seed_instability",3,0,0,1,1,0
"historical_80_20_ward_k62",52,400322,"CD197_CCR7",5000,"ambiguous","discordant_tests",3,0,0,3,0.115831171445697,0
"historical_80_20_ward_k62",52,400322,"Tbet",1000,"no_detected_multimodality","neither test rejects in any seed",3,0,0,0,1,0.961793396698349
"historical_80_20_ward_k62",52,400322,"Tbet",5000,"no_detected_multimodality","neither test rejects in any seed",3,0,0,0,0.999994604616351,0.861495965373991
"historical_80_20_ward_k62",53,531511,"CD19",1000,"detected_multimodality","both tests reject in at least two seeds",3,2,2,3,0.000305442902892361,0
"historical_80_20_ward_k62",53,531511,"CD19",5000,"detected_multimodality","both tests reject in at least two seeds",3,3,3,3,0,0
"historical_80_20_ward_k62",53,531511,"CD27",1000,"no_detected_multimodality","neither test rejects in any seed",3,0,0,0,0.99740595099238,0.603301650825413
"historical_80_20_ward_k62",53,531511,"CD27",5000,"ambiguous","discordant_tests;seed_instability",3,0,0,2,1,0
"historical_80_20_ward_k62",53,531511,"CD4",1000,"no_detected_multimodality","neither test rejects in any seed",3,0,0,0,0.99740595099238,0.48624312156078
"historical_80_20_ward_k62",53,531511,"CD4",5000,"no_detected_multimodality","neither test rejects in any seed",3,0,0,0,1,0.705245479882799
"historical_80_20_ward_k62",53,531511,"HLA-DR",1000,"no_detected_multimodality","neither test rejects in any seed",3,0,0,0,0.99740595099238,0.114807403701851
"historical_80_20_ward_k62",53,531511,"HLA-DR",5000,"no_detected_multimodality","neither test rejects in any seed",3,0,0,0,1,0.310655327663832
"historical_80_20_ward_k62",54,439498,"CD27",1000,"no_detected_multimodality","neither test rejects in any seed",3,0,0,0,0.998989593298073,0.256628314157079
"historical_80_20_ward_k62",54,439498,"CD27",5000,"ambiguous","discordant_tests;seed_instability",3,0,0,1,1,0
"historical_80_20_ward_k62",55,975508,"CD127",1000,"no_detected_multimodality","neither test rejects in any seed",3,0,0,0,0.998269200398514,0.40520260130065
"historical_80_20_ward_k62",55,975508,"CD127",5000,"ambiguous","discordant_tests",3,0,0,3,0.817437713697951,0
"historical_80_20_ward_k62",55,975508,"CD159c_NKG2C",1000,"no_detected_multimodality","neither test rejects in any seed",3,0,0,0,0.998269200398514,0.758510834364551
"historical_80_20_ward_k62",55,975508,"CD159c_NKG2C",5000,"no_detected_multimodality","neither test rejects in any seed",3,0,0,0,1,0.893446723361681
"historical_80_20_ward_k62",55,975508,"CD1c",1000,"no_detected_multimodality","neither test rejects in any seed",3,0,0,0,0.998269200398514,0.738819409704852
"historical_80_20_ward_k62",55,975508,"CD1c",5000,"no_detected_multimodality","neither test rejects in any seed",3,0,0,0,1,0.666333166583292
"historical_80_20_ward_k62",55,975508,"CD45RA",1000,"ambiguous","discordant_tests;seed_instability;borderline_q",3,0,0,1,0.998269200398514,0
"historical_80_20_ward_k62",55,975508,"CD45RA",5000,"ambiguous","discordant_tests",3,0,0,3,0.105403963241087,0
"historical_80_20_ward_k62",56,1081168,"CD21",1000,"ambiguous","discordant_tests;seed_instability",3,0,0,2,0.815719838205088,0
"historical_80_20_ward_k62",56,1081168,"CD21",5000,"detected_multimodality","both tests reject in at least two seeds",3,3,3,3,0,0
"historical_80_20_ward_k62",56,1081168,"CD294_CRTH2",1000,"no_detected_multimodality","neither test rejects in any seed",3,0,0,0,1,0.128314157078539
"historical_80_20_ward_k62",56,1081168,"CD294_CRTH2",5000,"no_detected_multimodality","neither test rejects in any seed",3,0,0,0,1,0.292646323161581
"historical_80_20_ward_k62",56,1081168,"CD45RA",1000,"ambiguous","borderline_q",3,0,0,0,1,0.0574037018509255
"historical_80_20_ward_k62",56,1081168,"CD45RA",5000,"no_detected_multimodality","neither test rejects in any seed",3,0,0,0,1,0.694039327355986
"historical_80_20_ward_k62",56,1081168,"FoxP3",1000,"no_detected_multimodality","neither test rejects in any seed",3,0,0,0,1,0.874723075823626
"historical_80_20_ward_k62",56,1081168,"FoxP3",5000,"no_detected_multimodality","neither test rejects in any seed",3,0,0,0,1,0.745988378804787
"historical_80_20_ward_k62",57,303082,"CD127",1000,"no_detected_multimodality","neither test rejects in any seed",3,0,0,0,0.997879960253677,0.628583522530496
"historical_80_20_ward_k62",57,303082,"CD127",5000,"no_detected_multimodality","neither test rejects in any seed",3,0,0,0,1,0.8175558367419
"historical_80_20_ward_k62",57,303082,"CD38",1000,"no_detected_multimodality","neither test rejects in any seed",3,0,0,0,0.997879960253677,0.297148574287144
"historical_80_20_ward_k62",57,303082,"CD38",5000,"detected_multimodality","both tests reject in at least two seeds",3,2,2,3,0.00202180305174515,0
"historical_80_20_ward_k62",57,303082,"CD7",1000,"ambiguous","discordant_tests;seed_instability",3,0,0,1,0.997879960253677,0.0135067533766883
"historical_80_20_ward_k62",57,303082,"CD7",5000,"detected_multimodality","both tests reject in at least two seeds",3,2,2,3,0.000455116335252415,0
"historical_80_20_ward_k62",58,147861,"CD11c",1000,"ambiguous","discordant_tests;seed_instability;borderline_q",3,0,0,1,0.291093616675242,0
"historical_80_20_ward_k62",58,147861,"CD11c",5000,"ambiguous","discordant_tests;seed_instability;borderline_q",3,1,1,2,0.00750787591735846,0
"historical_80_20_ward_k62",58,147861,"CD161",1000,"no_detected_multimodality","neither test rejects in any seed",3,0,0,0,0.999815678694705,0.136997069963553
"historical_80_20_ward_k62",58,147861,"CD161",5000,"ambiguous","discordant_tests;seed_instability",3,0,0,1,1,0.00225112556278139
"historical_80_20_ward_k62",58,147861,"CD25",1000,"ambiguous","discordant_tests;borderline_q",3,0,0,3,0.0771592279372701,0
"historical_80_20_ward_k62",58,147861,"CD25",5000,"detected_multimodality","both tests reject in at least two seeds",3,3,3,3,0,0
"historical_80_20_ward_k62",58,147861,"CD27",1000,"no_detected_multimodality","neither test rejects in any seed",3,0,0,0,0.999815678694705,0.515186164510827
"historical_80_20_ward_k62",58,147861,"CD27",5000,"ambiguous","discordant_tests",3,0,0,3,0.196570689852785,0
"historical_80_20_ward_k62",58,147861,"CD38",1000,"ambiguous","discordant_tests;seed_instability;borderline_q",3,1,1,2,0.0092328896001152,0
"historical_80_20_ward_k62",58,147861,"CD38",5000,"detected_multimodality","both tests reject in at least two seeds",3,3,3,3,4.79049171741019e-05,0
"historical_80_20_ward_k62",58,147861,"CD7",1000,"no_detected_multimodality","neither test rejects in any seed",3,0,0,0,0.999815678694705,0.373686843421711
"historical_80_20_ward_k62",58,147861,"CD7",5000,"ambiguous","discordant_tests",3,0,0,3,0.113073611576342,0
"historical_80_20_ward_k62",58,147861,"FoxP3",1000,"detected_multimodality","both tests reject in at least two seeds",3,3,3,3,0,0
"historical_80_20_ward_k62",58,147861,"FoxP3",5000,"detected_multimodality","both tests reject in at least two seeds",3,3,3,3,0,0
"historical_80_20_ward_k62",59,1459338,"CD127",1000,"no_detected_multimodality","neither test rejects in any seed",3,0,0,0,0.999671916083221,0.879527999293764
"historical_80_20_ward_k62",59,1459338,"CD127",5000,"no_detected_multimodality","neither test rejects in any seed",3,0,0,0,1,0.654463595434081
"historical_80_20_ward_k62",59,1459338,"CD294_CRTH2",1000,"no_detected_multimodality","neither test rejects in any seed",3,0,0,0,0.999671916083221,0.634817408704352
"historical_80_20_ward_k62",59,1459338,"CD294_CRTH2",5000,"no_detected_multimodality","neither test rejects in any seed",3,0,0,0,1,0.922756832961935
"historical_80_20_ward_k62",59,1459338,"CD4",1000,"no_detected_multimodality","neither test rejects in any seed",3,0,0,0,0.999671916083221,0.634817408704352
"historical_80_20_ward_k62",59,1459338,"CD4",5000,"no_detected_multimodality","neither test rejects in any seed",3,0,0,0,1,0.654463595434081
"historical_80_20_ward_k62",60,674602,"CD11c",1000,"no_detected_multimodality","neither test rejects in any seed",3,0,0,0,0.997052008962026,0.715857928964482
"historical_80_20_ward_k62",60,674602,"CD11c",5000,"ambiguous","discordant_tests;borderline_q",3,0,0,3,0.0584146269345425,0
"historical_80_20_ward_k62",60,674602,"Tbet",1000,"no_detected_multimodality","neither test rejects in any seed",3,0,0,0,0.997052008962026,0.832916458229115
"historical_80_20_ward_k62",60,674602,"Tbet",5000,"no_detected_multimodality","neither test rejects in any seed",3,0,0,0,1,0.229614807403702
"historical_80_20_ward_k62",61,63382,"CD127",1000,"no_detected_multimodality","neither test rejects in any seed",3,0,0,0,0.999688193897805,0.902058171943114
"historical_80_20_ward_k62",61,63382,"CD127",5000,"no_detected_multimodality","neither test rejects in any seed",3,0,0,0,1,0.777603087257915
"historical_80_20_ward_k62",61,63382,"CD25",1000,"detected_multimodality","both tests reject in at least two seeds",3,3,3,3,0,0
"historical_80_20_ward_k62",61,63382,"CD25",5000,"detected_multimodality","both tests reject in at least two seeds",3,3,3,3,0,0
"historical_80_20_ward_k62",61,63382,"CD27",1000,"detected_multimodality","both tests reject in at least two seeds",3,3,3,3,0,0
"historical_80_20_ward_k62",61,63382,"CD27",5000,"detected_multimodality","both tests reject in at least two seeds",3,3,3,3,0,0
"historical_80_20_ward_k62",61,63382,"CD45RA",1000,"no_detected_multimodality","neither test rejects in any seed",3,0,0,0,0.999688193897805,0.864432216108054
"historical_80_20_ward_k62",61,63382,"CD45RA",5000,"no_detected_multimodality","neither test rejects in any seed",3,0,0,0,1,0.919498210643784
"historical_80_20_ward_k62",61,63382,"CD7",1000,"ambiguous","discordant_tests;seed_instability",3,0,0,1,0.999688193897805,0.0495247623811906
"historical_80_20_ward_k62",61,63382,"CD7",5000,"no_detected_multimodality","neither test rejects in any seed",3,0,0,0,1,0.184592296148074
"historical_80_20_ward_k62",62,143468,"CD25",1000,"detected_multimodality","both tests reject in at least two seeds",3,3,3,3,0,0
"historical_80_20_ward_k62",62,143468,"CD25",5000,"detected_multimodality","both tests reject in at least two seeds",3,3,3,3,0,0
"historical_80_20_ward_k62",62,143468,"FoxP3",1000,"detected_multimodality","both tests reject in at least two seeds",3,3,3,3,0,0
"historical_80_20_ward_k62",62,143468,"FoxP3",5000,"detected_multimodality","both tests reject in at least two seeds",3,3,3,3,0,0
"inflect_ward_k55",1,417259,"CD11c",1000,"ambiguous","discordant_tests;seed_instability",3,0,0,1,0.161915707603622,0
"inflect_ward_k55",1,417259,"CD11c",5000,"detected_multimodality","both tests reject in at least two seeds",3,2,2,3,0.000215422356223405,0
"inflect_ward_k55",1,417259,"CD185_CXCR5",1000,"no_detected_multimodality","neither test rejects in any seed",3,0,0,0,0.998329684662473,0.222861430715358
"inflect_ward_k55",1,417259,"CD185_CXCR5",5000,"ambiguous","discordant_tests",3,0,0,3,0.206832621764106,0
"inflect_ward_k55",1,417259,"CD21",1000,"no_detected_multimodality","neither test rejects in any seed",3,0,0,0,0.998329684662473,0.391695847923962
"inflect_ward_k55",1,417259,"CD21",5000,"ambiguous","discordant_tests;seed_instability",3,0,0,2,1,0
"inflect_ward_k55",1,417259,"CD294_CRTH2",1000,"ambiguous","borderline_q",3,0,0,0,0.998329684662473,0.0607803901950975
"inflect_ward_k55",1,417259,"CD294_CRTH2",5000,"no_detected_multimodality","neither test rejects in any seed",3,0,0,0,1,0.406046773386693
"inflect_ward_k55",1,417259,"CD38",1000,"no_detected_multimodality","neither test rejects in any seed",3,0,0,0,0.998329684662473,0.222861430715358
"inflect_ward_k55",1,417259,"CD38",5000,"ambiguous","discordant_tests",3,0,0,3,0.512680199418031,0
"inflect_ward_k55",1,417259,"CD7",1000,"no_detected_multimodality","neither test rejects in any seed",3,0,0,0,0.998329684662473,0.742871435717859
"inflect_ward_k55",1,417259,"CD7",5000,"ambiguous","discordant_tests",3,0,0,3,0.232815199371051,0
"inflect_ward_k55",2,609686,"CD11c",1000,"detected_multimodality","both tests reject in at least two seeds",3,3,3,3,8.24261606628962e-05,0
"inflect_ward_k55",2,609686,"CD11c",5000,"detected_multimodality","both tests reject in at least two seeds",3,3,3,3,0,0
"inflect_ward_k55",2,609686,"CD161",1000,"no_detected_multimodality","neither test rejects in any seed",3,0,0,0,1,0.294692800945928
"inflect_ward_k55",2,609686,"CD161",5000,"no_detected_multimodality","neither test rejects in any seed",3,0,0,0,1,0.368059029514757
"inflect_ward_k55",2,609686,"CD38",1000,"no_detected_multimodality","neither test rejects in any seed",3,0,0,0,1,0.294692800945928
"inflect_ward_k55",2,609686,"CD38",5000,"no_detected_multimodality","neither test rejects in any seed",3,0,0,0,1,0.547543002270366
"inflect_ward_k55",2,609686,"CD57",1000,"detected_multimodality","both tests reject in at least two seeds",3,3,3,3,0.000333492194802498,0
"inflect_ward_k55",2,609686,"CD57",5000,"detected_multimodality","both tests reject in at least two seeds",3,3,3,3,0,0
"inflect_ward_k55",2,609686,"TCRgd_CD141",1000,"no_detected_multimodality","neither test rejects in any seed",3,0,0,0,1,0.294692800945928
"inflect_ward_k55",2,609686,"TCRgd_CD141",5000,"ambiguous","discordant_tests;seed_instability;borderline_q",3,0,0,1,1,0.040520260130065
"inflect_ward_k55",3,438555,"CD14",1000,"no_detected_multimodality","neither test rejects in any seed",3,0,0,0,1,0.674298687805441
"inflect_ward_k55",3,438555,"CD14",5000,"no_detected_multimodality","neither test rejects in any seed",3,0,0,0,1,0.874437218609305
"inflect_ward_k55",3,438555,"CD1c",1000,"no_detected_multimodality","neither test rejects in any seed",3,0,0,0,1,0.166583291645823
"inflect_ward_k55",3,438555,"CD1c",5000,"no_detected_multimodality","neither test rejects in any seed",3,0,0,0,1,0.104677338669335
"inflect_ward_k55",3,438555,"CD3",1000,"no_detected_multimodality","neither test rejects in any seed",3,0,0,0,1,0.81175587793897
"inflect_ward_k55",3,438555,"CD3",5000,"no_detected_multimodality","neither test rejects in any seed",3,0,0,0,1,0.290395197598799
"inflect_ward_k55",3,438555,"CD56",1000,"no_detected_multimodality","neither test rejects in any seed",3,0,0,0,1,0.361305652826413
"inflect_ward_k55",3,438555,"CD56",5000,"no_detected_multimodality","neither test rejects in any seed",3,0,0,0,1,0.306603301650825
"inflect_ward_k55",3,438555,"CD57",1000,"detected_multimodality","both tests reject in at least two seeds",3,2,2,3,0,0
"inflect_ward_k55",3,438555,"CD57",5000,"detected_multimodality","both tests reject in at least two seeds",3,3,3,3,0,0
"inflect_ward_k55",4,302122,"CD159c_NKG2C",1000,"detected_multimodality","both tests reject in at least two seeds",3,3,3,3,0,0
"inflect_ward_k55",4,302122,"CD159c_NKG2C",5000,"detected_multimodality","both tests reject in at least two seeds",3,3,3,3,0,0
"inflect_ward_k55",4,302122,"CD27",1000,"no_detected_multimodality","neither test rejects in any seed",3,0,0,0,0.998174667280696,0.341045522761381
"inflect_ward_k55",4,302122,"CD27",5000,"no_detected_multimodality","neither test rejects in any seed",3,0,0,0,1,0.904157961333608
"inflect_ward_k55",4,302122,"CD57",1000,"detected_multimodality","both tests reject in at least two seeds",3,3,3,3,0,0
"inflect_ward_k55",4,302122,"CD57",5000,"detected_multimodality","both tests reject in at least two seeds",3,3,3,3,0,0
"inflect_ward_k55",4,302122,"CD8",1000,"no_detected_multimodality","neither test rejects in any seed",3,0,0,0,0.998174667280696,0.917958979489745
"inflect_ward_k55",4,302122,"CD8",5000,"no_detected_multimodality","neither test rejects in any seed",3,0,0,0,1,0.202601300650325
"inflect_ward_k55",4,302122,"TCRgd_CD141",1000,"no_detected_multimodality","neither test rejects in any seed",3,0,0,0,0.998174667280696,0.453826913456728
"inflect_ward_k55",4,302122,"TCRgd_CD141",5000,"ambiguous","discordant_tests",3,0,0,3,0.534301876768898,0
"inflect_ward_k55",5,228900,"CD21",1000,"no_detected_multimodality","neither test rejects in any seed",3,0,0,0,0.998767775905056,0.783391695847924
"inflect_ward_k55",5,228900,"CD21",5000,"no_detected_multimodality","neither test rejects in any seed",3,0,0,0,1,0.376500750375188
"inflect_ward_k55",5,228900,"CD3",1000,"detected_multimodality","both tests reject in at least two seeds",3,3,3,3,0,0
"inflect_ward_k55",5,228900,"CD3",5000,"detected_multimodality","both tests reject in at least two seeds",3,3,3,3,0,0
"inflect_ward_k55",5,228900,"CD57",1000,"detected_multimodality","both tests reject in at least two seeds",3,3,3,3,0,0
"inflect_ward_k55",5,228900,"CD57",5000,"detected_multimodality","both tests reject in at least two seeds",3,3,3,3,0,0
"inflect_ward_k55",6,331025,"CD11c",1000,"ambiguous","seed_instability;borderline_q",3,1,1,1,0.048861563451044,0
"inflect_ward_k55",6,331025,"CD11c",5000,"detected_multimodality","both tests reject in at least two seeds",3,3,3,3,0,0
"inflect_ward_k55",6,331025,"CD161",1000,"ambiguous","discordant_tests;seed_instability",3,1,1,2,0.0219973848353804,0
"inflect_ward_k55",6,331025,"CD161",5000,"detected_multimodality","both tests reject in at least two seeds",3,3,3,3,1.27534255935924e-05,0
"inflect_ward_k55",6,331025,"CD185_CXCR5",1000,"no_detected_multimodality","neither test rejects in any seed",3,0,0,0,1,0.779639819909955
"inflect_ward_k55",6,331025,"CD185_CXCR5",5000,"no_detected_multimodality","neither test rejects in any seed",3,0,0,0,1,0.438969484742371
"inflect_ward_k55",6,331025,"CD3",1000,"detected_multimodality","both tests reject in at least two seeds",3,3,3,3,0,0
"inflect_ward_k55",6,331025,"CD3",5000,"detected_multimodality","both tests reject in at least two seeds",3,3,3,3,0,0
"inflect_ward_k55",6,331025,"CD4",1000,"no_detected_multimodality","neither test rejects in any seed",3,0,0,0,1,0.707753876938469
"inflect_ward_k55",6,331025,"CD4",5000,"no_detected_multimodality","neither test rejects in any seed",3,0,0,0,1,0.438969484742371
"inflect_ward_k55",6,331025,"CD56",1000,"no_detected_multimodality","neither test rejects in any seed",3,0,0,0,1,0.63751875937969
"inflect_ward_k55",6,331025,"CD56",5000,"no_detected_multimodality","neither test rejects in any seed",3,0,0,0,1,0.532166083041521
"inflect_ward_k55",6,331025,"CD57",1000,"ambiguous","discordant_tests;seed_instability",3,0,0,2,0.105062005770881,0
"inflect_ward_k55",6,331025,"CD57",5000,"detected_multimodality","both tests reject in at least two seeds",3,3,3,3,0,0
"inflect_ward_k55",6,331025,"CD7",1000,"no_detected_multimodality","neither test rejects in any seed",3,0,0,0,1,0.468877295790752
"inflect_ward_k55",6,331025,"CD7",5000,"no_detected_multimodality","neither test rejects in any seed",3,0,0,0,1,0.397698849424712
"inflect_ward_k55",6,331025,"HLA-DR",1000,"no_detected_multimodality","neither test rejects in any seed",3,0,0,0,1,0.779639819909955
"inflect_ward_k55",6,331025,"HLA-DR",5000,"no_detected_multimodality","neither test rejects in any seed",3,0,0,0,1,0.438969484742371
"inflect_ward_k55",7,317695,"CD11c",1000,"ambiguous","discordant_tests;seed_instability",3,0,0,2,0.51992198309133,0.0135067533766883
"inflect_ward_k55",7,317695,"CD11c",5000,"detected_multimodality","both tests reject in at least two seeds",3,3,3,3,0,0
"inflect_ward_k55",7,317695,"CD161",1000,"ambiguous","discordant_tests;seed_instability",3,0,0,1,0.22256339746813,0
"inflect_ward_k55",7,317695,"CD161",5000,"detected_multimodality","both tests reject in at least two seeds",3,3,3,3,0.000213969225358268,0
"inflect_ward_k55",7,317695,"CD21",1000,"no_detected_multimodality","neither test rejects in any seed",3,0,0,0,0.99867579380572,0.90139806745478
"inflect_ward_k55",7,317695,"CD21",5000,"no_detected_multimodality","neither test rejects in any seed",3,0,0,0,1,0.465018223397413
"inflect_ward_k55",7,317695,"CD3",1000,"no_detected_multimodality","neither test rejects in any seed",3,0,0,0,0.99867579380572,0.565354105624241
"inflect_ward_k55",7,317695,"CD3",5000,"ambiguous","discordant_tests",3,0,0,3,0.683924608293527,0
"inflect_ward_k55",7,317695,"CD57",1000,"ambiguous","discordant_tests;seed_instability",3,0,0,1,0.424239815596451,0
"inflect_ward_k55",7,317695,"CD57",5000,"ambiguous","discordant_tests;seed_instability;borderline_q",3,1,1,3,0.0348106246916626,0
"inflect_ward_k55",7,317695,"FoxP3",1000,"no_detected_multimodality","neither test rejects in any seed",3,0,0,0,0.99867579380572,0.32995068963053
"inflect_ward_k55",7,317695,"FoxP3",5000,"no_detected_multimodality","neither test rejects in any seed",3,0,0,0,1,0.245372686343172
"inflect_ward_k55",8,128303,"CD159c_NKG2C",1000,"ambiguous","discordant_tests;seed_instability",3,0,0,1,0.658169879593501,0
"inflect_ward_k55",8,128303,"CD159c_NKG2C",5000,"detected_multimodality","both tests reject in at least two seeds",3,2,2,3,7.41508494146448e-05,0
"inflect_ward_k55",8,128303,"CD27",1000,"no_detected_multimodality","neither test rejects in any seed",3,0,0,0,0.999403616252326,0.93871935967984
"inflect_ward_k55",8,128303,"CD27",5000,"no_detected_multimodality","neither test rejects in any seed",3,0,0,0,1,0.806850793817962
"inflect_ward_k55",8,128303,"CD56",1000,"no_detected_multimodality","neither test rejects in any seed",3,0,0,0,0.999403616252326,0.944122061030515
"inflect_ward_k55",8,128303,"CD56",5000,"no_detected_multimodality","neither test rejects in any seed",3,0,0,0,1,0.287018509254627
"inflect_ward_k55",8,128303,"CD57",1000,"detected_multimodality","both tests reject in at least two seeds",3,3,3,3,0,0
"inflect_ward_k55",8,128303,"CD57",5000,"detected_multimodality","both tests reject in at least two seeds",3,3,3,3,0,0
"inflect_ward_k55",8,128303,"Tbet",1000,"no_detected_multimodality","neither test rejects in any seed",3,0,0,0,0.999403616252326,0.840795397698849
"inflect_ward_k55",8,128303,"Tbet",5000,"no_detected_multimodality","neither test rejects in any seed",3,0,0,0,1,0.24119202458372
"inflect_ward_k55",9,280345,"CD16",1000,"no_detected_multimodality","neither test rejects in any seed",3,0,0,0,0.996688102846085,0.742871435717859
"inflect_ward_k55",9,280345,"CD16",5000,"no_detected_multimodality","neither test rejects in any seed",3,0,0,0,1,0.430527763881941
"inflect_ward_k55",9,280345,"CD1c",1000,"no_detected_multimodality","neither test rejects in any seed",3,0,0,0,0.996688102846085,0.88064032016008
"inflect_ward_k55",9,280345,"CD1c",5000,"no_detected_multimodality","neither test rejects in any seed",3,0,0,0,1,0.95134523783631
"inflect_ward_k55",9,280345,"CD3",1000,"no_detected_multimodality","neither test rejects in any seed",3,0,0,0,0.996688102846085,0.892121060530265
"inflect_ward_k55",9,280345,"CD3",5000,"ambiguous","discordant_tests;seed_instability;borderline_q",3,0,0,2,1,0
"inflect_ward_k55",9,280345,"CD303_TCRvd2",1000,"no_detected_multimodality","neither test rejects in any seed",3,0,0,0,0.996688102846085,0.892121060530265
"inflect_ward_k55",9,280345,"CD303_TCRvd2",5000,"no_detected_multimodality","neither test rejects in any seed",3,0,0,0,1,0.893578368131434
"inflect_ward_k55",9,280345,"CD57",1000,"detected_multimodality","both tests reject in at least two seeds",3,2,2,3,0.00190463723089973,0
"inflect_ward_k55",9,280345,"CD57",5000,"detected_multimodality","both tests reject in at least two seeds",3,3,3,3,0,0
"inflect_ward_k55",10,58949,"CD159c_NKG2C",1000,"ambiguous","discordant_tests;seed_instability",3,0,0,2,0.296637565027992,0
"inflect_ward_k55",10,58949,"CD159c_NKG2C",5000,"detected_multimodality","both tests reject in at least two seeds",3,3,3,3,0,0
"inflect_ward_k55",10,58949,"CD27",1000,"no_detected_multimodality","neither test rejects in any seed",3,0,0,0,0.999686306662476,0.650402124138993
"inflect_ward_k55",10,58949,"CD27",5000,"ambiguous","discordant_tests;seed_instability",3,0,0,2,1,0
"inflect_ward_k55",10,58949,"CD45RA",1000,"no_detected_multimodality","neither test rejects in any seed",3,0,0,0,0.999686306662476,0.868214107053527
"inflect_ward_k55",10,58949,"CD45RA",5000,"no_detected_multimodality","neither test rejects in any seed",3,0,0,0,1,0.882261130565283
"inflect_ward_k55",10,58949,"CD56",1000,"ambiguous","discordant_tests",3,0,0,3,0.897203597531241,0
"inflect_ward_k55",10,58949,"CD56",5000,"detected_multimodality","both tests reject in at least two seeds",3,3,3,3,0,0
"inflect_ward_k55",10,58949,"CD57",1000,"ambiguous","discordant_tests;seed_instability",3,0,0,2,0.999686306662476,0
"inflect_ward_k55",10,58949,"CD57",5000,"detected_multimodality","both tests reject in at least two seeds",3,3,3,3,0.0014832498518963,0
"inflect_ward_k55",10,58949,"TCRgd_CD141",1000,"no_detected_multimodality","neither test rejects in any seed",3,0,0,0,0.999686306662476,0.739494747373687
"inflect_ward_k55",10,58949,"TCRgd_CD141",5000,"no_detected_multimodality","neither test rejects in any seed",3,0,0,0,1,0.72322524898813
"inflect_ward_k55",11,607557,"CD16",1000,"no_detected_multimodality","neither test rejects in any seed",3,0,0,0,1,0.978720129295417
"inflect_ward_k55",11,607557,"CD16",5000,"no_detected_multimodality","neither test rejects in any seed",3,0,0,0,1,0.854784535124705
"inflect_ward_k55",11,607557,"CD161",1000,"no_detected_multimodality","neither test rejects in any seed",3,0,0,0,1,0.70480694892901
"inflect_ward_k55",11,607557,"CD161",5000,"no_detected_multimodality","neither test rejects in any seed",3,0,0,0,1,0.990495247623812
"inflect_ward_k55",11,607557,"CD1c",1000,"no_detected_multimodality","neither test rejects in any seed",3,0,0,0,1,0.978720129295417
"inflect_ward_k55",11,607557,"CD1c",5000,"no_detected_multimodality","neither test rejects in any seed",3,0,0,0,1,0.940407703851926
"inflect_ward_k55",11,607557,"CD21",1000,"no_detected_multimodality","neither test rejects in any seed",3,0,0,0,1,0.90120060030015
"inflect_ward_k55",11,607557,"CD21",5000,"no_detected_multimodality","neither test rejects in any seed",3,0,0,0,1,0.854784535124705
"inflect_ward_k55",11,607557,"CD45RA",1000,"ambiguous","borderline_q",3,0,0,0,1,0.0810405202601301
"inflect_ward_k55",11,607557,"CD45RA",5000,"ambiguous","discordant_tests;seed_instability",3,0,0,1,1,0.0135067533766883
"inflect_ward_k55",12,582601,"CD11c",1000,"ambiguous","discordant_tests;seed_instability;borderline_q",3,0,0,2,0.436569630117722,0.0135067533766883
"inflect_ward_k55",12,582601,"CD11c",5000,"ambiguous","discordant_tests;seed_instability",3,1,1,2,0.00239358222039598,0
"inflect_ward_k55",12,582601,"CD159c_NKG2C",1000,"no_detected_multimodality","neither test rejects in any seed",3,0,0,0,0.999607065859767,0.479489744872436
"inflect_ward_k55",12,582601,"CD159c_NKG2C",5000,"no_detected_multimodality","neither test rejects in any seed",3,0,0,0,1,0.216108054027013
"inflect_ward_k55",12,582601,"CD16",1000,"no_detected_multimodality","neither test rejects in any seed",3,0,0,0,0.999607065859767,0.368059029514757
"inflect_ward_k55",12,582601,"CD16",5000,"ambiguous","discordant_tests;seed_instability;borderline_q",3,0,0,1,1,0.0360180090045022
"inflect_ward_k55",12,582601,"CD161",1000,"detected_multimodality","both tests reject in at least two seeds",3,2,2,2,0.000962688906472775,0
"inflect_ward_k55",12,582601,"CD161",5000,"detected_multimodality","both tests reject in at least two seeds",3,3,3,3,0,0
"inflect_ward_k55",12,582601,"CD303_TCRvd2",1000,"ambiguous","borderline_q",3,0,0,0,0.999607065859767,0.0979239619809905
"inflect_ward_k55",12,582601,"CD303_TCRvd2",5000,"no_detected_multimodality","neither test rejects in any seed",3,0,0,0,1,0.623240191524334
"inflect_ward_k55",12,582601,"CD38",1000,"no_detected_multimodality","neither test rejects in any seed",3,0,0,0,0.999607065859767,0.73129421853784
"inflect_ward_k55",12,582601,"CD38",5000,"no_detected_multimodality","neither test rejects in any seed",3,0,0,0,1,0.502451225612806
"inflect_ward_k55",12,582601,"CD57",1000,"no_detected_multimodality","neither test rejects in any seed",3,0,0,0,0.999607065859767,0.479489744872436
"inflect_ward_k55",12,582601,"CD57",5000,"ambiguous","discordant_tests;seed_instability",3,0,0,1,1,0.00675337668834417
"inflect_ward_k55",12,582601,"FoxP3",1000,"no_detected_multimodality","neither test rejects in any seed",3,0,0,0,0.999607065859767,0.479489744872436
"inflect_ward_k55",12,582601,"FoxP3",5000,"no_detected_multimodality","neither test rejects in any seed",3,0,0,0,1,0.747373686843422
"inflect_ward_k55",13,46765,"CD11c",1000,"ambiguous","discordant_tests;seed_instability",3,0,0,2,0.752553360872156,0.00900450225112556
"inflect_ward_k55",13,46765,"CD11c",5000,"detected_multimodality","both tests reject in at least two seeds",3,3,3,3,0,0
"inflect_ward_k55",13,46765,"CD127",1000,"no_detected_multimodality","neither test rejects in any seed",3,0,0,0,0.999014301890634,0.875483196143526
"inflect_ward_k55",13,46765,"CD127",5000,"no_detected_multimodality","neither test rejects in any seed",3,0,0,0,1,0.807403701850925
"inflect_ward_k55",13,46765,"CD14",1000,"no_detected_multimodality","neither test rejects in any seed",3,0,0,0,0.999014301890634,0.747136726257866
"inflect_ward_k55",13,46765,"CD14",5000,"no_detected_multimodality","neither test rejects in any seed",3,0,0,0,1,0.622811405702851
"inflect_ward_k55",13,46765,"CD159c_NKG2C",1000,"no_detected_multimodality","neither test rejects in any seed",3,0,0,0,0.999014301890634,0.611855927963982
"inflect_ward_k55",13,46765,"CD159c_NKG2C",5000,"no_detected_multimodality","neither test rejects in any seed",3,0,0,0,1,0.126625812906453
"inflect_ward_k55",13,46765,"CD161",1000,"ambiguous","discordant_tests;seed_instability",3,0,0,1,0.999014301890634,0.00900450225112556
"inflect_ward_k55",13,46765,"CD161",5000,"ambiguous","discordant_tests",3,0,0,3,0.305379269690912,0
"inflect_ward_k55",13,46765,"CD197_CCR7",1000,"no_detected_multimodality","neither test rejects in any seed",3,0,0,0,0.999014301890634,0.611855927963982
"inflect_ward_k55",13,46765,"CD197_CCR7",5000,"ambiguous","discordant_tests;seed_instability",3,0,0,2,1,0.00810405202601301
"inflect_ward_k55",13,46765,"CD3",1000,"detected_multimodality","both tests reject in at least two seeds",3,3,3,3,0,0
"inflect_ward_k55",13,46765,"CD3",5000,"detected_multimodality","both tests reject in at least two seeds",3,3,3,3,0,0
"inflect_ward_k55",13,46765,"CD4",1000,"no_detected_multimodality","neither test rejects in any seed",3,0,0,0,0.999014301890634,0.745872936468234
"inflect_ward_k55",13,46765,"CD4",5000,"no_detected_multimodality","neither test rejects in any seed",3,0,0,0,1,0.493610441584429
"inflect_ward_k55",13,46765,"CD56",1000,"ambiguous","discordant_tests",3,0,0,3,0.188046380594285,0
"inflect_ward_k55",13,46765,"CD56",5000,"detected_multimodality","both tests reject in at least two seeds",3,3,3,3,0,0
"inflect_ward_k55",13,46765,"Tbet",1000,"no_detected_multimodality","neither test rejects in any seed",3,0,0,0,0.999014301890634,0.70480694892901
"inflect_ward_k55",13,46765,"Tbet",5000,"ambiguous","discordant_tests",3,0,0,3,1,0.00900450225112556
"inflect_ward_k55",14,277783,"CD11c",1000,"no_detected_multimodality","neither test rejects in any seed",3,0,0,0,1,0.880190095047524
"inflect_ward_k55",14,277783,"CD11c",5000,"no_detected_multimodality","neither test rejects in any seed",3,0,0,0,1,0.273511755877939
"inflect_ward_k55",14,277783,"CD159c_NKG2C",1000,"no_detected_multimodality","neither test rejects in any seed",3,0,0,0,1,0.894661616522547
"inflect_ward_k55",14,277783,"CD159c_NKG2C",5000,"no_detected_multimodality","neither test rejects in any seed",3,0,0,0,1,0.802301150575288
"inflect_ward_k55",14,277783,"CD57",1000,"detected_multimodality","both tests reject in at least two seeds",3,3,3,3,0,0
"inflect_ward_k55",14,277783,"CD57",5000,"detected_multimodality","both tests reject in at least two seeds",3,3,3,3,0,0
"inflect_ward_k55",14,277783,"CD8",1000,"no_detected_multimodality","neither test rejects in any seed",3,0,0,0,1,0.914857428714357
"inflect_ward_k55",14,277783,"CD8",5000,"no_detected_multimodality","neither test rejects in any seed",3,0,0,0,1,0.882614384115135
"inflect_ward_k55",14,277783,"FoxP3",1000,"no_detected_multimodality","neither test rejects in any seed",3,0,0,0,1,0.520974773100836
"inflect_ward_k55",14,277783,"FoxP3",5000,"no_detected_multimodality","neither test rejects in any seed",3,0,0,0,1,0.882614384115135
"inflect_ward_k55",14,277783,"HLA-DR",1000,"no_detected_multimodality","neither test rejects in any seed",3,0,0,0,1,0.880190095047524
"inflect_ward_k55",14,277783,"HLA-DR",5000,"no_detected_multimodality","neither test rejects in any seed",3,0,0,0,1,0.882614384115135
"inflect_ward_k55",15,330393,"CD127",1000,"no_detected_multimodality","neither test rejects in any seed",3,0,0,0,0.998018857060248,0.850925462731366
"inflect_ward_k55",15,330393,"CD127",5000,"no_detected_multimodality","neither test rejects in any seed",3,0,0,0,1,0.901835533151191
"inflect_ward_k55",15,330393,"CD185_CXCR5",1000,"no_detected_multimodality","neither test rejects in any seed",3,0,0,0,0.998018857060248,0.532166083041521
"inflect_ward_k55",15,330393,"CD185_CXCR5",5000,"no_detected_multimodality","neither test rejects in any seed",3,0,0,0,1,0.911975987993997
"inflect_ward_k55",15,330393,"CD197_CCR7",1000,"no_detected_multimodality","neither test rejects in any seed",3,0,0,0,0.998018857060248,0.434917458729365
"inflect_ward_k55",15,330393,"CD197_CCR7",5000,"no_detected_multimodality","neither test rejects in any seed",3,0,0,0,1,0.103551775887944
"inflect_ward_k55",15,330393,"CD45RA",1000,"no_detected_multimodality","neither test rejects in any seed",3,0,0,0,0.998018857060248,0.202601300650325
"inflect_ward_k55",15,330393,"CD45RA",5000,"ambiguous","discordant_tests",3,0,0,3,0.106492908790818,0
"inflect_ward_k55",15,330393,"CD57",1000,"detected_multimodality","both tests reject in at least two seeds",3,3,3,3,0,0
"inflect_ward_k55",15,330393,"CD57",5000,"detected_multimodality","both tests reject in at least two seeds",3,3,3,3,0,0
"inflect_ward_k55",16,179840,"CD11c",1000,"ambiguous","discordant_tests;seed_instability",3,0,0,1,0.996440510582703,0.0202601300650325
"inflect_ward_k55",16,179840,"CD11c",5000,"ambiguous","discordant_tests;seed_instability",3,0,0,2,1,0
"inflect_ward_k55",16,179840,"CD294_CRTH2",1000,"no_detected_multimodality","neither test rejects in any seed",3,0,0,0,0.996440510582703,0.796898449224612
"inflect_ward_k55",16,179840,"CD294_CRTH2",5000,"no_detected_multimodality","neither test rejects in any seed",3,0,0,0,1,0.781008151134391
"inflect_ward_k55",16,179840,"CD3",1000,"detected_multimodality","both tests reject in at least two seeds",3,3,3,3,0,0
"inflect_ward_k55",16,179840,"CD3",5000,"detected_multimodality","both tests reject in at least two seeds",3,3,3,3,0,0
"inflect_ward_k55",16,179840,"CD56",1000,"detected_multimodality","both tests reject in at least two seeds",3,3,3,3,0,0
"inflect_ward_k55",16,179840,"CD56",5000,"detected_multimodality","both tests reject in at least two seeds",3,3,3,3,0,0
"inflect_ward_k55",16,179840,"CD57",1000,"detected_multimodality","both tests reject in at least two seeds",3,3,3,3,0.000166078499812539,0
"inflect_ward_k55",16,179840,"CD57",5000,"detected_multimodality","both tests reject in at least two seeds",3,3,3,3,0,0
"inflect_ward_k55",17,147051,"CD11c",1000,"ambiguous","borderline_q",3,0,0,0,0.999621172117202,0.0720360180090045
"inflect_ward_k55",17,147051,"CD11c",5000,"ambiguous","discordant_tests;seed_instability",3,1,1,3,0.0226309025752349,0
"inflect_ward_k55",17,147051,"CD127",1000,"no_detected_multimodality","neither test rejects in any seed",3,0,0,0,0.999621172117202,0.138444222111056
"inflect_ward_k55",17,147051,"CD127",5000,"no_detected_multimodality","neither test rejects in any seed",3,0,0,0,1,0.439719859929965
"inflect_ward_k55",17,147051,"CD14",1000,"no_detected_multimodality","neither test rejects in any seed",3,0,0,0,0.999621172117202,0.691845922961481
"inflect_ward_k55",17,147051,"CD14",5000,"no_detected_multimodality","neither test rejects in any seed",3,0,0,0,1,0.57114271421425
"inflect_ward_k55",17,147051,"CD161",1000,"detected_multimodality","both tests reject in at least two seeds",3,3,3,3,0,0
"inflect_ward_k55",17,147051,"CD161",5000,"detected_multimodality","both tests reject in at least two seeds",3,3,3,3,0,0
"inflect_ward_k55",17,147051,"CD45RA",1000,"no_detected_multimodality","neither test rejects in any seed",3,0,0,0,0.999621172117202,0.691845922961481
"inflect_ward_k55",17,147051,"CD45RA",5000,"no_detected_multimodality","neither test rejects in any seed",3,0,0,0,1,0.670835417708854
"inflect_ward_k55",17,147051,"CD56",1000,"ambiguous","discordant_tests;borderline_q",3,0,0,3,0.0500228337552354,0.00675337668834417
"inflect_ward_k55",17,147051,"CD56",5000,"detected_multimodality","both tests reject in at least two seeds",3,3,3,3,0,0
"inflect_ward_k55",17,147051,"Tbet",1000,"no_detected_multimodality","neither test rejects in any seed",3,0,0,0,0.999621172117202,0.302551275637819
"inflect_ward_k55",17,147051,"Tbet",5000,"ambiguous","discordant_tests;seed_instability",3,1,1,3,0.0317484445028581,0
"inflect_ward_k55",18,132476,"CD159c_NKG2C",1000,"ambiguous","discordant_tests;seed_instability",3,1,1,3,0.0493282414629684,0
"inflect_ward_k55",18,132476,"CD159c_NKG2C",5000,"detected_multimodality","both tests reject in at least two seeds",3,3,3,3,0,0
"inflect_ward_k55",18,132476,"CD45RA",1000,"ambiguous","borderline_q",3,0,0,0,1,0.0540270135067534
"inflect_ward_k55",18,132476,"CD45RA",5000,"ambiguous","borderline_q",3,0,0,0,1,0.0864432216108054
"inflect_ward_k55",18,132476,"CD7",1000,"no_detected_multimodality","neither test rejects in any seed",3,0,0,0,1,0.202601300650325
"inflect_ward_k55",18,132476,"CD7",5000,"ambiguous","borderline_q",3,0,0,0,1,0.0607803901950975
"inflect_ward_k55",19,28208,"CD16",1000,"no_detected_multimodality","neither test rejects in any seed",3,0,0,0,1,0.32416208104052
"inflect_ward_k55",19,28208,"CD16",5000,"no_detected_multimodality","neither test rejects in any seed",3,0,0,0,1,0.123061530765383
"inflect_ward_k55",19,28208,"CD25",1000,"no_detected_multimodality","neither test rejects in any seed",3,0,0,0,1,0.794442675883396
"inflect_ward_k55",19,28208,"CD25",5000,"no_detected_multimodality","neither test rejects in any seed",3,0,0,0,1,0.843421710855428
"inflect_ward_k55",19,28208,"CD38",1000,"no_detected_multimodality","neither test rejects in any seed",3,0,0,0,1,0.574037018509255
"inflect_ward_k55",19,28208,"CD38",5000,"no_detected_multimodality","neither test rejects in any seed",3,0,0,0,1,0.424497963267348
"inflect_ward_k55",19,28208,"CD56",1000,"ambiguous","discordant_tests;seed_instability",3,0,0,2,1,0
"inflect_ward_k55",19,28208,"CD56",5000,"detected_multimodality","both tests reject in at least two seeds",3,3,3,3,3.65254624346001e-05,0
"inflect_ward_k55",19,28208,"CD57",1000,"no_detected_multimodality","neither test rejects in any seed",3,0,0,0,1,0.121560780390195
"inflect_ward_k55",19,28208,"CD57",5000,"ambiguous","discordant_tests",3,0,0,3,1,0
"inflect_ward_k55",19,28208,"CD8",1000,"no_detected_multimodality","neither test rejects in any seed",3,0,0,0,1,0.794442675883396
"inflect_ward_k55",19,28208,"CD8",5000,"no_detected_multimodality","neither test rejects in any seed",3,0,0,0,1,0.438125312656328
"inflect_ward_k55",19,28208,"Tbet",1000,"no_detected_multimodality","neither test rejects in any seed",3,0,0,0,1,0.418709354677339
"inflect_ward_k55",19,28208,"Tbet",5000,"ambiguous","discordant_tests;seed_instability",3,0,0,1,1,0.0360180090045022
"inflect_ward_k55",19,28208,"TCRgd_CD141",1000,"no_detected_multimodality","neither test rejects in any seed",3,0,0,0,1,0.418709354677339
"inflect_ward_k55",19,28208,"TCRgd_CD141",5000,"ambiguous","discordant_tests",3,0,0,3,0.179579828014809,0
"inflect_ward_k55",20,195943,"CD161",1000,"detected_multimodality","both tests reject in at least two seeds",3,3,3,3,0.000710414928763503,0
"inflect_ward_k55",20,195943,"CD161",5000,"detected_multimodality","both tests reject in at least two seeds",3,3,3,3,0,0
"inflect_ward_k55",20,195943,"CD27",1000,"detected_multimodality","both tests reject in at least two seeds",3,3,3,3,0,0
"inflect_ward_k55",20,195943,"CD27",5000,"detected_multimodality","both tests reject in at least two seeds",3,3,3,3,0,0
"inflect_ward_k55",20,195943,"CD38",1000,"no_detected_multimodality","neither test rejects in any seed",3,0,0,0,1,0.983991995997999
"inflect_ward_k55",20,195943,"CD38",5000,"no_detected_multimodality","neither test rejects in any seed",3,0,0,0,1,0.588894447223612
"inflect_ward_k55",20,195943,"CD57",1000,"no_detected_multimodality","neither test rejects in any seed",3,0,0,0,1,0.757799952607883
"inflect_ward_k55",20,195943,"CD57",5000,"no_detected_multimodality","neither test rejects in any seed",3,0,0,0,1,0.744460465526881
"inflect_ward_k55",21,1888077,"CD14",1000,"no_detected_multimodality","neither test rejects in any seed",3,0,0,0,1,0.597673836918459
"inflect_ward_k55",21,1888077,"CD14",5000,"no_detected_multimodality","neither test rejects in any seed",3,0,0,0,1,0.835167583791896
"inflect_ward_k55",21,1888077,"CD27",1000,"detected_multimodality","both tests reject in at least two seeds",3,3,3,3,0,0
"inflect_ward_k55",21,1888077,"CD27",5000,"detected_multimodality","both tests reject in at least two seeds",3,3,3,3,0,0
"inflect_ward_k55",21,1888077,"CD45RA",1000,"ambiguous","discordant_tests;seed_instability",3,0,0,1,0.328234714365607,0.0135067533766883
"inflect_ward_k55",21,1888077,"CD45RA",5000,"ambiguous","discordant_tests;seed_instability",3,0,0,2,0.519343993417681,0
"inflect_ward_k55",21,1888077,"CD56",1000,"no_detected_multimodality","neither test rejects in any seed",3,0,0,0,1,0.639319659829915
"inflect_ward_k55",21,1888077,"CD56",5000,"no_detected_multimodality","neither test rejects in any seed",3,0,0,0,1,0.251225612806403
"inflect_ward_k55",21,1888077,"CD8",1000,"ambiguous","discordant_tests;seed_instability;borderline_q",3,0,0,1,0.40408001100521,0.0270135067533767
"inflect_ward_k55",21,1888077,"CD8",5000,"ambiguous","discordant_tests",3,0,0,3,0.138933119743494,0
"inflect_ward_k55",21,1888077,"Tbet",1000,"detected_multimodality","both tests reject in at least two seeds",3,3,3,3,0.000239837391479425,0
"inflect_ward_k55",21,1888077,"Tbet",5000,"detected_multimodality","both tests reject in at least two seeds",3,3,3,3,0,0
"inflect_ward_k55",21,1888077,"TCRgd_CD141",1000,"no_detected_multimodality","neither test rejects in any seed",3,0,0,0,1,0.639319659829915
"inflect_ward_k55",21,1888077,"TCRgd_CD141",5000,"no_detected_multimodality","neither test rejects in any seed",3,0,0,0,1,0.849574787393697
"inflect_ward_k55",22,122981,"CD161",1000,"ambiguous","discordant_tests;seed_instability;borderline_q",3,0,0,2,0.0700778551929062,0.00260130065032516
"inflect_ward_k55",22,122981,"CD161",5000,"ambiguous","discordant_tests;seed_instability",3,1,1,3,0.00156423246749593,0
"inflect_ward_k55",22,122981,"CD185_CXCR5",1000,"no_detected_multimodality","neither test rejects in any seed",3,0,0,0,1,0.676338169084542
"inflect_ward_k55",22,122981,"CD185_CXCR5",5000,"ambiguous","discordant_tests",3,0,0,3,1,0
"inflect_ward_k55",22,122981,"CD38",1000,"detected_multimodality","both tests reject in at least two seeds",3,3,3,3,0,0
"inflect_ward_k55",22,122981,"CD38",5000,"detected_multimodality","both tests reject in at least two seeds",3,3,3,3,0,0
"inflect_ward_k55",22,122981,"CD45RA",1000,"ambiguous","discordant_tests;seed_instability",3,0,0,2,0.456539989580502,0
"inflect_ward_k55",22,122981,"CD45RA",5000,"ambiguous","discordant_tests",3,0,0,3,0.10066251846982,0
"inflect_ward_k55",22,122981,"CD7",1000,"ambiguous","discordant_tests;seed_instability",3,1,1,3,0.00251454752920122,0
"inflect_ward_k55",22,122981,"CD7",5000,"detected_multimodality","both tests reject in at least two seeds",3,3,3,3,0,0
"inflect_ward_k55",22,122981,"FoxP3",1000,"detected_multimodality","both tests reject in at least two seeds",3,3,3,3,0,0
"inflect_ward_k55",22,122981,"FoxP3",5000,"detected_multimodality","both tests reject in at least two seeds",3,3,3,3,0,0
"inflect_ward_k55",23,40140,"CD11c",1000,"ambiguous","borderline_q",3,0,0,0,0.998396746571383,0.0540270135067534
"inflect_ward_k55",23,40140,"CD11c",5000,"no_detected_multimodality","neither test rejects in any seed",3,0,0,0,1,0.135067533766883
"inflect_ward_k55",23,40140,"CD159c_NKG2C",1000,"ambiguous","discordant_tests;seed_instability",3,0,0,2,0.998396746571383,0.0135067533766883
"inflect_ward_k55",23,40140,"CD159c_NKG2C",5000,"detected_multimodality","both tests reject in at least two seeds",3,3,3,3,0,0
"inflect_ward_k55",23,40140,"CD16",1000,"no_detected_multimodality","neither test rejects in any seed",3,0,0,0,0.998396746571383,0.96048024012006
"inflect_ward_k55",23,40140,"CD16",5000,"ambiguous","discordant_tests;seed_instability",3,0,0,2,0.414774246314707,0
"inflect_ward_k55",23,40140,"CD1c",1000,"no_detected_multimodality","neither test rejects in any seed",3,0,0,0,0.998396746571383,0.96048024012006
"inflect_ward_k55",23,40140,"CD1c",5000,"no_detected_multimodality","neither test rejects in any seed",3,0,0,0,1,0.929071678696491
"inflect_ward_k55",23,40140,"CD21",1000,"no_detected_multimodality","neither test rejects in any seed",3,0,0,0,0.998396746571383,0.96048024012006
"inflect_ward_k55",23,40140,"CD21",5000,"no_detected_multimodality","neither test rejects in any seed",3,0,0,0,1,0.666654755949403
"inflect_ward_k55",23,40140,"CD3",1000,"ambiguous","discordant_tests;seed_instability;borderline_q",3,1,1,3,0.00622208608116959,0
"inflect_ward_k55",23,40140,"CD3",5000,"detected_multimodality","both tests reject in at least two seeds",3,3,3,3,0,0
"inflect_ward_k55",23,40140,"CD56",1000,"no_detected_multimodality","neither test rejects in any seed",3,0,0,0,0.998396746571383,0.175587793896948
"inflect_ward_k55",23,40140,"CD56",5000,"ambiguous","discordant_tests;seed_instability;borderline_q",3,1,1,3,0.0364317262841984,0
"inflect_ward_k55",23,40140,"HLA-DR",1000,"no_detected_multimodality","neither test rejects in any seed",3,0,0,0,0.998396746571383,0.96048024012006
"inflect_ward_k55",23,40140,"HLA-DR",5000,"no_detected_multimodality","neither test rejects in any seed",3,0,0,0,1,0.135067533766883
"inflect_ward_k55",24,331660,"CD161",1000,"no_detected_multimodality","neither test rejects in any seed",3,0,0,0,0.998954194856667,0.62754454150152
"inflect_ward_k55",24,331660,"CD161",5000,"ambiguous","discordant_tests;seed_instability;borderline_q",3,1,1,3,0.00605162138837897,0
"inflect_ward_k55",24,331660,"CD19",1000,"no_detected_multimodality","neither test rejects in any seed",3,0,0,0,0.998954194856667,0.836293146573287
"inflect_ward_k55",24,331660,"CD19",5000,"no_detected_multimodality","neither test rejects in any seed",3,0,0,0,1,0.849697576060758
"inflect_ward_k55",24,331660,"CD27",1000,"detected_multimodality","both tests reject in at least two seeds",3,3,3,3,0,0
"inflect_ward_k55",24,331660,"CD27",5000,"detected_multimodality","both tests reject in at least two seeds",3,3,3,3,0,0
"inflect_ward_k55",24,331660,"CD303_TCRvd2",1000,"detected_multimodality","both tests reject in at least two seeds",3,3,3,3,0,0
"inflect_ward_k55",24,331660,"CD303_TCRvd2",5000,"detected_multimodality","both tests reject in at least two seeds",3,3,3,3,0,0
"inflect_ward_k55",24,331660,"CD57",1000,"no_detected_multimodality","neither test rejects in any seed",3,0,0,0,0.998954194856667,0.476113056528264
"inflect_ward_k55",24,331660,"CD57",5000,"no_detected_multimodality","neither test rejects in any seed",3,0,0,0,1,0.790145072536268
"inflect_ward_k55",24,331660,"TCRgd_CD141",1000,"detected_multimodality","both tests reject in at least two seeds",3,3,3,3,0,0
"inflect_ward_k55",24,331660,"TCRgd_CD141",5000,"detected_multimodality","both tests reject in at least two seeds",3,3,3,3,0,0
"inflect_ward_k55",25,636588,"CD127",1000,"no_detected_multimodality","neither test rejects in any seed",3,0,0,0,0.998464840953152,0.504252126063031
"inflect_ward_k55",25,636588,"CD127",5000,"ambiguous","discordant_tests",3,0,0,3,0.351220297124442,0
"inflect_ward_k55",25,636588,"CD16",1000,"detected_multimodality","both tests reject in at least two seeds",3,3,3,3,7.98711965815935e-05,0
"inflect_ward_k55",25,636588,"CD16",5000,"detected_multimodality","both tests reject in at least two seeds",3,3,3,3,0,0
"inflect_ward_k55",25,636588,"CD161",1000,"no_detected_multimodality","neither test rejects in any seed",3,0,0,0,0.998464840953152,0.567870891967723
"inflect_ward_k55",25,636588,"CD161",5000,"ambiguous","discordant_tests;seed_instability",3,0,0,1,0.997744628559275,0.0282413934239847
"inflect_ward_k55",25,636588,"CD185_CXCR5",1000,"ambiguous","discordant_tests;seed_instability;borderline_q",3,0,0,1,0.998464840953152,0.040520260130065
"inflect_ward_k55",25,636588,"CD185_CXCR5",5000,"ambiguous","discordant_tests;seed_instability;borderline_q",3,1,1,3,0.0286154291217667,0
"inflect_ward_k55",25,636588,"CD21",1000,"ambiguous","discordant_tests;seed_instability",3,0,0,2,0.998464840953152,0
"inflect_ward_k55",25,636588,"CD21",5000,"detected_multimodality","both tests reject in at least two seeds",3,3,3,3,1.31324622226758e-06,0
"inflect_ward_k55",25,636588,"CD27",1000,"no_detected_multimodality","neither test rejects in any seed",3,0,0,0,0.998464840953152,0.329564782391196
"inflect_ward_k55",25,636588,"CD27",5000,"ambiguous","discordant_tests;seed_instability",3,0,0,2,0.997744628559275,0
"inflect_ward_k55",25,636588,"CD3",1000,"no_detected_multimodality","neither test rejects in any seed",3,0,0,0,0.998464840953152,0.535503045640467
"inflect_ward_k55",25,636588,"CD3",5000,"ambiguous","discordant_tests",3,0,0,3,0.213704070897253,0
"inflect_ward_k55",25,636588,"CD38",1000,"ambiguous","discordant_tests;seed_instability",3,0,0,1,0.998464840953152,0.00675337668834417
"inflect_ward_k55",25,636588,"CD38",5000,"detected_multimodality","both tests reject in at least two seeds",3,3,3,3,0.000786837124973294,0
"inflect_ward_k55",25,636588,"CD4",1000,"no_detected_multimodality","neither test rejects in any seed",3,0,0,0,0.998464840953152,0.40906167369399
"inflect_ward_k55",25,636588,"CD4",5000,"ambiguous","discordant_tests;seed_instability",3,0,0,1,0.997744628559275,0.0438969484742371
"inflect_ward_k55",25,636588,"CD45RA",1000,"no_detected_multimodality","neither test rejects in any seed",3,0,0,0,0.998464840953152,0.40906167369399
"inflect_ward_k55",25,636588,"CD45RA",5000,"ambiguous","discordant_tests;seed_instability",3,0,0,2,0.397244900348135,0
"inflect_ward_k55",26,105074,"CD11c",1000,"ambiguous","discordant_tests;seed_instability",3,1,1,2,0.0475701925883327,0
"inflect_ward_k55",26,105074,"CD11c",5000,"ambiguous","discordant_tests;seed_instability;borderline_q",3,1,1,3,0.00634247830556209,0
"inflect_ward_k55",26,105074,"CD159c_NKG2C",1000,"ambiguous","discordant_tests;seed_instability",3,0,0,1,0.401624871898358,0
"inflect_ward_k55",26,105074,"CD159c_NKG2C",5000,"detected_multimodality","both tests reject in at least two seeds",3,3,3,3,0,0
"inflect_ward_k55",26,105074,"CD16",1000,"ambiguous","borderline_q",3,0,0,0,0.998184764179601,0.0675337668834417
"inflect_ward_k55",26,105074,"CD16",5000,"ambiguous","borderline_q",3,0,0,0,1,0.0607803901950975
"inflect_ward_k55",26,105074,"CD161",1000,"no_detected_multimodality","neither test rejects in any seed",3,0,0,0,0.998184764179601,0.678714357178589
"inflect_ward_k55",26,105074,"CD161",5000,"no_detected_multimodality","neither test rejects in any seed",3,0,0,0,1,0.332041020510255
"inflect_ward_k55",26,105074,"CD27",1000,"no_detected_multimodality","neither test rejects in any seed",3,0,0,0,0.998184764179601,0.815103203775801
"inflect_ward_k55",26,105074,"CD27",5000,"no_detected_multimodality","neither test rejects in any seed",3,0,0,0,1,0.858643607518045
"inflect_ward_k55",26,105074,"CD3",1000,"ambiguous","discordant_tests",3,0,0,3,0.359137067741635,0
"inflect_ward_k55",26,105074,"CD3",5000,"detected_multimodality","both tests reject in at least two seeds",3,3,3,3,3.98032531244707e-05,0
"inflect_ward_k55",26,105074,"CD38",1000,"no_detected_multimodality","neither test rejects in any seed",3,0,0,0,0.998184764179601,0.7797080358361
"inflect_ward_k55",26,105074,"CD38",5000,"ambiguous","discordant_tests;seed_instability;borderline_q",3,0,0,2,1,0
"inflect_ward_k55",26,105074,"CD4",1000,"no_detected_multimodality","neither test rejects in any seed",3,0,0,0,0.998184764179601,0.7797080358361
"inflect_ward_k55",26,105074,"CD4",5000,"no_detected_multimodality","neither test rejects in any seed",3,0,0,0,1,0.211043021510755
"inflect_ward_k55",26,105074,"CD57",1000,"detected_multimodality","both tests reject in at least two seeds",3,3,3,3,0.000173451323047469,0
"inflect_ward_k55",26,105074,"CD57",5000,"detected_multimodality","both tests reject in at least two seeds",3,3,3,3,0,0
"inflect_ward_k55",26,105074,"FoxP3",1000,"no_detected_multimodality","neither test rejects in any seed",3,0,0,0,0.998184764179601,0.245372686343172
"inflect_ward_k55",26,105074,"FoxP3",5000,"no_detected_multimodality","neither test rejects in any seed",3,0,0,0,1,0.929964982491246
"inflect_ward_k55",27,113765,"CD11c",1000,"no_detected_multimodality","neither test rejects in any seed",3,0,0,0,0.999727523351437,0.157578789394697
"inflect_ward_k55",27,113765,"CD11c",5000,"no_detected_multimodality","neither test rejects in any seed",3,0,0,0,1,0.387193596798399
"inflect_ward_k55",27,113765,"CD16",1000,"ambiguous","borderline_q",3,0,0,0,0.999727523351437,0.0506503251625813
"inflect_ward_k55",27,113765,"CD16",5000,"ambiguous","discordant_tests",3,0,0,3,0.842295608431255,0
"inflect_ward_k55",27,113765,"CD161",1000,"detected_multimodality","both tests reject in at least two seeds",3,3,3,3,0,0
"inflect_ward_k55",27,113765,"CD161",5000,"detected_multimodality","both tests reject in at least two seeds",3,3,3,3,0,0
"inflect_ward_k55",27,113765,"CD294_CRTH2",1000,"no_detected_multimodality","neither test rejects in any seed",3,0,0,0,0.999727523351437,0.768984492246123
"inflect_ward_k55",27,113765,"CD294_CRTH2",5000,"no_detected_multimodality","neither test rejects in any seed",3,0,0,0,1,0.901428975357244
"inflect_ward_k55",27,113765,"CD303_TCRvd2",1000,"detected_multimodality","both tests reject in at least two seeds",3,3,3,3,0,0
"inflect_ward_k55",27,113765,"CD303_TCRvd2",5000,"detected_multimodality","both tests reject in at least two seeds",3,3,3,3,0,0
"inflect_ward_k55",27,113765,"CD45RA",1000,"ambiguous","borderline_q",3,0,0,0,0.517231776016623,0.0506503251625813
"inflect_ward_k55",27,113765,"CD45RA",5000,"detected_multimodality","both tests reject in at least two seeds",3,3,3,3,4.81787817940837e-06,0
"inflect_ward_k55",27,113765,"TCRgd_CD141",1000,"ambiguous","discordant_tests;seed_instability",3,0,0,2,0.306347286009914,0.00450225112556278
"inflect_ward_k55",27,113765,"TCRgd_CD141",5000,"ambiguous","discordant_tests;borderline_q",3,0,0,3,0.0582424786819625,0
"inflect_ward_k55",28,100069,"CD159c_NKG2C",1000,"no_detected_multimodality","neither test rejects in any seed",3,0,0,0,0.997173318781155,0.936968484242121
"inflect_ward_k55",28,100069,"CD159c_NKG2C",5000,"no_detected_multimodality","neither test rejects in any seed",3,0,0,0,1,0.627099263917673
"inflect_ward_k55",28,100069,"CD16",1000,"no_detected_multimodality","neither test rejects in any seed",3,0,0,0,0.997173318781155,0.936968484242121
"inflect_ward_k55",28,100069,"CD16",5000,"ambiguous","discordant_tests;seed_instability",3,0,0,2,1,0
"inflect_ward_k55",28,100069,"CD185_CXCR5",1000,"no_detected_multimodality","neither test rejects in any seed",3,0,0,0,0.997173318781155,0.936968484242121
"inflect_ward_k55",28,100069,"CD185_CXCR5",5000,"no_detected_multimodality","neither test rejects in any seed",3,0,0,0,1,0.341527906810548
"inflect_ward_k55",28,100069,"CD56",1000,"ambiguous","discordant_tests",3,0,0,3,0.158159506085306,0
"inflect_ward_k55",28,100069,"CD56",5000,"detected_multimodality","both tests reject in at least two seeds",3,3,3,3,0,0
"inflect_ward_k55",28,100069,"CD57",1000,"ambiguous","discordant_tests;seed_instability",3,0,0,1,0.168579401283071,0
"inflect_ward_k55",28,100069,"CD57",5000,"detected_multimodality","both tests reject in at least two seeds",3,3,3,3,0,0
"inflect_ward_k55",29,88785,"CD127",1000,"ambiguous","discordant_tests;seed_instability",3,0,0,2,0.914321647101182,0
"inflect_ward_k55",29,88785,"CD127",5000,"detected_multimodality","both tests reject in at least two seeds",3,2,2,3,0.0010408394284126,0
"inflect_ward_k55",29,88785,"CD14",1000,"ambiguous","discordant_tests",3,0,0,3,0.353264917163952,0
"inflect_ward_k55",29,88785,"CD14",5000,"detected_multimodality","both tests reject in at least two seeds",3,3,3,3,5.96536323438368e-06,0
"inflect_ward_k55",29,88785,"CD161",1000,"ambiguous","discordant_tests;seed_instability;borderline_q",3,0,0,2,0.182234912033857,0
"inflect_ward_k55",29,88785,"CD161",5000,"detected_multimodality","both tests reject in at least two seeds",3,3,3,3,2.77607383408485e-05,0
"inflect_ward_k55",29,88785,"CD185_CXCR5",1000,"ambiguous","discordant_tests",3,0,0,3,0.999992257475129,0.0108054027013507
"inflect_ward_k55",29,88785,"CD185_CXCR5",5000,"detected_multimodality","both tests reject in at least two seeds",3,3,3,3,0.000660623609525346,0
"inflect_ward_k55",29,88785,"CD27",1000,"no_detected_multimodality","neither test rejects in any seed",3,0,0,0,0.999992257475129,0.728570167436659
"inflect_ward_k55",29,88785,"CD27",5000,"ambiguous","discordant_tests;seed_instability;borderline_q",3,0,0,1,0.842380827719074,0
"inflect_ward_k55",29,88785,"CD38",1000,"detected_multimodality","both tests reject in at least two seeds",3,3,3,3,0,0
"inflect_ward_k55",29,88785,"CD38",5000,"detected_multimodality","both tests reject in at least two seeds",3,3,3,3,0,0
"inflect_ward_k55",29,88785,"CD45RA",1000,"no_detected_multimodality","neither test rejects in any seed",3,0,0,0,0.999992257475129,0.200671764453655
"inflect_ward_k55",29,88785,"CD45RA",5000,"ambiguous","discordant_tests;seed_instability",3,0,0,1,1,0.0330165082541271
"inflect_ward_k55",29,88785,"CD7",1000,"no_detected_multimodality","neither test rejects in any seed",3,0,0,0,0.999992257475129,0.163308927190868
"inflect_ward_k55",29,88785,"CD7",5000,"detected_multimodality","both tests reject in at least two seeds",3,3,3,3,0.00431775003323414,0
"inflect_ward_k55",29,88785,"Tbet",1000,"detected_multimodality","both tests reject in at least two seeds",3,3,3,3,0,0
"inflect_ward_k55",29,88785,"Tbet",5000,"detected_multimodality","both tests reject in at least two seeds",3,3,3,3,0,0
"inflect_ward_k55",30,492309,"CD161",1000,"no_detected_multimodality","neither test rejects in any seed",3,0,0,0,0.999290178519355,0.837418709354677
"inflect_ward_k55",30,492309,"CD161",5000,"ambiguous","discordant_tests;seed_instability",3,0,0,1,0.23891024073605,0
"inflect_ward_k55",30,492309,"CD21",1000,"no_detected_multimodality","neither test rejects in any seed",3,0,0,0,0.999290178519355,0.101300650325163
"inflect_ward_k55",30,492309,"CD21",5000,"ambiguous","discordant_tests;seed_instability",3,0,0,1,1,0
"inflect_ward_k55",30,492309,"CD27",1000,"detected_multimodality","both tests reject in at least two seeds",3,3,3,3,0,0
"inflect_ward_k55",30,492309,"CD27",5000,"detected_multimodality","both tests reject in at least two seeds",3,3,3,3,0,0
"inflect_ward_k55",30,492309,"CD303_TCRvd2",1000,"detected_multimodality","both tests reject in at least two seeds",3,3,3,3,0,0
"inflect_ward_k55",30,492309,"CD303_TCRvd2",5000,"detected_multimodality","both tests reject in at least two seeds",3,3,3,3,0,0
"inflect_ward_k55",30,492309,"CD7",1000,"no_detected_multimodality","neither test rejects in any seed",3,0,0,0,0.999290178519355,0.585292646323162
"inflect_ward_k55",30,492309,"CD7",5000,"no_detected_multimodality","neither test rejects in any seed",3,0,0,0,1,0.625812906453227
"inflect_ward_k55",30,492309,"TCRgd_CD141",1000,"detected_multimodality","both tests reject in at least two seeds",3,3,3,3,0,0
"inflect_ward_k55",30,492309,"TCRgd_CD141",5000,"detected_multimodality","both tests reject in at least two seeds",3,3,3,3,0,0
"inflect_ward_k55",31,336733,"CD11c",1000,"no_detected_multimodality","neither test rejects in any seed",3,0,0,0,0.999765494766058,0.556778389194597
"inflect_ward_k55",31,336733,"CD11c",5000,"no_detected_multimodality","neither test rejects in any seed",3,0,0,0,1,0.710792896448224
"inflect_ward_k55",31,336733,"CD161",1000,"ambiguous","discordant_tests;borderline_q",3,0,0,3,0.0771592279372701,0
"inflect_ward_k55",31,336733,"CD161",5000,"detected_multimodality","both tests reject in at least two seeds",3,3,3,3,0,0
"inflect_ward_k55",31,336733,"CD27",1000,"detected_multimodality","both tests reject in at least two seeds",3,3,3,3,0.00099613973023871,0
"inflect_ward_k55",31,336733,"CD27",5000,"detected_multimodality","both tests reject in at least two seeds",3,3,3,3,0,0
"inflect_ward_k55",31,336733,"CD45RA",1000,"no_detected_multimodality","neither test rejects in any seed",3,0,0,0,0.999765494766058,0.468234117058529
"inflect_ward_k55",31,336733,"CD45RA",5000,"no_detected_multimodality","neither test rejects in any seed",3,0,0,0,1,0.714507253626813
"inflect_ward_k55",32,215648,"CD11c",1000,"ambiguous","discordant_tests;seed_instability;borderline_q",3,0,0,1,0.184838138801454,0
"inflect_ward_k55",32,215648,"CD11c",5000,"ambiguous","discordant_tests;seed_instability",3,0,0,1,1,0.0202601300650325
"inflect_ward_k55",32,215648,"CD159c_NKG2C",1000,"no_detected_multimodality","neither test rejects in any seed",3,0,0,0,0.998217196757623,0.139569784892446
"inflect_ward_k55",32,215648,"CD159c_NKG2C",5000,"no_detected_multimodality","neither test rejects in any seed",3,0,0,0,1,0.933091545772886
"inflect_ward_k55",32,215648,"CD185_CXCR5",1000,"no_detected_multimodality","neither test rejects in any seed",3,0,0,0,0.998217196757623,0.934421756332712
"inflect_ward_k55",32,215648,"CD185_CXCR5",5000,"no_detected_multimodality","neither test rejects in any seed",3,0,0,0,1,0.503126563281641
"inflect_ward_k55",32,215648,"CD19",1000,"no_detected_multimodality","neither test rejects in any seed",3,0,0,0,0.998217196757623,0.776024375824276
"inflect_ward_k55",32,215648,"CD19",5000,"no_detected_multimodality","neither test rejects in any seed",3,0,0,0,1,0.841574633470581
"inflect_ward_k55",32,215648,"CD3",1000,"ambiguous","discordant_tests;seed_instability",3,1,1,3,0.0459712973074619,0
"inflect_ward_k55",32,215648,"CD3",5000,"detected_multimodality","both tests reject in at least two seeds",3,3,3,3,0,0
"inflect_ward_k55",32,215648,"CD303_TCRvd2",1000,"ambiguous","discordant_tests;seed_instability",3,0,0,1,0.848317793894708,0
"inflect_ward_k55",32,215648,"CD303_TCRvd2",5000,"detected_multimodality","both tests reject in at least two seeds",3,3,3,3,0,0
"inflect_ward_k55",32,215648,"CD57",1000,"detected_multimodality","both tests reject in at least two seeds",3,3,3,3,0,0
"inflect_ward_k55",32,215648,"CD57",5000,"detected_multimodality","both tests reject in at least two seeds",3,3,3,3,0,0
"inflect_ward_k55",32,215648,"Tbet",1000,"no_detected_multimodality","neither test rejects in any seed",3,0,0,0,0.998217196757623,0.773936968484242
"inflect_ward_k55",32,215648,"Tbet",5000,"no_detected_multimodality","neither test rejects in any seed",3,0,0,0,1,0.623240191524334
"inflect_ward_k55",32,215648,"TCRgd_CD141",1000,"no_detected_multimodality","neither test rejects in any seed",3,0,0,0,0.998217196757623,0.655077538769385
"inflect_ward_k55",32,215648,"TCRgd_CD141",5000,"no_detected_multimodality","neither test rejects in any seed",3,0,0,0,1,0.81175587793897
"inflect_ward_k55",33,726106,"CD27",1000,"detected_multimodality","both tests reject in at least two seeds",3,3,3,3,0,0
"inflect_ward_k55",33,726106,"CD27",5000,"detected_multimodality","both tests reject in at least two seeds",3,3,3,3,0,0
"inflect_ward_k55",33,726106,"CD3",1000,"ambiguous","discordant_tests;seed_instability",3,0,0,2,0.382059729069694,0
"inflect_ward_k55",33,726106,"CD3",5000,"detected_multimodality","both tests reject in at least two seeds",3,3,3,3,1.52430566269235e-05,0
"inflect_ward_k55",33,726106,"CD303_TCRvd2",1000,"ambiguous","discordant_tests;seed_instability;borderline_q",3,0,0,2,0.999596804144844,0.0135067533766883
"inflect_ward_k55",33,726106,"CD303_TCRvd2",5000,"detected_multimodality","both tests reject in at least two seeds",3,2,2,3,0.0364487124661401,0
"inflect_ward_k55",33,726106,"CD38",1000,"no_detected_multimodality","neither test rejects in any seed",3,0,0,0,0.999596804144844,0.707753876938469
"inflect_ward_k55",33,726106,"CD38",5000,"ambiguous","discordant_tests",3,0,0,3,0.623071930613179,0
"inflect_ward_k55",33,726106,"CD45RA",1000,"detected_multimodality","both tests reject in at least two seeds",3,3,3,3,0,0
"inflect_ward_k55",33,726106,"CD45RA",5000,"detected_multimodality","both tests reject in at least two seeds",3,3,3,3,0,0
"inflect_ward_k55",33,726106,"FoxP3",1000,"no_detected_multimodality","neither test rejects in any seed",3,0,0,0,0.999596804144844,0.772728469497907
"inflect_ward_k55",33,726106,"FoxP3",5000,"no_detected_multimodality","neither test rejects in any seed",3,0,0,0,1,0.585701941880031
"inflect_ward_k55",33,726106,"Tbet",1000,"detected_multimodality","both tests reject in at least two seeds",3,3,3,3,0.000144596723035129,0
"inflect_ward_k55",33,726106,"Tbet",5000,"detected_multimodality","both tests reject in at least two seeds",3,3,3,3,0,0
"inflect_ward_k55",34,77690,"CD127",1000,"no_detected_multimodality","neither test rejects in any seed",3,0,0,0,0.998282768514725,0.381565782891446
"inflect_ward_k55",34,77690,"CD127",5000,"ambiguous","discordant_tests",3,0,0,3,0.806928583946633,0
"inflect_ward_k55",34,77690,"CD27",1000,"ambiguous","borderline_q",3,0,0,0,0.998282768514725,0.0540270135067534
"inflect_ward_k55",34,77690,"CD27",5000,"detected_multimodality","both tests reject in at least two seeds",3,2,2,3,0.00123418783883178,0
"inflect_ward_k55",34,77690,"CD4",1000,"no_detected_multimodality","neither test rejects in any seed",3,0,0,0,0.998282768514725,0.168834417208604
"inflect_ward_k55",34,77690,"CD4",5000,"ambiguous","discordant_tests",3,0,0,3,0.346218930463858,0
"inflect_ward_k55",34,77690,"Tbet",1000,"no_detected_multimodality","neither test rejects in any seed",3,0,0,0,0.998282768514725,0.135067533766883
"inflect_ward_k55",34,77690,"Tbet",5000,"ambiguous","discordant_tests;seed_instability",3,0,0,2,0.346218930463858,0
"inflect_ward_k55",35,1019805,"CD16",1000,"no_detected_multimodality","neither test rejects in any seed",3,0,0,0,1,0.734926286672748
"inflect_ward_k55",35,1019805,"CD16",5000,"no_detected_multimodality","neither test rejects in any seed",3,0,0,0,1,0.692221110555278
"inflect_ward_k55",35,1019805,"CD185_CXCR5",1000,"ambiguous","borderline_q",3,0,0,0,0.982113241768478,0.0742871435717859
"inflect_ward_k55",35,1019805,"CD185_CXCR5",5000,"detected_multimodality","both tests reject in at least two seeds",3,2,2,3,0.00369425086002217,0
"inflect_ward_k55",35,1019805,"CD19",1000,"ambiguous","discordant_tests",3,0,0,3,0.11586732726848,0
"inflect_ward_k55",35,1019805,"CD19",5000,"detected_multimodality","both tests reject in at least two seeds",3,3,3,3,0,0
"inflect_ward_k55",35,1019805,"CD197_CCR7",1000,"ambiguous","discordant_tests;seed_instability",3,0,0,1,1,0.0270135067533767
"inflect_ward_k55",35,1019805,"CD197_CCR7",5000,"no_detected_multimodality","neither test rejects in any seed",3,0,0,0,1,0.199899949974988
"inflect_ward_k55",35,1019805,"CD1c",1000,"no_detected_multimodality","neither test rejects in any seed",3,0,0,0,1,0.828132816408204
"inflect_ward_k55",35,1019805,"CD1c",5000,"ambiguous","borderline_q",3,0,0,0,1,0.0607803901950975
"inflect_ward_k55",35,1019805,"CD21",1000,"detected_multimodality","both tests reject in at least two seeds",3,2,2,3,0,0
"inflect_ward_k55",35,1019805,"CD21",5000,"detected_multimodality","both tests reject in at least two seeds",3,3,3,3,0,0
"inflect_ward_k55",35,1019805,"CD25",1000,"no_detected_multimodality","neither test rejects in any seed",3,0,0,0,1,0.926023011505753
"inflect_ward_k55",35,1019805,"CD25",5000,"no_detected_multimodality","neither test rejects in any seed",3,0,0,0,1,0.685950117916101
"inflect_ward_k55",35,1019805,"CD7",1000,"no_detected_multimodality","neither test rejects in any seed",3,0,0,0,1,0.675337668834417
"inflect_ward_k55",35,1019805,"CD7",5000,"no_detected_multimodality","neither test rejects in any seed",3,0,0,0,1,0.91791895947974
"inflect_ward_k55",36,4272277,"CD127",1000,"no_detected_multimodality","neither test rejects in any seed",3,0,0,0,1,0.652826413206603
"inflect_ward_k55",36,4272277,"CD127",5000,"no_detected_multimodality","neither test rejects in any seed",3,0,0,0,1,0.225112556278139
"inflect_ward_k55",36,4272277,"CD19",1000,"no_detected_multimodality","neither test rejects in any seed",3,0,0,0,1,0.599699849924963
"inflect_ward_k55",36,4272277,"CD19",5000,"no_detected_multimodality","neither test rejects in any seed",3,0,0,0,1,0.472736368184092
"inflect_ward_k55",36,4272277,"CD197_CCR7",1000,"detected_multimodality","both tests reject in at least two seeds",3,3,3,3,0,0
"inflect_ward_k55",36,4272277,"CD197_CCR7",5000,"detected_multimodality","both tests reject in at least two seeds",3,3,3,3,0,0
"inflect_ward_k55",36,4272277,"CD294_CRTH2",1000,"no_detected_multimodality","neither test rejects in any seed",3,0,0,0,1,0.678231973129422
"inflect_ward_k55",36,4272277,"CD294_CRTH2",5000,"ambiguous","discordant_tests;seed_instability",3,0,0,1,1,0.0270135067533767
"inflect_ward_k55",36,4272277,"CD3",1000,"no_detected_multimodality","neither test rejects in any seed",3,0,0,0,1,0.678231973129422
"inflect_ward_k55",36,4272277,"CD3",5000,"no_detected_multimodality","neither test rejects in any seed",3,0,0,0,1,0.325850425212606
"inflect_ward_k55",36,4272277,"CD38",1000,"no_detected_multimodality","neither test rejects in any seed",3,0,0,0,1,0.678231973129422
"inflect_ward_k55",36,4272277,"CD38",5000,"no_detected_multimodality","neither test rejects in any seed",3,0,0,0,1,0.568511528491519
"inflect_ward_k55",36,4272277,"CD45RA",1000,"detected_multimodality","both tests reject in at least two seeds",3,3,3,3,0,0
"inflect_ward_k55",36,4272277,"CD45RA",5000,"detected_multimodality","both tests reject in at least two seeds",3,3,3,3,0,0
"inflect_ward_k55",36,4272277,"CD57",1000,"no_detected_multimodality","neither test rejects in any seed",3,0,0,0,1,0.678231973129422
"inflect_ward_k55",36,4272277,"CD57",5000,"no_detected_multimodality","neither test rejects in any seed",3,0,0,0,1,0.754577288644322
"inflect_ward_k55",37,413636,"CD16",1000,"no_detected_multimodality","neither test rejects in any seed",3,0,0,0,0.999282144903371,0.936468234117058
"inflect_ward_k55",37,413636,"CD16",5000,"ambiguous","borderline_q",3,0,0,0,1,0.0585292646323162
"inflect_ward_k55",37,413636,"CD185_CXCR5",1000,"no_detected_multimodality","neither test rejects in any seed",3,0,0,0,0.999282144903371,0.936468234117058
"inflect_ward_k55",37,413636,"CD185_CXCR5",5000,"no_detected_multimodality","neither test rejects in any seed",3,0,0,0,1,0.752326163081541
"inflect_ward_k55",37,413636,"CD4",1000,"no_detected_multimodality","neither test rejects in any seed",3,0,0,0,0.999282144903371,0.805902951475738
"inflect_ward_k55",37,413636,"CD4",5000,"no_detected_multimodality","neither test rejects in any seed",3,0,0,0,1,0.489926781572604
"inflect_ward_k55",37,413636,"Tbet",1000,"no_detected_multimodality","neither test rejects in any seed",3,0,0,0,0.999282144903371,0.607803901950975
"inflect_ward_k55",37,413636,"Tbet",5000,"no_detected_multimodality","neither test rejects in any seed",3,0,0,0,1,0.943784392196098
"inflect_ward_k55",38,22279,"CD11c",1000,"no_detected_multimodality","neither test rejects in any seed",3,0,0,0,0.997493109001347,0.12059601229186
"inflect_ward_k55",38,22279,"CD11c",5000,"ambiguous","discordant_tests",3,0,0,3,0.169610753934896,0
"inflect_ward_k55",38,22279,"CD159c_NKG2C",1000,"ambiguous","discordant_tests;seed_instability;borderline_q",3,0,0,1,0.997493109001347,0.0417481468006731
"inflect_ward_k55",38,22279,"CD159c_NKG2C",5000,"ambiguous","discordant_tests",3,0,0,3,0.19995348994063,0
"inflect_ward_k55",38,22279,"CD16",1000,"no_detected_multimodality","neither test rejects in any seed",3,0,0,0,0.997493109001347,0.276888444222111
"inflect_ward_k55",38,22279,"CD16",5000,"ambiguous","discordant_tests;borderline_q",3,0,0,3,0.0890602602952539,0
"inflect_ward_k55",38,22279,"CD185_CXCR5",1000,"no_detected_multimodality","neither test rejects in any seed",3,0,0,0,0.997493109001347,0.538019009504752
"inflect_ward_k55",38,22279,"CD185_CXCR5",5000,"ambiguous","discordant_tests",3,0,0,3,0.50116756205065,0
"inflect_ward_k55",38,22279,"CD19",1000,"no_detected_multimodality","neither test rejects in any seed",3,0,0,0,0.997493109001347,0.141820910455228
"inflect_ward_k55",38,22279,"CD19",5000,"ambiguous","discordant_tests;borderline_q",3,0,0,3,0.0912352724825084,0
"inflect_ward_k55",38,22279,"CD197_CCR7",1000,"ambiguous","discordant_tests;borderline_q",3,0,0,3,0.0655904445799929,0
"inflect_ward_k55",38,22279,"CD197_CCR7",5000,"ambiguous","discordant_tests;seed_instability;borderline_q",3,1,1,3,0.0248976364727021,0
"inflect_ward_k55",38,22279,"CD21",1000,"no_detected_multimodality","neither test rejects in any seed",3,0,0,0,0.997493109001347,0.345772886443222
"inflect_ward_k55",38,22279,"CD21",5000,"ambiguous","discordant_tests",3,0,0,3,0.671534638372854,0.00225112556278139
"inflect_ward_k55",38,22279,"CD25",1000,"no_detected_multimodality","neither test rejects in any seed",3,0,0,0,0.997493109001347,0.207512847332757
"inflect_ward_k55",38,22279,"CD25",5000,"ambiguous","discordant_tests",3,0,0,3,0.372484846497592,0
"inflect_ward_k55",38,22279,"CD27",1000,"detected_multimodality","both tests reject in at least two seeds",3,3,3,3,0,0
"inflect_ward_k55",38,22279,"CD27",5000,"detected_multimodality","both tests reject in at least two seeds",3,3,3,3,0,0
"inflect_ward_k55",38,22279,"CD3",1000,"detected_multimodality","both tests reject in at least two seeds",3,3,3,3,0.000772586834422467,0
"inflect_ward_k55",38,22279,"CD3",5000,"detected_multimodality","both tests reject in at least two seeds",3,3,3,3,0,0
"inflect_ward_k55",38,22279,"CD303_TCRvd2",1000,"ambiguous","discordant_tests;seed_instability",3,0,0,1,0.945875454275314,0.0148574287143572
"inflect_ward_k55",38,22279,"CD303_TCRvd2",5000,"detected_multimodality","both tests reject in at least two seeds",3,3,3,3,0.00166750208113006,0
"inflect_ward_k55",38,22279,"CD38",1000,"no_detected_multimodality","neither test rejects in any seed",3,0,0,0,0.997493109001347,0.189994997498749
"inflect_ward_k55",38,22279,"CD38",5000,"ambiguous","discordant_tests;seed_instability;borderline_q",3,0,0,2,0.746496670288941,0
"inflect_ward_k55",38,22279,"CD4",1000,"ambiguous","discordant_tests;seed_instability;borderline_q",3,0,0,1,0.945875454275314,0.00450225112556278
"inflect_ward_k55",38,22279,"CD4",5000,"ambiguous","discordant_tests",3,0,0,3,0.147376130325237,0
"inflect_ward_k55",38,22279,"CD45RA",1000,"ambiguous","discordant_tests;borderline_q",3,0,0,3,0.0749852970782353,0
"inflect_ward_k55",38,22279,"CD45RA",5000,"detected_multimodality","both tests reject in at least two seeds",3,3,3,3,0,0
"inflect_ward_k55",38,22279,"CD56",1000,"detected_multimodality","both tests reject in at least two seeds",3,3,3,3,0,0
"inflect_ward_k55",38,22279,"CD56",5000,"detected_multimodality","both tests reject in at least two seeds",3,3,3,3,0,0
"inflect_ward_k55",38,22279,"CD57",1000,"ambiguous","discordant_tests;seed_instability;borderline_q",3,0,0,1,0.275083057010959,0
"inflect_ward_k55",38,22279,"CD57",5000,"ambiguous","discordant_tests",3,0,0,3,0.19398346816471,0
"inflect_ward_k55",38,22279,"CD7",1000,"ambiguous","discordant_tests;seed_instability;borderline_q",3,1,1,2,0.0399110019105572,0
"inflect_ward_k55",38,22279,"CD7",5000,"detected_multimodality","both tests reject in at least two seeds",3,3,3,3,0.000119096981817057,0
"inflect_ward_k55",38,22279,"HLA-DR",1000,"no_detected_multimodality","neither test rejects in any seed",3,0,0,0,0.997493109001347,0.462407674425448
"inflect_ward_k55",38,22279,"HLA-DR",5000,"ambiguous","discordant_tests",3,0,0,3,0.357542048351237,0
"inflect_ward_k55",38,22279,"Tbet",1000,"detected_multimodality","both tests reject in at least two seeds",3,3,3,3,0,0
"inflect_ward_k55",38,22279,"Tbet",5000,"detected_multimodality","both tests reject in at least two seeds",3,3,3,3,0,0
"inflect_ward_k55",38,22279,"TCRgd_CD141",1000,"ambiguous","discordant_tests;seed_instability;borderline_q",3,0,0,1,0.503340954580468,0.0253251625812906
"inflect_ward_k55",38,22279,"TCRgd_CD141",5000,"no_detected_multimodality","neither test rejects in any seed",3,0,0,0,0.796698401198791,0.121020510255128
"inflect_ward_k55",39,1093840,"CD21",1000,"no_detected_multimodality","neither test rejects in any seed",3,0,0,0,0.998535624167758,0.87456228114057
"inflect_ward_k55",39,1093840,"CD21",5000,"no_detected_multimodality","neither test rejects in any seed",3,0,0,0,1,0.879113469778368
"inflect_ward_k55",39,1093840,"CD27",1000,"detected_multimodality","both tests reject in at least two seeds",3,3,3,3,0,0
"inflect_ward_k55",39,1093840,"CD27",5000,"detected_multimodality","both tests reject in at least two seeds",3,3,3,3,0,0
"inflect_ward_k55",39,1093840,"CD303_TCRvd2",1000,"no_detected_multimodality","neither test rejects in any seed",3,0,0,0,0.998535624167758,0.805002501250625
"inflect_ward_k55",39,1093840,"CD303_TCRvd2",5000,"no_detected_multimodality","neither test rejects in any seed",3,0,0,0,1,0.694633030801115
"inflect_ward_k55",40,101917,"CD11c",1000,"detected_multimodality","both tests reject in at least two seeds",3,2,2,3,0.00261948887626884,0
"inflect_ward_k55",40,101917,"CD11c",5000,"detected_multimodality","both tests reject in at least two seeds",3,3,3,3,0,0
"inflect_ward_k55",40,101917,"CD19",1000,"no_detected_multimodality","neither test rejects in any seed",3,0,0,0,0.998783706188695,0.645622811405703
"inflect_ward_k55",40,101917,"CD19",5000,"no_detected_multimodality","neither test rejects in any seed",3,0,0,0,1,0.120210105052526
"inflect_ward_k55",40,101917,"CD1c",1000,"detected_multimodality","both tests reject in at least two seeds",3,3,3,3,0,0
"inflect_ward_k55",40,101917,"CD1c",5000,"detected_multimodality","both tests reject in at least two seeds",3,3,3,3,0,0
"inflect_ward_k55",40,101917,"CD38",1000,"ambiguous","discordant_tests;seed_instability",3,0,0,1,0.998783706188695,0.0135067533766883
"inflect_ward_k55",40,101917,"CD38",5000,"no_detected_multimodality","neither test rejects in any seed",3,0,0,0,1,0.192953619666976
"inflect_ward_k55",40,101917,"CD45RA",1000,"no_detected_multimodality","neither test rejects in any seed",3,0,0,0,0.998783706188695,0.645622811405703
"inflect_ward_k55",40,101917,"CD45RA",5000,"ambiguous","discordant_tests",3,0,0,3,0.623071930613179,0
"inflect_ward_k55",40,101917,"CD56",1000,"ambiguous","discordant_tests;seed_instability",3,0,0,2,0.998783706188695,0.0108054027013507
"inflect_ward_k55",40,101917,"CD56",5000,"detected_multimodality","both tests reject in at least two seeds",3,3,3,3,0.000582918101527019,0
"inflect_ward_k55",40,101917,"CD57",1000,"no_detected_multimodality","neither test rejects in any seed",3,0,0,0,0.998783706188695,0.835069708767427
"inflect_ward_k55",40,101917,"CD57",5000,"ambiguous","discordant_tests;seed_instability",3,0,0,1,1,0.0345172586293147
"inflect_ward_k55",40,101917,"HLA-DR",1000,"ambiguous","discordant_tests;seed_instability;borderline_q",3,1,1,3,0.0485959395557663,0
"inflect_ward_k55",40,101917,"HLA-DR",5000,"detected_multimodality","both tests reject in at least two seeds",3,3,3,3,0,0
"inflect_ward_k55",40,101917,"Tbet",1000,"no_detected_multimodality","neither test rejects in any seed",3,0,0,0,0.998783706188695,0.492996498249125
"inflect_ward_k55",40,101917,"Tbet",5000,"ambiguous","discordant_tests;seed_instability",3,0,0,2,1,0.00192953619666976
"inflect_ward_k55",40,101917,"TCRgd_CD141",1000,"detected_multimodality","both tests reject in at least two seeds",3,3,3,3,0,0
"inflect_ward_k55",40,101917,"TCRgd_CD141",5000,"detected_multimodality","both tests reject in at least two seeds",3,3,3,3,0,0
"inflect_ward_k55",41,115966,"CD197_CCR7",1000,"no_detected_multimodality","neither test rejects in any seed",3,0,0,0,1,0.364682341170585
"inflect_ward_k55",41,115966,"CD197_CCR7",5000,"ambiguous","discordant_tests;seed_instability",3,0,0,1,1,0.0337668834417209
"inflect_ward_k55",41,115966,"CD303_TCRvd2",1000,"no_detected_multimodality","neither test rejects in any seed",3,0,0,0,1,0.764323338139658
"inflect_ward_k55",41,115966,"CD303_TCRvd2",5000,"no_detected_multimodality","neither test rejects in any seed",3,0,0,0,1,0.81233473879797
"inflect_ward_k55",41,115966,"CD56",1000,"no_detected_multimodality","neither test rejects in any seed",3,0,0,0,1,0.32416208104052
"inflect_ward_k55",41,115966,"CD56",5000,"no_detected_multimodality","neither test rejects in any seed",3,0,0,0,1,0.562218609304652
"inflect_ward_k55",41,115966,"CD7",1000,"no_detected_multimodality","neither test rejects in any seed",3,0,0,0,1,0.951663331665833
"inflect_ward_k55",41,115966,"CD7",5000,"no_detected_multimodality","neither test rejects in any seed",3,0,0,0,1,0.676013006503252
"inflect_ward_k55",41,115966,"Tbet",1000,"no_detected_multimodality","neither test rejects in any seed",3,0,0,0,1,0.698974487243622
"inflect_ward_k55",41,115966,"Tbet",5000,"no_detected_multimodality","neither test rejects in any seed",3,0,0,0,1,0.24312156078039
"inflect_ward_k55",42,60777,"CD19",1000,"no_detected_multimodality","neither test rejects in any seed",3,0,0,0,0.998302229311435,0.553776888444222
"inflect_ward_k55",42,60777,"CD19",5000,"no_detected_multimodality","neither test rejects in any seed",3,0,0,0,1,0.482384049167441
"inflect_ward_k55",42,60777,"CD197_CCR7",1000,"no_detected_multimodality","neither test rejects in any seed",3,0,0,0,0.998302229311435,0.795210105052526
"inflect_ward_k55",42,60777,"CD197_CCR7",5000,"no_detected_multimodality","neither test rejects in any seed",3,0,0,0,1,0.310655327663832
"inflect_ward_k55",42,60777,"CD3",1000,"no_detected_multimodality","neither test rejects in any seed",3,0,0,0,0.998302229311435,0.544772386193097
"inflect_ward_k55",42,60777,"CD3",5000,"ambiguous","discordant_tests",3,0,0,3,1,0
"inflect_ward_k55",42,60777,"CD57",1000,"ambiguous","discordant_tests;seed_instability",3,0,0,1,0.998302229311435,0
"inflect_ward_k55",42,60777,"CD57",5000,"detected_multimodality","both tests reject in at least two seeds",3,3,3,3,0,0
"inflect_ward_k55",43,170897,"CD161",1000,"no_detected_multimodality","neither test rejects in any seed",3,0,0,0,1,0.594297148574287
"inflect_ward_k55",43,170897,"CD161",5000,"no_detected_multimodality","neither test rejects in any seed",3,0,0,0,1,0.914303305498903
"inflect_ward_k55",43,170897,"CD25",1000,"no_detected_multimodality","neither test rejects in any seed",3,0,0,0,1,0.92609348152337
"inflect_ward_k55",43,170897,"CD25",5000,"no_detected_multimodality","neither test rejects in any seed",3,0,0,0,1,0.901950975487744
"inflect_ward_k55",43,170897,"CD4",1000,"no_detected_multimodality","neither test rejects in any seed",3,0,0,0,1,0.594297148574287
"inflect_ward_k55",43,170897,"CD4",5000,"no_detected_multimodality","neither test rejects in any seed",3,0,0,0,1,0.738369184592296
"inflect_ward_k55",44,620548,"CD11c",1000,"ambiguous","discordant_tests;seed_instability;borderline_q",3,0,0,2,0.348106529299523,0
"inflect_ward_k55",44,620548,"CD11c",5000,"detected_multimodality","both tests reject in at least two seeds",3,3,3,3,0,0
"inflect_ward_k55",44,620548,"CD14",1000,"detected_multimodality","both tests reject in at least two seeds",3,3,3,3,0,0
"inflect_ward_k55",44,620548,"CD14",5000,"detected_multimodality","both tests reject in at least two seeds",3,3,3,3,0,0
"inflect_ward_k55",44,620548,"CD1c",1000,"ambiguous","discordant_tests",3,0,0,3,0.117505423372987,0
"inflect_ward_k55",44,620548,"CD1c",5000,"detected_multimodality","both tests reject in at least two seeds",3,3,3,3,0,0
"inflect_ward_k55",44,620548,"HLA-DR",1000,"detected_multimodality","both tests reject in at least two seeds",3,2,2,3,2.67966296092492e-05,0
"inflect_ward_k55",44,620548,"HLA-DR",5000,"detected_multimodality","both tests reject in at least two seeds",3,3,3,3,0,0
"inflect_ward_k55",45,672104,"CD127",1000,"no_detected_multimodality","neither test rejects in any seed",3,0,0,0,0.997352445057323,0.796898449224612
"inflect_ward_k55",45,672104,"CD127",5000,"no_detected_multimodality","neither test rejects in any seed",3,0,0,0,1,0.411955977988995
"inflect_ward_k55",45,672104,"CD159c_NKG2C",1000,"no_detected_multimodality","neither test rejects in any seed",3,0,0,0,0.997352445057323,0.121560780390195
"inflect_ward_k55",45,672104,"CD159c_NKG2C",5000,"no_detected_multimodality","neither test rejects in any seed",3,0,0,0,1,0.8516008004002
"inflect_ward_k55",45,672104,"CD161",1000,"no_detected_multimodality","neither test rejects in any seed",3,0,0,0,0.997352445057323,0.909108400354023
"inflect_ward_k55",45,672104,"CD161",5000,"no_detected_multimodality","neither test rejects in any seed",3,0,0,0,1,0.629189594797399
"inflect_ward_k55",45,672104,"CD294_CRTH2",1000,"ambiguous","discordant_tests;seed_instability",3,0,0,1,0.997352445057323,0.040520260130065
"inflect_ward_k55",45,672104,"CD294_CRTH2",5000,"no_detected_multimodality","neither test rejects in any seed",3,0,0,0,1,0.8516008004002
"inflect_ward_k55",45,672104,"Tbet",1000,"no_detected_multimodality","neither test rejects in any seed",3,0,0,0,0.997352445057323,0.909108400354023
"inflect_ward_k55",45,672104,"Tbet",5000,"no_detected_multimodality","neither test rejects in any seed",3,0,0,0,1,0.8516008004002
"inflect_ward_k55",46,3842157,"CD11c",1000,"no_detected_multimodality","neither test rejects in any seed",3,0,0,0,1,0.87030471757618
"inflect_ward_k55",46,3842157,"CD11c",5000,"no_detected_multimodality","neither test rejects in any seed",3,0,0,0,1,0.964382191095548
"inflect_ward_k55",46,3842157,"CD27",1000,"detected_multimodality","both tests reject in at least two seeds",3,3,3,3,0,0
"inflect_ward_k55",46,3842157,"CD27",5000,"detected_multimodality","both tests reject in at least two seeds",3,3,3,3,0,0
"inflect_ward_k55",47,1793702,"CD197_CCR7",1000,"no_detected_multimodality","neither test rejects in any seed",3,0,0,0,0.997776100750541,0.733048342352995
"inflect_ward_k55",47,1793702,"CD197_CCR7",5000,"no_detected_multimodality","neither test rejects in any seed",3,0,0,0,1,0.61455727863932
"inflect_ward_k55",47,1793702,"CD27",1000,"detected_multimodality","both tests reject in at least two seeds",3,3,3,3,0,0
"inflect_ward_k55",47,1793702,"CD27",5000,"detected_multimodality","both tests reject in at least two seeds",3,3,3,3,0,0
"inflect_ward_k55",47,1793702,"CD45RA",1000,"no_detected_multimodality","neither test rejects in any seed",3,0,0,0,0.997776100750541,0.871185592796398
"inflect_ward_k55",47,1793702,"CD45RA",5000,"no_detected_multimodality","neither test rejects in any seed",3,0,0,0,1,0.652296736603596
"inflect_ward_k55",47,1793702,"CD7",1000,"ambiguous","borderline_q",3,0,0,0,0.997776100750541,0.0742871435717859
"inflect_ward_k55",47,1793702,"CD7",5000,"detected_multimodality","both tests reject in at least two seeds",3,3,3,3,0.00103079892790858,0
"inflect_ward_k55",48,3678534,"CD185_CXCR5",1000,"no_detected_multimodality","neither test rejects in any seed",3,0,0,0,0.998880939681636,0.91895947973987
"inflect_ward_k55",48,3678534,"CD185_CXCR5",5000,"no_detected_multimodality","neither test rejects in any seed",3,0,0,0,1,0.87066610228191
"inflect_ward_k55",48,3678534,"CD4",1000,"no_detected_multimodality","neither test rejects in any seed",3,0,0,0,0.998880939681636,0.91895947973987
"inflect_ward_k55",48,3678534,"CD4",5000,"no_detected_multimodality","neither test rejects in any seed",3,0,0,0,1,0.87066610228191
"inflect_ward_k55",48,3678534,"CD8",1000,"no_detected_multimodality","neither test rejects in any seed",3,0,0,0,0.998880939681636,0.91895947973987
"inflect_ward_k55",48,3678534,"CD8",5000,"no_detected_multimodality","neither test rejects in any seed",3,0,0,0,1,0.709104552276138
"inflect_ward_k55",49,1028144,"CD25",1000,"ambiguous","discordant_tests;seed_instability",3,0,0,1,0.818445906808114,0
"inflect_ward_k55",49,1028144,"CD25",5000,"detected_multimodality","both tests reject in at least two seeds",3,3,3,3,0,0
"inflect_ward_k55",49,1028144,"CD27",1000,"no_detected_multimodality","neither test rejects in any seed",3,0,0,0,0.9992384511202,0.960537961288337
"inflect_ward_k55",49,1028144,"CD27",5000,"ambiguous","discordant_tests;seed_instability",3,0,0,2,1,0.00900450225112556
"inflect_ward_k55",49,1028144,"FoxP3",1000,"ambiguous","discordant_tests;borderline_q",3,0,0,3,0.0519476559617711,0
"inflect_ward_k55",49,1028144,"FoxP3",5000,"detected_multimodality","both tests reject in at least two seeds",3,3,3,3,0,0
"inflect_ward_k55",50,260211,"CD11c",1000,"ambiguous","discordant_tests;seed_instability",3,0,0,1,0.998519957417369,0.0292646323161581
"inflect_ward_k55",50,260211,"CD11c",5000,"ambiguous","discordant_tests",3,0,0,3,0.312489168098108,0
"inflect_ward_k55",50,260211,"CD14",1000,"no_detected_multimodality","neither test rejects in any seed",3,0,0,0,0.998519957417369,0.224549774887444
"inflect_ward_k55",50,260211,"CD14",5000,"ambiguous","discordant_tests;seed_instability;borderline_q",3,1,1,3,0.0288571963615745,0
"inflect_ward_k55",50,260211,"CD185_CXCR5",1000,"ambiguous","discordant_tests;seed_instability",3,0,0,1,0.998519957417369,0.00900450225112556
"inflect_ward_k55",50,260211,"CD185_CXCR5",5000,"ambiguous","discordant_tests;borderline_q",3,0,0,3,0.0729882179860067,0
"inflect_ward_k55",50,260211,"CD294_CRTH2",1000,"ambiguous","discordant_tests;seed_instability;borderline_q",3,0,0,1,0.998519957417369,0.0482384049167441
"inflect_ward_k55",50,260211,"CD294_CRTH2",5000,"detected_multimodality","both tests reject in at least two seeds",3,2,2,3,0.00620205944761285,0
"inflect_ward_k55",50,260211,"CD303_TCRvd2",1000,"detected_multimodality","both tests reject in at least two seeds",3,3,3,3,0,0
"inflect_ward_k55",50,260211,"CD303_TCRvd2",5000,"detected_multimodality","both tests reject in at least two seeds",3,3,3,3,0,0
"inflect_ward_k55",50,260211,"CD38",1000,"no_detected_multimodality","neither test rejects in any seed",3,0,0,0,0.998519957417369,0.130565282641321
"inflect_ward_k55",50,260211,"CD38",5000,"detected_multimodality","both tests reject in at least two seeds",3,3,3,3,0.00151774907477775,0
"inflect_ward_k55",50,260211,"CD4",1000,"detected_multimodality","both tests reject in at least two seeds",3,3,3,3,0,0
"inflect_ward_k55",50,260211,"CD4",5000,"detected_multimodality","both tests reject in at least two seeds",3,3,3,3,0,0
"inflect_ward_k55",50,260211,"CD45RA",1000,"detected_multimodality","both tests reject in at least two seeds",3,3,3,3,0,0
"inflect_ward_k55",50,260211,"CD45RA",5000,"detected_multimodality","both tests reject in at least two seeds",3,3,3,3,0,0
"inflect_ward_k55",50,260211,"CD57",1000,"ambiguous","discordant_tests;seed_instability;borderline_q",3,0,0,1,0.998519957417369,0.0427713856928464
"inflect_ward_k55",50,260211,"CD57",5000,"detected_multimodality","both tests reject in at least two seeds",3,3,3,3,0.00266032112449693,0
"inflect_ward_k55",50,260211,"CD7",1000,"no_detected_multimodality","neither test rejects in any seed",3,0,0,0,0.998519957417369,0.234117058529265
"inflect_ward_k55",50,260211,"CD7",5000,"ambiguous","discordant_tests;borderline_q",3,0,0,3,0.0617002788318005,0
"inflect_ward_k55",50,260211,"HLA-DR",1000,"detected_multimodality","both tests reject in at least two seeds",3,3,3,3,0,0
"inflect_ward_k55",50,260211,"HLA-DR",5000,"detected_multimodality","both tests reject in at least two seeds",3,3,3,3,0,0
"inflect_ward_k55",50,260211,"TCRgd_CD141",1000,"detected_multimodality","both tests reject in at least two seeds",3,3,3,3,0,0
"inflect_ward_k55",50,260211,"TCRgd_CD141",5000,"detected_multimodality","both tests reject in at least two seeds",3,3,3,3,0,0
"inflect_ward_k55",52,5226443,"CD45RA",1000,"detected_multimodality","both tests reject in at least two seeds",3,3,3,3,0,0
"inflect_ward_k55",52,5226443,"CD45RA",5000,"detected_multimodality","both tests reject in at least two seeds",3,3,3,3,0,0
"inflect_ward_k55",53,2920244,"HLA-DR",1000,"no_detected_multimodality","neither test rejects in any seed",3,0,0,0,0.997872894281383,0.917458729364682
"inflect_ward_k55",53,2920244,"HLA-DR",5000,"no_detected_multimodality","neither test rejects in any seed",3,0,0,0,1,0.82035754719465
"inflect_ward_k55",54,278423,"CD14",1000,"ambiguous","discordant_tests;seed_instability;borderline_q",3,0,0,2,0.998231714355578,0
"inflect_ward_k55",54,278423,"CD14",5000,"detected_multimodality","both tests reject in at least two seeds",3,3,3,3,1.21751541448667e-05,0
"inflect_ward_k55",54,278423,"CD185_CXCR5",1000,"ambiguous","discordant_tests;seed_instability",3,0,0,1,0.998231714355578,0.0270135067533767
"inflect_ward_k55",54,278423,"CD185_CXCR5",5000,"detected_multimodality","both tests reject in at least two seeds",3,3,3,3,5.57047974395208e-05,0
"inflect_ward_k55",54,278423,"CD197_CCR7",1000,"no_detected_multimodality","neither test rejects in any seed",3,0,0,0,0.998231714355578,0.739869934967484
"inflect_ward_k55",54,278423,"CD197_CCR7",5000,"no_detected_multimodality","neither test rejects in any seed",3,0,0,0,1,0.744800971914529
"inflect_ward_k55",54,278423,"CD21",1000,"no_detected_multimodality","neither test rejects in any seed",3,0,0,0,0.998231714355578,0.110305152576288
"inflect_ward_k55",54,278423,"CD21",5000,"ambiguous","discordant_tests;seed_instability;borderline_q",3,0,0,2,0.0588098880748419,0
"inflect_ward_k55",54,278423,"CD27",1000,"ambiguous","discordant_tests;seed_instability",3,0,0,2,0.998231714355578,0.0180090045022511
"inflect_ward_k55",54,278423,"CD27",5000,"detected_multimodality","both tests reject in at least two seeds",3,3,3,3,0.000643710834887817,0
"inflect_ward_k55",54,278423,"CD38",1000,"detected_multimodality","both tests reject in at least two seeds",3,3,3,3,0,0
"inflect_ward_k55",54,278423,"CD38",5000,"detected_multimodality","both tests reject in at least two seeds",3,3,3,3,0,0
"inflect_ward_k55",54,278423,"CD7",1000,"ambiguous","discordant_tests",3,0,0,3,0.998231714355578,0
"inflect_ward_k55",54,278423,"CD7",5000,"detected_multimodality","both tests reject in at least two seeds",3,3,3,3,0,0
"inflect_ward_k55",54,278423,"HLA-DR",1000,"no_detected_multimodality","neither test rejects in any seed",3,0,0,0,0.998231714355578,0.262767747510119
"inflect_ward_k55",54,278423,"HLA-DR",5000,"ambiguous","discordant_tests",3,0,0,3,0.442864050056004,0
"inflect_ward_k55",55,541968,"CD127",1000,"ambiguous","borderline_q",3,0,0,0,0.999276410835229,0.0540270135067534
"inflect_ward_k55",55,541968,"CD127",5000,"ambiguous","discordant_tests;seed_instability",3,0,0,2,1,0.00337668834417209
"inflect_ward_k55",55,541968,"CD159c_NKG2C",1000,"no_detected_multimodality","neither test rejects in any seed",3,0,0,0,0.999276410835229,0.302937182877153
"inflect_ward_k55",55,541968,"CD159c_NKG2C",5000,"ambiguous","borderline_q",3,0,0,0,1,0.0771814478667905
"inflect_ward_k55",55,541968,"CD197_CCR7",1000,"no_detected_multimodality","neither test rejects in any seed",3,0,0,0,0.999276410835229,0.418709354677339
"inflect_ward_k55",55,541968,"CD197_CCR7",5000,"ambiguous","discordant_tests;seed_instability",3,0,0,2,0.845897526578771,0
"inflect_ward_k55",55,541968,"CD25",1000,"no_detected_multimodality","neither test rejects in any seed",3,0,0,0,0.999276410835229,0.488494247123562
"inflect_ward_k55",55,541968,"CD25",5000,"no_detected_multimodality","neither test rejects in any seed",3,0,0,0,1,0.972486243121561
"inflect_ward_k55",55,541968,"CD27",1000,"ambiguous","discordant_tests;seed_instability",3,0,0,1,0.999276410835229,0.040520260130065
"inflect_ward_k55",55,541968,"CD27",5000,"ambiguous","discordant_tests",3,0,0,3,0.729882179860067,0
"inflect_ward_k55",55,541968,"CD7",1000,"no_detected_multimodality","neither test rejects in any seed",3,0,0,0,0.999276410835229,0.359617308654327
"inflect_ward_k55",55,541968,"CD7",5000,"ambiguous","discordant_tests",3,0,0,3,1,0
"inflect_ward_k60",1,283291,"CD11c",1000,"ambiguous","discordant_tests;seed_instability",3,1,1,2,0.011421735113222,0
"inflect_ward_k60",1,283291,"CD11c",5000,"detected_multimodality","both tests reject in at least two seeds",3,3,3,3,0,0
"inflect_ward_k60",1,283291,"CD159c_NKG2C",1000,"no_detected_multimodality","neither test rejects in any seed",3,0,0,0,0.997402942131594,0.688844422211106
"inflect_ward_k60",1,283291,"CD159c_NKG2C",5000,"ambiguous","discordant_tests;borderline_q",3,0,0,3,0.0868887739605887,0
"inflect_ward_k60",1,283291,"CD185_CXCR5",1000,"ambiguous","discordant_tests;seed_instability",3,0,0,1,0.997402942131594,0.0337668834417209
"inflect_ward_k60",1,283291,"CD185_CXCR5",5000,"detected_multimodality","both tests reject in at least two seeds",3,2,2,3,0.00283815041711827,0
"inflect_ward_k60",1,283291,"CD21",1000,"no_detected_multimodality","neither test rejects in any seed",3,0,0,0,0.997402942131594,0.828414207103552
"inflect_ward_k60",1,283291,"CD21",5000,"ambiguous","discordant_tests",3,0,0,3,0.216886817573398,0
"inflect_ward_k60",1,283291,"Tbet",1000,"no_detected_multimodality","neither test rejects in any seed",3,0,0,0,0.997402942131594,0.828414207103552
"inflect_ward_k60",1,283291,"Tbet",5000,"ambiguous","discordant_tests",3,0,0,3,0.101773703754474,0
"inflect_ward_k60",2,271299,"CD127",1000,"no_detected_multimodality","neither test rejects in any seed",3,0,0,0,0.997794641165154,0.687493746873437
"inflect_ward_k60",2,271299,"CD127",5000,"no_detected_multimodality","neither test rejects in any seed",3,0,0,0,0.999227878347503,0.446848424212106
"inflect_ward_k60",2,271299,"CD25",1000,"no_detected_multimodality","neither test rejects in any seed",3,0,0,0,0.997794641165154,0.687493746873437
"inflect_ward_k60",2,271299,"CD25",5000,"no_detected_multimodality","neither test rejects in any seed",3,0,0,0,0.999227878347503,0.658307414576854
"inflect_ward_k60",2,271299,"CD57",1000,"no_detected_multimodality","neither test rejects in any seed",3,0,0,0,0.997794641165154,0.317408704352176
"inflect_ward_k60",2,271299,"CD57",5000,"detected_multimodality","both tests reject in at least two seeds",3,3,3,3,0.00717535426765425,0
"inflect_ward_k60",3,438555,"CD19",1000,"no_detected_multimodality","neither test rejects in any seed",3,0,0,0,0.998849826182008,0.763745509118195
"inflect_ward_k60",3,438555,"CD19",5000,"no_detected_multimodality","neither test rejects in any seed",3,0,0,0,1,0.549274637318659
"inflect_ward_k60",3,438555,"CD197_CCR7",1000,"no_detected_multimodality","neither test rejects in any seed",3,0,0,0,0.998849826182008,0.794872436218109
"inflect_ward_k60",3,438555,"CD197_CCR7",5000,"no_detected_multimodality","neither test rejects in any seed",3,0,0,0,1,0.263381690845423
"inflect_ward_k60",3,438555,"CD4",1000,"no_detected_multimodality","neither test rejects in any seed",3,0,0,0,0.998849826182008,0.784235867933967
"inflect_ward_k60",3,438555,"CD4",5000,"no_detected_multimodality","neither test rejects in any seed",3,0,0,0,1,0.790664563050756
"inflect_ward_k60",3,438555,"CD57",1000,"detected_multimodality","both tests reject in at least two seeds",3,3,3,3,0,0
"inflect_ward_k60",3,438555,"CD57",5000,"detected_multimodality","both tests reject in at least two seeds",3,3,3,3,0,0
"inflect_ward_k60",3,438555,"FoxP3",1000,"no_detected_multimodality","neither test rejects in any seed",3,0,0,0,0.998849826182008,0.561880940470235
"inflect_ward_k60",3,438555,"FoxP3",5000,"no_detected_multimodality","neither test rejects in any seed",3,0,0,0,1,0.588894447223612
"inflect_ward_k60",4,302122,"CD11c",1000,"no_detected_multimodality","neither test rejects in any seed",3,0,0,0,0.999582748625084,0.130565282641321
"inflect_ward_k60",4,302122,"CD11c",5000,"ambiguous","discordant_tests;seed_instability",3,0,0,1,1,0.00337668834417209
"inflect_ward_k60",4,302122,"CD127",1000,"no_detected_multimodality","neither test rejects in any seed",3,0,0,0,0.999582748625084,0.202601300650325
"inflect_ward_k60",4,302122,"CD127",5000,"no_detected_multimodality","neither test rejects in any seed",3,0,0,0,1,0.418709354677339
"inflect_ward_k60",4,302122,"CD159c_NKG2C",1000,"ambiguous","discordant_tests;seed_instability",3,1,1,3,0.00241140068532053,0
"inflect_ward_k60",4,302122,"CD159c_NKG2C",5000,"detected_multimodality","both tests reject in at least two seeds",3,3,3,3,0,0
"inflect_ward_k60",4,302122,"CD185_CXCR5",1000,"no_detected_multimodality","neither test rejects in any seed",3,0,0,0,0.999582748625084,0.950975487743872
"inflect_ward_k60",4,302122,"CD185_CXCR5",5000,"no_detected_multimodality","neither test rejects in any seed",3,0,0,0,1,0.400137568784392
"inflect_ward_k60",4,302122,"CD27",1000,"no_detected_multimodality","neither test rejects in any seed",3,0,0,0,0.999582748625084,0.950975487743872
"inflect_ward_k60",4,302122,"CD27",5000,"no_detected_multimodality","neither test rejects in any seed",3,0,0,0,1,0.964174394889753
"inflect_ward_k60",4,302122,"CD294_CRTH2",1000,"no_detected_multimodality","neither test rejects in any seed",3,0,0,0,0.999582748625084,0.580790395197599
"inflect_ward_k60",4,302122,"CD294_CRTH2",5000,"no_detected_multimodality","neither test rejects in any seed",3,0,0,0,1,0.647285181052065
"inflect_ward_k60",4,302122,"CD57",1000,"detected_multimodality","both tests reject in at least two seeds",3,3,3,3,0,0
"inflect_ward_k60",4,302122,"CD57",5000,"detected_multimodality","both tests reject in at least two seeds",3,3,3,3,0,0
"inflect_ward_k60",4,302122,"Tbet",1000,"no_detected_multimodality","neither test rejects in any seed",3,0,0,0,0.999582748625084,0.749624812406203
"inflect_ward_k60",4,302122,"Tbet",5000,"no_detected_multimodality","neither test rejects in any seed",3,0,0,0,1,0.432216108054027
"inflect_ward_k60",5,228900,"CD3",1000,"detected_multimodality","both tests reject in at least two seeds",3,3,3,3,0,0
"inflect_ward_k60",5,228900,"CD3",5000,"detected_multimodality","both tests reject in at least two seeds",3,3,3,3,0,0
"inflect_ward_k60",5,228900,"CD57",1000,"detected_multimodality","both tests reject in at least two seeds",3,3,3,3,0,0
"inflect_ward_k60",5,228900,"CD57",5000,"detected_multimodality","both tests reject in at least two seeds",3,3,3,3,0,0
"inflect_ward_k60",5,228900,"FoxP3",1000,"no_detected_multimodality","neither test rejects in any seed",3,0,0,0,0.999550032859085,0.678039019509755
"inflect_ward_k60",5,228900,"FoxP3",5000,"no_detected_multimodality","neither test rejects in any seed",3,0,0,0,1,0.129278925176874
"inflect_ward_k60",6,331025,"CD11c",1000,"ambiguous","discordant_tests;seed_instability;borderline_q",3,1,1,3,0.00427312532027008,0
"inflect_ward_k60",6,331025,"CD11c",5000,"detected_multimodality","both tests reject in at least two seeds",3,3,3,3,0,0
"inflect_ward_k60",6,331025,"CD161",1000,"ambiguous","discordant_tests;seed_instability",3,0,0,2,0.814764373713478,0.0135067533766883
"inflect_ward_k60",6,331025,"CD161",5000,"detected_multimodality","both tests reject in at least two seeds",3,3,3,3,0,0
"inflect_ward_k60",6,331025,"CD21",1000,"no_detected_multimodality","neither test rejects in any seed",3,0,0,0,0.99865027361812,0.719609804902451
"inflect_ward_k60",6,331025,"CD21",5000,"no_detected_multimodality","neither test rejects in any seed",3,0,0,0,1,0.494554969792589
"inflect_ward_k60",6,331025,"CD25",1000,"no_detected_multimodality","neither test rejects in any seed",3,0,0,0,0.99865027361812,0.719609804902451
"inflect_ward_k60",6,331025,"CD25",5000,"no_detected_multimodality","neither test rejects in any seed",3,0,0,0,1,0.562781390695348
"inflect_ward_k60",6,331025,"CD3",1000,"detected_multimodality","both tests reject in at least two seeds",3,3,3,3,0.000417657402992377,0
"inflect_ward_k60",6,331025,"CD3",5000,"detected_multimodality","both tests reject in at least two seeds",3,3,3,3,0,0
"inflect_ward_k60",6,331025,"CD45RA",1000,"no_detected_multimodality","neither test rejects in any seed",3,0,0,0,0.99865027361812,0.719609804902451
"inflect_ward_k60",6,331025,"CD45RA",5000,"no_detected_multimodality","neither test rejects in any seed",3,0,0,0,1,0.494554969792589
"inflect_ward_k60",6,331025,"CD57",1000,"ambiguous","discordant_tests;seed_instability",3,1,1,3,0.0325754659468777,0
"inflect_ward_k60",6,331025,"CD57",5000,"ambiguous","discordant_tests;seed_instability;borderline_q",3,1,1,3,0.0146255184203845,0
"inflect_ward_k60",7,317695,"CD11c",1000,"ambiguous","discordant_tests;seed_instability",3,1,1,3,0.0322703074586121,0
"inflect_ward_k60",7,317695,"CD11c",5000,"detected_multimodality","both tests reject in at least two seeds",3,3,3,3,0,0
"inflect_ward_k60",7,317695,"CD161",1000,"ambiguous","discordant_tests;seed_instability;borderline_q",3,0,0,1,0.0581493363581453,0.00450225112556278
"inflect_ward_k60",7,317695,"CD161",5000,"detected_multimodality","both tests reject in at least two seeds",3,3,3,3,0,0
"inflect_ward_k60",7,317695,"CD3",1000,"no_detected_multimodality","neither test rejects in any seed",3,0,0,0,0.996689010803235,0.366033016508254
"inflect_ward_k60",7,317695,"CD3",5000,"ambiguous","discordant_tests",3,0,0,3,1,0
"inflect_ward_k60",7,317695,"CD57",1000,"ambiguous","discordant_tests",3,0,0,3,0.407473629588169,0
"inflect_ward_k60",7,317695,"CD57",5000,"ambiguous","discordant_tests;borderline_q",3,0,0,3,0.0745642215610656,0
"inflect_ward_k60",7,317695,"HLA-DR",1000,"no_detected_multimodality","neither test rejects in any seed",3,0,0,0,0.996689010803235,0.729364682341171
"inflect_ward_k60",7,317695,"HLA-DR",5000,"no_detected_multimodality","neither test rejects in any seed",3,0,0,0,1,0.721730430432608
"inflect_ward_k60",8,128303,"CD11c",1000,"no_detected_multimodality","neither test rejects in any seed",3,0,0,0,0.999107125362507,0.251225612806403
"inflect_ward_k60",8,128303,"CD11c",5000,"ambiguous","discordant_tests;seed_instability",3,0,0,1,1,0.040520260130065
"inflect_ward_k60",8,128303,"CD159c_NKG2C",1000,"no_detected_multimodality","neither test rejects in any seed",3,0,0,0,0.999107125362507,0.121560780390195
"inflect_ward_k60",8,128303,"CD159c_NKG2C",5000,"detected_multimodality","both tests reject in at least two seeds",3,3,3,3,0.00243434552498878,0
"inflect_ward_k60",8,128303,"CD185_CXCR5",1000,"no_detected_multimodality","neither test rejects in any seed",3,0,0,0,0.999107125362507,0.679558529264632
"inflect_ward_k60",8,128303,"CD185_CXCR5",5000,"no_detected_multimodality","neither test rejects in any seed",3,0,0,0,1,0.502927934555513
"inflect_ward_k60",8,128303,"CD27",1000,"no_detected_multimodality","neither test rejects in any seed",3,0,0,0,0.999107125362507,0.943311655827914
"inflect_ward_k60",8,128303,"CD27",5000,"no_detected_multimodality","neither test rejects in any seed",3,0,0,0,1,0.764359452453499
"inflect_ward_k60",8,128303,"CD56",1000,"no_detected_multimodality","neither test rejects in any seed",3,0,0,0,0.999107125362507,0.547023511755878
"inflect_ward_k60",8,128303,"CD56",5000,"no_detected_multimodality","neither test rejects in any seed",3,0,0,0,1,0.129664832416208
"inflect_ward_k60",8,128303,"CD57",1000,"detected_multimodality","both tests reject in at least two seeds",3,3,3,3,0,0
"inflect_ward_k60",8,128303,"CD57",5000,"detected_multimodality","both tests reject in at least two seeds",3,3,3,3,0,0
"inflect_ward_k60",8,128303,"Tbet",1000,"no_detected_multimodality","neither test rejects in any seed",3,0,0,0,0.999107125362507,0.339598370613878
"inflect_ward_k60",8,128303,"Tbet",5000,"no_detected_multimodality","neither test rejects in any seed",3,0,0,0,1,0.675337668834417
"inflect_ward_k60",8,128303,"TCRgd_CD141",1000,"no_detected_multimodality","neither test rejects in any seed",3,0,0,0,0.999107125362507,0.679558529264632
"inflect_ward_k60",8,128303,"TCRgd_CD141",5000,"no_detected_multimodality","neither test rejects in any seed",3,0,0,0,1,0.135067533766883
"inflect_ward_k60",9,280345,"CD159c_NKG2C",1000,"no_detected_multimodality","neither test rejects in any seed",3,0,0,0,0.999076181457324,0.402501250625313
"inflect_ward_k60",9,280345,"CD159c_NKG2C",5000,"ambiguous","discordant_tests;seed_instability",3,1,1,3,0.0494635986731563,0
"inflect_ward_k60",9,280345,"CD161",1000,"no_detected_multimodality","neither test rejects in any seed",3,0,0,0,0.999076181457324,0.402501250625313
"inflect_ward_k60",9,280345,"CD161",5000,"no_detected_multimodality","neither test rejects in any seed",3,0,0,0,1,0.540270135067534
"inflect_ward_k60",9,280345,"CD3",1000,"no_detected_multimodality","neither test rejects in any seed",3,0,0,0,0.999076181457324,0.634817408704352
"inflect_ward_k60",9,280345,"CD3",5000,"ambiguous","discordant_tests",3,0,0,3,0.883480840466015,0
"inflect_ward_k60",9,280345,"CD45RA",1000,"ambiguous","borderline_q",3,0,0,0,0.999076181457324,0.0742871435717859
"inflect_ward_k60",9,280345,"CD45RA",5000,"no_detected_multimodality","neither test rejects in any seed",3,0,0,0,1,0.393384192096048
"inflect_ward_k60",9,280345,"CD57",1000,"detected_multimodality","both tests reject in at least two seeds",3,3,3,3,0.000268667303563563,0
"inflect_ward_k60",9,280345,"CD57",5000,"detected_multimodality","both tests reject in at least two seeds",3,3,3,3,0,0
"inflect_ward_k60",10,58949,"CD159c_NKG2C",1000,"ambiguous","discordant_tests",3,0,0,3,0.529897375745928,0
"inflect_ward_k60",10,58949,"CD159c_NKG2C",5000,"detected_multimodality","both tests reject in at least two seeds",3,3,3,3,0,0
"inflect_ward_k60",10,58949,"CD27",1000,"no_detected_multimodality","neither test rejects in any seed",3,0,0,0,0.997717481412188,0.286343171585793
"inflect_ward_k60",10,58949,"CD27",5000,"ambiguous","discordant_tests;seed_instability",3,0,0,2,1,0
"inflect_ward_k60",10,58949,"CD56",1000,"ambiguous","discordant_tests;seed_instability",3,1,1,3,0.0433818521606323,0
"inflect_ward_k60",10,58949,"CD56",5000,"detected_multimodality","both tests reject in at least two seeds",3,3,3,3,0,0
"inflect_ward_k60",10,58949,"CD57",1000,"ambiguous","discordant_tests;seed_instability;borderline_q",3,0,0,1,0.628680112273458,0
"inflect_ward_k60",10,58949,"CD57",5000,"detected_multimodality","both tests reject in at least two seeds",3,3,3,3,0.000516693340489205,0
"inflect_ward_k60",10,58949,"Tbet",1000,"no_detected_multimodality","neither test rejects in any seed",3,0,0,0,0.997717481412188,0.647096275410432
"inflect_ward_k60",10,58949,"Tbet",5000,"no_detected_multimodality","neither test rejects in any seed",3,0,0,0,1,0.812566283141571
"inflect_ward_k60",11,607557,"CD16",1000,"no_detected_multimodality","neither test rejects in any seed",3,0,0,0,0.999918606669279,0.766508254127064
"inflect_ward_k60",11,607557,"CD16",5000,"no_detected_multimodality","neither test rejects in any seed",3,0,0,0,1,0.960980490245123
"inflect_ward_k60",11,607557,"CD161",1000,"no_detected_multimodality","neither test rejects in any seed",3,0,0,0,0.999918606669279,0.752222264978643
"inflect_ward_k60",11,607557,"CD161",5000,"no_detected_multimodality","neither test rejects in any seed",3,0,0,0,1,0.603301650825413
"inflect_ward_k60",11,607557,"CD1c",1000,"no_detected_multimodality","neither test rejects in any seed",3,0,0,0,0.999918606669279,0.752222264978643
"inflect_ward_k60",11,607557,"CD1c",5000,"no_detected_multimodality","neither test rejects in any seed",3,0,0,0,1,0.960980490245123
"inflect_ward_k60",11,607557,"CD21",1000,"no_detected_multimodality","neither test rejects in any seed",3,0,0,0,0.999918606669279,0.752222264978643
"inflect_ward_k60",11,607557,"CD21",5000,"no_detected_multimodality","neither test rejects in any seed",3,0,0,0,1,0.960980490245123
"inflect_ward_k60",11,607557,"CD4",1000,"ambiguous","discordant_tests;seed_instability",3,0,0,1,0.999918606669279,0.040520260130065
"inflect_ward_k60",11,607557,"CD4",5000,"no_detected_multimodality","neither test rejects in any seed",3,0,0,0,1,0.252126063031516
"inflect_ward_k60",11,607557,"CD57",1000,"no_detected_multimodality","neither test rejects in any seed",3,0,0,0,0.999918606669279,0.189094547273637
"inflect_ward_k60",11,607557,"CD57",5000,"no_detected_multimodality","neither test rejects in any seed",3,0,0,0,1,0.148574287143572
"inflect_ward_k60",11,607557,"TCRgd_CD141",1000,"no_detected_multimodality","neither test rejects in any seed",3,0,0,0,0.999918606669279,0.752222264978643
"inflect_ward_k60",11,607557,"TCRgd_CD141",5000,"no_detected_multimodality","neither test rejects in any seed",3,0,0,0,1,0.960980490245123
"inflect_ward_k60",12,338387,"CD11c",1000,"detected_multimodality","both tests reject in at least two seeds",3,3,3,3,0,0
"inflect_ward_k60",12,338387,"CD11c",5000,"detected_multimodality","both tests reject in at least two seeds",3,3,3,3,0,0
"inflect_ward_k60",12,338387,"CD3",1000,"no_detected_multimodality","neither test rejects in any seed",3,0,0,0,0.998771337552137,0.894822411205603
"inflect_ward_k60",12,338387,"CD3",5000,"ambiguous","borderline_q",3,0,0,0,1,0.0855427713856929
"inflect_ward_k60",12,338387,"CD57",1000,"no_detected_multimodality","neither test rejects in any seed",3,0,0,0,0.998771337552137,0.894822411205603
"inflect_ward_k60",12,338387,"CD57",5000,"no_detected_multimodality","neither test rejects in any seed",3,0,0,0,1,0.756378189094547
"inflect_ward_k60",12,338387,"CD7",1000,"no_detected_multimodality","neither test rejects in any seed",3,0,0,0,0.998771337552137,0.380440220110055
"inflect_ward_k60",12,338387,"CD7",5000,"no_detected_multimodality","neither test rejects in any seed",3,0,0,0,1,0.655077538769385
"inflect_ward_k60",12,338387,"CD8",1000,"no_detected_multimodality","neither test rejects in any seed",3,0,0,0,0.998771337552137,0.198099049524762
"inflect_ward_k60",12,338387,"CD8",5000,"no_detected_multimodality","neither test rejects in any seed",3,0,0,0,1,0.679021328846241
"inflect_ward_k60",13,133968,"CD14",1000,"no_detected_multimodality","neither test rejects in any seed",3,0,0,0,0.999934667265124,0.974044714665025
"inflect_ward_k60",13,133968,"CD14",5000,"no_detected_multimodality","neither test rejects in any seed",3,0,0,0,1,0.201250625312656
"inflect_ward_k60",13,133968,"CD161",1000,"no_detected_multimodality","neither test rejects in any seed",3,0,0,0,0.999934667265124,0.839219609804903
"inflect_ward_k60",13,133968,"CD161",5000,"ambiguous","discordant_tests",3,0,0,3,1,0.00225112556278139
"inflect_ward_k60",13,133968,"CD19",1000,"no_detected_multimodality","neither test rejects in any seed",3,0,0,0,0.999934667265124,0.352526263131566
"inflect_ward_k60",13,133968,"CD19",5000,"no_detected_multimodality","neither test rejects in any seed",3,0,0,0,1,0.555854850502174
"inflect_ward_k60",13,133968,"CD303_TCRvd2",1000,"no_detected_multimodality","neither test rejects in any seed",3,0,0,0,0.999934667265124,0.545897948974487
"inflect_ward_k60",13,133968,"CD303_TCRvd2",5000,"no_detected_multimodality","neither test rejects in any seed",3,0,0,0,1,0.190595297648824
"inflect_ward_k60",13,133968,"CD38",1000,"ambiguous","discordant_tests;seed_instability",3,0,0,1,0.559354643873779,0
"inflect_ward_k60",13,133968,"CD38",5000,"detected_multimodality","both tests reject in at least two seeds",3,2,2,3,0.00020086431781563,0
"inflect_ward_k60",13,133968,"CD56",1000,"no_detected_multimodality","neither test rejects in any seed",3,0,0,0,0.999934667265124,0.352526263131566
"inflect_ward_k60",13,133968,"CD56",5000,"ambiguous","discordant_tests;seed_instability",3,1,1,3,0.0165388251936343,0
"inflect_ward_k60",13,133968,"CD7",1000,"no_detected_multimodality","neither test rejects in any seed",3,0,0,0,0.999934667265124,0.1451975987994
"inflect_ward_k60",13,133968,"CD7",5000,"detected_multimodality","both tests reject in at least two seeds",3,3,3,3,0.00020086431781563,0
"inflect_ward_k60",13,133968,"FoxP3",1000,"no_detected_multimodality","neither test rejects in any seed",3,0,0,0,0.999934667265124,0.916529693418138
"inflect_ward_k60",13,133968,"FoxP3",5000,"ambiguous","discordant_tests",3,0,0,3,0.323569784392599,0
"inflect_ward_k60",14,251526,"CD11c",1000,"ambiguous","discordant_tests;seed_instability;borderline_q",3,1,1,2,0.000798135162098146,0
"inflect_ward_k60",14,251526,"CD11c",5000,"detected_multimodality","both tests reject in at least two seeds",3,3,3,3,0,0
"inflect_ward_k60",14,251526,"CD16",1000,"detected_multimodality","both tests reject in at least two seeds",3,2,2,3,4.65490024186277e-05,0
"inflect_ward_k60",14,251526,"CD16",5000,"detected_multimodality","both tests reject in at least two seeds",3,3,3,3,0,0
"inflect_ward_k60",14,251526,"CD57",1000,"detected_multimodality","both tests reject in at least two seeds",3,3,3,3,0,0
"inflect_ward_k60",14,251526,"CD57",5000,"detected_multimodality","both tests reject in at least two seeds",3,3,3,3,0,0
"inflect_ward_k60",15,46765,"CD11c",1000,"ambiguous","discordant_tests",3,0,0,3,0.171730682905111,0
"inflect_ward_k60",15,46765,"CD11c",5000,"detected_multimodality","both tests reject in at least two seeds",3,3,3,3,0.000105517188301874,0
"inflect_ward_k60",15,46765,"CD16",1000,"no_detected_multimodality","neither test rejects in any seed",3,0,0,0,1,0.971923461730865
"inflect_ward_k60",15,46765,"CD16",5000,"no_detected_multimodality","neither test rejects in any seed",3,0,0,0,1,0.974487243621811
"inflect_ward_k60",15,46765,"CD161",1000,"ambiguous","discordant_tests;seed_instability",3,0,0,2,0.676806839764502,0
"inflect_ward_k60",15,46765,"CD161",5000,"ambiguous","discordant_tests;seed_instability;borderline_q",3,0,0,1,1,0.0101300650325163
"inflect_ward_k60",15,46765,"CD1c",1000,"no_detected_multimodality","neither test rejects in any seed",3,0,0,0,1,0.700100050025013
"inflect_ward_k60",15,46765,"CD1c",5000,"no_detected_multimodality","neither test rejects in any seed",3,0,0,0,1,0.907301476825369
"inflect_ward_k60",15,46765,"CD21",1000,"no_detected_multimodality","neither test rejects in any seed",3,0,0,0,1,0.932760497896007
"inflect_ward_k60",15,46765,"CD21",5000,"no_detected_multimodality","neither test rejects in any seed",3,0,0,0,1,0.761443221610805
"inflect_ward_k60",15,46765,"CD3",1000,"detected_multimodality","both tests reject in at least two seeds",3,3,3,3,0,0
"inflect_ward_k60",15,46765,"CD3",5000,"detected_multimodality","both tests reject in at least two seeds",3,3,3,3,0,0
"inflect_ward_k60",15,46765,"CD303_TCRvd2",1000,"no_detected_multimodality","neither test rejects in any seed",3,0,0,0,1,0.971923461730865
"inflect_ward_k60",15,46765,"CD303_TCRvd2",5000,"no_detected_multimodality","neither test rejects in any seed",3,0,0,0,1,0.868484242121061
"inflect_ward_k60",15,46765,"CD56",1000,"ambiguous","discordant_tests;seed_instability",3,1,1,2,0.0200782654036766,0
"inflect_ward_k60",15,46765,"CD56",5000,"detected_multimodality","both tests reject in at least two seeds",3,2,2,3,0,0
"inflect_ward_k60",15,46765,"HLA-DR",1000,"no_detected_multimodality","neither test rejects in any seed",3,0,0,0,1,0.971923461730865
"inflect_ward_k60",15,46765,"HLA-DR",5000,"no_detected_multimodality","neither test rejects in any seed",3,0,0,0,1,0.905566419573423
"inflect_ward_k60",16,277783,"CD197_CCR7",1000,"no_detected_multimodality","neither test rejects in any seed",3,0,0,0,0.999075648534071,0.919584792396198
"inflect_ward_k60",16,277783,"CD197_CCR7",5000,"no_detected_multimodality","neither test rejects in any seed",3,0,0,0,1,0.968849809520145
"inflect_ward_k60",16,277783,"CD38",1000,"no_detected_multimodality","neither test rejects in any seed",3,0,0,0,0.999075648534071,0.911091909591159
"inflect_ward_k60",16,277783,"CD38",5000,"no_detected_multimodality","neither test rejects in any seed",3,0,0,0,1,0.878526219631555
"inflect_ward_k60",16,277783,"CD57",1000,"detected_multimodality","both tests reject in at least two seeds",3,3,3,3,0,0
"inflect_ward_k60",16,277783,"CD57",5000,"detected_multimodality","both tests reject in at least two seeds",3,3,3,3,0,0
"inflect_ward_k60",17,330393,"CD14",1000,"no_detected_multimodality","neither test rejects in any seed",3,0,0,0,0.997737447725439,0.898199099549775
"inflect_ward_k60",17,330393,"CD14",5000,"no_detected_multimodality","neither test rejects in any seed",3,0,0,0,1,0.195847923961981
"inflect_ward_k60",17,330393,"CD159c_NKG2C",1000,"no_detected_multimodality","neither test rejects in any seed",3,0,0,0,0.997737447725439,0.391695847923962
"inflect_ward_k60",17,330393,"CD159c_NKG2C",5000,"no_detected_multimodality","neither test rejects in any seed",3,0,0,0,1,0.973986993496748
"inflect_ward_k60",17,330393,"CD161",1000,"no_detected_multimodality","neither test rejects in any seed",3,0,0,0,0.997737447725439,0.898199099549775
"inflect_ward_k60",17,330393,"CD161",5000,"no_detected_multimodality","neither test rejects in any seed",3,0,0,0,1,0.973986993496748
"inflect_ward_k60",17,330393,"CD294_CRTH2",1000,"no_detected_multimodality","neither test rejects in any seed",3,0,0,0,0.997737447725439,0.553776888444222
"inflect_ward_k60",17,330393,"CD294_CRTH2",5000,"no_detected_multimodality","neither test rejects in any seed",3,0,0,0,1,0.519396061667197
"inflect_ward_k60",17,330393,"CD303_TCRvd2",1000,"no_detected_multimodality","neither test rejects in any seed",3,0,0,0,0.997737447725439,0.874255309472918
"inflect_ward_k60",17,330393,"CD303_TCRvd2",5000,"no_detected_multimodality","neither test rejects in any seed",3,0,0,0,1,0.831630100764668
"inflect_ward_k60",17,330393,"CD45RA",1000,"no_detected_multimodality","neither test rejects in any seed",3,0,0,0,0.997737447725439,0.621310655327664
"inflect_ward_k60",17,330393,"CD45RA",5000,"ambiguous","discordant_tests;seed_instability;borderline_q",3,1,1,3,0.00961038614452087,0
"inflect_ward_k60",17,330393,"CD56",1000,"no_detected_multimodality","neither test rejects in any seed",3,0,0,0,0.997737447725439,0.189094547273637
"inflect_ward_k60",17,330393,"CD56",5000,"ambiguous","borderline_q",3,0,0,0,1,0.0540270135067534
"inflect_ward_k60",17,330393,"CD57",1000,"detected_multimodality","both tests reject in at least two seeds",3,3,3,3,0,0
"inflect_ward_k60",17,330393,"CD57",5000,"detected_multimodality","both tests reject in at least two seeds",3,3,3,3,0,0
"inflect_ward_k60",18,179840,"CD11c",1000,"no_detected_multimodality","neither test rejects in any seed",3,0,0,0,1,0.562372095138478
"inflect_ward_k60",18,179840,"CD11c",5000,"ambiguous","discordant_tests;seed_instability",3,0,0,2,1,0.00675337668834417
"inflect_ward_k60",18,179840,"CD3",1000,"detected_multimodality","both tests reject in at least two seeds",3,3,3,3,0,0
"inflect_ward_k60",18,179840,"CD3",5000,"detected_multimodality","both tests reject in at least two seeds",3,3,3,3,0,0
"inflect_ward_k60",18,179840,"CD303_TCRvd2",1000,"no_detected_multimodality","neither test rejects in any seed",3,0,0,0,1,0.131690845422711
"inflect_ward_k60",18,179840,"CD303_TCRvd2",5000,"no_detected_multimodality","neither test rejects in any seed",3,0,0,0,1,0.129664832416208
"inflect_ward_k60",18,179840,"CD45RA",1000,"no_detected_multimodality","neither test rejects in any seed",3,0,0,0,1,0.862299570838051
"inflect_ward_k60",18,179840,"CD45RA",5000,"no_detected_multimodality","neither test rejects in any seed",3,0,0,0,1,0.984492246123062
"inflect_ward_k60",18,179840,"CD56",1000,"detected_multimodality","both tests reject in at least two seeds",3,3,3,3,0,0
"inflect_ward_k60",18,179840,"CD56",5000,"detected_multimodality","both tests reject in at least two seeds",3,3,3,3,0,0
"inflect_ward_k60",18,179840,"CD57",1000,"detected_multimodality","both tests reject in at least two seeds",3,3,3,3,0.000247003148131975,0
"inflect_ward_k60",18,179840,"CD57",5000,"detected_multimodality","both tests reject in at least two seeds",3,3,3,3,0,0
"inflect_ward_k60",19,147051,"CD11c",1000,"no_detected_multimodality","neither test rejects in any seed",3,0,0,0,0.998822383497211,0.337668834417209
"inflect_ward_k60",19,147051,"CD11c",5000,"ambiguous","discordant_tests;seed_instability",3,1,1,3,0.0372023986850255,0
"inflect_ward_k60",19,147051,"CD16",1000,"no_detected_multimodality","neither test rejects in any seed",3,0,0,0,0.998822383497211,0.897679609035287
"inflect_ward_k60",19,147051,"CD16",5000,"no_detected_multimodality","neither test rejects in any seed",3,0,0,0,0.998754470259837,0.16015150432359
"inflect_ward_k60",19,147051,"CD161",1000,"detected_multimodality","both tests reject in at least two seeds",3,3,3,3,0.00267186237342698,0
"inflect_ward_k60",19,147051,"CD161",5000,"detected_multimodality","both tests reject in at least two seeds",3,3,3,3,0,0
"inflect_ward_k60",19,147051,"CD1c",1000,"no_detected_multimodality","neither test rejects in any seed",3,0,0,0,0.998822383497211,0.897679609035287
"inflect_ward_k60",19,147051,"CD1c",5000,"no_detected_multimodality","neither test rejects in any seed",3,0,0,0,0.998754470259837,0.823349174587294
"inflect_ward_k60",19,147051,"CD21",1000,"no_detected_multimodality","neither test rejects in any seed",3,0,0,0,0.998822383497211,0.824756128064032
"inflect_ward_k60",19,147051,"CD21",5000,"no_detected_multimodality","neither test rejects in any seed",3,0,0,0,0.998754470259837,0.823349174587294
"inflect_ward_k60",19,147051,"CD3",1000,"no_detected_multimodality","neither test rejects in any seed",3,0,0,0,0.998822383497211,0.897679609035287
"inflect_ward_k60",19,147051,"CD3",5000,"ambiguous","discordant_tests",3,0,0,3,0.464043639492374,0
"inflect_ward_k60",19,147051,"CD38",1000,"no_detected_multimodality","neither test rejects in any seed",3,0,0,0,0.998822383497211,0.432216108054027
"inflect_ward_k60",19,147051,"CD38",5000,"no_detected_multimodality","neither test rejects in any seed",3,0,0,0,0.998754470259837,0.333166583291646
"inflect_ward_k60",19,147051,"CD56",1000,"ambiguous","discordant_tests;seed_instability",3,1,1,2,0.025444623205837,0
"inflect_ward_k60",19,147051,"CD56",5000,"detected_multimodality","both tests reject in at least two seeds",3,3,3,3,0,0
"inflect_ward_k60",19,147051,"CD8",1000,"no_detected_multimodality","neither test rejects in any seed",3,0,0,0,0.998822383497211,0.337668834417209
"inflect_ward_k60",19,147051,"CD8",5000,"no_detected_multimodality","neither test rejects in any seed",3,0,0,0,0.998754470259837,0.37450543453545
"inflect_ward_k60",19,147051,"Tbet",1000,"no_detected_multimodality","neither test rejects in any seed",3,0,0,0,0.998822383497211,0.824756128064032
"inflect_ward_k60",19,147051,"Tbet",5000,"ambiguous","discordant_tests",3,0,0,3,0.141512266740261,0
"inflect_ward_k60",20,132476,"CD159c_NKG2C",1000,"ambiguous","discordant_tests;seed_instability;borderline_q",3,1,1,3,0.00309034733768987,0
"inflect_ward_k60",20,132476,"CD159c_NKG2C",5000,"detected_multimodality","both tests reject in at least two seeds",3,3,3,3,0,0
"inflect_ward_k60",20,132476,"CD3",1000,"no_detected_multimodality","neither test rejects in any seed",3,0,0,0,1,0.310655327663832
"inflect_ward_k60",20,132476,"CD3",5000,"ambiguous","discordant_tests",3,0,0,3,1,0
"inflect_ward_k60",20,132476,"CD4",1000,"no_detected_multimodality","neither test rejects in any seed",3,0,0,0,1,0.88223657283187
"inflect_ward_k60",20,132476,"CD4",5000,"no_detected_multimodality","neither test rejects in any seed",3,0,0,0,1,0.610805402701351
"inflect_ward_k60",20,132476,"CD57",1000,"no_detected_multimodality","neither test rejects in any seed",3,0,0,0,1,0.310655327663832
"inflect_ward_k60",20,132476,"CD57",5000,"no_detected_multimodality","neither test rejects in any seed",3,0,0,0,1,0.675337668834417
"inflect_ward_k60",20,132476,"HLA-DR",1000,"no_detected_multimodality","neither test rejects in any seed",3,0,0,0,1,0.653389194597299
"inflect_ward_k60",20,132476,"HLA-DR",5000,"no_detected_multimodality","neither test rejects in any seed",3,0,0,0,1,0.675337668834417
"inflect_ward_k60",21,28208,"CD11c",1000,"no_detected_multimodality","neither test rejects in any seed",3,0,0,0,1,0.432216108054027
"inflect_ward_k60",21,28208,"CD11c",5000,"ambiguous","discordant_tests;seed_instability",3,0,0,1,1,0
"inflect_ward_k60",21,28208,"CD127",1000,"no_detected_multimodality","neither test rejects in any seed",3,0,0,0,1,0.763131565782891
"inflect_ward_k60",21,28208,"CD127",5000,"no_detected_multimodality","neither test rejects in any seed",3,0,0,0,1,0.539369684842421
"inflect_ward_k60",21,28208,"CD14",1000,"no_detected_multimodality","neither test rejects in any seed",3,0,0,0,1,0.843774828590766
"inflect_ward_k60",21,28208,"CD14",5000,"no_detected_multimodality","neither test rejects in any seed",3,0,0,0,1,0.415025694665515
"inflect_ward_k60",21,28208,"CD159c_NKG2C",1000,"no_detected_multimodality","neither test rejects in any seed",3,0,0,0,1,0.270135067533767
"inflect_ward_k60",21,28208,"CD159c_NKG2C",5000,"ambiguous","discordant_tests;seed_instability;borderline_q",3,0,0,2,0.975360670961443,0
"inflect_ward_k60",21,28208,"CD19",1000,"no_detected_multimodality","neither test rejects in any seed",3,0,0,0,1,0.600085757164296
"inflect_ward_k60",21,28208,"CD19",5000,"ambiguous","borderline_q",3,0,0,0,1,0.0540270135067534
"inflect_ward_k60",21,28208,"CD56",1000,"ambiguous","discordant_tests;seed_instability",3,0,0,1,1,0
"inflect_ward_k60",21,28208,"CD56",5000,"detected_multimodality","both tests reject in at least two seeds",3,3,3,3,0.000129672326094843,0
"inflect_ward_k60",21,28208,"TCRgd_CD141",1000,"no_detected_multimodality","neither test rejects in any seed",3,0,0,0,1,0.506503251625813
"inflect_ward_k60",21,28208,"TCRgd_CD141",5000,"ambiguous","discordant_tests;borderline_q",3,0,0,3,0.0874977041773512,0
"inflect_ward_k60",22,195943,"CD161",1000,"detected_multimodality","both tests reject in at least two seeds",3,3,3,3,8.61523167610678e-05,0
"inflect_ward_k60",22,195943,"CD161",5000,"detected_multimodality","both tests reject in at least two seeds",3,3,3,3,0,0
"inflect_ward_k60",22,195943,"CD27",1000,"detected_multimodality","both tests reject in at least two seeds",3,3,3,3,4.58711847816096e-05,0
"inflect_ward_k60",22,195943,"CD27",5000,"detected_multimodality","both tests reject in at least two seeds",3,3,3,3,0,0
"inflect_ward_k60",23,1769385,"CD197_CCR7",1000,"no_detected_multimodality","neither test rejects in any seed",3,0,0,0,0.999090241031661,0.823911955977989
"inflect_ward_k60",23,1769385,"CD197_CCR7",5000,"no_detected_multimodality","neither test rejects in any seed",3,0,0,0,1,0.912744833955439
"inflect_ward_k60",23,1769385,"CD27",1000,"detected_multimodality","both tests reject in at least two seeds",3,3,3,3,0,0
"inflect_ward_k60",23,1769385,"CD27",5000,"detected_multimodality","both tests reject in at least two seeds",3,3,3,3,0,0
"inflect_ward_k60",23,1769385,"CD45RA",1000,"ambiguous","discordant_tests;seed_instability",3,0,0,1,0.436285000528614,0
"inflect_ward_k60",23,1769385,"CD45RA",5000,"ambiguous","discordant_tests;seed_instability",3,0,0,2,1,0.0438969484742371
"inflect_ward_k60",23,1769385,"CD8",1000,"ambiguous","discordant_tests;seed_instability",3,0,0,2,0.387015875166531,0.0135067533766883
"inflect_ward_k60",23,1769385,"CD8",5000,"detected_multimodality","both tests reject in at least two seeds",3,2,2,3,0.00521355041746718,0
"inflect_ward_k60",23,1769385,"Tbet",1000,"detected_multimodality","both tests reject in at least two seeds",3,3,3,3,0,0
"inflect_ward_k60",23,1769385,"Tbet",5000,"detected_multimodality","both tests reject in at least two seeds",3,3,3,3,0,0
"inflect_ward_k60",24,122981,"CD161",1000,"ambiguous","discordant_tests;seed_instability;borderline_q",3,0,0,2,0.0625806629854677,0
"inflect_ward_k60",24,122981,"CD161",5000,"ambiguous","discordant_tests;seed_instability;borderline_q",3,1,1,3,2.75966233664882e-06,0
"inflect_ward_k60",24,122981,"CD185_CXCR5",1000,"no_detected_multimodality","neither test rejects in any seed",3,0,0,0,1,0.178839419709855
"inflect_ward_k60",24,122981,"CD185_CXCR5",5000,"ambiguous","discordant_tests",3,0,0,3,0.469618100833287,0
"inflect_ward_k60",24,122981,"CD197_CCR7",1000,"no_detected_multimodality","neither test rejects in any seed",3,0,0,0,1,0.465632816408204
"inflect_ward_k60",24,122981,"CD197_CCR7",5000,"ambiguous","discordant_tests",3,0,0,3,1,0
"inflect_ward_k60",24,122981,"CD38",1000,"ambiguous","discordant_tests;seed_instability;borderline_q",3,1,1,3,0.000196154585780373,0
"inflect_ward_k60",24,122981,"CD38",5000,"detected_multimodality","both tests reject in at least two seeds",3,3,3,3,0,0
"inflect_ward_k60",24,122981,"CD45RA",1000,"ambiguous","discordant_tests;seed_instability",3,0,0,1,0.731420773833423,0
"inflect_ward_k60",24,122981,"CD45RA",5000,"ambiguous","discordant_tests",3,0,0,3,0.469618100833287,0
"inflect_ward_k60",24,122981,"CD7",1000,"ambiguous","discordant_tests;borderline_q",3,0,0,3,0.0613422743768937,0
"inflect_ward_k60",24,122981,"CD7",5000,"detected_multimodality","both tests reject in at least two seeds",3,3,3,3,0,0
"inflect_ward_k60",24,122981,"FoxP3",1000,"detected_multimodality","both tests reject in at least two seeds",3,3,3,3,0,0
"inflect_ward_k60",24,122981,"FoxP3",5000,"detected_multimodality","both tests reject in at least two seeds",3,3,3,3,0,0
"inflect_ward_k60",25,40140,"CD127",1000,"no_detected_multimodality","neither test rejects in any seed",3,0,0,0,0.997416026620696,0.426427499464018
"inflect_ward_k60",25,40140,"CD127",5000,"no_detected_multimodality","neither test rejects in any seed",3,0,0,0,1,0.401150575287644
"inflect_ward_k60",25,40140,"CD159c_NKG2C",1000,"ambiguous","discordant_tests;seed_instability;borderline_q",3,0,0,1,0.438779919729,0.0135067533766883
"inflect_ward_k60",25,40140,"CD159c_NKG2C",5000,"detected_multimodality","both tests reject in at least two seeds",3,3,3,3,0,0
"inflect_ward_k60",25,40140,"CD16",1000,"ambiguous","borderline_q",3,0,0,0,0.997416026620696,0.0990495247623812
"inflect_ward_k60",25,40140,"CD16",5000,"ambiguous","discordant_tests",3,0,0,3,0.390318966224567,0
"inflect_ward_k60",25,40140,"CD3",1000,"ambiguous","discordant_tests;borderline_q",3,0,0,3,0.0912114755396525,0
"inflect_ward_k60",25,40140,"CD3",5000,"detected_multimodality","both tests reject in at least two seeds",3,3,3,3,0,0
"inflect_ward_k60",25,40140,"CD56",1000,"no_detected_multimodality","neither test rejects in any seed",3,0,0,0,0.997416026620696,0.124937468734367
"inflect_ward_k60",25,40140,"CD56",5000,"ambiguous","discordant_tests;borderline_q",3,0,0,3,0.0755548387915558,0
"inflect_ward_k60",25,40140,"CD57",1000,"ambiguous","discordant_tests;seed_instability",3,0,0,1,0.438779919729,0.0180090045022511
"inflect_ward_k60",25,40140,"CD57",5000,"ambiguous","discordant_tests;seed_instability;borderline_q",3,0,0,1,0.584942348094144,0.0108054027013507
"inflect_ward_k60",26,331660,"CD161",1000,"no_detected_multimodality","neither test rejects in any seed",3,0,0,0,0.999396546430503,0.850925462731366
"inflect_ward_k60",26,331660,"CD161",5000,"detected_multimodality","both tests reject in at least two seeds",3,2,2,3,0.00179383856691356,0
"inflect_ward_k60",26,331660,"CD27",1000,"detected_multimodality","both tests reject in at least two seeds",3,2,2,2,0.000338286554357858,0
"inflect_ward_k60",26,331660,"CD27",5000,"detected_multimodality","both tests reject in at least two seeds",3,3,3,3,0,0
"inflect_ward_k60",26,331660,"CD303_TCRvd2",1000,"detected_multimodality","both tests reject in at least two seeds",3,3,3,3,0,0
"inflect_ward_k60",26,331660,"CD303_TCRvd2",5000,"detected_multimodality","both tests reject in at least two seeds",3,3,3,3,0,0
"inflect_ward_k60",26,331660,"TCRgd_CD141",1000,"detected_multimodality","both tests reject in at least two seeds",3,3,3,3,0,0
"inflect_ward_k60",26,331660,"TCRgd_CD141",5000,"detected_multimodality","both tests reject in at least two seeds",3,3,3,3,0,0
"inflect_ward_k60",27,636588,"CD11c",1000,"no_detected_multimodality","neither test rejects in any seed",3,0,0,0,0.998084931575007,0.817968984492246
"inflect_ward_k60",27,636588,"CD11c",5000,"ambiguous","discordant_tests",3,0,0,3,0.851984855486106,0
"inflect_ward_k60",27,636588,"CD127",1000,"no_detected_multimodality","neither test rejects in any seed",3,0,0,0,0.998084931575007,0.799149574787394
"inflect_ward_k60",27,636588,"CD127",5000,"ambiguous","discordant_tests",3,0,0,3,0.448809851384213,0
"inflect_ward_k60",27,636588,"CD159c_NKG2C",1000,"no_detected_multimodality","neither test rejects in any seed",3,0,0,0,0.998084931575007,0.781462159651254
"inflect_ward_k60",27,636588,"CD159c_NKG2C",5000,"ambiguous","discordant_tests",3,0,0,3,0.851984855486106,0
"inflect_ward_k60",27,636588,"CD16",1000,"detected_multimodality","both tests reject in at least two seeds",3,3,3,3,0.000833058255555241,0
"inflect_ward_k60",27,636588,"CD16",5000,"detected_multimodality","both tests reject in at least two seeds",3,3,3,3,0,0
"inflect_ward_k60",27,636588,"CD185_CXCR5",1000,"no_detected_multimodality","neither test rejects in any seed",3,0,0,0,0.998084931575007,0.740620310155078
"inflect_ward_k60",27,636588,"CD185_CXCR5",5000,"detected_multimodality","both tests reject in at least two seeds",3,2,2,3,0.00389083818930347,0
"inflect_ward_k60",27,636588,"CD21",1000,"ambiguous","discordant_tests",3,0,0,3,0.998084931575007,0
"inflect_ward_k60",27,636588,"CD21",5000,"detected_multimodality","both tests reject in at least two seeds",3,3,3,3,0,0
"inflect_ward_k60",27,636588,"CD3",1000,"no_detected_multimodality","neither test rejects in any seed",3,0,0,0,0.998084931575007,0.781462159651254
"inflect_ward_k60",27,636588,"CD3",5000,"ambiguous","discordant_tests",3,0,0,3,0.169322139983639,0
"inflect_ward_k60",27,636588,"CD38",1000,"no_detected_multimodality","neither test rejects in any seed",3,0,0,0,0.998084931575007,0.144072036018009
"inflect_ward_k60",27,636588,"CD38",5000,"detected_multimodality","both tests reject in at least two seeds",3,3,3,3,0.0143841334882709,0
"inflect_ward_k60",27,636588,"CD45RA",1000,"no_detected_multimodality","neither test rejects in any seed",3,0,0,0,0.998084931575007,0.261130565282641
"inflect_ward_k60",27,636588,"CD45RA",5000,"ambiguous","discordant_tests",3,0,0,3,0.507368601817099,0
"inflect_ward_k60",27,636588,"HLA-DR",1000,"no_detected_multimodality","neither test rejects in any seed",3,0,0,0,0.998084931575007,0.817968984492246
"inflect_ward_k60",27,636588,"HLA-DR",5000,"no_detected_multimodality","neither test rejects in any seed",3,0,0,0,1,0.146773386693347
"inflect_ward_k60",28,331075,"CD11c",1000,"no_detected_multimodality","neither test rejects in any seed",3,0,0,0,0.998388268714304,0.515186164510827
"inflect_ward_k60",28,331075,"CD11c",5000,"ambiguous","discordant_tests;seed_instability",3,0,0,1,1,0.00337668834417209
"inflect_ward_k60",28,331075,"CD161",1000,"ambiguous","discordant_tests;seed_instability",3,0,0,2,0.998388268714304,0
"inflect_ward_k60",28,331075,"CD161",5000,"detected_multimodality","both tests reject in at least two seeds",3,3,3,3,0.00113066441583576,0
"inflect_ward_k60",28,331075,"CD38",1000,"no_detected_multimodality","neither test rejects in any seed",3,0,0,0,0.998388268714304,0.101300650325163
"inflect_ward_k60",28,331075,"CD38",5000,"ambiguous","discordant_tests;seed_instability",3,1,1,3,0.0123605772250523,0
"inflect_ward_k60",28,331075,"CD7",1000,"no_detected_multimodality","neither test rejects in any seed",3,0,0,0,0.998388268714304,0.135067533766883
"inflect_ward_k60",28,331075,"CD7",5000,"ambiguous","discordant_tests",3,0,0,3,1,0
"inflect_ward_k60",29,105074,"CD11c",1000,"ambiguous","discordant_tests;seed_instability;borderline_q",3,0,0,1,0.113032141256571,0
"inflect_ward_k60",29,105074,"CD11c",5000,"detected_multimodality","both tests reject in at least two seeds",3,3,3,3,0,0
"inflect_ward_k60",29,105074,"CD159c_NKG2C",1000,"ambiguous","discordant_tests;seed_instability",3,0,0,1,0.353264917163952,0.00675337668834417
"inflect_ward_k60",29,105074,"CD159c_NKG2C",5000,"detected_multimodality","both tests reject in at least two seeds",3,3,3,3,0,0
"inflect_ward_k60",29,105074,"CD16",1000,"ambiguous","borderline_q",3,0,0,0,0.999527945229502,0.0594297148574287
"inflect_ward_k60",29,105074,"CD16",5000,"ambiguous","discordant_tests;seed_instability",3,0,0,1,1,0.040520260130065
"inflect_ward_k60",29,105074,"CD3",1000,"ambiguous","discordant_tests",3,0,0,3,0.444431838725781,0
"inflect_ward_k60",29,105074,"CD3",5000,"detected_multimodality","both tests reject in at least two seeds",3,3,3,3,0.000131707178421481,0
"inflect_ward_k60",29,105074,"CD56",1000,"no_detected_multimodality","neither test rejects in any seed",3,0,0,0,0.999527945229502,0.352676338169085
"inflect_ward_k60",29,105074,"CD56",5000,"no_detected_multimodality","neither test rejects in any seed",3,0,0,0,1,0.231303151575788
"inflect_ward_k60",29,105074,"CD57",1000,"detected_multimodality","both tests reject in at least two seeds",3,3,3,3,0,0
"inflect_ward_k60",29,105074,"CD57",5000,"detected_multimodality","both tests reject in at least two seeds",3,3,3,3,0,0
"inflect_ward_k60",29,105074,"CD7",1000,"no_detected_multimodality","neither test rejects in any seed",3,0,0,0,0.999527945229502,0.621310655327664
"inflect_ward_k60",29,105074,"CD7",5000,"no_detected_multimodality","neither test rejects in any seed",3,0,0,0,1,0.585855427713857
"inflect_ward_k60",30,113765,"CD16",1000,"ambiguous","discordant_tests;seed_instability;borderline_q",3,0,0,1,0.998265324015463,0.0459229614807404
"inflect_ward_k60",30,113765,"CD16",5000,"ambiguous","discordant_tests;borderline_q",3,0,0,3,0.0652270440978094,0
"inflect_ward_k60",30,113765,"CD161",1000,"detected_multimodality","both tests reject in at least two seeds",3,3,3,3,0,0
"inflect_ward_k60",30,113765,"CD161",5000,"detected_multimodality","both tests reject in at least two seeds",3,3,3,3,0,0
"inflect_ward_k60",30,113765,"CD3",1000,"no_detected_multimodality","neither test rejects in any seed",3,0,0,0,0.998265324015463,0.925462731365683
"inflect_ward_k60",30,113765,"CD3",5000,"no_detected_multimodality","neither test rejects in any seed",3,0,0,0,1,0.907653826913457
"inflect_ward_k60",30,113765,"CD303_TCRvd2",1000,"detected_multimodality","both tests reject in at least two seeds",3,3,3,3,0,0
"inflect_ward_k60",30,113765,"CD303_TCRvd2",5000,"detected_multimodality","both tests reject in at least two seeds",3,3,3,3,0,0
"inflect_ward_k60",30,113765,"CD45RA",1000,"ambiguous","seed_instability",3,1,1,1,0.000580494953864696,0
"inflect_ward_k60",30,113765,"CD45RA",5000,"ambiguous","discordant_tests;seed_instability",3,1,1,3,0.00049735823396635,0
"inflect_ward_k60",30,113765,"CD56",1000,"no_detected_multimodality","neither test rejects in any seed",3,0,0,0,0.998265324015463,0.722611305652826
"inflect_ward_k60",30,113765,"CD56",5000,"no_detected_multimodality","neither test rejects in any seed",3,0,0,0,1,0.524833845494176
"inflect_ward_k60",30,113765,"CD57",1000,"no_detected_multimodality","neither test rejects in any seed",3,0,0,0,0.998265324015463,0.646073036518259
"inflect_ward_k60",30,113765,"CD57",5000,"ambiguous","discordant_tests",3,0,0,3,1,0
"inflect_ward_k60",30,113765,"CD8",1000,"no_detected_multimodality","neither test rejects in any seed",3,0,0,0,0.998265324015463,0.901268816226295
"inflect_ward_k60",30,113765,"CD8",5000,"no_detected_multimodality","neither test rejects in any seed",3,0,0,0,1,0.524833845494176
"inflect_ward_k60",30,113765,"TCRgd_CD141",1000,"ambiguous","discordant_tests;seed_instability",3,0,0,2,0.234190470851249,0.00337668834417209
"inflect_ward_k60",30,113765,"TCRgd_CD141",5000,"ambiguous","discordant_tests;seed_instability;borderline_q",3,1,1,3,0.0193849399997631,0
"inflect_ward_k60",31,100069,"CD14",1000,"no_detected_multimodality","neither test rejects in any seed",3,0,0,0,1,0.300525262631316
"inflect_ward_k60",31,100069,"CD14",5000,"no_detected_multimodality","neither test rejects in any seed",3,0,0,0,1,0.958979489744872
"inflect_ward_k60",31,100069,"CD159c_NKG2C",1000,"no_detected_multimodality","neither test rejects in any seed",3,0,0,0,1,0.989494747373687
"inflect_ward_k60",31,100069,"CD159c_NKG2C",5000,"no_detected_multimodality","neither test rejects in any seed",3,0,0,0,1,0.738369184592296
"inflect_ward_k60",31,100069,"CD16",1000,"no_detected_multimodality","neither test rejects in any seed",3,0,0,0,1,0.463731865932967
"inflect_ward_k60",31,100069,"CD16",5000,"ambiguous","discordant_tests;seed_instability;borderline_q",3,0,0,1,1,0
"inflect_ward_k60",31,100069,"CD4",1000,"no_detected_multimodality","neither test rejects in any seed",3,0,0,0,1,0.870510255127564
"inflect_ward_k60",31,100069,"CD4",5000,"no_detected_multimodality","neither test rejects in any seed",3,0,0,0,1,0.958979489744872
"inflect_ward_k60",31,100069,"CD56",1000,"ambiguous","discordant_tests",3,0,0,3,0.441060505027504,0
"inflect_ward_k60",31,100069,"CD56",5000,"detected_multimodality","both tests reject in at least two seeds",3,3,3,3,0,0
"inflect_ward_k60",31,100069,"CD57",1000,"detected_multimodality","both tests reject in at least two seeds",3,2,2,3,0.00806490951906813,0
"inflect_ward_k60",31,100069,"CD57",5000,"detected_multimodality","both tests reject in at least two seeds",3,2,2,3,0,0
"inflect_ward_k60",31,100069,"TCRgd_CD141",1000,"no_detected_multimodality","neither test rejects in any seed",3,0,0,0,1,0.768759379689845
"inflect_ward_k60",31,100069,"TCRgd_CD141",5000,"ambiguous","borderline_q",3,0,0,0,1,0.0972486243121561
"inflect_ward_k60",32,88785,"CD127",1000,"ambiguous","discordant_tests;seed_instability;borderline_q",3,0,0,2,0.059939207988602,0
"inflect_ward_k60",32,88785,"CD127",5000,"detected_multimodality","both tests reject in at least two seeds",3,2,2,3,0.000169905903398004,0
"inflect_ward_k60",32,88785,"CD14",1000,"ambiguous","discordant_tests;borderline_q",3,0,0,3,0.0695164746171494,0
"inflect_ward_k60",32,88785,"CD14",5000,"detected_multimodality","both tests reject in at least two seeds",3,3,3,3,0,0
"inflect_ward_k60",32,88785,"CD161",1000,"ambiguous","discordant_tests;borderline_q",3,0,0,3,0.059939207988602,0
"inflect_ward_k60",32,88785,"CD161",5000,"detected_multimodality","both tests reject in at least two seeds",3,3,3,3,0.000153811417524075,0
"inflect_ward_k60",32,88785,"CD185_CXCR5",1000,"ambiguous","discordant_tests;seed_instability;borderline_q",3,0,0,2,0.99774367597627,0.00450225112556278
"inflect_ward_k60",32,88785,"CD185_CXCR5",5000,"detected_multimodality","both tests reject in at least two seeds",3,3,3,3,0.000291438471493821,0
"inflect_ward_k60",32,88785,"CD1c",1000,"no_detected_multimodality","neither test rejects in any seed",3,0,0,0,0.99774367597627,0.565354105624241
"inflect_ward_k60",32,88785,"CD1c",5000,"ambiguous","discordant_tests;seed_instability",3,0,0,1,1,0.00945472736368184
"inflect_ward_k60",32,88785,"CD25",1000,"no_detected_multimodality","neither test rejects in any seed",3,0,0,0,0.99774367597627,0.621985992996498
"inflect_ward_k60",32,88785,"CD25",5000,"no_detected_multimodality","neither test rejects in any seed",3,0,0,0,1,0.678181195861088
"inflect_ward_k60",32,88785,"CD38",1000,"detected_multimodality","both tests reject in at least two seeds",3,3,3,3,0,0
"inflect_ward_k60",32,88785,"CD38",5000,"detected_multimodality","both tests reject in at least two seeds",3,3,3,3,0,0
"inflect_ward_k60",32,88785,"CD56",1000,"ambiguous","discordant_tests;seed_instability",3,0,0,1,0.99774367597627,0.0250839705567069
"inflect_ward_k60",32,88785,"CD56",5000,"ambiguous","discordant_tests;seed_instability",3,0,0,1,0.908439040120448,0
"inflect_ward_k60",32,88785,"CD57",1000,"no_detected_multimodality","neither test rejects in any seed",3,0,0,0,0.99774367597627,0.621985992996498
"inflect_ward_k60",32,88785,"CD57",5000,"no_detected_multimodality","neither test rejects in any seed",3,0,0,0,1,0.490745372686343
"inflect_ward_k60",32,88785,"CD7",1000,"ambiguous","discordant_tests;seed_instability;borderline_q",3,0,0,1,0.99774367597627,0.0270135067533767
"inflect_ward_k60",32,88785,"CD7",5000,"detected_multimodality","both tests reject in at least two seeds",3,2,2,3,0.0206882581129749,0
"inflect_ward_k60",32,88785,"Tbet",1000,"detected_multimodality","both tests reject in at least two seeds",3,3,3,3,0,0
"inflect_ward_k60",32,88785,"Tbet",5000,"detected_multimodality","both tests reject in at least two seeds",3,3,3,3,0,0
"inflect_ward_k60",33,492309,"CD11c",1000,"no_detected_multimodality","neither test rejects in any seed",3,0,0,0,0.998510197591821,0.898199099549775
"inflect_ward_k60",33,492309,"CD11c",5000,"ambiguous","discordant_tests;seed_instability",3,0,0,1,1,0.0432216108054027
"inflect_ward_k60",33,492309,"CD27",1000,"detected_multimodality","both tests reject in at least two seeds",3,3,3,3,0,0
"inflect_ward_k60",33,492309,"CD27",5000,"detected_multimodality","both tests reject in at least two seeds",3,3,3,3,0,0
"inflect_ward_k60",33,492309,"CD303_TCRvd2",1000,"detected_multimodality","both tests reject in at least two seeds",3,3,3,3,0,0
"inflect_ward_k60",33,492309,"CD303_TCRvd2",5000,"detected_multimodality","both tests reject in at least two seeds",3,3,3,3,0,0
"inflect_ward_k60",33,492309,"HLA-DR",1000,"no_detected_multimodality","neither test rejects in any seed",3,0,0,0,0.998510197591821,0.762734308330636
"inflect_ward_k60",33,492309,"HLA-DR",5000,"no_detected_multimodality","neither test rejects in any seed",3,0,0,0,1,0.944972486243122
"inflect_ward_k60",33,492309,"TCRgd_CD141",1000,"detected_multimodality","both tests reject in at least two seeds",3,3,3,3,0,0
"inflect_ward_k60",33,492309,"TCRgd_CD141",5000,"detected_multimodality","both tests reject in at least two seeds",3,3,3,3,0,0
"inflect_ward_k60",34,336733,"CD16",1000,"no_detected_multimodality","neither test rejects in any seed",3,0,0,0,0.998828946049893,0.198099049524762
"inflect_ward_k60",34,336733,"CD16",5000,"no_detected_multimodality","neither test rejects in any seed",3,0,0,0,1,0.802901450725363
"inflect_ward_k60",34,336733,"CD161",1000,"ambiguous","discordant_tests;seed_instability;borderline_q",3,0,0,2,0.40999317300005,0
"inflect_ward_k60",34,336733,"CD161",5000,"detected_multimodality","both tests reject in at least two seeds",3,3,3,3,0,0
"inflect_ward_k60",34,336733,"CD27",1000,"detected_multimodality","both tests reject in at least two seeds",3,3,3,3,0.000629932480088469,0
"inflect_ward_k60",34,336733,"CD27",5000,"detected_multimodality","both tests reject in at least two seeds",3,3,3,3,0,0
"inflect_ward_k60",35,215648,"CD11c",1000,"ambiguous","discordant_tests;seed_instability",3,0,0,1,0.8785798283411,0.0135067533766883
"inflect_ward_k60",35,215648,"CD11c",5000,"no_detected_multimodality","neither test rejects in any seed",3,0,0,0,1,0.168834417208604
"inflect_ward_k60",35,215648,"CD3",1000,"detected_multimodality","both tests reject in at least two seeds",3,3,3,3,0.000520963504401173,0
"inflect_ward_k60",35,215648,"CD3",5000,"detected_multimodality","both tests reject in at least two seeds",3,3,3,3,0,0
"inflect_ward_k60",35,215648,"CD303_TCRvd2",1000,"ambiguous","discordant_tests;seed_instability",3,0,0,2,0.997803525068563,0
"inflect_ward_k60",35,215648,"CD303_TCRvd2",5000,"detected_multimodality","both tests reject in at least two seeds",3,3,3,3,6.06043221457186e-05,0
"inflect_ward_k60",35,215648,"CD57",1000,"detected_multimodality","both tests reject in at least two seeds",3,3,3,3,0,0
"inflect_ward_k60",35,215648,"CD57",5000,"detected_multimodality","both tests reject in at least two seeds",3,3,3,3,0,0
"inflect_ward_k60",35,215648,"CD7",1000,"no_detected_multimodality","neither test rejects in any seed",3,0,0,0,0.997803525068563,0.876588294147074
"inflect_ward_k60",35,215648,"CD7",5000,"no_detected_multimodality","neither test rejects in any seed",3,0,0,0,1,0.460580290145073
"inflect_ward_k60",36,726106,"CD127",1000,"no_detected_multimodality","neither test rejects in any seed",3,0,0,0,1,0.28064032016008
"inflect_ward_k60",36,726106,"CD127",5000,"no_detected_multimodality","neither test rejects in any seed",3,0,0,0,1,0.417583791895948
"inflect_ward_k60",36,726106,"CD25",1000,"no_detected_multimodality","neither test rejects in any seed",3,0,0,0,1,0.952496248124062
"inflect_ward_k60",36,726106,"CD25",5000,"no_detected_multimodality","neither test rejects in any seed",3,0,0,0,1,0.595886178383309
"inflect_ward_k60",36,726106,"CD27",1000,"detected_multimodality","both tests reject in at least two seeds",3,3,3,3,0,0
"inflect_ward_k60",36,726106,"CD27",5000,"detected_multimodality","both tests reject in at least two seeds",3,3,3,3,0,0
"inflect_ward_k60",36,726106,"CD3",1000,"ambiguous","discordant_tests;seed_instability;borderline_q",3,0,0,1,1,0.024312156078039
"inflect_ward_k60",36,726106,"CD3",5000,"detected_multimodality","both tests reject in at least two seeds",3,3,3,3,0,0
"inflect_ward_k60",36,726106,"CD303_TCRvd2",1000,"ambiguous","discordant_tests;seed_instability",3,0,0,1,1,0
"inflect_ward_k60",36,726106,"CD303_TCRvd2",5000,"ambiguous","discordant_tests;seed_instability;borderline_q",3,1,1,3,0.00612282087730527,0
"inflect_ward_k60",36,726106,"CD38",1000,"no_detected_multimodality","neither test rejects in any seed",3,0,0,0,1,0.867549159194982
"inflect_ward_k60",36,726106,"CD38",5000,"ambiguous","discordant_tests",3,0,0,3,1,0
"inflect_ward_k60",36,726106,"CD45RA",1000,"detected_multimodality","both tests reject in at least two seeds",3,3,3,3,0,0
"inflect_ward_k60",36,726106,"CD45RA",5000,"detected_multimodality","both tests reject in at least two seeds",3,3,3,3,0,0
"inflect_ward_k60",36,726106,"CD57",1000,"no_detected_multimodality","neither test rejects in any seed",3,0,0,0,1,0.246498249124562
"inflect_ward_k60",36,726106,"CD57",5000,"no_detected_multimodality","neither test rejects in any seed",3,0,0,0,1,0.54552276138069
"inflect_ward_k60",36,726106,"Tbet",1000,"detected_multimodality","both tests reject in at least two seeds",3,2,2,3,0,0
"inflect_ward_k60",36,726106,"Tbet",5000,"detected_multimodality","both tests reject in at least two seeds",3,3,3,3,0,0
"inflect_ward_k60",37,77690,"CD11c",1000,"no_detected_multimodality","neither test rejects in any seed",3,0,0,0,1,0.977681148266441
"inflect_ward_k60",37,77690,"CD11c",5000,"no_detected_multimodality","neither test rejects in any seed",3,0,0,0,1,0.747782982400291
"inflect_ward_k60",37,77690,"CD127",1000,"ambiguous","borderline_q",3,0,0,0,1,0.0742871435717859
"inflect_ward_k60",37,77690,"CD127",5000,"ambiguous","discordant_tests",3,0,0,3,0.211518731281224,0
"inflect_ward_k60",37,77690,"CD161",1000,"ambiguous","seed_instability",3,1,1,1,0.00172304967252979,0
"inflect_ward_k60",37,77690,"CD161",5000,"ambiguous","discordant_tests",3,0,0,3,0.266594714545238,0
"inflect_ward_k60",37,77690,"CD27",1000,"ambiguous","discordant_tests;seed_instability;borderline_q",3,0,0,1,1,0
"inflect_ward_k60",37,77690,"CD27",5000,"detected_multimodality","both tests reject in at least two seeds",3,2,2,3,0.0317663284030548,0
"inflect_ward_k60",37,77690,"CD294_CRTH2",1000,"no_detected_multimodality","neither test rejects in any seed",3,0,0,0,1,0.977681148266441
"inflect_ward_k60",37,77690,"CD294_CRTH2",5000,"no_detected_multimodality","neither test rejects in any seed",3,0,0,0,1,0.645322661330665
"inflect_ward_k60",37,77690,"CD4",1000,"ambiguous","borderline_q",3,0,0,0,1,0.0979239619809905
"inflect_ward_k60",37,77690,"CD4",5000,"ambiguous","discordant_tests;seed_instability",3,1,1,3,0.0403929613505816,0
"inflect_ward_k60",37,77690,"Tbet",1000,"ambiguous","borderline_q",3,0,0,0,1,0.0979239619809905
"inflect_ward_k60",37,77690,"Tbet",5000,"ambiguous","discordant_tests;seed_instability",3,0,0,1,1,0.0173658257700279
"inflect_ward_k60",38,6709,"CD11c",1000,"ambiguous","discordant_tests;seed_instability;borderline_q",3,1,1,3,0.0154715029559062,0
"inflect_ward_k60",38,6709,"CD11c",5000,"detected_multimodality","both tests reject in at least two seeds",3,3,3,3,0,0
"inflect_ward_k60",38,6709,"CD14",1000,"no_detected_multimodality","neither test rejects in any seed",3,0,0,0,1,0.17052276138069
"inflect_ward_k60",38,6709,"CD14",5000,"ambiguous","discordant_tests",3,0,0,3,0.999808163777587,0
"inflect_ward_k60",38,6709,"CD161",1000,"ambiguous","borderline_q",3,0,0,0,1,0.0964768098334882
"inflect_ward_k60",38,6709,"CD161",5000,"no_detected_multimodality","neither test rejects in any seed",3,0,0,0,0.999808163777587,0.698053572240666
"inflect_ward_k60",38,6709,"CD185_CXCR5",1000,"no_detected_multimodality","neither test rejects in any seed",3,0,0,0,1,0.917558779389695
"inflect_ward_k60",38,6709,"CD185_CXCR5",5000,"no_detected_multimodality","neither test rejects in any seed",3,0,0,0,0.999808163777587,0.752776388194097
"inflect_ward_k60",38,6709,"CD1c",1000,"detected_multimodality","both tests reject in at least two seeds",3,3,3,3,0,0
"inflect_ward_k60",38,6709,"CD1c",5000,"detected_multimodality","both tests reject in at least two seeds",3,3,3,3,0,0
"inflect_ward_k60",38,6709,"CD3",1000,"detected_multimodality","both tests reject in at least two seeds",3,2,2,3,0.000763377463580794,0
"inflect_ward_k60",38,6709,"CD3",5000,"detected_multimodality","both tests reject in at least two seeds",3,3,3,3,0,0
"inflect_ward_k60",38,6709,"CD56",1000,"no_detected_multimodality","neither test rejects in any seed",3,0,0,0,1,0.429760334712811
"inflect_ward_k60",38,6709,"CD56",5000,"no_detected_multimodality","neither test rejects in any seed",3,0,0,0,0.999808163777587,0.241893674109782
"inflect_ward_k60",38,6709,"CD7",1000,"ambiguous","discordant_tests;seed_instability",3,0,0,2,1,0.0270135067533767
"inflect_ward_k60",38,6709,"CD7",5000,"ambiguous","discordant_tests;seed_instability;borderline_q",3,0,0,1,0.999808163777587,0.0378189094547274
"inflect_ward_k60",38,6709,"FoxP3",1000,"no_detected_multimodality","neither test rejects in any seed",3,0,0,0,1,0.447652397627385
"inflect_ward_k60",38,6709,"FoxP3",5000,"no_detected_multimodality","neither test rejects in any seed",3,0,0,0,0.999808163777587,0.198099049524762
"inflect_ward_k60",38,6709,"HLA-DR",1000,"detected_multimodality","both tests reject in at least two seeds",3,3,3,3,8.10285130697364e-05,0
"inflect_ward_k60",38,6709,"HLA-DR",5000,"detected_multimodality","both tests reject in at least two seeds",3,3,3,3,0,0
"inflect_ward_k60",38,6709,"TCRgd_CD141",1000,"ambiguous","discordant_tests;seed_instability;borderline_q",3,0,0,2,1,0.00540270135067534
"inflect_ward_k60",38,6709,"TCRgd_CD141",5000,"detected_multimodality","both tests reject in at least two seeds",3,3,3,3,0.00382291536248747,0
"inflect_ward_k60",39,4272277,"CD197_CCR7",1000,"detected_multimodality","both tests reject in at least two seeds",3,3,3,3,0,0
"inflect_ward_k60",39,4272277,"CD197_CCR7",5000,"detected_multimodality","both tests reject in at least two seeds",3,3,3,3,0,0
"inflect_ward_k60",39,4272277,"CD45RA",1000,"detected_multimodality","both tests reject in at least two seeds",3,3,3,3,0,0
"inflect_ward_k60",39,4272277,"CD45RA",5000,"detected_multimodality","both tests reject in at least two seeds",3,3,3,3,0,0
"inflect_ward_k60",40,413636,"CD27",1000,"no_detected_multimodality","neither test rejects in any seed",3,0,0,0,0.996333088799438,0.755702851425713
"inflect_ward_k60",40,413636,"CD27",5000,"ambiguous","discordant_tests",3,0,0,3,1,0
"inflect_ward_k60",40,413636,"CD38",1000,"no_detected_multimodality","neither test rejects in any seed",3,0,0,0,0.996333088799438,0.717787465161152
"inflect_ward_k60",40,413636,"CD38",5000,"no_detected_multimodality","neither test rejects in any seed",3,0,0,0,1,0.763745509118195
"inflect_ward_k60",40,413636,"CD57",1000,"no_detected_multimodality","neither test rejects in any seed",3,0,0,0,0.996333088799438,0.717787465161152
"inflect_ward_k60",40,413636,"CD57",5000,"no_detected_multimodality","neither test rejects in any seed",3,0,0,0,1,0.957693132280426
"inflect_ward_k60",40,413636,"TCRgd_CD141",1000,"no_detected_multimodality","neither test rejects in any seed",3,0,0,0,0.996333088799438,0.717787465161152
"inflect_ward_k60",40,413636,"TCRgd_CD141",5000,"no_detected_multimodality","neither test rejects in any seed",3,0,0,0,1,0.832016008004002
"inflect_ward_k60",41,22279,"CD11c",1000,"ambiguous","discordant_tests;seed_instability",3,0,0,2,0.25747095880682,0.00578860859000929
"inflect_ward_k60",41,22279,"CD11c",5000,"ambiguous","discordant_tests",3,0,0,3,0.115911506456794,0
"inflect_ward_k60",41,22279,"CD127",1000,"no_detected_multimodality","neither test rejects in any seed",3,0,0,0,0.997331462238832,0.477503457611158
"inflect_ward_k60",41,22279,"CD127",5000,"ambiguous","discordant_tests;seed_instability",3,0,0,1,0.231607969654531,0.000710881756667808
"inflect_ward_k60",41,22279,"CD159c_NKG2C",1000,"no_detected_multimodality","neither test rejects in any seed",3,0,0,0,0.997331462238832,0.37450543453545
"inflect_ward_k60",41,22279,"CD159c_NKG2C",5000,"ambiguous","discordant_tests",3,0,0,3,0.209641308909495,0
"inflect_ward_k60",41,22279,"CD19",1000,"ambiguous","discordant_tests;seed_instability",3,0,0,1,0.997331462238832,0.0283641820910455
"inflect_ward_k60",41,22279,"CD19",5000,"ambiguous","discordant_tests;seed_instability",3,1,1,3,0.0225816882949472,0
"inflect_ward_k60",41,22279,"CD197_CCR7",1000,"ambiguous","seed_instability",3,1,1,1,0.0482939833516585,0.00225112556278139
"inflect_ward_k60",41,22279,"CD197_CCR7",5000,"detected_multimodality","both tests reject in at least two seeds",3,2,2,3,0.00275697679238185,0
"inflect_ward_k60",41,22279,"CD25",1000,"no_detected_multimodality","neither test rejects in any seed",3,0,0,0,0.997331462238832,0.413644322161081
"inflect_ward_k60",41,22279,"CD25",5000,"ambiguous","discordant_tests",3,0,0,3,0.469896278810268,0
"inflect_ward_k60",41,22279,"CD27",1000,"detected_multimodality","both tests reject in at least two seeds",3,3,3,3,0,0
"inflect_ward_k60",41,22279,"CD27",5000,"detected_multimodality","both tests reject in at least two seeds",3,3,3,3,0,0
"inflect_ward_k60",41,22279,"CD3",1000,"detected_multimodality","both tests reject in at least two seeds",3,2,2,3,0.00317568979543384,0
"inflect_ward_k60",41,22279,"CD3",5000,"detected_multimodality","both tests reject in at least two seeds",3,3,3,3,0,0
"inflect_ward_k60",41,22279,"CD303_TCRvd2",1000,"ambiguous","discordant_tests;seed_instability;borderline_q",3,0,0,1,0.997331462238832,0.00450225112556278
"inflect_ward_k60",41,22279,"CD303_TCRvd2",5000,"detected_multimodality","both tests reject in at least two seeds",3,3,3,3,0.000811448508329593,0
"inflect_ward_k60",41,22279,"CD38",1000,"no_detected_multimodality","neither test rejects in any seed",3,0,0,0,0.997331462238832,0.644058871541034
"inflect_ward_k60",41,22279,"CD38",5000,"ambiguous","discordant_tests",3,0,0,3,0.756750885848797,0
"inflect_ward_k60",41,22279,"CD4",1000,"ambiguous","discordant_tests;seed_instability",3,0,0,2,0.997331462238832,0.0285142571285643
"inflect_ward_k60",41,22279,"CD4",5000,"ambiguous","discordant_tests",3,0,0,3,0.420994757131171,0
"inflect_ward_k60",41,22279,"CD45RA",1000,"ambiguous","discordant_tests",3,0,0,3,0.132129060158332,0
"inflect_ward_k60",41,22279,"CD45RA",5000,"detected_multimodality","both tests reject in at least two seeds",3,3,3,3,8.66515636743781e-06,0
"inflect_ward_k60",41,22279,"CD56",1000,"detected_multimodality","both tests reject in at least two seeds",3,3,3,3,0,0
"inflect_ward_k60",41,22279,"CD56",5000,"detected_multimodality","both tests reject in at least two seeds",3,3,3,3,0,0
"inflect_ward_k60",41,22279,"CD57",1000,"ambiguous","discordant_tests",3,0,0,3,0.997331462238832,0.0283641820910455
"inflect_ward_k60",41,22279,"CD57",5000,"detected_multimodality","both tests reject in at least two seeds",3,2,2,3,0.00717546527633807,0
"inflect_ward_k60",41,22279,"CD7",1000,"ambiguous","discordant_tests",3,0,0,3,0.997331462238832,0.0283641820910455
"inflect_ward_k60",41,22279,"CD7",5000,"detected_multimodality","both tests reject in at least two seeds",3,3,3,3,0.000528674564279297,0
"inflect_ward_k60",41,22279,"FoxP3",1000,"no_detected_multimodality","neither test rejects in any seed",3,0,0,0,0.997331462238832,0.603076538269135
"inflect_ward_k60",41,22279,"FoxP3",5000,"no_detected_multimodality","neither test rejects in any seed",3,0,0,0,0.99569332565095,0.203215243985629
"inflect_ward_k60",41,22279,"HLA-DR",1000,"no_detected_multimodality","neither test rejects in any seed",3,0,0,0,0.997331462238832,0.616486814835989
"inflect_ward_k60",41,22279,"HLA-DR",5000,"ambiguous","discordant_tests",3,0,0,3,0.397417175523189,0
"inflect_ward_k60",41,22279,"Tbet",1000,"detected_multimodality","both tests reject in at least two seeds",3,3,3,3,0,0
"inflect_ward_k60",41,22279,"Tbet",5000,"detected_multimodality","both tests reject in at least two seeds",3,3,3,3,0,0
"inflect_ward_k60",41,22279,"TCRgd_CD141",1000,"ambiguous","discordant_tests;seed_instability",3,0,0,1,0.56724242571634,0.011255627813907
"inflect_ward_k60",41,22279,"TCRgd_CD141",5000,"no_detected_multimodality","neither test rejects in any seed",3,0,0,0,0.956441202085105,0.142383691845923
"inflect_ward_k60",42,1093840,"CD127",1000,"no_detected_multimodality","neither test rejects in any seed",3,0,0,0,0.99779914635779,0.437618809404702
"inflect_ward_k60",42,1093840,"CD127",5000,"ambiguous","discordant_tests",3,0,0,3,1,0
"inflect_ward_k60",42,1093840,"CD27",1000,"detected_multimodality","both tests reject in at least two seeds",3,3,3,3,0,0
"inflect_ward_k60",42,1093840,"CD27",5000,"detected_multimodality","both tests reject in at least two seeds",3,3,3,3,0,0
"inflect_ward_k60",42,1093840,"CD7",1000,"ambiguous","discordant_tests;seed_instability",3,0,0,2,0.99779914635779,0.0270135067533767
"inflect_ward_k60",42,1093840,"CD7",5000,"ambiguous","discordant_tests;seed_instability",3,0,0,2,0.735576602970941,0
"inflect_ward_k60",42,1093840,"CD8",1000,"no_detected_multimodality","neither test rejects in any seed",3,0,0,0,0.99779914635779,0.742871435717859
"inflect_ward_k60",42,1093840,"CD8",5000,"no_detected_multimodality","neither test rejects in any seed",3,0,0,0,1,0.741906667619524
"inflect_ward_k60",43,101917,"CD11c",1000,"ambiguous","discordant_tests;seed_instability;borderline_q",3,1,1,3,0.0211109761288572,0
"inflect_ward_k60",43,101917,"CD11c",5000,"detected_multimodality","both tests reject in at least two seeds",3,3,3,3,0,0
"inflect_ward_k60",43,101917,"CD197_CCR7",1000,"no_detected_multimodality","neither test rejects in any seed",3,0,0,0,0.998448850906812,0.616486814835989
"inflect_ward_k60",43,101917,"CD197_CCR7",5000,"no_detected_multimodality","neither test rejects in any seed",3,0,0,0,0.999528399223157,0.494684842421211
"inflect_ward_k60",43,101917,"CD1c",1000,"detected_multimodality","both tests reject in at least two seeds",3,3,3,3,0,0
"inflect_ward_k60",43,101917,"CD1c",5000,"detected_multimodality","both tests reject in at least two seeds",3,3,3,3,0,0
"inflect_ward_k60",43,101917,"CD3",1000,"no_detected_multimodality","neither test rejects in any seed",3,0,0,0,0.998448850906812,0.285892946473237
"inflect_ward_k60",43,101917,"CD3",5000,"no_detected_multimodality","neither test rejects in any seed",3,0,0,0,0.999528399223157,0.118184092046023
"inflect_ward_k60",43,101917,"CD45RA",1000,"no_detected_multimodality","neither test rejects in any seed",3,0,0,0,0.998448850906812,0.590245122561281
"inflect_ward_k60",43,101917,"CD45RA",5000,"ambiguous","discordant_tests",3,0,0,3,0.758463525745637,0
"inflect_ward_k60",43,101917,"CD56",1000,"ambiguous","discordant_tests;seed_instability",3,0,0,2,0.947576431462723,0.00270135067533767
"inflect_ward_k60",43,101917,"CD56",5000,"detected_multimodality","both tests reject in at least two seeds",3,3,3,3,3.71120888584375e-05,0
"inflect_ward_k60",43,101917,"HLA-DR",1000,"ambiguous","discordant_tests;seed_instability",3,1,1,3,0.0261024232843635,0
"inflect_ward_k60",43,101917,"HLA-DR",5000,"detected_multimodality","both tests reject in at least two seeds",3,3,3,3,0,0
"inflect_ward_k60",43,101917,"TCRgd_CD141",1000,"detected_multimodality","both tests reject in at least two seeds",3,3,3,3,0,0
"inflect_ward_k60",43,101917,"TCRgd_CD141",5000,"detected_multimodality","both tests reject in at least two seeds",3,3,3,3,0,0
"inflect_ward_k60",44,115966,"CD1c",1000,"no_detected_multimodality","neither test rejects in any seed",3,0,0,0,0.999799924372221,0.455852926463232
"inflect_ward_k60",44,115966,"CD1c",5000,"no_detected_multimodality","neither test rejects in any seed",3,0,0,0,1,0.873936968484242
"inflect_ward_k60",44,115966,"CD38",1000,"no_detected_multimodality","neither test rejects in any seed",3,0,0,0,0.999799924372221,0.695078308384962
"inflect_ward_k60",44,115966,"CD38",5000,"no_detected_multimodality","neither test rejects in any seed",3,0,0,0,1,0.873936968484242
"inflect_ward_k60",44,115966,"CD45RA",1000,"no_detected_multimodality","neither test rejects in any seed",3,0,0,0,0.999799924372221,0.357928964482241
"inflect_ward_k60",44,115966,"CD45RA",5000,"no_detected_multimodality","neither test rejects in any seed",3,0,0,0,1,0.261130565282641
"inflect_ward_k60",44,115966,"CD8",1000,"no_detected_multimodality","neither test rejects in any seed",3,0,0,0,0.999799924372221,0.16208104052026
"inflect_ward_k60",44,115966,"CD8",5000,"no_detected_multimodality","neither test rejects in any seed",3,0,0,0,1,0.873936968484242
"inflect_ward_k60",45,60777,"CD159c_NKG2C",1000,"ambiguous","borderline_q",3,0,0,0,0.998600938821099,0.0540270135067534
"inflect_ward_k60",45,60777,"CD159c_NKG2C",5000,"ambiguous","discordant_tests;seed_instability",3,1,1,3,0.0376067915538973,0
"inflect_ward_k60",45,60777,"CD57",1000,"ambiguous","discordant_tests",3,0,0,3,0.674039449351226,0
"inflect_ward_k60",45,60777,"CD57",5000,"detected_multimodality","both tests reject in at least two seeds",3,3,3,3,0,0
"inflect_ward_k60",46,170897,"CD294_CRTH2",1000,"no_detected_multimodality","neither test rejects in any seed",3,0,0,0,0.998510126987744,0.760643479634554
"inflect_ward_k60",46,170897,"CD294_CRTH2",5000,"no_detected_multimodality","neither test rejects in any seed",3,0,0,0,1,0.930407511448032
"inflect_ward_k60",47,118692,"CD14",1000,"no_detected_multimodality","neither test rejects in any seed",3,0,0,0,0.999296965259064,0.615307653826913
"inflect_ward_k60",47,118692,"CD14",5000,"no_detected_multimodality","neither test rejects in any seed",3,0,0,0,0.999458316492432,0.430865432716358
"inflect_ward_k60",47,118692,"CD159c_NKG2C",1000,"ambiguous","borderline_q",3,0,0,0,0.999296965259064,0.0810405202601301
"inflect_ward_k60",47,118692,"CD159c_NKG2C",5000,"ambiguous","discordant_tests",3,0,0,3,0.318546987648067,0
"inflect_ward_k60",47,118692,"CD27",1000,"detected_multimodality","both tests reject in at least two seeds",3,3,3,3,0,0
"inflect_ward_k60",47,118692,"CD27",5000,"detected_multimodality","both tests reject in at least two seeds",3,3,3,3,0,0
"inflect_ward_k60",47,118692,"CD3",1000,"no_detected_multimodality","neither test rejects in any seed",3,0,0,0,0.999296965259064,0.430286571857357
"inflect_ward_k60",47,118692,"CD3",5000,"no_detected_multimodality","neither test rejects in any seed",3,0,0,0,0.999458316492432,0.119309654827414
"inflect_ward_k60",47,118692,"CD45RA",1000,"no_detected_multimodality","neither test rejects in any seed",3,0,0,0,0.999296965259064,0.876813406703352
"inflect_ward_k60",47,118692,"CD45RA",5000,"ambiguous","discordant_tests",3,0,0,3,0.999458316492432,0
"inflect_ward_k60",47,118692,"CD8",1000,"ambiguous","discordant_tests",3,0,0,3,0.290920893457987,0
"inflect_ward_k60",47,118692,"CD8",5000,"detected_multimodality","both tests reject in at least two seeds",3,3,3,3,0,0
"inflect_ward_k60",48,620548,"CD11c",1000,"ambiguous","discordant_tests;seed_instability",3,0,0,2,0.613038706748809,0.00675337668834417
"inflect_ward_k60",48,620548,"CD11c",5000,"detected_multimodality","both tests reject in at least two seeds",3,3,3,3,0,0
"inflect_ward_k60",48,620548,"CD14",1000,"detected_multimodality","both tests reject in at least two seeds",3,3,3,3,0,0
"inflect_ward_k60",48,620548,"CD14",5000,"detected_multimodality","both tests reject in at least two seeds",3,3,3,3,0,0
"inflect_ward_k60",48,620548,"CD19",1000,"no_detected_multimodality","neither test rejects in any seed",3,0,0,0,0.999325341061146,0.553776888444222
"inflect_ward_k60",48,620548,"CD19",5000,"no_detected_multimodality","neither test rejects in any seed",3,0,0,0,1,0.218809404702351
"inflect_ward_k60",48,620548,"CD1c",1000,"detected_multimodality","both tests reject in at least two seeds",3,2,2,3,0.0109210117998045,0
"inflect_ward_k60",48,620548,"CD1c",5000,"detected_multimodality","both tests reject in at least two seeds",3,3,3,3,0,0
"inflect_ward_k60",48,620548,"CD4",1000,"no_detected_multimodality","neither test rejects in any seed",3,0,0,0,0.999325341061146,0.795397698849425
"inflect_ward_k60",48,620548,"CD4",5000,"no_detected_multimodality","neither test rejects in any seed",3,0,0,0,1,0.653951975987994
"inflect_ward_k60",48,620548,"CD45RA",1000,"no_detected_multimodality","neither test rejects in any seed",3,0,0,0,0.999325341061146,0.335417708854427
"inflect_ward_k60",48,620548,"CD45RA",5000,"no_detected_multimodality","neither test rejects in any seed",3,0,0,0,1,0.653951975987994
"inflect_ward_k60",48,620548,"CD56",1000,"no_detected_multimodality","neither test rejects in any seed",3,0,0,0,0.999325341061146,0.237718859429715
"inflect_ward_k60",48,620548,"CD56",5000,"no_detected_multimodality","neither test rejects in any seed",3,0,0,0,1,0.429214607303652
"inflect_ward_k60",48,620548,"HLA-DR",1000,"detected_multimodality","both tests reject in at least two seeds",3,3,3,3,0,0
"inflect_ward_k60",48,620548,"HLA-DR",5000,"detected_multimodality","both tests reject in at least two seeds",3,3,3,3,0,0
"inflect_ward_k60",49,672104,"CD197_CCR7",1000,"no_detected_multimodality","neither test rejects in any seed",3,0,0,0,0.9982220726408,0.391695847923962
"inflect_ward_k60",49,672104,"CD197_CCR7",5000,"ambiguous","discordant_tests",3,0,0,3,1,0
"inflect_ward_k60",49,672104,"Tbet",1000,"no_detected_multimodality","neither test rejects in any seed",3,0,0,0,0.9982220726408,0.904952476238119
"inflect_ward_k60",49,672104,"Tbet",5000,"no_detected_multimodality","neither test rejects in any seed",3,0,0,0,1,0.49203173015079
"inflect_ward_k60",50,3842157,"CD11c",1000,"no_detected_multimodality","neither test rejects in any seed",3,0,0,0,0.998120278106556,0.934563435563936
"inflect_ward_k60",50,3842157,"CD11c",5000,"no_detected_multimodality","neither test rejects in any seed",3,0,0,0,1,0.832016008004002
"inflect_ward_k60",50,3842157,"CD197_CCR7",1000,"no_detected_multimodality","neither test rejects in any seed",3,0,0,0,0.998120278106556,0.675337668834417
"inflect_ward_k60",50,3842157,"CD197_CCR7",5000,"no_detected_multimodality","neither test rejects in any seed",3,0,0,0,1,0.299849924962481
"inflect_ward_k60",50,3842157,"CD27",1000,"detected_multimodality","both tests reject in at least two seeds",3,3,3,3,0,0
"inflect_ward_k60",50,3842157,"CD27",5000,"detected_multimodality","both tests reject in at least two seeds",3,3,3,3,0,0
"inflect_ward_k60",50,3842157,"CD303_TCRvd2",1000,"no_detected_multimodality","neither test rejects in any seed",3,0,0,0,0.998120278106556,0.875687843921961
"inflect_ward_k60",50,3842157,"CD303_TCRvd2",5000,"no_detected_multimodality","neither test rejects in any seed",3,0,0,0,1,0.198099049524762
"inflect_ward_k60",51,1793702,"CD27",1000,"detected_multimodality","both tests reject in at least two seeds",3,3,3,3,0,0
"inflect_ward_k60",51,1793702,"CD27",5000,"detected_multimodality","both tests reject in at least two seeds",3,3,3,3,0,0
"inflect_ward_k60",51,1793702,"CD7",1000,"ambiguous","discordant_tests;seed_instability",3,0,0,1,0.612842608980019,0.0135067533766883
"inflect_ward_k60",51,1793702,"CD7",5000,"detected_multimodality","both tests reject in at least two seeds",3,3,3,3,0.00597892962530133,0
"inflect_ward_k60",52,3678534,"CD159c_NKG2C",1000,"no_detected_multimodality","neither test rejects in any seed",3,0,0,0,1,0.903264132066033
"inflect_ward_k60",52,3678534,"CD159c_NKG2C",5000,"no_detected_multimodality","neither test rejects in any seed",3,0,0,0,1,0.676463231615808
"inflect_ward_k60",53,1028144,"CD14",1000,"ambiguous","borderline_q",3,0,0,0,0.998290949885301,0.0675337668834417
"inflect_ward_k60",53,1028144,"CD14",5000,"no_detected_multimodality","neither test rejects in any seed",3,0,0,0,1,0.656428214107054
"inflect_ward_k60",53,1028144,"CD19",1000,"no_detected_multimodality","neither test rejects in any seed",3,0,0,0,0.998290949885301,0.910097906095905
"inflect_ward_k60",53,1028144,"CD19",5000,"ambiguous","discordant_tests;seed_instability",3,0,0,1,1,0.0438969484742371
"inflect_ward_k60",53,1028144,"CD25",1000,"ambiguous","discordant_tests",3,0,0,3,0.998290949885301,0
"inflect_ward_k60",53,1028144,"CD25",5000,"detected_multimodality","both tests reject in at least two seeds",3,3,3,3,0,0
"inflect_ward_k60",53,1028144,"CD3",1000,"no_detected_multimodality","neither test rejects in any seed",3,0,0,0,0.998290949885301,0.892289894947474
"inflect_ward_k60",53,1028144,"CD3",5000,"no_detected_multimodality","neither test rejects in any seed",3,0,0,0,1,0.141820910455228
"inflect_ward_k60",53,1028144,"CD45RA",1000,"no_detected_multimodality","neither test rejects in any seed",3,0,0,0,0.998290949885301,0.901013006503252
"inflect_ward_k60",53,1028144,"CD45RA",5000,"no_detected_multimodality","neither test rejects in any seed",3,0,0,0,1,0.432216108054027
"inflect_ward_k60",53,1028144,"CD56",1000,"no_detected_multimodality","neither test rejects in any seed",3,0,0,0,0.998290949885301,0.739012363324519
"inflect_ward_k60",53,1028144,"CD56",5000,"no_detected_multimodality","neither test rejects in any seed",3,0,0,0,1,0.118859429714857
"inflect_ward_k60",53,1028144,"FoxP3",1000,"ambiguous","discordant_tests;seed_instability",3,1,1,3,0.00142082985752701,0
"inflect_ward_k60",53,1028144,"FoxP3",5000,"detected_multimodality","both tests reject in at least two seeds",3,3,3,3,0,0
"inflect_ward_k60",54,260211,"CD11c",1000,"no_detected_multimodality","neither test rejects in any seed",3,0,0,0,0.99951765731741,0.146644750946902
"inflect_ward_k60",54,260211,"CD11c",5000,"ambiguous","discordant_tests",3,0,0,3,0.274498624986546,0
"inflect_ward_k60",54,260211,"CD14",1000,"no_detected_multimodality","neither test rejects in any seed",3,0,0,0,0.99951765731741,0.395379507935786
"inflect_ward_k60",54,260211,"CD14",5000,"ambiguous","discordant_tests;borderline_q",3,0,0,3,0.0936401746002372,0
"inflect_ward_k60",54,260211,"CD159c_NKG2C",1000,"no_detected_multimodality","neither test rejects in any seed",3,0,0,0,0.99951765731741,0.755667307337879
"inflect_ward_k60",54,260211,"CD159c_NKG2C",5000,"no_detected_multimodality","neither test rejects in any seed",3,0,0,0,1,0.798924462231116
"inflect_ward_k60",54,260211,"CD185_CXCR5",1000,"no_detected_multimodality","neither test rejects in any seed",3,0,0,0,0.99951765731741,0.414553430561435
"inflect_ward_k60",54,260211,"CD185_CXCR5",5000,"ambiguous","discordant_tests",3,0,0,3,0.117661739779127,0
"inflect_ward_k60",54,260211,"CD294_CRTH2",1000,"no_detected_multimodality","neither test rejects in any seed",3,0,0,0,0.99951765731741,0.414553430561435
"inflect_ward_k60",54,260211,"CD294_CRTH2",5000,"detected_multimodality","both tests reject in at least two seeds",3,2,2,3,0.0119123943467345,0
"inflect_ward_k60",54,260211,"CD303_TCRvd2",1000,"detected_multimodality","both tests reject in at least two seeds",3,3,3,3,0,0
"inflect_ward_k60",54,260211,"CD303_TCRvd2",5000,"detected_multimodality","both tests reject in at least two seeds",3,3,3,3,0,0
"inflect_ward_k60",54,260211,"CD38",1000,"ambiguous","discordant_tests;seed_instability;borderline_q",3,0,0,1,0.99951765731741,0.0337668834417209
"inflect_ward_k60",54,260211,"CD38",5000,"detected_multimodality","both tests reject in at least two seeds",3,3,3,3,0.00272645605700134,0
"inflect_ward_k60",54,260211,"CD4",1000,"detected_multimodality","both tests reject in at least two seeds",3,3,3,3,0,0
"inflect_ward_k60",54,260211,"CD4",5000,"detected_multimodality","both tests reject in at least two seeds",3,3,3,3,0,0
"inflect_ward_k60",54,260211,"CD45RA",1000,"detected_multimodality","both tests reject in at least two seeds",3,3,3,3,0,0
"inflect_ward_k60",54,260211,"CD45RA",5000,"detected_multimodality","both tests reject in at least two seeds",3,3,3,3,0,0
"inflect_ward_k60",54,260211,"CD57",1000,"ambiguous","discordant_tests;seed_instability",3,0,0,2,0.99951765731741,0.011255627813907
"inflect_ward_k60",54,260211,"CD57",5000,"detected_multimodality","both tests reject in at least two seeds",3,3,3,3,0.00222656856356063,0
"inflect_ward_k60",54,260211,"CD7",1000,"ambiguous","discordant_tests;seed_instability;borderline_q",3,0,0,1,0.99951765731741,0.0424497963267348
"inflect_ward_k60",54,260211,"CD7",5000,"ambiguous","discordant_tests;seed_instability;borderline_q",3,1,1,3,0.0205727458836135,0
"inflect_ward_k60",54,260211,"HLA-DR",1000,"detected_multimodality","both tests reject in at least two seeds",3,3,3,3,0,0
"inflect_ward_k60",54,260211,"HLA-DR",5000,"detected_multimodality","both tests reject in at least two seeds",3,3,3,3,0,0
"inflect_ward_k60",54,260211,"TCRgd_CD141",1000,"detected_multimodality","both tests reject in at least two seeds",3,3,3,3,0,0
"inflect_ward_k60",54,260211,"TCRgd_CD141",5000,"detected_multimodality","both tests reject in at least two seeds",3,3,3,3,0,0
"inflect_ward_k60",56,5226443,"CD45RA",1000,"detected_multimodality","both tests reject in at least two seeds",3,3,3,3,0,0
"inflect_ward_k60",56,5226443,"CD45RA",5000,"detected_multimodality","both tests reject in at least two seeds",3,3,3,3,0,0
"inflect_ward_k60",57,1013096,"CD127",1000,"no_detected_multimodality","neither test rejects in any seed",3,0,0,0,1,0.789019509754877
"inflect_ward_k60",57,1013096,"CD127",5000,"no_detected_multimodality","neither test rejects in any seed",3,0,0,0,1,0.346673336668334
"inflect_ward_k60",57,1013096,"CD185_CXCR5",1000,"ambiguous","borderline_q",3,0,0,0,1,0.0877938969484742
"inflect_ward_k60",57,1013096,"CD185_CXCR5",5000,"ambiguous","discordant_tests;seed_instability;borderline_q",3,0,0,1,0.433978560227033,0.00900450225112556
"inflect_ward_k60",57,1013096,"CD19",1000,"ambiguous","discordant_tests;seed_instability;borderline_q",3,0,0,2,1,0
"inflect_ward_k60",57,1013096,"CD19",5000,"detected_multimodality","both tests reject in at least two seeds",3,3,3,3,0,0
"inflect_ward_k60",57,1013096,"CD21",1000,"detected_multimodality","both tests reject in at least two seeds",3,2,2,3,0,0
"inflect_ward_k60",57,1013096,"CD21",5000,"detected_multimodality","both tests reject in at least two seeds",3,3,3,3,0,0
"inflect_ward_k60",57,1013096,"CD294_CRTH2",1000,"no_detected_multimodality","neither test rejects in any seed",3,0,0,0,1,0.454727363681841
"inflect_ward_k60",57,1013096,"CD294_CRTH2",5000,"no_detected_multimodality","neither test rejects in any seed",3,0,0,0,1,0.820052883584649
"inflect_ward_k60",57,1013096,"CD303_TCRvd2",1000,"ambiguous","borderline_q",3,0,0,0,1,0.0877938969484742
"inflect_ward_k60",57,1013096,"CD303_TCRvd2",5000,"no_detected_multimodality","neither test rejects in any seed",3,0,0,0,1,0.30727863931966
"inflect_ward_k60",57,1013096,"CD57",1000,"no_detected_multimodality","neither test rejects in any seed",3,0,0,0,1,0.574037018509255
"inflect_ward_k60",57,1013096,"CD57",5000,"no_detected_multimodality","neither test rejects in any seed",3,0,0,0,1,0.30727863931966
"inflect_ward_k60",57,1013096,"CD7",1000,"ambiguous","borderline_q",3,0,0,0,1,0.0877938969484742
"inflect_ward_k60",57,1013096,"CD7",5000,"no_detected_multimodality","neither test rejects in any seed",3,0,0,0,1,0.89032016008004
"inflect_ward_k60",57,1013096,"Tbet",1000,"no_detected_multimodality","neither test rejects in any seed",3,0,0,0,1,0.205302651325663
"inflect_ward_k60",57,1013096,"Tbet",5000,"no_detected_multimodality","neither test rejects in any seed",3,0,0,0,1,0.124937468734367
"inflect_ward_k60",58,2920244,"CD161",1000,"no_detected_multimodality","neither test rejects in any seed",3,0,0,0,0.999198428352183,0.702351175587794
"inflect_ward_k60",58,2920244,"CD161",5000,"no_detected_multimodality","neither test rejects in any seed",3,0,0,0,1,0.869834917458729
"inflect_ward_k60",58,2920244,"CD185_CXCR5",1000,"no_detected_multimodality","neither test rejects in any seed",3,0,0,0,0.999198428352183,0.929122455964825
"inflect_ward_k60",58,2920244,"CD185_CXCR5",5000,"no_detected_multimodality","neither test rejects in any seed",3,0,0,0,1,0.656636010312849
"inflect_ward_k60",58,2920244,"CD21",1000,"no_detected_multimodality","neither test rejects in any seed",3,0,0,0,0.999198428352183,0.681126277424426
"inflect_ward_k60",58,2920244,"CD21",5000,"ambiguous","discordant_tests",3,0,0,3,0.468170831026811,0
"inflect_ward_k60",58,2920244,"CD27",1000,"no_detected_multimodality","neither test rejects in any seed",3,0,0,0,0.999198428352183,0.754300227036595
"inflect_ward_k60",58,2920244,"CD27",5000,"no_detected_multimodality","neither test rejects in any seed",3,0,0,0,1,0.384942471235618
"inflect_ward_k60",58,2920244,"CD294_CRTH2",1000,"no_detected_multimodality","neither test rejects in any seed",3,0,0,0,0.999198428352183,0.372786393196598
"inflect_ward_k60",58,2920244,"CD294_CRTH2",5000,"no_detected_multimodality","neither test rejects in any seed",3,0,0,0,1,0.189094547273637
"inflect_ward_k60",58,2920244,"CD7",1000,"no_detected_multimodality","neither test rejects in any seed",3,0,0,0,0.999198428352183,0.963481740870435
"inflect_ward_k60",58,2920244,"CD7",5000,"no_detected_multimodality","neither test rejects in any seed",3,0,0,0,1,0.650575287643822
"inflect_ward_k60",58,2920244,"FoxP3",1000,"no_detected_multimodality","neither test rejects in any seed",3,0,0,0,0.999198428352183,0.754300227036595
"inflect_ward_k60",58,2920244,"FoxP3",5000,"no_detected_multimodality","neither test rejects in any seed",3,0,0,0,1,0.755252626313157
"inflect_ward_k60",59,278423,"CD127",1000,"no_detected_multimodality","neither test rejects in any seed",3,0,0,0,0.998630740532183,0.530140070035018
"inflect_ward_k60",59,278423,"CD127",5000,"ambiguous","discordant_tests;seed_instability",3,0,0,1,1,0.00675337668834417
"inflect_ward_k60",59,278423,"CD14",1000,"ambiguous","discordant_tests",3,0,0,3,0.96995542697107,0
"inflect_ward_k60",59,278423,"CD14",5000,"detected_multimodality","both tests reject in at least two seeds",3,3,3,3,0,0
"inflect_ward_k60",59,278423,"CD16",1000,"no_detected_multimodality","neither test rejects in any seed",3,0,0,0,0.998630740532183,0.874760909866698
"inflect_ward_k60",59,278423,"CD16",5000,"no_detected_multimodality","neither test rejects in any seed",3,0,0,0,1,0.461307576865356
"inflect_ward_k60",59,278423,"CD185_CXCR5",1000,"ambiguous","discordant_tests",3,0,0,3,0.607592027359521,0
"inflect_ward_k60",59,278423,"CD185_CXCR5",5000,"detected_multimodality","both tests reject in at least two seeds",3,3,3,3,5.57442786305873e-05,0
"inflect_ward_k60",59,278423,"CD1c",1000,"no_detected_multimodality","neither test rejects in any seed",3,0,0,0,0.998630740532183,0.874760909866698
"inflect_ward_k60",59,278423,"CD1c",5000,"no_detected_multimodality","neither test rejects in any seed",3,0,0,0,1,0.506503251625813
"inflect_ward_k60",59,278423,"CD21",1000,"ambiguous","borderline_q",3,0,0,0,0.998630740532183,0.0945472736368184
"inflect_ward_k60",59,278423,"CD21",5000,"ambiguous","discordant_tests;seed_instability",3,0,0,1,0.740118118774537,0.0135067533766883
"inflect_ward_k60",59,278423,"CD25",1000,"no_detected_multimodality","neither test rejects in any seed",3,0,0,0,0.998630740532183,0.165457728864432
"inflect_ward_k60",59,278423,"CD25",5000,"no_detected_multimodality","neither test rejects in any seed",3,0,0,0,1,0.284992496248124
"inflect_ward_k60",59,278423,"CD27",1000,"ambiguous","discordant_tests",3,0,0,3,0.607592027359521,0
"inflect_ward_k60",59,278423,"CD27",5000,"detected_multimodality","both tests reject in at least two seeds",3,3,3,3,0.000184590419369302,0
"inflect_ward_k60",59,278423,"CD38",1000,"detected_multimodality","both tests reject in at least two seeds",3,3,3,3,0,0
"inflect_ward_k60",59,278423,"CD38",5000,"detected_multimodality","both tests reject in at least two seeds",3,3,3,3,0,0
"inflect_ward_k60",59,278423,"CD56",1000,"no_detected_multimodality","neither test rejects in any seed",3,0,0,0,0.998630740532183,0.721997362317522
"inflect_ward_k60",59,278423,"CD56",5000,"no_detected_multimodality","neither test rejects in any seed",3,0,0,0,1,0.461307576865356
"inflect_ward_k60",59,278423,"CD7",1000,"ambiguous","discordant_tests;seed_instability;borderline_q",3,1,1,2,0.0187960253508974,0
"inflect_ward_k60",59,278423,"CD7",5000,"detected_multimodality","both tests reject in at least two seeds",3,3,3,3,0,0
"inflect_ward_k60",59,278423,"CD8",1000,"no_detected_multimodality","neither test rejects in any seed",3,0,0,0,0.998630740532183,0.721997362317522
"inflect_ward_k60",59,278423,"CD8",5000,"no_detected_multimodality","neither test rejects in any seed",3,0,0,0,1,0.536411062674194
"inflect_ward_k60",60,541968,"CD127",1000,"ambiguous","borderline_q",3,0,0,0,0.996591522146037,0.0607803901950975
"inflect_ward_k60",60,541968,"CD127",5000,"ambiguous","discordant_tests",3,0,0,3,1,0.0135067533766883
"inflect_ward_k60",60,541968,"CD197_CCR7",1000,"ambiguous","borderline_q",3,0,0,0,0.996591522146037,0.0607803901950975
"inflect_ward_k60",60,541968,"CD197_CCR7",5000,"ambiguous","discordant_tests",3,0,0,3,1,0
"inflect_ward_k60",60,541968,"CD27",1000,"no_detected_multimodality","neither test rejects in any seed",3,0,0,0,0.996591522146037,0.260005002501251
"inflect_ward_k60",60,541968,"CD27",5000,"ambiguous","discordant_tests",3,0,0,3,0.676185540376425,0
"inflect_ward_k60",60,541968,"CD4",1000,"no_detected_multimodality","neither test rejects in any seed",3,0,0,0,0.996591522146037,0.62990586202192
"inflect_ward_k60",60,541968,"CD4",5000,"ambiguous","discordant_tests",3,0,0,3,1,0
"inflect_ward_k60",60,541968,"CD7",1000,"no_detected_multimodality","neither test rejects in any seed",3,0,0,0,0.996591522146037,0.229614807403702
"inflect_ward_k60",60,541968,"CD7",5000,"ambiguous","discordant_tests",3,0,0,3,0.676185540376425,0
"inflect_ward_k62",1,283291,"CD11c",1000,"ambiguous","discordant_tests;seed_instability",3,0,0,2,0.112929694333736,0
"inflect_ward_k62",1,283291,"CD11c",5000,"detected_multimodality","both tests reject in at least two seeds",3,3,3,3,4.03226571462634e-05,0
"inflect_ward_k62",1,283291,"CD14",1000,"no_detected_multimodality","neither test rejects in any seed",3,0,0,0,0.996914654939402,0.789264197316049
"inflect_ward_k62",1,283291,"CD14",5000,"ambiguous","discordant_tests",3,0,0,3,0.708136562838742,0
"inflect_ward_k62",1,283291,"CD185_CXCR5",1000,"no_detected_multimodality","neither test rejects in any seed",3,0,0,0,0.996914654939402,0.280265132566283
"inflect_ward_k62",1,283291,"CD185_CXCR5",5000,"detected_multimodality","both tests reject in at least two seeds",3,3,3,3,0.0079809633734908,0
"inflect_ward_k62",1,283291,"CD19",1000,"no_detected_multimodality","neither test rejects in any seed",3,0,0,0,0.996914654939402,0.789264197316049
"inflect_ward_k62",1,283291,"CD19",5000,"no_detected_multimodality","neither test rejects in any seed",3,0,0,0,0.99979670959908,0.588424647106162
"inflect_ward_k62",1,283291,"CD197_CCR7",1000,"no_detected_multimodality","neither test rejects in any seed",3,0,0,0,0.996914654939402,0.496148074037018
"inflect_ward_k62",1,283291,"CD197_CCR7",5000,"ambiguous","discordant_tests",3,0,0,3,0.592086624153778,0
"inflect_ward_k62",1,283291,"CD1c",1000,"no_detected_multimodality","neither test rejects in any seed",3,0,0,0,0.996914654939402,0.263381690845423
"inflect_ward_k62",1,283291,"CD1c",5000,"ambiguous","discordant_tests",3,0,0,3,0.429119042238574,0
"inflect_ward_k62",1,283291,"CD21",1000,"no_detected_multimodality","neither test rejects in any seed",3,0,0,0,0.996914654939402,0.220610305152576
"inflect_ward_k62",1,283291,"CD21",5000,"ambiguous","discordant_tests;borderline_q",3,0,0,3,0.087297690796413,0
"inflect_ward_k62",1,283291,"CD3",1000,"no_detected_multimodality","neither test rejects in any seed",3,0,0,0,0.996914654939402,0.379539769884942
"inflect_ward_k62",1,283291,"CD3",5000,"ambiguous","discordant_tests",3,0,0,3,0.847862627533018,0
"inflect_ward_k62",1,283291,"CD38",1000,"no_detected_multimodality","neither test rejects in any seed",3,0,0,0,0.996914654939402,0.299399699849925
"inflect_ward_k62",1,283291,"CD38",5000,"no_detected_multimodality","neither test rejects in any seed",3,0,0,0,0.99979670959908,0.286214535839348
"inflect_ward_k62",1,283291,"CD56",1000,"no_detected_multimodality","neither test rejects in any seed",3,0,0,0,0.996914654939402,0.76448224112056
"inflect_ward_k62",1,283291,"CD56",5000,"ambiguous","borderline_q",3,0,0,0,0.99979670959908,0.0531828414207104
"inflect_ward_k62",1,283291,"CD8",1000,"no_detected_multimodality","neither test rejects in any seed",3,0,0,0,0.996914654939402,0.220610305152576
"inflect_ward_k62",1,283291,"CD8",5000,"ambiguous","discordant_tests;seed_instability;borderline_q",3,0,0,1,0.99979670959908,0.0202601300650325
"inflect_ward_k62",1,283291,"Tbet",1000,"no_detected_multimodality","neither test rejects in any seed",3,0,0,0,0.996914654939402,0.452995728633548
"inflect_ward_k62",1,283291,"Tbet",5000,"ambiguous","discordant_tests",3,0,0,3,0.205667596106,0
"inflect_ward_k62",1,283291,"TCRgd_CD141",1000,"no_detected_multimodality","neither test rejects in any seed",3,0,0,0,0.996914654939402,0.567283641820911
"inflect_ward_k62",1,283291,"TCRgd_CD141",5000,"ambiguous","discordant_tests;seed_instability",3,0,0,1,0.99979670959908,0.0463088687200743
"inflect_ward_k62",2,271299,"CD11c",1000,"ambiguous","discordant_tests;seed_instability",3,0,0,2,0.216536013517276,0
"inflect_ward_k62",2,271299,"CD11c",5000,"ambiguous","discordant_tests",3,0,0,3,0.120239514633382,0
"inflect_ward_k62",2,271299,"CD197_CCR7",1000,"no_detected_multimodality","neither test rejects in any seed",3,0,0,0,0.997799882512851,0.51775887943972
"inflect_ward_k62",2,271299,"CD197_CCR7",5000,"no_detected_multimodality","neither test rejects in any seed",3,0,0,0,1,0.189094547273637
"inflect_ward_k62",2,271299,"CD27",1000,"no_detected_multimodality","neither test rejects in any seed",3,0,0,0,0.997799882512851,0.51775887943972
"inflect_ward_k62",2,271299,"CD27",5000,"no_detected_multimodality","neither test rejects in any seed",3,0,0,0,1,0.482866433216608
"inflect_ward_k62",2,271299,"CD57",1000,"no_detected_multimodality","neither test rejects in any seed",3,0,0,0,0.997799882512851,0.141820910455228
"inflect_ward_k62",2,271299,"CD57",5000,"ambiguous","discordant_tests;seed_instability",3,1,1,3,0.0191145768124373,0
"inflect_ward_k62",2,271299,"HLA-DR",1000,"no_detected_multimodality","neither test rejects in any seed",3,0,0,0,0.997799882512851,0.905471966752607
"inflect_ward_k62",2,271299,"HLA-DR",5000,"no_detected_multimodality","neither test rejects in any seed",3,0,0,0,1,0.807872686343172
"inflect_ward_k62",2,271299,"Tbet",1000,"no_detected_multimodality","neither test rejects in any seed",3,0,0,0,0.997799882512851,0.567283641820911
"inflect_ward_k62",2,271299,"Tbet",5000,"no_detected_multimodality","neither test rejects in any seed",3,0,0,0,1,0.757342957192882
"inflect_ward_k62",3,438555,"CD57",1000,"detected_multimodality","both tests reject in at least two seeds",3,2,2,3,0,0
"inflect_ward_k62",3,438555,"CD57",5000,"detected_multimodality","both tests reject in at least two seeds",3,3,3,3,0,0
"inflect_ward_k62",4,302122,"CD159c_NKG2C",1000,"detected_multimodality","both tests reject in at least two seeds",3,3,3,3,0.00106699169604857,0
"inflect_ward_k62",4,302122,"CD159c_NKG2C",5000,"detected_multimodality","both tests reject in at least two seeds",3,3,3,3,0,0
"inflect_ward_k62",4,302122,"CD25",1000,"no_detected_multimodality","neither test rejects in any seed",3,0,0,0,1,0.79046666190238
"inflect_ward_k62",4,302122,"CD25",5000,"no_detected_multimodality","neither test rejects in any seed",3,0,0,0,1,0.917420248585831
"inflect_ward_k62",4,302122,"CD57",1000,"detected_multimodality","both tests reject in at least two seeds",3,3,3,3,0,0
"inflect_ward_k62",4,302122,"CD57",5000,"detected_multimodality","both tests reject in at least two seeds",3,3,3,3,0,0
"inflect_ward_k62",4,302122,"TCRgd_CD141",1000,"no_detected_multimodality","neither test rejects in any seed",3,0,0,0,1,0.55040020010005
"inflect_ward_k62",4,302122,"TCRgd_CD141",5000,"ambiguous","discordant_tests",3,0,0,3,0.348337072296735,0
"inflect_ward_k62",5,228900,"CD159c_NKG2C",1000,"no_detected_multimodality","neither test rejects in any seed",3,0,0,0,1,0.634817408704352
"inflect_ward_k62",5,228900,"CD159c_NKG2C",5000,"ambiguous","discordant_tests",3,0,0,3,1,0.00900450225112556
"inflect_ward_k62",5,228900,"CD3",1000,"detected_multimodality","both tests reject in at least two seeds",3,3,3,3,0,0
"inflect_ward_k62",5,228900,"CD3",5000,"detected_multimodality","both tests reject in at least two seeds",3,3,3,3,0,0
"inflect_ward_k62",5,228900,"CD38",1000,"no_detected_multimodality","neither test rejects in any seed",3,0,0,0,1,0.834042021010505
"inflect_ward_k62",5,228900,"CD38",5000,"ambiguous","discordant_tests",3,0,0,3,1,0
"inflect_ward_k62",5,228900,"CD57",1000,"detected_multimodality","both tests reject in at least two seeds",3,3,3,3,2.62872690485194e-05,0
"inflect_ward_k62",5,228900,"CD57",5000,"detected_multimodality","both tests reject in at least two seeds",3,3,3,3,0,0
"inflect_ward_k62",6,331025,"CD11c",1000,"ambiguous","discordant_tests;seed_instability",3,1,1,3,0.00209090175892673,0
"inflect_ward_k62",6,331025,"CD11c",5000,"detected_multimodality","both tests reject in at least two seeds",3,3,3,3,0,0
"inflect_ward_k62",6,331025,"CD161",1000,"ambiguous","discordant_tests;borderline_q",3,0,0,3,0.0721783261290954,0
"inflect_ward_k62",6,331025,"CD161",5000,"detected_multimodality","both tests reject in at least two seeds",3,2,2,3,0,0
"inflect_ward_k62",6,331025,"CD197_CCR7",1000,"no_detected_multimodality","neither test rejects in any seed",3,0,0,0,1,0.270135067533767
"inflect_ward_k62",6,331025,"CD197_CCR7",5000,"no_detected_multimodality","neither test rejects in any seed",3,0,0,0,1,0.465982991495748
"inflect_ward_k62",6,331025,"CD27",1000,"no_detected_multimodality","neither test rejects in any seed",3,0,0,0,1,0.958459999230384
"inflect_ward_k62",6,331025,"CD27",5000,"no_detected_multimodality","neither test rejects in any seed",3,0,0,0,1,0.628514257128564
"inflect_ward_k62",6,331025,"CD3",1000,"detected_multimodality","both tests reject in at least two seeds",3,3,3,3,0.000184238904074929,0
"inflect_ward_k62",6,331025,"CD3",5000,"detected_multimodality","both tests reject in at least two seeds",3,3,3,3,0,0
"inflect_ward_k62",6,331025,"CD57",1000,"ambiguous","borderline_q",3,0,0,0,1,0.0810405202601301
"inflect_ward_k62",6,331025,"CD57",5000,"ambiguous","discordant_tests;seed_instability;borderline_q",3,1,1,3,0.0166896568002398,0
"inflect_ward_k62",6,331025,"Tbet",1000,"no_detected_multimodality","neither test rejects in any seed",3,0,0,0,1,0.927142142499821
"inflect_ward_k62",6,331025,"Tbet",5000,"no_detected_multimodality","neither test rejects in any seed",3,0,0,0,1,0.402501250625313
"inflect_ward_k62",7,317695,"CD11c",1000,"detected_multimodality","both tests reject in at least two seeds",3,2,2,3,0.00482385959851639,0
"inflect_ward_k62",7,317695,"CD11c",5000,"detected_multimodality","both tests reject in at least two seeds",3,3,3,3,0,0
"inflect_ward_k62",7,317695,"CD161",1000,"ambiguous","discordant_tests;seed_instability",3,0,0,2,0.266667315664971,0
"inflect_ward_k62",7,317695,"CD161",5000,"detected_multimodality","both tests reject in at least two seeds",3,3,3,3,1.43460200254242e-05,0
"inflect_ward_k62",7,317695,"CD21",1000,"no_detected_multimodality","neither test rejects in any seed",3,0,0,0,0.998885761891474,0.423211605802902
"inflect_ward_k62",7,317695,"CD21",5000,"no_detected_multimodality","neither test rejects in any seed",3,0,0,0,1,0.333166583291646
"inflect_ward_k62",7,317695,"CD3",1000,"no_detected_multimodality","neither test rejects in any seed",3,0,0,0,0.998885761891474,0.852613806903452
"inflect_ward_k62",7,317695,"CD3",5000,"ambiguous","discordant_tests",3,0,0,3,1,0
"inflect_ward_k62",7,317695,"CD57",1000,"ambiguous","discordant_tests;seed_instability",3,0,0,2,0.990358529607839,0
"inflect_ward_k62",7,317695,"CD57",5000,"ambiguous","discordant_tests;seed_instability",3,1,1,3,0.00792142781311467,0
"inflect_ward_k62",7,317695,"CD7",1000,"no_detected_multimodality","neither test rejects in any seed",3,0,0,0,0.998885761891474,0.771814478667905
"inflect_ward_k62",7,317695,"CD7",5000,"no_detected_multimodality","neither test rejects in any seed",3,0,0,0,1,0.548374187093547
"inflect_ward_k62",8,128303,"CD11c",1000,"no_detected_multimodality","neither test rejects in any seed",3,0,0,0,0.999735000655768,0.202601300650325
"inflect_ward_k62",8,128303,"CD11c",5000,"ambiguous","discordant_tests;seed_instability",3,0,0,1,1,0.0427713856928464
"inflect_ward_k62",8,128303,"CD159c_NKG2C",1000,"ambiguous","discordant_tests;seed_instability",3,0,0,1,0.999735000655768,0
"inflect_ward_k62",8,128303,"CD159c_NKG2C",5000,"detected_multimodality","both tests reject in at least two seeds",3,3,3,3,0.00243434552498878,0
"inflect_ward_k62",8,128303,"CD161",1000,"no_detected_multimodality","neither test rejects in any seed",3,0,0,0,0.999735000655768,0.891985992996498
"inflect_ward_k62",8,128303,"CD161",5000,"no_detected_multimodality","neither test rejects in any seed",3,0,0,0,1,0.909627890868511
"inflect_ward_k62",8,128303,"CD4",1000,"no_detected_multimodality","neither test rejects in any seed",3,0,0,0,0.999735000655768,0.833666833416708
"inflect_ward_k62",8,128303,"CD4",5000,"no_detected_multimodality","neither test rejects in any seed",3,0,0,0,1,0.667083541770885
"inflect_ward_k62",8,128303,"CD57",1000,"detected_multimodality","both tests reject in at least two seeds",3,3,3,3,0,0
"inflect_ward_k62",8,128303,"CD57",5000,"detected_multimodality","both tests reject in at least two seeds",3,3,3,3,0,0
"inflect_ward_k62",8,128303,"CD8",1000,"no_detected_multimodality","neither test rejects in any seed",3,0,0,0,0.999735000655768,0.823067783891946
"inflect_ward_k62",8,128303,"CD8",5000,"no_detected_multimodality","neither test rejects in any seed",3,0,0,0,1,0.909627890868511
"inflect_ward_k62",9,280345,"CD159c_NKG2C",1000,"no_detected_multimodality","neither test rejects in any seed",3,0,0,0,0.997822631659903,0.416779818480669
"inflect_ward_k62",9,280345,"CD159c_NKG2C",5000,"ambiguous","discordant_tests;seed_instability;borderline_q",3,1,1,3,0.0407030464758275,0
"inflect_ward_k62",9,280345,"CD57",1000,"detected_multimodality","both tests reject in at least two seeds",3,3,3,3,0.00014077900925602,0
"inflect_ward_k62",9,280345,"CD57",5000,"detected_multimodality","both tests reject in at least two seeds",3,3,3,3,0,0
"inflect_ward_k62",9,280345,"TCRgd_CD141",1000,"ambiguous","discordant_tests;seed_instability",3,0,0,1,0.997822631659903,0.0495247623811906
"inflect_ward_k62",9,280345,"TCRgd_CD141",5000,"ambiguous","discordant_tests;seed_instability",3,0,0,2,1,0.00337668834417209
"inflect_ward_k62",10,58949,"CD14",1000,"no_detected_multimodality","neither test rejects in any seed",3,0,0,0,0.998924240604954,0.774387193596798
"inflect_ward_k62",10,58949,"CD14",5000,"ambiguous","discordant_tests;seed_instability",3,0,0,1,1,0.00675337668834417
"inflect_ward_k62",10,58949,"CD159c_NKG2C",1000,"ambiguous","discordant_tests",3,0,0,3,0.320341307718124,0
"inflect_ward_k62",10,58949,"CD159c_NKG2C",5000,"detected_multimodality","both tests reject in at least two seeds",3,3,3,3,0,0
"inflect_ward_k62",10,58949,"CD19",1000,"no_detected_multimodality","neither test rejects in any seed",3,0,0,0,0.998924240604954,0.815381374897975
"inflect_ward_k62",10,58949,"CD19",5000,"no_detected_multimodality","neither test rejects in any seed",3,0,0,0,1,0.639728955386784
"inflect_ward_k62",10,58949,"CD197_CCR7",1000,"no_detected_multimodality","neither test rejects in any seed",3,0,0,0,0.998924240604954,0.815381374897975
"inflect_ward_k62",10,58949,"CD197_CCR7",5000,"no_detected_multimodality","neither test rejects in any seed",3,0,0,0,1,0.881462470365618
"inflect_ward_k62",10,58949,"CD3",1000,"no_detected_multimodality","neither test rejects in any seed",3,0,0,0,0.998924240604954,0.513256628314157
"inflect_ward_k62",10,58949,"CD3",5000,"no_detected_multimodality","neither test rejects in any seed",3,0,0,0,1,0.343071535767884
"inflect_ward_k62",10,58949,"CD303_TCRvd2",1000,"no_detected_multimodality","neither test rejects in any seed",3,0,0,0,0.998924240604954,0.334292146073036
"inflect_ward_k62",10,58949,"CD303_TCRvd2",5000,"ambiguous","discordant_tests;seed_instability",3,0,0,1,1,0.0202601300650325
"inflect_ward_k62",10,58949,"CD38",1000,"no_detected_multimodality","neither test rejects in any seed",3,0,0,0,0.998924240604954,0.828234117058529
"inflect_ward_k62",10,58949,"CD38",5000,"no_detected_multimodality","neither test rejects in any seed",3,0,0,0,1,0.837418709354677
"inflect_ward_k62",10,58949,"CD56",1000,"ambiguous","discordant_tests;borderline_q",3,0,0,3,0.0794886653847239,0
"inflect_ward_k62",10,58949,"CD56",5000,"detected_multimodality","both tests reject in at least two seeds",3,3,3,3,0,0
"inflect_ward_k62",10,58949,"CD57",1000,"ambiguous","discordant_tests;borderline_q",3,0,0,3,0.0794886653847239,0
"inflect_ward_k62",10,58949,"CD57",5000,"detected_multimodality","both tests reject in at least two seeds",3,3,3,3,0.000146977075907939,0
"inflect_ward_k62",11,607557,"CD27",1000,"no_detected_multimodality","neither test rejects in any seed",3,0,0,0,1,0.902926463231616
"inflect_ward_k62",11,607557,"CD27",5000,"no_detected_multimodality","neither test rejects in any seed",3,0,0,0,1,0.817158579289645
"inflect_ward_k62",11,607557,"CD45RA",1000,"ambiguous","discordant_tests;seed_instability",3,0,0,1,0.247496922127008,0
"inflect_ward_k62",11,607557,"CD45RA",5000,"no_detected_multimodality","neither test rejects in any seed",3,0,0,0,1,0.337668834417209
"inflect_ward_k62",11,607557,"CD8",1000,"no_detected_multimodality","neither test rejects in any seed",3,0,0,0,1,0.93871935967984
"inflect_ward_k62",11,607557,"CD8",5000,"no_detected_multimodality","neither test rejects in any seed",3,0,0,0,1,0.953351675837919
"inflect_ward_k62",11,607557,"Tbet",1000,"no_detected_multimodality","neither test rejects in any seed",3,0,0,0,1,0.902926463231616
"inflect_ward_k62",11,607557,"Tbet",5000,"no_detected_multimodality","neither test rejects in any seed",3,0,0,0,1,0.953351675837919
"inflect_ward_k62",11,607557,"TCRgd_CD141",1000,"no_detected_multimodality","neither test rejects in any seed",3,0,0,0,1,0.828414207103552
"inflect_ward_k62",11,607557,"TCRgd_CD141",5000,"no_detected_multimodality","neither test rejects in any seed",3,0,0,0,1,0.994997498749375
"inflect_ward_k62",12,338387,"CD11c",1000,"detected_multimodality","both tests reject in at least two seeds",3,3,3,3,0,0
"inflect_ward_k62",12,338387,"CD11c",5000,"detected_multimodality","both tests reject in at least two seeds",3,3,3,3,0,0
"inflect_ward_k62",12,338387,"CD159c_NKG2C",1000,"no_detected_multimodality","neither test rejects in any seed",3,0,0,0,0.998976967084072,0.899324662331166
"inflect_ward_k62",12,338387,"CD159c_NKG2C",5000,"no_detected_multimodality","neither test rejects in any seed",3,0,0,0,1,0.792846423211606
"inflect_ward_k62",12,338387,"CD303_TCRvd2",1000,"no_detected_multimodality","neither test rejects in any seed",3,0,0,0,0.998976967084072,0.899324662331166
"inflect_ward_k62",12,338387,"CD303_TCRvd2",5000,"no_detected_multimodality","neither test rejects in any seed",3,0,0,0,1,0.893901496202647
"inflect_ward_k62",13,133968,"CD11c",1000,"no_detected_multimodality","neither test rejects in any seed",3,0,0,0,0.999315514097631,0.124937468734367
"inflect_ward_k62",13,133968,"CD11c",5000,"ambiguous","borderline_q",3,0,0,0,1,0.0617451582934324
"inflect_ward_k62",13,133968,"CD161",1000,"no_detected_multimodality","neither test rejects in any seed",3,0,0,0,0.999315514097631,0.616808404202101
"inflect_ward_k62",13,133968,"CD161",5000,"ambiguous","discordant_tests",3,0,0,3,0.679008010990954,0
"inflect_ward_k62",13,133968,"CD25",1000,"no_detected_multimodality","neither test rejects in any seed",3,0,0,0,0.999315514097631,0.553776888444222
"inflect_ward_k62",13,133968,"CD25",5000,"no_detected_multimodality","neither test rejects in any seed",3,0,0,0,1,0.987031977527225
"inflect_ward_k62",13,133968,"CD38",1000,"ambiguous","seed_instability",3,1,1,1,0.0122706034164373,0
"inflect_ward_k62",13,133968,"CD38",5000,"detected_multimodality","both tests reject in at least two seeds",3,2,2,3,0.00237297923103841,0
"inflect_ward_k62",13,133968,"CD56",1000,"ambiguous","borderline_q",3,0,0,0,0.999315514097631,0.0675337668834417
"inflect_ward_k62",13,133968,"CD56",5000,"ambiguous","discordant_tests;seed_instability;borderline_q",3,1,1,3,0.0143841334882709,0
"inflect_ward_k62",13,133968,"CD7",1000,"no_detected_multimodality","neither test rejects in any seed",3,0,0,0,0.999315514097631,0.117058529264632
"inflect_ward_k62",13,133968,"CD7",5000,"detected_multimodality","both tests reject in at least two seeds",3,2,2,3,0.00563982320760925,0
"inflect_ward_k62",13,133968,"FoxP3",1000,"no_detected_multimodality","neither test rejects in any seed",3,0,0,0,0.999315514097631,0.366933466733367
"inflect_ward_k62",13,133968,"FoxP3",5000,"ambiguous","discordant_tests",3,0,0,3,0.833064199570426,0
"inflect_ward_k62",13,133968,"HLA-DR",1000,"no_detected_multimodality","neither test rejects in any seed",3,0,0,0,0.999315514097631,0.148574287143572
"inflect_ward_k62",13,133968,"HLA-DR",5000,"no_detected_multimodality","neither test rejects in any seed",3,0,0,0,1,0.823911955977989
"inflect_ward_k62",14,251526,"CD11c",1000,"ambiguous","discordant_tests;borderline_q",3,0,0,3,0.0921833568496826,0
"inflect_ward_k62",14,251526,"CD11c",5000,"detected_multimodality","both tests reject in at least two seeds",3,3,3,3,0,0
"inflect_ward_k62",14,251526,"CD14",1000,"no_detected_multimodality","neither test rejects in any seed",3,0,0,0,1,0.289044522261131
"inflect_ward_k62",14,251526,"CD14",5000,"no_detected_multimodality","neither test rejects in any seed",3,0,0,0,1,0.894147073536768
"inflect_ward_k62",14,251526,"CD16",1000,"ambiguous","discordant_tests;seed_instability;borderline_q",3,0,0,2,0.208985186833012,0
"inflect_ward_k62",14,251526,"CD16",5000,"detected_multimodality","both tests reject in at least two seeds",3,3,3,3,0,0
"inflect_ward_k62",14,251526,"CD19",1000,"no_detected_multimodality","neither test rejects in any seed",3,0,0,0,1,0.225112556278139
"inflect_ward_k62",14,251526,"CD19",5000,"no_detected_multimodality","neither test rejects in any seed",3,0,0,0,1,0.591841375233071
"inflect_ward_k62",14,251526,"CD303_TCRvd2",1000,"no_detected_multimodality","neither test rejects in any seed",3,0,0,0,1,0.951415707853927
"inflect_ward_k62",14,251526,"CD303_TCRvd2",5000,"no_detected_multimodality","neither test rejects in any seed",3,0,0,0,1,0.882094893600647
"inflect_ward_k62",14,251526,"CD38",1000,"no_detected_multimodality","neither test rejects in any seed",3,0,0,0,1,0.151950975487744
"inflect_ward_k62",14,251526,"CD38",5000,"no_detected_multimodality","neither test rejects in any seed",3,0,0,0,1,0.894147073536768
"inflect_ward_k62",14,251526,"CD56",1000,"no_detected_multimodality","neither test rejects in any seed",3,0,0,0,1,0.529014507253627
"inflect_ward_k62",14,251526,"CD56",5000,"no_detected_multimodality","neither test rejects in any seed",3,0,0,0,1,0.88350057381632
"inflect_ward_k62",14,251526,"CD57",1000,"detected_multimodality","both tests reject in at least two seeds",3,2,2,3,0,0
"inflect_ward_k62",14,251526,"CD57",5000,"detected_multimodality","both tests reject in at least two seeds",3,3,3,3,0,0
"inflect_ward_k62",14,251526,"CD8",1000,"no_detected_multimodality","neither test rejects in any seed",3,0,0,0,1,0.532997267864702
"inflect_ward_k62",14,251526,"CD8",5000,"no_detected_multimodality","neither test rejects in any seed",3,0,0,0,1,0.591841375233071
"inflect_ward_k62",15,46765,"CD11c",1000,"ambiguous","discordant_tests;borderline_q",3,0,0,3,0.0859671304127928,0
"inflect_ward_k62",15,46765,"CD11c",5000,"detected_multimodality","both tests reject in at least two seeds",3,3,3,3,0.000417676444523729,0
"inflect_ward_k62",15,46765,"CD161",1000,"ambiguous","discordant_tests;seed_instability",3,0,0,1,0.5155821988503,0.0101300650325163
"inflect_ward_k62",15,46765,"CD161",5000,"ambiguous","discordant_tests",3,0,0,3,0.118953662492537,0
"inflect_ward_k62",15,46765,"CD197_CCR7",1000,"no_detected_multimodality","neither test rejects in any seed",3,0,0,0,0.997898854216337,0.736568284142071
"inflect_ward_k62",15,46765,"CD197_CCR7",5000,"no_detected_multimodality","neither test rejects in any seed",3,0,0,0,1,0.131208461373544
"inflect_ward_k62",15,46765,"CD27",1000,"no_detected_multimodality","neither test rejects in any seed",3,0,0,0,0.997898854216337,0.736568284142071
"inflect_ward_k62",15,46765,"CD27",5000,"ambiguous","discordant_tests",3,0,0,3,1,0
"inflect_ward_k62",15,46765,"CD3",1000,"detected_multimodality","both tests reject in at least two seeds",3,3,3,3,0,0
"inflect_ward_k62",15,46765,"CD3",5000,"detected_multimodality","both tests reject in at least two seeds",3,3,3,3,0,0
"inflect_ward_k62",15,46765,"CD45RA",1000,"ambiguous","discordant_tests;seed_instability",3,0,0,1,0.997898854216337,0.0135067533766883
"inflect_ward_k62",15,46765,"CD45RA",5000,"no_detected_multimodality","neither test rejects in any seed",3,0,0,0,1,0.113119059529765
"inflect_ward_k62",15,46765,"CD56",1000,"ambiguous","discordant_tests;seed_instability",3,1,1,3,0.000852959363694672,0
"inflect_ward_k62",15,46765,"CD56",5000,"detected_multimodality","both tests reject in at least two seeds",3,3,3,3,0,0
"inflect_ward_k62",15,46765,"CD57",1000,"ambiguous","discordant_tests;seed_instability",3,0,0,1,0.997898854216337,0.024312156078039
"inflect_ward_k62",15,46765,"CD57",5000,"ambiguous","discordant_tests;seed_instability",3,0,0,1,1,0.00964768098334882
"inflect_ward_k62",15,46765,"Tbet",1000,"no_detected_multimodality","neither test rejects in any seed",3,0,0,0,0.997898854216337,0.178964482241121
"inflect_ward_k62",15,46765,"Tbet",5000,"ambiguous","discordant_tests",3,0,0,3,1,0.00675337668834417
"inflect_ward_k62",16,277783,"CD21",1000,"no_detected_multimodality","neither test rejects in any seed",3,0,0,0,0.997743787460072,0.848847500673414
"inflect_ward_k62",16,277783,"CD21",5000,"no_detected_multimodality","neither test rejects in any seed",3,0,0,0,1,0.763453155149003
"inflect_ward_k62",16,277783,"CD45RA",1000,"no_detected_multimodality","neither test rejects in any seed",3,0,0,0,0.997743787460072,0.848847500673414
"inflect_ward_k62",16,277783,"CD45RA",5000,"no_detected_multimodality","neither test rejects in any seed",3,0,0,0,1,0.729364682341171
"inflect_ward_k62",16,277783,"CD57",1000,"detected_multimodality","both tests reject in at least two seeds",3,3,3,3,0,0
"inflect_ward_k62",16,277783,"CD57",5000,"detected_multimodality","both tests reject in at least two seeds",3,3,3,3,0,0
"inflect_ward_k62",17,330393,"CD4",1000,"no_detected_multimodality","neither test rejects in any seed",3,0,0,0,0.998201130477608,0.871582850248654
"inflect_ward_k62",17,330393,"CD4",5000,"no_detected_multimodality","neither test rejects in any seed",3,0,0,0,1,0.777988994497249
"inflect_ward_k62",17,330393,"CD45RA",1000,"ambiguous","discordant_tests;seed_instability;borderline_q",3,0,0,1,0.950045514012076,0
"inflect_ward_k62",17,330393,"CD45RA",5000,"ambiguous","discordant_tests;seed_instability;borderline_q",3,1,1,3,0.0107473671440672,0
"inflect_ward_k62",17,330393,"CD56",1000,"no_detected_multimodality","neither test rejects in any seed",3,0,0,0,0.998201130477608,0.378189094547274
"inflect_ward_k62",17,330393,"CD56",5000,"ambiguous","discordant_tests;seed_instability",3,0,0,1,0.843194844381397,0.0270135067533767
"inflect_ward_k62",17,330393,"CD57",1000,"detected_multimodality","both tests reject in at least two seeds",3,3,3,3,0,0
"inflect_ward_k62",17,330393,"CD57",5000,"detected_multimodality","both tests reject in at least two seeds",3,3,3,3,0,0
"inflect_ward_k62",18,179840,"CD161",1000,"no_detected_multimodality","neither test rejects in any seed",3,0,0,0,0.998432729647511,0.859029514757379
"inflect_ward_k62",18,179840,"CD161",5000,"no_detected_multimodality","neither test rejects in any seed",3,0,0,0,1,0.398449224612306
"inflect_ward_k62",18,179840,"CD3",1000,"detected_multimodality","both tests reject in at least two seeds",3,3,3,3,0,0
"inflect_ward_k62",18,179840,"CD3",5000,"detected_multimodality","both tests reject in at least two seeds",3,3,3,3,0,0
"inflect_ward_k62",18,179840,"CD56",1000,"detected_multimodality","both tests reject in at least two seeds",3,3,3,3,0,0
"inflect_ward_k62",18,179840,"CD56",5000,"detected_multimodality","both tests reject in at least two seeds",3,3,3,3,0,0
"inflect_ward_k62",18,179840,"CD57",1000,"detected_multimodality","both tests reject in at least two seeds",3,3,3,3,0,0
"inflect_ward_k62",18,179840,"CD57",5000,"detected_multimodality","both tests reject in at least two seeds",3,3,3,3,0,0
"inflect_ward_k62",18,179840,"FoxP3",1000,"ambiguous","borderline_q",3,0,0,0,0.998432729647511,0.0844172086043021
"inflect_ward_k62",18,179840,"FoxP3",5000,"no_detected_multimodality","neither test rejects in any seed",3,0,0,0,1,0.113456728364182
"inflect_ward_k62",19,147051,"CD11c",1000,"ambiguous","borderline_q",3,0,0,0,0.997611468962649,0.0540270135067534
"inflect_ward_k62",19,147051,"CD11c",5000,"ambiguous","discordant_tests;borderline_q",3,0,0,3,0.0988152009794909,0
"inflect_ward_k62",19,147051,"CD161",1000,"detected_multimodality","both tests reject in at least two seeds",3,2,2,3,7.76858086939392e-05,0
"inflect_ward_k62",19,147051,"CD161",5000,"detected_multimodality","both tests reject in at least two seeds",3,3,3,3,0,0
"inflect_ward_k62",19,147051,"CD294_CRTH2",1000,"no_detected_multimodality","neither test rejects in any seed",3,0,0,0,0.997611468962649,0.870220824698063
"inflect_ward_k62",19,147051,"CD294_CRTH2",5000,"no_detected_multimodality","neither test rejects in any seed",3,0,0,0,1,0.549620964328318
"inflect_ward_k62",19,147051,"CD3",1000,"ambiguous","borderline_q",3,0,0,0,0.997611468962649,0.0540270135067534
"inflect_ward_k62",19,147051,"CD3",5000,"ambiguous","discordant_tests",3,0,0,3,0.73098733906846,0
"inflect_ward_k62",19,147051,"CD56",1000,"ambiguous","borderline_q",3,0,0,0,0.997611468962649,0.077663831915958
"inflect_ward_k62",19,147051,"CD56",5000,"detected_multimodality","both tests reject in at least two seeds",3,3,3,3,1.0798128236067e-05,0
"inflect_ward_k62",19,147051,"CD8",1000,"no_detected_multimodality","neither test rejects in any seed",3,0,0,0,0.997611468962649,0.553776888444222
"inflect_ward_k62",19,147051,"CD8",5000,"no_detected_multimodality","neither test rejects in any seed",3,0,0,0,1,0.858000428785822
"inflect_ward_k62",19,147051,"Tbet",1000,"no_detected_multimodality","neither test rejects in any seed",3,0,0,0,0.997611468962649,0.297148574287144
"inflect_ward_k62",19,147051,"Tbet",5000,"ambiguous","discordant_tests",3,0,0,3,0.280920523800712,0
"inflect_ward_k62",20,132476,"CD11c",1000,"ambiguous","discordant_tests;seed_instability",3,0,0,1,0.159970114670308,0
"inflect_ward_k62",20,132476,"CD11c",5000,"ambiguous","discordant_tests;seed_instability;borderline_q",3,0,0,1,1,0.0180090045022511
"inflect_ward_k62",20,132476,"CD159c_NKG2C",1000,"ambiguous","discordant_tests;seed_instability",3,1,1,3,0.0172050031635842,0
"inflect_ward_k62",20,132476,"CD159c_NKG2C",5000,"detected_multimodality","both tests reject in at least two seeds",3,3,3,3,0,0
"inflect_ward_k62",20,132476,"CD185_CXCR5",1000,"no_detected_multimodality","neither test rejects in any seed",3,0,0,0,0.998688970901849,0.86125415649001
"inflect_ward_k62",20,132476,"CD185_CXCR5",5000,"no_detected_multimodality","neither test rejects in any seed",3,0,0,0,1,0.979489744872436
"inflect_ward_k62",20,132476,"TCRgd_CD141",1000,"no_detected_multimodality","neither test rejects in any seed",3,0,0,0,0.998688970901849,0.737243621810906
"inflect_ward_k62",20,132476,"TCRgd_CD141",5000,"ambiguous","borderline_q",3,0,0,0,1,0.0540270135067534
"inflect_ward_k62",21,28208,"CD11c",1000,"no_detected_multimodality","neither test rejects in any seed",3,0,0,0,1,0.427713856928464
"inflect_ward_k62",21,28208,"CD11c",5000,"no_detected_multimodality","neither test rejects in any seed",3,0,0,0,1,0.268634317158579
"inflect_ward_k62",21,28208,"CD16",1000,"no_detected_multimodality","neither test rejects in any seed",3,0,0,0,1,0.976707103551776
"inflect_ward_k62",21,28208,"CD16",5000,"no_detected_multimodality","neither test rejects in any seed",3,0,0,0,1,0.398449224612306
"inflect_ward_k62",21,28208,"CD1c",1000,"no_detected_multimodality","neither test rejects in any seed",3,0,0,0,1,0.293771885942971
"inflect_ward_k62",21,28208,"CD1c",5000,"no_detected_multimodality","neither test rejects in any seed",3,0,0,0,1,0.965213375918729
"inflect_ward_k62",21,28208,"CD25",1000,"no_detected_multimodality","neither test rejects in any seed",3,0,0,0,1,0.95329243569153
"inflect_ward_k62",21,28208,"CD25",5000,"no_detected_multimodality","neither test rejects in any seed",3,0,0,0,1,0.828414207103552
"inflect_ward_k62",21,28208,"CD3",1000,"no_detected_multimodality","neither test rejects in any seed",3,0,0,0,1,0.95329243569153
"inflect_ward_k62",21,28208,"CD3",5000,"ambiguous","borderline_q",3,0,0,0,1,0.0675337668834417
"inflect_ward_k62",21,28208,"CD45RA",1000,"no_detected_multimodality","neither test rejects in any seed",3,0,0,0,1,0.95329243569153
"inflect_ward_k62",21,28208,"CD45RA",5000,"ambiguous","discordant_tests;seed_instability;borderline_q",3,0,0,1,1,0.00900450225112556
"inflect_ward_k62",21,28208,"CD56",1000,"ambiguous","discordant_tests;seed_instability",3,0,0,2,1,0
"inflect_ward_k62",21,28208,"CD56",5000,"detected_multimodality","both tests reject in at least two seeds",3,3,3,3,0,0
"inflect_ward_k62",21,28208,"CD57",1000,"no_detected_multimodality","neither test rejects in any seed",3,0,0,0,1,0.293771885942971
"inflect_ward_k62",21,28208,"CD57",5000,"ambiguous","discordant_tests;seed_instability",3,0,0,1,1,0.0432216108054027
"inflect_ward_k62",21,28208,"TCRgd_CD141",1000,"no_detected_multimodality","neither test rejects in any seed",3,0,0,0,1,0.621310655327664
"inflect_ward_k62",21,28208,"TCRgd_CD141",5000,"ambiguous","discordant_tests",3,0,0,3,0.261338209262703,0
"inflect_ward_k62",22,195943,"CD161",1000,"detected_multimodality","both tests reject in at least two seeds",3,3,3,3,1.48264790894581e-05,0
"inflect_ward_k62",22,195943,"CD161",5000,"detected_multimodality","both tests reject in at least two seeds",3,3,3,3,0,0
"inflect_ward_k62",22,195943,"CD27",1000,"detected_multimodality","both tests reject in at least two seeds",3,3,3,3,7.5530191366302e-05,0
"inflect_ward_k62",22,195943,"CD27",5000,"detected_multimodality","both tests reject in at least two seeds",3,3,3,3,0,0
"inflect_ward_k62",22,195943,"CD3",1000,"no_detected_multimodality","neither test rejects in any seed",3,0,0,0,0.999889627332013,0.988494247123562
"inflect_ward_k62",22,195943,"CD3",5000,"no_detected_multimodality","neither test rejects in any seed",3,0,0,0,1,0.904952476238119
"inflect_ward_k62",22,195943,"CD57",1000,"no_detected_multimodality","neither test rejects in any seed",3,0,0,0,0.999889627332013,0.803651825912956
"inflect_ward_k62",22,195943,"CD57",5000,"no_detected_multimodality","neither test rejects in any seed",3,0,0,0,1,0.904952476238119
"inflect_ward_k62",23,1769385,"CD16",1000,"no_detected_multimodality","neither test rejects in any seed",3,0,0,0,0.998137057036605,0.69252808222293
"inflect_ward_k62",23,1769385,"CD16",5000,"no_detected_multimodality","neither test rejects in any seed",3,0,0,0,1,0.672220725747489
"inflect_ward_k62",23,1769385,"CD27",1000,"detected_multimodality","both tests reject in at least two seeds",3,3,3,3,0,0
"inflect_ward_k62",23,1769385,"CD27",5000,"detected_multimodality","both tests reject in at least two seeds",3,3,3,3,0,0
"inflect_ward_k62",23,1769385,"CD294_CRTH2",1000,"no_detected_multimodality","neither test rejects in any seed",3,0,0,0,0.998137057036605,0.198099049524762
"inflect_ward_k62",23,1769385,"CD294_CRTH2",5000,"no_detected_multimodality","neither test rejects in any seed",3,0,0,0,1,0.612306153076538
"inflect_ward_k62",23,1769385,"CD4",1000,"no_detected_multimodality","neither test rejects in any seed",3,0,0,0,0.998137057036605,0.600085757164296
"inflect_ward_k62",23,1769385,"CD4",5000,"no_detected_multimodality","neither test rejects in any seed",3,0,0,0,1,0.710605302651326
"inflect_ward_k62",23,1769385,"CD45RA",1000,"ambiguous","borderline_q",3,0,0,0,0.998137057036605,0.0855427713856929
"inflect_ward_k62",23,1769385,"CD45RA",5000,"ambiguous","discordant_tests;seed_instability",3,0,0,2,0.121457672290482,0
"inflect_ward_k62",23,1769385,"CD8",1000,"ambiguous","discordant_tests;seed_instability",3,0,0,1,0.109665299970071,0
"inflect_ward_k62",23,1769385,"CD8",5000,"ambiguous","discordant_tests;seed_instability",3,1,1,3,0.0426603008529113,0
"inflect_ward_k62",23,1769385,"Tbet",1000,"detected_multimodality","both tests reject in at least two seeds",3,3,3,3,0,0
"inflect_ward_k62",23,1769385,"Tbet",5000,"detected_multimodality","both tests reject in at least two seeds",3,3,3,3,0,0
"inflect_ward_k62",24,122981,"CD161",1000,"detected_multimodality","both tests reject in at least two seeds",3,2,2,2,0.00144875972596747,0
"inflect_ward_k62",24,122981,"CD161",5000,"ambiguous","discordant_tests;seed_instability",3,1,1,3,0.00380781985348533,0
"inflect_ward_k62",24,122981,"CD185_CXCR5",1000,"no_detected_multimodality","neither test rejects in any seed",3,0,0,0,0.999021627737738,0.215536339598371
"inflect_ward_k62",24,122981,"CD185_CXCR5",5000,"ambiguous","discordant_tests",3,0,0,3,1,0
"inflect_ward_k62",24,122981,"CD197_CCR7",1000,"no_detected_multimodality","neither test rejects in any seed",3,0,0,0,0.999021627737738,0.541395697848924
"inflect_ward_k62",24,122981,"CD197_CCR7",5000,"ambiguous","discordant_tests",3,0,0,3,0.577548915013248,0
"inflect_ward_k62",24,122981,"CD38",1000,"detected_multimodality","both tests reject in at least two seeds",3,2,2,3,0.00542959289006117,0
"inflect_ward_k62",24,122981,"CD38",5000,"detected_multimodality","both tests reject in at least two seeds",3,3,3,3,0,0
"inflect_ward_k62",24,122981,"CD45RA",1000,"ambiguous","discordant_tests;seed_instability",3,0,0,1,0.999021627737738,0.00325162581290645
"inflect_ward_k62",24,122981,"CD45RA",5000,"ambiguous","discordant_tests",3,0,0,3,0.207048714995959,0
"inflect_ward_k62",24,122981,"CD7",1000,"detected_multimodality","both tests reject in at least two seeds",3,2,2,3,0.00542959289006117,0
"inflect_ward_k62",24,122981,"CD7",5000,"detected_multimodality","both tests reject in at least two seeds",3,3,3,3,0,0
"inflect_ward_k62",24,122981,"FoxP3",1000,"detected_multimodality","both tests reject in at least two seeds",3,3,3,3,0,0
"inflect_ward_k62",24,122981,"FoxP3",5000,"detected_multimodality","both tests reject in at least two seeds",3,3,3,3,0,0
"inflect_ward_k62",24,122981,"HLA-DR",1000,"ambiguous","borderline_q",3,0,0,0,0.999021627737738,0.0884442221110555
"inflect_ward_k62",24,122981,"HLA-DR",5000,"no_detected_multimodality","neither test rejects in any seed",3,0,0,0,1,0.123561780890445
"inflect_ward_k62",24,122981,"TCRgd_CD141",1000,"no_detected_multimodality","neither test rejects in any seed",3,0,0,0,0.999021627737738,0.873603468400867
"inflect_ward_k62",24,122981,"TCRgd_CD141",5000,"no_detected_multimodality","neither test rejects in any seed",3,0,0,0,1,0.838919459729865
"inflect_ward_k62",25,40140,"CD159c_NKG2C",1000,"ambiguous","discordant_tests;seed_instability;borderline_q",3,0,0,1,0.401624871898358,0
"inflect_ward_k62",25,40140,"CD159c_NKG2C",5000,"detected_multimodality","both tests reject in at least two seeds",3,3,3,3,0,0
"inflect_ward_k62",25,40140,"CD16",1000,"ambiguous","discordant_tests;seed_instability",3,0,0,1,0.999548149771114,0.0450225112556278
"inflect_ward_k62",25,40140,"CD16",5000,"ambiguous","discordant_tests;seed_instability",3,0,0,2,0.463430241438648,0
"inflect_ward_k62",25,40140,"CD161",1000,"no_detected_multimodality","neither test rejects in any seed",3,0,0,0,0.999548149771114,0.235017508754377
"inflect_ward_k62",25,40140,"CD161",5000,"no_detected_multimodality","neither test rejects in any seed",3,0,0,0,1,0.11615807903952
"inflect_ward_k62",25,40140,"CD3",1000,"ambiguous","discordant_tests;seed_instability",3,1,1,3,0.0141692158331694,0
"inflect_ward_k62",25,40140,"CD3",5000,"detected_multimodality","both tests reject in at least two seeds",3,3,3,3,0,0
"inflect_ward_k62",25,40140,"CD56",1000,"no_detected_multimodality","neither test rejects in any seed",3,0,0,0,0.999548149771114,0.103551775887944
"inflect_ward_k62",25,40140,"CD56",5000,"ambiguous","discordant_tests;borderline_q",3,0,0,3,0.0670181976265649,0
"inflect_ward_k62",25,40140,"CD57",1000,"no_detected_multimodality","neither test rejects in any seed",3,0,0,0,0.999548149771114,0.292646323161581
"inflect_ward_k62",25,40140,"CD57",5000,"ambiguous","discordant_tests;seed_instability",3,0,0,1,0.463430241438648,0
"inflect_ward_k62",25,40140,"FoxP3",1000,"no_detected_multimodality","neither test rejects in any seed",3,0,0,0,0.999548149771114,0.732258986636175
"inflect_ward_k62",25,40140,"FoxP3",5000,"no_detected_multimodality","neither test rejects in any seed",3,0,0,0,1,0.861055527763882
"inflect_ward_k62",26,331660,"CD11c",1000,"no_detected_multimodality","neither test rejects in any seed",3,0,0,0,1,0.908329164582291
"inflect_ward_k62",26,331660,"CD11c",5000,"no_detected_multimodality","neither test rejects in any seed",3,0,0,0,1,0.351175587793897
"inflect_ward_k62",26,331660,"CD127",1000,"no_detected_multimodality","neither test rejects in any seed",3,0,0,0,1,0.543953795079358
"inflect_ward_k62",26,331660,"CD127",5000,"no_detected_multimodality","neither test rejects in any seed",3,0,0,0,1,0.491870935467734
"inflect_ward_k62",26,331660,"CD161",1000,"ambiguous","borderline_q",3,0,0,0,1,0.0675337668834417
"inflect_ward_k62",26,331660,"CD161",5000,"detected_multimodality","both tests reject in at least two seeds",3,3,3,3,0.00402564099140959,0
"inflect_ward_k62",26,331660,"CD27",1000,"detected_multimodality","both tests reject in at least two seeds",3,2,2,2,0.0169792828346442,0
"inflect_ward_k62",26,331660,"CD27",5000,"detected_multimodality","both tests reject in at least two seeds",3,3,3,3,0,0
"inflect_ward_k62",26,331660,"CD303_TCRvd2",1000,"detected_multimodality","both tests reject in at least two seeds",3,3,3,3,0,0
"inflect_ward_k62",26,331660,"CD303_TCRvd2",5000,"detected_multimodality","both tests reject in at least two seeds",3,3,3,3,0,0
"inflect_ward_k62",26,331660,"CD56",1000,"no_detected_multimodality","neither test rejects in any seed",3,0,0,0,1,0.543953795079358
"inflect_ward_k62",26,331660,"CD56",5000,"no_detected_multimodality","neither test rejects in any seed",3,0,0,0,1,0.623561780890445
"inflect_ward_k62",26,331660,"TCRgd_CD141",1000,"detected_multimodality","both tests reject in at least two seeds",3,3,3,3,0,0
"inflect_ward_k62",26,331660,"TCRgd_CD141",5000,"detected_multimodality","both tests reject in at least two seeds",3,3,3,3,0,0
"inflect_ward_k62",27,636588,"CD159c_NKG2C",1000,"no_detected_multimodality","neither test rejects in any seed",3,0,0,0,0.999785099239457,0.624912456228114
"inflect_ward_k62",27,636588,"CD159c_NKG2C",5000,"ambiguous","discordant_tests",3,0,0,3,0.149594895715633,0
"inflect_ward_k62",27,636588,"CD16",1000,"detected_multimodality","both tests reject in at least two seeds",3,3,3,3,0.0022751379182907,0
"inflect_ward_k62",27,636588,"CD16",5000,"detected_multimodality","both tests reject in at least two seeds",3,3,3,3,0,0
"inflect_ward_k62",27,636588,"CD185_CXCR5",1000,"ambiguous","borderline_q",3,0,0,0,0.999785099239457,0.0972486243121561
"inflect_ward_k62",27,636588,"CD185_CXCR5",5000,"detected_multimodality","both tests reject in at least two seeds",3,2,2,3,0.00150228338841668,0
"inflect_ward_k62",27,636588,"CD19",1000,"no_detected_multimodality","neither test rejects in any seed",3,0,0,0,0.999785099239457,0.23231615807904
"inflect_ward_k62",27,636588,"CD19",5000,"no_detected_multimodality","neither test rejects in any seed",3,0,0,0,1,0.505152576288144
"inflect_ward_k62",27,636588,"CD197_CCR7",1000,"no_detected_multimodality","neither test rejects in any seed",3,0,0,0,0.999785099239457,0.558688435126654
"inflect_ward_k62",27,636588,"CD197_CCR7",5000,"no_detected_multimodality","neither test rejects in any seed",3,0,0,0,1,0.161180590295148
"inflect_ward_k62",27,636588,"CD21",1000,"ambiguous","discordant_tests;borderline_q",3,0,0,3,0.098879188342664,0
"inflect_ward_k62",27,636588,"CD21",5000,"detected_multimodality","both tests reject in at least two seeds",3,3,3,3,0,0
"inflect_ward_k62",27,636588,"CD3",1000,"no_detected_multimodality","neither test rejects in any seed",3,0,0,0,0.999785099239457,0.347798899449725
"inflect_ward_k62",27,636588,"CD3",5000,"ambiguous","discordant_tests;seed_instability",3,1,1,3,0.0349990816709405,0
"inflect_ward_k62",27,636588,"CD38",1000,"ambiguous","discordant_tests",3,0,0,3,0.999785099239457,0
"inflect_ward_k62",27,636588,"CD38",5000,"detected_multimodality","both tests reject in at least two seeds",3,3,3,3,4.39107195964183e-05,0
"inflect_ward_k62",27,636588,"CD45RA",1000,"ambiguous","discordant_tests;seed_instability;borderline_q",3,0,0,1,0.0533485415705975,0
"inflect_ward_k62",27,636588,"CD45RA",5000,"ambiguous","discordant_tests;seed_instability;borderline_q",3,1,1,3,0.0116858341319883,0
"inflect_ward_k62",27,636588,"FoxP3",1000,"no_detected_multimodality","neither test rejects in any seed",3,0,0,0,0.999785099239457,0.714732366183092
"inflect_ward_k62",27,636588,"FoxP3",5000,"no_detected_multimodality","neither test rejects in any seed",3,0,0,0,1,0.354353647411941
"inflect_ward_k62",28,331075,"CD16",1000,"no_detected_multimodality","neither test rejects in any seed",3,0,0,0,1,0.806653326663332
"inflect_ward_k62",28,331075,"CD16",5000,"no_detected_multimodality","neither test rejects in any seed",3,0,0,0,1,0.65085667833917
"inflect_ward_k62",28,331075,"CD161",1000,"ambiguous","borderline_q",3,0,0,0,1,0.0742871435717859
"inflect_ward_k62",28,331075,"CD161",5000,"detected_multimodality","both tests reject in at least two seeds",3,3,3,3,0.00870229042797432,0
"inflect_ward_k62",28,331075,"CD1c",1000,"no_detected_multimodality","neither test rejects in any seed",3,0,0,0,1,0.806653326663332
"inflect_ward_k62",28,331075,"CD1c",5000,"no_detected_multimodality","neither test rejects in any seed",3,0,0,0,1,0.882204260024749
"inflect_ward_k62",28,331075,"CD294_CRTH2",1000,"no_detected_multimodality","neither test rejects in any seed",3,0,0,0,1,0.737309831386281
"inflect_ward_k62",28,331075,"CD294_CRTH2",5000,"no_detected_multimodality","neither test rejects in any seed",3,0,0,0,1,0.545181681749966
"inflect_ward_k62",28,331075,"CD45RA",1000,"no_detected_multimodality","neither test rejects in any seed",3,0,0,0,1,0.737309831386281
"inflect_ward_k62",28,331075,"CD45RA",5000,"no_detected_multimodality","neither test rejects in any seed",3,0,0,0,1,0.713606803401701
"inflect_ward_k62",29,105074,"CD11c",1000,"ambiguous","discordant_tests;seed_instability",3,0,0,1,0.15576398353205,0.00675337668834417
"inflect_ward_k62",29,105074,"CD11c",5000,"detected_multimodality","both tests reject in at least two seeds",3,3,3,3,0.00160704578851312,0
"inflect_ward_k62",29,105074,"CD159c_NKG2C",1000,"ambiguous","discordant_tests;seed_instability;borderline_q",3,0,0,2,0.273352368050786,0
"inflect_ward_k62",29,105074,"CD159c_NKG2C",5000,"detected_multimodality","both tests reject in at least two seeds",3,3,3,3,0,0
"inflect_ward_k62",29,105074,"CD3",1000,"ambiguous","discordant_tests;seed_instability;borderline_q",3,0,0,1,0.850229532077393,0
"inflect_ward_k62",29,105074,"CD3",5000,"detected_multimodality","both tests reject in at least two seeds",3,3,3,3,0.000362749676079188,0
"inflect_ward_k62",29,105074,"CD57",1000,"detected_multimodality","both tests reject in at least two seeds",3,2,2,3,0,0
"inflect_ward_k62",29,105074,"CD57",5000,"detected_multimodality","both tests reject in at least two seeds",3,3,3,3,0,0
"inflect_ward_k62",29,105074,"CD8",1000,"ambiguous","borderline_q",3,0,0,0,1,0.0574037018509255
"inflect_ward_k62",29,105074,"CD8",5000,"no_detected_multimodality","neither test rejects in any seed",3,0,0,0,1,0.360180090045022
"inflect_ward_k62",29,105074,"HLA-DR",1000,"no_detected_multimodality","neither test rejects in any seed",3,0,0,0,1,0.971485742871436
"inflect_ward_k62",29,105074,"HLA-DR",5000,"no_detected_multimodality","neither test rejects in any seed",3,0,0,0,1,0.88671835917959
"inflect_ward_k62",30,113765,"CD14",1000,"no_detected_multimodality","neither test rejects in any seed",3,0,0,0,0.998694230467882,0.959479739869935
"inflect_ward_k62",30,113765,"CD14",5000,"no_detected_multimodality","neither test rejects in any seed",3,0,0,0,1,0.863081540770385
"inflect_ward_k62",30,113765,"CD16",1000,"ambiguous","discordant_tests;seed_instability;borderline_q",3,0,0,1,0.0725243105401475,0
"inflect_ward_k62",30,113765,"CD16",5000,"ambiguous","discordant_tests;seed_instability;borderline_q",3,1,1,2,0.00372168553347318,0
"inflect_ward_k62",30,113765,"CD161",1000,"detected_multimodality","both tests reject in at least two seeds",3,3,3,3,0,0
"inflect_ward_k62",30,113765,"CD161",5000,"detected_multimodality","both tests reject in at least two seeds",3,3,3,3,0,0
"inflect_ward_k62",30,113765,"CD303_TCRvd2",1000,"detected_multimodality","both tests reject in at least two seeds",3,3,3,3,0,0
"inflect_ward_k62",30,113765,"CD303_TCRvd2",5000,"detected_multimodality","both tests reject in at least two seeds",3,3,3,3,0,0
"inflect_ward_k62",30,113765,"CD45RA",1000,"ambiguous","seed_instability",3,1,1,1,0.0409045001116535,0
"inflect_ward_k62",30,113765,"CD45RA",5000,"detected_multimodality","both tests reject in at least two seeds",3,3,3,3,0.0060275528521834,0
"inflect_ward_k62",30,113765,"CD56",1000,"no_detected_multimodality","neither test rejects in any seed",3,0,0,0,0.998694230467882,0.71855927963982
"inflect_ward_k62",30,113765,"CD56",5000,"no_detected_multimodality","neither test rejects in any seed",3,0,0,0,1,0.181590795397699
"inflect_ward_k62",30,113765,"CD57",1000,"no_detected_multimodality","neither test rejects in any seed",3,0,0,0,0.998694230467882,0.290395197598799
"inflect_ward_k62",30,113765,"CD57",5000,"ambiguous","discordant_tests;seed_instability;borderline_q",3,0,0,2,1,0.011255627813907
"inflect_ward_k62",30,113765,"TCRgd_CD141",1000,"no_detected_multimodality","neither test rejects in any seed",3,0,0,0,0.998694230467882,0.332266133066533
"inflect_ward_k62",30,113765,"TCRgd_CD141",5000,"ambiguous","discordant_tests;borderline_q",3,0,0,3,0.0651850895791575,0
"inflect_ward_k62",31,100069,"CD185_CXCR5",1000,"no_detected_multimodality","neither test rejects in any seed",3,0,0,0,0.999302541409044,0.964607303651826
"inflect_ward_k62",31,100069,"CD185_CXCR5",5000,"no_detected_multimodality","neither test rejects in any seed",3,0,0,0,1,0.513256628314157
"inflect_ward_k62",31,100069,"CD21",1000,"no_detected_multimodality","neither test rejects in any seed",3,0,0,0,0.999302541409044,0.804171316427445
"inflect_ward_k62",31,100069,"CD21",5000,"no_detected_multimodality","neither test rejects in any seed",3,0,0,0,1,0.275537768884442
"inflect_ward_k62",31,100069,"CD303_TCRvd2",1000,"no_detected_multimodality","neither test rejects in any seed",3,0,0,0,0.999302541409044,0.872150360894733
"inflect_ward_k62",31,100069,"CD303_TCRvd2",5000,"no_detected_multimodality","neither test rejects in any seed",3,0,0,0,1,0.450634408113147
"inflect_ward_k62",31,100069,"CD56",1000,"ambiguous","discordant_tests",3,0,0,3,0.133277662960011,0
"inflect_ward_k62",31,100069,"CD56",5000,"detected_multimodality","both tests reject in at least two seeds",3,3,3,3,0,0
"inflect_ward_k62",31,100069,"CD57",1000,"ambiguous","discordant_tests;seed_instability",3,0,0,2,0.65507258504094,0.040520260130065
"inflect_ward_k62",31,100069,"CD57",5000,"detected_multimodality","both tests reject in at least two seeds",3,3,3,3,1.07259146239769e-05,0
"inflect_ward_k62",31,100069,"TCRgd_CD141",1000,"no_detected_multimodality","neither test rejects in any seed",3,0,0,0,0.999302541409044,0.804171316427445
"inflect_ward_k62",31,100069,"TCRgd_CD141",5000,"ambiguous","discordant_tests;seed_instability",3,0,0,1,1,0.00337668834417209
"inflect_ward_k62",32,88785,"CD127",1000,"ambiguous","discordant_tests;seed_instability",3,0,0,1,0.999241739579832,0.040520260130065
"inflect_ward_k62",32,88785,"CD127",5000,"ambiguous","discordant_tests;seed_instability",3,1,1,3,0.0184815380089753,0
"inflect_ward_k62",32,88785,"CD14",1000,"ambiguous","discordant_tests;seed_instability",3,0,0,2,0.999241739579832,0.0225112556278139
"inflect_ward_k62",32,88785,"CD14",5000,"detected_multimodality","both tests reject in at least two seeds",3,3,3,3,0,0
"inflect_ward_k62",32,88785,"CD161",1000,"ambiguous","discordant_tests;seed_instability",3,0,0,2,0.999241739579832,0.0297148574287144
"inflect_ward_k62",32,88785,"CD161",5000,"detected_multimodality","both tests reject in at least two seeds",3,3,3,3,8.04828541631775e-05,0
"inflect_ward_k62",32,88785,"CD185_CXCR5",1000,"no_detected_multimodality","neither test rejects in any seed",3,0,0,0,0.999241739579832,0.235403415993711
"inflect_ward_k62",32,88785,"CD185_CXCR5",5000,"detected_multimodality","both tests reject in at least two seeds",3,2,2,3,0.00203469222689854,0
"inflect_ward_k62",32,88785,"CD21",1000,"no_detected_multimodality","neither test rejects in any seed",3,0,0,0,0.999241739579832,0.626713356678339
"inflect_ward_k62",32,88785,"CD21",5000,"no_detected_multimodality","neither test rejects in any seed",3,0,0,0,1,0.736118059029515
"inflect_ward_k62",32,88785,"CD38",1000,"detected_multimodality","both tests reject in at least two seeds",3,3,3,3,0.000168984851882048,0
"inflect_ward_k62",32,88785,"CD38",5000,"detected_multimodality","both tests reject in at least two seeds",3,3,3,3,0,0
"inflect_ward_k62",32,88785,"CD45RA",1000,"no_detected_multimodality","neither test rejects in any seed",3,0,0,0,0.999241739579832,0.336168084042021
"inflect_ward_k62",32,88785,"CD45RA",5000,"no_detected_multimodality","neither test rejects in any seed",3,0,0,0,1,0.370985492746373
"inflect_ward_k62",32,88785,"CD7",1000,"no_detected_multimodality","neither test rejects in any seed",3,0,0,0,0.999241739579832,0.683055813621096
"inflect_ward_k62",32,88785,"CD7",5000,"detected_multimodality","both tests reject in at least two seeds",3,3,3,3,0.0013733278809426,0
"inflect_ward_k62",32,88785,"Tbet",1000,"detected_multimodality","both tests reject in at least two seeds",3,3,3,3,0,0
"inflect_ward_k62",32,88785,"Tbet",5000,"detected_multimodality","both tests reject in at least two seeds",3,3,3,3,0,0
"inflect_ward_k62",33,492309,"CD161",1000,"no_detected_multimodality","neither test rejects in any seed",3,0,0,0,0.998489274219719,0.877938969484742
"inflect_ward_k62",33,492309,"CD161",5000,"ambiguous","discordant_tests;seed_instability",3,0,0,1,0.765109085151608,0
"inflect_ward_k62",33,492309,"CD27",1000,"detected_multimodality","both tests reject in at least two seeds",3,3,3,3,3.23884393405027e-06,0
"inflect_ward_k62",33,492309,"CD27",5000,"detected_multimodality","both tests reject in at least two seeds",3,3,3,3,0,0
"inflect_ward_k62",33,492309,"CD303_TCRvd2",1000,"detected_multimodality","both tests reject in at least two seeds",3,3,3,3,0,0
"inflect_ward_k62",33,492309,"CD303_TCRvd2",5000,"detected_multimodality","both tests reject in at least two seeds",3,3,3,3,0,0
"inflect_ward_k62",33,492309,"CD57",1000,"no_detected_multimodality","neither test rejects in any seed",3,0,0,0,0.998489274219719,0.87864985124141
"inflect_ward_k62",33,492309,"CD57",5000,"no_detected_multimodality","neither test rejects in any seed",3,0,0,0,1,0.930738096320888
"inflect_ward_k62",33,492309,"CD7",1000,"no_detected_multimodality","neither test rejects in any seed",3,0,0,0,0.998489274219719,0.810405202601301
"inflect_ward_k62",33,492309,"CD7",5000,"no_detected_multimodality","neither test rejects in any seed",3,0,0,0,1,0.754448652897878
"inflect_ward_k62",33,492309,"TCRgd_CD141",1000,"detected_multimodality","both tests reject in at least two seeds",3,3,3,3,0,0
"inflect_ward_k62",33,492309,"TCRgd_CD141",5000,"detected_multimodality","both tests reject in at least two seeds",3,3,3,3,0,0
"inflect_ward_k62",34,336733,"CD161",1000,"ambiguous","discordant_tests",3,0,0,3,0.109582132190251,0
"inflect_ward_k62",34,336733,"CD161",5000,"detected_multimodality","both tests reject in at least two seeds",3,3,3,3,0,0
"inflect_ward_k62",34,336733,"CD197_CCR7",1000,"no_detected_multimodality","neither test rejects in any seed",3,0,0,0,0.999087197788239,0.718109054527264
"inflect_ward_k62",34,336733,"CD197_CCR7",5000,"no_detected_multimodality","neither test rejects in any seed",3,0,0,0,1,0.955763596083756
"inflect_ward_k62",34,336733,"CD27",1000,"detected_multimodality","both tests reject in at least two seeds",3,3,3,3,3.0178000122838e-05,0
"inflect_ward_k62",34,336733,"CD27",5000,"detected_multimodality","both tests reject in at least two seeds",3,3,3,3,0,0
"inflect_ward_k62",34,336733,"CD8",1000,"no_detected_multimodality","neither test rejects in any seed",3,0,0,0,0.999087197788239,0.753001500750375
"inflect_ward_k62",34,336733,"CD8",5000,"no_detected_multimodality","neither test rejects in any seed",3,0,0,0,1,0.915281169996763
"inflect_ward_k62",34,336733,"HLA-DR",1000,"no_detected_multimodality","neither test rejects in any seed",3,0,0,0,0.999087197788239,0.944953245853696
"inflect_ward_k62",34,336733,"HLA-DR",5000,"no_detected_multimodality","neither test rejects in any seed",3,0,0,0,1,0.955763596083756
"inflect_ward_k62",35,215648,"CD11c",1000,"no_detected_multimodality","neither test rejects in any seed",3,0,0,0,0.996664390193259,0.622538541998272
"inflect_ward_k62",35,215648,"CD11c",5000,"ambiguous","discordant_tests;seed_instability",3,0,0,1,1,0.0303901950975488
"inflect_ward_k62",35,215648,"CD159c_NKG2C",1000,"no_detected_multimodality","neither test rejects in any seed",3,0,0,0,0.996664390193259,0.638194097048524
"inflect_ward_k62",35,215648,"CD159c_NKG2C",5000,"no_detected_multimodality","neither test rejects in any seed",3,0,0,0,1,0.558279139569785
"inflect_ward_k62",35,215648,"CD3",1000,"detected_multimodality","both tests reject in at least two seeds",3,3,3,3,0.00072998356126841,0
"inflect_ward_k62",35,215648,"CD3",5000,"detected_multimodality","both tests reject in at least two seeds",3,3,3,3,0,0
"inflect_ward_k62",35,215648,"CD303_TCRvd2",1000,"ambiguous","discordant_tests;seed_instability",3,0,0,2,0.583371121231653,0
"inflect_ward_k62",35,215648,"CD303_TCRvd2",5000,"detected_multimodality","both tests reject in at least two seeds",3,2,2,3,3.96038775354324e-05,0
"inflect_ward_k62",35,215648,"CD45RA",1000,"no_detected_multimodality","neither test rejects in any seed",3,0,0,0,0.996664390193259,0.135067533766883
"inflect_ward_k62",35,215648,"CD45RA",5000,"no_detected_multimodality","neither test rejects in any seed",3,0,0,0,1,0.180990495247624
"inflect_ward_k62",35,215648,"CD57",1000,"detected_multimodality","both tests reject in at least two seeds",3,3,3,3,0,0
"inflect_ward_k62",35,215648,"CD57",5000,"detected_multimodality","both tests reject in at least two seeds",3,3,3,3,0,0
"inflect_ward_k62",36,726106,"CD159c_NKG2C",1000,"ambiguous","discordant_tests;seed_instability",3,0,0,1,0.999489489939729,0.0337668834417209
"inflect_ward_k62",36,726106,"CD159c_NKG2C",5000,"no_detected_multimodality","neither test rejects in any seed",3,0,0,0,1,0.437618809404702
"inflect_ward_k62",36,726106,"CD16",1000,"no_detected_multimodality","neither test rejects in any seed",3,0,0,0,0.999489489939729,0.936263586338624
"inflect_ward_k62",36,726106,"CD16",5000,"no_detected_multimodality","neither test rejects in any seed",3,0,0,0,1,0.614107053526763
"inflect_ward_k62",36,726106,"CD1c",1000,"no_detected_multimodality","neither test rejects in any seed",3,0,0,0,0.999489489939729,0.846013916048934
"inflect_ward_k62",36,726106,"CD1c",5000,"no_detected_multimodality","neither test rejects in any seed",3,0,0,0,1,0.614107053526763
"inflect_ward_k62",36,726106,"CD21",1000,"no_detected_multimodality","neither test rejects in any seed",3,0,0,0,0.999489489939729,0.846013916048934
"inflect_ward_k62",36,726106,"CD21",5000,"no_detected_multimodality","neither test rejects in any seed",3,0,0,0,1,0.614107053526763
"inflect_ward_k62",36,726106,"CD27",1000,"detected_multimodality","both tests reject in at least two seeds",3,3,3,3,0,0
"inflect_ward_k62",36,726106,"CD27",5000,"detected_multimodality","both tests reject in at least two seeds",3,3,3,3,0,0
"inflect_ward_k62",36,726106,"CD3",1000,"ambiguous","discordant_tests",3,0,0,3,0.999489489939729,0.00337668834417209
"inflect_ward_k62",36,726106,"CD3",5000,"detected_multimodality","both tests reject in at least two seeds",3,3,3,3,4.56428290702693e-05,0
"inflect_ward_k62",36,726106,"CD303_TCRvd2",1000,"ambiguous","discordant_tests;seed_instability",3,0,0,1,0.999489489939729,0.00337668834417209
"inflect_ward_k62",36,726106,"CD303_TCRvd2",5000,"ambiguous","discordant_tests;seed_instability;borderline_q",3,1,1,3,0.0225161211753266,0
"inflect_ward_k62",36,726106,"CD38",1000,"no_detected_multimodality","neither test rejects in any seed",3,0,0,0,0.999489489939729,0.936263586338624
"inflect_ward_k62",36,726106,"CD38",5000,"ambiguous","discordant_tests",3,0,0,3,0.848377903326561,0
"inflect_ward_k62",36,726106,"CD45RA",1000,"detected_multimodality","both tests reject in at least two seeds",3,3,3,3,0,0
"inflect_ward_k62",36,726106,"CD45RA",5000,"detected_multimodality","both tests reject in at least two seeds",3,3,3,3,0,0
"inflect_ward_k62",36,726106,"Tbet",1000,"detected_multimodality","both tests reject in at least two seeds",3,3,3,3,3.48405053997025e-05,0
"inflect_ward_k62",36,726106,"Tbet",5000,"detected_multimodality","both tests reject in at least two seeds",3,3,3,3,0,0
"inflect_ward_k62",37,77690,"CD127",1000,"ambiguous","borderline_q",3,0,0,0,0.998472419085567,0.0540270135067534
"inflect_ward_k62",37,77690,"CD127",5000,"ambiguous","discordant_tests",3,0,0,3,0.343442726151082,0
"inflect_ward_k62",37,77690,"CD159c_NKG2C",1000,"no_detected_multimodality","neither test rejects in any seed",3,0,0,0,0.998472419085567,0.665689987851068
"inflect_ward_k62",37,77690,"CD159c_NKG2C",5000,"no_detected_multimodality","neither test rejects in any seed",3,0,0,0,1,0.955477738869435
"inflect_ward_k62",37,77690,"CD161",1000,"no_detected_multimodality","neither test rejects in any seed",3,0,0,0,0.998472419085567,0.16208104052026
"inflect_ward_k62",37,77690,"CD161",5000,"ambiguous","discordant_tests;seed_instability;borderline_q",3,0,0,1,0.893797327285383,0.0180090045022511
"inflect_ward_k62",37,77690,"CD27",1000,"ambiguous","discordant_tests;seed_instability",3,0,0,2,0.998472419085567,0
"inflect_ward_k62",37,77690,"CD27",5000,"detected_multimodality","both tests reject in at least two seeds",3,2,2,3,0.00466554327751556,0
"inflect_ward_k62",37,77690,"CD294_CRTH2",1000,"no_detected_multimodality","neither test rejects in any seed",3,0,0,0,0.998472419085567,0.940470235117559
"inflect_ward_k62",37,77690,"CD294_CRTH2",5000,"no_detected_multimodality","neither test rejects in any seed",3,0,0,0,1,0.955477738869435
"inflect_ward_k62",37,77690,"CD4",1000,"no_detected_multimodality","neither test rejects in any seed",3,0,0,0,0.998472419085567,0.817678069804133
"inflect_ward_k62",37,77690,"CD4",5000,"ambiguous","discordant_tests",3,0,0,3,0.2291360350557,0
"inflect_ward_k62",37,77690,"CD57",1000,"no_detected_multimodality","neither test rejects in any seed",3,0,0,0,0.998472419085567,0.157578789394697
"inflect_ward_k62",37,77690,"CD57",5000,"ambiguous","discordant_tests;seed_instability",3,0,0,2,0.343442726151082,0
"inflect_ward_k62",37,77690,"CD7",1000,"no_detected_multimodality","neither test rejects in any seed",3,0,0,0,0.998472419085567,0.16208104052026
"inflect_ward_k62",37,77690,"CD7",5000,"ambiguous","discordant_tests;seed_instability",3,0,0,1,1,0.0289430429500465
"inflect_ward_k62",37,77690,"Tbet",1000,"ambiguous","borderline_q",3,0,0,0,0.998472419085567,0.0742871435717859
"inflect_ward_k62",37,77690,"Tbet",5000,"ambiguous","discordant_tests",3,0,0,3,0.2291360350557,0
"inflect_ward_k62",38,6709,"CD11c",1000,"detected_multimodality","both tests reject in at least two seeds",3,3,3,3,0.00241140068532053,0
"inflect_ward_k62",38,6709,"CD11c",5000,"detected_multimodality","both tests reject in at least two seeds",3,3,3,3,0,0
"inflect_ward_k62",38,6709,"CD14",1000,"no_detected_multimodality","neither test rejects in any seed",3,0,0,0,0.997255295080844,0.325389967711128
"inflect_ward_k62",38,6709,"CD14",5000,"ambiguous","discordant_tests",3,0,0,3,1,0
"inflect_ward_k62",38,6709,"CD1c",1000,"detected_multimodality","both tests reject in at least two seeds",3,3,3,3,0,0
"inflect_ward_k62",38,6709,"CD1c",5000,"detected_multimodality","both tests reject in at least two seeds",3,3,3,3,0,0
"inflect_ward_k62",38,6709,"CD25",1000,"no_detected_multimodality","neither test rejects in any seed",3,0,0,0,0.997255295080844,0.325389967711128
"inflect_ward_k62",38,6709,"CD25",5000,"ambiguous","discordant_tests",3,0,0,3,1,0.00168834417208604
"inflect_ward_k62",38,6709,"CD27",1000,"no_detected_multimodality","neither test rejects in any seed",3,0,0,0,0.997255295080844,0.216108054027013
"inflect_ward_k62",38,6709,"CD27",5000,"ambiguous","discordant_tests",3,0,0,3,1,0.00506503251625813
"inflect_ward_k62",38,6709,"CD3",1000,"ambiguous","discordant_tests;seed_instability;borderline_q",3,1,1,2,0.00103011577922996,0
"inflect_ward_k62",38,6709,"CD3",5000,"detected_multimodality","both tests reject in at least two seeds",3,3,3,3,0,0
"inflect_ward_k62",38,6709,"CD7",1000,"no_detected_multimodality","neither test rejects in any seed",3,0,0,0,0.997255295080844,0.726428431607108
"inflect_ward_k62",38,6709,"CD7",5000,"no_detected_multimodality","neither test rejects in any seed",3,0,0,0,1,0.244247123561781
"inflect_ward_k62",38,6709,"HLA-DR",1000,"detected_multimodality","both tests reject in at least two seeds",3,3,3,3,0.00103011577922996,0
"inflect_ward_k62",38,6709,"HLA-DR",5000,"detected_multimodality","both tests reject in at least two seeds",3,3,3,3,0,0
"inflect_ward_k62",38,6709,"TCRgd_CD141",1000,"ambiguous","discordant_tests;seed_instability;borderline_q",3,0,0,1,0.997255295080844,0.00810405202601301
"inflect_ward_k62",38,6709,"TCRgd_CD141",5000,"detected_multimodality","both tests reject in at least two seeds",3,3,3,3,0.00256595391337151,0
"inflect_ward_k62",39,4272277,"CD159c_NKG2C",1000,"no_detected_multimodality","neither test rejects in any seed",3,0,0,0,0.998540913744336,0.734227113556778
"inflect_ward_k62",39,4272277,"CD159c_NKG2C",5000,"no_detected_multimodality","neither test rejects in any seed",3,0,0,0,1,0.281390695347674
"inflect_ward_k62",39,4272277,"CD16",1000,"no_detected_multimodality","neither test rejects in any seed",3,0,0,0,0.998540913744336,0.126063031515758
"inflect_ward_k62",39,4272277,"CD16",5000,"ambiguous","discordant_tests;seed_instability",3,0,0,1,1,0.00675337668834417
"inflect_ward_k62",39,4272277,"CD197_CCR7",1000,"detected_multimodality","both tests reject in at least two seeds",3,3,3,3,0,0
"inflect_ward_k62",39,4272277,"CD197_CCR7",5000,"detected_multimodality","both tests reject in at least two seeds",3,3,3,3,0,0
"inflect_ward_k62",39,4272277,"CD294_CRTH2",1000,"no_detected_multimodality","neither test rejects in any seed",3,0,0,0,0.998540913744336,0.734227113556778
"inflect_ward_k62",39,4272277,"CD294_CRTH2",5000,"no_detected_multimodality","neither test rejects in any seed",3,0,0,0,1,0.584649467590938
"inflect_ward_k62",39,4272277,"CD303_TCRvd2",1000,"no_detected_multimodality","neither test rejects in any seed",3,0,0,0,0.998540913744336,0.734227113556778
"inflect_ward_k62",39,4272277,"CD303_TCRvd2",5000,"no_detected_multimodality","neither test rejects in any seed",3,0,0,0,1,0.202601300650325
"inflect_ward_k62",39,4272277,"CD45RA",1000,"detected_multimodality","both tests reject in at least two seeds",3,3,3,3,0,0
"inflect_ward_k62",39,4272277,"CD45RA",5000,"detected_multimodality","both tests reject in at least two seeds",3,3,3,3,0,0
"inflect_ward_k62",39,4272277,"FoxP3",1000,"no_detected_multimodality","neither test rejects in any seed",3,0,0,0,0.998540913744336,0.734227113556778
"inflect_ward_k62",39,4272277,"FoxP3",5000,"no_detected_multimodality","neither test rejects in any seed",3,0,0,0,1,0.584649467590938
"inflect_ward_k62",40,413636,"CD11c",1000,"no_detected_multimodality","neither test rejects in any seed",3,0,0,0,0.999035571592058,0.434917458729365
"inflect_ward_k62",40,413636,"CD11c",5000,"ambiguous","discordant_tests",3,0,0,3,1,0
"inflect_ward_k62",40,413636,"CD185_CXCR5",1000,"no_detected_multimodality","neither test rejects in any seed",3,0,0,0,0.999035571592058,0.71094638228205
"inflect_ward_k62",40,413636,"CD185_CXCR5",5000,"no_detected_multimodality","neither test rejects in any seed",3,0,0,0,1,0.630315157578789
"inflect_ward_k62",40,413636,"CD27",1000,"no_detected_multimodality","neither test rejects in any seed",3,0,0,0,0.999035571592058,0.563424569427571
"inflect_ward_k62",40,413636,"CD27",5000,"ambiguous","discordant_tests",3,0,0,3,1,0
"inflect_ward_k62",40,413636,"FoxP3",1000,"no_detected_multimodality","neither test rejects in any seed",3,0,0,0,0.999035571592058,0.918459229614807
"inflect_ward_k62",40,413636,"FoxP3",5000,"no_detected_multimodality","neither test rejects in any seed",3,0,0,0,1,0.630315157578789
"inflect_ward_k62",40,413636,"TCRgd_CD141",1000,"no_detected_multimodality","neither test rejects in any seed",3,0,0,0,0.999035571592058,0.846423211605803
"inflect_ward_k62",40,413636,"TCRgd_CD141",5000,"no_detected_multimodality","neither test rejects in any seed",3,0,0,0,1,0.574037018509255
"inflect_ward_k62",41,22279,"CD11c",1000,"ambiguous","discordant_tests;seed_instability",3,0,0,1,0.845646241782719,0.0250839705567069
"inflect_ward_k62",41,22279,"CD11c",5000,"ambiguous","discordant_tests;seed_instability",3,1,1,2,0.0110461736751075,0
"inflect_ward_k62",41,22279,"CD127",1000,"no_detected_multimodality","neither test rejects in any seed",3,0,0,0,0.996173744216111,0.219002358322018
"inflect_ward_k62",41,22279,"CD127",5000,"ambiguous","borderline_q",3,0,0,0,0.998639382318733,0.0996927034946044
"inflect_ward_k62",41,22279,"CD159c_NKG2C",1000,"no_detected_multimodality","neither test rejects in any seed",3,0,0,0,0.996173744216111,0.11255627813907
"inflect_ward_k62",41,22279,"CD159c_NKG2C",5000,"ambiguous","discordant_tests",3,0,0,3,0.216895401371653,0
"inflect_ward_k62",41,22279,"CD161",1000,"no_detected_multimodality","neither test rejects in any seed",3,0,0,0,0.996173744216111,0.335739298220539
"inflect_ward_k62",41,22279,"CD161",5000,"ambiguous","discordant_tests;seed_instability;borderline_q",3,0,0,1,0.871711443520572,0.0128928100413843
"inflect_ward_k62",41,22279,"CD19",1000,"no_detected_multimodality","neither test rejects in any seed",3,0,0,0,0.996173744216111,0.175587793896948
"inflect_ward_k62",41,22279,"CD19",5000,"ambiguous","discordant_tests;borderline_q",3,0,0,3,0.0842761571402135,0
"inflect_ward_k62",41,22279,"CD197_CCR7",1000,"ambiguous","seed_instability",3,1,1,1,0.0166943599754437,0
"inflect_ward_k62",41,22279,"CD197_CCR7",5000,"detected_multimodality","both tests reject in at least two seeds",3,2,2,2,0.00263640189796942,0
"inflect_ward_k62",41,22279,"CD25",1000,"no_detected_multimodality","neither test rejects in any seed",3,0,0,0,0.996173744216111,0.750468984492246
"inflect_ward_k62",41,22279,"CD25",5000,"ambiguous","discordant_tests",3,0,0,3,0.756750885848797,0.00103898102897603
"inflect_ward_k62",41,22279,"CD27",1000,"detected_multimodality","both tests reject in at least two seeds",3,3,3,3,0,0
"inflect_ward_k62",41,22279,"CD27",5000,"detected_multimodality","both tests reject in at least two seeds",3,3,3,3,0,0
"inflect_ward_k62",41,22279,"CD3",1000,"detected_multimodality","both tests reject in at least two seeds",3,3,3,3,0.000732284337663813,0
"inflect_ward_k62",41,22279,"CD3",5000,"detected_multimodality","both tests reject in at least two seeds",3,3,3,3,0,0
"inflect_ward_k62",41,22279,"CD303_TCRvd2",1000,"ambiguous","discordant_tests;seed_instability",3,0,0,1,0.996173744216111,0.0371435717858929
"inflect_ward_k62",41,22279,"CD303_TCRvd2",5000,"detected_multimodality","both tests reject in at least two seeds",3,3,3,3,0.000702887367088512,0
"inflect_ward_k62",41,22279,"CD4",1000,"ambiguous","discordant_tests;seed_instability;borderline_q",3,0,0,1,0.685076202785472,0
"inflect_ward_k62",41,22279,"CD4",5000,"ambiguous","discordant_tests",3,0,0,3,0.102892080611449,0
"inflect_ward_k62",41,22279,"CD45RA",1000,"ambiguous","discordant_tests",3,0,0,3,0.282663565829357,0
"inflect_ward_k62",41,22279,"CD45RA",5000,"detected_multimodality","both tests reject in at least two seeds",3,3,3,3,0,0
"inflect_ward_k62",41,22279,"CD56",1000,"detected_multimodality","both tests reject in at least two seeds",3,3,3,3,0,0
"inflect_ward_k62",41,22279,"CD56",5000,"detected_multimodality","both tests reject in at least two seeds",3,3,3,3,0,0
"inflect_ward_k62",41,22279,"CD57",1000,"ambiguous","borderline_q",3,0,0,0,0.996173744216111,0.0750375187593797
"inflect_ward_k62",41,22279,"CD57",5000,"ambiguous","discordant_tests",3,0,0,3,0.108793232345408,0
"inflect_ward_k62",41,22279,"CD7",1000,"ambiguous","discordant_tests;seed_instability;borderline_q",3,0,0,1,0.996173744216111,0
"inflect_ward_k62",41,22279,"CD7",5000,"detected_multimodality","both tests reject in at least two seeds",3,3,3,3,4.43893364245884e-05,0
"inflect_ward_k62",41,22279,"HLA-DR",1000,"ambiguous","discordant_tests;seed_instability",3,0,0,1,0.996173744216111,0.0303901950975488
"inflect_ward_k62",41,22279,"HLA-DR",5000,"ambiguous","discordant_tests",3,0,0,3,0.450632358170109,0
"inflect_ward_k62",41,22279,"Tbet",1000,"detected_multimodality","both tests reject in at least two seeds",3,3,3,3,0,0
"inflect_ward_k62",41,22279,"Tbet",5000,"detected_multimodality","both tests reject in at least two seeds",3,3,3,3,0,0
"inflect_ward_k62",42,1093840,"CD14",1000,"no_detected_multimodality","neither test rejects in any seed",3,0,0,0,0.999402035548345,0.951415707853927
"inflect_ward_k62",42,1093840,"CD14",5000,"ambiguous","borderline_q",3,0,0,0,1,0.0844172086043021
"inflect_ward_k62",42,1093840,"CD19",1000,"no_detected_multimodality","neither test rejects in any seed",3,0,0,0,0.999402035548345,0.787893946973487
"inflect_ward_k62",42,1093840,"CD19",5000,"no_detected_multimodality","neither test rejects in any seed",3,0,0,0,1,0.947093546773387
"inflect_ward_k62",42,1093840,"CD27",1000,"detected_multimodality","both tests reject in at least two seeds",3,3,3,3,0,0
"inflect_ward_k62",42,1093840,"CD27",5000,"detected_multimodality","both tests reject in at least two seeds",3,3,3,3,0,0
"inflect_ward_k62",42,1093840,"CD45RA",1000,"no_detected_multimodality","neither test rejects in any seed",3,0,0,0,0.999402035548345,0.634817408704352
"inflect_ward_k62",42,1093840,"CD45RA",5000,"no_detected_multimodality","neither test rejects in any seed",3,0,0,0,1,0.868588140223958
"inflect_ward_k62",42,1093840,"CD56",1000,"no_detected_multimodality","neither test rejects in any seed",3,0,0,0,0.999402035548345,0.951415707853927
"inflect_ward_k62",42,1093840,"CD56",5000,"no_detected_multimodality","neither test rejects in any seed",3,0,0,0,1,0.931965982991496
"inflect_ward_k62",43,95070,"CD11c",1000,"detected_multimodality","both tests reject in at least two seeds",3,2,2,3,0.00103011577922996,0
"inflect_ward_k62",43,95070,"CD11c",5000,"detected_multimodality","both tests reject in at least two seeds",3,3,3,3,0,0
"inflect_ward_k62",43,95070,"CD127",1000,"no_detected_multimodality","neither test rejects in any seed",3,0,0,0,0.998815623082504,0.408319544387578
"inflect_ward_k62",43,95070,"CD127",5000,"no_detected_multimodality","neither test rejects in any seed",3,0,0,0,1,0.787364270370479
"inflect_ward_k62",43,95070,"CD161",1000,"no_detected_multimodality","neither test rejects in any seed",3,0,0,0,0.998815623082504,0.32416208104052
"inflect_ward_k62",43,95070,"CD161",5000,"no_detected_multimodality","neither test rejects in any seed",3,0,0,0,1,0.787364270370479
"inflect_ward_k62",43,95070,"CD1c",1000,"detected_multimodality","both tests reject in at least two seeds",3,3,3,3,0,0
"inflect_ward_k62",43,95070,"CD1c",5000,"detected_multimodality","both tests reject in at least two seeds",3,3,3,3,0,0
"inflect_ward_k62",43,95070,"CD25",1000,"no_detected_multimodality","neither test rejects in any seed",3,0,0,0,0.998815623082504,0.113456728364182
"inflect_ward_k62",43,95070,"CD25",5000,"ambiguous","discordant_tests;seed_instability",3,0,0,2,1,0.011255627813907
"inflect_ward_k62",43,95070,"HLA-DR",1000,"ambiguous","discordant_tests;borderline_q",3,0,0,3,0.074159391256998,0
"inflect_ward_k62",43,95070,"HLA-DR",5000,"detected_multimodality","both tests reject in at least two seeds",3,3,3,3,0,0
"inflect_ward_k62",43,95070,"TCRgd_CD141",1000,"detected_multimodality","both tests reject in at least two seeds",3,3,3,3,0,0
"inflect_ward_k62",43,95070,"TCRgd_CD141",5000,"detected_multimodality","both tests reject in at least two seeds",3,3,3,3,0,0
"inflect_ward_k62",44,115966,"CD11c",1000,"no_detected_multimodality","neither test rejects in any seed",3,0,0,0,1,0.54886534176179
"inflect_ward_k62",44,115966,"CD11c",5000,"no_detected_multimodality","neither test rejects in any seed",3,0,0,0,1,0.687343671835918
"inflect_ward_k62",44,115966,"CD16",1000,"no_detected_multimodality","neither test rejects in any seed",3,0,0,0,1,0.526763381690845
"inflect_ward_k62",44,115966,"CD16",5000,"no_detected_multimodality","neither test rejects in any seed",3,0,0,0,1,0.351175587793897
"inflect_ward_k62",44,115966,"CD197_CCR7",1000,"no_detected_multimodality","neither test rejects in any seed",3,0,0,0,1,0.40520260130065
"inflect_ward_k62",44,115966,"CD197_CCR7",5000,"ambiguous","discordant_tests;seed_instability",3,0,0,1,1,0
"inflect_ward_k62",44,115966,"CD1c",1000,"no_detected_multimodality","neither test rejects in any seed",3,0,0,0,1,0.862502679911384
"inflect_ward_k62",44,115966,"CD1c",5000,"no_detected_multimodality","neither test rejects in any seed",3,0,0,0,1,0.846423211605803
"inflect_ward_k62",44,115966,"CD7",1000,"no_detected_multimodality","neither test rejects in any seed",3,0,0,0,1,0.977888944472236
"inflect_ward_k62",44,115966,"CD7",5000,"no_detected_multimodality","neither test rejects in any seed",3,0,0,0,1,0.917458729364682
"inflect_ward_k62",44,115966,"FoxP3",1000,"no_detected_multimodality","neither test rejects in any seed",3,0,0,0,1,0.40520260130065
"inflect_ward_k62",44,115966,"FoxP3",5000,"no_detected_multimodality","neither test rejects in any seed",3,0,0,0,1,0.846423211605803
"inflect_ward_k62",45,6847,"CD161",1000,"detected_multimodality","both tests reject in at least two seeds",3,2,2,3,0.000220440655813392,0
"inflect_ward_k62",45,6847,"CD161",5000,"detected_multimodality","both tests reject in at least two seeds",3,3,3,3,0.000738830553371539,0
"inflect_ward_k62",45,6847,"CD185_CXCR5",1000,"no_detected_multimodality","neither test rejects in any seed",3,0,0,0,0.997971885543637,0.121394030348508
"inflect_ward_k62",45,6847,"CD185_CXCR5",5000,"ambiguous","discordant_tests",3,0,0,3,0.380770849046135,0
"inflect_ward_k62",45,6847,"CD197_CCR7",1000,"ambiguous","discordant_tests;seed_instability;borderline_q",3,0,0,1,0.997971885543637,0.0173420043355011
"inflect_ward_k62",45,6847,"CD197_CCR7",5000,"detected_multimodality","both tests reject in at least two seeds",3,2,2,3,0.0161061876177664,0
"inflect_ward_k62",45,6847,"CD38",1000,"ambiguous","discordant_tests;seed_instability;borderline_q",3,0,0,1,0.0951714082243669,0.00650325162581291
"inflect_ward_k62",45,6847,"CD38",5000,"ambiguous","discordant_tests",3,0,0,3,0.249268574643187,0.00433550108387527
"inflect_ward_k62",45,6847,"CD7",1000,"detected_multimodality","both tests reject in at least two seeds",3,2,2,3,0.00556912838674195,0
"inflect_ward_k62",45,6847,"CD7",5000,"detected_multimodality","both tests reject in at least two seeds",3,3,3,3,0,0
"inflect_ward_k62",45,6847,"CD8",1000,"no_detected_multimodality","neither test rejects in any seed",3,0,0,0,0.997971885543637,0.683274970818743
"inflect_ward_k62",45,6847,"CD8",5000,"no_detected_multimodality","neither test rejects in any seed",3,0,0,0,1,0.686284318629903
"inflect_ward_k62",45,6847,"FoxP3",1000,"detected_multimodality","both tests reject in at least two seeds",3,3,3,3,0,0
"inflect_ward_k62",45,6847,"FoxP3",5000,"detected_multimodality","both tests reject in at least two seeds",3,3,3,3,0,0
"inflect_ward_k62",46,60777,"CD159c_NKG2C",1000,"no_detected_multimodality","neither test rejects in any seed",3,0,0,0,1,0.470485242621311
"inflect_ward_k62",46,60777,"CD159c_NKG2C",5000,"ambiguous","discordant_tests;borderline_q",3,0,0,3,0.0733778110274399,0
"inflect_ward_k62",46,60777,"CD4",1000,"no_detected_multimodality","neither test rejects in any seed",3,0,0,0,1,0.616486814835989
"inflect_ward_k62",46,60777,"CD4",5000,"no_detected_multimodality","neither test rejects in any seed",3,0,0,0,1,0.348924462231116
"inflect_ward_k62",46,60777,"CD57",1000,"ambiguous","discordant_tests;seed_instability",3,1,1,3,0.000234726017730669,0
"inflect_ward_k62",46,60777,"CD57",5000,"detected_multimodality","both tests reject in at least two seeds",3,3,3,3,0,0
"inflect_ward_k62",47,170897,"CD127",1000,"no_detected_multimodality","neither test rejects in any seed",3,0,0,0,0.998819483072802,0.876009433288073
"inflect_ward_k62",47,170897,"CD127",5000,"ambiguous","borderline_q",3,0,0,0,1,0.0945472736368184
"inflect_ward_k62",47,170897,"CD161",1000,"no_detected_multimodality","neither test rejects in any seed",3,0,0,0,0.998819483072802,0.51775887943972
"inflect_ward_k62",47,170897,"CD161",5000,"no_detected_multimodality","neither test rejects in any seed",3,0,0,0,1,0.527802362719822
"inflect_ward_k62",48,118692,"CD159c_NKG2C",1000,"no_detected_multimodality","neither test rejects in any seed",3,0,0,0,0.99901940882564,0.351175587793897
"inflect_ward_k62",48,118692,"CD159c_NKG2C",5000,"ambiguous","discordant_tests",3,0,0,3,0.295349936507083,0
"inflect_ward_k62",48,118692,"CD197_CCR7",1000,"no_detected_multimodality","neither test rejects in any seed",3,0,0,0,0.99901940882564,0.799792753519617
"inflect_ward_k62",48,118692,"CD197_CCR7",5000,"no_detected_multimodality","neither test rejects in any seed",3,0,0,0,1,0.341045522761381
"inflect_ward_k62",48,118692,"CD27",1000,"detected_multimodality","both tests reject in at least two seeds",3,3,3,3,0,0
"inflect_ward_k62",48,118692,"CD27",5000,"detected_multimodality","both tests reject in at least two seeds",3,3,3,3,0,0
"inflect_ward_k62",48,118692,"CD4",1000,"no_detected_multimodality","neither test rejects in any seed",3,0,0,0,0.99901940882564,0.245822911455728
"inflect_ward_k62",48,118692,"CD4",5000,"no_detected_multimodality","neither test rejects in any seed",3,0,0,0,1,0.348719814452681
"inflect_ward_k62",48,118692,"CD8",1000,"ambiguous","discordant_tests",3,0,0,3,0.116846976427741,0
"inflect_ward_k62",48,118692,"CD8",5000,"detected_multimodality","both tests reject in at least two seeds",3,3,3,3,0,0
"inflect_ward_k62",48,118692,"Tbet",1000,"no_detected_multimodality","neither test rejects in any seed",3,0,0,0,0.99901940882564,0.799792753519617
"inflect_ward_k62",48,118692,"Tbet",5000,"ambiguous","discordant_tests;borderline_q",3,0,0,3,0.074805722924192,0
"inflect_ward_k62",49,620548,"CD11c",1000,"ambiguous","discordant_tests;seed_instability;borderline_q",3,0,0,1,0.66546479145574,0
"inflect_ward_k62",49,620548,"CD11c",5000,"detected_multimodality","both tests reject in at least two seeds",3,3,3,3,0,0
"inflect_ward_k62",49,620548,"CD14",1000,"detected_multimodality","both tests reject in at least two seeds",3,3,3,3,0,0
"inflect_ward_k62",49,620548,"CD14",5000,"detected_multimodality","both tests reject in at least two seeds",3,3,3,3,0,0
"inflect_ward_k62",49,620548,"CD19",1000,"no_detected_multimodality","neither test rejects in any seed",3,0,0,0,0.998870719237845,0.22736368184092
"inflect_ward_k62",49,620548,"CD19",5000,"ambiguous","borderline_q",3,0,0,0,0.998773211560887,0.0697848924462231
"inflect_ward_k62",49,620548,"CD1c",1000,"ambiguous","discordant_tests;seed_instability;borderline_q",3,1,1,3,0.0284416446990814,0
"inflect_ward_k62",49,620548,"CD1c",5000,"detected_multimodality","both tests reject in at least two seeds",3,3,3,3,0,0
"inflect_ward_k62",49,620548,"CD38",1000,"no_detected_multimodality","neither test rejects in any seed",3,0,0,0,0.998870719237845,0.743582317474527
"inflect_ward_k62",49,620548,"CD38",5000,"no_detected_multimodality","neither test rejects in any seed",3,0,0,0,0.998773211560887,0.432216108054027
"inflect_ward_k62",49,620548,"CD45RA",1000,"no_detected_multimodality","neither test rejects in any seed",3,0,0,0,0.998870719237845,0.743582317474527
"inflect_ward_k62",49,620548,"CD45RA",5000,"ambiguous","discordant_tests;seed_instability",3,0,0,1,0.998773211560887,0.00540270135067534
"inflect_ward_k62",49,620548,"CD56",1000,"no_detected_multimodality","neither test rejects in any seed",3,0,0,0,0.998870719237845,0.872793539626956
"inflect_ward_k62",49,620548,"CD56",5000,"ambiguous","discordant_tests;seed_instability",3,0,0,1,0.998773211560887,0.0378189094547274
"inflect_ward_k62",49,620548,"HLA-DR",1000,"ambiguous","discordant_tests",3,0,0,3,0.176724870027059,0.00450225112556278
"inflect_ward_k62",49,620548,"HLA-DR",5000,"detected_multimodality","both tests reject in at least two seeds",3,3,3,3,0,0
"inflect_ward_k62",49,620548,"TCRgd_CD141",1000,"no_detected_multimodality","neither test rejects in any seed",3,0,0,0,0.998870719237845,0.743582317474527
"inflect_ward_k62",49,620548,"TCRgd_CD141",5000,"no_detected_multimodality","neither test rejects in any seed",3,0,0,0,0.998773211560887,0.488494247123562
"inflect_ward_k62",50,672104,"CD161",1000,"no_detected_multimodality","neither test rejects in any seed",3,0,0,0,0.99797847000891,0.759079539769885
"inflect_ward_k62",50,672104,"CD161",5000,"no_detected_multimodality","neither test rejects in any seed",3,0,0,0,1,0.808904452226113
"inflect_ward_k62",50,672104,"CD197_CCR7",1000,"no_detected_multimodality","neither test rejects in any seed",3,0,0,0,0.99797847000891,0.631815907953977
"inflect_ward_k62",50,672104,"CD197_CCR7",5000,"ambiguous","discordant_tests",3,0,0,3,1,0
"inflect_ward_k62",50,672104,"CD3",1000,"no_detected_multimodality","neither test rejects in any seed",3,0,0,0,0.99797847000891,0.631815907953977
"inflect_ward_k62",50,672104,"CD3",5000,"no_detected_multimodality","neither test rejects in any seed",3,0,0,0,1,0.720360180090045
"inflect_ward_k62",50,672104,"CD7",1000,"no_detected_multimodality","neither test rejects in any seed",3,0,0,0,0.99797847000891,0.631815907953977
"inflect_ward_k62",50,672104,"CD7",5000,"no_detected_multimodality","neither test rejects in any seed",3,0,0,0,1,0.91434847858712
"inflect_ward_k62",51,3842157,"CD27",1000,"detected_multimodality","both tests reject in at least two seeds",3,3,3,3,0,0
"inflect_ward_k62",51,3842157,"CD27",5000,"detected_multimodality","both tests reject in at least two seeds",3,3,3,3,0,0
"inflect_ward_k62",52,1793702,"CD27",1000,"detected_multimodality","both tests reject in at least two seeds",3,3,3,3,0,0
"inflect_ward_k62",52,1793702,"CD27",5000,"detected_multimodality","both tests reject in at least two seeds",3,3,3,3,0,0
"inflect_ward_k62",52,1793702,"CD7",1000,"ambiguous","discordant_tests;seed_instability",3,0,0,1,0.604831765563695,0.00675337668834417
"inflect_ward_k62",52,1793702,"CD7",5000,"detected_multimodality","both tests reject in at least two seeds",3,2,2,3,0.00072526833190345,0
"inflect_ward_k62",52,1793702,"FoxP3",1000,"no_detected_multimodality","neither test rejects in any seed",3,0,0,0,0.999629018973491,0.758066533266633
"inflect_ward_k62",52,1793702,"FoxP3",5000,"no_detected_multimodality","neither test rejects in any seed",3,0,0,0,1,0.732741370685343
"inflect_ward_k62",53,2430769,"CD25",1000,"no_detected_multimodality","neither test rejects in any seed",3,0,0,0,0.998438946424573,0.903110646232207
"inflect_ward_k62",53,2430769,"CD25",5000,"no_detected_multimodality","neither test rejects in any seed",3,0,0,0,1,0.918459229614807
"inflect_ward_k62",53,2430769,"CD57",1000,"no_detected_multimodality","neither test rejects in any seed",3,0,0,0,0.998438946424573,0.903110646232207
"inflect_ward_k62",53,2430769,"CD57",5000,"no_detected_multimodality","neither test rejects in any seed",3,0,0,0,1,0.195847923961981
"inflect_ward_k62",54,1028144,"CD16",1000,"no_detected_multimodality","neither test rejects in any seed",3,0,0,0,0.998973670119835,0.678339169584792
"inflect_ward_k62",54,1028144,"CD16",5000,"no_detected_multimodality","neither test rejects in any seed",3,0,0,0,1,0.796898449224612
"inflect_ward_k62",54,1028144,"CD185_CXCR5",1000,"ambiguous","borderline_q",3,0,0,0,0.998973670119835,0.0540270135067534
"inflect_ward_k62",54,1028144,"CD185_CXCR5",5000,"no_detected_multimodality","neither test rejects in any seed",3,0,0,0,1,0.975300150075038
"inflect_ward_k62",54,1028144,"CD25",1000,"ambiguous","discordant_tests;seed_instability",3,0,0,1,0.998973670119835,0.00675337668834417
"inflect_ward_k62",54,1028144,"CD25",5000,"detected_multimodality","both tests reject in at least two seeds",3,3,3,3,1.82627312173e-05,0
"inflect_ward_k62",54,1028144,"FoxP3",1000,"ambiguous","discordant_tests;seed_instability",3,1,1,3,0.00950636293873319,0
"inflect_ward_k62",54,1028144,"FoxP3",5000,"detected_multimodality","both tests reject in at least two seeds",3,3,3,3,0,0
"inflect_ward_k62",55,1247765,"CD11c",1000,"no_detected_multimodality","neither test rejects in any seed",3,0,0,0,0.998244631190073,0.606959729864933
"inflect_ward_k62",55,1247765,"CD11c",5000,"no_detected_multimodality","neither test rejects in any seed",3,0,0,0,1,0.737676530572979
"inflect_ward_k62",55,1247765,"CD14",1000,"ambiguous","discordant_tests;seed_instability",3,0,0,2,0.998244631190073,0
"inflect_ward_k62",55,1247765,"CD14",5000,"detected_multimodality","both tests reject in at least two seeds",3,3,3,3,3.65254624346001e-05,0
"inflect_ward_k62",55,1247765,"HLA-DR",1000,"no_detected_multimodality","neither test rejects in any seed",3,0,0,0,0.998244631190073,0.279782748517116
"inflect_ward_k62",55,1247765,"HLA-DR",5000,"no_detected_multimodality","neither test rejects in any seed",3,0,0,0,1,0.797798899449725
"inflect_ward_k62",56,260211,"CD11c",1000,"ambiguous","discordant_tests;seed_instability",3,0,0,1,0.999710559352756,0
"inflect_ward_k62",56,260211,"CD11c",5000,"ambiguous","discordant_tests",3,0,0,3,0.566323730933092,0
"inflect_ward_k62",56,260211,"CD127",1000,"no_detected_multimodality","neither test rejects in any seed",3,0,0,0,0.999710559352756,0.191795897948975
"inflect_ward_k62",56,260211,"CD127",5000,"no_detected_multimodality","neither test rejects in any seed",3,0,0,0,1,0.851488244122061
"inflect_ward_k62",56,260211,"CD14",1000,"ambiguous","discordant_tests;seed_instability",3,0,0,1,0.999710559352756,0.0289430429500465
"inflect_ward_k62",56,260211,"CD14",5000,"detected_multimodality","both tests reject in at least two seeds",3,2,2,3,0.00431775003323414,0
"inflect_ward_k62",56,260211,"CD159c_NKG2C",1000,"no_detected_multimodality","neither test rejects in any seed",3,0,0,0,0.999710559352756,0.176938469234617
"inflect_ward_k62",56,260211,"CD159c_NKG2C",5000,"no_detected_multimodality","neither test rejects in any seed",3,0,0,0,1,0.198099049524762
"inflect_ward_k62",56,260211,"CD161",1000,"no_detected_multimodality","neither test rejects in any seed",3,0,0,0,0.999710559352756,0.539369684842421
"inflect_ward_k62",56,260211,"CD161",5000,"ambiguous","discordant_tests",3,0,0,3,0.682619572467188,0
"inflect_ward_k62",56,260211,"CD185_CXCR5",1000,"ambiguous","borderline_q",3,0,0,0,0.999710559352756,0.0675337668834417
"inflect_ward_k62",56,260211,"CD185_CXCR5",5000,"detected_multimodality","both tests reject in at least two seeds",3,2,2,3,0.00620205944761285,0
"inflect_ward_k62",56,260211,"CD21",1000,"no_detected_multimodality","neither test rejects in any seed",3,0,0,0,0.999710559352756,0.216108054027013
"inflect_ward_k62",56,260211,"CD21",5000,"no_detected_multimodality","neither test rejects in any seed",3,0,0,0,1,0.40520260130065
"inflect_ward_k62",56,260211,"CD294_CRTH2",1000,"no_detected_multimodality","neither test rejects in any seed",3,0,0,0,0.999710559352756,0.176938469234617
"inflect_ward_k62",56,260211,"CD294_CRTH2",5000,"ambiguous","discordant_tests;seed_instability;borderline_q",3,1,1,3,0.0135787206484353,0
"inflect_ward_k62",56,260211,"CD303_TCRvd2",1000,"detected_multimodality","both tests reject in at least two seeds",3,3,3,3,0,0
"inflect_ward_k62",56,260211,"CD303_TCRvd2",5000,"detected_multimodality","both tests reject in at least two seeds",3,3,3,3,0,0
"inflect_ward_k62",56,260211,"CD38",1000,"ambiguous","discordant_tests;seed_instability",3,0,0,1,0.999710559352756,0.0270135067533767
"inflect_ward_k62",56,260211,"CD38",5000,"detected_multimodality","both tests reject in at least two seeds",3,3,3,3,4.48971109020535e-05,0
"inflect_ward_k62",56,260211,"CD4",1000,"detected_multimodality","both tests reject in at least two seeds",3,3,3,3,0,0
"inflect_ward_k62",56,260211,"CD4",5000,"detected_multimodality","both tests reject in at least two seeds",3,3,3,3,0,0
"inflect_ward_k62",56,260211,"CD45RA",1000,"detected_multimodality","both tests reject in at least two seeds",3,3,3,3,0,0
"inflect_ward_k62",56,260211,"CD45RA",5000,"detected_multimodality","both tests reject in at least two seeds",3,3,3,3,0,0
"inflect_ward_k62",56,260211,"CD57",1000,"no_detected_multimodality","neither test rejects in any seed",3,0,0,0,0.999710559352756,0.268634317158579
"inflect_ward_k62",56,260211,"CD57",5000,"detected_multimodality","both tests reject in at least two seeds",3,3,3,3,0.00649051410383805,0
"inflect_ward_k62",56,260211,"CD7",1000,"no_detected_multimodality","neither test rejects in any seed",3,0,0,0,0.999710559352756,0.238619309654827
"inflect_ward_k62",56,260211,"CD7",5000,"detected_multimodality","both tests reject in at least two seeds",3,2,2,3,0.0140807252234616,0
"inflect_ward_k62",56,260211,"HLA-DR",1000,"detected_multimodality","both tests reject in at least two seeds",3,3,3,3,0,0
"inflect_ward_k62",56,260211,"HLA-DR",5000,"detected_multimodality","both tests reject in at least two seeds",3,3,3,3,0,0
"inflect_ward_k62",56,260211,"Tbet",1000,"no_detected_multimodality","neither test rejects in any seed",3,0,0,0,0.999710559352756,0.61455727863932
"inflect_ward_k62",56,260211,"Tbet",5000,"ambiguous","borderline_q",3,0,0,0,1,0.0877938969484742
"inflect_ward_k62",56,260211,"TCRgd_CD141",1000,"detected_multimodality","both tests reject in at least two seeds",3,3,3,3,0,0
"inflect_ward_k62",56,260211,"TCRgd_CD141",5000,"detected_multimodality","both tests reject in at least two seeds",3,3,3,3,0,0
"inflect_ward_k62",58,5226443,"CD185_CXCR5",1000,"no_detected_multimodality","neither test rejects in any seed",3,0,0,0,0.999874430325026,0.968484242121061
"inflect_ward_k62",58,5226443,"CD185_CXCR5",5000,"no_detected_multimodality","neither test rejects in any seed",3,0,0,0,1,0.661830915457729
"inflect_ward_k62",58,5226443,"CD45RA",1000,"detected_multimodality","both tests reject in at least two seeds",3,3,3,3,0,0
"inflect_ward_k62",58,5226443,"CD45RA",5000,"detected_multimodality","both tests reject in at least two seeds",3,3,3,3,0,0
"inflect_ward_k62",59,1013096,"CD185_CXCR5",1000,"no_detected_multimodality","neither test rejects in any seed",3,0,0,0,1,0.321910955477739
"inflect_ward_k62",59,1013096,"CD185_CXCR5",5000,"ambiguous","discordant_tests;seed_instability;borderline_q",3,1,1,3,0.00101937035442301,0
"inflect_ward_k62",59,1013096,"CD19",1000,"ambiguous","discordant_tests;seed_instability",3,1,1,3,0.0259738279808855,0
"inflect_ward_k62",59,1013096,"CD19",5000,"detected_multimodality","both tests reject in at least two seeds",3,3,3,3,0,0
"inflect_ward_k62",59,1013096,"CD21",1000,"detected_multimodality","both tests reject in at least two seeds",3,3,3,3,0,0
"inflect_ward_k62",59,1013096,"CD21",5000,"detected_multimodality","both tests reject in at least two seeds",3,3,3,3,0,0
"inflect_ward_k62",59,1013096,"CD27",1000,"ambiguous","borderline_q",3,0,0,0,1,0.0855427713856929
"inflect_ward_k62",59,1013096,"CD27",5000,"ambiguous","discordant_tests;seed_instability",3,0,0,1,1,0.0216108054027014
"inflect_ward_k62",60,2920244,"CD127",1000,"no_detected_multimodality","neither test rejects in any seed",3,0,0,0,0.99976895951576,0.87609713947883
"inflect_ward_k62",60,2920244,"CD127",5000,"no_detected_multimodality","neither test rejects in any seed",3,0,0,0,0.999971402306839,0.82616308154077
"inflect_ward_k62",61,278423,"CD14",1000,"ambiguous","discordant_tests",3,0,0,3,0.209964944345852,0
"inflect_ward_k62",61,278423,"CD14",5000,"detected_multimodality","both tests reject in at least two seeds",3,3,3,3,0,0
"inflect_ward_k62",61,278423,"CD185_CXCR5",1000,"ambiguous","discordant_tests",3,0,0,3,0.932777342978641,0
"inflect_ward_k62",61,278423,"CD185_CXCR5",5000,"detected_multimodality","both tests reject in at least two seeds",3,3,3,3,2.31033951579862e-05,0
"inflect_ward_k62",61,278423,"CD197_CCR7",1000,"no_detected_multimodality","neither test rejects in any seed",3,0,0,0,0.998683062472588,0.272064603730437
"inflect_ward_k62",61,278423,"CD197_CCR7",5000,"no_detected_multimodality","neither test rejects in any seed",3,0,0,0,1,0.425982221880171
"inflect_ward_k62",61,278423,"CD27",1000,"ambiguous","discordant_tests;seed_instability;borderline_q",3,0,0,2,0.576482282559931,0
"inflect_ward_k62",61,278423,"CD27",5000,"detected_multimodality","both tests reject in at least two seeds",3,2,2,3,0.000135161408566997,0
"inflect_ward_k62",61,278423,"CD38",1000,"detected_multimodality","both tests reject in at least two seeds",3,3,3,3,0,0
"inflect_ward_k62",61,278423,"CD38",5000,"detected_multimodality","both tests reject in at least two seeds",3,3,3,3,0,0
"inflect_ward_k62",61,278423,"CD7",1000,"ambiguous","discordant_tests",3,0,0,3,0.267749914598905,0
"inflect_ward_k62",61,278423,"CD7",5000,"detected_multimodality","both tests reject in at least two seeds",3,3,3,3,0,0
"inflect_ward_k62",61,278423,"HLA-DR",1000,"no_detected_multimodality","neither test rejects in any seed",3,0,0,0,0.998683062472588,0.73322375473451
"inflect_ward_k62",61,278423,"HLA-DR",5000,"ambiguous","discordant_tests",3,0,0,3,0.826159323311866,0
"inflect_ward_k62",62,541968,"CD127",1000,"no_detected_multimodality","neither test rejects in any seed",3,0,0,0,0.999080743095064,0.347798899449725
"inflect_ward_k62",62,541968,"CD127",5000,"ambiguous","discordant_tests;seed_instability",3,0,0,2,0.783150272077379,0
"inflect_ward_k62",62,541968,"CD161",1000,"no_detected_multimodality","neither test rejects in any seed",3,0,0,0,0.999080743095064,0.619809904952476
"inflect_ward_k62",62,541968,"CD161",5000,"no_detected_multimodality","neither test rejects in any seed",3,0,0,0,1,0.164782391195598
"inflect_ward_k62",62,541968,"CD185_CXCR5",1000,"no_detected_multimodality","neither test rejects in any seed",3,0,0,0,0.999080743095064,0.86074855609623
"inflect_ward_k62",62,541968,"CD185_CXCR5",5000,"no_detected_multimodality","neither test rejects in any seed",3,0,0,0,1,0.303901950975488
"inflect_ward_k62",62,541968,"CD197_CCR7",1000,"ambiguous","borderline_q",3,0,0,0,0.999080743095064,0.0945472736368184
"inflect_ward_k62",62,541968,"CD197_CCR7",5000,"ambiguous","discordant_tests",3,0,0,3,0.783150272077379,0
"inflect_ward_k62",62,541968,"CD27",1000,"no_detected_multimodality","neither test rejects in any seed",3,0,0,0,0.999080743095064,0.86074855609623
"inflect_ward_k62",62,541968,"CD27",5000,"ambiguous","discordant_tests",3,0,0,3,1,0
"inflect_ward_k62",62,541968,"CD3",1000,"no_detected_multimodality","neither test rejects in any seed",3,0,0,0,0.999080743095064,0.399799899949975
"inflect_ward_k62",62,541968,"CD3",5000,"ambiguous","discordant_tests;seed_instability",3,0,0,2,1,0.00540270135067534
"inflect_ward_k62",62,541968,"CD45RA",1000,"no_detected_multimodality","neither test rejects in any seed",3,0,0,0,0.999080743095064,0.121560780390195
"inflect_ward_k62",62,541968,"CD45RA",5000,"ambiguous","discordant_tests;seed_instability",3,0,0,2,1,0.016208104052026
"inflect_ward_k62",62,541968,"CD7",1000,"no_detected_multimodality","neither test rejects in any seed",3,0,0,0,0.999080743095064,0.465982991495748
"inflect_ward_k62",62,541968,"CD7",5000,"ambiguous","discordant_tests",3,0,0,3,1,0
"inflect_ward_k65",1,283291,"CD11c",1000,"detected_multimodality","both tests reject in at least two seeds",3,2,2,3,0.00080820300794715,0
"inflect_ward_k65",1,283291,"CD11c",5000,"detected_multimodality","both tests reject in at least two seeds",3,3,3,3,0,0
"inflect_ward_k65",1,283291,"CD159c_NKG2C",1000,"no_detected_multimodality","neither test rejects in any seed",3,0,0,0,0.997766537922436,0.637818909454727
"inflect_ward_k65",1,283291,"CD159c_NKG2C",5000,"ambiguous","discordant_tests",3,0,0,3,0.338359010631508,0
"inflect_ward_k65",1,283291,"CD185_CXCR5",1000,"ambiguous","discordant_tests;seed_instability;borderline_q",3,0,0,1,0.997766537922436,0
"inflect_ward_k65",1,283291,"CD185_CXCR5",5000,"detected_multimodality","both tests reject in at least two seeds",3,3,3,3,0.000262215018245526,0
"inflect_ward_k65",1,283291,"CD197_CCR7",1000,"no_detected_multimodality","neither test rejects in any seed",3,0,0,0,0.997766537922436,0.630315157578789
"inflect_ward_k65",1,283291,"CD197_CCR7",5000,"ambiguous","discordant_tests",3,0,0,3,0.868125382703954,0
"inflect_ward_k65",1,283291,"CD1c",1000,"no_detected_multimodality","neither test rejects in any seed",3,0,0,0,0.997766537922436,0.667233616808404
"inflect_ward_k65",1,283291,"CD1c",5000,"ambiguous","discordant_tests",3,0,0,3,0.323569784392599,0
"inflect_ward_k65",1,283291,"CD21",1000,"no_detected_multimodality","neither test rejects in any seed",3,0,0,0,0.997766537922436,0.618609304652326
"inflect_ward_k65",1,283291,"CD21",5000,"ambiguous","discordant_tests",3,0,0,3,0.280920523800712,0
"inflect_ward_k65",1,283291,"CD3",1000,"no_detected_multimodality","neither test rejects in any seed",3,0,0,0,0.997766537922436,0.692896448224112
"inflect_ward_k65",1,283291,"CD3",5000,"ambiguous","discordant_tests",3,0,0,3,0.868125382703954,0
"inflect_ward_k65",1,283291,"CD57",1000,"no_detected_multimodality","neither test rejects in any seed",3,0,0,0,0.997766537922436,0.71708581563509
"inflect_ward_k65",1,283291,"CD57",5000,"no_detected_multimodality","neither test rejects in any seed",3,0,0,0,0.999238624850151,0.501679411134139
"inflect_ward_k65",1,283291,"Tbet",1000,"no_detected_multimodality","neither test rejects in any seed",3,0,0,0,0.997766537922436,0.437618809404702
"inflect_ward_k65",1,283291,"Tbet",5000,"ambiguous","discordant_tests;borderline_q",3,0,0,3,0.0677450648848417,0
"inflect_ward_k65",2,271299,"CD11c",1000,"no_detected_multimodality","neither test rejects in any seed",3,0,0,0,0.998679189775275,0.628064032016008
"inflect_ward_k65",2,271299,"CD11c",5000,"ambiguous","discordant_tests",3,0,0,3,0.665779375099995,0
"inflect_ward_k65",2,271299,"CD161",1000,"ambiguous","discordant_tests;seed_instability;borderline_q",3,0,0,1,0.0840519376317241,0
"inflect_ward_k65",2,271299,"CD161",5000,"ambiguous","discordant_tests;seed_instability",3,0,0,1,1,0.0135067533766883
"inflect_ward_k65",2,271299,"CD1c",1000,"no_detected_multimodality","neither test rejects in any seed",3,0,0,0,0.998679189775275,0.628064032016008
"inflect_ward_k65",2,271299,"CD1c",5000,"ambiguous","discordant_tests;seed_instability;borderline_q",3,0,0,2,1,0
"inflect_ward_k65",2,271299,"CD57",1000,"no_detected_multimodality","neither test rejects in any seed",3,0,0,0,0.998679189775275,0.121560780390195
"inflect_ward_k65",2,271299,"CD57",5000,"ambiguous","discordant_tests;seed_instability;borderline_q",3,1,1,3,0.00103143038138709,0
"inflect_ward_k65",3,438555,"CD27",1000,"no_detected_multimodality","neither test rejects in any seed",3,0,0,0,0.996246636239938,0.783391695847924
"inflect_ward_k65",3,438555,"CD27",5000,"no_detected_multimodality","neither test rejects in any seed",3,0,0,0,1,0.856487067062943
"inflect_ward_k65",3,438555,"CD57",1000,"detected_multimodality","both tests reject in at least two seeds",3,2,2,3,0.000267334700254862,0
"inflect_ward_k65",3,438555,"CD57",5000,"detected_multimodality","both tests reject in at least two seeds",3,3,3,3,0,0
"inflect_ward_k65",4,302122,"CD11c",1000,"no_detected_multimodality","neither test rejects in any seed",3,0,0,0,0.998597288667512,0.409704852426213
"inflect_ward_k65",4,302122,"CD11c",5000,"ambiguous","discordant_tests;seed_instability;borderline_q",3,0,0,2,0.833064199570426,0
"inflect_ward_k65",4,302122,"CD159c_NKG2C",1000,"detected_multimodality","both tests reject in at least two seeds",3,3,3,3,0.00107080843991203,0
"inflect_ward_k65",4,302122,"CD159c_NKG2C",5000,"detected_multimodality","both tests reject in at least two seeds",3,3,3,3,0,0
"inflect_ward_k65",4,302122,"CD57",1000,"detected_multimodality","both tests reject in at least two seeds",3,3,3,3,0,0
"inflect_ward_k65",4,302122,"CD57",5000,"detected_multimodality","both tests reject in at least two seeds",3,3,3,3,0,0
"inflect_ward_k65",5,228900,"CD3",1000,"detected_multimodality","both tests reject in at least two seeds",3,3,3,3,0,0
"inflect_ward_k65",5,228900,"CD3",5000,"detected_multimodality","both tests reject in at least two seeds",3,3,3,3,0,0
"inflect_ward_k65",5,228900,"CD57",1000,"detected_multimodality","both tests reject in at least two seeds",3,3,3,3,0.000257695453698914,0
"inflect_ward_k65",5,228900,"CD57",5000,"detected_multimodality","both tests reject in at least two seeds",3,3,3,3,0,0
"inflect_ward_k65",5,228900,"CD8",1000,"no_detected_multimodality","neither test rejects in any seed",3,0,0,0,1,0.553776888444222
"inflect_ward_k65",5,228900,"CD8",5000,"ambiguous","discordant_tests;seed_instability",3,0,0,1,1,0.0270135067533767
"inflect_ward_k65",5,228900,"HLA-DR",1000,"no_detected_multimodality","neither test rejects in any seed",3,0,0,0,1,0.503608947330808
"inflect_ward_k65",5,228900,"HLA-DR",5000,"no_detected_multimodality","neither test rejects in any seed",3,0,0,0,1,0.716501107696705
"inflect_ward_k65",6,331025,"CD11c",1000,"ambiguous","seed_instability",3,1,1,1,0.000558313191764581,0
"inflect_ward_k65",6,331025,"CD11c",5000,"detected_multimodality","both tests reject in at least two seeds",3,3,3,3,0,0
"inflect_ward_k65",6,331025,"CD161",1000,"ambiguous","discordant_tests;seed_instability",3,1,1,2,0.0177055724356779,0
"inflect_ward_k65",6,331025,"CD161",5000,"detected_multimodality","both tests reject in at least two seeds",3,3,3,3,0,0
"inflect_ward_k65",6,331025,"CD3",1000,"detected_multimodality","both tests reject in at least two seeds",3,3,3,3,0.000558313191764581,0
"inflect_ward_k65",6,331025,"CD3",5000,"detected_multimodality","both tests reject in at least two seeds",3,3,3,3,0,0
"inflect_ward_k65",6,331025,"CD4",1000,"no_detected_multimodality","neither test rejects in any seed",3,0,0,0,0.999255897517154,0.649552048751649
"inflect_ward_k65",6,331025,"CD4",5000,"no_detected_multimodality","neither test rejects in any seed",3,0,0,0,1,0.68704352176088
"inflect_ward_k65",6,331025,"CD45RA",1000,"ambiguous","borderline_q",3,0,0,0,0.999255897517154,0.0742871435717859
"inflect_ward_k65",6,331025,"CD45RA",5000,"no_detected_multimodality","neither test rejects in any seed",3,0,0,0,1,0.692703494604445
"inflect_ward_k65",6,331025,"CD57",1000,"ambiguous","discordant_tests;seed_instability",3,0,0,2,0.650628448084231,0
"inflect_ward_k65",6,331025,"CD57",5000,"detected_multimodality","both tests reject in at least two seeds",3,2,2,3,0.00250610234211102,0
"inflect_ward_k65",7,317695,"CD11c",1000,"ambiguous","discordant_tests;seed_instability",3,1,1,3,0.00259817487424852,0
"inflect_ward_k65",7,317695,"CD11c",5000,"detected_multimodality","both tests reject in at least two seeds",3,3,3,3,0,0
"inflect_ward_k65",7,317695,"CD161",1000,"ambiguous","discordant_tests",3,0,0,3,0.12182753325109,0
"inflect_ward_k65",7,317695,"CD161",5000,"detected_multimodality","both tests reject in at least two seeds",3,3,3,3,8.5088515223708e-06,0
"inflect_ward_k65",7,317695,"CD3",1000,"ambiguous","borderline_q",3,0,0,0,1,0.0675337668834417
"inflect_ward_k65",7,317695,"CD3",5000,"ambiguous","discordant_tests;seed_instability",3,0,0,2,0.371320761828538,0
"inflect_ward_k65",7,317695,"CD57",1000,"ambiguous","discordant_tests;seed_instability",3,0,0,1,1,0.0225112556278139
"inflect_ward_k65",7,317695,"CD57",5000,"detected_multimodality","both tests reject in at least two seeds",3,2,2,3,0.00741420545502181,0
"inflect_ward_k65",8,128303,"CD11c",1000,"no_detected_multimodality","neither test rejects in any seed",3,0,0,0,0.998577401371822,0.896269563353105
"inflect_ward_k65",8,128303,"CD11c",5000,"ambiguous","discordant_tests;seed_instability",3,0,0,1,1,0.0135067533766883
"inflect_ward_k65",8,128303,"CD159c_NKG2C",1000,"no_detected_multimodality","neither test rejects in any seed",3,0,0,0,0.998577401371822,0.459229614807404
"inflect_ward_k65",8,128303,"CD159c_NKG2C",5000,"detected_multimodality","both tests reject in at least two seeds",3,2,2,3,0.00243434552498878,0
"inflect_ward_k65",8,128303,"CD16",1000,"no_detected_multimodality","neither test rejects in any seed",3,0,0,0,0.998577401371822,0.789531129200964
"inflect_ward_k65",8,128303,"CD16",5000,"no_detected_multimodality","neither test rejects in any seed",3,0,0,0,1,0.172886443221611
"inflect_ward_k65",8,128303,"CD21",1000,"no_detected_multimodality","neither test rejects in any seed",3,0,0,0,0.998577401371822,0.459229614807404
"inflect_ward_k65",8,128303,"CD21",5000,"ambiguous","borderline_q",3,0,0,0,1,0.0837418709354677
"inflect_ward_k65",8,128303,"CD25",1000,"no_detected_multimodality","neither test rejects in any seed",3,0,0,0,0.998577401371822,0.864432216108054
"inflect_ward_k65",8,128303,"CD25",5000,"no_detected_multimodality","neither test rejects in any seed",3,0,0,0,1,0.889367760803479
"inflect_ward_k65",8,128303,"CD45RA",1000,"no_detected_multimodality","neither test rejects in any seed",3,0,0,0,0.998577401371822,0.35567783891946
"inflect_ward_k65",8,128303,"CD45RA",5000,"ambiguous","discordant_tests;seed_instability",3,0,0,2,1,0
"inflect_ward_k65",8,128303,"CD57",1000,"detected_multimodality","both tests reject in at least two seeds",3,3,3,3,0,0
"inflect_ward_k65",8,128303,"CD57",5000,"detected_multimodality","both tests reject in at least two seeds",3,3,3,3,0,0
"inflect_ward_k65",9,280345,"CD159c_NKG2C",1000,"no_detected_multimodality","neither test rejects in any seed",3,0,0,0,0.997259322295379,0.32416208104052
"inflect_ward_k65",9,280345,"CD159c_NKG2C",5000,"ambiguous","discordant_tests;seed_instability",3,1,1,3,0.0446999838325292,0
"inflect_ward_k65",9,280345,"CD294_CRTH2",1000,"no_detected_multimodality","neither test rejects in any seed",3,0,0,0,0.997259322295379,0.829164582291146
"inflect_ward_k65",9,280345,"CD294_CRTH2",5000,"no_detected_multimodality","neither test rejects in any seed",3,0,0,0,1,0.847709569070249
"inflect_ward_k65",9,280345,"CD57",1000,"detected_multimodality","both tests reject in at least two seeds",3,3,3,3,0.000688710419607053,0
"inflect_ward_k65",9,280345,"CD57",5000,"detected_multimodality","both tests reject in at least two seeds",3,3,3,3,0,0
"inflect_ward_k65",10,58949,"CD14",1000,"no_detected_multimodality","neither test rejects in any seed",3,0,0,0,0.997763948229223,0.559404702351176
"inflect_ward_k65",10,58949,"CD14",5000,"no_detected_multimodality","neither test rejects in any seed",3,0,0,0,1,0.578334621856383
"inflect_ward_k65",10,58949,"CD159c_NKG2C",1000,"ambiguous","discordant_tests",3,0,0,3,0.625419122087926,0
"inflect_ward_k65",10,58949,"CD159c_NKG2C",5000,"detected_multimodality","both tests reject in at least two seeds",3,3,3,3,0,0
"inflect_ward_k65",10,58949,"CD185_CXCR5",1000,"no_detected_multimodality","neither test rejects in any seed",3,0,0,0,0.997763948229223,0.926989810694821
"inflect_ward_k65",10,58949,"CD185_CXCR5",5000,"no_detected_multimodality","neither test rejects in any seed",3,0,0,0,1,0.376838419209605
"inflect_ward_k65",10,58949,"CD19",1000,"no_detected_multimodality","neither test rejects in any seed",3,0,0,0,0.997763948229223,0.559404702351176
"inflect_ward_k65",10,58949,"CD19",5000,"no_detected_multimodality","neither test rejects in any seed",3,0,0,0,1,0.395072536268134
"inflect_ward_k65",10,58949,"CD27",1000,"ambiguous","discordant_tests;seed_instability",3,0,0,1,0.997763948229223,0.00337668834417209
"inflect_ward_k65",10,58949,"CD27",5000,"ambiguous","discordant_tests;seed_instability;borderline_q",3,0,0,2,1,0.00337668834417209
"inflect_ward_k65",10,58949,"CD56",1000,"ambiguous","discordant_tests;seed_instability;borderline_q",3,1,1,3,0.0069870656768159,0
"inflect_ward_k65",10,58949,"CD56",5000,"detected_multimodality","both tests reject in at least two seeds",3,3,3,3,0,0
"inflect_ward_k65",10,58949,"CD57",1000,"ambiguous","discordant_tests;seed_instability",3,1,1,3,0.0069870656768159,0
"inflect_ward_k65",10,58949,"CD57",5000,"detected_multimodality","both tests reject in at least two seeds",3,2,2,3,0,0
"inflect_ward_k65",11,607557,"CD27",1000,"no_detected_multimodality","neither test rejects in any seed",3,0,0,0,0.99697785468447,0.32416208104052
"inflect_ward_k65",11,607557,"CD27",5000,"no_detected_multimodality","neither test rejects in any seed",3,0,0,0,1,0.892088901593654
"inflect_ward_k65",11,607557,"CD294_CRTH2",1000,"no_detected_multimodality","neither test rejects in any seed",3,0,0,0,0.99697785468447,0.483991995997999
"inflect_ward_k65",11,607557,"CD294_CRTH2",5000,"no_detected_multimodality","neither test rejects in any seed",3,0,0,0,1,0.892088901593654
"inflect_ward_k65",11,607557,"CD4",1000,"no_detected_multimodality","neither test rejects in any seed",3,0,0,0,0.99697785468447,0.594297148574287
"inflect_ward_k65",11,607557,"CD4",5000,"no_detected_multimodality","neither test rejects in any seed",3,0,0,0,1,0.40520260130065
"inflect_ward_k65",11,607557,"Tbet",1000,"no_detected_multimodality","neither test rejects in any seed",3,0,0,0,0.99697785468447,0.483991995997999
"inflect_ward_k65",11,607557,"Tbet",5000,"no_detected_multimodality","neither test rejects in any seed",3,0,0,0,1,0.957898949474737
"inflect_ward_k65",12,338387,"CD11c",1000,"detected_multimodality","both tests reject in at least two seeds",3,3,3,3,0,0
"inflect_ward_k65",12,338387,"CD11c",5000,"detected_multimodality","both tests reject in at least two seeds",3,3,3,3,0,0
"inflect_ward_k65",12,338387,"CD16",1000,"no_detected_multimodality","neither test rejects in any seed",3,0,0,0,0.998749365516484,0.733866933466733
"inflect_ward_k65",12,338387,"CD16",5000,"no_detected_multimodality","neither test rejects in any seed",3,0,0,0,1,0.559404702351176
"inflect_ward_k65",12,338387,"CD161",1000,"no_detected_multimodality","neither test rejects in any seed",3,0,0,0,0.998749365516484,0.871705083310886
"inflect_ward_k65",12,338387,"CD161",5000,"no_detected_multimodality","neither test rejects in any seed",3,0,0,0,1,0.299849924962481
"inflect_ward_k65",12,338387,"CD185_CXCR5",1000,"no_detected_multimodality","neither test rejects in any seed",3,0,0,0,0.998749365516484,0.871705083310886
"inflect_ward_k65",12,338387,"CD185_CXCR5",5000,"no_detected_multimodality","neither test rejects in any seed",3,0,0,0,1,0.522261130565283
"inflect_ward_k65",12,338387,"CD197_CCR7",1000,"no_detected_multimodality","neither test rejects in any seed",3,0,0,0,0.998749365516484,0.871705083310886
"inflect_ward_k65",12,338387,"CD197_CCR7",5000,"no_detected_multimodality","neither test rejects in any seed",3,0,0,0,1,0.276888444222111
"inflect_ward_k65",12,338387,"CD1c",1000,"no_detected_multimodality","neither test rejects in any seed",3,0,0,0,0.998749365516484,0.871705083310886
"inflect_ward_k65",12,338387,"CD1c",5000,"no_detected_multimodality","neither test rejects in any seed",3,0,0,0,1,0.559404702351176
"inflect_ward_k65",12,338387,"CD21",1000,"no_detected_multimodality","neither test rejects in any seed",3,0,0,0,0.998749365516484,0.871705083310886
"inflect_ward_k65",12,338387,"CD21",5000,"no_detected_multimodality","neither test rejects in any seed",3,0,0,0,1,0.559404702351176
"inflect_ward_k65",12,338387,"TCRgd_CD141",1000,"ambiguous","borderline_q",3,0,0,0,0.998749365516484,0.0675337668834417
"inflect_ward_k65",12,338387,"TCRgd_CD141",5000,"ambiguous","discordant_tests;seed_instability;borderline_q",3,0,0,2,1,0
"inflect_ward_k65",13,133968,"CD11c",1000,"ambiguous","discordant_tests;seed_instability",3,0,0,2,0.557187193561536,0
"inflect_ward_k65",13,133968,"CD11c",5000,"ambiguous","discordant_tests;seed_instability;borderline_q",3,0,0,2,0.429228074931163,0
"inflect_ward_k65",13,133968,"CD161",1000,"no_detected_multimodality","neither test rejects in any seed",3,0,0,0,1,0.479489744872436
"inflect_ward_k65",13,133968,"CD161",5000,"ambiguous","discordant_tests",3,0,0,3,0.971525689726256,0
"inflect_ward_k65",13,133968,"CD3",1000,"no_detected_multimodality","neither test rejects in any seed",3,0,0,0,1,0.351175587793897
"inflect_ward_k65",13,133968,"CD3",5000,"ambiguous","borderline_q",3,0,0,0,1,0.0894822411205603
"inflect_ward_k65",13,133968,"CD38",1000,"ambiguous","discordant_tests;seed_instability",3,0,0,1,0.282384452494347,0.0270135067533767
"inflect_ward_k65",13,133968,"CD38",5000,"detected_multimodality","both tests reject in at least two seeds",3,3,3,3,0.000361323390216772,0
"inflect_ward_k65",13,133968,"CD56",1000,"ambiguous","discordant_tests;seed_instability",3,0,0,1,1,0.0337668834417209
"inflect_ward_k65",13,133968,"CD56",5000,"detected_multimodality","both tests reject in at least two seeds",3,2,2,3,0.00145729525381755,0
"inflect_ward_k65",13,133968,"CD57",1000,"no_detected_multimodality","neither test rejects in any seed",3,0,0,0,1,0.942875283795744
"inflect_ward_k65",13,133968,"CD57",5000,"no_detected_multimodality","neither test rejects in any seed",3,0,0,0,1,0.906238833702566
"inflect_ward_k65",13,133968,"CD7",1000,"ambiguous","borderline_q",3,0,0,0,1,0.0675337668834417
"inflect_ward_k65",13,133968,"CD7",5000,"detected_multimodality","both tests reject in at least two seeds",3,3,3,3,0.000348340936010105,0
"inflect_ward_k65",13,133968,"FoxP3",1000,"no_detected_multimodality","neither test rejects in any seed",3,0,0,0,1,0.479489744872436
"inflect_ward_k65",13,133968,"FoxP3",5000,"ambiguous","discordant_tests",3,0,0,3,0.130669104631352,0
"inflect_ward_k65",14,251526,"CD11c",1000,"detected_multimodality","both tests reject in at least two seeds",3,3,3,3,0.000193131077442565,0
"inflect_ward_k65",14,251526,"CD11c",5000,"detected_multimodality","both tests reject in at least two seeds",3,3,3,3,0,0
"inflect_ward_k65",14,251526,"CD14",1000,"no_detected_multimodality","neither test rejects in any seed",3,0,0,0,0.999906099142094,0.948714357178589
"inflect_ward_k65",14,251526,"CD14",5000,"no_detected_multimodality","neither test rejects in any seed",3,0,0,0,1,0.903826913456728
"inflect_ward_k65",14,251526,"CD16",1000,"detected_multimodality","both tests reject in at least two seeds",3,2,2,3,0.000153117996576413,0
"inflect_ward_k65",14,251526,"CD16",5000,"detected_multimodality","both tests reject in at least two seeds",3,3,3,3,0,0
"inflect_ward_k65",14,251526,"CD161",1000,"no_detected_multimodality","neither test rejects in any seed",3,0,0,0,0.999906099142094,0.836668334167084
"inflect_ward_k65",14,251526,"CD161",5000,"ambiguous","borderline_q",3,0,0,0,1,0.0742871435717859
"inflect_ward_k65",14,251526,"CD56",1000,"no_detected_multimodality","neither test rejects in any seed",3,0,0,0,0.999906099142094,0.432216108054027
"inflect_ward_k65",14,251526,"CD56",5000,"no_detected_multimodality","neither test rejects in any seed",3,0,0,0,1,0.879360732998078
"inflect_ward_k65",14,251526,"CD57",1000,"detected_multimodality","both tests reject in at least two seeds",3,3,3,3,0,0
"inflect_ward_k65",14,251526,"CD57",5000,"detected_multimodality","both tests reject in at least two seeds",3,3,3,3,0,0
"inflect_ward_k65",15,46765,"CD11c",1000,"ambiguous","discordant_tests;seed_instability;borderline_q",3,0,0,2,0.0829016331355134,0
"inflect_ward_k65",15,46765,"CD11c",5000,"detected_multimodality","both tests reject in at least two seeds",3,3,3,3,0,0
"inflect_ward_k65",15,46765,"CD27",1000,"no_detected_multimodality","neither test rejects in any seed",3,0,0,0,0.997829908458333,0.898718590064263
"inflect_ward_k65",15,46765,"CD27",5000,"ambiguous","discordant_tests;seed_instability",3,0,0,1,1,0.011255627813907
"inflect_ward_k65",15,46765,"CD3",1000,"detected_multimodality","both tests reject in at least two seeds",3,3,3,3,0,0
"inflect_ward_k65",15,46765,"CD3",5000,"detected_multimodality","both tests reject in at least two seeds",3,3,3,3,0,0
"inflect_ward_k65",15,46765,"CD56",1000,"ambiguous","discordant_tests;seed_instability",3,0,0,2,0.340267708728372,0.0135067533766883
"inflect_ward_k65",15,46765,"CD56",5000,"detected_multimodality","both tests reject in at least two seeds",3,3,3,3,4.46451063957909e-05,0
"inflect_ward_k65",15,46765,"CD57",1000,"ambiguous","discordant_tests;seed_instability",3,0,0,1,0.997829908458333,0.0303901950975488
"inflect_ward_k65",15,46765,"CD57",5000,"ambiguous","discordant_tests;seed_instability",3,0,0,2,1,0.016208104052026
"inflect_ward_k65",15,46765,"Tbet",1000,"no_detected_multimodality","neither test rejects in any seed",3,0,0,0,0.997829908458333,0.836775530622454
"inflect_ward_k65",15,46765,"Tbet",5000,"ambiguous","discordant_tests;seed_instability",3,0,0,2,1,0
"inflect_ward_k65",16,277783,"CD57",1000,"detected_multimodality","both tests reject in at least two seeds",3,3,3,3,0,0
"inflect_ward_k65",16,277783,"CD57",5000,"detected_multimodality","both tests reject in at least two seeds",3,3,3,3,0,0
"inflect_ward_k65",17,330393,"CD19",1000,"no_detected_multimodality","neither test rejects in any seed",3,0,0,0,0.999339611772832,0.77663831915958
"inflect_ward_k65",17,330393,"CD19",5000,"no_detected_multimodality","neither test rejects in any seed",3,0,0,0,1,0.270135067533767
"inflect_ward_k65",17,330393,"CD38",1000,"no_detected_multimodality","neither test rejects in any seed",3,0,0,0,0.999339611772832,0.916208104052026
"inflect_ward_k65",17,330393,"CD38",5000,"no_detected_multimodality","neither test rejects in any seed",3,0,0,0,1,0.665207603801901
"inflect_ward_k65",17,330393,"CD45RA",1000,"ambiguous","borderline_q",3,0,0,0,0.999339611772832,0.0540270135067534
"inflect_ward_k65",17,330393,"CD45RA",5000,"ambiguous","discordant_tests;borderline_q",3,0,0,3,0.0951998885577532,0
"inflect_ward_k65",17,330393,"CD56",1000,"no_detected_multimodality","neither test rejects in any seed",3,0,0,0,0.999339611772832,0.347798899449725
"inflect_ward_k65",17,330393,"CD56",5000,"ambiguous","discordant_tests;seed_instability",3,0,0,1,0.217748838598209,0
"inflect_ward_k65",17,330393,"CD57",1000,"detected_multimodality","both tests reject in at least two seeds",3,3,3,3,0,0
"inflect_ward_k65",17,330393,"CD57",5000,"detected_multimodality","both tests reject in at least two seeds",3,3,3,3,0,0
"inflect_ward_k65",17,330393,"HLA-DR",1000,"no_detected_multimodality","neither test rejects in any seed",3,0,0,0,0.999339611772832,0.888509472127368
"inflect_ward_k65",17,330393,"HLA-DR",5000,"no_detected_multimodality","neither test rejects in any seed",3,0,0,0,1,0.796054277138569
"inflect_ward_k65",18,179840,"CD11c",1000,"no_detected_multimodality","neither test rejects in any seed",3,0,0,0,0.994927201825242,0.75887943971986
"inflect_ward_k65",18,179840,"CD11c",5000,"ambiguous","discordant_tests;seed_instability",3,0,0,1,1,0
"inflect_ward_k65",18,179840,"CD197_CCR7",1000,"no_detected_multimodality","neither test rejects in any seed",3,0,0,0,0.994927201825242,0.75887943971986
"inflect_ward_k65",18,179840,"CD197_CCR7",5000,"no_detected_multimodality","neither test rejects in any seed",3,0,0,0,1,0.650575287643822
"inflect_ward_k65",18,179840,"CD3",1000,"detected_multimodality","both tests reject in at least two seeds",3,3,3,3,0,0
"inflect_ward_k65",18,179840,"CD3",5000,"detected_multimodality","both tests reject in at least two seeds",3,3,3,3,0,0
"inflect_ward_k65",18,179840,"CD56",1000,"detected_multimodality","both tests reject in at least two seeds",3,3,3,3,0,0
"inflect_ward_k65",18,179840,"CD56",5000,"detected_multimodality","both tests reject in at least two seeds",3,3,3,3,0,0
"inflect_ward_k65",18,179840,"CD57",1000,"detected_multimodality","both tests reject in at least two seeds",3,3,3,3,3.39046646038454e-05,0
"inflect_ward_k65",18,179840,"CD57",5000,"detected_multimodality","both tests reject in at least two seeds",3,3,3,3,0,0
"inflect_ward_k65",19,147051,"CD11c",1000,"ambiguous","discordant_tests;seed_instability",3,0,0,1,0.999618445552736,0.00900450225112556
"inflect_ward_k65",19,147051,"CD11c",5000,"detected_multimodality","both tests reject in at least two seeds",3,3,3,3,0.00579821753688192,0
"inflect_ward_k65",19,147051,"CD161",1000,"detected_multimodality","both tests reject in at least two seeds",3,2,2,3,0.000102615177075549,0
"inflect_ward_k65",19,147051,"CD161",5000,"detected_multimodality","both tests reject in at least two seeds",3,3,3,3,0,0
"inflect_ward_k65",19,147051,"CD27",1000,"no_detected_multimodality","neither test rejects in any seed",3,0,0,0,0.999618445552736,0.429514757378689
"inflect_ward_k65",19,147051,"CD27",5000,"no_detected_multimodality","neither test rejects in any seed",3,0,0,0,1,0.709104552276138
"inflect_ward_k65",19,147051,"CD3",1000,"no_detected_multimodality","neither test rejects in any seed",3,0,0,0,0.999618445552736,0.590613488562463
"inflect_ward_k65",19,147051,"CD3",5000,"ambiguous","discordant_tests",3,0,0,3,0.828921273815289,0
"inflect_ward_k65",19,147051,"CD56",1000,"ambiguous","discordant_tests;seed_instability",3,1,1,2,0.00160495860390697,0
"inflect_ward_k65",19,147051,"CD56",5000,"detected_multimodality","both tests reject in at least two seeds",3,3,3,3,0,0
"inflect_ward_k65",19,147051,"Tbet",1000,"no_detected_multimodality","neither test rejects in any seed",3,0,0,0,0.999618445552736,0.170185092546273
"inflect_ward_k65",19,147051,"Tbet",5000,"ambiguous","discordant_tests;seed_instability",3,1,1,3,0.0377593159320183,0
"inflect_ward_k65",20,132476,"CD11c",1000,"ambiguous","borderline_q",3,0,0,0,0.902685380423181,0.0607803901950975
"inflect_ward_k65",20,132476,"CD11c",5000,"ambiguous","discordant_tests;seed_instability",3,1,1,2,0.038790815373607,0
"inflect_ward_k65",20,132476,"CD159c_NKG2C",1000,"ambiguous","discordant_tests;seed_instability;borderline_q",3,1,1,3,0.0413648882852168,0
"inflect_ward_k65",20,132476,"CD159c_NKG2C",5000,"detected_multimodality","both tests reject in at least two seeds",3,3,3,3,0,0
"inflect_ward_k65",20,132476,"CD16",1000,"no_detected_multimodality","neither test rejects in any seed",3,0,0,0,0.998857524788548,0.918459229614807
"inflect_ward_k65",20,132476,"CD16",5000,"no_detected_multimodality","neither test rejects in any seed",3,0,0,0,1,0.189094547273637
"inflect_ward_k65",20,132476,"CD1c",1000,"no_detected_multimodality","neither test rejects in any seed",3,0,0,0,0.998857524788548,0.927668379644368
"inflect_ward_k65",20,132476,"CD1c",5000,"no_detected_multimodality","neither test rejects in any seed",3,0,0,0,1,0.936018009004502
"inflect_ward_k65",20,132476,"CD21",1000,"no_detected_multimodality","neither test rejects in any seed",3,0,0,0,0.998857524788548,0.927668379644368
"inflect_ward_k65",20,132476,"CD21",5000,"no_detected_multimodality","neither test rejects in any seed",3,0,0,0,1,0.953351675837919
"inflect_ward_k65",20,132476,"CD3",1000,"no_detected_multimodality","neither test rejects in any seed",3,0,0,0,0.998857524788548,0.9556028014007
"inflect_ward_k65",20,132476,"CD3",5000,"ambiguous","discordant_tests",3,0,0,3,0.563931684385847,0
"inflect_ward_k65",21,28208,"CD11c",1000,"no_detected_multimodality","neither test rejects in any seed",3,0,0,0,0.997793136366166,0.43671835917959
"inflect_ward_k65",21,28208,"CD11c",5000,"no_detected_multimodality","neither test rejects in any seed",3,0,0,0,1,0.751611099667481
"inflect_ward_k65",21,28208,"CD25",1000,"no_detected_multimodality","neither test rejects in any seed",3,0,0,0,0.997793136366166,0.790145072536268
"inflect_ward_k65",21,28208,"CD25",5000,"no_detected_multimodality","neither test rejects in any seed",3,0,0,0,1,0.790895447723862
"inflect_ward_k65",21,28208,"CD3",1000,"no_detected_multimodality","neither test rejects in any seed",3,0,0,0,0.997793136366166,0.795723948930987
"inflect_ward_k65",21,28208,"CD3",5000,"ambiguous","discordant_tests;seed_instability;borderline_q",3,0,0,1,1,0.0292646323161581
"inflect_ward_k65",21,28208,"CD56",1000,"ambiguous","discordant_tests;seed_instability;borderline_q",3,0,0,1,0.997793136366166,0.0135067533766883
"inflect_ward_k65",21,28208,"CD56",5000,"detected_multimodality","both tests reject in at least two seeds",3,3,3,3,0.000222819189758083,0
"inflect_ward_k65",21,28208,"CD57",1000,"no_detected_multimodality","neither test rejects in any seed",3,0,0,0,0.997793136366166,0.675337668834417
"inflect_ward_k65",21,28208,"CD57",5000,"ambiguous","discordant_tests",3,0,0,3,1,0
"inflect_ward_k65",21,28208,"FoxP3",1000,"no_detected_multimodality","neither test rejects in any seed",3,0,0,0,0.997793136366166,0.767183591795898
"inflect_ward_k65",21,28208,"FoxP3",5000,"no_detected_multimodality","neither test rejects in any seed",3,0,0,0,1,0.794765803954609
"inflect_ward_k65",21,28208,"TCRgd_CD141",1000,"no_detected_multimodality","neither test rejects in any seed",3,0,0,0,0.997793136366166,0.675337668834417
"inflect_ward_k65",21,28208,"TCRgd_CD141",5000,"ambiguous","discordant_tests",3,0,0,3,0.261338209262703,0
"inflect_ward_k65",22,195943,"CD161",1000,"detected_multimodality","both tests reject in at least two seeds",3,3,3,3,0.00107080843991203,0
"inflect_ward_k65",22,195943,"CD161",5000,"detected_multimodality","both tests reject in at least two seeds",3,3,3,3,0,0
"inflect_ward_k65",22,195943,"CD27",1000,"detected_multimodality","both tests reject in at least two seeds",3,3,3,3,0,0
"inflect_ward_k65",22,195943,"CD27",5000,"detected_multimodality","both tests reject in at least two seeds",3,3,3,3,0,0
"inflect_ward_k65",22,195943,"CD4",1000,"no_detected_multimodality","neither test rejects in any seed",3,0,0,0,0.997468725673739,0.874937468734367
"inflect_ward_k65",22,195943,"CD4",5000,"no_detected_multimodality","neither test rejects in any seed",3,0,0,0,1,0.657328664332166
"inflect_ward_k65",22,195943,"FoxP3",1000,"no_detected_multimodality","neither test rejects in any seed",3,0,0,0,0.997468725673739,0.783391695847924
"inflect_ward_k65",22,195943,"FoxP3",5000,"no_detected_multimodality","neither test rejects in any seed",3,0,0,0,1,0.762681340670335
"inflect_ward_k65",23,1235429,"CD27",1000,"detected_multimodality","both tests reject in at least two seeds",3,2,2,3,0.000393088789601648,0
"inflect_ward_k65",23,1235429,"CD27",5000,"detected_multimodality","both tests reject in at least two seeds",3,3,3,3,0,0
"inflect_ward_k65",23,1235429,"CD45RA",1000,"detected_multimodality","both tests reject in at least two seeds",3,2,2,3,0.00658397391057275,0
"inflect_ward_k65",23,1235429,"CD45RA",5000,"detected_multimodality","both tests reject in at least two seeds",3,3,3,3,0,0
"inflect_ward_k65",23,1235429,"FoxP3",1000,"no_detected_multimodality","neither test rejects in any seed",3,0,0,0,0.999179154495278,0.570660330165083
"inflect_ward_k65",23,1235429,"FoxP3",5000,"no_detected_multimodality","neither test rejects in any seed",3,0,0,0,1,0.841683999894684
"inflect_ward_k65",24,122981,"CD161",1000,"ambiguous","discordant_tests",3,0,0,3,0.323532424109758,0.0173420043355011
"inflect_ward_k65",24,122981,"CD161",5000,"detected_multimodality","both tests reject in at least two seeds",3,3,3,3,8.20108560242172e-05,0
"inflect_ward_k65",24,122981,"CD197_CCR7",1000,"no_detected_multimodality","neither test rejects in any seed",3,0,0,0,0.999143511649045,0.292646323161581
"inflect_ward_k65",24,122981,"CD197_CCR7",5000,"ambiguous","discordant_tests",3,0,0,3,0.273816286370918,0
"inflect_ward_k65",24,122981,"CD303_TCRvd2",1000,"no_detected_multimodality","neither test rejects in any seed",3,0,0,0,0.999143511649045,0.852268239382849
"inflect_ward_k65",24,122981,"CD303_TCRvd2",5000,"no_detected_multimodality","neither test rejects in any seed",3,0,0,0,1,0.922919793229948
"inflect_ward_k65",24,122981,"CD38",1000,"detected_multimodality","both tests reject in at least two seeds",3,2,2,3,0.000851484619005638,0
"inflect_ward_k65",24,122981,"CD38",5000,"detected_multimodality","both tests reject in at least two seeds",3,3,3,3,0,0
"inflect_ward_k65",24,122981,"CD45RA",1000,"ambiguous","discordant_tests;seed_instability",3,0,0,1,0.999143511649045,0.0182091045522761
"inflect_ward_k65",24,122981,"CD45RA",5000,"ambiguous","discordant_tests",3,0,0,3,0.192620680315705,0
"inflect_ward_k65",24,122981,"CD7",1000,"ambiguous","discordant_tests;seed_instability",3,1,1,2,0.00507463690626841,0
"inflect_ward_k65",24,122981,"CD7",5000,"detected_multimodality","both tests reject in at least two seeds",3,3,3,3,0,0
"inflect_ward_k65",24,122981,"FoxP3",1000,"detected_multimodality","both tests reject in at least two seeds",3,3,3,3,0,0
"inflect_ward_k65",24,122981,"FoxP3",5000,"detected_multimodality","both tests reject in at least two seeds",3,3,3,3,0,0
"inflect_ward_k65",25,40140,"CD11c",1000,"no_detected_multimodality","neither test rejects in any seed",3,0,0,0,0.999367255531659,0.638676481097692
"inflect_ward_k65",25,40140,"CD11c",5000,"no_detected_multimodality","neither test rejects in any seed",3,0,0,0,1,0.343457443007218
"inflect_ward_k65",25,40140,"CD159c_NKG2C",1000,"ambiguous","discordant_tests;seed_instability",3,0,0,1,0.999367255531659,0.0337668834417209
"inflect_ward_k65",25,40140,"CD159c_NKG2C",5000,"detected_multimodality","both tests reject in at least two seeds",3,3,3,3,8.94804485157552e-06,0
"inflect_ward_k65",25,40140,"CD16",1000,"no_detected_multimodality","neither test rejects in any seed",3,0,0,0,0.999367255531659,0.293771885942971
"inflect_ward_k65",25,40140,"CD16",5000,"ambiguous","discordant_tests",3,0,0,3,0.28068136687119,0
"inflect_ward_k65",25,40140,"CD3",1000,"ambiguous","discordant_tests;seed_instability",3,1,1,3,0.000781952857121126,0
"inflect_ward_k65",25,40140,"CD3",5000,"detected_multimodality","both tests reject in at least two seeds",3,3,3,3,0,0
"inflect_ward_k65",25,40140,"CD38",1000,"no_detected_multimodality","neither test rejects in any seed",3,0,0,0,0.999367255531659,0.423211605802901
"inflect_ward_k65",25,40140,"CD38",5000,"no_detected_multimodality","neither test rejects in any seed",3,0,0,0,1,0.584167083541771
"inflect_ward_k65",25,40140,"CD45RA",1000,"no_detected_multimodality","neither test rejects in any seed",3,0,0,0,0.999367255531659,0.423211605802901
"inflect_ward_k65",25,40140,"CD45RA",5000,"no_detected_multimodality","neither test rejects in any seed",3,0,0,0,1,0.686593296648324
"inflect_ward_k65",25,40140,"CD56",1000,"ambiguous","borderline_q",3,0,0,0,0.999367255531659,0.0990495247623812
"inflect_ward_k65",25,40140,"CD56",5000,"ambiguous","discordant_tests",3,0,0,3,0.149757677090347,0
"inflect_ward_k65",25,40140,"CD57",1000,"no_detected_multimodality","neither test rejects in any seed",3,0,0,0,0.999367255531659,0.249874937468734
"inflect_ward_k65",25,40140,"CD57",5000,"ambiguous","discordant_tests;seed_instability",3,0,0,1,1,0.040520260130065
"inflect_ward_k65",26,331660,"CD127",1000,"no_detected_multimodality","neither test rejects in any seed",3,0,0,0,0.999597476842816,0.32416208104052
"inflect_ward_k65",26,331660,"CD127",5000,"no_detected_multimodality","neither test rejects in any seed",3,0,0,0,1,0.310655327663832
"inflect_ward_k65",26,331660,"CD14",1000,"no_detected_multimodality","neither test rejects in any seed",3,0,0,0,0.999597476842816,0.480681517229203
"inflect_ward_k65",26,331660,"CD14",5000,"no_detected_multimodality","neither test rejects in any seed",3,0,0,0,1,0.610505252626313
"inflect_ward_k65",26,331660,"CD159c_NKG2C",1000,"no_detected_multimodality","neither test rejects in any seed",3,0,0,0,0.999597476842816,0.88350057381632
"inflect_ward_k65",26,331660,"CD159c_NKG2C",5000,"no_detected_multimodality","neither test rejects in any seed",3,0,0,0,1,0.820795012891061
"inflect_ward_k65",26,331660,"CD161",1000,"ambiguous","seed_instability",3,1,1,1,0.0281944816441264,0
"inflect_ward_k65",26,331660,"CD161",5000,"ambiguous","discordant_tests;seed_instability;borderline_q",3,1,1,3,0.000359683286801693,0
"inflect_ward_k65",26,331660,"CD19",1000,"no_detected_multimodality","neither test rejects in any seed",3,0,0,0,0.999597476842816,0.24312156078039
"inflect_ward_k65",26,331660,"CD19",5000,"no_detected_multimodality","neither test rejects in any seed",3,0,0,0,1,0.289044522261131
"inflect_ward_k65",26,331660,"CD27",1000,"detected_multimodality","both tests reject in at least two seeds",3,2,2,2,0.00267747590647938,0
"inflect_ward_k65",26,331660,"CD27",5000,"detected_multimodality","both tests reject in at least two seeds",3,3,3,3,0,0
"inflect_ward_k65",26,331660,"CD3",1000,"no_detected_multimodality","neither test rejects in any seed",3,0,0,0,0.999597476842816,0.919584792396198
"inflect_ward_k65",26,331660,"CD3",5000,"no_detected_multimodality","neither test rejects in any seed",3,0,0,0,1,0.610505252626313
"inflect_ward_k65",26,331660,"CD303_TCRvd2",1000,"detected_multimodality","both tests reject in at least two seeds",3,3,3,3,0,0
"inflect_ward_k65",26,331660,"CD303_TCRvd2",5000,"detected_multimodality","both tests reject in at least two seeds",3,3,3,3,0,0
"inflect_ward_k65",26,331660,"CD56",1000,"no_detected_multimodality","neither test rejects in any seed",3,0,0,0,0.999597476842816,0.480681517229203
"inflect_ward_k65",26,331660,"CD56",5000,"no_detected_multimodality","neither test rejects in any seed",3,0,0,0,1,0.720360180090045
"inflect_ward_k65",26,331660,"CD7",1000,"no_detected_multimodality","neither test rejects in any seed",3,0,0,0,0.999597476842816,0.88350057381632
"inflect_ward_k65",26,331660,"CD7",5000,"no_detected_multimodality","neither test rejects in any seed",3,0,0,0,1,0.780015007503752
"inflect_ward_k65",26,331660,"CD8",1000,"no_detected_multimodality","neither test rejects in any seed",3,0,0,0,0.999597476842816,0.848352747802473
"inflect_ward_k65",26,331660,"CD8",5000,"no_detected_multimodality","neither test rejects in any seed",3,0,0,0,1,0.88280140070035
"inflect_ward_k65",26,331660,"Tbet",1000,"no_detected_multimodality","neither test rejects in any seed",3,0,0,0,0.999597476842816,0.316658329164582
"inflect_ward_k65",26,331660,"Tbet",5000,"no_detected_multimodality","neither test rejects in any seed",3,0,0,0,1,0.180990495247624
"inflect_ward_k65",26,331660,"TCRgd_CD141",1000,"detected_multimodality","both tests reject in at least two seeds",3,3,3,3,0,0
"inflect_ward_k65",26,331660,"TCRgd_CD141",5000,"detected_multimodality","both tests reject in at least two seeds",3,3,3,3,0,0
"inflect_ward_k65",27,636588,"CD11c",1000,"no_detected_multimodality","neither test rejects in any seed",3,0,0,0,0.997405293237661,0.5450372244946
"inflect_ward_k65",27,636588,"CD11c",5000,"ambiguous","discordant_tests",3,0,0,3,0.394040130425011,0
"inflect_ward_k65",27,636588,"CD127",1000,"ambiguous","discordant_tests;seed_instability",3,0,0,1,0.997405293237661,0.040520260130065
"inflect_ward_k65",27,636588,"CD127",5000,"ambiguous","discordant_tests;borderline_q",3,0,0,3,0.087112736420901,0
"inflect_ward_k65",27,636588,"CD159c_NKG2C",1000,"no_detected_multimodality","neither test rejects in any seed",3,0,0,0,0.997405293237661,0.771235617808904
"inflect_ward_k65",27,636588,"CD159c_NKG2C",5000,"ambiguous","discordant_tests",3,0,0,3,0.357599201865478,0
"inflect_ward_k65",27,636588,"CD16",1000,"detected_multimodality","both tests reject in at least two seeds",3,2,2,3,0.000172304633522136,0
"inflect_ward_k65",27,636588,"CD16",5000,"detected_multimodality","both tests reject in at least two seeds",3,3,3,3,0,0
"inflect_ward_k65",27,636588,"CD185_CXCR5",1000,"ambiguous","discordant_tests;seed_instability",3,0,0,1,0.997405293237661,0.0360180090045022
"inflect_ward_k65",27,636588,"CD185_CXCR5",5000,"ambiguous","discordant_tests;seed_instability;borderline_q",3,1,1,3,0.0416639330622602,0
"inflect_ward_k65",27,636588,"CD21",1000,"ambiguous","discordant_tests",3,0,0,3,0.997405293237661,0
"inflect_ward_k65",27,636588,"CD21",5000,"detected_multimodality","both tests reject in at least two seeds",3,3,3,3,0,0
"inflect_ward_k65",27,636588,"CD25",1000,"ambiguous","discordant_tests;seed_instability",3,0,0,1,0.997405293237661,0.040520260130065
"inflect_ward_k65",27,636588,"CD25",5000,"ambiguous","discordant_tests",3,0,0,3,0.75509191095275,0
"inflect_ward_k65",27,636588,"CD27",1000,"no_detected_multimodality","neither test rejects in any seed",3,0,0,0,0.997405293237661,0.415332666333167
"inflect_ward_k65",27,636588,"CD27",5000,"ambiguous","discordant_tests",3,0,0,3,0.998902696740587,0.00122788667060803
"inflect_ward_k65",27,636588,"CD3",1000,"no_detected_multimodality","neither test rejects in any seed",3,0,0,0,0.997405293237661,0.5450372244946
"inflect_ward_k65",27,636588,"CD3",5000,"ambiguous","discordant_tests;borderline_q",3,0,0,3,0.087112736420901,0
"inflect_ward_k65",27,636588,"CD303_TCRvd2",1000,"no_detected_multimodality","neither test rejects in any seed",3,0,0,0,0.997405293237661,0.473701136282427
"inflect_ward_k65",27,636588,"CD303_TCRvd2",5000,"no_detected_multimodality","neither test rejects in any seed",3,0,0,0,0.998902696740587,0.311449842568343
"inflect_ward_k65",27,636588,"CD38",1000,"ambiguous","discordant_tests;seed_instability",3,0,0,1,0.997405293237661,0.0135067533766883
"inflect_ward_k65",27,636588,"CD38",5000,"detected_multimodality","both tests reject in at least two seeds",3,3,3,3,0.00189210027807885,0
"inflect_ward_k65",27,636588,"CD45RA",1000,"no_detected_multimodality","neither test rejects in any seed",3,0,0,0,0.997405293237661,0.113456728364182
"inflect_ward_k65",27,636588,"CD45RA",5000,"ambiguous","discordant_tests;seed_instability",3,1,1,3,0.0416639330622602,0
"inflect_ward_k65",27,636588,"CD56",1000,"no_detected_multimodality","neither test rejects in any seed",3,0,0,0,0.997405293237661,0.113456728364182
"inflect_ward_k65",27,636588,"CD56",5000,"no_detected_multimodality","neither test rejects in any seed",3,0,0,0,0.998902696740587,0.554420067176445
"inflect_ward_k65",27,636588,"FoxP3",1000,"no_detected_multimodality","neither test rejects in any seed",3,0,0,0,0.997405293237661,0.415332666333167
"inflect_ward_k65",27,636588,"FoxP3",5000,"no_detected_multimodality","neither test rejects in any seed",3,0,0,0,0.998902696740587,0.296304402201101
"inflect_ward_k65",28,187264,"CD159c_NKG2C",1000,"no_detected_multimodality","neither test rejects in any seed",3,0,0,0,1,0.987993996998499
"inflect_ward_k65",28,187264,"CD159c_NKG2C",5000,"no_detected_multimodality","neither test rejects in any seed",3,0,0,0,1,0.848764382191096
"inflect_ward_k65",28,187264,"CD161",1000,"detected_multimodality","both tests reject in at least two seeds",3,2,2,3,0.000116574688659221,0
"inflect_ward_k65",28,187264,"CD161",5000,"detected_multimodality","both tests reject in at least two seeds",3,3,3,3,0,0
"inflect_ward_k65",29,143811,"CD11c",1000,"ambiguous","discordant_tests;seed_instability",3,0,0,1,0.998125989355157,0.040520260130065
"inflect_ward_k65",29,143811,"CD11c",5000,"no_detected_multimodality","neither test rejects in any seed",3,0,0,0,1,0.216108054027013
"inflect_ward_k65",29,143811,"CD38",1000,"ambiguous","discordant_tests;seed_instability",3,0,0,1,0.889698032762452,0
"inflect_ward_k65",29,143811,"CD38",5000,"ambiguous","discordant_tests;seed_instability",3,1,1,2,0.0382367095023629,0
"inflect_ward_k65",29,143811,"CD7",1000,"ambiguous","discordant_tests;seed_instability;borderline_q",3,0,0,1,0.708488636149283,0
"inflect_ward_k65",29,143811,"CD7",5000,"detected_multimodality","both tests reject in at least two seeds",3,3,3,3,9.31368927721277e-05,0
"inflect_ward_k65",29,143811,"FoxP3",1000,"no_detected_multimodality","neither test rejects in any seed",3,0,0,0,0.998125989355157,0.371435717858929
"inflect_ward_k65",29,143811,"FoxP3",5000,"no_detected_multimodality","neither test rejects in any seed",3,0,0,0,1,0.684792396198099
"inflect_ward_k65",30,105074,"CD11c",1000,"ambiguous","discordant_tests;seed_instability;borderline_q",3,0,0,2,0.0912690843658609,0
"inflect_ward_k65",30,105074,"CD11c",5000,"detected_multimodality","both tests reject in at least two seeds",3,2,2,3,7.41315737455839e-05,0
"inflect_ward_k65",30,105074,"CD159c_NKG2C",1000,"ambiguous","discordant_tests;seed_instability;borderline_q",3,0,0,1,0.6581698795935,0.00900450225112556
"inflect_ward_k65",30,105074,"CD159c_NKG2C",5000,"detected_multimodality","both tests reject in at least two seeds",3,3,3,3,0,0
"inflect_ward_k65",30,105074,"CD19",1000,"no_detected_multimodality","neither test rejects in any seed",3,0,0,0,0.996313375020892,0.202601300650325
"inflect_ward_k65",30,105074,"CD19",5000,"no_detected_multimodality","neither test rejects in any seed",3,0,0,0,1,0.812483164659253
"inflect_ward_k65",30,105074,"CD3",1000,"ambiguous","discordant_tests;seed_instability",3,0,0,1,0.749780234952195,0
"inflect_ward_k65",30,105074,"CD3",5000,"detected_multimodality","both tests reject in at least two seeds",3,3,3,3,1.90892287317279e-05,0
"inflect_ward_k65",30,105074,"CD56",1000,"no_detected_multimodality","neither test rejects in any seed",3,0,0,0,0.996313375020892,0.68584292146073
"inflect_ward_k65",30,105074,"CD56",5000,"no_detected_multimodality","neither test rejects in any seed",3,0,0,0,1,0.308725791467162
"inflect_ward_k65",30,105074,"CD57",1000,"ambiguous","discordant_tests;seed_instability",3,1,1,3,0.00233711702308614,0
"inflect_ward_k65",30,105074,"CD57",5000,"detected_multimodality","both tests reject in at least two seeds",3,3,3,3,0,0
"inflect_ward_k65",30,105074,"TCRgd_CD141",1000,"no_detected_multimodality","neither test rejects in any seed",3,0,0,0,0.996313375020892,0.75722236118059
"inflect_ward_k65",30,105074,"TCRgd_CD141",5000,"no_detected_multimodality","neither test rejects in any seed",3,0,0,0,1,0.812483164659253
"inflect_ward_k65",31,113765,"CD11c",1000,"ambiguous","borderline_q",3,0,0,0,0.999815699589553,0.0810405202601301
"inflect_ward_k65",31,113765,"CD11c",5000,"ambiguous","discordant_tests;seed_instability",3,0,0,1,1,0.00270135067533767
"inflect_ward_k65",31,113765,"CD16",1000,"no_detected_multimodality","neither test rejects in any seed",3,0,0,0,0.999815699589553,0.294447223611806
"inflect_ward_k65",31,113765,"CD16",5000,"ambiguous","discordant_tests;seed_instability;borderline_q",3,0,0,1,1,0.0108054027013507
"inflect_ward_k65",31,113765,"CD161",1000,"detected_multimodality","both tests reject in at least two seeds",3,3,3,3,0,0
"inflect_ward_k65",31,113765,"CD161",5000,"detected_multimodality","both tests reject in at least two seeds",3,3,3,3,0,0
"inflect_ward_k65",31,113765,"CD303_TCRvd2",1000,"detected_multimodality","both tests reject in at least two seeds",3,3,3,3,0,0
"inflect_ward_k65",31,113765,"CD303_TCRvd2",5000,"detected_multimodality","both tests reject in at least two seeds",3,3,3,3,0,0
"inflect_ward_k65",31,113765,"CD45RA",1000,"ambiguous","discordant_tests",3,0,0,3,0.262273724560018,0.00900450225112556
"inflect_ward_k65",31,113765,"CD45RA",5000,"detected_multimodality","both tests reject in at least two seeds",3,3,3,3,0.000564699941635549,0
"inflect_ward_k65",31,113765,"FoxP3",1000,"ambiguous","borderline_q",3,0,0,0,0.999815699589553,0.0810405202601301
"inflect_ward_k65",31,113765,"FoxP3",5000,"no_detected_multimodality","neither test rejects in any seed",3,0,0,0,1,0.310655327663832
"inflect_ward_k65",31,113765,"HLA-DR",1000,"no_detected_multimodality","neither test rejects in any seed",3,0,0,0,0.999815699589553,0.788953300179501
"inflect_ward_k65",31,113765,"HLA-DR",5000,"no_detected_multimodality","neither test rejects in any seed",3,0,0,0,1,0.978989494747374
"inflect_ward_k65",31,113765,"Tbet",1000,"no_detected_multimodality","neither test rejects in any seed",3,0,0,0,0.999815699589553,0.401518941288826
"inflect_ward_k65",31,113765,"Tbet",5000,"no_detected_multimodality","neither test rejects in any seed",3,0,0,0,1,0.822684069307381
"inflect_ward_k65",31,113765,"TCRgd_CD141",1000,"ambiguous","borderline_q",3,0,0,0,0.999815699589553,0.0810405202601301
"inflect_ward_k65",31,113765,"TCRgd_CD141",5000,"ambiguous","discordant_tests",3,0,0,3,0.102441277699451,0
"inflect_ward_k65",32,100069,"CD159c_NKG2C",1000,"no_detected_multimodality","neither test rejects in any seed",3,0,0,0,0.99921384109896,0.676088044022011
"inflect_ward_k65",32,100069,"CD159c_NKG2C",5000,"no_detected_multimodality","neither test rejects in any seed",3,0,0,0,1,0.697286143071536
"inflect_ward_k65",32,100069,"CD16",1000,"no_detected_multimodality","neither test rejects in any seed",3,0,0,0,0.99921384109896,0.676088044022011
"inflect_ward_k65",32,100069,"CD16",5000,"ambiguous","discordant_tests;seed_instability",3,0,0,1,1,0.00337668834417209
"inflect_ward_k65",32,100069,"CD197_CCR7",1000,"no_detected_multimodality","neither test rejects in any seed",3,0,0,0,0.99921384109896,0.351175587793897
"inflect_ward_k65",32,100069,"CD197_CCR7",5000,"no_detected_multimodality","neither test rejects in any seed",3,0,0,0,1,0.254377188594297
"inflect_ward_k65",32,100069,"CD1c",1000,"no_detected_multimodality","neither test rejects in any seed",3,0,0,0,0.99921384109896,0.676088044022011
"inflect_ward_k65",32,100069,"CD1c",5000,"no_detected_multimodality","neither test rejects in any seed",3,0,0,0,1,0.697286143071536
"inflect_ward_k65",32,100069,"CD21",1000,"no_detected_multimodality","neither test rejects in any seed",3,0,0,0,0.99921384109896,0.676088044022011
"inflect_ward_k65",32,100069,"CD21",5000,"no_detected_multimodality","neither test rejects in any seed",3,0,0,0,1,0.254377188594297
"inflect_ward_k65",32,100069,"CD56",1000,"ambiguous","discordant_tests;seed_instability",3,1,1,3,0.0498777223545598,0
"inflect_ward_k65",32,100069,"CD56",5000,"detected_multimodality","both tests reject in at least two seeds",3,3,3,3,0,0
"inflect_ward_k65",32,100069,"CD57",1000,"ambiguous","discordant_tests;seed_instability",3,0,0,1,0.488387919028462,0.040520260130065
"inflect_ward_k65",32,100069,"CD57",5000,"detected_multimodality","both tests reject in at least two seeds",3,3,3,3,0,0
"inflect_ward_k65",32,100069,"CD7",1000,"no_detected_multimodality","neither test rejects in any seed",3,0,0,0,0.99921384109896,0.24312156078039
"inflect_ward_k65",32,100069,"CD7",5000,"no_detected_multimodality","neither test rejects in any seed",3,0,0,0,1,0.858643607518045
"inflect_ward_k65",33,88785,"CD127",1000,"ambiguous","borderline_q",3,0,0,0,0.998472774320076,0.0765382691345673
"inflect_ward_k65",33,88785,"CD127",5000,"ambiguous","discordant_tests;seed_instability",3,1,1,3,0.0153113100119893,0
"inflect_ward_k65",33,88785,"CD14",1000,"ambiguous","discordant_tests;seed_instability;borderline_q",3,0,0,1,0.17872503328402,0
"inflect_ward_k65",33,88785,"CD14",5000,"detected_multimodality","both tests reject in at least two seeds",3,3,3,3,0,0
"inflect_ward_k65",33,88785,"CD161",1000,"ambiguous","discordant_tests;seed_instability;borderline_q",3,0,0,2,0.998472774320076,0.00450225112556278
"inflect_ward_k65",33,88785,"CD161",5000,"detected_multimodality","both tests reject in at least two seeds",3,3,3,3,6.45992255413064e-05,0
"inflect_ward_k65",33,88785,"CD185_CXCR5",1000,"ambiguous","discordant_tests;seed_instability",3,0,0,1,0.998472774320076,0.0168834417208604
"inflect_ward_k65",33,88785,"CD185_CXCR5",5000,"detected_multimodality","both tests reject in at least two seeds",3,3,3,3,0.000251980885952108,0
"inflect_ward_k65",33,88785,"CD38",1000,"detected_multimodality","both tests reject in at least two seeds",3,3,3,3,0,0
"inflect_ward_k65",33,88785,"CD38",5000,"detected_multimodality","both tests reject in at least two seeds",3,3,3,3,0,0
"inflect_ward_k65",33,88785,"CD7",1000,"no_detected_multimodality","neither test rejects in any seed",3,0,0,0,0.998472774320076,0.339019509754877
"inflect_ward_k65",33,88785,"CD7",5000,"detected_multimodality","both tests reject in at least two seeds",3,2,2,3,0.0338725324424208,0
"inflect_ward_k65",33,88785,"CD8",1000,"no_detected_multimodality","neither test rejects in any seed",3,0,0,0,0.998472774320076,0.890882941470735
"inflect_ward_k65",33,88785,"CD8",5000,"no_detected_multimodality","neither test rejects in any seed",3,0,0,0,1,0.128928100413843
"inflect_ward_k65",33,88785,"FoxP3",1000,"ambiguous","borderline_q",3,0,0,0,0.998472774320076,0.0765382691345673
"inflect_ward_k65",33,88785,"FoxP3",5000,"ambiguous","discordant_tests;seed_instability;borderline_q",3,0,0,1,1,0.048624312156078
"inflect_ward_k65",33,88785,"Tbet",1000,"detected_multimodality","both tests reject in at least two seeds",3,3,3,3,0,0
"inflect_ward_k65",33,88785,"Tbet",5000,"detected_multimodality","both tests reject in at least two seeds",3,3,3,3,0,0
"inflect_ward_k65",34,492309,"CD11c",1000,"no_detected_multimodality","neither test rejects in any seed",3,0,0,0,0.998228006519573,0.67383691845923
"inflect_ward_k65",34,492309,"CD11c",5000,"no_detected_multimodality","neither test rejects in any seed",3,0,0,0,1,0.413081540770385
"inflect_ward_k65",34,492309,"CD16",1000,"no_detected_multimodality","neither test rejects in any seed",3,0,0,0,0.998228006519573,0.838032652689981
"inflect_ward_k65",34,492309,"CD16",5000,"no_detected_multimodality","neither test rejects in any seed",3,0,0,0,1,0.254377188594297
"inflect_ward_k65",34,492309,"CD27",1000,"detected_multimodality","both tests reject in at least two seeds",3,3,3,3,0.000554781733014154,0
"inflect_ward_k65",34,492309,"CD27",5000,"detected_multimodality","both tests reject in at least two seeds",3,3,3,3,0,0
"inflect_ward_k65",34,492309,"CD303_TCRvd2",1000,"detected_multimodality","both tests reject in at least two seeds",3,3,3,3,0,0
"inflect_ward_k65",34,492309,"CD303_TCRvd2",5000,"detected_multimodality","both tests reject in at least two seeds",3,3,3,3,0,0
"inflect_ward_k65",34,492309,"CD45RA",1000,"no_detected_multimodality","neither test rejects in any seed",3,0,0,0,0.998228006519573,0.807703851925963
"inflect_ward_k65",34,492309,"CD45RA",5000,"no_detected_multimodality","neither test rejects in any seed",3,0,0,0,1,0.954927463731866
"inflect_ward_k65",34,492309,"TCRgd_CD141",1000,"detected_multimodality","both tests reject in at least two seeds",3,3,3,3,0,0
"inflect_ward_k65",34,492309,"TCRgd_CD141",5000,"detected_multimodality","both tests reject in at least two seeds",3,3,3,3,0,0
"inflect_ward_k65",35,336733,"CD11c",1000,"no_detected_multimodality","neither test rejects in any seed",3,0,0,0,0.999450797504524,0.267883941970986
"inflect_ward_k65",35,336733,"CD11c",5000,"no_detected_multimodality","neither test rejects in any seed",3,0,0,0,1,0.457428714357179
"inflect_ward_k65",35,336733,"CD161",1000,"ambiguous","discordant_tests",3,0,0,3,0.102635095176965,0
"inflect_ward_k65",35,336733,"CD161",5000,"detected_multimodality","both tests reject in at least two seeds",3,3,3,3,0,0
"inflect_ward_k65",35,336733,"CD27",1000,"detected_multimodality","both tests reject in at least two seeds",3,3,3,3,0.000530055061183088,0
"inflect_ward_k65",35,336733,"CD27",5000,"detected_multimodality","both tests reject in at least two seeds",3,3,3,3,0,0
"inflect_ward_k65",35,336733,"CD294_CRTH2",1000,"ambiguous","discordant_tests;seed_instability",3,0,0,1,0.999450797504524,0.0315157578789395
"inflect_ward_k65",35,336733,"CD294_CRTH2",5000,"no_detected_multimodality","neither test rejects in any seed",3,0,0,0,1,0.276888444222111
"inflect_ward_k65",35,336733,"CD303_TCRvd2",1000,"no_detected_multimodality","neither test rejects in any seed",3,0,0,0,0.999450797504524,0.464141161489836
"inflect_ward_k65",35,336733,"CD303_TCRvd2",5000,"no_detected_multimodality","neither test rejects in any seed",3,0,0,0,1,0.246498249124562
"inflect_ward_k65",35,336733,"Tbet",1000,"no_detected_multimodality","neither test rejects in any seed",3,0,0,0,0.999450797504524,0.189094547273637
"inflect_ward_k65",35,336733,"Tbet",5000,"no_detected_multimodality","neither test rejects in any seed",3,0,0,0,1,0.736118059029515
"inflect_ward_k65",36,533956,"CD127",1000,"ambiguous","discordant_tests;seed_instability",3,0,0,1,0.530812652469975,0.00675337668834417
"inflect_ward_k65",36,533956,"CD127",5000,"ambiguous","discordant_tests;seed_instability;borderline_q",3,0,0,1,1,0.00675337668834417
"inflect_ward_k65",36,533956,"CD197_CCR7",1000,"detected_multimodality","both tests reject in at least two seeds",3,2,2,2,0.0368988845032535,0
"inflect_ward_k65",36,533956,"CD197_CCR7",5000,"detected_multimodality","both tests reject in at least two seeds",3,3,3,3,0,0
"inflect_ward_k65",36,533956,"CD1c",1000,"no_detected_multimodality","neither test rejects in any seed",3,0,0,0,0.996978477366675,0.360180090045022
"inflect_ward_k65",36,533956,"CD1c",5000,"no_detected_multimodality","neither test rejects in any seed",3,0,0,0,1,0.590438076180948
"inflect_ward_k65",36,533956,"CD27",1000,"ambiguous","discordant_tests;borderline_q",3,0,0,3,0.0746583666494917,0
"inflect_ward_k65",36,533956,"CD27",5000,"detected_multimodality","both tests reject in at least two seeds",3,3,3,3,0,0
"inflect_ward_k65",36,533956,"CD4",1000,"ambiguous","discordant_tests;seed_instability",3,0,0,1,0.996978477366675,0.0270135067533767
"inflect_ward_k65",36,533956,"CD4",5000,"no_detected_multimodality","neither test rejects in any seed",3,0,0,0,1,0.263381690845423
"inflect_ward_k65",36,533956,"CD45RA",1000,"detected_multimodality","both tests reject in at least two seeds",3,3,3,3,0,0
"inflect_ward_k65",36,533956,"CD45RA",5000,"detected_multimodality","both tests reject in at least two seeds",3,3,3,3,0,0
"inflect_ward_k65",37,215648,"CD11c",1000,"ambiguous","discordant_tests;seed_instability;borderline_q",3,0,0,1,0.154912533115229,0
"inflect_ward_k65",37,215648,"CD11c",5000,"ambiguous","seed_instability;borderline_q",3,1,1,1,0.0192084461367614,0
"inflect_ward_k65",37,215648,"CD3",1000,"detected_multimodality","both tests reject in at least two seeds",3,3,3,3,0.00628577139187358,0
"inflect_ward_k65",37,215648,"CD3",5000,"detected_multimodality","both tests reject in at least two seeds",3,3,3,3,0,0
"inflect_ward_k65",37,215648,"CD303_TCRvd2",1000,"ambiguous","discordant_tests;seed_instability;borderline_q",3,0,0,1,0.999184894466082,0.00337668834417209
"inflect_ward_k65",37,215648,"CD303_TCRvd2",5000,"detected_multimodality","both tests reject in at least two seeds",3,3,3,3,0.00106863512878996,0
"inflect_ward_k65",37,215648,"CD38",1000,"no_detected_multimodality","neither test rejects in any seed",3,0,0,0,0.999184894466082,0.924649824912456
"inflect_ward_k65",37,215648,"CD38",5000,"no_detected_multimodality","neither test rejects in any seed",3,0,0,0,0.999915799263414,0.77404086658714
"inflect_ward_k65",37,215648,"CD57",1000,"detected_multimodality","both tests reject in at least two seeds",3,3,3,3,0.00151744353624628,0
"inflect_ward_k65",37,215648,"CD57",5000,"detected_multimodality","both tests reject in at least two seeds",3,3,3,3,0,0
"inflect_ward_k65",37,215648,"CD7",1000,"no_detected_multimodality","neither test rejects in any seed",3,0,0,0,0.999184894466082,0.924649824912456
"inflect_ward_k65",37,215648,"CD7",5000,"no_detected_multimodality","neither test rejects in any seed",3,0,0,0,0.999915799263414,0.725987993996999
"inflect_ward_k65",38,726106,"CD11c",1000,"no_detected_multimodality","neither test rejects in any seed",3,0,0,0,0.996114620173125,0.364682341170585
"inflect_ward_k65",38,726106,"CD11c",5000,"no_detected_multimodality","neither test rejects in any seed",3,0,0,0,1,0.444494974760107
"inflect_ward_k65",38,726106,"CD127",1000,"no_detected_multimodality","neither test rejects in any seed",3,0,0,0,0.996114620173125,0.55647823911956
"inflect_ward_k65",38,726106,"CD127",5000,"no_detected_multimodality","neither test rejects in any seed",3,0,0,0,1,0.787364270370479
"inflect_ward_k65",38,726106,"CD14",1000,"no_detected_multimodality","neither test rejects in any seed",3,0,0,0,0.996114620173125,0.850250125062531
"inflect_ward_k65",38,726106,"CD14",5000,"no_detected_multimodality","neither test rejects in any seed",3,0,0,0,1,0.608842882979952
"inflect_ward_k65",38,726106,"CD197_CCR7",1000,"no_detected_multimodality","neither test rejects in any seed",3,0,0,0,0.996114620173125,0.438004716644036
"inflect_ward_k65",38,726106,"CD197_CCR7",5000,"no_detected_multimodality","neither test rejects in any seed",3,0,0,0,1,0.231544343600372
"inflect_ward_k65",38,726106,"CD27",1000,"detected_multimodality","both tests reject in at least two seeds",3,3,3,3,0,0
"inflect_ward_k65",38,726106,"CD27",5000,"detected_multimodality","both tests reject in at least two seeds",3,3,3,3,0,0
"inflect_ward_k65",38,726106,"CD3",1000,"ambiguous","discordant_tests;seed_instability",3,0,0,2,0.531294893547716,0
"inflect_ward_k65",38,726106,"CD3",5000,"detected_multimodality","both tests reject in at least two seeds",3,3,3,3,4.58362270621404e-05,0
"inflect_ward_k65",38,726106,"CD303_TCRvd2",1000,"ambiguous","discordant_tests;seed_instability",3,0,0,1,0.316926302364243,0
"inflect_ward_k65",38,726106,"CD303_TCRvd2",5000,"ambiguous","discordant_tests;seed_instability;borderline_q",3,1,1,3,0.00632882083770709,0
"inflect_ward_k65",38,726106,"CD38",1000,"no_detected_multimodality","neither test rejects in any seed",3,0,0,0,0.996114620173125,0.55647823911956
"inflect_ward_k65",38,726106,"CD38",5000,"ambiguous","discordant_tests",3,0,0,3,0.319782522029201,0
"inflect_ward_k65",38,726106,"CD45RA",1000,"detected_multimodality","both tests reject in at least two seeds",3,3,3,3,0,0
"inflect_ward_k65",38,726106,"CD45RA",5000,"detected_multimodality","both tests reject in at least two seeds",3,3,3,3,0,0
"inflect_ward_k65",38,726106,"CD56",1000,"no_detected_multimodality","neither test rejects in any seed",3,0,0,0,0.996114620173125,0.850250125062531
"inflect_ward_k65",38,726106,"CD56",5000,"no_detected_multimodality","neither test rejects in any seed",3,0,0,0,1,0.133137997570214
"inflect_ward_k65",38,726106,"Tbet",1000,"detected_multimodality","both tests reject in at least two seeds",3,3,3,3,8.96980450075802e-05,0
"inflect_ward_k65",38,726106,"Tbet",5000,"detected_multimodality","both tests reject in at least two seeds",3,3,3,3,0,0
"inflect_ward_k65",39,77690,"CD127",1000,"ambiguous","discordant_tests;seed_instability",3,0,0,1,0.527375165570744,0.00450225112556278
"inflect_ward_k65",39,77690,"CD127",5000,"ambiguous","discordant_tests;seed_instability",3,0,0,2,0.734355886462038,0
"inflect_ward_k65",39,77690,"CD161",1000,"no_detected_multimodality","neither test rejects in any seed",3,0,0,0,1,0.570285142571286
"inflect_ward_k65",39,77690,"CD161",5000,"ambiguous","borderline_q",3,0,0,0,1,0.0578860859000929
"inflect_ward_k65",39,77690,"CD27",1000,"ambiguous","discordant_tests;seed_instability;borderline_q",3,0,0,2,1,0
"inflect_ward_k65",39,77690,"CD27",5000,"ambiguous","discordant_tests",3,0,0,3,0.262921613974641,0
"inflect_ward_k65",39,77690,"CD4",1000,"no_detected_multimodality","neither test rejects in any seed",3,0,0,0,1,0.727286720283219
"inflect_ward_k65",39,77690,"CD4",5000,"ambiguous","discordant_tests",3,0,0,3,0.262921613974641,0
"inflect_ward_k65",39,77690,"CD57",1000,"ambiguous","discordant_tests;seed_instability",3,0,0,1,1,0.00450225112556278
"inflect_ward_k65",39,77690,"CD57",5000,"ambiguous","discordant_tests;seed_instability;borderline_q",3,0,0,2,1,0
"inflect_ward_k65",39,77690,"Tbet",1000,"ambiguous","discordant_tests;seed_instability",3,0,0,1,0.527375165570744,0
"inflect_ward_k65",39,77690,"Tbet",5000,"ambiguous","discordant_tests;seed_instability",3,0,0,2,0.387471930911708,0
"inflect_ward_k65",40,6709,"CD11c",1000,"detected_multimodality","both tests reject in at least two seeds",3,2,2,3,0.00745003275913125,0
"inflect_ward_k65",40,6709,"CD11c",5000,"detected_multimodality","both tests reject in at least two seeds",3,3,3,3,0,0
"inflect_ward_k65",40,6709,"CD14",1000,"no_detected_multimodality","neither test rejects in any seed",3,0,0,0,0.99951599287713,0.239262488387051
"inflect_ward_k65",40,6709,"CD14",5000,"ambiguous","discordant_tests;seed_instability",3,0,0,1,1,0.0285142571285643
"inflect_ward_k65",40,6709,"CD1c",1000,"detected_multimodality","both tests reject in at least two seeds",3,3,3,3,0,0
"inflect_ward_k65",40,6709,"CD1c",5000,"detected_multimodality","both tests reject in at least two seeds",3,3,3,3,0,0
"inflect_ward_k65",40,6709,"CD27",1000,"ambiguous","discordant_tests;seed_instability",3,0,0,1,0.99951599287713,0
"inflect_ward_k65",40,6709,"CD27",5000,"ambiguous","discordant_tests",3,0,0,3,0.824455805736803,0
"inflect_ward_k65",40,6709,"CD294_CRTH2",1000,"no_detected_multimodality","neither test rejects in any seed",3,0,0,0,0.99951599287713,0.637711712999357
"inflect_ward_k65",40,6709,"CD294_CRTH2",5000,"no_detected_multimodality","neither test rejects in any seed",3,0,0,0,1,0.765382691345673
"inflect_ward_k65",40,6709,"CD3",1000,"detected_multimodality","both tests reject in at least two seeds",3,2,2,3,0.000936961671522352,0
"inflect_ward_k65",40,6709,"CD3",5000,"detected_multimodality","both tests reject in at least two seeds",3,3,3,3,0,0
"inflect_ward_k65",40,6709,"CD57",1000,"no_detected_multimodality","neither test rejects in any seed",3,0,0,0,0.99951599287713,0.787893946973487
"inflect_ward_k65",40,6709,"CD57",5000,"ambiguous","discordant_tests",3,0,0,3,1,0
"inflect_ward_k65",40,6709,"HLA-DR",1000,"detected_multimodality","both tests reject in at least two seeds",3,3,3,3,0,0
"inflect_ward_k65",40,6709,"HLA-DR",5000,"detected_multimodality","both tests reject in at least two seeds",3,3,3,3,0,0
"inflect_ward_k65",40,6709,"TCRgd_CD141",1000,"no_detected_multimodality","neither test rejects in any seed",3,0,0,0,0.99951599287713,0.200350175087544
"inflect_ward_k65",40,6709,"TCRgd_CD141",5000,"detected_multimodality","both tests reject in at least two seeds",3,3,3,3,0.00196158913208917,0
"inflect_ward_k65",41,4272277,"CD127",1000,"no_detected_multimodality","neither test rejects in any seed",3,0,0,0,0.996959769666689,0.709104552276138
"inflect_ward_k65",41,4272277,"CD127",5000,"ambiguous","discordant_tests;seed_instability",3,0,0,2,1,0
"inflect_ward_k65",41,4272277,"CD185_CXCR5",1000,"no_detected_multimodality","neither test rejects in any seed",3,0,0,0,0.996959769666689,0.872936468234117
"inflect_ward_k65",41,4272277,"CD185_CXCR5",5000,"no_detected_multimodality","neither test rejects in any seed",3,0,0,0,1,0.661830915457729
"inflect_ward_k65",41,4272277,"CD197_CCR7",1000,"detected_multimodality","both tests reject in at least two seeds",3,3,3,3,0,0
"inflect_ward_k65",41,4272277,"CD197_CCR7",5000,"detected_multimodality","both tests reject in at least two seeds",3,3,3,3,0,0
"inflect_ward_k65",41,4272277,"CD25",1000,"no_detected_multimodality","neither test rejects in any seed",3,0,0,0,0.996959769666689,0.872936468234117
"inflect_ward_k65",41,4272277,"CD25",5000,"no_detected_multimodality","neither test rejects in any seed",3,0,0,0,1,0.914775569602983
"inflect_ward_k65",41,4272277,"CD38",1000,"no_detected_multimodality","neither test rejects in any seed",3,0,0,0,0.996959769666689,0.872936468234117
"inflect_ward_k65",41,4272277,"CD38",5000,"no_detected_multimodality","neither test rejects in any seed",3,0,0,0,1,0.449406521442539
"inflect_ward_k65",41,4272277,"CD4",1000,"ambiguous","discordant_tests;seed_instability",3,0,0,1,0.996959769666689,0.0315157578789395
"inflect_ward_k65",41,4272277,"CD4",5000,"no_detected_multimodality","neither test rejects in any seed",3,0,0,0,1,0.349824912456228
"inflect_ward_k65",41,4272277,"CD45RA",1000,"detected_multimodality","both tests reject in at least two seeds",3,3,3,3,0,0
"inflect_ward_k65",41,4272277,"CD45RA",5000,"detected_multimodality","both tests reject in at least two seeds",3,3,3,3,0,0
"inflect_ward_k65",41,4272277,"CD57",1000,"no_detected_multimodality","neither test rejects in any seed",3,0,0,0,0.996959769666689,0.256628314157079
"inflect_ward_k65",41,4272277,"CD57",5000,"no_detected_multimodality","neither test rejects in any seed",3,0,0,0,1,0.766669048810119
"inflect_ward_k65",41,4272277,"TCRgd_CD141",1000,"no_detected_multimodality","neither test rejects in any seed",3,0,0,0,0.996959769666689,0.474987493746873
"inflect_ward_k65",41,4272277,"TCRgd_CD141",5000,"ambiguous","discordant_tests;seed_instability",3,0,0,1,1,0.00900450225112556
"inflect_ward_k65",42,413636,"FoxP3",1000,"no_detected_multimodality","neither test rejects in any seed",3,0,0,0,0.998791753652459,0.957978989494747
"inflect_ward_k65",42,413636,"FoxP3",5000,"no_detected_multimodality","neither test rejects in any seed",3,0,0,0,0.999908668426688,0.838457690383653
"inflect_ward_k65",43,22279,"CD11c",1000,"ambiguous","discordant_tests;seed_instability",3,0,0,1,0.982375810022539,0.0345172586293147
"inflect_ward_k65",43,22279,"CD11c",5000,"ambiguous","discordant_tests;seed_instability",3,0,0,2,0.119149014334004,0
"inflect_ward_k65",43,22279,"CD127",1000,"ambiguous","discordant_tests;seed_instability;borderline_q",3,0,0,1,0.691060110066049,0.0454318068124972
"inflect_ward_k65",43,22279,"CD127",5000,"ambiguous","discordant_tests;seed_instability",3,0,0,2,0.313258061954207,0.000794514904511079
"inflect_ward_k65",43,22279,"CD14",1000,"no_detected_multimodality","neither test rejects in any seed",3,0,0,0,0.998254970693174,0.611019795612092
"inflect_ward_k65",43,22279,"CD14",5000,"ambiguous","discordant_tests",3,0,0,3,0.732097920572138,0.000794514904511079
"inflect_ward_k65",43,22279,"CD159c_NKG2C",1000,"no_detected_multimodality","neither test rejects in any seed",3,0,0,0,0.998254970693174,0.18504252126063
"inflect_ward_k65",43,22279,"CD159c_NKG2C",5000,"ambiguous","discordant_tests",3,0,0,3,0.181687676039307,0
"inflect_ward_k65",43,22279,"CD16",1000,"no_detected_multimodality","neither test rejects in any seed",3,0,0,0,0.998254970693174,0.524379836977312
"inflect_ward_k65",43,22279,"CD16",5000,"ambiguous","discordant_tests",3,0,0,3,0.1025435456654,0
"inflect_ward_k65",43,22279,"CD161",1000,"no_detected_multimodality","neither test rejects in any seed",3,0,0,0,0.998254970693174,0.110131989071459
"inflect_ward_k65",43,22279,"CD161",5000,"ambiguous","discordant_tests;seed_instability;borderline_q",3,0,0,2,0.688912049840222,0.00284352702667123
"inflect_ward_k65",43,22279,"CD185_CXCR5",1000,"no_detected_multimodality","neither test rejects in any seed",3,0,0,0,0.998254970693174,0.350425212606303
"inflect_ward_k65",43,22279,"CD185_CXCR5",5000,"ambiguous","discordant_tests",3,0,0,3,0.890466279814927,0.000794514904511079
"inflect_ward_k65",43,22279,"CD19",1000,"no_detected_multimodality","neither test rejects in any seed",3,0,0,0,0.998254970693174,0.350425212606303
"inflect_ward_k65",43,22279,"CD19",5000,"ambiguous","discordant_tests",3,0,0,3,0.146489497413988,0
"inflect_ward_k65",43,22279,"CD197_CCR7",1000,"ambiguous","discordant_tests;seed_instability",3,1,1,3,0.0253707286887001,0
"inflect_ward_k65",43,22279,"CD197_CCR7",5000,"detected_multimodality","both tests reject in at least two seeds",3,3,3,3,0.000540662601367314,0
"inflect_ward_k65",43,22279,"CD1c",1000,"no_detected_multimodality","neither test rejects in any seed",3,0,0,0,0.998254970693174,0.350425212606303
"inflect_ward_k65",43,22279,"CD1c",5000,"ambiguous","discordant_tests",3,0,0,3,0.828418955928937,0.00150075037518759
"inflect_ward_k65",43,22279,"CD21",1000,"no_detected_multimodality","neither test rejects in any seed",3,0,0,0,0.998254970693174,0.137318659329665
"inflect_ward_k65",43,22279,"CD21",5000,"ambiguous","discordant_tests",3,0,0,3,0.56281040254741,0
"inflect_ward_k65",43,22279,"CD25",1000,"no_detected_multimodality","neither test rejects in any seed",3,0,0,0,0.998254970693174,0.861190595297649
"inflect_ward_k65",43,22279,"CD25",5000,"ambiguous","discordant_tests",3,0,0,3,0.181687676039307,0
"inflect_ward_k65",43,22279,"CD27",1000,"detected_multimodality","both tests reject in at least two seeds",3,3,3,3,0,0
"inflect_ward_k65",43,22279,"CD27",5000,"detected_multimodality","both tests reject in at least two seeds",3,3,3,3,0,0
"inflect_ward_k65",43,22279,"CD3",1000,"detected_multimodality","both tests reject in at least two seeds",3,3,3,3,0,0
"inflect_ward_k65",43,22279,"CD3",5000,"detected_multimodality","both tests reject in at least two seeds",3,3,3,3,0,0
"inflect_ward_k65",43,22279,"CD303_TCRvd2",1000,"ambiguous","discordant_tests;seed_instability",3,0,0,2,0.897055724475042,0.00168834417208604
"inflect_ward_k65",43,22279,"CD303_TCRvd2",5000,"detected_multimodality","both tests reject in at least two seeds",3,3,3,3,0.00193871835750302,0
"inflect_ward_k65",43,22279,"CD4",1000,"ambiguous","discordant_tests;seed_instability",3,0,0,1,0.691060110066049,0.00225112556278139
"inflect_ward_k65",43,22279,"CD4",5000,"ambiguous","discordant_tests;seed_instability",3,0,0,2,0.164157518880885,0
"inflect_ward_k65",43,22279,"CD45RA",1000,"ambiguous","discordant_tests;seed_instability;borderline_q",3,1,1,3,0.048329156437022,0
"inflect_ward_k65",43,22279,"CD45RA",5000,"detected_multimodality","both tests reject in at least two seeds",3,3,3,3,0,0
"inflect_ward_k65",43,22279,"CD56",1000,"detected_multimodality","both tests reject in at least two seeds",3,3,3,3,0,0
"inflect_ward_k65",43,22279,"CD56",5000,"detected_multimodality","both tests reject in at least two seeds",3,3,3,3,0,0
"inflect_ward_k65",43,22279,"CD57",1000,"ambiguous","discordant_tests",3,0,0,3,0.589781304531003,0
"inflect_ward_k65",43,22279,"CD57",5000,"detected_multimodality","both tests reject in at least two seeds",3,2,2,3,0.00545549790299922,0
"inflect_ward_k65",43,22279,"CD7",1000,"ambiguous","discordant_tests;seed_instability",3,0,0,2,0.691060110066049,0.00578860859000929
"inflect_ward_k65",43,22279,"CD7",5000,"detected_multimodality","both tests reject in at least two seeds",3,2,2,3,0.000756751888452756,0
"inflect_ward_k65",43,22279,"Tbet",1000,"detected_multimodality","both tests reject in at least two seeds",3,3,3,3,0,0
"inflect_ward_k65",43,22279,"Tbet",5000,"detected_multimodality","both tests reject in at least two seeds",3,3,3,3,0,0
"inflect_ward_k65",44,1093840,"CD127",1000,"no_detected_multimodality","neither test rejects in any seed",3,0,0,0,1,0.16208104052026
"inflect_ward_k65",44,1093840,"CD127",5000,"ambiguous","discordant_tests;seed_instability",3,0,0,2,0.558140776640866,0
"inflect_ward_k65",44,1093840,"CD16",1000,"no_detected_multimodality","neither test rejects in any seed",3,0,0,0,1,0.742871435717859
"inflect_ward_k65",44,1093840,"CD16",5000,"no_detected_multimodality","neither test rejects in any seed",3,0,0,0,1,0.853058108001369
"inflect_ward_k65",44,1093840,"CD1c",1000,"no_detected_multimodality","neither test rejects in any seed",3,0,0,0,1,0.786093046523262
"inflect_ward_k65",44,1093840,"CD1c",5000,"no_detected_multimodality","neither test rejects in any seed",3,0,0,0,1,0.329564782391196
"inflect_ward_k65",44,1093840,"CD21",1000,"no_detected_multimodality","neither test rejects in any seed",3,0,0,0,1,0.742871435717859
"inflect_ward_k65",44,1093840,"CD21",5000,"no_detected_multimodality","neither test rejects in any seed",3,0,0,0,1,0.620082768657056
"inflect_ward_k65",44,1093840,"CD27",1000,"detected_multimodality","both tests reject in at least two seeds",3,3,3,3,0,0
"inflect_ward_k65",44,1093840,"CD27",5000,"detected_multimodality","both tests reject in at least two seeds",3,3,3,3,0,0
"inflect_ward_k65",44,1093840,"CD3",1000,"no_detected_multimodality","neither test rejects in any seed",3,0,0,0,1,0.916075684901274
"inflect_ward_k65",44,1093840,"CD3",5000,"no_detected_multimodality","neither test rejects in any seed",3,0,0,0,1,0.754577288644322
"inflect_ward_k65",44,1093840,"CD7",1000,"no_detected_multimodality","neither test rejects in any seed",3,0,0,0,1,0.328664332166083
"inflect_ward_k65",44,1093840,"CD7",5000,"ambiguous","discordant_tests",3,0,0,3,0.406643688705252,0
"inflect_ward_k65",45,95070,"CD11c",1000,"detected_multimodality","both tests reject in at least two seeds",3,3,3,3,0.00289166281619294,0
"inflect_ward_k65",45,95070,"CD11c",5000,"detected_multimodality","both tests reject in at least two seeds",3,3,3,3,0,0
"inflect_ward_k65",45,95070,"CD127",1000,"no_detected_multimodality","neither test rejects in any seed",3,0,0,0,0.996466497956132,0.763528823235147
"inflect_ward_k65",45,95070,"CD127",5000,"no_detected_multimodality","neither test rejects in any seed",3,0,0,0,1,0.69366826270278
"inflect_ward_k65",45,95070,"CD161",1000,"no_detected_multimodality","neither test rejects in any seed",3,0,0,0,0.996466497956132,0.763528823235147
"inflect_ward_k65",45,95070,"CD161",5000,"no_detected_multimodality","neither test rejects in any seed",3,0,0,0,1,0.837958979489745
"inflect_ward_k65",45,95070,"CD1c",1000,"detected_multimodality","both tests reject in at least two seeds",3,3,3,3,0,0
"inflect_ward_k65",45,95070,"CD1c",5000,"detected_multimodality","both tests reject in at least two seeds",3,3,3,3,0,0
"inflect_ward_k65",45,95070,"CD4",1000,"no_detected_multimodality","neither test rejects in any seed",3,0,0,0,0.996466497956132,0.321460730365183
"inflect_ward_k65",45,95070,"CD4",5000,"no_detected_multimodality","neither test rejects in any seed",3,0,0,0,1,0.477238619309655
"inflect_ward_k65",45,95070,"HLA-DR",1000,"detected_multimodality","both tests reject in at least two seeds",3,2,2,3,0.000375602902074723,0
"inflect_ward_k65",45,95070,"HLA-DR",5000,"detected_multimodality","both tests reject in at least two seeds",3,3,3,3,0,0
"inflect_ward_k65",45,95070,"TCRgd_CD141",1000,"detected_multimodality","both tests reject in at least two seeds",3,3,3,3,0,0
"inflect_ward_k65",45,95070,"TCRgd_CD141",5000,"detected_multimodality","both tests reject in at least two seeds",3,3,3,3,0,0
"inflect_ward_k65",46,115966,"CD159c_NKG2C",1000,"no_detected_multimodality","neither test rejects in any seed",3,0,0,0,0.99823655460237,0.629414707353677
"inflect_ward_k65",46,115966,"CD159c_NKG2C",5000,"no_detected_multimodality","neither test rejects in any seed",3,0,0,0,1,0.888069034517259
"inflect_ward_k65",47,6847,"CD161",1000,"ambiguous","discordant_tests;seed_instability",3,0,0,1,0.428227988824193,0.00867100216775054
"inflect_ward_k65",47,6847,"CD161",5000,"detected_multimodality","both tests reject in at least two seeds",3,3,3,3,0.0002540582228537,0
"inflect_ward_k65",47,6847,"CD185_CXCR5",1000,"no_detected_multimodality","neither test rejects in any seed",3,0,0,0,0.998169012806609,0.528621453583935
"inflect_ward_k65",47,6847,"CD185_CXCR5",5000,"ambiguous","discordant_tests",3,0,0,3,0.380770849046135,0
"inflect_ward_k65",47,6847,"CD197_CCR7",1000,"ambiguous","discordant_tests;seed_instability;borderline_q",3,0,0,1,0.998169012806609,0.0303485075871269
"inflect_ward_k65",47,6847,"CD197_CCR7",5000,"detected_multimodality","both tests reject in at least two seeds",3,3,3,3,0.00666390613614448,0
"inflect_ward_k65",47,6847,"CD38",1000,"no_detected_multimodality","neither test rejects in any seed",3,0,0,0,0.998169012806609,0.528621453583935
"inflect_ward_k65",47,6847,"CD38",5000,"ambiguous","discordant_tests;seed_instability;borderline_q",3,0,0,2,0.380770849046135,0.0173420043355011
"inflect_ward_k65",47,6847,"CD7",1000,"ambiguous","discordant_tests;seed_instability",3,1,1,3,0.00556912838674195,0
"inflect_ward_k65",47,6847,"CD7",5000,"detected_multimodality","both tests reject in at least two seeds",3,3,3,3,0,0
"inflect_ward_k65",47,6847,"FoxP3",1000,"detected_multimodality","both tests reject in at least two seeds",3,3,3,3,0,0
"inflect_ward_k65",47,6847,"FoxP3",5000,"detected_multimodality","both tests reject in at least two seeds",3,3,3,3,0,0
"inflect_ward_k65",48,60777,"CD57",1000,"ambiguous","discordant_tests;borderline_q",3,0,0,3,0.0512759690175624,0
"inflect_ward_k65",48,60777,"CD57",5000,"detected_multimodality","both tests reject in at least two seeds",3,3,3,3,0,0
"inflect_ward_k65",49,170897,"CD19",1000,"no_detected_multimodality","neither test rejects in any seed",3,0,0,0,0.998843933169474,0.807028514257129
"inflect_ward_k65",49,170897,"CD19",5000,"no_detected_multimodality","neither test rejects in any seed",3,0,0,0,1,0.812860975942517
"inflect_ward_k65",49,170897,"CD294_CRTH2",1000,"no_detected_multimodality","neither test rejects in any seed",3,0,0,0,0.998843933169474,0.962096432831801
"inflect_ward_k65",49,170897,"CD294_CRTH2",5000,"no_detected_multimodality","neither test rejects in any seed",3,0,0,0,1,0.688844422211106
"inflect_ward_k65",49,170897,"CD3",1000,"no_detected_multimodality","neither test rejects in any seed",3,0,0,0,0.998843933169474,0.951187132027552
"inflect_ward_k65",49,170897,"CD3",5000,"no_detected_multimodality","neither test rejects in any seed",3,0,0,0,1,0.641051294878208
"inflect_ward_k65",50,118692,"CD159c_NKG2C",1000,"no_detected_multimodality","neither test rejects in any seed",3,0,0,0,0.996888614805318,0.835257628814407
"inflect_ward_k65",50,118692,"CD159c_NKG2C",5000,"ambiguous","discordant_tests",3,0,0,3,0.244096717265074,0
"inflect_ward_k65",50,118692,"CD185_CXCR5",1000,"no_detected_multimodality","neither test rejects in any seed",3,0,0,0,0.996888614805318,0.796148074037018
"inflect_ward_k65",50,118692,"CD185_CXCR5",5000,"no_detected_multimodality","neither test rejects in any seed",3,0,0,0,1,0.873673678944736
"inflect_ward_k65",50,118692,"CD27",1000,"detected_multimodality","both tests reject in at least two seeds",3,3,3,3,0,0
"inflect_ward_k65",50,118692,"CD27",5000,"detected_multimodality","both tests reject in at least two seeds",3,3,3,3,0,0
"inflect_ward_k65",50,118692,"CD8",1000,"ambiguous","discordant_tests;seed_instability",3,1,1,3,0.00578332563238587,0
"inflect_ward_k65",50,118692,"CD8",5000,"detected_multimodality","both tests reject in at least two seeds",3,3,3,3,0,0
"inflect_ward_k65",50,118692,"TCRgd_CD141",1000,"no_detected_multimodality","neither test rejects in any seed",3,0,0,0,0.996888614805318,0.328214107053527
"inflect_ward_k65",50,118692,"TCRgd_CD141",5000,"no_detected_multimodality","neither test rejects in any seed",3,0,0,0,1,0.361565398083657
"inflect_ward_k65",51,620548,"CD11c",1000,"ambiguous","borderline_q",3,0,0,0,0.999073950177701,0.0756378189094547
"inflect_ward_k65",51,620548,"CD11c",5000,"detected_multimodality","both tests reject in at least two seeds",3,3,3,3,4.47402242578776e-06,0
"inflect_ward_k65",51,620548,"CD14",1000,"detected_multimodality","both tests reject in at least two seeds",3,3,3,3,0,0
"inflect_ward_k65",51,620548,"CD14",5000,"detected_multimodality","both tests reject in at least two seeds",3,3,3,3,0,0
"inflect_ward_k65",51,620548,"CD1c",1000,"ambiguous","discordant_tests;seed_instability",3,1,1,3,0.00688157604900441,0
"inflect_ward_k65",51,620548,"CD1c",5000,"detected_multimodality","both tests reject in at least two seeds",3,3,3,3,0,0
"inflect_ward_k65",51,620548,"HLA-DR",1000,"ambiguous","discordant_tests;seed_instability;borderline_q",3,1,1,2,0.00688157604900441,0
"inflect_ward_k65",51,620548,"HLA-DR",5000,"detected_multimodality","both tests reject in at least two seeds",3,3,3,3,0,0
"inflect_ward_k65",52,672104,"CD161",1000,"no_detected_multimodality","neither test rejects in any seed",3,0,0,0,0.997232273908224,0.35567783891946
"inflect_ward_k65",52,672104,"CD161",5000,"no_detected_multimodality","neither test rejects in any seed",3,0,0,0,1,0.698974487243622
"inflect_ward_k65",52,672104,"CD197_CCR7",1000,"no_detected_multimodality","neither test rejects in any seed",3,0,0,0,0.997232273908224,0.297148574287144
"inflect_ward_k65",52,672104,"CD197_CCR7",5000,"ambiguous","discordant_tests;seed_instability",3,1,1,2,0.0183281610871951,0
"inflect_ward_k65",52,672104,"CD1c",1000,"no_detected_multimodality","neither test rejects in any seed",3,0,0,0,0.997232273908224,0.783391695847924
"inflect_ward_k65",52,672104,"CD1c",5000,"no_detected_multimodality","neither test rejects in any seed",3,0,0,0,1,0.427713856928464
"inflect_ward_k65",52,672104,"HLA-DR",1000,"no_detected_multimodality","neither test rejects in any seed",3,0,0,0,0.997232273908224,0.911705852926463
"inflect_ward_k65",52,672104,"HLA-DR",5000,"no_detected_multimodality","neither test rejects in any seed",3,0,0,0,1,0.863637701203543
"inflect_ward_k65",53,3842157,"CD27",1000,"detected_multimodality","both tests reject in at least two seeds",3,3,3,3,0,0
"inflect_ward_k65",53,3842157,"CD27",5000,"detected_multimodality","both tests reject in at least two seeds",3,3,3,3,0,0
"inflect_ward_k65",54,1793702,"CD27",1000,"detected_multimodality","both tests reject in at least two seeds",3,3,3,3,0,0
"inflect_ward_k65",54,1793702,"CD27",5000,"detected_multimodality","both tests reject in at least two seeds",3,3,3,3,0,0
"inflect_ward_k65",54,1793702,"CD7",1000,"ambiguous","discordant_tests;seed_instability",3,0,0,1,0.998291568383008,0.0202601300650325
"inflect_ward_k65",54,1793702,"CD7",5000,"detected_multimodality","both tests reject in at least two seeds",3,2,2,3,0.000170787238147785,0
"inflect_ward_k65",55,2430769,"CD27",1000,"no_detected_multimodality","neither test rejects in any seed",3,0,0,0,0.999062995055467,0.729364682341171
"inflect_ward_k65",55,2430769,"CD27",5000,"no_detected_multimodality","neither test rejects in any seed",3,0,0,0,1,0.459229614807404
"inflect_ward_k65",55,2430769,"CD45RA",1000,"no_detected_multimodality","neither test rejects in any seed",3,0,0,0,0.999062995055467,0.790145072536268
"inflect_ward_k65",55,2430769,"CD45RA",5000,"no_detected_multimodality","neither test rejects in any seed",3,0,0,0,1,0.914600157221468
"inflect_ward_k65",56,1028144,"CD127",1000,"no_detected_multimodality","neither test rejects in any seed",3,0,0,0,0.998365619508336,0.734767383691846
"inflect_ward_k65",56,1028144,"CD127",5000,"no_detected_multimodality","neither test rejects in any seed",3,0,0,0,1,0.208604302151076
"inflect_ward_k65",56,1028144,"CD197_CCR7",1000,"no_detected_multimodality","neither test rejects in any seed",3,0,0,0,0.998365619508336,0.357928964482241
"inflect_ward_k65",56,1028144,"CD197_CCR7",5000,"ambiguous","discordant_tests;seed_instability",3,0,0,1,1,0.0472736368184092
"inflect_ward_k65",56,1028144,"CD25",1000,"ambiguous","discordant_tests;seed_instability;borderline_q",3,0,0,1,0.998365619508336,0
"inflect_ward_k65",56,1028144,"CD25",5000,"detected_multimodality","both tests reject in at least two seeds",3,3,3,3,0,0
"inflect_ward_k65",56,1028144,"CD8",1000,"no_detected_multimodality","neither test rejects in any seed",3,0,0,0,0.998365619508336,0.885817908954477
"inflect_ward_k65",56,1028144,"CD8",5000,"no_detected_multimodality","neither test rejects in any seed",3,0,0,0,1,0.913956978489245
"inflect_ward_k65",56,1028144,"FoxP3",1000,"ambiguous","discordant_tests",3,0,0,3,0.15431845587454,0
"inflect_ward_k65",56,1028144,"FoxP3",5000,"detected_multimodality","both tests reject in at least two seeds",3,3,3,3,0,0
"inflect_ward_k65",56,1028144,"HLA-DR",1000,"no_detected_multimodality","neither test rejects in any seed",3,0,0,0,0.998365619508336,0.288144072036018
"inflect_ward_k65",56,1028144,"HLA-DR",5000,"no_detected_multimodality","neither test rejects in any seed",3,0,0,0,1,0.898199099549775
"inflect_ward_k65",57,1247765,"CD14",1000,"no_detected_multimodality","neither test rejects in any seed",3,0,0,0,0.998278320823997,0.148574287143572
"inflect_ward_k65",57,1247765,"CD14",5000,"detected_multimodality","both tests reject in at least two seeds",3,3,3,3,0.000129672326094843,0
"inflect_ward_k65",57,1247765,"CD185_CXCR5",1000,"no_detected_multimodality","neither test rejects in any seed",3,0,0,0,0.998278320823997,0.351175587793897
"inflect_ward_k65",57,1247765,"CD185_CXCR5",5000,"ambiguous","discordant_tests;seed_instability",3,0,0,1,1,0.0135067533766883
"inflect_ward_k65",57,1247765,"CD19",1000,"no_detected_multimodality","neither test rejects in any seed",3,0,0,0,0.998278320823997,0.803651825912956
"inflect_ward_k65",57,1247765,"CD19",5000,"no_detected_multimodality","neither test rejects in any seed",3,0,0,0,1,0.700762145778772
"inflect_ward_k65",57,1247765,"CD197_CCR7",1000,"no_detected_multimodality","neither test rejects in any seed",3,0,0,0,0.998278320823997,0.707416208104052
"inflect_ward_k65",57,1247765,"CD197_CCR7",5000,"ambiguous","discordant_tests;seed_instability",3,0,0,1,1,0.0135067533766883
"inflect_ward_k65",57,1247765,"CD303_TCRvd2",1000,"no_detected_multimodality","neither test rejects in any seed",3,0,0,0,0.998278320823997,0.762517622447587
"inflect_ward_k65",57,1247765,"CD303_TCRvd2",5000,"no_detected_multimodality","neither test rejects in any seed",3,0,0,0,1,0.812093546773387
"inflect_ward_k65",57,1247765,"CD4",1000,"no_detected_multimodality","neither test rejects in any seed",3,0,0,0,0.998278320823997,0.740170085042521
"inflect_ward_k65",57,1247765,"CD4",5000,"no_detected_multimodality","neither test rejects in any seed",3,0,0,0,1,0.32416208104052
"inflect_ward_k65",58,260211,"CD11c",1000,"ambiguous","discordant_tests;seed_instability",3,0,0,1,0.557073603861335,0.00225112556278139
"inflect_ward_k65",58,260211,"CD11c",5000,"ambiguous","discordant_tests",3,0,0,3,0.459712854309088,0
"inflect_ward_k65",58,260211,"CD127",1000,"no_detected_multimodality","neither test rejects in any seed",3,0,0,0,0.997723128929048,0.142571285642821
"inflect_ward_k65",58,260211,"CD127",5000,"no_detected_multimodality","neither test rejects in any seed",3,0,0,0,0.999714626074916,0.376600064738251
"inflect_ward_k65",58,260211,"CD14",1000,"ambiguous","borderline_q",3,0,0,0,0.997723128929048,0.0975487743871936
"inflect_ward_k65",58,260211,"CD14",5000,"ambiguous","discordant_tests;seed_instability",3,1,1,3,0.0248291014765252,0
"inflect_ward_k65",58,260211,"CD161",1000,"no_detected_multimodality","neither test rejects in any seed",3,0,0,0,0.997723128929048,0.434294070111979
"inflect_ward_k65",58,260211,"CD161",5000,"ambiguous","discordant_tests;seed_instability;borderline_q",3,0,0,1,0.907226246577093,0.00623388617385616
"inflect_ward_k65",58,260211,"CD185_CXCR5",1000,"ambiguous","borderline_q",3,0,0,0,0.997723128929048,0.0945472736368184
"inflect_ward_k65",58,260211,"CD185_CXCR5",5000,"ambiguous","discordant_tests;seed_instability",3,1,1,3,0.0218744260443378,0
"inflect_ward_k65",58,260211,"CD21",1000,"no_detected_multimodality","neither test rejects in any seed",3,0,0,0,0.997723128929048,0.212731365682841
"inflect_ward_k65",58,260211,"CD21",5000,"no_detected_multimodality","neither test rejects in any seed",3,0,0,0,0.999714626074916,0.45247623811906
"inflect_ward_k65",58,260211,"CD294_CRTH2",1000,"ambiguous","discordant_tests;seed_instability",3,0,0,1,0.997723128929048,0.00578860859000929
"inflect_ward_k65",58,260211,"CD294_CRTH2",5000,"detected_multimodality","both tests reject in at least two seeds",3,3,3,3,0.00371120447964884,0
"inflect_ward_k65",58,260211,"CD303_TCRvd2",1000,"detected_multimodality","both tests reject in at least two seeds",3,3,3,3,0,0
"inflect_ward_k65",58,260211,"CD303_TCRvd2",5000,"detected_multimodality","both tests reject in at least two seeds",3,3,3,3,0,0
"inflect_ward_k65",58,260211,"CD38",1000,"ambiguous","discordant_tests;seed_instability",3,0,0,1,0.484977713485534,0.00900450225112556
"inflect_ward_k65",58,260211,"CD38",5000,"detected_multimodality","both tests reject in at least two seeds",3,3,3,3,0.000209098534855345,0
"inflect_ward_k65",58,260211,"CD4",1000,"detected_multimodality","both tests reject in at least two seeds",3,3,3,3,0,0
"inflect_ward_k65",58,260211,"CD4",5000,"detected_multimodality","both tests reject in at least two seeds",3,3,3,3,0,0
"inflect_ward_k65",58,260211,"CD45RA",1000,"detected_multimodality","both tests reject in at least two seeds",3,3,3,3,0,0
"inflect_ward_k65",58,260211,"CD45RA",5000,"detected_multimodality","both tests reject in at least two seeds",3,3,3,3,0,0
"inflect_ward_k65",58,260211,"CD57",1000,"ambiguous","discordant_tests;seed_instability;borderline_q",3,0,0,1,0.997723128929048,0.0173658257700279
"inflect_ward_k65",58,260211,"CD57",5000,"detected_multimodality","both tests reject in at least two seeds",3,3,3,3,0.0061646286378304,0
"inflect_ward_k65",58,260211,"CD7",1000,"no_detected_multimodality","neither test rejects in any seed",3,0,0,0,0.997723128929048,0.663631815907954
"inflect_ward_k65",58,260211,"CD7",5000,"ambiguous","discordant_tests",3,0,0,3,0.185122452838622,0
"inflect_ward_k65",58,260211,"HLA-DR",1000,"detected_multimodality","both tests reject in at least two seeds",3,3,3,3,0,0
"inflect_ward_k65",58,260211,"HLA-DR",5000,"detected_multimodality","both tests reject in at least two seeds",3,3,3,3,0,0
"inflect_ward_k65",58,260211,"Tbet",1000,"no_detected_multimodality","neither test rejects in any seed",3,0,0,0,0.997723128929048,0.547988279854213
"inflect_ward_k65",58,260211,"Tbet",5000,"no_detected_multimodality","neither test rejects in any seed",3,0,0,0,0.999714626074916,0.269290895447724
"inflect_ward_k65",58,260211,"TCRgd_CD141",1000,"detected_multimodality","both tests reject in at least two seeds",3,3,3,3,0,0
"inflect_ward_k65",58,260211,"TCRgd_CD141",5000,"detected_multimodality","both tests reject in at least two seeds",3,3,3,3,0,0
"inflect_ward_k65",60,5217922,"CD38",1000,"no_detected_multimodality","neither test rejects in any seed",3,0,0,0,0.999177184010298,0.317408704352176
"inflect_ward_k65",60,5217922,"CD38",5000,"ambiguous","discordant_tests;seed_instability",3,0,0,1,1,0.0202601300650325
"inflect_ward_k65",60,5217922,"CD45RA",1000,"ambiguous","discordant_tests;seed_instability",3,1,1,2,0.00597907800285857,0
"inflect_ward_k65",60,5217922,"CD45RA",5000,"detected_multimodality","both tests reject in at least two seeds",3,3,3,3,0,0
"inflect_ward_k65",60,5217922,"CD7",1000,"no_detected_multimodality","neither test rejects in any seed",3,0,0,0,0.999177184010298,0.459229614807404
"inflect_ward_k65",60,5217922,"CD7",5000,"no_detected_multimodality","neither test rejects in any seed",3,0,0,0,1,0.717546273136568
"inflect_ward_k65",61,8521,"CD14",1000,"ambiguous","discordant_tests;borderline_q",3,0,0,3,0.0916574805865021,0
"inflect_ward_k65",61,8521,"CD14",5000,"detected_multimodality","both tests reject in at least two seeds",3,3,3,3,0,0
"inflect_ward_k65",61,8521,"CD197_CCR7",1000,"no_detected_multimodality","neither test rejects in any seed",3,0,0,0,0.999581752188165,0.41099120989066
"inflect_ward_k65",61,8521,"CD197_CCR7",5000,"ambiguous","discordant_tests;seed_instability",3,0,0,2,0.998646034742365,0
"inflect_ward_k65",61,8521,"CD27",1000,"ambiguous","discordant_tests;seed_instability",3,0,0,2,0.873705046930164,0.00337668834417209
"inflect_ward_k65",61,8521,"CD27",5000,"ambiguous","discordant_tests;seed_instability",3,1,1,3,0.0123416792455937,0
"inflect_ward_k65",61,8521,"CD294_CRTH2",1000,"ambiguous","discordant_tests;seed_instability",3,0,0,1,0.999581752188165,0.0270135067533767
"inflect_ward_k65",61,8521,"CD294_CRTH2",5000,"no_detected_multimodality","neither test rejects in any seed",3,0,0,0,0.998646034742365,0.332844993925534
"inflect_ward_k65",61,8521,"CD3",1000,"detected_multimodality","both tests reject in at least two seeds",3,3,3,3,0,0
"inflect_ward_k65",61,8521,"CD3",5000,"detected_multimodality","both tests reject in at least two seeds",3,3,3,3,0,0
"inflect_ward_k65",61,8521,"CD303_TCRvd2",1000,"no_detected_multimodality","neither test rejects in any seed",3,0,0,0,0.999581752188165,0.732741370685343
"inflect_ward_k65",61,8521,"CD303_TCRvd2",5000,"no_detected_multimodality","neither test rejects in any seed",3,0,0,0,0.998646034742365,0.332844993925534
"inflect_ward_k65",61,8521,"CD7",1000,"detected_multimodality","both tests reject in at least two seeds",3,3,3,3,0,0
"inflect_ward_k65",61,8521,"CD7",5000,"detected_multimodality","both tests reject in at least two seeds",3,3,3,3,0,0
"inflect_ward_k65",61,8521,"TCRgd_CD141",1000,"no_detected_multimodality","neither test rejects in any seed",3,0,0,0,0.999581752188165,0.779339669834918
"inflect_ward_k65",61,8521,"TCRgd_CD141",5000,"ambiguous","discordant_tests;seed_instability",3,0,0,2,0.998646034742365,0.0157578789394697
"inflect_ward_k65",62,1013096,"CD185_CXCR5",1000,"ambiguous","seed_instability",3,1,1,1,0.0302769185805249,0
"inflect_ward_k65",62,1013096,"CD185_CXCR5",5000,"ambiguous","discordant_tests;seed_instability;borderline_q",3,1,1,2,0.0111121674489232,0
"inflect_ward_k65",62,1013096,"CD19",1000,"detected_multimodality","both tests reject in at least two seeds",3,2,2,3,0.000208293813784066,0
"inflect_ward_k65",62,1013096,"CD19",5000,"detected_multimodality","both tests reject in at least two seeds",3,3,3,3,0,0
"inflect_ward_k65",62,1013096,"CD21",1000,"detected_multimodality","both tests reject in at least two seeds",3,3,3,3,0,0
"inflect_ward_k65",62,1013096,"CD21",5000,"detected_multimodality","both tests reject in at least two seeds",3,3,3,3,0,0
"inflect_ward_k65",63,2920244,"CD159c_NKG2C",1000,"no_detected_multimodality","neither test rejects in any seed",3,0,0,0,0.999463389019575,0.878552912820046
"inflect_ward_k65",63,2920244,"CD159c_NKG2C",5000,"no_detected_multimodality","neither test rejects in any seed",3,0,0,0,1,0.812206103051526
"inflect_ward_k65",64,278423,"CD14",1000,"ambiguous","discordant_tests",3,0,0,3,0.999192356343577,0
"inflect_ward_k65",64,278423,"CD14",5000,"detected_multimodality","both tests reject in at least two seeds",3,3,3,3,4.63901110730469e-05,0
"inflect_ward_k65",64,278423,"CD159c_NKG2C",1000,"no_detected_multimodality","neither test rejects in any seed",3,0,0,0,0.999192356343577,0.639728955386784
"inflect_ward_k65",64,278423,"CD159c_NKG2C",5000,"ambiguous","borderline_q",3,0,0,0,1,0.096048024012006
"inflect_ward_k65",64,278423,"CD185_CXCR5",1000,"ambiguous","discordant_tests;seed_instability;borderline_q",3,0,0,1,0.999192356343577,0.00337668834417209
"inflect_ward_k65",64,278423,"CD185_CXCR5",5000,"detected_multimodality","both tests reject in at least two seeds",3,3,3,3,3.7014317787798e-05,0
"inflect_ward_k65",64,278423,"CD21",1000,"no_detected_multimodality","neither test rejects in any seed",3,0,0,0,0.999192356343577,0.121560780390195
"inflect_ward_k65",64,278423,"CD21",5000,"ambiguous","discordant_tests;seed_instability",3,0,0,1,0.918462419086773,0.0173658257700279
"inflect_ward_k65",64,278423,"CD25",1000,"no_detected_multimodality","neither test rejects in any seed",3,0,0,0,0.999192356343577,0.220610305152576
"inflect_ward_k65",64,278423,"CD25",5000,"no_detected_multimodality","neither test rejects in any seed",3,0,0,0,1,0.689555303967773
"inflect_ward_k65",64,278423,"CD27",1000,"ambiguous","discordant_tests;seed_instability",3,0,0,1,0.999192356343577,0.00450225112556278
"inflect_ward_k65",64,278423,"CD27",5000,"detected_multimodality","both tests reject in at least two seeds",3,3,3,3,9.86954182200517e-05,0
"inflect_ward_k65",64,278423,"CD38",1000,"detected_multimodality","both tests reject in at least two seeds",3,3,3,3,0,0
"inflect_ward_k65",64,278423,"CD38",5000,"detected_multimodality","both tests reject in at least two seeds",3,3,3,3,0,0
"inflect_ward_k65",64,278423,"CD57",1000,"ambiguous","discordant_tests;seed_instability",3,0,0,1,0.999192356343577,0.00675337668834417
"inflect_ward_k65",64,278423,"CD57",5000,"no_detected_multimodality","neither test rejects in any seed",3,0,0,0,1,0.811633089271909
"inflect_ward_k65",64,278423,"CD7",1000,"ambiguous","discordant_tests",3,0,0,3,0.6581698795935,0
"inflect_ward_k65",64,278423,"CD7",5000,"detected_multimodality","both tests reject in at least two seeds",3,3,3,3,0,0
"inflect_ward_k65",64,278423,"FoxP3",1000,"no_detected_multimodality","neither test rejects in any seed",3,0,0,0,0.999192356343577,0.684985349817766
"inflect_ward_k65",64,278423,"FoxP3",5000,"no_detected_multimodality","neither test rejects in any seed",3,0,0,0,1,0.337668834417209
"inflect_ward_k65",65,541968,"CD127",1000,"no_detected_multimodality","neither test rejects in any seed",3,0,0,0,0.997228243217926,0.256628314157079
"inflect_ward_k65",65,541968,"CD127",5000,"ambiguous","discordant_tests;seed_instability",3,0,0,2,0.519738896561005,0
"inflect_ward_k65",65,541968,"CD19",1000,"no_detected_multimodality","neither test rejects in any seed",3,0,0,0,0.997228243217926,0.834202815693561
"inflect_ward_k65",65,541968,"CD19",5000,"no_detected_multimodality","neither test rejects in any seed",3,0,0,0,1,0.406430487971258
"inflect_ward_k65",65,541968,"CD27",1000,"no_detected_multimodality","neither test rejects in any seed",3,0,0,0,0.997228243217926,0.595647823911956
"inflect_ward_k65",65,541968,"CD27",5000,"ambiguous","discordant_tests",3,0,0,3,1,0
"inflect_ward_k65",65,541968,"CD303_TCRvd2",1000,"no_detected_multimodality","neither test rejects in any seed",3,0,0,0,0.997228243217926,0.657328664332166
"inflect_ward_k65",65,541968,"CD303_TCRvd2",5000,"no_detected_multimodality","neither test rejects in any seed",3,0,0,0,1,0.467912527692418
"inflect_ward_k65",65,541968,"CD7",1000,"no_detected_multimodality","neither test rejects in any seed",3,0,0,0,0.997228243217926,0.341045522761381
"inflect_ward_k65",65,541968,"CD7",5000,"ambiguous","discordant_tests",3,0,0,3,1,0
