"solution_id","cluster","marker","base_status","refinement_status_n1000","refinement_status_n5000","final_status","refinement_stable","final_status_reason"
"flowsom_consensus_k62_seed1",1,"CD11c","detected_multimodality","ambiguous","detected_multimodality","ambiguous",FALSE,"sample_size_instability"
"flowsom_consensus_k62_seed1",1,"CD127","no_detected_multimodality","no_detected_multimodality","no_detected_multimodality","no_detected_multimodality",TRUE,"stable_across_1000_2000_5000_events"
"flowsom_consensus_k62_seed1",1,"CD161","detected_multimodality","detected_multimodality","detected_multimodality","detected_multimodality",TRUE,"stable_across_1000_2000_5000_events"
"flowsom_consensus_k62_seed1",1,"CD21","no_detected_multimodality","no_detected_multimodality","no_detected_multimodality","no_detected_multimodality",TRUE,"stable_across_1000_2000_5000_events"
"flowsom_consensus_k62_seed1",1,"CD56","ambiguous","ambiguous","ambiguous","ambiguous",TRUE,"base_evidence_ambiguous"
"flowsom_consensus_k62_seed1",1,"CD57","ambiguous","ambiguous","ambiguous","ambiguous",TRUE,"base_evidence_ambiguous"
"flowsom_consensus_k62_seed1",2,"CD303_TCRvd2","no_detected_multimodality","no_detected_multimodality","no_detected_multimodality","no_detected_multimodality",TRUE,"stable_across_1000_2000_5000_events"
"flowsom_consensus_k62_seed1",2,"CD57","no_detected_multimodality","no_detected_multimodality","no_detected_multimodality","no_detected_multimodality",TRUE,"stable_across_1000_2000_5000_events"
"flowsom_consensus_k62_seed1",3,"CD14","no_detected_multimodality","no_detected_multimodality","no_detected_multimodality","no_detected_multimodality",TRUE,"stable_across_1000_2000_5000_events"
"flowsom_consensus_k62_seed1",3,"CD159c_NKG2C","detected_multimodality","detected_multimodality","detected_multimodality","detected_multimodality",TRUE,"stable_across_1000_2000_5000_events"
"flowsom_consensus_k62_seed1",3,"CD56","no_detected_multimodality","no_detected_multimodality","no_detected_multimodality","no_detected_multimodality",TRUE,"stable_across_1000_2000_5000_events"
"flowsom_consensus_k62_seed1",3,"CD57","detected_multimodality","detected_multimodality","detected_multimodality","detected_multimodality",TRUE,"stable_across_1000_2000_5000_events"
"flowsom_consensus_k62_seed1",4,"CD159c_NKG2C","no_detected_multimodality","no_detected_multimodality","ambiguous","ambiguous",FALSE,"sample_size_instability"
"flowsom_consensus_k62_seed1",4,"CD27","no_detected_multimodality","no_detected_multimodality","no_detected_multimodality","no_detected_multimodality",TRUE,"stable_across_1000_2000_5000_events"
"flowsom_consensus_k62_seed1",4,"CD3","detected_multimodality","detected_multimodality","detected_multimodality","detected_multimodality",TRUE,"stable_across_1000_2000_5000_events"
"flowsom_consensus_k62_seed1",4,"CD57","detected_multimodality","detected_multimodality","detected_multimodality","detected_multimodality",TRUE,"stable_across_1000_2000_5000_events"
"flowsom_consensus_k62_seed1",5,"CD11c","detected_multimodality","detected_multimodality","detected_multimodality","detected_multimodality",TRUE,"stable_across_1000_2000_5000_events"
"flowsom_consensus_k62_seed1",5,"CD1c","no_detected_multimodality","no_detected_multimodality","no_detected_multimodality","no_detected_multimodality",TRUE,"stable_across_1000_2000_5000_events"
"flowsom_consensus_k62_seed1",5,"CD294_CRTH2","no_detected_multimodality","no_detected_multimodality","no_detected_multimodality","no_detected_multimodality",TRUE,"stable_across_1000_2000_5000_events"
"flowsom_consensus_k62_seed1",5,"CD3","detected_multimodality","detected_multimodality","detected_multimodality","detected_multimodality",TRUE,"stable_across_1000_2000_5000_events"
"flowsom_consensus_k62_seed1",5,"CD57","detected_multimodality","detected_multimodality","detected_multimodality","detected_multimodality",TRUE,"stable_across_1000_2000_5000_events"
"flowsom_consensus_k62_seed1",5,"CD7","no_detected_multimodality","no_detected_multimodality","no_detected_multimodality","no_detected_multimodality",TRUE,"stable_across_1000_2000_5000_events"
"flowsom_consensus_k62_seed1",6,"CD11c","detected_multimodality","ambiguous","detected_multimodality","ambiguous",FALSE,"sample_size_instability"
"flowsom_consensus_k62_seed1",6,"CD161","ambiguous","ambiguous","detected_multimodality","ambiguous",FALSE,"base_evidence_ambiguous"
"flowsom_consensus_k62_seed1",6,"CD185_CXCR5","no_detected_multimodality","no_detected_multimodality","ambiguous","ambiguous",FALSE,"sample_size_instability"
"flowsom_consensus_k62_seed1",6,"CD3","ambiguous","no_detected_multimodality","ambiguous","ambiguous",FALSE,"base_evidence_ambiguous"
"flowsom_consensus_k62_seed1",6,"CD57","ambiguous","ambiguous","detected_multimodality","ambiguous",FALSE,"base_evidence_ambiguous"
"flowsom_consensus_k62_seed1",6,"CD8","no_detected_multimodality","no_detected_multimodality","no_detected_multimodality","no_detected_multimodality",TRUE,"stable_across_1000_2000_5000_events"
"flowsom_consensus_k62_seed1",6,"Tbet","ambiguous","no_detected_multimodality","no_detected_multimodality","ambiguous",FALSE,"base_evidence_ambiguous"
"flowsom_consensus_k62_seed1",7,"CD11c","ambiguous","ambiguous","ambiguous","ambiguous",TRUE,"base_evidence_ambiguous"
"flowsom_consensus_k62_seed1",7,"CD127","no_detected_multimodality","no_detected_multimodality","no_detected_multimodality","no_detected_multimodality",TRUE,"stable_across_1000_2000_5000_events"
"flowsom_consensus_k62_seed1",7,"CD14","no_detected_multimodality","no_detected_multimodality","no_detected_multimodality","no_detected_multimodality",TRUE,"stable_across_1000_2000_5000_events"
"flowsom_consensus_k62_seed1",7,"CD159c_NKG2C","ambiguous","no_detected_multimodality","detected_multimodality","ambiguous",FALSE,"base_evidence_ambiguous"
"flowsom_consensus_k62_seed1",7,"CD45RA","no_detected_multimodality","no_detected_multimodality","ambiguous","ambiguous",FALSE,"sample_size_instability"
"flowsom_consensus_k62_seed1",7,"CD56","no_detected_multimodality","no_detected_multimodality","no_detected_multimodality","no_detected_multimodality",TRUE,"stable_across_1000_2000_5000_events"
"flowsom_consensus_k62_seed1",7,"CD57","detected_multimodality","detected_multimodality","detected_multimodality","detected_multimodality",TRUE,"stable_across_1000_2000_5000_events"
"flowsom_consensus_k62_seed1",8,"CD11c","ambiguous","ambiguous","ambiguous","ambiguous",TRUE,"base_evidence_ambiguous"
"flowsom_consensus_k62_seed1",8,"CD159c_NKG2C","ambiguous","no_detected_multimodality","ambiguous","ambiguous",FALSE,"base_evidence_ambiguous"
"flowsom_consensus_k62_seed1",8,"CD197_CCR7","no_detected_multimodality","no_detected_multimodality","no_detected_multimodality","no_detected_multimodality",TRUE,"stable_across_1000_2000_5000_events"
"flowsom_consensus_k62_seed1",8,"CD27","no_detected_multimodality","no_detected_multimodality","no_detected_multimodality","no_detected_multimodality",TRUE,"stable_across_1000_2000_5000_events"
"flowsom_consensus_k62_seed1",8,"CD57","detected_multimodality","detected_multimodality","detected_multimodality","detected_multimodality",TRUE,"stable_across_1000_2000_5000_events"
"flowsom_consensus_k62_seed1",8,"FoxP3","ambiguous","no_detected_multimodality","no_detected_multimodality","ambiguous",FALSE,"base_evidence_ambiguous"
"flowsom_consensus_k62_seed1",8,"HLA-DR","no_detected_multimodality","no_detected_multimodality","no_detected_multimodality","no_detected_multimodality",TRUE,"stable_across_1000_2000_5000_events"
"flowsom_consensus_k62_seed1",9,"CD159c_NKG2C","ambiguous","ambiguous","detected_multimodality","ambiguous",FALSE,"base_evidence_ambiguous"
"flowsom_consensus_k62_seed1",9,"CD16","no_detected_multimodality","no_detected_multimodality","no_detected_multimodality","no_detected_multimodality",TRUE,"stable_across_1000_2000_5000_events"
"flowsom_consensus_k62_seed1",9,"CD1c","no_detected_multimodality","no_detected_multimodality","no_detected_multimodality","no_detected_multimodality",TRUE,"stable_across_1000_2000_5000_events"
"flowsom_consensus_k62_seed1",9,"CD21","no_detected_multimodality","no_detected_multimodality","no_detected_multimodality","no_detected_multimodality",TRUE,"stable_across_1000_2000_5000_events"
"flowsom_consensus_k62_seed1",9,"CD27","ambiguous","ambiguous","ambiguous","ambiguous",TRUE,"base_evidence_ambiguous"
"flowsom_consensus_k62_seed1",9,"CD3","ambiguous","no_detected_multimodality","no_detected_multimodality","ambiguous",FALSE,"base_evidence_ambiguous"
"flowsom_consensus_k62_seed1",9,"CD56","detected_multimodality","ambiguous","detected_multimodality","ambiguous",FALSE,"sample_size_instability"
"flowsom_consensus_k62_seed1",9,"CD57","ambiguous","ambiguous","detected_multimodality","ambiguous",FALSE,"base_evidence_ambiguous"
"flowsom_consensus_k62_seed1",10,"CD11c","ambiguous","no_detected_multimodality","ambiguous","ambiguous",FALSE,"base_evidence_ambiguous"
"flowsom_consensus_k62_seed1",10,"CD127","ambiguous","ambiguous","ambiguous","ambiguous",TRUE,"base_evidence_ambiguous"
"flowsom_consensus_k62_seed1",10,"CD197_CCR7","detected_multimodality","detected_multimodality","detected_multimodality","detected_multimodality",TRUE,"stable_across_1000_2000_5000_events"
"flowsom_consensus_k62_seed1",10,"CD27","detected_multimodality","detected_multimodality","detected_multimodality","detected_multimodality",TRUE,"stable_across_1000_2000_5000_events"
"flowsom_consensus_k62_seed1",10,"CD38","no_detected_multimodality","no_detected_multimodality","no_detected_multimodality","no_detected_multimodality",TRUE,"stable_across_1000_2000_5000_events"
"flowsom_consensus_k62_seed1",10,"CD45RA","detected_multimodality","detected_multimodality","detected_multimodality","detected_multimodality",TRUE,"stable_across_1000_2000_5000_events"
"flowsom_consensus_k62_seed1",10,"Tbet","ambiguous","ambiguous","detected_multimodality","ambiguous",FALSE,"base_evidence_ambiguous"
"flowsom_consensus_k62_seed1",11,"CD11c","ambiguous","no_detected_multimodality","ambiguous","ambiguous",FALSE,"base_evidence_ambiguous"
"flowsom_consensus_k62_seed1",11,"CD159c_NKG2C","detected_multimodality","detected_multimodality","detected_multimodality","detected_multimodality",TRUE,"stable_across_1000_2000_5000_events"
"flowsom_consensus_k62_seed1",11,"CD16","ambiguous","ambiguous","detected_multimodality","ambiguous",FALSE,"base_evidence_ambiguous"
"flowsom_consensus_k62_seed1",11,"CD161","ambiguous","no_detected_multimodality","no_detected_multimodality","ambiguous",FALSE,"base_evidence_ambiguous"
"flowsom_consensus_k62_seed1",11,"CD197_CCR7","no_detected_multimodality","no_detected_multimodality","no_detected_multimodality","no_detected_multimodality",TRUE,"stable_across_1000_2000_5000_events"
"flowsom_consensus_k62_seed1",11,"CD294_CRTH2","no_detected_multimodality","no_detected_multimodality","no_detected_multimodality","no_detected_multimodality",TRUE,"stable_across_1000_2000_5000_events"
"flowsom_consensus_k62_seed1",11,"CD3","ambiguous","no_detected_multimodality","ambiguous","ambiguous",FALSE,"base_evidence_ambiguous"
"flowsom_consensus_k62_seed1",11,"FoxP3","ambiguous","no_detected_multimodality","no_detected_multimodality","ambiguous",FALSE,"base_evidence_ambiguous"
"flowsom_consensus_k62_seed1",11,"HLA-DR","ambiguous","no_detected_multimodality","no_detected_multimodality","ambiguous",FALSE,"base_evidence_ambiguous"
"flowsom_consensus_k62_seed1",12,"CD11c","detected_multimodality","ambiguous","detected_multimodality","ambiguous",FALSE,"sample_size_instability"
"flowsom_consensus_k62_seed1",12,"CD127","no_detected_multimodality","no_detected_multimodality","no_detected_multimodality","no_detected_multimodality",TRUE,"stable_across_1000_2000_5000_events"
"flowsom_consensus_k62_seed1",12,"CD161","ambiguous","ambiguous","ambiguous","ambiguous",TRUE,"base_evidence_ambiguous"
"flowsom_consensus_k62_seed1",12,"CD197_CCR7","no_detected_multimodality","no_detected_multimodality","no_detected_multimodality","no_detected_multimodality",TRUE,"stable_across_1000_2000_5000_events"
"flowsom_consensus_k62_seed1",12,"CD3","detected_multimodality","detected_multimodality","detected_multimodality","detected_multimodality",TRUE,"stable_across_1000_2000_5000_events"
"flowsom_consensus_k62_seed1",12,"CD303_TCRvd2","ambiguous","no_detected_multimodality","no_detected_multimodality","ambiguous",FALSE,"base_evidence_ambiguous"
"flowsom_consensus_k62_seed1",12,"CD56","detected_multimodality","ambiguous","detected_multimodality","ambiguous",FALSE,"sample_size_instability"
"flowsom_consensus_k62_seed1",12,"CD57","ambiguous","ambiguous","ambiguous","ambiguous",TRUE,"base_evidence_ambiguous"
"flowsom_consensus_k62_seed1",13,"CD11c","no_detected_multimodality","no_detected_multimodality","no_detected_multimodality","no_detected_multimodality",TRUE,"stable_across_1000_2000_5000_events"
"flowsom_consensus_k62_seed1",13,"CD16","ambiguous","no_detected_multimodality","no_detected_multimodality","ambiguous",FALSE,"base_evidence_ambiguous"
"flowsom_consensus_k62_seed1",13,"CD3","no_detected_multimodality","no_detected_multimodality","no_detected_multimodality","no_detected_multimodality",TRUE,"stable_across_1000_2000_5000_events"
"flowsom_consensus_k62_seed1",13,"CD57","detected_multimodality","detected_multimodality","detected_multimodality","detected_multimodality",TRUE,"stable_across_1000_2000_5000_events"
"flowsom_consensus_k62_seed1",13,"FoxP3","no_detected_multimodality","no_detected_multimodality","no_detected_multimodality","no_detected_multimodality",TRUE,"stable_across_1000_2000_5000_events"
"flowsom_consensus_k62_seed1",13,"TCRgd_CD141","ambiguous","no_detected_multimodality","no_detected_multimodality","ambiguous",FALSE,"base_evidence_ambiguous"
"flowsom_consensus_k62_seed1",14,"CD11c","ambiguous","no_detected_multimodality","detected_multimodality","ambiguous",FALSE,"base_evidence_ambiguous"
"flowsom_consensus_k62_seed1",14,"CD161","detected_multimodality","detected_multimodality","detected_multimodality","detected_multimodality",TRUE,"stable_across_1000_2000_5000_events"
"flowsom_consensus_k62_seed1",14,"CD185_CXCR5","no_detected_multimodality","no_detected_multimodality","no_detected_multimodality","no_detected_multimodality",TRUE,"stable_across_1000_2000_5000_events"
"flowsom_consensus_k62_seed1",14,"CD19","no_detected_multimodality","no_detected_multimodality","no_detected_multimodality","no_detected_multimodality",TRUE,"stable_across_1000_2000_5000_events"
"flowsom_consensus_k62_seed1",14,"CD303_TCRvd2","ambiguous","ambiguous","no_detected_multimodality","ambiguous",FALSE,"base_evidence_ambiguous"
"flowsom_consensus_k62_seed1",14,"CD38","no_detected_multimodality","no_detected_multimodality","no_detected_multimodality","no_detected_multimodality",TRUE,"stable_across_1000_2000_5000_events"
"flowsom_consensus_k62_seed1",14,"CD4","no_detected_multimodality","no_detected_multimodality","no_detected_multimodality","no_detected_multimodality",TRUE,"stable_across_1000_2000_5000_events"
"flowsom_consensus_k62_seed1",14,"CD57","no_detected_multimodality","no_detected_multimodality","no_detected_multimodality","no_detected_multimodality",TRUE,"stable_across_1000_2000_5000_events"
"flowsom_consensus_k62_seed1",14,"CD8","no_detected_multimodality","no_detected_multimodality","no_detected_multimodality","no_detected_multimodality",TRUE,"stable_across_1000_2000_5000_events"
"flowsom_consensus_k62_seed1",14,"HLA-DR","no_detected_multimodality","ambiguous","no_detected_multimodality","ambiguous",FALSE,"sample_size_instability"
"flowsom_consensus_k62_seed1",14,"TCRgd_CD141","ambiguous","ambiguous","no_detected_multimodality","ambiguous",FALSE,"base_evidence_ambiguous"
"flowsom_consensus_k62_seed1",15,"CD11c","ambiguous","ambiguous","ambiguous","ambiguous",TRUE,"base_evidence_ambiguous"
"flowsom_consensus_k62_seed1",15,"CD14","no_detected_multimodality","no_detected_multimodality","no_detected_multimodality","no_detected_multimodality",TRUE,"stable_across_1000_2000_5000_events"
"flowsom_consensus_k62_seed1",15,"CD185_CXCR5","ambiguous","no_detected_multimodality","ambiguous","ambiguous",FALSE,"base_evidence_ambiguous"
"flowsom_consensus_k62_seed1",15,"CD56","no_detected_multimodality","no_detected_multimodality","ambiguous","ambiguous",FALSE,"sample_size_instability"
"flowsom_consensus_k62_seed1",15,"FoxP3","no_detected_multimodality","ambiguous","no_detected_multimodality","ambiguous",FALSE,"sample_size_instability"
"flowsom_consensus_k62_seed1",15,"Tbet","detected_multimodality","ambiguous","detected_multimodality","ambiguous",FALSE,"sample_size_instability"
"flowsom_consensus_k62_seed1",16,"CD11c","ambiguous","no_detected_multimodality","ambiguous","ambiguous",FALSE,"base_evidence_ambiguous"
"flowsom_consensus_k62_seed1",16,"CD159c_NKG2C","ambiguous","no_detected_multimodality","no_detected_multimodality","ambiguous",FALSE,"base_evidence_ambiguous"
"flowsom_consensus_k62_seed1",16,"CD161","ambiguous","ambiguous","ambiguous","ambiguous",TRUE,"base_evidence_ambiguous"
"flowsom_consensus_k62_seed1",16,"CD27","ambiguous","no_detected_multimodality","ambiguous","ambiguous",FALSE,"base_evidence_ambiguous"
"flowsom_consensus_k62_seed1",16,"CD45RA","ambiguous","ambiguous","detected_multimodality","ambiguous",FALSE,"base_evidence_ambiguous"
"flowsom_consensus_k62_seed1",16,"CD56","detected_multimodality","detected_multimodality","detected_multimodality","detected_multimodality",TRUE,"stable_across_1000_2000_5000_events"
"flowsom_consensus_k62_seed1",16,"CD7","detected_multimodality","detected_multimodality","detected_multimodality","detected_multimodality",TRUE,"stable_across_1000_2000_5000_events"
"flowsom_consensus_k62_seed1",16,"FoxP3","detected_multimodality","detected_multimodality","detected_multimodality","detected_multimodality",TRUE,"stable_across_1000_2000_5000_events"
"flowsom_consensus_k62_seed1",17,"CD159c_NKG2C","detected_multimodality","ambiguous","detected_multimodality","ambiguous",FALSE,"sample_size_instability"
"flowsom_consensus_k62_seed1",17,"CD25","no_detected_multimodality","no_detected_multimodality","no_detected_multimodality","no_detected_multimodality",TRUE,"stable_across_1000_2000_5000_events"
"flowsom_consensus_k62_seed1",17,"FoxP3","no_detected_multimodality","no_detected_multimodality","no_detected_multimodality","no_detected_multimodality",TRUE,"stable_across_1000_2000_5000_events"
"flowsom_consensus_k62_seed1",18,"CD56","ambiguous","no_detected_multimodality","detected_multimodality","ambiguous",FALSE,"base_evidence_ambiguous"
"flowsom_consensus_k62_seed1",18,"CD57","ambiguous","no_detected_multimodality","ambiguous","ambiguous",FALSE,"base_evidence_ambiguous"
"flowsom_consensus_k62_seed1",18,"TCRgd_CD141","ambiguous","no_detected_multimodality","ambiguous","ambiguous",FALSE,"base_evidence_ambiguous"
"flowsom_consensus_k62_seed1",19,"CD11c","ambiguous","no_detected_multimodality","ambiguous","ambiguous",FALSE,"base_evidence_ambiguous"
"flowsom_consensus_k62_seed1",19,"CD3","detected_multimodality","detected_multimodality","detected_multimodality","detected_multimodality",TRUE,"stable_across_1000_2000_5000_events"
"flowsom_consensus_k62_seed1",19,"CD7","ambiguous","no_detected_multimodality","ambiguous","ambiguous",FALSE,"base_evidence_ambiguous"
"flowsom_consensus_k62_seed1",20,"CD16","ambiguous","ambiguous","ambiguous","ambiguous",TRUE,"base_evidence_ambiguous"
"flowsom_consensus_k62_seed1",20,"CD161","ambiguous","no_detected_multimodality","no_detected_multimodality","ambiguous",FALSE,"base_evidence_ambiguous"
"flowsom_consensus_k62_seed1",20,"CD3","detected_multimodality","detected_multimodality","detected_multimodality","detected_multimodality",TRUE,"stable_across_1000_2000_5000_events"
"flowsom_consensus_k62_seed1",20,"CD303_TCRvd2","ambiguous","ambiguous","detected_multimodality","ambiguous",FALSE,"base_evidence_ambiguous"
"flowsom_consensus_k62_seed1",20,"CD45RA","ambiguous","no_detected_multimodality","ambiguous","ambiguous",FALSE,"base_evidence_ambiguous"
"flowsom_consensus_k62_seed1",20,"CD57","ambiguous","no_detected_multimodality","ambiguous","ambiguous",FALSE,"base_evidence_ambiguous"
"flowsom_consensus_k62_seed1",20,"CD8","no_detected_multimodality","no_detected_multimodality","no_detected_multimodality","no_detected_multimodality",TRUE,"stable_across_1000_2000_5000_events"
"flowsom_consensus_k62_seed1",21,"CD16","no_detected_multimodality","no_detected_multimodality","no_detected_multimodality","no_detected_multimodality",TRUE,"stable_across_1000_2000_5000_events"
"flowsom_consensus_k62_seed1",21,"CD161","detected_multimodality","detected_multimodality","detected_multimodality","detected_multimodality",TRUE,"stable_across_1000_2000_5000_events"
"flowsom_consensus_k62_seed1",21,"CD1c","no_detected_multimodality","no_detected_multimodality","no_detected_multimodality","no_detected_multimodality",TRUE,"stable_across_1000_2000_5000_events"
"flowsom_consensus_k62_seed1",21,"CD21","no_detected_multimodality","no_detected_multimodality","no_detected_multimodality","no_detected_multimodality",TRUE,"stable_across_1000_2000_5000_events"
"flowsom_consensus_k62_seed1",21,"CD27","detected_multimodality","detected_multimodality","detected_multimodality","detected_multimodality",TRUE,"stable_across_1000_2000_5000_events"
"flowsom_consensus_k62_seed1",22,"CD19","no_detected_multimodality","no_detected_multimodality","no_detected_multimodality","no_detected_multimodality",TRUE,"stable_across_1000_2000_5000_events"
"flowsom_consensus_k62_seed1",22,"CD38","no_detected_multimodality","no_detected_multimodality","no_detected_multimodality","no_detected_multimodality",TRUE,"stable_across_1000_2000_5000_events"
"flowsom_consensus_k62_seed1",22,"CD57","no_detected_multimodality","no_detected_multimodality","ambiguous","ambiguous",FALSE,"sample_size_instability"
"flowsom_consensus_k62_seed1",23,"CD161","ambiguous","ambiguous","detected_multimodality","ambiguous",FALSE,"base_evidence_ambiguous"
"flowsom_consensus_k62_seed1",23,"CD185_CXCR5","ambiguous","no_detected_multimodality","ambiguous","ambiguous",FALSE,"base_evidence_ambiguous"
"flowsom_consensus_k62_seed1",23,"CD3","no_detected_multimodality","no_detected_multimodality","no_detected_multimodality","no_detected_multimodality",TRUE,"stable_across_1000_2000_5000_events"
"flowsom_consensus_k62_seed1",23,"CD38","detected_multimodality","detected_multimodality","detected_multimodality","detected_multimodality",TRUE,"stable_across_1000_2000_5000_events"
"flowsom_consensus_k62_seed1",23,"CD45RA","ambiguous","no_detected_multimodality","ambiguous","ambiguous",FALSE,"base_evidence_ambiguous"
"flowsom_consensus_k62_seed1",23,"CD7","detected_multimodality","ambiguous","detected_multimodality","ambiguous",FALSE,"sample_size_instability"
"flowsom_consensus_k62_seed1",23,"FoxP3","detected_multimodality","detected_multimodality","detected_multimodality","detected_multimodality",TRUE,"stable_across_1000_2000_5000_events"
"flowsom_consensus_k62_seed1",23,"HLA-DR","no_detected_multimodality","no_detected_multimodality","no_detected_multimodality","no_detected_multimodality",TRUE,"stable_across_1000_2000_5000_events"
"flowsom_consensus_k62_seed1",23,"Tbet","no_detected_multimodality","ambiguous","no_detected_multimodality","ambiguous",FALSE,"sample_size_instability"
"flowsom_consensus_k62_seed1",24,"CD159c_NKG2C","detected_multimodality","ambiguous","detected_multimodality","ambiguous",FALSE,"sample_size_instability"
"flowsom_consensus_k62_seed1",24,"CD197_CCR7","no_detected_multimodality","no_detected_multimodality","no_detected_multimodality","no_detected_multimodality",TRUE,"stable_across_1000_2000_5000_events"
"flowsom_consensus_k62_seed1",24,"CD21","ambiguous","no_detected_multimodality","no_detected_multimodality","ambiguous",FALSE,"base_evidence_ambiguous"
"flowsom_consensus_k62_seed1",24,"CD3","detected_multimodality","detected_multimodality","detected_multimodality","detected_multimodality",TRUE,"stable_across_1000_2000_5000_events"
"flowsom_consensus_k62_seed1",24,"CD38","ambiguous","no_detected_multimodality","ambiguous","ambiguous",FALSE,"base_evidence_ambiguous"
"flowsom_consensus_k62_seed1",24,"CD56","ambiguous","no_detected_multimodality","ambiguous","ambiguous",FALSE,"base_evidence_ambiguous"
"flowsom_consensus_k62_seed1",24,"CD7","no_detected_multimodality","no_detected_multimodality","no_detected_multimodality","no_detected_multimodality",TRUE,"stable_across_1000_2000_5000_events"
"flowsom_consensus_k62_seed1",25,"CD127","detected_multimodality","ambiguous","detected_multimodality","ambiguous",FALSE,"sample_size_instability"
"flowsom_consensus_k62_seed1",25,"CD159c_NKG2C","ambiguous","ambiguous","no_detected_multimodality","ambiguous",FALSE,"base_evidence_ambiguous"
"flowsom_consensus_k62_seed1",25,"CD161","detected_multimodality","ambiguous","detected_multimodality","ambiguous",FALSE,"sample_size_instability"
"flowsom_consensus_k62_seed1",25,"CD25","no_detected_multimodality","no_detected_multimodality","no_detected_multimodality","no_detected_multimodality",TRUE,"stable_across_1000_2000_5000_events"
"flowsom_consensus_k62_seed1",25,"CD27","detected_multimodality","detected_multimodality","detected_multimodality","detected_multimodality",TRUE,"stable_across_1000_2000_5000_events"
"flowsom_consensus_k62_seed1",25,"CD303_TCRvd2","detected_multimodality","detected_multimodality","detected_multimodality","detected_multimodality",TRUE,"stable_across_1000_2000_5000_events"
"flowsom_consensus_k62_seed1",25,"Tbet","ambiguous","ambiguous","ambiguous","ambiguous",TRUE,"base_evidence_ambiguous"
"flowsom_consensus_k62_seed1",25,"TCRgd_CD141","detected_multimodality","detected_multimodality","detected_multimodality","detected_multimodality",TRUE,"stable_across_1000_2000_5000_events"
"flowsom_consensus_k62_seed1",26,"CD11c","ambiguous","no_detected_multimodality","ambiguous","ambiguous",FALSE,"base_evidence_ambiguous"
"flowsom_consensus_k62_seed1",26,"CD159c_NKG2C","ambiguous","no_detected_multimodality","ambiguous","ambiguous",FALSE,"base_evidence_ambiguous"
"flowsom_consensus_k62_seed1",26,"CD16","detected_multimodality","ambiguous","detected_multimodality","ambiguous",FALSE,"sample_size_instability"
"flowsom_consensus_k62_seed1",26,"CD185_CXCR5","ambiguous","ambiguous","detected_multimodality","ambiguous",FALSE,"base_evidence_ambiguous"
"flowsom_consensus_k62_seed1",26,"CD19","no_detected_multimodality","no_detected_multimodality","no_detected_multimodality","no_detected_multimodality",TRUE,"stable_across_1000_2000_5000_events"
"flowsom_consensus_k62_seed1",26,"CD21","ambiguous","ambiguous","detected_multimodality","ambiguous",FALSE,"base_evidence_ambiguous"
"flowsom_consensus_k62_seed1",26,"CD3","ambiguous","no_detected_multimodality","ambiguous","ambiguous",FALSE,"base_evidence_ambiguous"
"flowsom_consensus_k62_seed1",26,"CD38","ambiguous","ambiguous","detected_multimodality","ambiguous",FALSE,"base_evidence_ambiguous"
"flowsom_consensus_k62_seed1",26,"CD4","no_detected_multimodality","no_detected_multimodality","no_detected_multimodality","no_detected_multimodality",TRUE,"stable_across_1000_2000_5000_events"
"flowsom_consensus_k62_seed1",26,"CD45RA","ambiguous","ambiguous","detected_multimodality","ambiguous",FALSE,"base_evidence_ambiguous"
"flowsom_consensus_k62_seed1",26,"CD57","ambiguous","no_detected_multimodality","no_detected_multimodality","ambiguous",FALSE,"base_evidence_ambiguous"
"flowsom_consensus_k62_seed1",27,"CD11c","ambiguous","no_detected_multimodality","ambiguous","ambiguous",FALSE,"base_evidence_ambiguous"
"flowsom_consensus_k62_seed1",27,"CD16","ambiguous","no_detected_multimodality","no_detected_multimodality","ambiguous",FALSE,"base_evidence_ambiguous"
"flowsom_consensus_k62_seed1",27,"CD161","ambiguous","ambiguous","detected_multimodality","ambiguous",FALSE,"base_evidence_ambiguous"
"flowsom_consensus_k62_seed1",27,"CD56","ambiguous","no_detected_multimodality","ambiguous","ambiguous",FALSE,"base_evidence_ambiguous"
"flowsom_consensus_k62_seed1",27,"CD7","ambiguous","no_detected_multimodality","no_detected_multimodality","ambiguous",FALSE,"base_evidence_ambiguous"
"flowsom_consensus_k62_seed1",27,"Tbet","ambiguous","ambiguous","detected_multimodality","ambiguous",FALSE,"base_evidence_ambiguous"
"flowsom_consensus_k62_seed1",27,"TCRgd_CD141","no_detected_multimodality","no_detected_multimodality","no_detected_multimodality","no_detected_multimodality",TRUE,"stable_across_1000_2000_5000_events"
"flowsom_consensus_k62_seed1",28,"CD11c","no_detected_multimodality","no_detected_multimodality","ambiguous","ambiguous",FALSE,"sample_size_instability"
"flowsom_consensus_k62_seed1",28,"CD161","ambiguous","ambiguous","detected_multimodality","ambiguous",FALSE,"base_evidence_ambiguous"
"flowsom_consensus_k62_seed1",28,"CD38","detected_multimodality","ambiguous","detected_multimodality","ambiguous",FALSE,"sample_size_instability"
"flowsom_consensus_k62_seed1",29,"CD11c","ambiguous","ambiguous","detected_multimodality","ambiguous",FALSE,"base_evidence_ambiguous"
"flowsom_consensus_k62_seed1",29,"CD159c_NKG2C","detected_multimodality","ambiguous","detected_multimodality","ambiguous",FALSE,"sample_size_instability"
"flowsom_consensus_k62_seed1",29,"CD161","no_detected_multimodality","no_detected_multimodality","no_detected_multimodality","no_detected_multimodality",TRUE,"stable_across_1000_2000_5000_events"
"flowsom_consensus_k62_seed1",29,"CD3","ambiguous","ambiguous","detected_multimodality","ambiguous",FALSE,"base_evidence_ambiguous"
"flowsom_consensus_k62_seed1",29,"CD303_TCRvd2","no_detected_multimodality","no_detected_multimodality","no_detected_multimodality","no_detected_multimodality",TRUE,"stable_across_1000_2000_5000_events"
"flowsom_consensus_k62_seed1",29,"CD56","ambiguous","no_detected_multimodality","no_detected_multimodality","ambiguous",FALSE,"base_evidence_ambiguous"
"flowsom_consensus_k62_seed1",29,"CD57","detected_multimodality","detected_multimodality","detected_multimodality","detected_multimodality",TRUE,"stable_across_1000_2000_5000_events"
"flowsom_consensus_k62_seed1",29,"CD7","no_detected_multimodality","no_detected_multimodality","no_detected_multimodality","no_detected_multimodality",TRUE,"stable_across_1000_2000_5000_events"
"flowsom_consensus_k62_seed1",29,"CD8","ambiguous","no_detected_multimodality","no_detected_multimodality","ambiguous",FALSE,"base_evidence_ambiguous"
"flowsom_consensus_k62_seed1",30,"CD11c","ambiguous","ambiguous","ambiguous","ambiguous",TRUE,"base_evidence_ambiguous"
"flowsom_consensus_k62_seed1",30,"CD159c_NKG2C","ambiguous","ambiguous","detected_multimodality","ambiguous",FALSE,"base_evidence_ambiguous"
"flowsom_consensus_k62_seed1",30,"CD3","ambiguous","ambiguous","detected_multimodality","ambiguous",FALSE,"base_evidence_ambiguous"
"flowsom_consensus_k62_seed1",30,"CD56","ambiguous","no_detected_multimodality","detected_multimodality","ambiguous",FALSE,"base_evidence_ambiguous"
"flowsom_consensus_k62_seed1",30,"CD57","ambiguous","ambiguous","ambiguous","ambiguous",TRUE,"base_evidence_ambiguous"
"flowsom_consensus_k62_seed1",31,"CD11c","ambiguous","no_detected_multimodality","ambiguous","ambiguous",FALSE,"base_evidence_ambiguous"
"flowsom_consensus_k62_seed1",31,"CD197_CCR7","ambiguous","ambiguous","ambiguous","ambiguous",TRUE,"base_evidence_ambiguous"
"flowsom_consensus_k62_seed1",31,"CD303_TCRvd2","detected_multimodality","detected_multimodality","detected_multimodality","detected_multimodality",TRUE,"stable_across_1000_2000_5000_events"
"flowsom_consensus_k62_seed1",31,"CD4","ambiguous","no_detected_multimodality","detected_multimodality","ambiguous",FALSE,"base_evidence_ambiguous"
"flowsom_consensus_k62_seed1",31,"CD45RA","ambiguous","no_detected_multimodality","ambiguous","ambiguous",FALSE,"base_evidence_ambiguous"
"flowsom_consensus_k62_seed1",31,"CD57","detected_multimodality","ambiguous","detected_multimodality","ambiguous",FALSE,"sample_size_instability"
"flowsom_consensus_k62_seed1",31,"Tbet","no_detected_multimodality","no_detected_multimodality","ambiguous","ambiguous",FALSE,"sample_size_instability"
"flowsom_consensus_k62_seed1",31,"TCRgd_CD141","detected_multimodality","ambiguous","detected_multimodality","ambiguous",FALSE,"sample_size_instability"
"flowsom_consensus_k62_seed1",32,"CD127","ambiguous","no_detected_multimodality","no_detected_multimodality","ambiguous",FALSE,"base_evidence_ambiguous"
"flowsom_consensus_k62_seed1",32,"CD161","ambiguous","ambiguous","ambiguous","ambiguous",TRUE,"base_evidence_ambiguous"
"flowsom_consensus_k62_seed1",32,"CD27","ambiguous","ambiguous","detected_multimodality","ambiguous",FALSE,"base_evidence_ambiguous"
"flowsom_consensus_k62_seed1",32,"CD303_TCRvd2","detected_multimodality","detected_multimodality","detected_multimodality","detected_multimodality",TRUE,"stable_across_1000_2000_5000_events"
"flowsom_consensus_k62_seed1",32,"CD4","no_detected_multimodality","no_detected_multimodality","no_detected_multimodality","no_detected_multimodality",TRUE,"stable_across_1000_2000_5000_events"
"flowsom_consensus_k62_seed1",32,"CD7","ambiguous","no_detected_multimodality","no_detected_multimodality","ambiguous",FALSE,"base_evidence_ambiguous"
"flowsom_consensus_k62_seed1",32,"TCRgd_CD141","detected_multimodality","detected_multimodality","detected_multimodality","detected_multimodality",TRUE,"stable_across_1000_2000_5000_events"
"flowsom_consensus_k62_seed1",33,"CD127","no_detected_multimodality","no_detected_multimodality","no_detected_multimodality","no_detected_multimodality",TRUE,"stable_across_1000_2000_5000_events"
"flowsom_consensus_k62_seed1",33,"CD16","no_detected_multimodality","no_detected_multimodality","no_detected_multimodality","no_detected_multimodality",TRUE,"stable_across_1000_2000_5000_events"
"flowsom_consensus_k62_seed1",33,"CD1c","no_detected_multimodality","no_detected_multimodality","no_detected_multimodality","no_detected_multimodality",TRUE,"stable_across_1000_2000_5000_events"
"flowsom_consensus_k62_seed1",33,"CD21","no_detected_multimodality","no_detected_multimodality","no_detected_multimodality","no_detected_multimodality",TRUE,"stable_across_1000_2000_5000_events"
"flowsom_consensus_k62_seed1",33,"CD25","no_detected_multimodality","no_detected_multimodality","ambiguous","ambiguous",FALSE,"sample_size_instability"
"flowsom_consensus_k62_seed1",33,"CD294_CRTH2","no_detected_multimodality","no_detected_multimodality","no_detected_multimodality","no_detected_multimodality",TRUE,"stable_across_1000_2000_5000_events"
"flowsom_consensus_k62_seed1",33,"CD303_TCRvd2","no_detected_multimodality","no_detected_multimodality","no_detected_multimodality","no_detected_multimodality",TRUE,"stable_across_1000_2000_5000_events"
"flowsom_consensus_k62_seed1",33,"CD56","detected_multimodality","ambiguous","detected_multimodality","ambiguous",FALSE,"sample_size_instability"
"flowsom_consensus_k62_seed1",33,"CD57","detected_multimodality","detected_multimodality","detected_multimodality","detected_multimodality",TRUE,"stable_across_1000_2000_5000_events"
"flowsom_consensus_k62_seed1",33,"HLA-DR","ambiguous","no_detected_multimodality","no_detected_multimodality","ambiguous",FALSE,"base_evidence_ambiguous"
"flowsom_consensus_k62_seed1",34,"CD127","ambiguous","no_detected_multimodality","ambiguous","ambiguous",FALSE,"base_evidence_ambiguous"
"flowsom_consensus_k62_seed1",34,"CD27","detected_multimodality","detected_multimodality","detected_multimodality","detected_multimodality",TRUE,"stable_across_1000_2000_5000_events"
"flowsom_consensus_k62_seed1",34,"CD3","ambiguous","no_detected_multimodality","ambiguous","ambiguous",FALSE,"base_evidence_ambiguous"
"flowsom_consensus_k62_seed1",34,"CD303_TCRvd2","detected_multimodality","detected_multimodality","detected_multimodality","detected_multimodality",TRUE,"stable_across_1000_2000_5000_events"
"flowsom_consensus_k62_seed1",34,"TCRgd_CD141","detected_multimodality","detected_multimodality","detected_multimodality","detected_multimodality",TRUE,"stable_across_1000_2000_5000_events"
"flowsom_consensus_k62_seed1",35,"CD14","ambiguous","no_detected_multimodality","no_detected_multimodality","ambiguous",FALSE,"base_evidence_ambiguous"
"flowsom_consensus_k62_seed1",35,"CD159c_NKG2C","no_detected_multimodality","no_detected_multimodality","no_detected_multimodality","no_detected_multimodality",TRUE,"stable_across_1000_2000_5000_events"
"flowsom_consensus_k62_seed1",35,"CD161","ambiguous","ambiguous","detected_multimodality","ambiguous",FALSE,"base_evidence_ambiguous"
"flowsom_consensus_k62_seed1",35,"CD27","detected_multimodality","detected_multimodality","detected_multimodality","detected_multimodality",TRUE,"stable_across_1000_2000_5000_events"
"flowsom_consensus_k62_seed1",35,"CD45RA","no_detected_multimodality","no_detected_multimodality","no_detected_multimodality","no_detected_multimodality",TRUE,"stable_across_1000_2000_5000_events"
"flowsom_consensus_k62_seed1",35,"Tbet","no_detected_multimodality","no_detected_multimodality","no_detected_multimodality","no_detected_multimodality",TRUE,"stable_across_1000_2000_5000_events"
"flowsom_consensus_k62_seed1",35,"TCRgd_CD141","ambiguous","no_detected_multimodality","no_detected_multimodality","ambiguous",FALSE,"base_evidence_ambiguous"
"flowsom_consensus_k62_seed1",36,"CD11c","ambiguous","no_detected_multimodality","detected_multimodality","ambiguous",FALSE,"base_evidence_ambiguous"
"flowsom_consensus_k62_seed1",36,"CD127","detected_multimodality","detected_multimodality","detected_multimodality","detected_multimodality",TRUE,"stable_across_1000_2000_5000_events"
"flowsom_consensus_k62_seed1",36,"CD159c_NKG2C","detected_multimodality","detected_multimodality","detected_multimodality","detected_multimodality",TRUE,"stable_across_1000_2000_5000_events"
"flowsom_consensus_k62_seed1",36,"CD161","detected_multimodality","detected_multimodality","detected_multimodality","detected_multimodality",TRUE,"stable_across_1000_2000_5000_events"
"flowsom_consensus_k62_seed1",36,"CD19","ambiguous","no_detected_multimodality","ambiguous","ambiguous",FALSE,"base_evidence_ambiguous"
"flowsom_consensus_k62_seed1",36,"CD294_CRTH2","detected_multimodality","detected_multimodality","detected_multimodality","detected_multimodality",TRUE,"stable_across_1000_2000_5000_events"
"flowsom_consensus_k62_seed1",36,"CD3","ambiguous","no_detected_multimodality","ambiguous","ambiguous",FALSE,"base_evidence_ambiguous"
"flowsom_consensus_k62_seed1",36,"CD56","detected_multimodality","detected_multimodality","detected_multimodality","detected_multimodality",TRUE,"stable_across_1000_2000_5000_events"
"flowsom_consensus_k62_seed1",36,"CD57","ambiguous","no_detected_multimodality","ambiguous","ambiguous",FALSE,"base_evidence_ambiguous"
"flowsom_consensus_k62_seed1",36,"CD7","ambiguous","no_detected_multimodality","ambiguous","ambiguous",FALSE,"base_evidence_ambiguous"
"flowsom_consensus_k62_seed1",36,"CD8","ambiguous","no_detected_multimodality","ambiguous","ambiguous",FALSE,"base_evidence_ambiguous"
"flowsom_consensus_k62_seed1",36,"FoxP3","ambiguous","no_detected_multimodality","ambiguous","ambiguous",FALSE,"base_evidence_ambiguous"
"flowsom_consensus_k62_seed1",36,"Tbet","ambiguous","no_detected_multimodality","no_detected_multimodality","ambiguous",FALSE,"base_evidence_ambiguous"
"flowsom_consensus_k62_seed1",36,"TCRgd_CD141","detected_multimodality","detected_multimodality","detected_multimodality","detected_multimodality",TRUE,"stable_across_1000_2000_5000_events"
"flowsom_consensus_k62_seed1",37,"CD16","no_detected_multimodality","no_detected_multimodality","no_detected_multimodality","no_detected_multimodality",TRUE,"stable_across_1000_2000_5000_events"
"flowsom_consensus_k62_seed1",37,"CD25","no_detected_multimodality","no_detected_multimodality","no_detected_multimodality","no_detected_multimodality",TRUE,"stable_across_1000_2000_5000_events"
"flowsom_consensus_k62_seed1",37,"CD27","detected_multimodality","detected_multimodality","detected_multimodality","detected_multimodality",TRUE,"stable_across_1000_2000_5000_events"
"flowsom_consensus_k62_seed1",37,"CD3","ambiguous","ambiguous","detected_multimodality","ambiguous",FALSE,"base_evidence_ambiguous"
"flowsom_consensus_k62_seed1",37,"CD303_TCRvd2","ambiguous","ambiguous","ambiguous","ambiguous",TRUE,"base_evidence_ambiguous"
"flowsom_consensus_k62_seed1",37,"CD45RA","detected_multimodality","detected_multimodality","detected_multimodality","detected_multimodality",TRUE,"stable_across_1000_2000_5000_events"
"flowsom_consensus_k62_seed1",37,"Tbet","detected_multimodality","detected_multimodality","detected_multimodality","detected_multimodality",TRUE,"stable_across_1000_2000_5000_events"
"flowsom_consensus_k62_seed1",37,"TCRgd_CD141","ambiguous","no_detected_multimodality","no_detected_multimodality","ambiguous",FALSE,"base_evidence_ambiguous"
"flowsom_consensus_k62_seed1",38,"CD11c","no_detected_multimodality","no_detected_multimodality","no_detected_multimodality","no_detected_multimodality",TRUE,"stable_across_1000_2000_5000_events"
"flowsom_consensus_k62_seed1",38,"CD127","ambiguous","no_detected_multimodality","ambiguous","ambiguous",FALSE,"base_evidence_ambiguous"
"flowsom_consensus_k62_seed1",38,"CD161","detected_multimodality","detected_multimodality","detected_multimodality","detected_multimodality",TRUE,"stable_across_1000_2000_5000_events"
"flowsom_consensus_k62_seed1",38,"CD27","ambiguous","ambiguous","detected_multimodality","ambiguous",FALSE,"base_evidence_ambiguous"
"flowsom_consensus_k62_seed1",38,"CD38","ambiguous","ambiguous","detected_multimodality","ambiguous",FALSE,"base_evidence_ambiguous"
"flowsom_consensus_k62_seed1",38,"CD4","detected_multimodality","detected_multimodality","detected_multimodality","detected_multimodality",TRUE,"stable_across_1000_2000_5000_events"
"flowsom_consensus_k62_seed1",38,"CD45RA","ambiguous","ambiguous","ambiguous","ambiguous",TRUE,"base_evidence_ambiguous"
"flowsom_consensus_k62_seed1",38,"CD56","ambiguous","ambiguous","detected_multimodality","ambiguous",FALSE,"base_evidence_ambiguous"
"flowsom_consensus_k62_seed1",38,"TCRgd_CD141","no_detected_multimodality","no_detected_multimodality","no_detected_multimodality","no_detected_multimodality",TRUE,"stable_across_1000_2000_5000_events"
"flowsom_consensus_k62_seed1",39,"CD11c","ambiguous","ambiguous","ambiguous","ambiguous",TRUE,"base_evidence_ambiguous"
"flowsom_consensus_k62_seed1",39,"CD14","no_detected_multimodality","no_detected_multimodality","no_detected_multimodality","no_detected_multimodality",TRUE,"stable_across_1000_2000_5000_events"
"flowsom_consensus_k62_seed1",39,"CD159c_NKG2C","no_detected_multimodality","no_detected_multimodality","no_detected_multimodality","no_detected_multimodality",TRUE,"stable_across_1000_2000_5000_events"
"flowsom_consensus_k62_seed1",39,"CD1c","detected_multimodality","detected_multimodality","detected_multimodality","detected_multimodality",TRUE,"stable_across_1000_2000_5000_events"
"flowsom_consensus_k62_seed1",39,"CD27","ambiguous","ambiguous","ambiguous","ambiguous",TRUE,"base_evidence_ambiguous"
"flowsom_consensus_k62_seed1",39,"CD3","detected_multimodality","detected_multimodality","detected_multimodality","detected_multimodality",TRUE,"stable_across_1000_2000_5000_events"
"flowsom_consensus_k62_seed1",39,"CD4","ambiguous","ambiguous","ambiguous","ambiguous",TRUE,"base_evidence_ambiguous"
"flowsom_consensus_k62_seed1",39,"CD45RA","ambiguous","ambiguous","ambiguous","ambiguous",TRUE,"base_evidence_ambiguous"
"flowsom_consensus_k62_seed1",39,"CD56","no_detected_multimodality","no_detected_multimodality","no_detected_multimodality","no_detected_multimodality",TRUE,"stable_across_1000_2000_5000_events"
"flowsom_consensus_k62_seed1",39,"HLA-DR","detected_multimodality","detected_multimodality","detected_multimodality","detected_multimodality",TRUE,"stable_across_1000_2000_5000_events"
"flowsom_consensus_k62_seed1",39,"Tbet","ambiguous","ambiguous","ambiguous","ambiguous",TRUE,"base_evidence_ambiguous"
"flowsom_consensus_k62_seed1",39,"TCRgd_CD141","ambiguous","detected_multimodality","ambiguous","ambiguous",FALSE,"base_evidence_ambiguous"
"flowsom_consensus_k62_seed1",40,"CD16","detected_multimodality","ambiguous","detected_multimodality","ambiguous",FALSE,"sample_size_instability"
"flowsom_consensus_k62_seed1",40,"CD161","no_detected_multimodality","no_detected_multimodality","no_detected_multimodality","no_detected_multimodality",TRUE,"stable_across_1000_2000_5000_events"
"flowsom_consensus_k62_seed1",40,"CD294_CRTH2","no_detected_multimodality","no_detected_multimodality","no_detected_multimodality","no_detected_multimodality",TRUE,"stable_across_1000_2000_5000_events"
"flowsom_consensus_k62_seed1",40,"CD3","ambiguous","no_detected_multimodality","ambiguous","ambiguous",FALSE,"base_evidence_ambiguous"
"flowsom_consensus_k62_seed1",40,"CD56","detected_multimodality","detected_multimodality","detected_multimodality","detected_multimodality",TRUE,"stable_across_1000_2000_5000_events"
"flowsom_consensus_k62_seed1",40,"CD57","ambiguous","no_detected_multimodality","ambiguous","ambiguous",FALSE,"base_evidence_ambiguous"
"flowsom_consensus_k62_seed1",41,"CD11c","ambiguous","no_detected_multimodality","no_detected_multimodality","ambiguous",FALSE,"base_evidence_ambiguous"
"flowsom_consensus_k62_seed1",41,"CD159c_NKG2C","no_detected_multimodality","no_detected_multimodality","no_detected_multimodality","no_detected_multimodality",TRUE,"stable_across_1000_2000_5000_events"
"flowsom_consensus_k62_seed1",41,"CD161","detected_multimodality","detected_multimodality","detected_multimodality","detected_multimodality",TRUE,"stable_across_1000_2000_5000_events"
"flowsom_consensus_k62_seed1",41,"CD1c","ambiguous","no_detected_multimodality","no_detected_multimodality","ambiguous",FALSE,"base_evidence_ambiguous"
"flowsom_consensus_k62_seed1",41,"CD294_CRTH2","ambiguous","ambiguous","detected_multimodality","ambiguous",FALSE,"base_evidence_ambiguous"
"flowsom_consensus_k62_seed1",41,"CD303_TCRvd2","no_detected_multimodality","no_detected_multimodality","no_detected_multimodality","no_detected_multimodality",TRUE,"stable_across_1000_2000_5000_events"
"flowsom_consensus_k62_seed1",41,"CD7","ambiguous","ambiguous","detected_multimodality","ambiguous",FALSE,"base_evidence_ambiguous"
"flowsom_consensus_k62_seed1",42,"CD127","ambiguous","ambiguous","detected_multimodality","ambiguous",FALSE,"base_evidence_ambiguous"
"flowsom_consensus_k62_seed1",42,"CD27","ambiguous","ambiguous","detected_multimodality","ambiguous",FALSE,"base_evidence_ambiguous"
"flowsom_consensus_k62_seed1",42,"CD294_CRTH2","ambiguous","ambiguous","no_detected_multimodality","ambiguous",FALSE,"base_evidence_ambiguous"
"flowsom_consensus_k62_seed1",42,"CD3","no_detected_multimodality","no_detected_multimodality","no_detected_multimodality","no_detected_multimodality",TRUE,"stable_across_1000_2000_5000_events"
"flowsom_consensus_k62_seed1",42,"CD57","ambiguous","no_detected_multimodality","ambiguous","ambiguous",FALSE,"base_evidence_ambiguous"
"flowsom_consensus_k62_seed1",42,"Tbet","ambiguous","ambiguous","detected_multimodality","ambiguous",FALSE,"base_evidence_ambiguous"
"flowsom_consensus_k62_seed1",43,"CD11c","detected_multimodality","detected_multimodality","detected_multimodality","detected_multimodality",TRUE,"stable_across_1000_2000_5000_events"
"flowsom_consensus_k62_seed1",43,"CD14","ambiguous","ambiguous","ambiguous","ambiguous",TRUE,"base_evidence_ambiguous"
"flowsom_consensus_k62_seed1",43,"CD1c","detected_multimodality","ambiguous","detected_multimodality","ambiguous",FALSE,"sample_size_instability"
"flowsom_consensus_k62_seed1",43,"CD303_TCRvd2","detected_multimodality","ambiguous","detected_multimodality","ambiguous",FALSE,"sample_size_instability"
"flowsom_consensus_k62_seed1",43,"CD45RA","ambiguous","no_detected_multimodality","ambiguous","ambiguous",FALSE,"base_evidence_ambiguous"
"flowsom_consensus_k62_seed1",43,"TCRgd_CD141","ambiguous","ambiguous","detected_multimodality","ambiguous",FALSE,"base_evidence_ambiguous"
"flowsom_consensus_k62_seed1",44,"CD14","ambiguous","ambiguous","ambiguous","ambiguous",TRUE,"base_evidence_ambiguous"
"flowsom_consensus_k62_seed1",44,"CD161","ambiguous","ambiguous","ambiguous","ambiguous",TRUE,"base_evidence_ambiguous"
"flowsom_consensus_k62_seed1",44,"CD19","ambiguous","ambiguous","detected_multimodality","ambiguous",FALSE,"base_evidence_ambiguous"
"flowsom_consensus_k62_seed1",44,"CD197_CCR7","ambiguous","ambiguous","ambiguous","ambiguous",TRUE,"base_evidence_ambiguous"
"flowsom_consensus_k62_seed1",44,"CD27","detected_multimodality","detected_multimodality","detected_multimodality","detected_multimodality",TRUE,"stable_across_1000_2000_5000_events"
"flowsom_consensus_k62_seed1",44,"CD294_CRTH2","ambiguous","no_detected_multimodality","ambiguous","ambiguous",FALSE,"base_evidence_ambiguous"
"flowsom_consensus_k62_seed1",44,"CD3","detected_multimodality","detected_multimodality","detected_multimodality","detected_multimodality",TRUE,"stable_across_1000_2000_5000_events"
"flowsom_consensus_k62_seed1",44,"CD303_TCRvd2","ambiguous","ambiguous","detected_multimodality","ambiguous",FALSE,"base_evidence_ambiguous"
"flowsom_consensus_k62_seed1",44,"CD45RA","ambiguous","ambiguous","detected_multimodality","ambiguous",FALSE,"base_evidence_ambiguous"
"flowsom_consensus_k62_seed1",44,"CD57","ambiguous","ambiguous","detected_multimodality","ambiguous",FALSE,"base_evidence_ambiguous"
"flowsom_consensus_k62_seed1",44,"HLA-DR","ambiguous","no_detected_multimodality","ambiguous","ambiguous",FALSE,"base_evidence_ambiguous"
"flowsom_consensus_k62_seed1",45,"CD159c_NKG2C","ambiguous","no_detected_multimodality","no_detected_multimodality","ambiguous",FALSE,"base_evidence_ambiguous"
"flowsom_consensus_k62_seed1",45,"CD185_CXCR5","no_detected_multimodality","no_detected_multimodality","no_detected_multimodality","no_detected_multimodality",TRUE,"stable_across_1000_2000_5000_events"
"flowsom_consensus_k62_seed1",45,"CD303_TCRvd2","detected_multimodality","ambiguous","detected_multimodality","ambiguous",FALSE,"sample_size_instability"
"flowsom_consensus_k62_seed1",45,"CD45RA","ambiguous","ambiguous","ambiguous","ambiguous",TRUE,"base_evidence_ambiguous"
"flowsom_consensus_k62_seed1",45,"CD56","ambiguous","no_detected_multimodality","ambiguous","ambiguous",FALSE,"base_evidence_ambiguous"
"flowsom_consensus_k62_seed1",46,"CD127","ambiguous","ambiguous","ambiguous","ambiguous",TRUE,"base_evidence_ambiguous"
"flowsom_consensus_k62_seed1",46,"CD161","no_detected_multimodality","no_detected_multimodality","no_detected_multimodality","no_detected_multimodality",TRUE,"stable_across_1000_2000_5000_events"
"flowsom_consensus_k62_seed1",46,"CD197_CCR7","detected_multimodality","ambiguous","detected_multimodality","ambiguous",FALSE,"sample_size_instability"
"flowsom_consensus_k62_seed1",46,"CD1c","ambiguous","no_detected_multimodality","ambiguous","ambiguous",FALSE,"base_evidence_ambiguous"
"flowsom_consensus_k62_seed1",46,"CD27","detected_multimodality","detected_multimodality","detected_multimodality","detected_multimodality",TRUE,"stable_across_1000_2000_5000_events"
"flowsom_consensus_k62_seed1",46,"CD45RA","ambiguous","ambiguous","ambiguous","ambiguous",TRUE,"base_evidence_ambiguous"
"flowsom_consensus_k62_seed1",46,"CD7","detected_multimodality","ambiguous","detected_multimodality","ambiguous",FALSE,"sample_size_instability"
"flowsom_consensus_k62_seed1",47,"CD11c","detected_multimodality","detected_multimodality","detected_multimodality","detected_multimodality",TRUE,"stable_across_1000_2000_5000_events"
"flowsom_consensus_k62_seed1",47,"CD197_CCR7","ambiguous","no_detected_multimodality","no_detected_multimodality","ambiguous",FALSE,"base_evidence_ambiguous"
"flowsom_consensus_k62_seed1",47,"CD1c","detected_multimodality","detected_multimodality","detected_multimodality","detected_multimodality",TRUE,"stable_across_1000_2000_5000_events"
"flowsom_consensus_k62_seed1",47,"CD27","no_detected_multimodality","no_detected_multimodality","no_detected_multimodality","no_detected_multimodality",TRUE,"stable_across_1000_2000_5000_events"
"flowsom_consensus_k62_seed1",47,"CD45RA","no_detected_multimodality","no_detected_multimodality","ambiguous","ambiguous",FALSE,"sample_size_instability"
"flowsom_consensus_k62_seed1",47,"HLA-DR","detected_multimodality","detected_multimodality","detected_multimodality","detected_multimodality",TRUE,"stable_across_1000_2000_5000_events"
"flowsom_consensus_k62_seed1",47,"TCRgd_CD141","detected_multimodality","detected_multimodality","detected_multimodality","detected_multimodality",TRUE,"stable_across_1000_2000_5000_events"
"flowsom_consensus_k62_seed1",49,"CD11c","no_detected_multimodality","no_detected_multimodality","no_detected_multimodality","no_detected_multimodality",TRUE,"stable_across_1000_2000_5000_events"
"flowsom_consensus_k62_seed1",49,"CD127","ambiguous","no_detected_multimodality","ambiguous","ambiguous",FALSE,"base_evidence_ambiguous"
"flowsom_consensus_k62_seed1",49,"CD161","detected_multimodality","ambiguous","detected_multimodality","ambiguous",FALSE,"sample_size_instability"
"flowsom_consensus_k62_seed1",49,"CD185_CXCR5","ambiguous","no_detected_multimodality","ambiguous","ambiguous",FALSE,"base_evidence_ambiguous"
"flowsom_consensus_k62_seed1",49,"CD197_CCR7","ambiguous","no_detected_multimodality","detected_multimodality","ambiguous",FALSE,"base_evidence_ambiguous"
"flowsom_consensus_k62_seed1",49,"CD7","detected_multimodality","detected_multimodality","detected_multimodality","detected_multimodality",TRUE,"stable_across_1000_2000_5000_events"
"flowsom_consensus_k62_seed1",49,"FoxP3","detected_multimodality","detected_multimodality","detected_multimodality","detected_multimodality",TRUE,"stable_across_1000_2000_5000_events"
"flowsom_consensus_k62_seed1",49,"TCRgd_CD141","no_detected_multimodality","no_detected_multimodality","no_detected_multimodality","no_detected_multimodality",TRUE,"stable_across_1000_2000_5000_events"
"flowsom_consensus_k62_seed1",50,"CD159c_NKG2C","ambiguous","no_detected_multimodality","ambiguous","ambiguous",FALSE,"base_evidence_ambiguous"
"flowsom_consensus_k62_seed1",50,"CD57","detected_multimodality","ambiguous","detected_multimodality","ambiguous",FALSE,"sample_size_instability"
"flowsom_consensus_k62_seed1",51,"CD197_CCR7","ambiguous","no_detected_multimodality","ambiguous","ambiguous",FALSE,"base_evidence_ambiguous"
"flowsom_consensus_k62_seed1",52,"CD11c","ambiguous","ambiguous","detected_multimodality","ambiguous",FALSE,"base_evidence_ambiguous"
"flowsom_consensus_k62_seed1",52,"CD185_CXCR5","no_detected_multimodality","no_detected_multimodality","no_detected_multimodality","no_detected_multimodality",TRUE,"stable_across_1000_2000_5000_events"
"flowsom_consensus_k62_seed1",52,"CD1c","detected_multimodality","detected_multimodality","detected_multimodality","detected_multimodality",TRUE,"stable_across_1000_2000_5000_events"
"flowsom_consensus_k62_seed1",52,"CD3","no_detected_multimodality","no_detected_multimodality","ambiguous","ambiguous",FALSE,"sample_size_instability"
"flowsom_consensus_k62_seed1",52,"CD45RA","ambiguous","ambiguous","detected_multimodality","ambiguous",FALSE,"base_evidence_ambiguous"
"flowsom_consensus_k62_seed1",52,"CD56","ambiguous","ambiguous","detected_multimodality","ambiguous",FALSE,"base_evidence_ambiguous"
"flowsom_consensus_k62_seed1",52,"FoxP3","ambiguous","no_detected_multimodality","ambiguous","ambiguous",FALSE,"base_evidence_ambiguous"
"flowsom_consensus_k62_seed1",52,"HLA-DR","ambiguous","ambiguous","detected_multimodality","ambiguous",FALSE,"base_evidence_ambiguous"
"flowsom_consensus_k62_seed1",52,"TCRgd_CD141","detected_multimodality","detected_multimodality","detected_multimodality","detected_multimodality",TRUE,"stable_across_1000_2000_5000_events"
"flowsom_consensus_k62_seed1",53,"CD57","detected_multimodality","detected_multimodality","detected_multimodality","detected_multimodality",TRUE,"stable_across_1000_2000_5000_events"
"flowsom_consensus_k62_seed1",53,"CD7","no_detected_multimodality","no_detected_multimodality","no_detected_multimodality","no_detected_multimodality",TRUE,"stable_across_1000_2000_5000_events"
"flowsom_consensus_k62_seed1",54,"CD14","ambiguous","no_detected_multimodality","ambiguous","ambiguous",FALSE,"base_evidence_ambiguous"
"flowsom_consensus_k62_seed1",54,"CD19","no_detected_multimodality","no_detected_multimodality","no_detected_multimodality","no_detected_multimodality",TRUE,"stable_across_1000_2000_5000_events"
"flowsom_consensus_k62_seed1",54,"CD25","ambiguous","ambiguous","detected_multimodality","ambiguous",FALSE,"base_evidence_ambiguous"
"flowsom_consensus_k62_seed1",54,"CD38","no_detected_multimodality","no_detected_multimodality","no_detected_multimodality","no_detected_multimodality",TRUE,"stable_across_1000_2000_5000_events"
"flowsom_consensus_k62_seed1",54,"CD4","no_detected_multimodality","no_detected_multimodality","no_detected_multimodality","no_detected_multimodality",TRUE,"stable_across_1000_2000_5000_events"
"flowsom_consensus_k62_seed1",54,"CD57","no_detected_multimodality","no_detected_multimodality","no_detected_multimodality","no_detected_multimodality",TRUE,"stable_across_1000_2000_5000_events"
"flowsom_consensus_k62_seed1",54,"CD8","no_detected_multimodality","no_detected_multimodality","no_detected_multimodality","no_detected_multimodality",TRUE,"stable_across_1000_2000_5000_events"
"flowsom_consensus_k62_seed1",54,"Tbet","ambiguous","ambiguous","no_detected_multimodality","ambiguous",FALSE,"base_evidence_ambiguous"
"flowsom_consensus_k62_seed1",55,"CD11c","ambiguous","no_detected_multimodality","ambiguous","ambiguous",FALSE,"base_evidence_ambiguous"
"flowsom_consensus_k62_seed1",55,"CD127","detected_multimodality","detected_multimodality","detected_multimodality","detected_multimodality",TRUE,"stable_across_1000_2000_5000_events"
"flowsom_consensus_k62_seed1",55,"CD159c_NKG2C","detected_multimodality","detected_multimodality","detected_multimodality","detected_multimodality",TRUE,"stable_across_1000_2000_5000_events"
"flowsom_consensus_k62_seed1",55,"CD161","detected_multimodality","detected_multimodality","detected_multimodality","detected_multimodality",TRUE,"stable_across_1000_2000_5000_events"
"flowsom_consensus_k62_seed1",55,"CD19","ambiguous","ambiguous","ambiguous","ambiguous",TRUE,"base_evidence_ambiguous"
"flowsom_consensus_k62_seed1",55,"CD27","detected_multimodality","detected_multimodality","detected_multimodality","detected_multimodality",TRUE,"stable_across_1000_2000_5000_events"
"flowsom_consensus_k62_seed1",55,"CD294_CRTH2","detected_multimodality","detected_multimodality","detected_multimodality","detected_multimodality",TRUE,"stable_across_1000_2000_5000_events"
"flowsom_consensus_k62_seed1",55,"CD3","ambiguous","ambiguous","detected_multimodality","ambiguous",FALSE,"base_evidence_ambiguous"
"flowsom_consensus_k62_seed1",55,"CD45RA","detected_multimodality","detected_multimodality","detected_multimodality","detected_multimodality",TRUE,"stable_across_1000_2000_5000_events"
"flowsom_consensus_k62_seed1",55,"CD56","ambiguous","no_detected_multimodality","ambiguous","ambiguous",FALSE,"base_evidence_ambiguous"
"flowsom_consensus_k62_seed1",55,"FoxP3","no_detected_multimodality","no_detected_multimodality","no_detected_multimodality","no_detected_multimodality",TRUE,"stable_across_1000_2000_5000_events"
"flowsom_consensus_k62_seed1",55,"Tbet","ambiguous","no_detected_multimodality","no_detected_multimodality","ambiguous",FALSE,"base_evidence_ambiguous"
"flowsom_consensus_k62_seed1",57,"CD14","detected_multimodality","ambiguous","detected_multimodality","ambiguous",FALSE,"sample_size_instability"
"flowsom_consensus_k62_seed1",57,"CD197_CCR7","ambiguous","no_detected_multimodality","ambiguous","ambiguous",FALSE,"base_evidence_ambiguous"
"flowsom_consensus_k62_seed1",57,"CD27","ambiguous","no_detected_multimodality","ambiguous","ambiguous",FALSE,"base_evidence_ambiguous"
"flowsom_consensus_k62_seed1",57,"CD3","detected_multimodality","detected_multimodality","detected_multimodality","detected_multimodality",TRUE,"stable_across_1000_2000_5000_events"
"flowsom_consensus_k62_seed1",57,"CD7","detected_multimodality","detected_multimodality","detected_multimodality","detected_multimodality",TRUE,"stable_across_1000_2000_5000_events"
"flowsom_consensus_k62_seed1",57,"HLA-DR","no_detected_multimodality","no_detected_multimodality","no_detected_multimodality","no_detected_multimodality",TRUE,"stable_across_1000_2000_5000_events"
"flowsom_consensus_k62_seed1",58,"CD197_CCR7","ambiguous","no_detected_multimodality","ambiguous","ambiguous",FALSE,"base_evidence_ambiguous"
"flowsom_consensus_k62_seed1",58,"CD21","ambiguous","ambiguous","detected_multimodality","ambiguous",FALSE,"base_evidence_ambiguous"
"flowsom_consensus_k62_seed1",58,"CD57","ambiguous","ambiguous","no_detected_multimodality","ambiguous",FALSE,"base_evidence_ambiguous"
"flowsom_consensus_k62_seed1",58,"TCRgd_CD141","no_detected_multimodality","no_detected_multimodality","no_detected_multimodality","no_detected_multimodality",TRUE,"stable_across_1000_2000_5000_events"
"flowsom_consensus_k62_seed1",59,"CD11c","detected_multimodality","detected_multimodality","detected_multimodality","detected_multimodality",TRUE,"stable_across_1000_2000_5000_events"
"flowsom_consensus_k62_seed1",59,"CD127","ambiguous","no_detected_multimodality","no_detected_multimodality","ambiguous",FALSE,"base_evidence_ambiguous"
"flowsom_consensus_k62_seed1",59,"CD14","ambiguous","ambiguous","ambiguous","ambiguous",TRUE,"base_evidence_ambiguous"
"flowsom_consensus_k62_seed1",59,"CD1c","detected_multimodality","detected_multimodality","detected_multimodality","detected_multimodality",TRUE,"stable_across_1000_2000_5000_events"
"flowsom_consensus_k62_seed1",59,"CD25","ambiguous","no_detected_multimodality","ambiguous","ambiguous",FALSE,"base_evidence_ambiguous"
"flowsom_consensus_k62_seed1",59,"CD27","no_detected_multimodality","no_detected_multimodality","ambiguous","ambiguous",FALSE,"sample_size_instability"
"flowsom_consensus_k62_seed1",59,"CD3","detected_multimodality","detected_multimodality","detected_multimodality","detected_multimodality",TRUE,"stable_across_1000_2000_5000_events"
"flowsom_consensus_k62_seed1",59,"CD45RA","no_detected_multimodality","no_detected_multimodality","no_detected_multimodality","no_detected_multimodality",TRUE,"stable_across_1000_2000_5000_events"
"flowsom_consensus_k62_seed1",59,"FoxP3","ambiguous","no_detected_multimodality","ambiguous","ambiguous",FALSE,"base_evidence_ambiguous"
"flowsom_consensus_k62_seed1",59,"HLA-DR","detected_multimodality","detected_multimodality","detected_multimodality","detected_multimodality",TRUE,"stable_across_1000_2000_5000_events"
"flowsom_consensus_k62_seed1",59,"Tbet","no_detected_multimodality","no_detected_multimodality","no_detected_multimodality","no_detected_multimodality",TRUE,"stable_across_1000_2000_5000_events"
"flowsom_consensus_k62_seed1",59,"TCRgd_CD141","ambiguous","no_detected_multimodality","ambiguous","ambiguous",FALSE,"base_evidence_ambiguous"
"flowsom_consensus_k62_seed1",61,"CD11c","ambiguous","ambiguous","detected_multimodality","ambiguous",FALSE,"base_evidence_ambiguous"
"flowsom_consensus_k62_seed1",61,"CD161","no_detected_multimodality","no_detected_multimodality","no_detected_multimodality","no_detected_multimodality",TRUE,"stable_across_1000_2000_5000_events"
"flowsom_consensus_k62_seed1",61,"CD185_CXCR5","ambiguous","ambiguous","detected_multimodality","ambiguous",FALSE,"base_evidence_ambiguous"
"flowsom_consensus_k62_seed1",61,"CD19","ambiguous","no_detected_multimodality","ambiguous","ambiguous",FALSE,"base_evidence_ambiguous"
"flowsom_consensus_k62_seed1",61,"CD21","detected_multimodality","detected_multimodality","detected_multimodality","detected_multimodality",TRUE,"stable_across_1000_2000_5000_events"
"flowsom_consensus_k62_seed1",61,"HLA-DR","ambiguous","no_detected_multimodality","no_detected_multimodality","ambiguous",FALSE,"base_evidence_ambiguous"
"flowsom_consensus_k62_seed1",62,"CD11c","detected_multimodality","detected_multimodality","detected_multimodality","detected_multimodality",TRUE,"stable_across_1000_2000_5000_events"
"flowsom_consensus_k62_seed1",62,"CD159c_NKG2C","ambiguous","ambiguous","detected_multimodality","ambiguous",FALSE,"base_evidence_ambiguous"
"flowsom_consensus_k62_seed1",62,"CD16","detected_multimodality","ambiguous","detected_multimodality","ambiguous",FALSE,"sample_size_instability"
"flowsom_consensus_k62_seed1",62,"CD197_CCR7","ambiguous","detected_multimodality","detected_multimodality","ambiguous",FALSE,"base_evidence_ambiguous"
"flowsom_consensus_k62_seed1",62,"CD21","ambiguous","no_detected_multimodality","ambiguous","ambiguous",FALSE,"base_evidence_ambiguous"
"flowsom_consensus_k62_seed1",62,"CD25","ambiguous","ambiguous","detected_multimodality","ambiguous",FALSE,"base_evidence_ambiguous"
"flowsom_consensus_k62_seed1",62,"CD27","detected_multimodality","detected_multimodality","detected_multimodality","detected_multimodality",TRUE,"stable_across_1000_2000_5000_events"
"flowsom_consensus_k62_seed1",62,"CD3","ambiguous","ambiguous","detected_multimodality","ambiguous",FALSE,"base_evidence_ambiguous"
"flowsom_consensus_k62_seed1",62,"CD303_TCRvd2","ambiguous","ambiguous","ambiguous","ambiguous",TRUE,"base_evidence_ambiguous"
"flowsom_consensus_k62_seed1",62,"CD38","ambiguous","ambiguous","detected_multimodality","ambiguous",FALSE,"base_evidence_ambiguous"
"flowsom_consensus_k62_seed1",62,"CD4","detected_multimodality","ambiguous","detected_multimodality","ambiguous",FALSE,"sample_size_instability"
"flowsom_consensus_k62_seed1",62,"CD45RA","detected_multimodality","detected_multimodality","detected_multimodality","detected_multimodality",TRUE,"stable_across_1000_2000_5000_events"
"flowsom_consensus_k62_seed1",62,"CD7","detected_multimodality","detected_multimodality","detected_multimodality","detected_multimodality",TRUE,"stable_across_1000_2000_5000_events"
"flowsom_consensus_k62_seed1",62,"FoxP3","ambiguous","no_detected_multimodality","no_detected_multimodality","ambiguous",FALSE,"base_evidence_ambiguous"
"flowsom_consensus_k62_seed1",62,"HLA-DR","ambiguous","ambiguous","ambiguous","ambiguous",TRUE,"base_evidence_ambiguous"
"flowsom_consensus_k62_seed1",62,"Tbet","detected_multimodality","detected_multimodality","detected_multimodality","detected_multimodality",TRUE,"stable_across_1000_2000_5000_events"
"flowsom_consensus_k62_seed1",62,"TCRgd_CD141","ambiguous","ambiguous","ambiguous","ambiguous",TRUE,"base_evidence_ambiguous"
"flowsom_consensus_k62_seed2026",1,"CD11c","detected_multimodality","ambiguous","detected_multimodality","ambiguous",FALSE,"sample_size_instability"
"flowsom_consensus_k62_seed2026",1,"CD161","detected_multimodality","detected_multimodality","detected_multimodality","detected_multimodality",TRUE,"stable_across_1000_2000_5000_events"
"flowsom_consensus_k62_seed2026",1,"CD185_CXCR5","ambiguous","no_detected_multimodality","ambiguous","ambiguous",FALSE,"base_evidence_ambiguous"
"flowsom_consensus_k62_seed2026",2,"CD159c_NKG2C","no_detected_multimodality","no_detected_multimodality","no_detected_multimodality","no_detected_multimodality",TRUE,"stable_across_1000_2000_5000_events"
"flowsom_consensus_k62_seed2026",2,"CD303_TCRvd2","no_detected_multimodality","no_detected_multimodality","no_detected_multimodality","no_detected_multimodality",TRUE,"stable_across_1000_2000_5000_events"
"flowsom_consensus_k62_seed2026",2,"CD57","ambiguous","no_detected_multimodality","ambiguous","ambiguous",FALSE,"base_evidence_ambiguous"
"flowsom_consensus_k62_seed2026",3,"CD159c_NKG2C","detected_multimodality","ambiguous","detected_multimodality","ambiguous",FALSE,"sample_size_instability"
"flowsom_consensus_k62_seed2026",3,"CD45RA","no_detected_multimodality","no_detected_multimodality","no_detected_multimodality","no_detected_multimodality",TRUE,"stable_across_1000_2000_5000_events"
"flowsom_consensus_k62_seed2026",3,"CD57","detected_multimodality","detected_multimodality","detected_multimodality","detected_multimodality",TRUE,"stable_across_1000_2000_5000_events"
"flowsom_consensus_k62_seed2026",3,"CD8","no_detected_multimodality","no_detected_multimodality","no_detected_multimodality","no_detected_multimodality",TRUE,"stable_across_1000_2000_5000_events"
"flowsom_consensus_k62_seed2026",3,"TCRgd_CD141","no_detected_multimodality","no_detected_multimodality","ambiguous","ambiguous",FALSE,"sample_size_instability"
"flowsom_consensus_k62_seed2026",4,"CD14","no_detected_multimodality","no_detected_multimodality","no_detected_multimodality","no_detected_multimodality",TRUE,"stable_across_1000_2000_5000_events"
"flowsom_consensus_k62_seed2026",4,"CD197_CCR7","no_detected_multimodality","no_detected_multimodality","no_detected_multimodality","no_detected_multimodality",TRUE,"stable_across_1000_2000_5000_events"
"flowsom_consensus_k62_seed2026",4,"CD3","detected_multimodality","detected_multimodality","detected_multimodality","detected_multimodality",TRUE,"stable_across_1000_2000_5000_events"
"flowsom_consensus_k62_seed2026",4,"CD38","ambiguous","no_detected_multimodality","ambiguous","ambiguous",FALSE,"base_evidence_ambiguous"
"flowsom_consensus_k62_seed2026",4,"CD4","no_detected_multimodality","no_detected_multimodality","no_detected_multimodality","no_detected_multimodality",TRUE,"stable_across_1000_2000_5000_events"
"flowsom_consensus_k62_seed2026",4,"CD56","no_detected_multimodality","no_detected_multimodality","no_detected_multimodality","no_detected_multimodality",TRUE,"stable_across_1000_2000_5000_events"
"flowsom_consensus_k62_seed2026",4,"CD57","detected_multimodality","detected_multimodality","detected_multimodality","detected_multimodality",TRUE,"stable_across_1000_2000_5000_events"
"flowsom_consensus_k62_seed2026",5,"CD11c","detected_multimodality","ambiguous","detected_multimodality","ambiguous",FALSE,"sample_size_instability"
"flowsom_consensus_k62_seed2026",5,"CD19","ambiguous","no_detected_multimodality","no_detected_multimodality","ambiguous",FALSE,"base_evidence_ambiguous"
"flowsom_consensus_k62_seed2026",5,"CD3","detected_multimodality","detected_multimodality","detected_multimodality","detected_multimodality",TRUE,"stable_across_1000_2000_5000_events"
"flowsom_consensus_k62_seed2026",5,"CD57","detected_multimodality","detected_multimodality","detected_multimodality","detected_multimodality",TRUE,"stable_across_1000_2000_5000_events"
"flowsom_consensus_k62_seed2026",5,"TCRgd_CD141","ambiguous","no_detected_multimodality","no_detected_multimodality","ambiguous",FALSE,"base_evidence_ambiguous"
"flowsom_consensus_k62_seed2026",6,"CD11c","detected_multimodality","ambiguous","detected_multimodality","ambiguous",FALSE,"sample_size_instability"
"flowsom_consensus_k62_seed2026",6,"CD161","ambiguous","ambiguous","detected_multimodality","ambiguous",FALSE,"base_evidence_ambiguous"
"flowsom_consensus_k62_seed2026",6,"CD197_CCR7","ambiguous","no_detected_multimodality","no_detected_multimodality","ambiguous",FALSE,"base_evidence_ambiguous"
"flowsom_consensus_k62_seed2026",6,"CD25","ambiguous","no_detected_multimodality","no_detected_multimodality","ambiguous",FALSE,"base_evidence_ambiguous"
"flowsom_consensus_k62_seed2026",6,"CD3","ambiguous","ambiguous","ambiguous","ambiguous",TRUE,"base_evidence_ambiguous"
"flowsom_consensus_k62_seed2026",6,"CD57","ambiguous","ambiguous","detected_multimodality","ambiguous",FALSE,"base_evidence_ambiguous"
"flowsom_consensus_k62_seed2026",6,"CD8","ambiguous","no_detected_multimodality","no_detected_multimodality","ambiguous",FALSE,"base_evidence_ambiguous"
"flowsom_consensus_k62_seed2026",7,"CD159c_NKG2C","ambiguous","no_detected_multimodality","detected_multimodality","ambiguous",FALSE,"base_evidence_ambiguous"
"flowsom_consensus_k62_seed2026",7,"CD57","detected_multimodality","detected_multimodality","detected_multimodality","detected_multimodality",TRUE,"stable_across_1000_2000_5000_events"
"flowsom_consensus_k62_seed2026",7,"CD8","ambiguous","no_detected_multimodality","no_detected_multimodality","ambiguous",FALSE,"base_evidence_ambiguous"
"flowsom_consensus_k62_seed2026",7,"HLA-DR","no_detected_multimodality","no_detected_multimodality","no_detected_multimodality","no_detected_multimodality",TRUE,"stable_across_1000_2000_5000_events"
"flowsom_consensus_k62_seed2026",8,"CD14","no_detected_multimodality","no_detected_multimodality","no_detected_multimodality","no_detected_multimodality",TRUE,"stable_across_1000_2000_5000_events"
"flowsom_consensus_k62_seed2026",8,"CD159c_NKG2C","ambiguous","no_detected_multimodality","ambiguous","ambiguous",FALSE,"base_evidence_ambiguous"
"flowsom_consensus_k62_seed2026",8,"CD56","no_detected_multimodality","no_detected_multimodality","no_detected_multimodality","no_detected_multimodality",TRUE,"stable_across_1000_2000_5000_events"
"flowsom_consensus_k62_seed2026",8,"CD57","detected_multimodality","ambiguous","detected_multimodality","ambiguous",FALSE,"sample_size_instability"
"flowsom_consensus_k62_seed2026",9,"CD159c_NKG2C","detected_multimodality","ambiguous","detected_multimodality","ambiguous",FALSE,"sample_size_instability"
"flowsom_consensus_k62_seed2026",9,"CD27","ambiguous","ambiguous","ambiguous","ambiguous",TRUE,"base_evidence_ambiguous"
"flowsom_consensus_k62_seed2026",9,"CD56","detected_multimodality","ambiguous","detected_multimodality","ambiguous",FALSE,"sample_size_instability"
"flowsom_consensus_k62_seed2026",9,"CD57","ambiguous","ambiguous","detected_multimodality","ambiguous",FALSE,"base_evidence_ambiguous"
"flowsom_consensus_k62_seed2026",9,"CD8","no_detected_multimodality","no_detected_multimodality","no_detected_multimodality","no_detected_multimodality",TRUE,"stable_across_1000_2000_5000_events"
"flowsom_consensus_k62_seed2026",9,"FoxP3","ambiguous","no_detected_multimodality","no_detected_multimodality","ambiguous",FALSE,"base_evidence_ambiguous"
"flowsom_consensus_k62_seed2026",10,"CD127","ambiguous","no_detected_multimodality","ambiguous","ambiguous",FALSE,"base_evidence_ambiguous"
"flowsom_consensus_k62_seed2026",10,"CD19","no_detected_multimodality","ambiguous","no_detected_multimodality","ambiguous",FALSE,"sample_size_instability"
"flowsom_consensus_k62_seed2026",10,"CD197_CCR7","detected_multimodality","detected_multimodality","detected_multimodality","detected_multimodality",TRUE,"stable_across_1000_2000_5000_events"
"flowsom_consensus_k62_seed2026",10,"CD27","detected_multimodality","detected_multimodality","detected_multimodality","detected_multimodality",TRUE,"stable_across_1000_2000_5000_events"
"flowsom_consensus_k62_seed2026",10,"CD38","no_detected_multimodality","no_detected_multimodality","no_detected_multimodality","no_detected_multimodality",TRUE,"stable_across_1000_2000_5000_events"
"flowsom_consensus_k62_seed2026",10,"CD45RA","detected_multimodality","detected_multimodality","detected_multimodality","detected_multimodality",TRUE,"stable_across_1000_2000_5000_events"
"flowsom_consensus_k62_seed2026",10,"CD57","no_detected_multimodality","no_detected_multimodality","no_detected_multimodality","no_detected_multimodality",TRUE,"stable_across_1000_2000_5000_events"
"flowsom_consensus_k62_seed2026",10,"Tbet","ambiguous","ambiguous","detected_multimodality","ambiguous",FALSE,"base_evidence_ambiguous"
"flowsom_consensus_k62_seed2026",10,"TCRgd_CD141","ambiguous","no_detected_multimodality","no_detected_multimodality","ambiguous",FALSE,"base_evidence_ambiguous"
"flowsom_consensus_k62_seed2026",11,"CD11c","ambiguous","no_detected_multimodality","ambiguous","ambiguous",FALSE,"base_evidence_ambiguous"
"flowsom_consensus_k62_seed2026",11,"CD159c_NKG2C","detected_multimodality","detected_multimodality","detected_multimodality","detected_multimodality",TRUE,"stable_across_1000_2000_5000_events"
"flowsom_consensus_k62_seed2026",11,"CD16","ambiguous","ambiguous","detected_multimodality","ambiguous",FALSE,"base_evidence_ambiguous"
"flowsom_consensus_k62_seed2026",11,"Tbet","no_detected_multimodality","no_detected_multimodality","no_detected_multimodality","no_detected_multimodality",TRUE,"stable_across_1000_2000_5000_events"
"flowsom_consensus_k62_seed2026",12,"CD11c","detected_multimodality","ambiguous","detected_multimodality","ambiguous",FALSE,"sample_size_instability"
"flowsom_consensus_k62_seed2026",12,"CD27","ambiguous","no_detected_multimodality","ambiguous","ambiguous",FALSE,"base_evidence_ambiguous"
"flowsom_consensus_k62_seed2026",12,"CD3","detected_multimodality","detected_multimodality","detected_multimodality","detected_multimodality",TRUE,"stable_across_1000_2000_5000_events"
"flowsom_consensus_k62_seed2026",12,"CD56","detected_multimodality","detected_multimodality","detected_multimodality","detected_multimodality",TRUE,"stable_across_1000_2000_5000_events"
"flowsom_consensus_k62_seed2026",13,"CD16","no_detected_multimodality","no_detected_multimodality","no_detected_multimodality","no_detected_multimodality",TRUE,"stable_across_1000_2000_5000_events"
"flowsom_consensus_k62_seed2026",13,"CD197_CCR7","no_detected_multimodality","no_detected_multimodality","no_detected_multimodality","no_detected_multimodality",TRUE,"stable_across_1000_2000_5000_events"
"flowsom_consensus_k62_seed2026",13,"CD1c","no_detected_multimodality","no_detected_multimodality","no_detected_multimodality","no_detected_multimodality",TRUE,"stable_across_1000_2000_5000_events"
"flowsom_consensus_k62_seed2026",13,"CD21","no_detected_multimodality","no_detected_multimodality","no_detected_multimodality","no_detected_multimodality",TRUE,"stable_across_1000_2000_5000_events"
"flowsom_consensus_k62_seed2026",13,"CD25","no_detected_multimodality","no_detected_multimodality","no_detected_multimodality","no_detected_multimodality",TRUE,"stable_across_1000_2000_5000_events"
"flowsom_consensus_k62_seed2026",13,"CD294_CRTH2","no_detected_multimodality","no_detected_multimodality","no_detected_multimodality","no_detected_multimodality",TRUE,"stable_across_1000_2000_5000_events"
"flowsom_consensus_k62_seed2026",13,"CD4","no_detected_multimodality","no_detected_multimodality","no_detected_multimodality","no_detected_multimodality",TRUE,"stable_across_1000_2000_5000_events"
"flowsom_consensus_k62_seed2026",13,"CD57","detected_multimodality","detected_multimodality","detected_multimodality","detected_multimodality",TRUE,"stable_across_1000_2000_5000_events"
"flowsom_consensus_k62_seed2026",14,"CD161","ambiguous","ambiguous","ambiguous","ambiguous",TRUE,"base_evidence_ambiguous"
"flowsom_consensus_k62_seed2026",14,"CD19","no_detected_multimodality","no_detected_multimodality","no_detected_multimodality","no_detected_multimodality",TRUE,"stable_across_1000_2000_5000_events"
"flowsom_consensus_k62_seed2026",14,"CD38","detected_multimodality","detected_multimodality","detected_multimodality","detected_multimodality",TRUE,"stable_across_1000_2000_5000_events"
"flowsom_consensus_k62_seed2026",14,"CD57","no_detected_multimodality","no_detected_multimodality","no_detected_multimodality","no_detected_multimodality",TRUE,"stable_across_1000_2000_5000_events"
"flowsom_consensus_k62_seed2026",14,"CD7","ambiguous","no_detected_multimodality","ambiguous","ambiguous",FALSE,"base_evidence_ambiguous"
"flowsom_consensus_k62_seed2026",15,"CD11c","ambiguous","ambiguous","detected_multimodality","ambiguous",FALSE,"base_evidence_ambiguous"
"flowsom_consensus_k62_seed2026",15,"CD14","no_detected_multimodality","no_detected_multimodality","no_detected_multimodality","no_detected_multimodality",TRUE,"stable_across_1000_2000_5000_events"
"flowsom_consensus_k62_seed2026",15,"CD161","detected_multimodality","detected_multimodality","detected_multimodality","detected_multimodality",TRUE,"stable_across_1000_2000_5000_events"
"flowsom_consensus_k62_seed2026",15,"CD294_CRTH2","ambiguous","no_detected_multimodality","no_detected_multimodality","ambiguous",FALSE,"base_evidence_ambiguous"
"flowsom_consensus_k62_seed2026",15,"CD38","ambiguous","no_detected_multimodality","ambiguous","ambiguous",FALSE,"base_evidence_ambiguous"
"flowsom_consensus_k62_seed2026",15,"CD56","no_detected_multimodality","no_detected_multimodality","no_detected_multimodality","no_detected_multimodality",TRUE,"stable_across_1000_2000_5000_events"
"flowsom_consensus_k62_seed2026",15,"Tbet","no_detected_multimodality","no_detected_multimodality","no_detected_multimodality","no_detected_multimodality",TRUE,"stable_across_1000_2000_5000_events"
"flowsom_consensus_k62_seed2026",16,"CD11c","ambiguous","no_detected_multimodality","ambiguous","ambiguous",FALSE,"base_evidence_ambiguous"
"flowsom_consensus_k62_seed2026",16,"CD185_CXCR5","ambiguous","no_detected_multimodality","ambiguous","ambiguous",FALSE,"base_evidence_ambiguous"
"flowsom_consensus_k62_seed2026",16,"Tbet","ambiguous","ambiguous","detected_multimodality","ambiguous",FALSE,"base_evidence_ambiguous"
"flowsom_consensus_k62_seed2026",16,"TCRgd_CD141","no_detected_multimodality","ambiguous","ambiguous","ambiguous",FALSE,"sample_size_instability"
"flowsom_consensus_k62_seed2026",17,"CD16","no_detected_multimodality","no_detected_multimodality","no_detected_multimodality","no_detected_multimodality",TRUE,"stable_across_1000_2000_5000_events"
"flowsom_consensus_k62_seed2026",17,"CD161","ambiguous","ambiguous","ambiguous","ambiguous",TRUE,"base_evidence_ambiguous"
"flowsom_consensus_k62_seed2026",17,"CD197_CCR7","ambiguous","no_detected_multimodality","ambiguous","ambiguous",FALSE,"base_evidence_ambiguous"
"flowsom_consensus_k62_seed2026",17,"CD1c","no_detected_multimodality","no_detected_multimodality","no_detected_multimodality","no_detected_multimodality",TRUE,"stable_across_1000_2000_5000_events"
"flowsom_consensus_k62_seed2026",17,"CD21","no_detected_multimodality","no_detected_multimodality","no_detected_multimodality","no_detected_multimodality",TRUE,"stable_across_1000_2000_5000_events"
"flowsom_consensus_k62_seed2026",17,"CD25","no_detected_multimodality","no_detected_multimodality","no_detected_multimodality","no_detected_multimodality",TRUE,"stable_across_1000_2000_5000_events"
"flowsom_consensus_k62_seed2026",17,"CD3","ambiguous","no_detected_multimodality","ambiguous","ambiguous",FALSE,"base_evidence_ambiguous"
"flowsom_consensus_k62_seed2026",17,"CD38","ambiguous","no_detected_multimodality","ambiguous","ambiguous",FALSE,"base_evidence_ambiguous"
"flowsom_consensus_k62_seed2026",17,"CD45RA","ambiguous","ambiguous","detected_multimodality","ambiguous",FALSE,"base_evidence_ambiguous"
"flowsom_consensus_k62_seed2026",17,"CD56","detected_multimodality","detected_multimodality","detected_multimodality","detected_multimodality",TRUE,"stable_across_1000_2000_5000_events"
"flowsom_consensus_k62_seed2026",17,"CD7","detected_multimodality","detected_multimodality","detected_multimodality","detected_multimodality",TRUE,"stable_across_1000_2000_5000_events"
"flowsom_consensus_k62_seed2026",17,"FoxP3","detected_multimodality","detected_multimodality","detected_multimodality","detected_multimodality",TRUE,"stable_across_1000_2000_5000_events"
"flowsom_consensus_k62_seed2026",18,"CD11c","ambiguous","no_detected_multimodality","ambiguous","ambiguous",FALSE,"base_evidence_ambiguous"
"flowsom_consensus_k62_seed2026",18,"CD159c_NKG2C","detected_multimodality","detected_multimodality","detected_multimodality","detected_multimodality",TRUE,"stable_across_1000_2000_5000_events"
"flowsom_consensus_k62_seed2026",18,"CD45RA","no_detected_multimodality","no_detected_multimodality","no_detected_multimodality","no_detected_multimodality",TRUE,"stable_across_1000_2000_5000_events"
"flowsom_consensus_k62_seed2026",18,"TCRgd_CD141","no_detected_multimodality","no_detected_multimodality","ambiguous","ambiguous",FALSE,"sample_size_instability"
"flowsom_consensus_k62_seed2026",19,"CD27","no_detected_multimodality","no_detected_multimodality","no_detected_multimodality","no_detected_multimodality",TRUE,"stable_across_1000_2000_5000_events"
"flowsom_consensus_k62_seed2026",19,"CD56","ambiguous","ambiguous","detected_multimodality","ambiguous",FALSE,"base_evidence_ambiguous"
"flowsom_consensus_k62_seed2026",19,"HLA-DR","no_detected_multimodality","no_detected_multimodality","no_detected_multimodality","no_detected_multimodality",TRUE,"stable_across_1000_2000_5000_events"
"flowsom_consensus_k62_seed2026",19,"TCRgd_CD141","ambiguous","no_detected_multimodality","ambiguous","ambiguous",FALSE,"base_evidence_ambiguous"
"flowsom_consensus_k62_seed2026",20,"CD11c","no_detected_multimodality","no_detected_multimodality","ambiguous","ambiguous",FALSE,"sample_size_instability"
"flowsom_consensus_k62_seed2026",20,"CD159c_NKG2C","no_detected_multimodality","no_detected_multimodality","no_detected_multimodality","no_detected_multimodality",TRUE,"stable_across_1000_2000_5000_events"
"flowsom_consensus_k62_seed2026",20,"CD294_CRTH2","no_detected_multimodality","no_detected_multimodality","no_detected_multimodality","no_detected_multimodality",TRUE,"stable_across_1000_2000_5000_events"
"flowsom_consensus_k62_seed2026",20,"CD3","detected_multimodality","detected_multimodality","detected_multimodality","detected_multimodality",TRUE,"stable_across_1000_2000_5000_events"
"flowsom_consensus_k62_seed2026",20,"CD56","ambiguous","ambiguous","ambiguous","ambiguous",TRUE,"base_evidence_ambiguous"
"flowsom_consensus_k62_seed2026",21,"CD11c","ambiguous","no_detected_multimodality","no_detected_multimodality","ambiguous",FALSE,"base_evidence_ambiguous"
"flowsom_consensus_k62_seed2026",21,"CD16","no_detected_multimodality","no_detected_multimodality","ambiguous","ambiguous",FALSE,"sample_size_instability"
"flowsom_consensus_k62_seed2026",21,"CD161","no_detected_multimodality","no_detected_multimodality","no_detected_multimodality","no_detected_multimodality",TRUE,"stable_across_1000_2000_5000_events"
"flowsom_consensus_k62_seed2026",21,"CD185_CXCR5","no_detected_multimodality","no_detected_multimodality","no_detected_multimodality","no_detected_multimodality",TRUE,"stable_across_1000_2000_5000_events"
"flowsom_consensus_k62_seed2026",21,"CD1c","no_detected_multimodality","no_detected_multimodality","no_detected_multimodality","no_detected_multimodality",TRUE,"stable_across_1000_2000_5000_events"
"flowsom_consensus_k62_seed2026",21,"CD21","no_detected_multimodality","no_detected_multimodality","no_detected_multimodality","no_detected_multimodality",TRUE,"stable_across_1000_2000_5000_events"
"flowsom_consensus_k62_seed2026",21,"CD25","no_detected_multimodality","no_detected_multimodality","no_detected_multimodality","no_detected_multimodality",TRUE,"stable_across_1000_2000_5000_events"
"flowsom_consensus_k62_seed2026",21,"CD3","detected_multimodality","detected_multimodality","detected_multimodality","detected_multimodality",TRUE,"stable_across_1000_2000_5000_events"
"flowsom_consensus_k62_seed2026",21,"CD303_TCRvd2","ambiguous","ambiguous","detected_multimodality","ambiguous",FALSE,"base_evidence_ambiguous"
"flowsom_consensus_k62_seed2026",21,"CD45RA","ambiguous","ambiguous","ambiguous","ambiguous",TRUE,"base_evidence_ambiguous"
"flowsom_consensus_k62_seed2026",21,"CD57","ambiguous","no_detected_multimodality","detected_multimodality","ambiguous",FALSE,"base_evidence_ambiguous"
"flowsom_consensus_k62_seed2026",22,"CD161","detected_multimodality","detected_multimodality","detected_multimodality","detected_multimodality",TRUE,"stable_across_1000_2000_5000_events"
"flowsom_consensus_k62_seed2026",22,"CD27","detected_multimodality","detected_multimodality","detected_multimodality","detected_multimodality",TRUE,"stable_across_1000_2000_5000_events"
"flowsom_consensus_k62_seed2026",22,"CD38","no_detected_multimodality","no_detected_multimodality","no_detected_multimodality","no_detected_multimodality",TRUE,"stable_across_1000_2000_5000_events"
"flowsom_consensus_k62_seed2026",23,"CD3","no_detected_multimodality","no_detected_multimodality","ambiguous","ambiguous",FALSE,"sample_size_instability"
"flowsom_consensus_k62_seed2026",24,"CD161","detected_multimodality","ambiguous","detected_multimodality","ambiguous",FALSE,"sample_size_instability"
"flowsom_consensus_k62_seed2026",24,"CD197_CCR7","ambiguous","no_detected_multimodality","ambiguous","ambiguous",FALSE,"base_evidence_ambiguous"
"flowsom_consensus_k62_seed2026",24,"CD38","detected_multimodality","detected_multimodality","detected_multimodality","detected_multimodality",TRUE,"stable_across_1000_2000_5000_events"
"flowsom_consensus_k62_seed2026",24,"CD45RA","ambiguous","ambiguous","ambiguous","ambiguous",TRUE,"base_evidence_ambiguous"
"flowsom_consensus_k62_seed2026",24,"CD7","detected_multimodality","ambiguous","detected_multimodality","ambiguous",FALSE,"sample_size_instability"
"flowsom_consensus_k62_seed2026",24,"FoxP3","detected_multimodality","detected_multimodality","detected_multimodality","detected_multimodality",TRUE,"stable_across_1000_2000_5000_events"
"flowsom_consensus_k62_seed2026",25,"CD159c_NKG2C","detected_multimodality","detected_multimodality","detected_multimodality","detected_multimodality",TRUE,"stable_across_1000_2000_5000_events"
"flowsom_consensus_k62_seed2026",25,"CD16","no_detected_multimodality","no_detected_multimodality","no_detected_multimodality","no_detected_multimodality",TRUE,"stable_across_1000_2000_5000_events"
"flowsom_consensus_k62_seed2026",25,"CD19","ambiguous","no_detected_multimodality","no_detected_multimodality","ambiguous",FALSE,"base_evidence_ambiguous"
"flowsom_consensus_k62_seed2026",25,"CD1c","no_detected_multimodality","no_detected_multimodality","no_detected_multimodality","no_detected_multimodality",TRUE,"stable_across_1000_2000_5000_events"
"flowsom_consensus_k62_seed2026",25,"CD21","no_detected_multimodality","no_detected_multimodality","no_detected_multimodality","no_detected_multimodality",TRUE,"stable_across_1000_2000_5000_events"
"flowsom_consensus_k62_seed2026",25,"CD25","no_detected_multimodality","no_detected_multimodality","no_detected_multimodality","no_detected_multimodality",TRUE,"stable_across_1000_2000_5000_events"
"flowsom_consensus_k62_seed2026",25,"CD294_CRTH2","ambiguous","no_detected_multimodality","no_detected_multimodality","ambiguous",FALSE,"base_evidence_ambiguous"
"flowsom_consensus_k62_seed2026",25,"CD3","detected_multimodality","detected_multimodality","detected_multimodality","detected_multimodality",TRUE,"stable_across_1000_2000_5000_events"
"flowsom_consensus_k62_seed2026",25,"CD38","ambiguous","no_detected_multimodality","ambiguous","ambiguous",FALSE,"base_evidence_ambiguous"
"flowsom_consensus_k62_seed2026",25,"CD56","ambiguous","no_detected_multimodality","ambiguous","ambiguous",FALSE,"base_evidence_ambiguous"
"flowsom_consensus_k62_seed2026",25,"CD57","ambiguous","ambiguous","ambiguous","ambiguous",TRUE,"base_evidence_ambiguous"
"flowsom_consensus_k62_seed2026",25,"CD7","ambiguous","ambiguous","ambiguous","ambiguous",TRUE,"base_evidence_ambiguous"
"flowsom_consensus_k62_seed2026",26,"CD127","detected_multimodality","detected_multimodality","detected_multimodality","detected_multimodality",TRUE,"stable_across_1000_2000_5000_events"
"flowsom_consensus_k62_seed2026",26,"CD161","detected_multimodality","ambiguous","detected_multimodality","ambiguous",FALSE,"sample_size_instability"
"flowsom_consensus_k62_seed2026",26,"CD185_CXCR5","ambiguous","ambiguous","no_detected_multimodality","ambiguous",FALSE,"base_evidence_ambiguous"
"flowsom_consensus_k62_seed2026",26,"CD19","ambiguous","no_detected_multimodality","no_detected_multimodality","ambiguous",FALSE,"base_evidence_ambiguous"
"flowsom_consensus_k62_seed2026",26,"CD27","detected_multimodality","detected_multimodality","detected_multimodality","detected_multimodality",TRUE,"stable_across_1000_2000_5000_events"
"flowsom_consensus_k62_seed2026",26,"CD303_TCRvd2","detected_multimodality","detected_multimodality","detected_multimodality","detected_multimodality",TRUE,"stable_across_1000_2000_5000_events"
"flowsom_consensus_k62_seed2026",26,"FoxP3","no_detected_multimodality","no_detected_multimodality","no_detected_multimodality","no_detected_multimodality",TRUE,"stable_across_1000_2000_5000_events"
"flowsom_consensus_k62_seed2026",26,"TCRgd_CD141","detected_multimodality","detected_multimodality","detected_multimodality","detected_multimodality",TRUE,"stable_across_1000_2000_5000_events"
"flowsom_consensus_k62_seed2026",27,"CD127","no_detected_multimodality","no_detected_multimodality","ambiguous","ambiguous",FALSE,"sample_size_instability"
"flowsom_consensus_k62_seed2026",27,"CD16","detected_multimodality","detected_multimodality","detected_multimodality","detected_multimodality",TRUE,"stable_across_1000_2000_5000_events"
"flowsom_consensus_k62_seed2026",27,"CD185_CXCR5","ambiguous","ambiguous","ambiguous","ambiguous",TRUE,"base_evidence_ambiguous"
"flowsom_consensus_k62_seed2026",27,"CD197_CCR7","ambiguous","no_detected_multimodality","ambiguous","ambiguous",FALSE,"base_evidence_ambiguous"
"flowsom_consensus_k62_seed2026",27,"CD21","ambiguous","ambiguous","detected_multimodality","ambiguous",FALSE,"base_evidence_ambiguous"
"flowsom_consensus_k62_seed2026",27,"CD27","no_detected_multimodality","no_detected_multimodality","ambiguous","ambiguous",FALSE,"sample_size_instability"
"flowsom_consensus_k62_seed2026",27,"CD38","ambiguous","ambiguous","ambiguous","ambiguous",TRUE,"base_evidence_ambiguous"
"flowsom_consensus_k62_seed2026",27,"CD45RA","ambiguous","ambiguous","detected_multimodality","ambiguous",FALSE,"base_evidence_ambiguous"
"flowsom_consensus_k62_seed2026",27,"Tbet","no_detected_multimodality","no_detected_multimodality","no_detected_multimodality","no_detected_multimodality",TRUE,"stable_across_1000_2000_5000_events"
"flowsom_consensus_k62_seed2026",28,"CD11c","ambiguous","no_detected_multimodality","ambiguous","ambiguous",FALSE,"base_evidence_ambiguous"
"flowsom_consensus_k62_seed2026",28,"CD16","ambiguous","no_detected_multimodality","ambiguous","ambiguous",FALSE,"base_evidence_ambiguous"
"flowsom_consensus_k62_seed2026",28,"CD161","ambiguous","ambiguous","detected_multimodality","ambiguous",FALSE,"base_evidence_ambiguous"
"flowsom_consensus_k62_seed2026",28,"CD56","ambiguous","no_detected_multimodality","ambiguous","ambiguous",FALSE,"base_evidence_ambiguous"
"flowsom_consensus_k62_seed2026",28,"CD7","no_detected_multimodality","no_detected_multimodality","ambiguous","ambiguous",FALSE,"sample_size_instability"
"flowsom_consensus_k62_seed2026",28,"Tbet","detected_multimodality","ambiguous","detected_multimodality","ambiguous",FALSE,"sample_size_instability"
"flowsom_consensus_k62_seed2026",28,"TCRgd_CD141","ambiguous","ambiguous","no_detected_multimodality","ambiguous",FALSE,"base_evidence_ambiguous"
"flowsom_consensus_k62_seed2026",29,"CD11c","ambiguous","ambiguous","detected_multimodality","ambiguous",FALSE,"base_evidence_ambiguous"
"flowsom_consensus_k62_seed2026",29,"CD127","ambiguous","no_detected_multimodality","no_detected_multimodality","ambiguous",FALSE,"base_evidence_ambiguous"
"flowsom_consensus_k62_seed2026",29,"CD159c_NKG2C","ambiguous","no_detected_multimodality","detected_multimodality","ambiguous",FALSE,"base_evidence_ambiguous"
"flowsom_consensus_k62_seed2026",29,"CD3","ambiguous","ambiguous","detected_multimodality","ambiguous",FALSE,"base_evidence_ambiguous"
"flowsom_consensus_k62_seed2026",29,"CD57","detected_multimodality","detected_multimodality","detected_multimodality","detected_multimodality",TRUE,"stable_across_1000_2000_5000_events"
"flowsom_consensus_k62_seed2026",29,"CD8","no_detected_multimodality","no_detected_multimodality","no_detected_multimodality","no_detected_multimodality",TRUE,"stable_across_1000_2000_5000_events"
"flowsom_consensus_k62_seed2026",30,"CD159c_NKG2C","ambiguous","ambiguous","detected_multimodality","ambiguous",FALSE,"base_evidence_ambiguous"
"flowsom_consensus_k62_seed2026",30,"CD185_CXCR5","no_detected_multimodality","no_detected_multimodality","no_detected_multimodality","no_detected_multimodality",TRUE,"stable_across_1000_2000_5000_events"
"flowsom_consensus_k62_seed2026",30,"CD19","no_detected_multimodality","no_detected_multimodality","no_detected_multimodality","no_detected_multimodality",TRUE,"stable_across_1000_2000_5000_events"
"flowsom_consensus_k62_seed2026",30,"CD3","ambiguous","ambiguous","detected_multimodality","ambiguous",FALSE,"base_evidence_ambiguous"
"flowsom_consensus_k62_seed2026",30,"CD38","no_detected_multimodality","no_detected_multimodality","no_detected_multimodality","no_detected_multimodality",TRUE,"stable_across_1000_2000_5000_events"
"flowsom_consensus_k62_seed2026",30,"CD4","no_detected_multimodality","no_detected_multimodality","no_detected_multimodality","no_detected_multimodality",TRUE,"stable_across_1000_2000_5000_events"
"flowsom_consensus_k62_seed2026",30,"CD56","ambiguous","ambiguous","ambiguous","ambiguous",TRUE,"base_evidence_ambiguous"
"flowsom_consensus_k62_seed2026",30,"CD57","ambiguous","ambiguous","ambiguous","ambiguous",TRUE,"base_evidence_ambiguous"
"flowsom_consensus_k62_seed2026",30,"CD7","ambiguous","no_detected_multimodality","no_detected_multimodality","ambiguous",FALSE,"base_evidence_ambiguous"
"flowsom_consensus_k62_seed2026",31,"CD19","ambiguous","no_detected_multimodality","ambiguous","ambiguous",FALSE,"base_evidence_ambiguous"
"flowsom_consensus_k62_seed2026",31,"CD294_CRTH2","no_detected_multimodality","no_detected_multimodality","ambiguous","ambiguous",FALSE,"sample_size_instability"
"flowsom_consensus_k62_seed2026",31,"CD303_TCRvd2","detected_multimodality","detected_multimodality","detected_multimodality","detected_multimodality",TRUE,"stable_across_1000_2000_5000_events"
"flowsom_consensus_k62_seed2026",31,"CD4","ambiguous","ambiguous","detected_multimodality","ambiguous",FALSE,"base_evidence_ambiguous"
"flowsom_consensus_k62_seed2026",31,"CD57","detected_multimodality","ambiguous","detected_multimodality","ambiguous",FALSE,"sample_size_instability"
"flowsom_consensus_k62_seed2026",31,"TCRgd_CD141","detected_multimodality","detected_multimodality","detected_multimodality","detected_multimodality",TRUE,"stable_across_1000_2000_5000_events"
"flowsom_consensus_k62_seed2026",32,"CD27","detected_multimodality","detected_multimodality","detected_multimodality","detected_multimodality",TRUE,"stable_across_1000_2000_5000_events"
"flowsom_consensus_k62_seed2026",32,"CD303_TCRvd2","detected_multimodality","detected_multimodality","detected_multimodality","detected_multimodality",TRUE,"stable_across_1000_2000_5000_events"
"flowsom_consensus_k62_seed2026",32,"TCRgd_CD141","detected_multimodality","detected_multimodality","detected_multimodality","detected_multimodality",TRUE,"stable_across_1000_2000_5000_events"
"flowsom_consensus_k62_seed2026",33,"CD56","detected_multimodality","ambiguous","detected_multimodality","ambiguous",FALSE,"sample_size_instability"
"flowsom_consensus_k62_seed2026",33,"CD57","detected_multimodality","detected_multimodality","detected_multimodality","detected_multimodality",TRUE,"stable_across_1000_2000_5000_events"
"flowsom_consensus_k62_seed2026",33,"HLA-DR","no_detected_multimodality","no_detected_multimodality","no_detected_multimodality","no_detected_multimodality",TRUE,"stable_across_1000_2000_5000_events"
"flowsom_consensus_k62_seed2026",33,"TCRgd_CD141","ambiguous","ambiguous","ambiguous","ambiguous",TRUE,"base_evidence_ambiguous"
"flowsom_consensus_k62_seed2026",34,"CD159c_NKG2C","ambiguous","no_detected_multimodality","no_detected_multimodality","ambiguous",FALSE,"base_evidence_ambiguous"
"flowsom_consensus_k62_seed2026",34,"CD161","ambiguous","ambiguous","detected_multimodality","ambiguous",FALSE,"base_evidence_ambiguous"
"flowsom_consensus_k62_seed2026",34,"CD27","detected_multimodality","detected_multimodality","detected_multimodality","detected_multimodality",TRUE,"stable_across_1000_2000_5000_events"
"flowsom_consensus_k62_seed2026",34,"CD7","no_detected_multimodality","no_detected_multimodality","no_detected_multimodality","no_detected_multimodality",TRUE,"stable_across_1000_2000_5000_events"
"flowsom_consensus_k62_seed2026",35,"CD11c","ambiguous","no_detected_multimodality","detected_multimodality","ambiguous",FALSE,"base_evidence_ambiguous"
"flowsom_consensus_k62_seed2026",35,"CD127","detected_multimodality","detected_multimodality","detected_multimodality","detected_multimodality",TRUE,"stable_across_1000_2000_5000_events"
"flowsom_consensus_k62_seed2026",35,"CD159c_NKG2C","detected_multimodality","detected_multimodality","detected_multimodality","detected_multimodality",TRUE,"stable_across_1000_2000_5000_events"
"flowsom_consensus_k62_seed2026",35,"CD161","detected_multimodality","detected_multimodality","detected_multimodality","detected_multimodality",TRUE,"stable_across_1000_2000_5000_events"
"flowsom_consensus_k62_seed2026",35,"CD19","ambiguous","no_detected_multimodality","ambiguous","ambiguous",FALSE,"base_evidence_ambiguous"
"flowsom_consensus_k62_seed2026",35,"CD294_CRTH2","detected_multimodality","detected_multimodality","detected_multimodality","detected_multimodality",TRUE,"stable_across_1000_2000_5000_events"
"flowsom_consensus_k62_seed2026",35,"CD3","ambiguous","no_detected_multimodality","ambiguous","ambiguous",FALSE,"base_evidence_ambiguous"
"flowsom_consensus_k62_seed2026",35,"CD56","detected_multimodality","detected_multimodality","detected_multimodality","detected_multimodality",TRUE,"stable_across_1000_2000_5000_events"
"flowsom_consensus_k62_seed2026",35,"CD57","ambiguous","no_detected_multimodality","ambiguous","ambiguous",FALSE,"base_evidence_ambiguous"
"flowsom_consensus_k62_seed2026",35,"CD7","ambiguous","no_detected_multimodality","ambiguous","ambiguous",FALSE,"base_evidence_ambiguous"
"flowsom_consensus_k62_seed2026",35,"CD8","ambiguous","no_detected_multimodality","ambiguous","ambiguous",FALSE,"base_evidence_ambiguous"
"flowsom_consensus_k62_seed2026",35,"FoxP3","ambiguous","no_detected_multimodality","ambiguous","ambiguous",FALSE,"base_evidence_ambiguous"
"flowsom_consensus_k62_seed2026",35,"Tbet","ambiguous","no_detected_multimodality","no_detected_multimodality","ambiguous",FALSE,"base_evidence_ambiguous"
"flowsom_consensus_k62_seed2026",35,"TCRgd_CD141","detected_multimodality","detected_multimodality","detected_multimodality","detected_multimodality",TRUE,"stable_across_1000_2000_5000_events"
"flowsom_consensus_k62_seed2026",36,"CD127","ambiguous","ambiguous","ambiguous","ambiguous",TRUE,"base_evidence_ambiguous"
"flowsom_consensus_k62_seed2026",36,"CD161","no_detected_multimodality","no_detected_multimodality","no_detected_multimodality","no_detected_multimodality",TRUE,"stable_across_1000_2000_5000_events"
"flowsom_consensus_k62_seed2026",36,"CD27","detected_multimodality","detected_multimodality","detected_multimodality","detected_multimodality",TRUE,"stable_across_1000_2000_5000_events"
"flowsom_consensus_k62_seed2026",36,"CD3","ambiguous","ambiguous","detected_multimodality","ambiguous",FALSE,"base_evidence_ambiguous"
"flowsom_consensus_k62_seed2026",36,"CD303_TCRvd2","ambiguous","ambiguous","ambiguous","ambiguous",TRUE,"base_evidence_ambiguous"
"flowsom_consensus_k62_seed2026",36,"CD38","ambiguous","no_detected_multimodality","ambiguous","ambiguous",FALSE,"base_evidence_ambiguous"
"flowsom_consensus_k62_seed2026",36,"CD45RA","detected_multimodality","detected_multimodality","detected_multimodality","detected_multimodality",TRUE,"stable_across_1000_2000_5000_events"
"flowsom_consensus_k62_seed2026",36,"HLA-DR","ambiguous","ambiguous","no_detected_multimodality","ambiguous",FALSE,"base_evidence_ambiguous"
"flowsom_consensus_k62_seed2026",36,"Tbet","detected_multimodality","detected_multimodality","detected_multimodality","detected_multimodality",TRUE,"stable_across_1000_2000_5000_events"
"flowsom_consensus_k62_seed2026",37,"CD127","ambiguous","no_detected_multimodality","ambiguous","ambiguous",FALSE,"base_evidence_ambiguous"
"flowsom_consensus_k62_seed2026",37,"CD161","detected_multimodality","detected_multimodality","detected_multimodality","detected_multimodality",TRUE,"stable_across_1000_2000_5000_events"
"flowsom_consensus_k62_seed2026",37,"CD27","ambiguous","ambiguous","detected_multimodality","ambiguous",FALSE,"base_evidence_ambiguous"
"flowsom_consensus_k62_seed2026",37,"CD38","ambiguous","ambiguous","detected_multimodality","ambiguous",FALSE,"base_evidence_ambiguous"
"flowsom_consensus_k62_seed2026",37,"CD4","detected_multimodality","ambiguous","detected_multimodality","ambiguous",FALSE,"sample_size_instability"
"flowsom_consensus_k62_seed2026",37,"CD45RA","ambiguous","no_detected_multimodality","ambiguous","ambiguous",FALSE,"base_evidence_ambiguous"
"flowsom_consensus_k62_seed2026",37,"CD56","ambiguous","ambiguous","detected_multimodality","ambiguous",FALSE,"base_evidence_ambiguous"
"flowsom_consensus_k62_seed2026",37,"CD7","ambiguous","ambiguous","ambiguous","ambiguous",TRUE,"base_evidence_ambiguous"
"flowsom_consensus_k62_seed2026",38,"CD11c","ambiguous","ambiguous","ambiguous","ambiguous",TRUE,"base_evidence_ambiguous"
"flowsom_consensus_k62_seed2026",38,"CD161","no_detected_multimodality","no_detected_multimodality","no_detected_multimodality","no_detected_multimodality",TRUE,"stable_across_1000_2000_5000_events"
"flowsom_consensus_k62_seed2026",38,"CD19","no_detected_multimodality","no_detected_multimodality","no_detected_multimodality","no_detected_multimodality",TRUE,"stable_across_1000_2000_5000_events"
"flowsom_consensus_k62_seed2026",38,"CD197_CCR7","no_detected_multimodality","no_detected_multimodality","no_detected_multimodality","no_detected_multimodality",TRUE,"stable_across_1000_2000_5000_events"
"flowsom_consensus_k62_seed2026",38,"CD1c","detected_multimodality","detected_multimodality","detected_multimodality","detected_multimodality",TRUE,"stable_across_1000_2000_5000_events"
"flowsom_consensus_k62_seed2026",38,"CD27","ambiguous","ambiguous","ambiguous","ambiguous",TRUE,"base_evidence_ambiguous"
"flowsom_consensus_k62_seed2026",38,"CD3","detected_multimodality","detected_multimodality","detected_multimodality","detected_multimodality",TRUE,"stable_across_1000_2000_5000_events"
"flowsom_consensus_k62_seed2026",38,"CD38","no_detected_multimodality","no_detected_multimodality","no_detected_multimodality","no_detected_multimodality",TRUE,"stable_across_1000_2000_5000_events"
"flowsom_consensus_k62_seed2026",38,"CD4","ambiguous","ambiguous","ambiguous","ambiguous",TRUE,"base_evidence_ambiguous"
"flowsom_consensus_k62_seed2026",38,"CD45RA","ambiguous","ambiguous","ambiguous","ambiguous",TRUE,"base_evidence_ambiguous"
"flowsom_consensus_k62_seed2026",38,"CD57","no_detected_multimodality","no_detected_multimodality","no_detected_multimodality","no_detected_multimodality",TRUE,"stable_across_1000_2000_5000_events"
"flowsom_consensus_k62_seed2026",38,"HLA-DR","detected_multimodality","detected_multimodality","detected_multimodality","detected_multimodality",TRUE,"stable_across_1000_2000_5000_events"
"flowsom_consensus_k62_seed2026",38,"Tbet","ambiguous","ambiguous","ambiguous","ambiguous",TRUE,"base_evidence_ambiguous"
"flowsom_consensus_k62_seed2026",38,"TCRgd_CD141","ambiguous","detected_multimodality","ambiguous","ambiguous",FALSE,"base_evidence_ambiguous"
"flowsom_consensus_k62_seed2026",39,"CD16","detected_multimodality","detected_multimodality","detected_multimodality","detected_multimodality",TRUE,"stable_across_1000_2000_5000_events"
"flowsom_consensus_k62_seed2026",39,"CD3","ambiguous","no_detected_multimodality","ambiguous","ambiguous",FALSE,"base_evidence_ambiguous"
"flowsom_consensus_k62_seed2026",39,"CD56","detected_multimodality","detected_multimodality","detected_multimodality","detected_multimodality",TRUE,"stable_across_1000_2000_5000_events"
"flowsom_consensus_k62_seed2026",39,"CD57","ambiguous","no_detected_multimodality","ambiguous","ambiguous",FALSE,"base_evidence_ambiguous"
"flowsom_consensus_k62_seed2026",40,"CD159c_NKG2C","no_detected_multimodality","no_detected_multimodality","no_detected_multimodality","no_detected_multimodality",TRUE,"stable_across_1000_2000_5000_events"
"flowsom_consensus_k62_seed2026",40,"CD161","detected_multimodality","detected_multimodality","detected_multimodality","detected_multimodality",TRUE,"stable_across_1000_2000_5000_events"
"flowsom_consensus_k62_seed2026",40,"CD294_CRTH2","ambiguous","ambiguous","detected_multimodality","ambiguous",FALSE,"base_evidence_ambiguous"
"flowsom_consensus_k62_seed2026",40,"CD7","ambiguous","ambiguous","detected_multimodality","ambiguous",FALSE,"base_evidence_ambiguous"
"flowsom_consensus_k62_seed2026",41,"CD11c","no_detected_multimodality","no_detected_multimodality","no_detected_multimodality","no_detected_multimodality",TRUE,"stable_across_1000_2000_5000_events"
"flowsom_consensus_k62_seed2026",41,"CD127","ambiguous","no_detected_multimodality","detected_multimodality","ambiguous",FALSE,"base_evidence_ambiguous"
"flowsom_consensus_k62_seed2026",41,"CD161","ambiguous","no_detected_multimodality","no_detected_multimodality","ambiguous",FALSE,"base_evidence_ambiguous"
"flowsom_consensus_k62_seed2026",41,"CD27","ambiguous","ambiguous","detected_multimodality","ambiguous",FALSE,"base_evidence_ambiguous"
"flowsom_consensus_k62_seed2026",41,"CD45RA","no_detected_multimodality","no_detected_multimodality","no_detected_multimodality","no_detected_multimodality",TRUE,"stable_across_1000_2000_5000_events"
"flowsom_consensus_k62_seed2026",41,"CD57","ambiguous","no_detected_multimodality","ambiguous","ambiguous",FALSE,"base_evidence_ambiguous"
"flowsom_consensus_k62_seed2026",41,"CD7","ambiguous","no_detected_multimodality","no_detected_multimodality","ambiguous",FALSE,"base_evidence_ambiguous"
"flowsom_consensus_k62_seed2026",41,"FoxP3","no_detected_multimodality","no_detected_multimodality","no_detected_multimodality","no_detected_multimodality",TRUE,"stable_across_1000_2000_5000_events"
"flowsom_consensus_k62_seed2026",41,"Tbet","ambiguous","ambiguous","detected_multimodality","ambiguous",FALSE,"base_evidence_ambiguous"
"flowsom_consensus_k62_seed2026",42,"CD11c","detected_multimodality","detected_multimodality","detected_multimodality","detected_multimodality",TRUE,"stable_across_1000_2000_5000_events"
"flowsom_consensus_k62_seed2026",42,"CD14","ambiguous","no_detected_multimodality","ambiguous","ambiguous",FALSE,"base_evidence_ambiguous"
"flowsom_consensus_k62_seed2026",42,"CD159c_NKG2C","ambiguous","no_detected_multimodality","no_detected_multimodality","ambiguous",FALSE,"base_evidence_ambiguous"
"flowsom_consensus_k62_seed2026",42,"CD1c","ambiguous","ambiguous","detected_multimodality","ambiguous",FALSE,"base_evidence_ambiguous"
"flowsom_consensus_k62_seed2026",42,"CD303_TCRvd2","detected_multimodality","ambiguous","detected_multimodality","ambiguous",FALSE,"sample_size_instability"
"flowsom_consensus_k62_seed2026",42,"CD45RA","ambiguous","no_detected_multimodality","ambiguous","ambiguous",FALSE,"base_evidence_ambiguous"
"flowsom_consensus_k62_seed2026",42,"CD7","ambiguous","no_detected_multimodality","no_detected_multimodality","ambiguous",FALSE,"base_evidence_ambiguous"
"flowsom_consensus_k62_seed2026",42,"HLA-DR","ambiguous","no_detected_multimodality","ambiguous","ambiguous",FALSE,"base_evidence_ambiguous"
"flowsom_consensus_k62_seed2026",42,"TCRgd_CD141","ambiguous","ambiguous","detected_multimodality","ambiguous",FALSE,"base_evidence_ambiguous"
"flowsom_consensus_k62_seed2026",43,"CD14","ambiguous","no_detected_multimodality","ambiguous","ambiguous",FALSE,"base_evidence_ambiguous"
"flowsom_consensus_k62_seed2026",43,"CD159c_NKG2C","ambiguous","ambiguous","ambiguous","ambiguous",TRUE,"base_evidence_ambiguous"
"flowsom_consensus_k62_seed2026",43,"CD19","ambiguous","no_detected_multimodality","ambiguous","ambiguous",FALSE,"base_evidence_ambiguous"
"flowsom_consensus_k62_seed2026",43,"CD21","ambiguous","no_detected_multimodality","ambiguous","ambiguous",FALSE,"base_evidence_ambiguous"
"flowsom_consensus_k62_seed2026",43,"CD27","detected_multimodality","detected_multimodality","detected_multimodality","detected_multimodality",TRUE,"stable_across_1000_2000_5000_events"
"flowsom_consensus_k62_seed2026",43,"CD3","detected_multimodality","detected_multimodality","detected_multimodality","detected_multimodality",TRUE,"stable_across_1000_2000_5000_events"
"flowsom_consensus_k62_seed2026",43,"CD303_TCRvd2","ambiguous","ambiguous","detected_multimodality","ambiguous",FALSE,"base_evidence_ambiguous"
"flowsom_consensus_k62_seed2026",43,"CD45RA","detected_multimodality","ambiguous","detected_multimodality","ambiguous",FALSE,"sample_size_instability"
"flowsom_consensus_k62_seed2026",43,"CD57","ambiguous","ambiguous","detected_multimodality","ambiguous",FALSE,"base_evidence_ambiguous"
"flowsom_consensus_k62_seed2026",43,"FoxP3","no_detected_multimodality","no_detected_multimodality","no_detected_multimodality","no_detected_multimodality",TRUE,"stable_across_1000_2000_5000_events"
"flowsom_consensus_k62_seed2026",43,"HLA-DR","ambiguous","no_detected_multimodality","ambiguous","ambiguous",FALSE,"base_evidence_ambiguous"
"flowsom_consensus_k62_seed2026",43,"Tbet","ambiguous","no_detected_multimodality","ambiguous","ambiguous",FALSE,"base_evidence_ambiguous"
"flowsom_consensus_k62_seed2026",43,"TCRgd_CD141","no_detected_multimodality","no_detected_multimodality","no_detected_multimodality","no_detected_multimodality",TRUE,"stable_across_1000_2000_5000_events"
"flowsom_consensus_k62_seed2026",44,"CD11c","ambiguous","ambiguous","ambiguous","ambiguous",TRUE,"base_evidence_ambiguous"
"flowsom_consensus_k62_seed2026",44,"CD127","no_detected_multimodality","no_detected_multimodality","no_detected_multimodality","no_detected_multimodality",TRUE,"stable_across_1000_2000_5000_events"
"flowsom_consensus_k62_seed2026",44,"CD303_TCRvd2","detected_multimodality","ambiguous","detected_multimodality","ambiguous",FALSE,"sample_size_instability"
"flowsom_consensus_k62_seed2026",44,"CD56","ambiguous","ambiguous","ambiguous","ambiguous",TRUE,"base_evidence_ambiguous"
"flowsom_consensus_k62_seed2026",45,"CD11c","no_detected_multimodality","no_detected_multimodality","no_detected_multimodality","no_detected_multimodality",TRUE,"stable_across_1000_2000_5000_events"
"flowsom_consensus_k62_seed2026",45,"CD127","ambiguous","ambiguous","ambiguous","ambiguous",TRUE,"base_evidence_ambiguous"
"flowsom_consensus_k62_seed2026",45,"CD197_CCR7","ambiguous","ambiguous","detected_multimodality","ambiguous",FALSE,"base_evidence_ambiguous"
"flowsom_consensus_k62_seed2026",45,"CD27","detected_multimodality","detected_multimodality","detected_multimodality","detected_multimodality",TRUE,"stable_across_1000_2000_5000_events"
"flowsom_consensus_k62_seed2026",45,"CD45RA","ambiguous","ambiguous","ambiguous","ambiguous",TRUE,"base_evidence_ambiguous"
"flowsom_consensus_k62_seed2026",45,"CD7","detected_multimodality","ambiguous","detected_multimodality","ambiguous",FALSE,"sample_size_instability"
"flowsom_consensus_k62_seed2026",45,"FoxP3","no_detected_multimodality","no_detected_multimodality","no_detected_multimodality","no_detected_multimodality",TRUE,"stable_across_1000_2000_5000_events"
"flowsom_consensus_k62_seed2026",45,"HLA-DR","no_detected_multimodality","no_detected_multimodality","no_detected_multimodality","no_detected_multimodality",TRUE,"stable_across_1000_2000_5000_events"
"flowsom_consensus_k62_seed2026",46,"CD11c","detected_multimodality","detected_multimodality","detected_multimodality","detected_multimodality",TRUE,"stable_across_1000_2000_5000_events"
"flowsom_consensus_k62_seed2026",46,"CD127","no_detected_multimodality","no_detected_multimodality","no_detected_multimodality","no_detected_multimodality",TRUE,"stable_across_1000_2000_5000_events"
"flowsom_consensus_k62_seed2026",46,"CD1c","detected_multimodality","detected_multimodality","detected_multimodality","detected_multimodality",TRUE,"stable_across_1000_2000_5000_events"
"flowsom_consensus_k62_seed2026",46,"CD3","no_detected_multimodality","no_detected_multimodality","no_detected_multimodality","no_detected_multimodality",TRUE,"stable_across_1000_2000_5000_events"
"flowsom_consensus_k62_seed2026",46,"CD57","no_detected_multimodality","no_detected_multimodality","ambiguous","ambiguous",FALSE,"sample_size_instability"
"flowsom_consensus_k62_seed2026",46,"FoxP3","ambiguous","no_detected_multimodality","no_detected_multimodality","ambiguous",FALSE,"base_evidence_ambiguous"
"flowsom_consensus_k62_seed2026",46,"HLA-DR","detected_multimodality","detected_multimodality","detected_multimodality","detected_multimodality",TRUE,"stable_across_1000_2000_5000_events"
"flowsom_consensus_k62_seed2026",46,"TCRgd_CD141","detected_multimodality","detected_multimodality","detected_multimodality","detected_multimodality",TRUE,"stable_across_1000_2000_5000_events"
"flowsom_consensus_k62_seed2026",47,"CD27","no_detected_multimodality","no_detected_multimodality","no_detected_multimodality","no_detected_multimodality",TRUE,"stable_across_1000_2000_5000_events"
"flowsom_consensus_k62_seed2026",47,"CD303_TCRvd2","no_detected_multimodality","no_detected_multimodality","no_detected_multimodality","no_detected_multimodality",TRUE,"stable_across_1000_2000_5000_events"
"flowsom_consensus_k62_seed2026",48,"CD161","ambiguous","ambiguous","detected_multimodality","ambiguous",FALSE,"base_evidence_ambiguous"
"flowsom_consensus_k62_seed2026",48,"CD185_CXCR5","ambiguous","no_detected_multimodality","ambiguous","ambiguous",FALSE,"base_evidence_ambiguous"
"flowsom_consensus_k62_seed2026",48,"CD197_CCR7","ambiguous","no_detected_multimodality","detected_multimodality","ambiguous",FALSE,"base_evidence_ambiguous"
"flowsom_consensus_k62_seed2026",48,"CD45RA","no_detected_multimodality","no_detected_multimodality","no_detected_multimodality","no_detected_multimodality",TRUE,"stable_across_1000_2000_5000_events"
"flowsom_consensus_k62_seed2026",48,"CD7","detected_multimodality","detected_multimodality","detected_multimodality","detected_multimodality",TRUE,"stable_across_1000_2000_5000_events"
"flowsom_consensus_k62_seed2026",48,"FoxP3","detected_multimodality","detected_multimodality","detected_multimodality","detected_multimodality",TRUE,"stable_across_1000_2000_5000_events"
"flowsom_consensus_k62_seed2026",49,"CD159c_NKG2C","ambiguous","no_detected_multimodality","ambiguous","ambiguous",FALSE,"base_evidence_ambiguous"
"flowsom_consensus_k62_seed2026",49,"CD16","ambiguous","ambiguous","ambiguous","ambiguous",TRUE,"base_evidence_ambiguous"
"flowsom_consensus_k62_seed2026",49,"CD57","ambiguous","ambiguous","detected_multimodality","ambiguous",FALSE,"base_evidence_ambiguous"
"flowsom_consensus_k62_seed2026",50,"CD185_CXCR5","no_detected_multimodality","no_detected_multimodality","no_detected_multimodality","no_detected_multimodality",TRUE,"stable_across_1000_2000_5000_events"
"flowsom_consensus_k62_seed2026",51,"CD11c","ambiguous","ambiguous","detected_multimodality","ambiguous",FALSE,"base_evidence_ambiguous"
"flowsom_consensus_k62_seed2026",51,"CD161","no_detected_multimodality","no_detected_multimodality","no_detected_multimodality","no_detected_multimodality",TRUE,"stable_across_1000_2000_5000_events"
"flowsom_consensus_k62_seed2026",51,"CD1c","detected_multimodality","detected_multimodality","detected_multimodality","detected_multimodality",TRUE,"stable_across_1000_2000_5000_events"
"flowsom_consensus_k62_seed2026",51,"CD303_TCRvd2","no_detected_multimodality","no_detected_multimodality","no_detected_multimodality","no_detected_multimodality",TRUE,"stable_across_1000_2000_5000_events"
"flowsom_consensus_k62_seed2026",51,"CD45RA","ambiguous","ambiguous","detected_multimodality","ambiguous",FALSE,"base_evidence_ambiguous"
"flowsom_consensus_k62_seed2026",51,"CD56","ambiguous","ambiguous","detected_multimodality","ambiguous",FALSE,"base_evidence_ambiguous"
"flowsom_consensus_k62_seed2026",51,"CD7","no_detected_multimodality","no_detected_multimodality","ambiguous","ambiguous",FALSE,"sample_size_instability"
"flowsom_consensus_k62_seed2026",51,"FoxP3","ambiguous","no_detected_multimodality","ambiguous","ambiguous",FALSE,"base_evidence_ambiguous"
"flowsom_consensus_k62_seed2026",51,"HLA-DR","ambiguous","ambiguous","detected_multimodality","ambiguous",FALSE,"base_evidence_ambiguous"
"flowsom_consensus_k62_seed2026",51,"TCRgd_CD141","detected_multimodality","detected_multimodality","detected_multimodality","detected_multimodality",TRUE,"stable_across_1000_2000_5000_events"
"flowsom_consensus_k62_seed2026",52,"CD197_CCR7","no_detected_multimodality","no_detected_multimodality","no_detected_multimodality","no_detected_multimodality",TRUE,"stable_across_1000_2000_5000_events"
"flowsom_consensus_k62_seed2026",52,"CD57","detected_multimodality","detected_multimodality","detected_multimodality","detected_multimodality",TRUE,"stable_across_1000_2000_5000_events"
"flowsom_consensus_k62_seed2026",53,"CD127","ambiguous","no_detected_multimodality","ambiguous","ambiguous",FALSE,"base_evidence_ambiguous"
"flowsom_consensus_k62_seed2026",53,"CD14","ambiguous","no_detected_multimodality","ambiguous","ambiguous",FALSE,"base_evidence_ambiguous"
"flowsom_consensus_k62_seed2026",53,"CD159c_NKG2C","no_detected_multimodality","no_detected_multimodality","no_detected_multimodality","no_detected_multimodality",TRUE,"stable_across_1000_2000_5000_events"
"flowsom_consensus_k62_seed2026",53,"CD25","ambiguous","ambiguous","detected_multimodality","ambiguous",FALSE,"base_evidence_ambiguous"
"flowsom_consensus_k62_seed2026",53,"CD303_TCRvd2","no_detected_multimodality","no_detected_multimodality","no_detected_multimodality","no_detected_multimodality",TRUE,"stable_across_1000_2000_5000_events"
"flowsom_consensus_k62_seed2026",53,"CD38","ambiguous","no_detected_multimodality","ambiguous","ambiguous",FALSE,"base_evidence_ambiguous"
"flowsom_consensus_k62_seed2026",53,"CD4","no_detected_multimodality","no_detected_multimodality","no_detected_multimodality","no_detected_multimodality",TRUE,"stable_across_1000_2000_5000_events"
"flowsom_consensus_k62_seed2026",54,"CD11c","ambiguous","ambiguous","ambiguous","ambiguous",TRUE,"base_evidence_ambiguous"
"flowsom_consensus_k62_seed2026",54,"CD127","detected_multimodality","detected_multimodality","detected_multimodality","detected_multimodality",TRUE,"stable_across_1000_2000_5000_events"
"flowsom_consensus_k62_seed2026",54,"CD159c_NKG2C","detected_multimodality","detected_multimodality","detected_multimodality","detected_multimodality",TRUE,"stable_across_1000_2000_5000_events"
"flowsom_consensus_k62_seed2026",54,"CD16","ambiguous","no_detected_multimodality","no_detected_multimodality","ambiguous",FALSE,"base_evidence_ambiguous"
"flowsom_consensus_k62_seed2026",54,"CD161","detected_multimodality","detected_multimodality","detected_multimodality","detected_multimodality",TRUE,"stable_across_1000_2000_5000_events"
"flowsom_consensus_k62_seed2026",54,"CD19","ambiguous","ambiguous","ambiguous","ambiguous",TRUE,"base_evidence_ambiguous"
"flowsom_consensus_k62_seed2026",54,"CD27","detected_multimodality","detected_multimodality","detected_multimodality","detected_multimodality",TRUE,"stable_across_1000_2000_5000_events"
"flowsom_consensus_k62_seed2026",54,"CD294_CRTH2","detected_multimodality","detected_multimodality","detected_multimodality","detected_multimodality",TRUE,"stable_across_1000_2000_5000_events"
"flowsom_consensus_k62_seed2026",54,"CD3","ambiguous","ambiguous","detected_multimodality","ambiguous",FALSE,"base_evidence_ambiguous"
"flowsom_consensus_k62_seed2026",54,"CD45RA","detected_multimodality","detected_multimodality","detected_multimodality","detected_multimodality",TRUE,"stable_across_1000_2000_5000_events"
"flowsom_consensus_k62_seed2026",54,"CD56","ambiguous","no_detected_multimodality","ambiguous","ambiguous",FALSE,"base_evidence_ambiguous"
"flowsom_consensus_k62_seed2026",54,"HLA-DR","ambiguous","no_detected_multimodality","ambiguous","ambiguous",FALSE,"base_evidence_ambiguous"
"flowsom_consensus_k62_seed2026",56,"CD11c","no_detected_multimodality","no_detected_multimodality","no_detected_multimodality","no_detected_multimodality",TRUE,"stable_across_1000_2000_5000_events"
"flowsom_consensus_k62_seed2026",56,"CD14","detected_multimodality","ambiguous","detected_multimodality","ambiguous",FALSE,"sample_size_instability"
"flowsom_consensus_k62_seed2026",56,"CD197_CCR7","ambiguous","ambiguous","ambiguous","ambiguous",TRUE,"base_evidence_ambiguous"
"flowsom_consensus_k62_seed2026",56,"CD27","ambiguous","ambiguous","ambiguous","ambiguous",TRUE,"base_evidence_ambiguous"
"flowsom_consensus_k62_seed2026",56,"CD3","detected_multimodality","detected_multimodality","detected_multimodality","detected_multimodality",TRUE,"stable_across_1000_2000_5000_events"
"flowsom_consensus_k62_seed2026",56,"CD7","detected_multimodality","detected_multimodality","detected_multimodality","detected_multimodality",TRUE,"stable_across_1000_2000_5000_events"
"flowsom_consensus_k62_seed2026",57,"CD197_CCR7","ambiguous","no_detected_multimodality","no_detected_multimodality","ambiguous",FALSE,"base_evidence_ambiguous"
"flowsom_consensus_k62_seed2026",57,"CD21","detected_multimodality","ambiguous","detected_multimodality","ambiguous",FALSE,"sample_size_instability"
"flowsom_consensus_k62_seed2026",57,"CD3","no_detected_multimodality","no_detected_multimodality","no_detected_multimodality","no_detected_multimodality",TRUE,"stable_across_1000_2000_5000_events"
"flowsom_consensus_k62_seed2026",58,"CD11c","detected_multimodality","detected_multimodality","detected_multimodality","detected_multimodality",TRUE,"stable_across_1000_2000_5000_events"
"flowsom_consensus_k62_seed2026",58,"CD14","ambiguous","no_detected_multimodality","ambiguous","ambiguous",FALSE,"base_evidence_ambiguous"
"flowsom_consensus_k62_seed2026",58,"CD1c","detected_multimodality","detected_multimodality","detected_multimodality","detected_multimodality",TRUE,"stable_across_1000_2000_5000_events"
"flowsom_consensus_k62_seed2026",58,"CD21","ambiguous","no_detected_multimodality","ambiguous","ambiguous",FALSE,"base_evidence_ambiguous"
"flowsom_consensus_k62_seed2026",58,"CD3","detected_multimodality","detected_multimodality","detected_multimodality","detected_multimodality",TRUE,"stable_across_1000_2000_5000_events"
"flowsom_consensus_k62_seed2026",58,"CD56","no_detected_multimodality","no_detected_multimodality","no_detected_multimodality","no_detected_multimodality",TRUE,"stable_across_1000_2000_5000_events"
"flowsom_consensus_k62_seed2026",58,"CD8","no_detected_multimodality","no_detected_multimodality","no_detected_multimodality","no_detected_multimodality",TRUE,"stable_across_1000_2000_5000_events"
"flowsom_consensus_k62_seed2026",58,"FoxP3","ambiguous","no_detected_multimodality","no_detected_multimodality","ambiguous",FALSE,"base_evidence_ambiguous"
"flowsom_consensus_k62_seed2026",58,"HLA-DR","detected_multimodality","detected_multimodality","detected_multimodality","detected_multimodality",TRUE,"stable_across_1000_2000_5000_events"
"flowsom_consensus_k62_seed2026",58,"TCRgd_CD141","ambiguous","no_detected_multimodality","ambiguous","ambiguous",FALSE,"base_evidence_ambiguous"
"flowsom_consensus_k62_seed2026",60,"CD11c","ambiguous","ambiguous","detected_multimodality","ambiguous",FALSE,"base_evidence_ambiguous"
"flowsom_consensus_k62_seed2026",60,"CD14","no_detected_multimodality","no_detected_multimodality","ambiguous","ambiguous",FALSE,"sample_size_instability"
"flowsom_consensus_k62_seed2026",60,"CD185_CXCR5","detected_multimodality","ambiguous","detected_multimodality","ambiguous",FALSE,"sample_size_instability"
"flowsom_consensus_k62_seed2026",60,"CD19","ambiguous","no_detected_multimodality","ambiguous","ambiguous",FALSE,"base_evidence_ambiguous"
"flowsom_consensus_k62_seed2026",60,"CD21","detected_multimodality","detected_multimodality","detected_multimodality","detected_multimodality",TRUE,"stable_across_1000_2000_5000_events"
"flowsom_consensus_k62_seed2026",60,"CD27","no_detected_multimodality","no_detected_multimodality","no_detected_multimodality","no_detected_multimodality",TRUE,"stable_across_1000_2000_5000_events"
"flowsom_consensus_k62_seed2026",60,"CD294_CRTH2","no_detected_multimodality","no_detected_multimodality","no_detected_multimodality","no_detected_multimodality",TRUE,"stable_across_1000_2000_5000_events"
"flowsom_consensus_k62_seed2026",60,"CD38","ambiguous","no_detected_multimodality","ambiguous","ambiguous",FALSE,"base_evidence_ambiguous"
"flowsom_consensus_k62_seed2026",60,"Tbet","no_detected_multimodality","no_detected_multimodality","no_detected_multimodality","no_detected_multimodality",TRUE,"stable_across_1000_2000_5000_events"
"flowsom_consensus_k62_seed2026",61,"CD11c","detected_multimodality","detected_multimodality","detected_multimodality","detected_multimodality",TRUE,"stable_across_1000_2000_5000_events"
"flowsom_consensus_k62_seed2026",61,"CD127","no_detected_multimodality","no_detected_multimodality","no_detected_multimodality","no_detected_multimodality",TRUE,"stable_across_1000_2000_5000_events"
"flowsom_consensus_k62_seed2026",61,"CD14","ambiguous","no_detected_multimodality","ambiguous","ambiguous",FALSE,"base_evidence_ambiguous"
"flowsom_consensus_k62_seed2026",61,"CD159c_NKG2C","ambiguous","ambiguous","detected_multimodality","ambiguous",FALSE,"base_evidence_ambiguous"
"flowsom_consensus_k62_seed2026",61,"CD16","detected_multimodality","detected_multimodality","detected_multimodality","detected_multimodality",TRUE,"stable_across_1000_2000_5000_events"
"flowsom_consensus_k62_seed2026",61,"CD161","ambiguous","no_detected_multimodality","ambiguous","ambiguous",FALSE,"base_evidence_ambiguous"
"flowsom_consensus_k62_seed2026",61,"CD185_CXCR5","no_detected_multimodality","no_detected_multimodality","ambiguous","ambiguous",FALSE,"sample_size_instability"
"flowsom_consensus_k62_seed2026",61,"CD197_CCR7","ambiguous","no_detected_multimodality","detected_multimodality","ambiguous",FALSE,"base_evidence_ambiguous"
"flowsom_consensus_k62_seed2026",61,"CD21","ambiguous","no_detected_multimodality","ambiguous","ambiguous",FALSE,"base_evidence_ambiguous"
"flowsom_consensus_k62_seed2026",61,"CD25","ambiguous","ambiguous","ambiguous","ambiguous",TRUE,"base_evidence_ambiguous"
"flowsom_consensus_k62_seed2026",61,"CD27","detected_multimodality","detected_multimodality","detected_multimodality","detected_multimodality",TRUE,"stable_across_1000_2000_5000_events"
"flowsom_consensus_k62_seed2026",61,"CD3","ambiguous","ambiguous","detected_multimodality","ambiguous",FALSE,"base_evidence_ambiguous"
"flowsom_consensus_k62_seed2026",61,"CD303_TCRvd2","ambiguous","no_detected_multimodality","ambiguous","ambiguous",FALSE,"base_evidence_ambiguous"
"flowsom_consensus_k62_seed2026",61,"CD38","ambiguous","ambiguous","detected_multimodality","ambiguous",FALSE,"base_evidence_ambiguous"
"flowsom_consensus_k62_seed2026",61,"CD4","ambiguous","ambiguous","detected_multimodality","ambiguous",FALSE,"base_evidence_ambiguous"
"flowsom_consensus_k62_seed2026",61,"CD45RA","detected_multimodality","detected_multimodality","detected_multimodality","detected_multimodality",TRUE,"stable_across_1000_2000_5000_events"
"flowsom_consensus_k62_seed2026",61,"CD57","ambiguous","no_detected_multimodality","no_detected_multimodality","ambiguous",FALSE,"base_evidence_ambiguous"
"flowsom_consensus_k62_seed2026",61,"CD7","detected_multimodality","ambiguous","detected_multimodality","ambiguous",FALSE,"sample_size_instability"
"flowsom_consensus_k62_seed2026",61,"HLA-DR","ambiguous","ambiguous","ambiguous","ambiguous",TRUE,"base_evidence_ambiguous"
"flowsom_consensus_k62_seed2026",61,"Tbet","detected_multimodality","detected_multimodality","detected_multimodality","detected_multimodality",TRUE,"stable_across_1000_2000_5000_events"
"flowsom_consensus_k62_seed2026",61,"TCRgd_CD141","ambiguous","ambiguous","ambiguous","ambiguous",TRUE,"base_evidence_ambiguous"
"flowsom_consensus_k62_seed2026",62,"CD14","detected_multimodality","detected_multimodality","detected_multimodality","detected_multimodality",TRUE,"stable_across_1000_2000_5000_events"
"flowsom_consensus_k62_seed2026",62,"CD159c_NKG2C","detected_multimodality","detected_multimodality","detected_multimodality","detected_multimodality",TRUE,"stable_across_1000_2000_5000_events"
"flowsom_consensus_k62_seed2026",62,"CD185_CXCR5","detected_multimodality","detected_multimodality","detected_multimodality","detected_multimodality",TRUE,"stable_across_1000_2000_5000_events"
"flowsom_consensus_k62_seed2026",62,"CD19","ambiguous","no_detected_multimodality","ambiguous","ambiguous",FALSE,"base_evidence_ambiguous"
"flowsom_consensus_k62_seed2026",62,"CD27","detected_multimodality","detected_multimodality","detected_multimodality","detected_multimodality",TRUE,"stable_across_1000_2000_5000_events"
"flowsom_consensus_k62_seed2026",62,"CD294_CRTH2","detected_multimodality","ambiguous","detected_multimodality","ambiguous",FALSE,"sample_size_instability"
"flowsom_consensus_k62_seed2026",62,"CD3","no_detected_multimodality","no_detected_multimodality","ambiguous","ambiguous",FALSE,"sample_size_instability"
"flowsom_consensus_k62_seed2026",62,"CD38","detected_multimodality","detected_multimodality","detected_multimodality","detected_multimodality",TRUE,"stable_across_1000_2000_5000_events"
"flowsom_consensus_k62_seed2026",62,"CD4","ambiguous","ambiguous","detected_multimodality","ambiguous",FALSE,"base_evidence_ambiguous"
"flowsom_consensus_k62_seed2026",62,"CD45RA","ambiguous","ambiguous","detected_multimodality","ambiguous",FALSE,"base_evidence_ambiguous"
"flowsom_consensus_k62_seed2026",62,"CD56","ambiguous","ambiguous","no_detected_multimodality","ambiguous",FALSE,"base_evidence_ambiguous"
"flowsom_consensus_k62_seed2026",62,"CD7","no_detected_multimodality","no_detected_multimodality","ambiguous","ambiguous",FALSE,"sample_size_instability"
"flowsom_consensus_k62_seed2026",62,"HLA-DR","ambiguous","no_detected_multimodality","detected_multimodality","ambiguous",FALSE,"base_evidence_ambiguous"
"flowsom_consensus_k62_seed42",1,"CD11c","detected_multimodality","detected_multimodality","detected_multimodality","detected_multimodality",TRUE,"stable_across_1000_2000_5000_events"
"flowsom_consensus_k62_seed42",1,"CD127","no_detected_multimodality","no_detected_multimodality","no_detected_multimodality","no_detected_multimodality",TRUE,"stable_across_1000_2000_5000_events"
"flowsom_consensus_k62_seed42",1,"CD161","detected_multimodality","detected_multimodality","detected_multimodality","detected_multimodality",TRUE,"stable_across_1000_2000_5000_events"
"flowsom_consensus_k62_seed42",2,"CD16","no_detected_multimodality","no_detected_multimodality","no_detected_multimodality","no_detected_multimodality",TRUE,"stable_across_1000_2000_5000_events"
"flowsom_consensus_k62_seed42",2,"CD1c","no_detected_multimodality","no_detected_multimodality","no_detected_multimodality","no_detected_multimodality",TRUE,"stable_across_1000_2000_5000_events"
"flowsom_consensus_k62_seed42",2,"CD21","no_detected_multimodality","no_detected_multimodality","no_detected_multimodality","no_detected_multimodality",TRUE,"stable_across_1000_2000_5000_events"
"flowsom_consensus_k62_seed42",2,"CD303_TCRvd2","no_detected_multimodality","no_detected_multimodality","no_detected_multimodality","no_detected_multimodality",TRUE,"stable_across_1000_2000_5000_events"
"flowsom_consensus_k62_seed42",3,"CD11c","ambiguous","ambiguous","ambiguous","ambiguous",TRUE,"base_evidence_ambiguous"
"flowsom_consensus_k62_seed42",3,"CD159c_NKG2C","detected_multimodality","detected_multimodality","detected_multimodality","detected_multimodality",TRUE,"stable_across_1000_2000_5000_events"
"flowsom_consensus_k62_seed42",3,"CD3","no_detected_multimodality","no_detected_multimodality","no_detected_multimodality","no_detected_multimodality",TRUE,"stable_across_1000_2000_5000_events"
"flowsom_consensus_k62_seed42",3,"CD38","no_detected_multimodality","no_detected_multimodality","ambiguous","ambiguous",FALSE,"sample_size_instability"
"flowsom_consensus_k62_seed42",3,"CD57","detected_multimodality","detected_multimodality","detected_multimodality","detected_multimodality",TRUE,"stable_across_1000_2000_5000_events"
"flowsom_consensus_k62_seed42",4,"CD11c","ambiguous","no_detected_multimodality","ambiguous","ambiguous",FALSE,"base_evidence_ambiguous"
"flowsom_consensus_k62_seed42",4,"CD14","no_detected_multimodality","no_detected_multimodality","no_detected_multimodality","no_detected_multimodality",TRUE,"stable_across_1000_2000_5000_events"
"flowsom_consensus_k62_seed42",4,"CD159c_NKG2C","no_detected_multimodality","no_detected_multimodality","ambiguous","ambiguous",FALSE,"sample_size_instability"
"flowsom_consensus_k62_seed42",4,"CD3","detected_multimodality","detected_multimodality","detected_multimodality","detected_multimodality",TRUE,"stable_across_1000_2000_5000_events"
"flowsom_consensus_k62_seed42",4,"CD4","no_detected_multimodality","no_detected_multimodality","no_detected_multimodality","no_detected_multimodality",TRUE,"stable_across_1000_2000_5000_events"
"flowsom_consensus_k62_seed42",4,"CD56","no_detected_multimodality","no_detected_multimodality","no_detected_multimodality","no_detected_multimodality",TRUE,"stable_across_1000_2000_5000_events"
"flowsom_consensus_k62_seed42",4,"CD57","detected_multimodality","detected_multimodality","detected_multimodality","detected_multimodality",TRUE,"stable_across_1000_2000_5000_events"
"flowsom_consensus_k62_seed42",4,"CD8","no_detected_multimodality","no_detected_multimodality","no_detected_multimodality","no_detected_multimodality",TRUE,"stable_across_1000_2000_5000_events"
"flowsom_consensus_k62_seed42",5,"CD11c","detected_multimodality","detected_multimodality","detected_multimodality","detected_multimodality",TRUE,"stable_across_1000_2000_5000_events"
"flowsom_consensus_k62_seed42",5,"CD294_CRTH2","no_detected_multimodality","no_detected_multimodality","no_detected_multimodality","no_detected_multimodality",TRUE,"stable_across_1000_2000_5000_events"
"flowsom_consensus_k62_seed42",5,"CD3","detected_multimodality","detected_multimodality","detected_multimodality","detected_multimodality",TRUE,"stable_across_1000_2000_5000_events"
"flowsom_consensus_k62_seed42",5,"CD57","detected_multimodality","detected_multimodality","detected_multimodality","detected_multimodality",TRUE,"stable_across_1000_2000_5000_events"
"flowsom_consensus_k62_seed42",5,"HLA-DR","no_detected_multimodality","no_detected_multimodality","no_detected_multimodality","no_detected_multimodality",TRUE,"stable_across_1000_2000_5000_events"
"flowsom_consensus_k62_seed42",6,"CD11c","detected_multimodality","ambiguous","detected_multimodality","ambiguous",FALSE,"sample_size_instability"
"flowsom_consensus_k62_seed42",6,"CD161","detected_multimodality","ambiguous","detected_multimodality","ambiguous",FALSE,"sample_size_instability"
"flowsom_consensus_k62_seed42",6,"CD197_CCR7","ambiguous","no_detected_multimodality","no_detected_multimodality","ambiguous",FALSE,"base_evidence_ambiguous"
"flowsom_consensus_k62_seed42",6,"CD3","ambiguous","no_detected_multimodality","ambiguous","ambiguous",FALSE,"base_evidence_ambiguous"
"flowsom_consensus_k62_seed42",6,"CD57","ambiguous","ambiguous","detected_multimodality","ambiguous",FALSE,"base_evidence_ambiguous"
"flowsom_consensus_k62_seed42",7,"CD11c","ambiguous","ambiguous","ambiguous","ambiguous",TRUE,"base_evidence_ambiguous"
"flowsom_consensus_k62_seed42",7,"CD159c_NKG2C","ambiguous","ambiguous","detected_multimodality","ambiguous",FALSE,"base_evidence_ambiguous"
"flowsom_consensus_k62_seed42",7,"CD38","no_detected_multimodality","no_detected_multimodality","no_detected_multimodality","no_detected_multimodality",TRUE,"stable_across_1000_2000_5000_events"
"flowsom_consensus_k62_seed42",7,"CD57","detected_multimodality","detected_multimodality","detected_multimodality","detected_multimodality",TRUE,"stable_across_1000_2000_5000_events"
"flowsom_consensus_k62_seed42",8,"CD14","no_detected_multimodality","no_detected_multimodality","ambiguous","ambiguous",FALSE,"sample_size_instability"
"flowsom_consensus_k62_seed42",8,"CD159c_NKG2C","ambiguous","no_detected_multimodality","ambiguous","ambiguous",FALSE,"base_evidence_ambiguous"
"flowsom_consensus_k62_seed42",8,"CD185_CXCR5","no_detected_multimodality","no_detected_multimodality","no_detected_multimodality","no_detected_multimodality",TRUE,"stable_across_1000_2000_5000_events"
"flowsom_consensus_k62_seed42",8,"CD197_CCR7","no_detected_multimodality","no_detected_multimodality","no_detected_multimodality","no_detected_multimodality",TRUE,"stable_across_1000_2000_5000_events"
"flowsom_consensus_k62_seed42",8,"CD3","ambiguous","no_detected_multimodality","ambiguous","ambiguous",FALSE,"base_evidence_ambiguous"
"flowsom_consensus_k62_seed42",8,"CD56","no_detected_multimodality","no_detected_multimodality","no_detected_multimodality","no_detected_multimodality",TRUE,"stable_across_1000_2000_5000_events"
"flowsom_consensus_k62_seed42",8,"CD57","detected_multimodality","detected_multimodality","detected_multimodality","detected_multimodality",TRUE,"stable_across_1000_2000_5000_events"
"flowsom_consensus_k62_seed42",8,"CD7","no_detected_multimodality","no_detected_multimodality","no_detected_multimodality","no_detected_multimodality",TRUE,"stable_across_1000_2000_5000_events"
"flowsom_consensus_k62_seed42",9,"CD127","no_detected_multimodality","no_detected_multimodality","no_detected_multimodality","no_detected_multimodality",TRUE,"stable_across_1000_2000_5000_events"
"flowsom_consensus_k62_seed42",9,"CD159c_NKG2C","detected_multimodality","ambiguous","detected_multimodality","ambiguous",FALSE,"sample_size_instability"
"flowsom_consensus_k62_seed42",9,"CD21","ambiguous","no_detected_multimodality","no_detected_multimodality","ambiguous",FALSE,"base_evidence_ambiguous"
"flowsom_consensus_k62_seed42",9,"CD27","ambiguous","ambiguous","ambiguous","ambiguous",TRUE,"base_evidence_ambiguous"
"flowsom_consensus_k62_seed42",9,"CD3","no_detected_multimodality","no_detected_multimodality","no_detected_multimodality","no_detected_multimodality",TRUE,"stable_across_1000_2000_5000_events"
"flowsom_consensus_k62_seed42",9,"CD56","detected_multimodality","ambiguous","detected_multimodality","ambiguous",FALSE,"sample_size_instability"
"flowsom_consensus_k62_seed42",9,"CD57","ambiguous","ambiguous","detected_multimodality","ambiguous",FALSE,"base_evidence_ambiguous"
"flowsom_consensus_k62_seed42",10,"CD11c","ambiguous","no_detected_multimodality","no_detected_multimodality","ambiguous",FALSE,"base_evidence_ambiguous"
"flowsom_consensus_k62_seed42",10,"CD127","ambiguous","ambiguous","ambiguous","ambiguous",TRUE,"base_evidence_ambiguous"
"flowsom_consensus_k62_seed42",10,"CD161","no_detected_multimodality","no_detected_multimodality","no_detected_multimodality","no_detected_multimodality",TRUE,"stable_across_1000_2000_5000_events"
"flowsom_consensus_k62_seed42",10,"CD19","no_detected_multimodality","no_detected_multimodality","no_detected_multimodality","no_detected_multimodality",TRUE,"stable_across_1000_2000_5000_events"
"flowsom_consensus_k62_seed42",10,"CD197_CCR7","detected_multimodality","detected_multimodality","detected_multimodality","detected_multimodality",TRUE,"stable_across_1000_2000_5000_events"
"flowsom_consensus_k62_seed42",10,"CD27","detected_multimodality","detected_multimodality","detected_multimodality","detected_multimodality",TRUE,"stable_across_1000_2000_5000_events"
"flowsom_consensus_k62_seed42",10,"CD294_CRTH2","ambiguous","no_detected_multimodality","ambiguous","ambiguous",FALSE,"base_evidence_ambiguous"
"flowsom_consensus_k62_seed42",10,"CD45RA","detected_multimodality","detected_multimodality","detected_multimodality","detected_multimodality",TRUE,"stable_across_1000_2000_5000_events"
"flowsom_consensus_k62_seed42",10,"CD57","no_detected_multimodality","no_detected_multimodality","no_detected_multimodality","no_detected_multimodality",TRUE,"stable_across_1000_2000_5000_events"
"flowsom_consensus_k62_seed42",10,"Tbet","ambiguous","ambiguous","detected_multimodality","ambiguous",FALSE,"base_evidence_ambiguous"
"flowsom_consensus_k62_seed42",10,"TCRgd_CD141","no_detected_multimodality","no_detected_multimodality","no_detected_multimodality","no_detected_multimodality",TRUE,"stable_across_1000_2000_5000_events"
"flowsom_consensus_k62_seed42",11,"CD11c","ambiguous","no_detected_multimodality","ambiguous","ambiguous",FALSE,"base_evidence_ambiguous"
"flowsom_consensus_k62_seed42",11,"CD127","ambiguous","no_detected_multimodality","no_detected_multimodality","ambiguous",FALSE,"base_evidence_ambiguous"
"flowsom_consensus_k62_seed42",11,"CD159c_NKG2C","detected_multimodality","detected_multimodality","detected_multimodality","detected_multimodality",TRUE,"stable_across_1000_2000_5000_events"
"flowsom_consensus_k62_seed42",11,"CD16","detected_multimodality","no_detected_multimodality","detected_multimodality","ambiguous",FALSE,"sample_size_instability"
"flowsom_consensus_k62_seed42",11,"CD197_CCR7","no_detected_multimodality","no_detected_multimodality","no_detected_multimodality","no_detected_multimodality",TRUE,"stable_across_1000_2000_5000_events"
"flowsom_consensus_k62_seed42",11,"CD3","ambiguous","no_detected_multimodality","ambiguous","ambiguous",FALSE,"base_evidence_ambiguous"
"flowsom_consensus_k62_seed42",11,"Tbet","no_detected_multimodality","no_detected_multimodality","no_detected_multimodality","no_detected_multimodality",TRUE,"stable_across_1000_2000_5000_events"
"flowsom_consensus_k62_seed42",12,"CD11c","ambiguous","ambiguous","detected_multimodality","ambiguous",FALSE,"base_evidence_ambiguous"
"flowsom_consensus_k62_seed42",12,"CD161","ambiguous","ambiguous","ambiguous","ambiguous",TRUE,"base_evidence_ambiguous"
"flowsom_consensus_k62_seed42",12,"CD27","ambiguous","no_detected_multimodality","ambiguous","ambiguous",FALSE,"base_evidence_ambiguous"
"flowsom_consensus_k62_seed42",12,"CD3","detected_multimodality","detected_multimodality","detected_multimodality","detected_multimodality",TRUE,"stable_across_1000_2000_5000_events"
"flowsom_consensus_k62_seed42",12,"CD56","detected_multimodality","ambiguous","detected_multimodality","ambiguous",FALSE,"sample_size_instability"
"flowsom_consensus_k62_seed42",12,"TCRgd_CD141","no_detected_multimodality","no_detected_multimodality","no_detected_multimodality","no_detected_multimodality",TRUE,"stable_across_1000_2000_5000_events"
"flowsom_consensus_k62_seed42",13,"CD25","no_detected_multimodality","no_detected_multimodality","no_detected_multimodality","no_detected_multimodality",TRUE,"stable_across_1000_2000_5000_events"
"flowsom_consensus_k62_seed42",13,"CD57","detected_multimodality","detected_multimodality","detected_multimodality","detected_multimodality",TRUE,"stable_across_1000_2000_5000_events"
"flowsom_consensus_k62_seed42",13,"CD8","no_detected_multimodality","no_detected_multimodality","no_detected_multimodality","no_detected_multimodality",TRUE,"stable_across_1000_2000_5000_events"
"flowsom_consensus_k62_seed42",14,"CD161","ambiguous","ambiguous","detected_multimodality","ambiguous",FALSE,"base_evidence_ambiguous"
"flowsom_consensus_k62_seed42",14,"CD19","no_detected_multimodality","no_detected_multimodality","no_detected_multimodality","no_detected_multimodality",TRUE,"stable_across_1000_2000_5000_events"
"flowsom_consensus_k62_seed42",14,"CD38","detected_multimodality","detected_multimodality","detected_multimodality","detected_multimodality",TRUE,"stable_across_1000_2000_5000_events"
"flowsom_consensus_k62_seed42",14,"CD57","no_detected_multimodality","no_detected_multimodality","no_detected_multimodality","no_detected_multimodality",TRUE,"stable_across_1000_2000_5000_events"
"flowsom_consensus_k62_seed42",15,"CD11c","ambiguous","no_detected_multimodality","ambiguous","ambiguous",FALSE,"base_evidence_ambiguous"
"flowsom_consensus_k62_seed42",15,"CD14","no_detected_multimodality","no_detected_multimodality","no_detected_multimodality","no_detected_multimodality",TRUE,"stable_across_1000_2000_5000_events"
"flowsom_consensus_k62_seed42",15,"CD161","detected_multimodality","detected_multimodality","detected_multimodality","detected_multimodality",TRUE,"stable_across_1000_2000_5000_events"
"flowsom_consensus_k62_seed42",15,"CD38","ambiguous","no_detected_multimodality","ambiguous","ambiguous",FALSE,"base_evidence_ambiguous"
"flowsom_consensus_k62_seed42",15,"CD56","no_detected_multimodality","no_detected_multimodality","no_detected_multimodality","no_detected_multimodality",TRUE,"stable_across_1000_2000_5000_events"
"flowsom_consensus_k62_seed42",15,"Tbet","no_detected_multimodality","no_detected_multimodality","no_detected_multimodality","no_detected_multimodality",TRUE,"stable_across_1000_2000_5000_events"
"flowsom_consensus_k62_seed42",16,"CD11c","ambiguous","ambiguous","ambiguous","ambiguous",TRUE,"base_evidence_ambiguous"
"flowsom_consensus_k62_seed42",16,"CD161","no_detected_multimodality","no_detected_multimodality","no_detected_multimodality","no_detected_multimodality",TRUE,"stable_across_1000_2000_5000_events"
"flowsom_consensus_k62_seed42",16,"Tbet","detected_multimodality","ambiguous","detected_multimodality","ambiguous",FALSE,"sample_size_instability"
"flowsom_consensus_k62_seed42",17,"CD11c","ambiguous","no_detected_multimodality","ambiguous","ambiguous",FALSE,"base_evidence_ambiguous"
"flowsom_consensus_k62_seed42",17,"CD16","no_detected_multimodality","no_detected_multimodality","ambiguous","ambiguous",FALSE,"sample_size_instability"
"flowsom_consensus_k62_seed42",17,"CD161","detected_multimodality","ambiguous","ambiguous","ambiguous",FALSE,"sample_size_instability"
"flowsom_consensus_k62_seed42",17,"CD19","ambiguous","ambiguous","no_detected_multimodality","ambiguous",FALSE,"base_evidence_ambiguous"
"flowsom_consensus_k62_seed42",17,"CD197_CCR7","ambiguous","no_detected_multimodality","ambiguous","ambiguous",FALSE,"base_evidence_ambiguous"
"flowsom_consensus_k62_seed42",17,"CD1c","no_detected_multimodality","no_detected_multimodality","ambiguous","ambiguous",FALSE,"sample_size_instability"
"flowsom_consensus_k62_seed42",17,"CD21","no_detected_multimodality","no_detected_multimodality","no_detected_multimodality","no_detected_multimodality",TRUE,"stable_across_1000_2000_5000_events"
"flowsom_consensus_k62_seed42",17,"CD25","no_detected_multimodality","no_detected_multimodality","no_detected_multimodality","no_detected_multimodality",TRUE,"stable_across_1000_2000_5000_events"
"flowsom_consensus_k62_seed42",17,"CD3","ambiguous","no_detected_multimodality","ambiguous","ambiguous",FALSE,"base_evidence_ambiguous"
"flowsom_consensus_k62_seed42",17,"CD45RA","ambiguous","ambiguous","detected_multimodality","ambiguous",FALSE,"base_evidence_ambiguous"
"flowsom_consensus_k62_seed42",17,"CD56","detected_multimodality","detected_multimodality","detected_multimodality","detected_multimodality",TRUE,"stable_across_1000_2000_5000_events"
"flowsom_consensus_k62_seed42",17,"CD7","detected_multimodality","ambiguous","detected_multimodality","ambiguous",FALSE,"sample_size_instability"
"flowsom_consensus_k62_seed42",17,"FoxP3","detected_multimodality","detected_multimodality","detected_multimodality","detected_multimodality",TRUE,"stable_across_1000_2000_5000_events"
"flowsom_consensus_k62_seed42",17,"Tbet","ambiguous","no_detected_multimodality","ambiguous","ambiguous",FALSE,"base_evidence_ambiguous"
"flowsom_consensus_k62_seed42",18,"CD11c","ambiguous","ambiguous","ambiguous","ambiguous",TRUE,"base_evidence_ambiguous"
"flowsom_consensus_k62_seed42",18,"CD159c_NKG2C","detected_multimodality","ambiguous","detected_multimodality","ambiguous",FALSE,"sample_size_instability"
"flowsom_consensus_k62_seed42",18,"CD161","no_detected_multimodality","no_detected_multimodality","no_detected_multimodality","no_detected_multimodality",TRUE,"stable_across_1000_2000_5000_events"
"flowsom_consensus_k62_seed42",18,"CD3","ambiguous","no_detected_multimodality","ambiguous","ambiguous",FALSE,"base_evidence_ambiguous"
"flowsom_consensus_k62_seed42",19,"CD11c","no_detected_multimodality","no_detected_multimodality","ambiguous","ambiguous",FALSE,"sample_size_instability"
"flowsom_consensus_k62_seed42",19,"CD16","ambiguous","no_detected_multimodality","no_detected_multimodality","ambiguous",FALSE,"base_evidence_ambiguous"
"flowsom_consensus_k62_seed42",19,"CD27","no_detected_multimodality","no_detected_multimodality","no_detected_multimodality","no_detected_multimodality",TRUE,"stable_across_1000_2000_5000_events"
"flowsom_consensus_k62_seed42",19,"CD303_TCRvd2","no_detected_multimodality","no_detected_multimodality","no_detected_multimodality","no_detected_multimodality",TRUE,"stable_across_1000_2000_5000_events"
"flowsom_consensus_k62_seed42",19,"CD4","no_detected_multimodality","no_detected_multimodality","no_detected_multimodality","no_detected_multimodality",TRUE,"stable_across_1000_2000_5000_events"
"flowsom_consensus_k62_seed42",19,"CD56","ambiguous","ambiguous","detected_multimodality","ambiguous",FALSE,"base_evidence_ambiguous"
"flowsom_consensus_k62_seed42",19,"CD57","ambiguous","ambiguous","ambiguous","ambiguous",TRUE,"base_evidence_ambiguous"
"flowsom_consensus_k62_seed42",19,"HLA-DR","no_detected_multimodality","no_detected_multimodality","no_detected_multimodality","no_detected_multimodality",TRUE,"stable_across_1000_2000_5000_events"
"flowsom_consensus_k62_seed42",19,"TCRgd_CD141","ambiguous","no_detected_multimodality","ambiguous","ambiguous",FALSE,"base_evidence_ambiguous"
"flowsom_consensus_k62_seed42",20,"CD127","no_detected_multimodality","no_detected_multimodality","no_detected_multimodality","no_detected_multimodality",TRUE,"stable_across_1000_2000_5000_events"
"flowsom_consensus_k62_seed42",20,"CD3","detected_multimodality","detected_multimodality","detected_multimodality","detected_multimodality",TRUE,"stable_across_1000_2000_5000_events"
"flowsom_consensus_k62_seed42",20,"CD45RA","no_detected_multimodality","no_detected_multimodality","no_detected_multimodality","no_detected_multimodality",TRUE,"stable_across_1000_2000_5000_events"
"flowsom_consensus_k62_seed42",20,"CD56","ambiguous","ambiguous","ambiguous","ambiguous",TRUE,"base_evidence_ambiguous"
"flowsom_consensus_k62_seed42",21,"CD11c","no_detected_multimodality","no_detected_multimodality","ambiguous","ambiguous",FALSE,"sample_size_instability"
"flowsom_consensus_k62_seed42",21,"CD16","no_detected_multimodality","no_detected_multimodality","ambiguous","ambiguous",FALSE,"sample_size_instability"
"flowsom_consensus_k62_seed42",21,"CD185_CXCR5","no_detected_multimodality","no_detected_multimodality","no_detected_multimodality","no_detected_multimodality",TRUE,"stable_across_1000_2000_5000_events"
"flowsom_consensus_k62_seed42",21,"CD1c","no_detected_multimodality","no_detected_multimodality","no_detected_multimodality","no_detected_multimodality",TRUE,"stable_across_1000_2000_5000_events"
"flowsom_consensus_k62_seed42",21,"CD21","no_detected_multimodality","no_detected_multimodality","no_detected_multimodality","no_detected_multimodality",TRUE,"stable_across_1000_2000_5000_events"
"flowsom_consensus_k62_seed42",21,"CD25","no_detected_multimodality","no_detected_multimodality","no_detected_multimodality","no_detected_multimodality",TRUE,"stable_across_1000_2000_5000_events"
"flowsom_consensus_k62_seed42",21,"CD3","detected_multimodality","detected_multimodality","detected_multimodality","detected_multimodality",TRUE,"stable_across_1000_2000_5000_events"
"flowsom_consensus_k62_seed42",21,"CD303_TCRvd2","ambiguous","ambiguous","detected_multimodality","ambiguous",FALSE,"base_evidence_ambiguous"
"flowsom_consensus_k62_seed42",21,"CD57","ambiguous","ambiguous","ambiguous","ambiguous",TRUE,"base_evidence_ambiguous"
"flowsom_consensus_k62_seed42",21,"FoxP3","no_detected_multimodality","no_detected_multimodality","no_detected_multimodality","no_detected_multimodality",TRUE,"stable_across_1000_2000_5000_events"
"flowsom_consensus_k62_seed42",21,"TCRgd_CD141","no_detected_multimodality","no_detected_multimodality","no_detected_multimodality","no_detected_multimodality",TRUE,"stable_across_1000_2000_5000_events"
"flowsom_consensus_k62_seed42",22,"CD161","detected_multimodality","detected_multimodality","detected_multimodality","detected_multimodality",TRUE,"stable_across_1000_2000_5000_events"
"flowsom_consensus_k62_seed42",22,"CD27","detected_multimodality","detected_multimodality","detected_multimodality","detected_multimodality",TRUE,"stable_across_1000_2000_5000_events"
"flowsom_consensus_k62_seed42",22,"CD56","ambiguous","no_detected_multimodality","no_detected_multimodality","ambiguous",FALSE,"base_evidence_ambiguous"
"flowsom_consensus_k62_seed42",22,"TCRgd_CD141","ambiguous","no_detected_multimodality","no_detected_multimodality","ambiguous",FALSE,"base_evidence_ambiguous"
"flowsom_consensus_k62_seed42",23,"CD16","ambiguous","no_detected_multimodality","no_detected_multimodality","ambiguous",FALSE,"base_evidence_ambiguous"
"flowsom_consensus_k62_seed42",23,"CD3","ambiguous","no_detected_multimodality","ambiguous","ambiguous",FALSE,"base_evidence_ambiguous"
"flowsom_consensus_k62_seed42",23,"CD303_TCRvd2","no_detected_multimodality","no_detected_multimodality","no_detected_multimodality","no_detected_multimodality",TRUE,"stable_across_1000_2000_5000_events"
"flowsom_consensus_k62_seed42",23,"CD7","no_detected_multimodality","no_detected_multimodality","no_detected_multimodality","no_detected_multimodality",TRUE,"stable_across_1000_2000_5000_events"
"flowsom_consensus_k62_seed42",24,"CD161","ambiguous","ambiguous","ambiguous","ambiguous",TRUE,"base_evidence_ambiguous"
"flowsom_consensus_k62_seed42",24,"CD185_CXCR5","ambiguous","no_detected_multimodality","ambiguous","ambiguous",FALSE,"base_evidence_ambiguous"
"flowsom_consensus_k62_seed42",24,"CD197_CCR7","ambiguous","no_detected_multimodality","ambiguous","ambiguous",FALSE,"base_evidence_ambiguous"
"flowsom_consensus_k62_seed42",24,"CD38","detected_multimodality","detected_multimodality","detected_multimodality","detected_multimodality",TRUE,"stable_across_1000_2000_5000_events"
"flowsom_consensus_k62_seed42",24,"CD45RA","ambiguous","ambiguous","ambiguous","ambiguous",TRUE,"base_evidence_ambiguous"
"flowsom_consensus_k62_seed42",24,"CD7","detected_multimodality","ambiguous","detected_multimodality","ambiguous",FALSE,"sample_size_instability"
"flowsom_consensus_k62_seed42",24,"FoxP3","detected_multimodality","detected_multimodality","detected_multimodality","detected_multimodality",TRUE,"stable_across_1000_2000_5000_events"
"flowsom_consensus_k62_seed42",25,"CD159c_NKG2C","detected_multimodality","detected_multimodality","detected_multimodality","detected_multimodality",TRUE,"stable_across_1000_2000_5000_events"
"flowsom_consensus_k62_seed42",25,"CD16","ambiguous","ambiguous","no_detected_multimodality","ambiguous",FALSE,"base_evidence_ambiguous"
"flowsom_consensus_k62_seed42",25,"CD197_CCR7","no_detected_multimodality","no_detected_multimodality","no_detected_multimodality","no_detected_multimodality",TRUE,"stable_across_1000_2000_5000_events"
"flowsom_consensus_k62_seed42",25,"CD1c","no_detected_multimodality","no_detected_multimodality","no_detected_multimodality","no_detected_multimodality",TRUE,"stable_across_1000_2000_5000_events"
"flowsom_consensus_k62_seed42",25,"CD21","no_detected_multimodality","no_detected_multimodality","no_detected_multimodality","no_detected_multimodality",TRUE,"stable_across_1000_2000_5000_events"
"flowsom_consensus_k62_seed42",25,"CD25","no_detected_multimodality","no_detected_multimodality","no_detected_multimodality","no_detected_multimodality",TRUE,"stable_across_1000_2000_5000_events"
"flowsom_consensus_k62_seed42",25,"CD3","detected_multimodality","detected_multimodality","detected_multimodality","detected_multimodality",TRUE,"stable_across_1000_2000_5000_events"
"flowsom_consensus_k62_seed42",25,"CD38","ambiguous","no_detected_multimodality","ambiguous","ambiguous",FALSE,"base_evidence_ambiguous"
"flowsom_consensus_k62_seed42",25,"CD4","no_detected_multimodality","no_detected_multimodality","no_detected_multimodality","no_detected_multimodality",TRUE,"stable_across_1000_2000_5000_events"
"flowsom_consensus_k62_seed42",25,"CD57","ambiguous","ambiguous","ambiguous","ambiguous",TRUE,"base_evidence_ambiguous"
"flowsom_consensus_k62_seed42",25,"CD7","ambiguous","no_detected_multimodality","no_detected_multimodality","ambiguous",FALSE,"base_evidence_ambiguous"
"flowsom_consensus_k62_seed42",25,"FoxP3","no_detected_multimodality","no_detected_multimodality","no_detected_multimodality","no_detected_multimodality",TRUE,"stable_across_1000_2000_5000_events"
"flowsom_consensus_k62_seed42",26,"CD127","detected_multimodality","ambiguous","detected_multimodality","ambiguous",FALSE,"sample_size_instability"
"flowsom_consensus_k62_seed42",26,"CD161","detected_multimodality","ambiguous","detected_multimodality","ambiguous",FALSE,"sample_size_instability"
"flowsom_consensus_k62_seed42",26,"CD27","detected_multimodality","detected_multimodality","detected_multimodality","detected_multimodality",TRUE,"stable_across_1000_2000_5000_events"
"flowsom_consensus_k62_seed42",26,"CD303_TCRvd2","detected_multimodality","detected_multimodality","detected_multimodality","detected_multimodality",TRUE,"stable_across_1000_2000_5000_events"
"flowsom_consensus_k62_seed42",26,"CD45RA","ambiguous","no_detected_multimodality","no_detected_multimodality","ambiguous",FALSE,"base_evidence_ambiguous"
"flowsom_consensus_k62_seed42",26,"TCRgd_CD141","detected_multimodality","detected_multimodality","detected_multimodality","detected_multimodality",TRUE,"stable_across_1000_2000_5000_events"
"flowsom_consensus_k62_seed42",27,"CD159c_NKG2C","no_detected_multimodality","no_detected_multimodality","ambiguous","ambiguous",FALSE,"sample_size_instability"
"flowsom_consensus_k62_seed42",27,"CD16","detected_multimodality","detected_multimodality","detected_multimodality","detected_multimodality",TRUE,"stable_across_1000_2000_5000_events"
"flowsom_consensus_k62_seed42",27,"CD21","ambiguous","ambiguous","detected_multimodality","ambiguous",FALSE,"base_evidence_ambiguous"
"flowsom_consensus_k62_seed42",27,"CD27","no_detected_multimodality","no_detected_multimodality","ambiguous","ambiguous",FALSE,"sample_size_instability"
"flowsom_consensus_k62_seed42",27,"CD303_TCRvd2","ambiguous","no_detected_multimodality","no_detected_multimodality","ambiguous",FALSE,"base_evidence_ambiguous"
"flowsom_consensus_k62_seed42",27,"CD38","ambiguous","no_detected_multimodality","detected_multimodality","ambiguous",FALSE,"base_evidence_ambiguous"
"flowsom_consensus_k62_seed42",27,"CD45RA","detected_multimodality","ambiguous","detected_multimodality","ambiguous",FALSE,"sample_size_instability"
"flowsom_consensus_k62_seed42",27,"CD8","ambiguous","no_detected_multimodality","no_detected_multimodality","ambiguous",FALSE,"base_evidence_ambiguous"
"flowsom_consensus_k62_seed42",27,"Tbet","no_detected_multimodality","no_detected_multimodality","no_detected_multimodality","no_detected_multimodality",TRUE,"stable_across_1000_2000_5000_events"
"flowsom_consensus_k62_seed42",28,"CD11c","ambiguous","no_detected_multimodality","no_detected_multimodality","ambiguous",FALSE,"base_evidence_ambiguous"
"flowsom_consensus_k62_seed42",28,"CD161","ambiguous","ambiguous","detected_multimodality","ambiguous",FALSE,"base_evidence_ambiguous"
"flowsom_consensus_k62_seed42",28,"CD3","no_detected_multimodality","no_detected_multimodality","no_detected_multimodality","no_detected_multimodality",TRUE,"stable_across_1000_2000_5000_events"
"flowsom_consensus_k62_seed42",28,"CD56","ambiguous","ambiguous","ambiguous","ambiguous",TRUE,"base_evidence_ambiguous"
"flowsom_consensus_k62_seed42",28,"HLA-DR","no_detected_multimodality","no_detected_multimodality","no_detected_multimodality","no_detected_multimodality",TRUE,"stable_across_1000_2000_5000_events"
"flowsom_consensus_k62_seed42",28,"Tbet","ambiguous","ambiguous","detected_multimodality","ambiguous",FALSE,"base_evidence_ambiguous"
"flowsom_consensus_k62_seed42",29,"CD11c","ambiguous","ambiguous","detected_multimodality","ambiguous",FALSE,"base_evidence_ambiguous"
"flowsom_consensus_k62_seed42",29,"CD159c_NKG2C","detected_multimodality","ambiguous","detected_multimodality","ambiguous",FALSE,"sample_size_instability"
"flowsom_consensus_k62_seed42",29,"CD19","ambiguous","no_detected_multimodality","no_detected_multimodality","ambiguous",FALSE,"base_evidence_ambiguous"
"flowsom_consensus_k62_seed42",29,"CD3","ambiguous","ambiguous","detected_multimodality","ambiguous",FALSE,"base_evidence_ambiguous"
"flowsom_consensus_k62_seed42",29,"CD57","detected_multimodality","detected_multimodality","detected_multimodality","detected_multimodality",TRUE,"stable_across_1000_2000_5000_events"
"flowsom_consensus_k62_seed42",30,"CD11c","ambiguous","no_detected_multimodality","ambiguous","ambiguous",FALSE,"base_evidence_ambiguous"
"flowsom_consensus_k62_seed42",30,"CD159c_NKG2C","ambiguous","ambiguous","detected_multimodality","ambiguous",FALSE,"base_evidence_ambiguous"
"flowsom_consensus_k62_seed42",30,"CD16","ambiguous","no_detected_multimodality","no_detected_multimodality","ambiguous",FALSE,"base_evidence_ambiguous"
"flowsom_consensus_k62_seed42",30,"CD185_CXCR5","no_detected_multimodality","no_detected_multimodality","no_detected_multimodality","no_detected_multimodality",TRUE,"stable_across_1000_2000_5000_events"
"flowsom_consensus_k62_seed42",30,"CD19","ambiguous","no_detected_multimodality","ambiguous","ambiguous",FALSE,"base_evidence_ambiguous"
"flowsom_consensus_k62_seed42",30,"CD3","ambiguous","ambiguous","detected_multimodality","ambiguous",FALSE,"base_evidence_ambiguous"
"flowsom_consensus_k62_seed42",30,"CD38","no_detected_multimodality","no_detected_multimodality","no_detected_multimodality","no_detected_multimodality",TRUE,"stable_across_1000_2000_5000_events"
"flowsom_consensus_k62_seed42",30,"CD56","ambiguous","no_detected_multimodality","detected_multimodality","ambiguous",FALSE,"base_evidence_ambiguous"
"flowsom_consensus_k62_seed42",30,"CD57","ambiguous","no_detected_multimodality","ambiguous","ambiguous",FALSE,"base_evidence_ambiguous"
"flowsom_consensus_k62_seed42",30,"CD8","no_detected_multimodality","no_detected_multimodality","no_detected_multimodality","no_detected_multimodality",TRUE,"stable_across_1000_2000_5000_events"
"flowsom_consensus_k62_seed42",30,"HLA-DR","ambiguous","no_detected_multimodality","no_detected_multimodality","ambiguous",FALSE,"base_evidence_ambiguous"
"flowsom_consensus_k62_seed42",30,"TCRgd_CD141","ambiguous","no_detected_multimodality","no_detected_multimodality","ambiguous",FALSE,"base_evidence_ambiguous"
"flowsom_consensus_k62_seed42",31,"CD11c","ambiguous","ambiguous","ambiguous","ambiguous",TRUE,"base_evidence_ambiguous"
"flowsom_consensus_k62_seed42",31,"CD159c_NKG2C","no_detected_multimodality","no_detected_multimodality","no_detected_multimodality","no_detected_multimodality",TRUE,"stable_across_1000_2000_5000_events"
"flowsom_consensus_k62_seed42",31,"CD303_TCRvd2","detected_multimodality","detected_multimodality","detected_multimodality","detected_multimodality",TRUE,"stable_across_1000_2000_5000_events"
"flowsom_consensus_k62_seed42",31,"CD4","ambiguous","no_detected_multimodality","detected_multimodality","ambiguous",FALSE,"base_evidence_ambiguous"
"flowsom_consensus_k62_seed42",31,"CD57","ambiguous","ambiguous","detected_multimodality","ambiguous",FALSE,"base_evidence_ambiguous"
"flowsom_consensus_k62_seed42",31,"TCRgd_CD141","detected_multimodality","detected_multimodality","detected_multimodality","detected_multimodality",TRUE,"stable_across_1000_2000_5000_events"
"flowsom_consensus_k62_seed42",32,"CD11c","no_detected_multimodality","no_detected_multimodality","no_detected_multimodality","no_detected_multimodality",TRUE,"stable_across_1000_2000_5000_events"
"flowsom_consensus_k62_seed42",32,"CD127","ambiguous","no_detected_multimodality","ambiguous","ambiguous",FALSE,"base_evidence_ambiguous"
"flowsom_consensus_k62_seed42",32,"CD19","ambiguous","ambiguous","no_detected_multimodality","ambiguous",FALSE,"base_evidence_ambiguous"
"flowsom_consensus_k62_seed42",32,"CD27","detected_multimodality","detected_multimodality","detected_multimodality","detected_multimodality",TRUE,"stable_across_1000_2000_5000_events"
"flowsom_consensus_k62_seed42",32,"CD294_CRTH2","ambiguous","no_detected_multimodality","no_detected_multimodality","ambiguous",FALSE,"base_evidence_ambiguous"
"flowsom_consensus_k62_seed42",32,"CD303_TCRvd2","detected_multimodality","detected_multimodality","detected_multimodality","detected_multimodality",TRUE,"stable_across_1000_2000_5000_events"
"flowsom_consensus_k62_seed42",32,"CD56","ambiguous","ambiguous","ambiguous","ambiguous",TRUE,"base_evidence_ambiguous"
"flowsom_consensus_k62_seed42",32,"TCRgd_CD141","detected_multimodality","detected_multimodality","detected_multimodality","detected_multimodality",TRUE,"stable_across_1000_2000_5000_events"
"flowsom_consensus_k62_seed42",33,"CD16","no_detected_multimodality","no_detected_multimodality","no_detected_multimodality","no_detected_multimodality",TRUE,"stable_across_1000_2000_5000_events"
"flowsom_consensus_k62_seed42",33,"CD161","no_detected_multimodality","no_detected_multimodality","no_detected_multimodality","no_detected_multimodality",TRUE,"stable_across_1000_2000_5000_events"
"flowsom_consensus_k62_seed42",33,"CD56","ambiguous","ambiguous","detected_multimodality","ambiguous",FALSE,"base_evidence_ambiguous"
"flowsom_consensus_k62_seed42",33,"CD57","detected_multimodality","detected_multimodality","detected_multimodality","detected_multimodality",TRUE,"stable_across_1000_2000_5000_events"
"flowsom_consensus_k62_seed42",33,"CD7","no_detected_multimodality","no_detected_multimodality","no_detected_multimodality","no_detected_multimodality",TRUE,"stable_across_1000_2000_5000_events"
"flowsom_consensus_k62_seed42",33,"HLA-DR","no_detected_multimodality","no_detected_multimodality","no_detected_multimodality","no_detected_multimodality",TRUE,"stable_across_1000_2000_5000_events"
"flowsom_consensus_k62_seed42",34,"CD161","ambiguous","ambiguous","detected_multimodality","ambiguous",FALSE,"base_evidence_ambiguous"
"flowsom_consensus_k62_seed42",34,"CD27","detected_multimodality","ambiguous","detected_multimodality","ambiguous",FALSE,"sample_size_instability"
"flowsom_consensus_k62_seed42",34,"TCRgd_CD141","ambiguous","no_detected_multimodality","no_detected_multimodality","ambiguous",FALSE,"base_evidence_ambiguous"
"flowsom_consensus_k62_seed42",35,"CD11c","ambiguous","no_detected_multimodality","detected_multimodality","ambiguous",FALSE,"base_evidence_ambiguous"
"flowsom_consensus_k62_seed42",35,"CD127","detected_multimodality","detected_multimodality","detected_multimodality","detected_multimodality",TRUE,"stable_across_1000_2000_5000_events"
"flowsom_consensus_k62_seed42",35,"CD159c_NKG2C","detected_multimodality","detected_multimodality","detected_multimodality","detected_multimodality",TRUE,"stable_across_1000_2000_5000_events"
"flowsom_consensus_k62_seed42",35,"CD161","detected_multimodality","detected_multimodality","detected_multimodality","detected_multimodality",TRUE,"stable_across_1000_2000_5000_events"
"flowsom_consensus_k62_seed42",35,"CD19","ambiguous","no_detected_multimodality","no_detected_multimodality","ambiguous",FALSE,"base_evidence_ambiguous"
"flowsom_consensus_k62_seed42",35,"CD294_CRTH2","detected_multimodality","detected_multimodality","detected_multimodality","detected_multimodality",TRUE,"stable_across_1000_2000_5000_events"
"flowsom_consensus_k62_seed42",35,"CD3","ambiguous","no_detected_multimodality","ambiguous","ambiguous",FALSE,"base_evidence_ambiguous"
"flowsom_consensus_k62_seed42",35,"CD56","detected_multimodality","detected_multimodality","detected_multimodality","detected_multimodality",TRUE,"stable_across_1000_2000_5000_events"
"flowsom_consensus_k62_seed42",35,"CD57","ambiguous","no_detected_multimodality","ambiguous","ambiguous",FALSE,"base_evidence_ambiguous"
"flowsom_consensus_k62_seed42",35,"CD8","ambiguous","no_detected_multimodality","ambiguous","ambiguous",FALSE,"base_evidence_ambiguous"
"flowsom_consensus_k62_seed42",35,"FoxP3","ambiguous","no_detected_multimodality","ambiguous","ambiguous",FALSE,"base_evidence_ambiguous"
"flowsom_consensus_k62_seed42",35,"Tbet","ambiguous","no_detected_multimodality","no_detected_multimodality","ambiguous",FALSE,"base_evidence_ambiguous"
"flowsom_consensus_k62_seed42",35,"TCRgd_CD141","detected_multimodality","detected_multimodality","detected_multimodality","detected_multimodality",TRUE,"stable_across_1000_2000_5000_events"
"flowsom_consensus_k62_seed42",36,"CD27","detected_multimodality","detected_multimodality","detected_multimodality","detected_multimodality",TRUE,"stable_across_1000_2000_5000_events"
"flowsom_consensus_k62_seed42",36,"CD3","ambiguous","ambiguous","detected_multimodality","ambiguous",FALSE,"base_evidence_ambiguous"
"flowsom_consensus_k62_seed42",36,"CD303_TCRvd2","ambiguous","ambiguous","detected_multimodality","ambiguous",FALSE,"base_evidence_ambiguous"
"flowsom_consensus_k62_seed42",36,"CD45RA","detected_multimodality","detected_multimodality","detected_multimodality","detected_multimodality",TRUE,"stable_across_1000_2000_5000_events"
"flowsom_consensus_k62_seed42",36,"Tbet","detected_multimodality","detected_multimodality","detected_multimodality","detected_multimodality",TRUE,"stable_across_1000_2000_5000_events"
"flowsom_consensus_k62_seed42",37,"CD127","ambiguous","ambiguous","ambiguous","ambiguous",TRUE,"base_evidence_ambiguous"
"flowsom_consensus_k62_seed42",37,"CD161","detected_multimodality","detected_multimodality","detected_multimodality","detected_multimodality",TRUE,"stable_across_1000_2000_5000_events"
"flowsom_consensus_k62_seed42",37,"CD27","ambiguous","ambiguous","detected_multimodality","ambiguous",FALSE,"base_evidence_ambiguous"
"flowsom_consensus_k62_seed42",37,"CD38","ambiguous","ambiguous","detected_multimodality","ambiguous",FALSE,"base_evidence_ambiguous"
"flowsom_consensus_k62_seed42",37,"CD4","detected_multimodality","ambiguous","detected_multimodality","ambiguous",FALSE,"sample_size_instability"
"flowsom_consensus_k62_seed42",37,"CD45RA","ambiguous","no_detected_multimodality","ambiguous","ambiguous",FALSE,"base_evidence_ambiguous"
"flowsom_consensus_k62_seed42",37,"CD56","ambiguous","ambiguous","detected_multimodality","ambiguous",FALSE,"base_evidence_ambiguous"
"flowsom_consensus_k62_seed42",37,"CD7","ambiguous","no_detected_multimodality","ambiguous","ambiguous",FALSE,"base_evidence_ambiguous"
"flowsom_consensus_k62_seed42",38,"CD11c","ambiguous","ambiguous","ambiguous","ambiguous",TRUE,"base_evidence_ambiguous"
"flowsom_consensus_k62_seed42",38,"CD19","no_detected_multimodality","no_detected_multimodality","no_detected_multimodality","no_detected_multimodality",TRUE,"stable_across_1000_2000_5000_events"
"flowsom_consensus_k62_seed42",38,"CD1c","detected_multimodality","detected_multimodality","detected_multimodality","detected_multimodality",TRUE,"stable_across_1000_2000_5000_events"
"flowsom_consensus_k62_seed42",38,"CD27","ambiguous","ambiguous","ambiguous","ambiguous",TRUE,"base_evidence_ambiguous"
"flowsom_consensus_k62_seed42",38,"CD3","detected_multimodality","detected_multimodality","detected_multimodality","detected_multimodality",TRUE,"stable_across_1000_2000_5000_events"
"flowsom_consensus_k62_seed42",38,"CD38","no_detected_multimodality","no_detected_multimodality","no_detected_multimodality","no_detected_multimodality",TRUE,"stable_across_1000_2000_5000_events"
"flowsom_consensus_k62_seed42",38,"CD4","ambiguous","ambiguous","ambiguous","ambiguous",TRUE,"base_evidence_ambiguous"
"flowsom_consensus_k62_seed42",38,"CD45RA","ambiguous","ambiguous","ambiguous","ambiguous",TRUE,"base_evidence_ambiguous"
"flowsom_consensus_k62_seed42",38,"CD57","no_detected_multimodality","no_detected_multimodality","no_detected_multimodality","no_detected_multimodality",TRUE,"stable_across_1000_2000_5000_events"
"flowsom_consensus_k62_seed42",38,"HLA-DR","detected_multimodality","detected_multimodality","detected_multimodality","detected_multimodality",TRUE,"stable_across_1000_2000_5000_events"
"flowsom_consensus_k62_seed42",38,"Tbet","ambiguous","ambiguous","ambiguous","ambiguous",TRUE,"base_evidence_ambiguous"
"flowsom_consensus_k62_seed42",38,"TCRgd_CD141","ambiguous","detected_multimodality","ambiguous","ambiguous",FALSE,"base_evidence_ambiguous"
"flowsom_consensus_k62_seed42",39,"CD16","detected_multimodality","ambiguous","detected_multimodality","ambiguous",FALSE,"sample_size_instability"
"flowsom_consensus_k62_seed42",39,"CD27","ambiguous","no_detected_multimodality","no_detected_multimodality","ambiguous",FALSE,"base_evidence_ambiguous"
"flowsom_consensus_k62_seed42",39,"CD3","ambiguous","no_detected_multimodality","ambiguous","ambiguous",FALSE,"base_evidence_ambiguous"
"flowsom_consensus_k62_seed42",39,"CD56","detected_multimodality","detected_multimodality","detected_multimodality","detected_multimodality",TRUE,"stable_across_1000_2000_5000_events"
"flowsom_consensus_k62_seed42",39,"CD7","ambiguous","no_detected_multimodality","no_detected_multimodality","ambiguous",FALSE,"base_evidence_ambiguous"
"flowsom_consensus_k62_seed42",40,"CD161","detected_multimodality","detected_multimodality","detected_multimodality","detected_multimodality",TRUE,"stable_across_1000_2000_5000_events"
"flowsom_consensus_k62_seed42",40,"CD294_CRTH2","ambiguous","ambiguous","detected_multimodality","ambiguous",FALSE,"base_evidence_ambiguous"
"flowsom_consensus_k62_seed42",40,"CD7","ambiguous","ambiguous","detected_multimodality","ambiguous",FALSE,"base_evidence_ambiguous"
"flowsom_consensus_k62_seed42",40,"FoxP3","no_detected_multimodality","no_detected_multimodality","no_detected_multimodality","no_detected_multimodality",TRUE,"stable_across_1000_2000_5000_events"
"flowsom_consensus_k62_seed42",41,"CD127","ambiguous","no_detected_multimodality","ambiguous","ambiguous",FALSE,"base_evidence_ambiguous"
"flowsom_consensus_k62_seed42",41,"CD27","ambiguous","ambiguous","detected_multimodality","ambiguous",FALSE,"base_evidence_ambiguous"
"flowsom_consensus_k62_seed42",41,"CD45RA","no_detected_multimodality","no_detected_multimodality","no_detected_multimodality","no_detected_multimodality",TRUE,"stable_across_1000_2000_5000_events"
"flowsom_consensus_k62_seed42",41,"CD57","ambiguous","ambiguous","ambiguous","ambiguous",TRUE,"base_evidence_ambiguous"
"flowsom_consensus_k62_seed42",41,"Tbet","ambiguous","ambiguous","detected_multimodality","ambiguous",FALSE,"base_evidence_ambiguous"
"flowsom_consensus_k62_seed42",42,"CD11c","detected_multimodality","detected_multimodality","detected_multimodality","detected_multimodality",TRUE,"stable_across_1000_2000_5000_events"
"flowsom_consensus_k62_seed42",42,"CD14","ambiguous","ambiguous","no_detected_multimodality","ambiguous",FALSE,"base_evidence_ambiguous"
"flowsom_consensus_k62_seed42",42,"CD1c","ambiguous","ambiguous","detected_multimodality","ambiguous",FALSE,"base_evidence_ambiguous"
"flowsom_consensus_k62_seed42",42,"CD303_TCRvd2","detected_multimodality","ambiguous","detected_multimodality","ambiguous",FALSE,"sample_size_instability"
"flowsom_consensus_k62_seed42",42,"CD4","no_detected_multimodality","ambiguous","ambiguous","ambiguous",FALSE,"sample_size_instability"
"flowsom_consensus_k62_seed42",42,"CD45RA","ambiguous","ambiguous","ambiguous","ambiguous",TRUE,"base_evidence_ambiguous"
"flowsom_consensus_k62_seed42",42,"CD56","ambiguous","no_detected_multimodality","no_detected_multimodality","ambiguous",FALSE,"base_evidence_ambiguous"
"flowsom_consensus_k62_seed42",42,"TCRgd_CD141","ambiguous","ambiguous","detected_multimodality","ambiguous",FALSE,"base_evidence_ambiguous"
"flowsom_consensus_k62_seed42",43,"CD11c","ambiguous","ambiguous","ambiguous","ambiguous",TRUE,"base_evidence_ambiguous"
"flowsom_consensus_k62_seed42",43,"CD127","no_detected_multimodality","no_detected_multimodality","ambiguous","ambiguous",FALSE,"sample_size_instability"
"flowsom_consensus_k62_seed42",43,"CD14","ambiguous","no_detected_multimodality","ambiguous","ambiguous",FALSE,"base_evidence_ambiguous"
"flowsom_consensus_k62_seed42",43,"CD159c_NKG2C","ambiguous","ambiguous","ambiguous","ambiguous",TRUE,"base_evidence_ambiguous"
"flowsom_consensus_k62_seed42",43,"CD161","ambiguous","no_detected_multimodality","ambiguous","ambiguous",FALSE,"base_evidence_ambiguous"
"flowsom_consensus_k62_seed42",43,"CD19","ambiguous","no_detected_multimodality","detected_multimodality","ambiguous",FALSE,"base_evidence_ambiguous"
"flowsom_consensus_k62_seed42",43,"CD197_CCR7","ambiguous","ambiguous","ambiguous","ambiguous",TRUE,"base_evidence_ambiguous"
"flowsom_consensus_k62_seed42",43,"CD27","detected_multimodality","detected_multimodality","detected_multimodality","detected_multimodality",TRUE,"stable_across_1000_2000_5000_events"
"flowsom_consensus_k62_seed42",43,"CD3","detected_multimodality","detected_multimodality","detected_multimodality","detected_multimodality",TRUE,"stable_across_1000_2000_5000_events"
"flowsom_consensus_k62_seed42",43,"CD303_TCRvd2","ambiguous","ambiguous","detected_multimodality","ambiguous",FALSE,"base_evidence_ambiguous"
"flowsom_consensus_k62_seed42",43,"CD45RA","ambiguous","ambiguous","detected_multimodality","ambiguous",FALSE,"base_evidence_ambiguous"
"flowsom_consensus_k62_seed42",43,"CD56","no_detected_multimodality","no_detected_multimodality","no_detected_multimodality","no_detected_multimodality",TRUE,"stable_across_1000_2000_5000_events"
"flowsom_consensus_k62_seed42",43,"CD57","detected_multimodality","ambiguous","detected_multimodality","ambiguous",FALSE,"sample_size_instability"
"flowsom_consensus_k62_seed42",43,"CD7","ambiguous","no_detected_multimodality","ambiguous","ambiguous",FALSE,"base_evidence_ambiguous"
"flowsom_consensus_k62_seed42",43,"HLA-DR","ambiguous","no_detected_multimodality","ambiguous","ambiguous",FALSE,"base_evidence_ambiguous"
"flowsom_consensus_k62_seed42",43,"Tbet","no_detected_multimodality","no_detected_multimodality","ambiguous","ambiguous",FALSE,"sample_size_instability"
"flowsom_consensus_k62_seed42",43,"TCRgd_CD141","no_detected_multimodality","no_detected_multimodality","no_detected_multimodality","no_detected_multimodality",TRUE,"stable_across_1000_2000_5000_events"
"flowsom_consensus_k62_seed42",44,"CD19","ambiguous","no_detected_multimodality","no_detected_multimodality","ambiguous",FALSE,"base_evidence_ambiguous"
"flowsom_consensus_k62_seed42",44,"CD303_TCRvd2","ambiguous","ambiguous","detected_multimodality","ambiguous",FALSE,"base_evidence_ambiguous"
"flowsom_consensus_k62_seed42",45,"CD127","ambiguous","ambiguous","ambiguous","ambiguous",TRUE,"base_evidence_ambiguous"
"flowsom_consensus_k62_seed42",45,"CD159c_NKG2C","ambiguous","no_detected_multimodality","no_detected_multimodality","ambiguous",FALSE,"base_evidence_ambiguous"
"flowsom_consensus_k62_seed42",45,"CD197_CCR7","detected_multimodality","ambiguous","detected_multimodality","ambiguous",FALSE,"sample_size_instability"
"flowsom_consensus_k62_seed42",45,"CD27","detected_multimodality","detected_multimodality","detected_multimodality","detected_multimodality",TRUE,"stable_across_1000_2000_5000_events"
"flowsom_consensus_k62_seed42",45,"CD3","ambiguous","no_detected_multimodality","no_detected_multimodality","ambiguous",FALSE,"base_evidence_ambiguous"
"flowsom_consensus_k62_seed42",45,"CD7","detected_multimodality","ambiguous","detected_multimodality","ambiguous",FALSE,"sample_size_instability"
"flowsom_consensus_k62_seed42",46,"CD11c","detected_multimodality","detected_multimodality","detected_multimodality","detected_multimodality",TRUE,"stable_across_1000_2000_5000_events"
"flowsom_consensus_k62_seed42",46,"CD14","ambiguous","no_detected_multimodality","no_detected_multimodality","ambiguous",FALSE,"base_evidence_ambiguous"
"flowsom_consensus_k62_seed42",46,"CD19","no_detected_multimodality","no_detected_multimodality","ambiguous","ambiguous",FALSE,"sample_size_instability"
"flowsom_consensus_k62_seed42",46,"CD1c","detected_multimodality","detected_multimodality","detected_multimodality","detected_multimodality",TRUE,"stable_across_1000_2000_5000_events"
"flowsom_consensus_k62_seed42",46,"CD21","ambiguous","no_detected_multimodality","no_detected_multimodality","ambiguous",FALSE,"base_evidence_ambiguous"
"flowsom_consensus_k62_seed42",46,"CD294_CRTH2","ambiguous","no_detected_multimodality","no_detected_multimodality","ambiguous",FALSE,"base_evidence_ambiguous"
"flowsom_consensus_k62_seed42",46,"CD45RA","ambiguous","no_detected_multimodality","ambiguous","ambiguous",FALSE,"base_evidence_ambiguous"
"flowsom_consensus_k62_seed42",46,"CD57","no_detected_multimodality","no_detected_multimodality","ambiguous","ambiguous",FALSE,"sample_size_instability"
"flowsom_consensus_k62_seed42",46,"CD7","no_detected_multimodality","no_detected_multimodality","no_detected_multimodality","no_detected_multimodality",TRUE,"stable_across_1000_2000_5000_events"
"flowsom_consensus_k62_seed42",46,"HLA-DR","detected_multimodality","ambiguous","detected_multimodality","ambiguous",FALSE,"sample_size_instability"
"flowsom_consensus_k62_seed42",46,"TCRgd_CD141","detected_multimodality","detected_multimodality","detected_multimodality","detected_multimodality",TRUE,"stable_across_1000_2000_5000_events"
"flowsom_consensus_k62_seed42",47,"CD27","no_detected_multimodality","no_detected_multimodality","no_detected_multimodality","no_detected_multimodality",TRUE,"stable_across_1000_2000_5000_events"
"flowsom_consensus_k62_seed42",47,"CD294_CRTH2","no_detected_multimodality","no_detected_multimodality","no_detected_multimodality","no_detected_multimodality",TRUE,"stable_across_1000_2000_5000_events"
"flowsom_consensus_k62_seed42",48,"CD127","ambiguous","ambiguous","ambiguous","ambiguous",TRUE,"base_evidence_ambiguous"
"flowsom_consensus_k62_seed42",48,"CD161","ambiguous","ambiguous","detected_multimodality","ambiguous",FALSE,"base_evidence_ambiguous"
"flowsom_consensus_k62_seed42",48,"CD185_CXCR5","ambiguous","ambiguous","ambiguous","ambiguous",TRUE,"base_evidence_ambiguous"
"flowsom_consensus_k62_seed42",48,"CD197_CCR7","ambiguous","ambiguous","detected_multimodality","ambiguous",FALSE,"base_evidence_ambiguous"
"flowsom_consensus_k62_seed42",48,"CD27","no_detected_multimodality","no_detected_multimodality","no_detected_multimodality","no_detected_multimodality",TRUE,"stable_across_1000_2000_5000_events"
"flowsom_consensus_k62_seed42",48,"CD3","ambiguous","ambiguous","no_detected_multimodality","ambiguous",FALSE,"base_evidence_ambiguous"
"flowsom_consensus_k62_seed42",48,"CD45RA","no_detected_multimodality","no_detected_multimodality","no_detected_multimodality","no_detected_multimodality",TRUE,"stable_across_1000_2000_5000_events"
"flowsom_consensus_k62_seed42",48,"CD7","detected_multimodality","ambiguous","detected_multimodality","ambiguous",FALSE,"sample_size_instability"
"flowsom_consensus_k62_seed42",48,"FoxP3","detected_multimodality","detected_multimodality","detected_multimodality","detected_multimodality",TRUE,"stable_across_1000_2000_5000_events"
"flowsom_consensus_k62_seed42",49,"CD159c_NKG2C","ambiguous","no_detected_multimodality","ambiguous","ambiguous",FALSE,"base_evidence_ambiguous"
"flowsom_consensus_k62_seed42",49,"CD197_CCR7","no_detected_multimodality","no_detected_multimodality","no_detected_multimodality","no_detected_multimodality",TRUE,"stable_across_1000_2000_5000_events"
"flowsom_consensus_k62_seed42",49,"CD294_CRTH2","no_detected_multimodality","no_detected_multimodality","no_detected_multimodality","no_detected_multimodality",TRUE,"stable_across_1000_2000_5000_events"
"flowsom_consensus_k62_seed42",49,"CD3","ambiguous","no_detected_multimodality","ambiguous","ambiguous",FALSE,"base_evidence_ambiguous"
"flowsom_consensus_k62_seed42",49,"CD57","ambiguous","ambiguous","detected_multimodality","ambiguous",FALSE,"base_evidence_ambiguous"
"flowsom_consensus_k62_seed42",49,"FoxP3","ambiguous","no_detected_multimodality","no_detected_multimodality","ambiguous",FALSE,"base_evidence_ambiguous"
"flowsom_consensus_k62_seed42",50,"CD57","ambiguous","no_detected_multimodality","no_detected_multimodality","ambiguous",FALSE,"base_evidence_ambiguous"
"flowsom_consensus_k62_seed42",51,"CD11c","ambiguous","ambiguous","detected_multimodality","ambiguous",FALSE,"base_evidence_ambiguous"
"flowsom_consensus_k62_seed42",51,"CD1c","detected_multimodality","detected_multimodality","detected_multimodality","detected_multimodality",TRUE,"stable_across_1000_2000_5000_events"
"flowsom_consensus_k62_seed42",51,"CD45RA","ambiguous","ambiguous","detected_multimodality","ambiguous",FALSE,"base_evidence_ambiguous"
"flowsom_consensus_k62_seed42",51,"CD56","ambiguous","ambiguous","detected_multimodality","ambiguous",FALSE,"base_evidence_ambiguous"
"flowsom_consensus_k62_seed42",51,"FoxP3","ambiguous","no_detected_multimodality","ambiguous","ambiguous",FALSE,"base_evidence_ambiguous"
"flowsom_consensus_k62_seed42",51,"HLA-DR","ambiguous","ambiguous","detected_multimodality","ambiguous",FALSE,"base_evidence_ambiguous"
"flowsom_consensus_k62_seed42",51,"Tbet","ambiguous","no_detected_multimodality","no_detected_multimodality","ambiguous",FALSE,"base_evidence_ambiguous"
"flowsom_consensus_k62_seed42",51,"TCRgd_CD141","detected_multimodality","detected_multimodality","detected_multimodality","detected_multimodality",TRUE,"stable_across_1000_2000_5000_events"
"flowsom_consensus_k62_seed42",52,"CD3","ambiguous","no_detected_multimodality","no_detected_multimodality","ambiguous",FALSE,"base_evidence_ambiguous"
"flowsom_consensus_k62_seed42",52,"CD57","detected_multimodality","ambiguous","detected_multimodality","ambiguous",FALSE,"sample_size_instability"
"flowsom_consensus_k62_seed42",53,"CD11c","no_detected_multimodality","no_detected_multimodality","ambiguous","ambiguous",FALSE,"sample_size_instability"
"flowsom_consensus_k62_seed42",53,"CD185_CXCR5","ambiguous","no_detected_multimodality","no_detected_multimodality","ambiguous",FALSE,"base_evidence_ambiguous"
"flowsom_consensus_k62_seed42",53,"CD25","ambiguous","ambiguous","detected_multimodality","ambiguous",FALSE,"base_evidence_ambiguous"
"flowsom_consensus_k62_seed42",53,"CD8","no_detected_multimodality","no_detected_multimodality","no_detected_multimodality","no_detected_multimodality",TRUE,"stable_across_1000_2000_5000_events"
"flowsom_consensus_k62_seed42",54,"CD11c","ambiguous","ambiguous","ambiguous","ambiguous",TRUE,"base_evidence_ambiguous"
"flowsom_consensus_k62_seed42",54,"CD127","detected_multimodality","detected_multimodality","detected_multimodality","detected_multimodality",TRUE,"stable_across_1000_2000_5000_events"
"flowsom_consensus_k62_seed42",54,"CD159c_NKG2C","detected_multimodality","detected_multimodality","detected_multimodality","detected_multimodality",TRUE,"stable_across_1000_2000_5000_events"
"flowsom_consensus_k62_seed42",54,"CD161","detected_multimodality","detected_multimodality","detected_multimodality","detected_multimodality",TRUE,"stable_across_1000_2000_5000_events"
"flowsom_consensus_k62_seed42",54,"CD19","ambiguous","no_detected_multimodality","ambiguous","ambiguous",FALSE,"base_evidence_ambiguous"
"flowsom_consensus_k62_seed42",54,"CD25","ambiguous","no_detected_multimodality","no_detected_multimodality","ambiguous",FALSE,"base_evidence_ambiguous"
"flowsom_consensus_k62_seed42",54,"CD27","detected_multimodality","detected_multimodality","detected_multimodality","detected_multimodality",TRUE,"stable_across_1000_2000_5000_events"
"flowsom_consensus_k62_seed42",54,"CD294_CRTH2","detected_multimodality","detected_multimodality","detected_multimodality","detected_multimodality",TRUE,"stable_across_1000_2000_5000_events"
"flowsom_consensus_k62_seed42",54,"CD3","detected_multimodality","ambiguous","detected_multimodality","ambiguous",FALSE,"sample_size_instability"
"flowsom_consensus_k62_seed42",54,"CD303_TCRvd2","no_detected_multimodality","no_detected_multimodality","no_detected_multimodality","no_detected_multimodality",TRUE,"stable_across_1000_2000_5000_events"
"flowsom_consensus_k62_seed42",54,"CD45RA","detected_multimodality","detected_multimodality","detected_multimodality","detected_multimodality",TRUE,"stable_across_1000_2000_5000_events"
"flowsom_consensus_k62_seed42",54,"CD56","ambiguous","no_detected_multimodality","ambiguous","ambiguous",FALSE,"base_evidence_ambiguous"
"flowsom_consensus_k62_seed42",54,"FoxP3","ambiguous","no_detected_multimodality","no_detected_multimodality","ambiguous",FALSE,"base_evidence_ambiguous"
"flowsom_consensus_k62_seed42",54,"HLA-DR","ambiguous","ambiguous","ambiguous","ambiguous",TRUE,"base_evidence_ambiguous"
"flowsom_consensus_k62_seed42",56,"CD127","ambiguous","no_detected_multimodality","no_detected_multimodality","ambiguous",FALSE,"base_evidence_ambiguous"
"flowsom_consensus_k62_seed42",56,"CD14","detected_multimodality","ambiguous","detected_multimodality","ambiguous",FALSE,"sample_size_instability"
"flowsom_consensus_k62_seed42",56,"CD197_CCR7","ambiguous","no_detected_multimodality","ambiguous","ambiguous",FALSE,"base_evidence_ambiguous"
"flowsom_consensus_k62_seed42",56,"CD27","ambiguous","ambiguous","ambiguous","ambiguous",TRUE,"base_evidence_ambiguous"
"flowsom_consensus_k62_seed42",56,"CD294_CRTH2","no_detected_multimodality","no_detected_multimodality","no_detected_multimodality","no_detected_multimodality",TRUE,"stable_across_1000_2000_5000_events"
"flowsom_consensus_k62_seed42",56,"CD3","detected_multimodality","detected_multimodality","detected_multimodality","detected_multimodality",TRUE,"stable_across_1000_2000_5000_events"
"flowsom_consensus_k62_seed42",56,"CD7","detected_multimodality","detected_multimodality","detected_multimodality","detected_multimodality",TRUE,"stable_across_1000_2000_5000_events"
"flowsom_consensus_k62_seed42",57,"CD19","ambiguous","no_detected_multimodality","ambiguous","ambiguous",FALSE,"base_evidence_ambiguous"
"flowsom_consensus_k62_seed42",57,"CD21","ambiguous","ambiguous","detected_multimodality","ambiguous",FALSE,"base_evidence_ambiguous"
"flowsom_consensus_k62_seed42",57,"CD45RA","no_detected_multimodality","no_detected_multimodality","no_detected_multimodality","no_detected_multimodality",TRUE,"stable_across_1000_2000_5000_events"
"flowsom_consensus_k62_seed42",57,"FoxP3","no_detected_multimodality","no_detected_multimodality","no_detected_multimodality","no_detected_multimodality",TRUE,"stable_across_1000_2000_5000_events"
"flowsom_consensus_k62_seed42",58,"CD11c","detected_multimodality","detected_multimodality","detected_multimodality","detected_multimodality",TRUE,"stable_across_1000_2000_5000_events"
"flowsom_consensus_k62_seed42",58,"CD127","ambiguous","ambiguous","no_detected_multimodality","ambiguous",FALSE,"base_evidence_ambiguous"
"flowsom_consensus_k62_seed42",58,"CD1c","detected_multimodality","detected_multimodality","detected_multimodality","detected_multimodality",TRUE,"stable_across_1000_2000_5000_events"
"flowsom_consensus_k62_seed42",58,"CD21","ambiguous","no_detected_multimodality","ambiguous","ambiguous",FALSE,"base_evidence_ambiguous"
"flowsom_consensus_k62_seed42",58,"CD3","detected_multimodality","ambiguous","detected_multimodality","ambiguous",FALSE,"sample_size_instability"
"flowsom_consensus_k62_seed42",58,"CD56","ambiguous","no_detected_multimodality","no_detected_multimodality","ambiguous",FALSE,"base_evidence_ambiguous"
"flowsom_consensus_k62_seed42",58,"HLA-DR","detected_multimodality","detected_multimodality","detected_multimodality","detected_multimodality",TRUE,"stable_across_1000_2000_5000_events"
"flowsom_consensus_k62_seed42",58,"TCRgd_CD141","ambiguous","no_detected_multimodality","ambiguous","ambiguous",FALSE,"base_evidence_ambiguous"
"flowsom_consensus_k62_seed42",60,"CD11c","detected_multimodality","ambiguous","detected_multimodality","ambiguous",FALSE,"sample_size_instability"
"flowsom_consensus_k62_seed42",60,"CD14","no_detected_multimodality","no_detected_multimodality","ambiguous","ambiguous",FALSE,"sample_size_instability"
"flowsom_consensus_k62_seed42",60,"CD159c_NKG2C","no_detected_multimodality","no_detected_multimodality","no_detected_multimodality","no_detected_multimodality",TRUE,"stable_across_1000_2000_5000_events"
"flowsom_consensus_k62_seed42",60,"CD185_CXCR5","detected_multimodality","ambiguous","detected_multimodality","ambiguous",FALSE,"sample_size_instability"
"flowsom_consensus_k62_seed42",60,"CD19","ambiguous","ambiguous","ambiguous","ambiguous",TRUE,"base_evidence_ambiguous"
"flowsom_consensus_k62_seed42",60,"CD21","detected_multimodality","detected_multimodality","detected_multimodality","detected_multimodality",TRUE,"stable_across_1000_2000_5000_events"
"flowsom_consensus_k62_seed42",60,"CD27","ambiguous","no_detected_multimodality","no_detected_multimodality","ambiguous",FALSE,"base_evidence_ambiguous"
"flowsom_consensus_k62_seed42",60,"CD38","ambiguous","no_detected_multimodality","ambiguous","ambiguous",FALSE,"base_evidence_ambiguous"
"flowsom_consensus_k62_seed42",60,"CD8","ambiguous","no_detected_multimodality","ambiguous","ambiguous",FALSE,"base_evidence_ambiguous"
"flowsom_consensus_k62_seed42",61,"CD11c","detected_multimodality","detected_multimodality","detected_multimodality","detected_multimodality",TRUE,"stable_across_1000_2000_5000_events"
"flowsom_consensus_k62_seed42",61,"CD14","ambiguous","no_detected_multimodality","ambiguous","ambiguous",FALSE,"base_evidence_ambiguous"
"flowsom_consensus_k62_seed42",61,"CD159c_NKG2C","ambiguous","no_detected_multimodality","detected_multimodality","ambiguous",FALSE,"base_evidence_ambiguous"
"flowsom_consensus_k62_seed42",61,"CD16","detected_multimodality","ambiguous","detected_multimodality","ambiguous",FALSE,"sample_size_instability"
"flowsom_consensus_k62_seed42",61,"CD185_CXCR5","no_detected_multimodality","no_detected_multimodality","ambiguous","ambiguous",FALSE,"sample_size_instability"
"flowsom_consensus_k62_seed42",61,"CD197_CCR7","ambiguous","ambiguous","detected_multimodality","ambiguous",FALSE,"base_evidence_ambiguous"
"flowsom_consensus_k62_seed42",61,"CD21","ambiguous","no_detected_multimodality","ambiguous","ambiguous",FALSE,"base_evidence_ambiguous"
"flowsom_consensus_k62_seed42",61,"CD25","ambiguous","no_detected_multimodality","ambiguous","ambiguous",FALSE,"base_evidence_ambiguous"
"flowsom_consensus_k62_seed42",61,"CD27","detected_multimodality","detected_multimodality","detected_multimodality","detected_multimodality",TRUE,"stable_across_1000_2000_5000_events"
"flowsom_consensus_k62_seed42",61,"CD3","ambiguous","ambiguous","detected_multimodality","ambiguous",FALSE,"base_evidence_ambiguous"
"flowsom_consensus_k62_seed42",61,"CD303_TCRvd2","ambiguous","no_detected_multimodality","ambiguous","ambiguous",FALSE,"base_evidence_ambiguous"
"flowsom_consensus_k62_seed42",61,"CD38","ambiguous","no_detected_multimodality","detected_multimodality","ambiguous",FALSE,"base_evidence_ambiguous"
"flowsom_consensus_k62_seed42",61,"CD4","detected_multimodality","ambiguous","detected_multimodality","ambiguous",FALSE,"sample_size_instability"
"flowsom_consensus_k62_seed42",61,"CD45RA","detected_multimodality","detected_multimodality","detected_multimodality","detected_multimodality",TRUE,"stable_across_1000_2000_5000_events"
"flowsom_consensus_k62_seed42",61,"CD7","detected_multimodality","detected_multimodality","detected_multimodality","detected_multimodality",TRUE,"stable_across_1000_2000_5000_events"
"flowsom_consensus_k62_seed42",61,"HLA-DR","ambiguous","ambiguous","ambiguous","ambiguous",TRUE,"base_evidence_ambiguous"
"flowsom_consensus_k62_seed42",61,"Tbet","detected_multimodality","detected_multimodality","detected_multimodality","detected_multimodality",TRUE,"stable_across_1000_2000_5000_events"
"flowsom_consensus_k62_seed42",61,"TCRgd_CD141","ambiguous","ambiguous","detected_multimodality","ambiguous",FALSE,"base_evidence_ambiguous"
"flowsom_consensus_k62_seed42",62,"CD127","detected_multimodality","ambiguous","detected_multimodality","ambiguous",FALSE,"sample_size_instability"
"flowsom_consensus_k62_seed42",62,"CD159c_NKG2C","detected_multimodality","detected_multimodality","detected_multimodality","detected_multimodality",TRUE,"stable_across_1000_2000_5000_events"
"flowsom_consensus_k62_seed42",62,"CD161","detected_multimodality","ambiguous","detected_multimodality","ambiguous",FALSE,"sample_size_instability"
"flowsom_consensus_k62_seed42",62,"CD27","detected_multimodality","detected_multimodality","detected_multimodality","detected_multimodality",TRUE,"stable_across_1000_2000_5000_events"
"flowsom_consensus_k62_seed42",62,"CD294_CRTH2","detected_multimodality","detected_multimodality","detected_multimodality","detected_multimodality",TRUE,"stable_across_1000_2000_5000_events"
"flowsom_consensus_k62_seed42",62,"CD3","no_detected_multimodality","no_detected_multimodality","ambiguous","ambiguous",FALSE,"sample_size_instability"
"flowsom_consensus_k62_seed42",62,"CD56","detected_multimodality","ambiguous","detected_multimodality","ambiguous",FALSE,"sample_size_instability"
"flowsom_consensus_k62_seed42",62,"CD57","ambiguous","ambiguous","ambiguous","ambiguous",TRUE,"base_evidence_ambiguous"
"flowsom_consensus_k62_seed42",62,"HLA-DR","ambiguous","ambiguous","ambiguous","ambiguous",TRUE,"base_evidence_ambiguous"
"historical_80_20_ward_k50",1,"CD11c","ambiguous","ambiguous","detected_multimodality","ambiguous",FALSE,"base_evidence_ambiguous"
"historical_80_20_ward_k50",1,"CD14","ambiguous","ambiguous","detected_multimodality","ambiguous",FALSE,"base_evidence_ambiguous"
"historical_80_20_ward_k50",1,"CD159c_NKG2C","ambiguous","ambiguous","detected_multimodality","ambiguous",FALSE,"base_evidence_ambiguous"
"historical_80_20_ward_k50",1,"CD16","ambiguous","ambiguous","detected_multimodality","ambiguous",FALSE,"base_evidence_ambiguous"
"historical_80_20_ward_k50",1,"CD185_CXCR5","ambiguous","ambiguous","ambiguous","ambiguous",TRUE,"base_evidence_ambiguous"
"historical_80_20_ward_k50",1,"CD19","ambiguous","no_detected_multimodality","no_detected_multimodality","ambiguous",FALSE,"base_evidence_ambiguous"
"historical_80_20_ward_k50",1,"CD197_CCR7","ambiguous","no_detected_multimodality","ambiguous","ambiguous",FALSE,"base_evidence_ambiguous"
"historical_80_20_ward_k50",1,"CD21","ambiguous","ambiguous","detected_multimodality","ambiguous",FALSE,"base_evidence_ambiguous"
"historical_80_20_ward_k50",1,"CD27","no_detected_multimodality","no_detected_multimodality","no_detected_multimodality","no_detected_multimodality",TRUE,"stable_across_1000_2000_5000_events"
"historical_80_20_ward_k50",1,"CD3","ambiguous","no_detected_multimodality","ambiguous","ambiguous",FALSE,"base_evidence_ambiguous"
"historical_80_20_ward_k50",1,"CD7","ambiguous","no_detected_multimodality","ambiguous","ambiguous",FALSE,"base_evidence_ambiguous"
"historical_80_20_ward_k50",1,"FoxP3","ambiguous","ambiguous","detected_multimodality","ambiguous",FALSE,"base_evidence_ambiguous"
"historical_80_20_ward_k50",1,"Tbet","ambiguous","ambiguous","detected_multimodality","ambiguous",FALSE,"base_evidence_ambiguous"
"historical_80_20_ward_k50",2,"CD11c","ambiguous","no_detected_multimodality","ambiguous","ambiguous",FALSE,"base_evidence_ambiguous"
"historical_80_20_ward_k50",2,"CD16","no_detected_multimodality","no_detected_multimodality","no_detected_multimodality","no_detected_multimodality",TRUE,"stable_across_1000_2000_5000_events"
"historical_80_20_ward_k50",2,"CD185_CXCR5","ambiguous","no_detected_multimodality","ambiguous","ambiguous",FALSE,"base_evidence_ambiguous"
"historical_80_20_ward_k50",2,"CD197_CCR7","no_detected_multimodality","no_detected_multimodality","no_detected_multimodality","no_detected_multimodality",TRUE,"stable_across_1000_2000_5000_events"
"historical_80_20_ward_k50",2,"CD1c","no_detected_multimodality","no_detected_multimodality","ambiguous","ambiguous",FALSE,"sample_size_instability"
"historical_80_20_ward_k50",2,"CD21","no_detected_multimodality","no_detected_multimodality","no_detected_multimodality","no_detected_multimodality",TRUE,"stable_across_1000_2000_5000_events"
"historical_80_20_ward_k50",2,"CD38","ambiguous","ambiguous","ambiguous","ambiguous",TRUE,"base_evidence_ambiguous"
"historical_80_20_ward_k50",2,"Tbet","ambiguous","no_detected_multimodality","ambiguous","ambiguous",FALSE,"base_evidence_ambiguous"
"historical_80_20_ward_k50",3,"CD11c","ambiguous","ambiguous","detected_multimodality","ambiguous",FALSE,"base_evidence_ambiguous"
"historical_80_20_ward_k50",3,"CD185_CXCR5","ambiguous","no_detected_multimodality","ambiguous","ambiguous",FALSE,"base_evidence_ambiguous"
"historical_80_20_ward_k50",3,"CD19","no_detected_multimodality","no_detected_multimodality","no_detected_multimodality","no_detected_multimodality",TRUE,"stable_across_1000_2000_5000_events"
"historical_80_20_ward_k50",3,"CD1c","ambiguous","no_detected_multimodality","ambiguous","ambiguous",FALSE,"base_evidence_ambiguous"
"historical_80_20_ward_k50",3,"CD38","no_detected_multimodality","no_detected_multimodality","ambiguous","ambiguous",FALSE,"sample_size_instability"
"historical_80_20_ward_k50",3,"CD57","ambiguous","ambiguous","detected_multimodality","ambiguous",FALSE,"base_evidence_ambiguous"
"historical_80_20_ward_k50",4,"CD14","no_detected_multimodality","no_detected_multimodality","no_detected_multimodality","no_detected_multimodality",TRUE,"stable_across_1000_2000_5000_events"
"historical_80_20_ward_k50",4,"CD159c_NKG2C","ambiguous","no_detected_multimodality","ambiguous","ambiguous",FALSE,"base_evidence_ambiguous"
"historical_80_20_ward_k50",4,"CD161","no_detected_multimodality","no_detected_multimodality","no_detected_multimodality","no_detected_multimodality",TRUE,"stable_across_1000_2000_5000_events"
"historical_80_20_ward_k50",4,"CD57","ambiguous","no_detected_multimodality","ambiguous","ambiguous",FALSE,"base_evidence_ambiguous"
"historical_80_20_ward_k50",4,"Tbet","no_detected_multimodality","no_detected_multimodality","no_detected_multimodality","no_detected_multimodality",TRUE,"stable_across_1000_2000_5000_events"
"historical_80_20_ward_k50",5,"CD11c","no_detected_multimodality","ambiguous","no_detected_multimodality","ambiguous",FALSE,"sample_size_instability"
"historical_80_20_ward_k50",5,"CD16","detected_multimodality","detected_multimodality","detected_multimodality","detected_multimodality",TRUE,"stable_across_1000_2000_5000_events"
"historical_80_20_ward_k50",5,"CD3","detected_multimodality","detected_multimodality","detected_multimodality","detected_multimodality",TRUE,"stable_across_1000_2000_5000_events"
"historical_80_20_ward_k50",5,"CD45RA","no_detected_multimodality","no_detected_multimodality","no_detected_multimodality","no_detected_multimodality",TRUE,"stable_across_1000_2000_5000_events"
"historical_80_20_ward_k50",5,"CD56","ambiguous","no_detected_multimodality","ambiguous","ambiguous",FALSE,"base_evidence_ambiguous"
"historical_80_20_ward_k50",5,"CD57","detected_multimodality","detected_multimodality","detected_multimodality","detected_multimodality",TRUE,"stable_across_1000_2000_5000_events"
"historical_80_20_ward_k50",5,"TCRgd_CD141","ambiguous","no_detected_multimodality","no_detected_multimodality","ambiguous",FALSE,"base_evidence_ambiguous"
"historical_80_20_ward_k50",6,"CD16","no_detected_multimodality","no_detected_multimodality","no_detected_multimodality","no_detected_multimodality",TRUE,"stable_across_1000_2000_5000_events"
"historical_80_20_ward_k50",6,"CD161","no_detected_multimodality","no_detected_multimodality","no_detected_multimodality","no_detected_multimodality",TRUE,"stable_across_1000_2000_5000_events"
"historical_80_20_ward_k50",6,"CD1c","no_detected_multimodality","no_detected_multimodality","no_detected_multimodality","no_detected_multimodality",TRUE,"stable_across_1000_2000_5000_events"
"historical_80_20_ward_k50",6,"CD21","no_detected_multimodality","no_detected_multimodality","no_detected_multimodality","no_detected_multimodality",TRUE,"stable_across_1000_2000_5000_events"
"historical_80_20_ward_k50",6,"CD25","no_detected_multimodality","no_detected_multimodality","no_detected_multimodality","no_detected_multimodality",TRUE,"stable_across_1000_2000_5000_events"
"historical_80_20_ward_k50",6,"CD56","ambiguous","ambiguous","detected_multimodality","ambiguous",FALSE,"base_evidence_ambiguous"
"historical_80_20_ward_k50",7,"CD11c","ambiguous","ambiguous","ambiguous","ambiguous",TRUE,"base_evidence_ambiguous"
"historical_80_20_ward_k50",7,"CD159c_NKG2C","detected_multimodality","ambiguous","detected_multimodality","ambiguous",FALSE,"sample_size_instability"
"historical_80_20_ward_k50",7,"CD16","ambiguous","no_detected_multimodality","ambiguous","ambiguous",FALSE,"base_evidence_ambiguous"
"historical_80_20_ward_k50",7,"CD19","no_detected_multimodality","no_detected_multimodality","no_detected_multimodality","no_detected_multimodality",TRUE,"stable_across_1000_2000_5000_events"
"historical_80_20_ward_k50",7,"CD38","no_detected_multimodality","no_detected_multimodality","no_detected_multimodality","no_detected_multimodality",TRUE,"stable_across_1000_2000_5000_events"
"historical_80_20_ward_k50",7,"CD57","no_detected_multimodality","no_detected_multimodality","ambiguous","ambiguous",FALSE,"sample_size_instability"
"historical_80_20_ward_k50",7,"CD7","no_detected_multimodality","no_detected_multimodality","no_detected_multimodality","no_detected_multimodality",TRUE,"stable_across_1000_2000_5000_events"
"historical_80_20_ward_k50",8,"CD159c_NKG2C","ambiguous","ambiguous","detected_multimodality","ambiguous",FALSE,"base_evidence_ambiguous"
"historical_80_20_ward_k50",8,"CD56","detected_multimodality","ambiguous","detected_multimodality","ambiguous",FALSE,"sample_size_instability"
"historical_80_20_ward_k50",8,"CD57","detected_multimodality","detected_multimodality","detected_multimodality","detected_multimodality",TRUE,"stable_across_1000_2000_5000_events"
"historical_80_20_ward_k50",8,"CD8","no_detected_multimodality","no_detected_multimodality","no_detected_multimodality","no_detected_multimodality",TRUE,"stable_across_1000_2000_5000_events"
"historical_80_20_ward_k50",9,"CD11c","no_detected_multimodality","no_detected_multimodality","no_detected_multimodality","no_detected_multimodality",TRUE,"stable_across_1000_2000_5000_events"
"historical_80_20_ward_k50",9,"CD159c_NKG2C","ambiguous","no_detected_multimodality","ambiguous","ambiguous",FALSE,"base_evidence_ambiguous"
"historical_80_20_ward_k50",9,"CD4","no_detected_multimodality","no_detected_multimodality","no_detected_multimodality","no_detected_multimodality",TRUE,"stable_across_1000_2000_5000_events"
"historical_80_20_ward_k50",9,"CD45RA","detected_multimodality","detected_multimodality","detected_multimodality","detected_multimodality",TRUE,"stable_across_1000_2000_5000_events"
"historical_80_20_ward_k50",9,"CD56","detected_multimodality","detected_multimodality","detected_multimodality","detected_multimodality",TRUE,"stable_across_1000_2000_5000_events"
"historical_80_20_ward_k50",9,"FoxP3","no_detected_multimodality","no_detected_multimodality","no_detected_multimodality","no_detected_multimodality",TRUE,"stable_across_1000_2000_5000_events"
"historical_80_20_ward_k50",10,"CD11c","detected_multimodality","ambiguous","detected_multimodality","ambiguous",FALSE,"sample_size_instability"
"historical_80_20_ward_k50",10,"CD16","detected_multimodality","detected_multimodality","detected_multimodality","detected_multimodality",TRUE,"stable_across_1000_2000_5000_events"
"historical_80_20_ward_k50",10,"CD19","ambiguous","no_detected_multimodality","no_detected_multimodality","ambiguous",FALSE,"base_evidence_ambiguous"
"historical_80_20_ward_k50",10,"CD27","no_detected_multimodality","no_detected_multimodality","no_detected_multimodality","no_detected_multimodality",TRUE,"stable_across_1000_2000_5000_events"
"historical_80_20_ward_k50",10,"CD294_CRTH2","ambiguous","no_detected_multimodality","no_detected_multimodality","ambiguous",FALSE,"base_evidence_ambiguous"
"historical_80_20_ward_k50",10,"CD3","detected_multimodality","detected_multimodality","detected_multimodality","detected_multimodality",TRUE,"stable_across_1000_2000_5000_events"
"historical_80_20_ward_k50",10,"CD4","ambiguous","ambiguous","detected_multimodality","ambiguous",FALSE,"base_evidence_ambiguous"
"historical_80_20_ward_k50",10,"CD56","detected_multimodality","detected_multimodality","detected_multimodality","detected_multimodality",TRUE,"stable_across_1000_2000_5000_events"
"historical_80_20_ward_k50",10,"CD7","ambiguous","no_detected_multimodality","ambiguous","ambiguous",FALSE,"base_evidence_ambiguous"
"historical_80_20_ward_k50",10,"HLA-DR","no_detected_multimodality","no_detected_multimodality","no_detected_multimodality","no_detected_multimodality",TRUE,"stable_across_1000_2000_5000_events"
"historical_80_20_ward_k50",11,"CD11c","detected_multimodality","detected_multimodality","detected_multimodality","detected_multimodality",TRUE,"stable_across_1000_2000_5000_events"
"historical_80_20_ward_k50",11,"CD16","detected_multimodality","detected_multimodality","detected_multimodality","detected_multimodality",TRUE,"stable_across_1000_2000_5000_events"
"historical_80_20_ward_k50",11,"CD197_CCR7","no_detected_multimodality","no_detected_multimodality","ambiguous","ambiguous",FALSE,"sample_size_instability"
"historical_80_20_ward_k50",11,"CD56","ambiguous","ambiguous","detected_multimodality","ambiguous",FALSE,"base_evidence_ambiguous"
"historical_80_20_ward_k50",11,"TCRgd_CD141","no_detected_multimodality","no_detected_multimodality","no_detected_multimodality","no_detected_multimodality",TRUE,"stable_across_1000_2000_5000_events"
"historical_80_20_ward_k50",12,"CD25","no_detected_multimodality","no_detected_multimodality","no_detected_multimodality","no_detected_multimodality",TRUE,"stable_across_1000_2000_5000_events"
"historical_80_20_ward_k50",12,"CD27","ambiguous","ambiguous","detected_multimodality","ambiguous",FALSE,"base_evidence_ambiguous"
"historical_80_20_ward_k50",12,"CD45RA","detected_multimodality","detected_multimodality","detected_multimodality","detected_multimodality",TRUE,"stable_across_1000_2000_5000_events"
"historical_80_20_ward_k50",12,"CD56","ambiguous","no_detected_multimodality","ambiguous","ambiguous",FALSE,"base_evidence_ambiguous"
"historical_80_20_ward_k50",12,"CD7","no_detected_multimodality","no_detected_multimodality","no_detected_multimodality","no_detected_multimodality",TRUE,"stable_across_1000_2000_5000_events"
"historical_80_20_ward_k50",13,"CD159c_NKG2C","no_detected_multimodality","no_detected_multimodality","no_detected_multimodality","no_detected_multimodality",TRUE,"stable_across_1000_2000_5000_events"
"historical_80_20_ward_k50",13,"CD38","detected_multimodality","ambiguous","detected_multimodality","ambiguous",FALSE,"sample_size_instability"
"historical_80_20_ward_k50",13,"CD45RA","ambiguous","ambiguous","ambiguous","ambiguous",TRUE,"base_evidence_ambiguous"
"historical_80_20_ward_k50",13,"CD57","no_detected_multimodality","no_detected_multimodality","no_detected_multimodality","no_detected_multimodality",TRUE,"stable_across_1000_2000_5000_events"
"historical_80_20_ward_k50",13,"CD7","detected_multimodality","detected_multimodality","detected_multimodality","detected_multimodality",TRUE,"stable_across_1000_2000_5000_events"
"historical_80_20_ward_k50",13,"CD8","no_detected_multimodality","ambiguous","no_detected_multimodality","ambiguous",FALSE,"sample_size_instability"
"historical_80_20_ward_k50",13,"FoxP3","detected_multimodality","detected_multimodality","detected_multimodality","detected_multimodality",TRUE,"stable_across_1000_2000_5000_events"
"historical_80_20_ward_k50",14,"CD161","detected_multimodality","ambiguous","detected_multimodality","ambiguous",FALSE,"sample_size_instability"
"historical_80_20_ward_k50",14,"CD27","detected_multimodality","detected_multimodality","detected_multimodality","detected_multimodality",TRUE,"stable_across_1000_2000_5000_events"
"historical_80_20_ward_k50",14,"CD3","ambiguous","no_detected_multimodality","no_detected_multimodality","ambiguous",FALSE,"base_evidence_ambiguous"
"historical_80_20_ward_k50",14,"CD38","ambiguous","no_detected_multimodality","no_detected_multimodality","ambiguous",FALSE,"base_evidence_ambiguous"
"historical_80_20_ward_k50",14,"CD56","ambiguous","ambiguous","ambiguous","ambiguous",TRUE,"base_evidence_ambiguous"
"historical_80_20_ward_k50",14,"CD8","detected_multimodality","detected_multimodality","detected_multimodality","detected_multimodality",TRUE,"stable_across_1000_2000_5000_events"
"historical_80_20_ward_k50",14,"FoxP3","no_detected_multimodality","no_detected_multimodality","no_detected_multimodality","no_detected_multimodality",TRUE,"stable_across_1000_2000_5000_events"
"historical_80_20_ward_k50",14,"Tbet","no_detected_multimodality","no_detected_multimodality","no_detected_multimodality","no_detected_multimodality",TRUE,"stable_across_1000_2000_5000_events"
"historical_80_20_ward_k50",15,"CD27","detected_multimodality","detected_multimodality","detected_multimodality","detected_multimodality",TRUE,"stable_across_1000_2000_5000_events"
"historical_80_20_ward_k50",15,"CD294_CRTH2","no_detected_multimodality","no_detected_multimodality","no_detected_multimodality","no_detected_multimodality",TRUE,"stable_across_1000_2000_5000_events"
"historical_80_20_ward_k50",16,"CD127","ambiguous","no_detected_multimodality","ambiguous","ambiguous",FALSE,"base_evidence_ambiguous"
"historical_80_20_ward_k50",16,"CD159c_NKG2C","ambiguous","no_detected_multimodality","ambiguous","ambiguous",FALSE,"base_evidence_ambiguous"
"historical_80_20_ward_k50",16,"CD16","detected_multimodality","detected_multimodality","detected_multimodality","detected_multimodality",TRUE,"stable_across_1000_2000_5000_events"
"historical_80_20_ward_k50",16,"CD161","ambiguous","no_detected_multimodality","no_detected_multimodality","ambiguous",FALSE,"base_evidence_ambiguous"
"historical_80_20_ward_k50",16,"CD185_CXCR5","ambiguous","ambiguous","detected_multimodality","ambiguous",FALSE,"base_evidence_ambiguous"
"historical_80_20_ward_k50",16,"CD21","ambiguous","ambiguous","detected_multimodality","ambiguous",FALSE,"base_evidence_ambiguous"
"historical_80_20_ward_k50",16,"CD25","ambiguous","no_detected_multimodality","ambiguous","ambiguous",FALSE,"base_evidence_ambiguous"
"historical_80_20_ward_k50",16,"CD27","ambiguous","no_detected_multimodality","ambiguous","ambiguous",FALSE,"base_evidence_ambiguous"
"historical_80_20_ward_k50",16,"CD3","ambiguous","no_detected_multimodality","ambiguous","ambiguous",FALSE,"base_evidence_ambiguous"
"historical_80_20_ward_k50",16,"CD38","ambiguous","ambiguous","detected_multimodality","ambiguous",FALSE,"base_evidence_ambiguous"
"historical_80_20_ward_k50",16,"CD45RA","ambiguous","ambiguous","ambiguous","ambiguous",TRUE,"base_evidence_ambiguous"
"historical_80_20_ward_k50",16,"CD57","ambiguous","ambiguous","no_detected_multimodality","ambiguous",FALSE,"base_evidence_ambiguous"
"historical_80_20_ward_k50",17,"CD127","ambiguous","no_detected_multimodality","no_detected_multimodality","ambiguous",FALSE,"base_evidence_ambiguous"
"historical_80_20_ward_k50",17,"CD161","ambiguous","no_detected_multimodality","ambiguous","ambiguous",FALSE,"base_evidence_ambiguous"
"historical_80_20_ward_k50",17,"CD19","ambiguous","no_detected_multimodality","ambiguous","ambiguous",FALSE,"base_evidence_ambiguous"
"historical_80_20_ward_k50",17,"CD27","detected_multimodality","detected_multimodality","detected_multimodality","detected_multimodality",TRUE,"stable_across_1000_2000_5000_events"
"historical_80_20_ward_k50",17,"CD294_CRTH2","no_detected_multimodality","no_detected_multimodality","no_detected_multimodality","no_detected_multimodality",TRUE,"stable_across_1000_2000_5000_events"
"historical_80_20_ward_k50",17,"CD303_TCRvd2","ambiguous","no_detected_multimodality","ambiguous","ambiguous",FALSE,"base_evidence_ambiguous"
"historical_80_20_ward_k50",17,"CD4","detected_multimodality","ambiguous","detected_multimodality","ambiguous",FALSE,"sample_size_instability"
"historical_80_20_ward_k50",17,"CD56","no_detected_multimodality","no_detected_multimodality","no_detected_multimodality","no_detected_multimodality",TRUE,"stable_across_1000_2000_5000_events"
"historical_80_20_ward_k50",17,"CD7","no_detected_multimodality","no_detected_multimodality","no_detected_multimodality","no_detected_multimodality",TRUE,"stable_across_1000_2000_5000_events"
"historical_80_20_ward_k50",18,"CD127","ambiguous","ambiguous","ambiguous","ambiguous",TRUE,"base_evidence_ambiguous"
"historical_80_20_ward_k50",18,"CD185_CXCR5","no_detected_multimodality","no_detected_multimodality","no_detected_multimodality","no_detected_multimodality",TRUE,"stable_across_1000_2000_5000_events"
"historical_80_20_ward_k50",18,"CD27","detected_multimodality","ambiguous","detected_multimodality","ambiguous",FALSE,"sample_size_instability"
"historical_80_20_ward_k50",18,"CD3","no_detected_multimodality","no_detected_multimodality","no_detected_multimodality","no_detected_multimodality",TRUE,"stable_across_1000_2000_5000_events"
"historical_80_20_ward_k50",19,"CD11c","ambiguous","no_detected_multimodality","no_detected_multimodality","ambiguous",FALSE,"base_evidence_ambiguous"
"historical_80_20_ward_k50",19,"CD159c_NKG2C","ambiguous","ambiguous","ambiguous","ambiguous",TRUE,"base_evidence_ambiguous"
"historical_80_20_ward_k50",19,"CD16","ambiguous","no_detected_multimodality","ambiguous","ambiguous",FALSE,"base_evidence_ambiguous"
"historical_80_20_ward_k50",19,"CD21","ambiguous","no_detected_multimodality","no_detected_multimodality","ambiguous",FALSE,"base_evidence_ambiguous"
"historical_80_20_ward_k50",19,"CD27","ambiguous","ambiguous","no_detected_multimodality","ambiguous",FALSE,"base_evidence_ambiguous"
"historical_80_20_ward_k50",19,"CD4","no_detected_multimodality","no_detected_multimodality","no_detected_multimodality","no_detected_multimodality",TRUE,"stable_across_1000_2000_5000_events"
"historical_80_20_ward_k50",19,"CD56","ambiguous","ambiguous","detected_multimodality","ambiguous",FALSE,"base_evidence_ambiguous"
"historical_80_20_ward_k50",19,"CD57","detected_multimodality","detected_multimodality","detected_multimodality","detected_multimodality",TRUE,"stable_across_1000_2000_5000_events"
"historical_80_20_ward_k50",20,"CD11c","ambiguous","ambiguous","ambiguous","ambiguous",TRUE,"base_evidence_ambiguous"
"historical_80_20_ward_k50",20,"CD127","detected_multimodality","detected_multimodality","detected_multimodality","detected_multimodality",TRUE,"stable_across_1000_2000_5000_events"
"historical_80_20_ward_k50",20,"CD159c_NKG2C","detected_multimodality","detected_multimodality","detected_multimodality","detected_multimodality",TRUE,"stable_across_1000_2000_5000_events"
"historical_80_20_ward_k50",20,"CD16","no_detected_multimodality","no_detected_multimodality","no_detected_multimodality","no_detected_multimodality",TRUE,"stable_across_1000_2000_5000_events"
"historical_80_20_ward_k50",20,"CD161","detected_multimodality","detected_multimodality","detected_multimodality","detected_multimodality",TRUE,"stable_across_1000_2000_5000_events"
"historical_80_20_ward_k50",20,"CD19","detected_multimodality","detected_multimodality","detected_multimodality","detected_multimodality",TRUE,"stable_across_1000_2000_5000_events"
"historical_80_20_ward_k50",20,"CD1c","no_detected_multimodality","no_detected_multimodality","no_detected_multimodality","no_detected_multimodality",TRUE,"stable_across_1000_2000_5000_events"
"historical_80_20_ward_k50",20,"CD25","no_detected_multimodality","no_detected_multimodality","no_detected_multimodality","no_detected_multimodality",TRUE,"stable_across_1000_2000_5000_events"
"historical_80_20_ward_k50",20,"CD27","detected_multimodality","detected_multimodality","detected_multimodality","detected_multimodality",TRUE,"stable_across_1000_2000_5000_events"
"historical_80_20_ward_k50",20,"CD294_CRTH2","detected_multimodality","detected_multimodality","detected_multimodality","detected_multimodality",TRUE,"stable_across_1000_2000_5000_events"
"historical_80_20_ward_k50",20,"CD3","ambiguous","ambiguous","ambiguous","ambiguous",TRUE,"base_evidence_ambiguous"
"historical_80_20_ward_k50",20,"CD4","ambiguous","no_detected_multimodality","ambiguous","ambiguous",FALSE,"base_evidence_ambiguous"
"historical_80_20_ward_k50",20,"CD45RA","detected_multimodality","ambiguous","detected_multimodality","ambiguous",FALSE,"sample_size_instability"
"historical_80_20_ward_k50",20,"CD56","detected_multimodality","ambiguous","detected_multimodality","ambiguous",FALSE,"sample_size_instability"
"historical_80_20_ward_k50",20,"TCRgd_CD141","no_detected_multimodality","no_detected_multimodality","ambiguous","ambiguous",FALSE,"sample_size_instability"
"historical_80_20_ward_k50",21,"CD11c","no_detected_multimodality","no_detected_multimodality","ambiguous","ambiguous",FALSE,"sample_size_instability"
"historical_80_20_ward_k50",21,"CD56","detected_multimodality","detected_multimodality","detected_multimodality","detected_multimodality",TRUE,"stable_across_1000_2000_5000_events"
"historical_80_20_ward_k50",22,"CD27","detected_multimodality","detected_multimodality","detected_multimodality","detected_multimodality",TRUE,"stable_across_1000_2000_5000_events"
"historical_80_20_ward_k50",22,"CD7","ambiguous","ambiguous","ambiguous","ambiguous",TRUE,"base_evidence_ambiguous"
"historical_80_20_ward_k50",22,"Tbet","no_detected_multimodality","no_detected_multimodality","no_detected_multimodality","no_detected_multimodality",TRUE,"stable_across_1000_2000_5000_events"
"historical_80_20_ward_k50",22,"TCRgd_CD141","no_detected_multimodality","no_detected_multimodality","no_detected_multimodality","no_detected_multimodality",TRUE,"stable_across_1000_2000_5000_events"
"historical_80_20_ward_k50",23,"CD11c","detected_multimodality","detected_multimodality","detected_multimodality","detected_multimodality",TRUE,"stable_across_1000_2000_5000_events"
"historical_80_20_ward_k50",23,"CD19","ambiguous","ambiguous","detected_multimodality","ambiguous",FALSE,"base_evidence_ambiguous"
"historical_80_20_ward_k50",23,"CD1c","ambiguous","ambiguous","detected_multimodality","ambiguous",FALSE,"base_evidence_ambiguous"
"historical_80_20_ward_k50",23,"CD25","ambiguous","no_detected_multimodality","ambiguous","ambiguous",FALSE,"base_evidence_ambiguous"
"historical_80_20_ward_k50",23,"CD3","no_detected_multimodality","no_detected_multimodality","no_detected_multimodality","no_detected_multimodality",TRUE,"stable_across_1000_2000_5000_events"
"historical_80_20_ward_k50",23,"CD38","ambiguous","no_detected_multimodality","no_detected_multimodality","ambiguous",FALSE,"base_evidence_ambiguous"
"historical_80_20_ward_k50",23,"CD45RA","ambiguous","ambiguous","ambiguous","ambiguous",TRUE,"base_evidence_ambiguous"
"historical_80_20_ward_k50",23,"CD56","ambiguous","ambiguous","ambiguous","ambiguous",TRUE,"base_evidence_ambiguous"
"historical_80_20_ward_k50",23,"CD57","ambiguous","ambiguous","ambiguous","ambiguous",TRUE,"base_evidence_ambiguous"
"historical_80_20_ward_k50",23,"CD7","ambiguous","ambiguous","no_detected_multimodality","ambiguous",FALSE,"base_evidence_ambiguous"
"historical_80_20_ward_k50",23,"HLA-DR","detected_multimodality","detected_multimodality","detected_multimodality","detected_multimodality",TRUE,"stable_across_1000_2000_5000_events"
"historical_80_20_ward_k50",23,"TCRgd_CD141","ambiguous","ambiguous","detected_multimodality","ambiguous",FALSE,"base_evidence_ambiguous"
"historical_80_20_ward_k50",24,"CD16","no_detected_multimodality","no_detected_multimodality","ambiguous","ambiguous",FALSE,"sample_size_instability"
"historical_80_20_ward_k50",24,"CD161","detected_multimodality","ambiguous","detected_multimodality","ambiguous",FALSE,"sample_size_instability"
"historical_80_20_ward_k50",24,"CD197_CCR7","no_detected_multimodality","no_detected_multimodality","no_detected_multimodality","no_detected_multimodality",TRUE,"stable_across_1000_2000_5000_events"
"historical_80_20_ward_k50",24,"CD1c","ambiguous","no_detected_multimodality","no_detected_multimodality","ambiguous",FALSE,"base_evidence_ambiguous"
"historical_80_20_ward_k50",24,"CD25","ambiguous","no_detected_multimodality","no_detected_multimodality","ambiguous",FALSE,"base_evidence_ambiguous"
"historical_80_20_ward_k50",24,"CD3","detected_multimodality","detected_multimodality","detected_multimodality","detected_multimodality",TRUE,"stable_across_1000_2000_5000_events"
"historical_80_20_ward_k50",24,"CD4","detected_multimodality","detected_multimodality","detected_multimodality","detected_multimodality",TRUE,"stable_across_1000_2000_5000_events"
"historical_80_20_ward_k50",25,"CD11c","no_detected_multimodality","no_detected_multimodality","no_detected_multimodality","no_detected_multimodality",TRUE,"stable_across_1000_2000_5000_events"
"historical_80_20_ward_k50",25,"CD127","ambiguous","ambiguous","detected_multimodality","ambiguous",FALSE,"base_evidence_ambiguous"
"historical_80_20_ward_k50",25,"CD27","detected_multimodality","detected_multimodality","detected_multimodality","detected_multimodality",TRUE,"stable_across_1000_2000_5000_events"
"historical_80_20_ward_k50",25,"CD4","no_detected_multimodality","no_detected_multimodality","no_detected_multimodality","no_detected_multimodality",TRUE,"stable_across_1000_2000_5000_events"
"historical_80_20_ward_k50",25,"CD45RA","no_detected_multimodality","no_detected_multimodality","no_detected_multimodality","no_detected_multimodality",TRUE,"stable_across_1000_2000_5000_events"
"historical_80_20_ward_k50",25,"CD56","no_detected_multimodality","no_detected_multimodality","no_detected_multimodality","no_detected_multimodality",TRUE,"stable_across_1000_2000_5000_events"
"historical_80_20_ward_k50",25,"Tbet","ambiguous","ambiguous","detected_multimodality","ambiguous",FALSE,"base_evidence_ambiguous"
"historical_80_20_ward_k50",26,"CD303_TCRvd2","no_detected_multimodality","no_detected_multimodality","no_detected_multimodality","no_detected_multimodality",TRUE,"stable_across_1000_2000_5000_events"
"historical_80_20_ward_k50",27,"CD127","ambiguous","ambiguous","ambiguous","ambiguous",TRUE,"base_evidence_ambiguous"
"historical_80_20_ward_k50",27,"CD185_CXCR5","no_detected_multimodality","no_detected_multimodality","no_detected_multimodality","no_detected_multimodality",TRUE,"stable_across_1000_2000_5000_events"
"historical_80_20_ward_k50",27,"CD27","detected_multimodality","detected_multimodality","detected_multimodality","detected_multimodality",TRUE,"stable_across_1000_2000_5000_events"
"historical_80_20_ward_k50",27,"CD3","ambiguous","no_detected_multimodality","no_detected_multimodality","ambiguous",FALSE,"base_evidence_ambiguous"
"historical_80_20_ward_k50",27,"CD45RA","detected_multimodality","detected_multimodality","detected_multimodality","detected_multimodality",TRUE,"stable_across_1000_2000_5000_events"
"historical_80_20_ward_k50",27,"CD56","ambiguous","ambiguous","no_detected_multimodality","ambiguous",FALSE,"base_evidence_ambiguous"
"historical_80_20_ward_k50",27,"CD7","no_detected_multimodality","no_detected_multimodality","no_detected_multimodality","no_detected_multimodality",TRUE,"stable_across_1000_2000_5000_events"
"historical_80_20_ward_k50",27,"FoxP3","no_detected_multimodality","no_detected_multimodality","no_detected_multimodality","no_detected_multimodality",TRUE,"stable_across_1000_2000_5000_events"
"historical_80_20_ward_k50",28,"CD11c","ambiguous","ambiguous","no_detected_multimodality","ambiguous",FALSE,"base_evidence_ambiguous"
"historical_80_20_ward_k50",28,"CD127","no_detected_multimodality","no_detected_multimodality","no_detected_multimodality","no_detected_multimodality",TRUE,"stable_across_1000_2000_5000_events"
"historical_80_20_ward_k50",28,"CD1c","ambiguous","ambiguous","detected_multimodality","ambiguous",FALSE,"base_evidence_ambiguous"
"historical_80_20_ward_k50",28,"CD303_TCRvd2","no_detected_multimodality","no_detected_multimodality","no_detected_multimodality","no_detected_multimodality",TRUE,"stable_across_1000_2000_5000_events"
"historical_80_20_ward_k50",28,"CD45RA","ambiguous","ambiguous","detected_multimodality","ambiguous",FALSE,"base_evidence_ambiguous"
"historical_80_20_ward_k50",28,"CD56","detected_multimodality","detected_multimodality","detected_multimodality","detected_multimodality",TRUE,"stable_across_1000_2000_5000_events"
"historical_80_20_ward_k50",28,"TCRgd_CD141","detected_multimodality","detected_multimodality","detected_multimodality","detected_multimodality",TRUE,"stable_across_1000_2000_5000_events"
"historical_80_20_ward_k50",29,"CD197_CCR7","ambiguous","no_detected_multimodality","no_detected_multimodality","ambiguous",FALSE,"base_evidence_ambiguous"
"historical_80_20_ward_k50",29,"HLA-DR","no_detected_multimodality","no_detected_multimodality","no_detected_multimodality","no_detected_multimodality",TRUE,"stable_across_1000_2000_5000_events"
"historical_80_20_ward_k50",31,"CD11c","detected_multimodality","ambiguous","detected_multimodality","ambiguous",FALSE,"sample_size_instability"
"historical_80_20_ward_k50",31,"CD127","detected_multimodality","detected_multimodality","detected_multimodality","detected_multimodality",TRUE,"stable_across_1000_2000_5000_events"
"historical_80_20_ward_k50",31,"CD161","ambiguous","ambiguous","detected_multimodality","ambiguous",FALSE,"base_evidence_ambiguous"
"historical_80_20_ward_k50",31,"CD185_CXCR5","no_detected_multimodality","no_detected_multimodality","no_detected_multimodality","no_detected_multimodality",TRUE,"stable_across_1000_2000_5000_events"
"historical_80_20_ward_k50",31,"CD197_CCR7","no_detected_multimodality","no_detected_multimodality","no_detected_multimodality","no_detected_multimodality",TRUE,"stable_across_1000_2000_5000_events"
"historical_80_20_ward_k50",31,"CD3","detected_multimodality","detected_multimodality","detected_multimodality","detected_multimodality",TRUE,"stable_across_1000_2000_5000_events"
"historical_80_20_ward_k50",31,"CD38","detected_multimodality","detected_multimodality","detected_multimodality","detected_multimodality",TRUE,"stable_across_1000_2000_5000_events"
"historical_80_20_ward_k50",31,"CD4","detected_multimodality","detected_multimodality","detected_multimodality","detected_multimodality",TRUE,"stable_across_1000_2000_5000_events"
"historical_80_20_ward_k50",31,"CD45RA","no_detected_multimodality","no_detected_multimodality","no_detected_multimodality","no_detected_multimodality",TRUE,"stable_across_1000_2000_5000_events"
"historical_80_20_ward_k50",31,"FoxP3","no_detected_multimodality","no_detected_multimodality","no_detected_multimodality","no_detected_multimodality",TRUE,"stable_across_1000_2000_5000_events"
"historical_80_20_ward_k50",31,"HLA-DR","no_detected_multimodality","no_detected_multimodality","no_detected_multimodality","no_detected_multimodality",TRUE,"stable_across_1000_2000_5000_events"
"historical_80_20_ward_k50",32,"CD159c_NKG2C","no_detected_multimodality","no_detected_multimodality","no_detected_multimodality","no_detected_multimodality",TRUE,"stable_across_1000_2000_5000_events"
"historical_80_20_ward_k50",32,"CD303_TCRvd2","no_detected_multimodality","no_detected_multimodality","no_detected_multimodality","no_detected_multimodality",TRUE,"stable_across_1000_2000_5000_events"
"historical_80_20_ward_k50",33,"CD11c","ambiguous","ambiguous","ambiguous","ambiguous",TRUE,"base_evidence_ambiguous"
"historical_80_20_ward_k50",33,"CD14","ambiguous","no_detected_multimodality","ambiguous","ambiguous",FALSE,"base_evidence_ambiguous"
"historical_80_20_ward_k50",33,"CD161","detected_multimodality","ambiguous","detected_multimodality","ambiguous",FALSE,"sample_size_instability"
"historical_80_20_ward_k50",33,"CD185_CXCR5","ambiguous","no_detected_multimodality","ambiguous","ambiguous",FALSE,"base_evidence_ambiguous"
"historical_80_20_ward_k50",33,"CD19","no_detected_multimodality","no_detected_multimodality","no_detected_multimodality","no_detected_multimodality",TRUE,"stable_across_1000_2000_5000_events"
"historical_80_20_ward_k50",33,"CD197_CCR7","detected_multimodality","detected_multimodality","detected_multimodality","detected_multimodality",TRUE,"stable_across_1000_2000_5000_events"
"historical_80_20_ward_k50",33,"CD27","detected_multimodality","ambiguous","detected_multimodality","ambiguous",FALSE,"sample_size_instability"
"historical_80_20_ward_k50",33,"CD3","no_detected_multimodality","no_detected_multimodality","no_detected_multimodality","no_detected_multimodality",TRUE,"stable_across_1000_2000_5000_events"
"historical_80_20_ward_k50",33,"CD38","no_detected_multimodality","no_detected_multimodality","ambiguous","ambiguous",FALSE,"sample_size_instability"
"historical_80_20_ward_k50",33,"CD4","ambiguous","ambiguous","detected_multimodality","ambiguous",FALSE,"base_evidence_ambiguous"
"historical_80_20_ward_k50",33,"CD56","no_detected_multimodality","no_detected_multimodality","ambiguous","ambiguous",FALSE,"sample_size_instability"
"historical_80_20_ward_k50",33,"CD7","ambiguous","ambiguous","detected_multimodality","ambiguous",FALSE,"base_evidence_ambiguous"
"historical_80_20_ward_k50",33,"TCRgd_CD141","no_detected_multimodality","no_detected_multimodality","no_detected_multimodality","no_detected_multimodality",TRUE,"stable_across_1000_2000_5000_events"
"historical_80_20_ward_k50",34,"CD14","ambiguous","no_detected_multimodality","ambiguous","ambiguous",FALSE,"base_evidence_ambiguous"
"historical_80_20_ward_k50",34,"CD159c_NKG2C","ambiguous","no_detected_multimodality","detected_multimodality","ambiguous",FALSE,"base_evidence_ambiguous"
"historical_80_20_ward_k50",34,"CD27","detected_multimodality","detected_multimodality","detected_multimodality","detected_multimodality",TRUE,"stable_across_1000_2000_5000_events"
"historical_80_20_ward_k50",34,"CD294_CRTH2","ambiguous","no_detected_multimodality","ambiguous","ambiguous",FALSE,"base_evidence_ambiguous"
"historical_80_20_ward_k50",34,"CD3","detected_multimodality","detected_multimodality","detected_multimodality","detected_multimodality",TRUE,"stable_across_1000_2000_5000_events"
"historical_80_20_ward_k50",34,"CD38","detected_multimodality","detected_multimodality","detected_multimodality","detected_multimodality",TRUE,"stable_across_1000_2000_5000_events"
"historical_80_20_ward_k50",34,"CD45RA","detected_multimodality","detected_multimodality","detected_multimodality","detected_multimodality",TRUE,"stable_across_1000_2000_5000_events"
"historical_80_20_ward_k50",34,"CD7","ambiguous","ambiguous","ambiguous","ambiguous",TRUE,"base_evidence_ambiguous"
"historical_80_20_ward_k50",34,"CD8","detected_multimodality","detected_multimodality","detected_multimodality","detected_multimodality",TRUE,"stable_across_1000_2000_5000_events"
"historical_80_20_ward_k50",34,"HLA-DR","ambiguous","no_detected_multimodality","ambiguous","ambiguous",FALSE,"base_evidence_ambiguous"
"historical_80_20_ward_k50",34,"Tbet","ambiguous","no_detected_multimodality","ambiguous","ambiguous",FALSE,"base_evidence_ambiguous"
"historical_80_20_ward_k50",35,"CD3","no_detected_multimodality","no_detected_multimodality","no_detected_multimodality","no_detected_multimodality",TRUE,"stable_across_1000_2000_5000_events"
"historical_80_20_ward_k50",35,"CD8","no_detected_multimodality","no_detected_multimodality","no_detected_multimodality","no_detected_multimodality",TRUE,"stable_across_1000_2000_5000_events"
"historical_80_20_ward_k50",36,"CD159c_NKG2C","no_detected_multimodality","no_detected_multimodality","no_detected_multimodality","no_detected_multimodality",TRUE,"stable_across_1000_2000_5000_events"
"historical_80_20_ward_k50",36,"CD303_TCRvd2","no_detected_multimodality","no_detected_multimodality","no_detected_multimodality","no_detected_multimodality",TRUE,"stable_across_1000_2000_5000_events"
"historical_80_20_ward_k50",36,"TCRgd_CD141","ambiguous","no_detected_multimodality","ambiguous","ambiguous",FALSE,"base_evidence_ambiguous"
"historical_80_20_ward_k50",37,"CD11c","ambiguous","no_detected_multimodality","no_detected_multimodality","ambiguous",FALSE,"base_evidence_ambiguous"
"historical_80_20_ward_k50",37,"CD161","no_detected_multimodality","no_detected_multimodality","no_detected_multimodality","no_detected_multimodality",TRUE,"stable_across_1000_2000_5000_events"
"historical_80_20_ward_k50",37,"CD197_CCR7","ambiguous","no_detected_multimodality","ambiguous","ambiguous",FALSE,"base_evidence_ambiguous"
"historical_80_20_ward_k50",37,"CD27","detected_multimodality","detected_multimodality","detected_multimodality","detected_multimodality",TRUE,"stable_across_1000_2000_5000_events"
"historical_80_20_ward_k50",37,"CD56","ambiguous","no_detected_multimodality","no_detected_multimodality","ambiguous",FALSE,"base_evidence_ambiguous"
"historical_80_20_ward_k50",38,"CD185_CXCR5","no_detected_multimodality","no_detected_multimodality","no_detected_multimodality","no_detected_multimodality",TRUE,"stable_across_1000_2000_5000_events"
"historical_80_20_ward_k50",38,"CD197_CCR7","ambiguous","ambiguous","ambiguous","ambiguous",TRUE,"base_evidence_ambiguous"
"historical_80_20_ward_k50",38,"CD27","no_detected_multimodality","no_detected_multimodality","no_detected_multimodality","no_detected_multimodality",TRUE,"stable_across_1000_2000_5000_events"
"historical_80_20_ward_k50",38,"CD4","ambiguous","no_detected_multimodality","no_detected_multimodality","ambiguous",FALSE,"base_evidence_ambiguous"
"historical_80_20_ward_k50",38,"HLA-DR","no_detected_multimodality","no_detected_multimodality","no_detected_multimodality","no_detected_multimodality",TRUE,"stable_across_1000_2000_5000_events"
"historical_80_20_ward_k50",39,"CD161","no_detected_multimodality","no_detected_multimodality","ambiguous","ambiguous",FALSE,"sample_size_instability"
"historical_80_20_ward_k50",39,"CD21","no_detected_multimodality","no_detected_multimodality","no_detected_multimodality","no_detected_multimodality",TRUE,"stable_across_1000_2000_5000_events"
"historical_80_20_ward_k50",39,"CD57","detected_multimodality","ambiguous","detected_multimodality","ambiguous",FALSE,"sample_size_instability"
"historical_80_20_ward_k50",41,"CD14","no_detected_multimodality","no_detected_multimodality","no_detected_multimodality","no_detected_multimodality",TRUE,"stable_across_1000_2000_5000_events"
"historical_80_20_ward_k50",41,"CD19","no_detected_multimodality","no_detected_multimodality","no_detected_multimodality","no_detected_multimodality",TRUE,"stable_across_1000_2000_5000_events"
"historical_80_20_ward_k50",41,"CD38","no_detected_multimodality","no_detected_multimodality","no_detected_multimodality","no_detected_multimodality",TRUE,"stable_across_1000_2000_5000_events"
"historical_80_20_ward_k50",41,"CD56","no_detected_multimodality","no_detected_multimodality","no_detected_multimodality","no_detected_multimodality",TRUE,"stable_across_1000_2000_5000_events"
"historical_80_20_ward_k50",41,"CD57","no_detected_multimodality","no_detected_multimodality","no_detected_multimodality","no_detected_multimodality",TRUE,"stable_across_1000_2000_5000_events"
"historical_80_20_ward_k50",41,"CD7","ambiguous","ambiguous","detected_multimodality","ambiguous",FALSE,"base_evidence_ambiguous"
"historical_80_20_ward_k50",42,"CD27","no_detected_multimodality","no_detected_multimodality","no_detected_multimodality","no_detected_multimodality",TRUE,"stable_across_1000_2000_5000_events"
"historical_80_20_ward_k50",42,"CD8","no_detected_multimodality","no_detected_multimodality","no_detected_multimodality","no_detected_multimodality",TRUE,"stable_across_1000_2000_5000_events"
"historical_80_20_ward_k50",43,"CD127","no_detected_multimodality","no_detected_multimodality","no_detected_multimodality","no_detected_multimodality",TRUE,"stable_across_1000_2000_5000_events"
"historical_80_20_ward_k50",44,"CD159c_NKG2C","no_detected_multimodality","no_detected_multimodality","no_detected_multimodality","no_detected_multimodality",TRUE,"stable_across_1000_2000_5000_events"
"historical_80_20_ward_k50",44,"CD19","detected_multimodality","detected_multimodality","detected_multimodality","detected_multimodality",TRUE,"stable_across_1000_2000_5000_events"
"historical_80_20_ward_k50",44,"CD1c","no_detected_multimodality","no_detected_multimodality","ambiguous","ambiguous",FALSE,"sample_size_instability"
"historical_80_20_ward_k50",44,"CD25","no_detected_multimodality","no_detected_multimodality","no_detected_multimodality","no_detected_multimodality",TRUE,"stable_across_1000_2000_5000_events"
"historical_80_20_ward_k50",44,"CD294_CRTH2","no_detected_multimodality","no_detected_multimodality","no_detected_multimodality","no_detected_multimodality",TRUE,"stable_across_1000_2000_5000_events"
"historical_80_20_ward_k50",44,"CD57","no_detected_multimodality","no_detected_multimodality","no_detected_multimodality","no_detected_multimodality",TRUE,"stable_across_1000_2000_5000_events"
"historical_80_20_ward_k50",44,"Tbet","ambiguous","ambiguous","ambiguous","ambiguous",TRUE,"base_evidence_ambiguous"
"historical_80_20_ward_k50",45,"CD127","ambiguous","no_detected_multimodality","ambiguous","ambiguous",FALSE,"base_evidence_ambiguous"
"historical_80_20_ward_k50",45,"CD45RA","ambiguous","no_detected_multimodality","ambiguous","ambiguous",FALSE,"base_evidence_ambiguous"
"historical_80_20_ward_k50",46,"CD294_CRTH2","no_detected_multimodality","no_detected_multimodality","no_detected_multimodality","no_detected_multimodality",TRUE,"stable_across_1000_2000_5000_events"
"historical_80_20_ward_k50",46,"CD45RA","no_detected_multimodality","no_detected_multimodality","no_detected_multimodality","no_detected_multimodality",TRUE,"stable_across_1000_2000_5000_events"
"historical_80_20_ward_k50",47,"CD127","no_detected_multimodality","no_detected_multimodality","no_detected_multimodality","no_detected_multimodality",TRUE,"stable_across_1000_2000_5000_events"
"historical_80_20_ward_k50",47,"CD21","no_detected_multimodality","no_detected_multimodality","no_detected_multimodality","no_detected_multimodality",TRUE,"stable_across_1000_2000_5000_events"
"historical_80_20_ward_k50",47,"CD27","ambiguous","no_detected_multimodality","ambiguous","ambiguous",FALSE,"base_evidence_ambiguous"
"historical_80_20_ward_k50",47,"CD38","ambiguous","no_detected_multimodality","detected_multimodality","ambiguous",FALSE,"base_evidence_ambiguous"
"historical_80_20_ward_k50",47,"CD7","ambiguous","ambiguous","detected_multimodality","ambiguous",FALSE,"base_evidence_ambiguous"
"historical_80_20_ward_k50",48,"CD25","detected_multimodality","detected_multimodality","detected_multimodality","detected_multimodality",TRUE,"stable_across_1000_2000_5000_events"
"historical_80_20_ward_k50",48,"CD4","no_detected_multimodality","no_detected_multimodality","no_detected_multimodality","no_detected_multimodality",TRUE,"stable_across_1000_2000_5000_events"
"historical_80_20_ward_k50",48,"FoxP3","detected_multimodality","detected_multimodality","detected_multimodality","detected_multimodality",TRUE,"stable_across_1000_2000_5000_events"
"historical_80_20_ward_k50",49,"CD11c","ambiguous","no_detected_multimodality","ambiguous","ambiguous",FALSE,"base_evidence_ambiguous"
"historical_80_20_ward_k50",49,"CD127","no_detected_multimodality","no_detected_multimodality","no_detected_multimodality","no_detected_multimodality",TRUE,"stable_across_1000_2000_5000_events"
"historical_80_20_ward_k50",49,"CD14","no_detected_multimodality","no_detected_multimodality","no_detected_multimodality","no_detected_multimodality",TRUE,"stable_across_1000_2000_5000_events"
"historical_80_20_ward_k50",50,"CD14","no_detected_multimodality","no_detected_multimodality","no_detected_multimodality","no_detected_multimodality",TRUE,"stable_across_1000_2000_5000_events"
"historical_80_20_ward_k50",50,"CD25","detected_multimodality","detected_multimodality","detected_multimodality","detected_multimodality",TRUE,"stable_across_1000_2000_5000_events"
"historical_80_20_ward_k50",50,"CD27","detected_multimodality","detected_multimodality","detected_multimodality","detected_multimodality",TRUE,"stable_across_1000_2000_5000_events"
"historical_80_20_ward_k50",50,"Tbet","no_detected_multimodality","no_detected_multimodality","no_detected_multimodality","no_detected_multimodality",TRUE,"stable_across_1000_2000_5000_events"
"historical_80_20_ward_k62",1,"CD11c","ambiguous","ambiguous","detected_multimodality","ambiguous",FALSE,"base_evidence_ambiguous"
"historical_80_20_ward_k62",1,"CD127","ambiguous","no_detected_multimodality","ambiguous","ambiguous",FALSE,"base_evidence_ambiguous"
"historical_80_20_ward_k62",1,"CD14","ambiguous","ambiguous","detected_multimodality","ambiguous",FALSE,"base_evidence_ambiguous"
"historical_80_20_ward_k62",1,"CD159c_NKG2C","ambiguous","ambiguous","detected_multimodality","ambiguous",FALSE,"base_evidence_ambiguous"
"historical_80_20_ward_k62",1,"CD16","ambiguous","ambiguous","detected_multimodality","ambiguous",FALSE,"base_evidence_ambiguous"
"historical_80_20_ward_k62",1,"CD161","no_detected_multimodality","no_detected_multimodality","no_detected_multimodality","no_detected_multimodality",TRUE,"stable_across_1000_2000_5000_events"
"historical_80_20_ward_k62",1,"CD185_CXCR5","ambiguous","ambiguous","detected_multimodality","ambiguous",FALSE,"base_evidence_ambiguous"
"historical_80_20_ward_k62",1,"CD197_CCR7","ambiguous","ambiguous","ambiguous","ambiguous",TRUE,"base_evidence_ambiguous"
"historical_80_20_ward_k62",1,"CD21","ambiguous","ambiguous","detected_multimodality","ambiguous",FALSE,"base_evidence_ambiguous"
"historical_80_20_ward_k62",1,"CD27","no_detected_multimodality","no_detected_multimodality","no_detected_multimodality","no_detected_multimodality",TRUE,"stable_across_1000_2000_5000_events"
"historical_80_20_ward_k62",1,"CD3","ambiguous","no_detected_multimodality","ambiguous","ambiguous",FALSE,"base_evidence_ambiguous"
"historical_80_20_ward_k62",1,"CD38","ambiguous","no_detected_multimodality","no_detected_multimodality","ambiguous",FALSE,"base_evidence_ambiguous"
"historical_80_20_ward_k62",1,"CD56","no_detected_multimodality","no_detected_multimodality","no_detected_multimodality","no_detected_multimodality",TRUE,"stable_across_1000_2000_5000_events"
"historical_80_20_ward_k62",1,"CD7","ambiguous","no_detected_multimodality","ambiguous","ambiguous",FALSE,"base_evidence_ambiguous"
"historical_80_20_ward_k62",1,"FoxP3","ambiguous","ambiguous","detected_multimodality","ambiguous",FALSE,"base_evidence_ambiguous"
"historical_80_20_ward_k62",1,"Tbet","ambiguous","ambiguous","detected_multimodality","ambiguous",FALSE,"base_evidence_ambiguous"
"historical_80_20_ward_k62",1,"TCRgd_CD141","ambiguous","no_detected_multimodality","ambiguous","ambiguous",FALSE,"base_evidence_ambiguous"
"historical_80_20_ward_k62",2,"CD11c","detected_multimodality","ambiguous","detected_multimodality","ambiguous",FALSE,"sample_size_instability"
"historical_80_20_ward_k62",2,"CD16","ambiguous","ambiguous","detected_multimodality","ambiguous",FALSE,"base_evidence_ambiguous"
"historical_80_20_ward_k62",2,"CD185_CXCR5","ambiguous","ambiguous","detected_multimodality","ambiguous",FALSE,"base_evidence_ambiguous"
"historical_80_20_ward_k62",2,"CD19","ambiguous","no_detected_multimodality","no_detected_multimodality","ambiguous",FALSE,"base_evidence_ambiguous"
"historical_80_20_ward_k62",2,"CD1c","ambiguous","no_detected_multimodality","ambiguous","ambiguous",FALSE,"base_evidence_ambiguous"
"historical_80_20_ward_k62",2,"CD21","no_detected_multimodality","no_detected_multimodality","no_detected_multimodality","no_detected_multimodality",TRUE,"stable_across_1000_2000_5000_events"
"historical_80_20_ward_k62",2,"CD294_CRTH2","no_detected_multimodality","no_detected_multimodality","no_detected_multimodality","no_detected_multimodality",TRUE,"stable_across_1000_2000_5000_events"
"historical_80_20_ward_k62",2,"CD4","ambiguous","no_detected_multimodality","ambiguous","ambiguous",FALSE,"base_evidence_ambiguous"
"historical_80_20_ward_k62",2,"CD7","ambiguous","no_detected_multimodality","ambiguous","ambiguous",FALSE,"base_evidence_ambiguous"
"historical_80_20_ward_k62",2,"Tbet","ambiguous","no_detected_multimodality","detected_multimodality","ambiguous",FALSE,"base_evidence_ambiguous"
"historical_80_20_ward_k62",3,"CD11c","ambiguous","ambiguous","ambiguous","ambiguous",TRUE,"base_evidence_ambiguous"
"historical_80_20_ward_k62",3,"CD14","ambiguous","no_detected_multimodality","no_detected_multimodality","ambiguous",FALSE,"base_evidence_ambiguous"
"historical_80_20_ward_k62",3,"CD161","no_detected_multimodality","no_detected_multimodality","ambiguous","ambiguous",FALSE,"sample_size_instability"
"historical_80_20_ward_k62",3,"CD185_CXCR5","ambiguous","no_detected_multimodality","ambiguous","ambiguous",FALSE,"base_evidence_ambiguous"
"historical_80_20_ward_k62",3,"CD1c","ambiguous","no_detected_multimodality","ambiguous","ambiguous",FALSE,"base_evidence_ambiguous"
"historical_80_20_ward_k62",3,"CD294_CRTH2","ambiguous","no_detected_multimodality","ambiguous","ambiguous",FALSE,"base_evidence_ambiguous"
"historical_80_20_ward_k62",3,"CD38","ambiguous","no_detected_multimodality","ambiguous","ambiguous",FALSE,"base_evidence_ambiguous"
"historical_80_20_ward_k62",3,"CD45RA","no_detected_multimodality","no_detected_multimodality","no_detected_multimodality","no_detected_multimodality",TRUE,"stable_across_1000_2000_5000_events"
"historical_80_20_ward_k62",3,"CD57","ambiguous","ambiguous","detected_multimodality","ambiguous",FALSE,"base_evidence_ambiguous"
"historical_80_20_ward_k62",3,"CD7","no_detected_multimodality","no_detected_multimodality","no_detected_multimodality","no_detected_multimodality",TRUE,"stable_across_1000_2000_5000_events"
"historical_80_20_ward_k62",3,"HLA-DR","no_detected_multimodality","no_detected_multimodality","no_detected_multimodality","no_detected_multimodality",TRUE,"stable_across_1000_2000_5000_events"
"historical_80_20_ward_k62",3,"Tbet","ambiguous","no_detected_multimodality","ambiguous","ambiguous",FALSE,"base_evidence_ambiguous"
"historical_80_20_ward_k62",4,"CD14","no_detected_multimodality","no_detected_multimodality","no_detected_multimodality","no_detected_multimodality",TRUE,"stable_across_1000_2000_5000_events"
"historical_80_20_ward_k62",4,"CD3","no_detected_multimodality","no_detected_multimodality","ambiguous","ambiguous",FALSE,"sample_size_instability"
"historical_80_20_ward_k62",4,"CD56","no_detected_multimodality","no_detected_multimodality","no_detected_multimodality","no_detected_multimodality",TRUE,"stable_across_1000_2000_5000_events"
"historical_80_20_ward_k62",5,"CD159c_NKG2C","ambiguous","no_detected_multimodality","detected_multimodality","ambiguous",FALSE,"base_evidence_ambiguous"
"historical_80_20_ward_k62",5,"CD16","detected_multimodality","detected_multimodality","detected_multimodality","detected_multimodality",TRUE,"stable_across_1000_2000_5000_events"
"historical_80_20_ward_k62",5,"CD27","no_detected_multimodality","no_detected_multimodality","no_detected_multimodality","no_detected_multimodality",TRUE,"stable_across_1000_2000_5000_events"
"historical_80_20_ward_k62",5,"CD3","detected_multimodality","detected_multimodality","detected_multimodality","detected_multimodality",TRUE,"stable_across_1000_2000_5000_events"
"historical_80_20_ward_k62",5,"CD4","no_detected_multimodality","no_detected_multimodality","no_detected_multimodality","no_detected_multimodality",TRUE,"stable_across_1000_2000_5000_events"
"historical_80_20_ward_k62",5,"CD56","ambiguous","ambiguous","ambiguous","ambiguous",TRUE,"base_evidence_ambiguous"
"historical_80_20_ward_k62",5,"CD57","detected_multimodality","detected_multimodality","detected_multimodality","detected_multimodality",TRUE,"stable_across_1000_2000_5000_events"
"historical_80_20_ward_k62",5,"CD7","ambiguous","no_detected_multimodality","no_detected_multimodality","ambiguous",FALSE,"base_evidence_ambiguous"
"historical_80_20_ward_k62",5,"CD8","ambiguous","no_detected_multimodality","ambiguous","ambiguous",FALSE,"base_evidence_ambiguous"
"historical_80_20_ward_k62",6,"CD11c","no_detected_multimodality","no_detected_multimodality","no_detected_multimodality","no_detected_multimodality",TRUE,"stable_across_1000_2000_5000_events"
"historical_80_20_ward_k62",6,"CD16","no_detected_multimodality","no_detected_multimodality","no_detected_multimodality","no_detected_multimodality",TRUE,"stable_across_1000_2000_5000_events"
"historical_80_20_ward_k62",6,"CD1c","no_detected_multimodality","no_detected_multimodality","no_detected_multimodality","no_detected_multimodality",TRUE,"stable_across_1000_2000_5000_events"
"historical_80_20_ward_k62",6,"CD56","ambiguous","ambiguous","detected_multimodality","ambiguous",FALSE,"base_evidence_ambiguous"
"historical_80_20_ward_k62",7,"CD11c","ambiguous","ambiguous","ambiguous","ambiguous",TRUE,"base_evidence_ambiguous"
"historical_80_20_ward_k62",7,"CD159c_NKG2C","detected_multimodality","ambiguous","detected_multimodality","ambiguous",FALSE,"sample_size_instability"
"historical_80_20_ward_k62",7,"CD16","ambiguous","no_detected_multimodality","ambiguous","ambiguous",FALSE,"base_evidence_ambiguous"
"historical_80_20_ward_k62",7,"CD38","no_detected_multimodality","no_detected_multimodality","ambiguous","ambiguous",FALSE,"sample_size_instability"
"historical_80_20_ward_k62",7,"CD57","no_detected_multimodality","no_detected_multimodality","no_detected_multimodality","no_detected_multimodality",TRUE,"stable_across_1000_2000_5000_events"
"historical_80_20_ward_k62",8,"CD159c_NKG2C","ambiguous","no_detected_multimodality","detected_multimodality","ambiguous",FALSE,"base_evidence_ambiguous"
"historical_80_20_ward_k62",8,"CD56","detected_multimodality","ambiguous","detected_multimodality","ambiguous",FALSE,"sample_size_instability"
"historical_80_20_ward_k62",8,"CD57","detected_multimodality","detected_multimodality","detected_multimodality","detected_multimodality",TRUE,"stable_across_1000_2000_5000_events"
"historical_80_20_ward_k62",9,"CD161","no_detected_multimodality","no_detected_multimodality","no_detected_multimodality","no_detected_multimodality",TRUE,"stable_across_1000_2000_5000_events"
"historical_80_20_ward_k62",9,"CD27","no_detected_multimodality","no_detected_multimodality","no_detected_multimodality","no_detected_multimodality",TRUE,"stable_across_1000_2000_5000_events"
"historical_80_20_ward_k62",9,"CD45RA","detected_multimodality","detected_multimodality","detected_multimodality","detected_multimodality",TRUE,"stable_across_1000_2000_5000_events"
"historical_80_20_ward_k62",9,"CD56","detected_multimodality","detected_multimodality","detected_multimodality","detected_multimodality",TRUE,"stable_across_1000_2000_5000_events"
"historical_80_20_ward_k62",10,"CD11c","detected_multimodality","detected_multimodality","detected_multimodality","detected_multimodality",TRUE,"stable_across_1000_2000_5000_events"
"historical_80_20_ward_k62",10,"CD16","detected_multimodality","detected_multimodality","detected_multimodality","detected_multimodality",TRUE,"stable_across_1000_2000_5000_events"
"historical_80_20_ward_k62",10,"CD1c","no_detected_multimodality","no_detected_multimodality","no_detected_multimodality","no_detected_multimodality",TRUE,"stable_across_1000_2000_5000_events"
"historical_80_20_ward_k62",10,"CD21","no_detected_multimodality","no_detected_multimodality","no_detected_multimodality","no_detected_multimodality",TRUE,"stable_across_1000_2000_5000_events"
"historical_80_20_ward_k62",10,"CD294_CRTH2","no_detected_multimodality","no_detected_multimodality","no_detected_multimodality","no_detected_multimodality",TRUE,"stable_across_1000_2000_5000_events"
"historical_80_20_ward_k62",10,"CD3","detected_multimodality","detected_multimodality","detected_multimodality","detected_multimodality",TRUE,"stable_across_1000_2000_5000_events"
"historical_80_20_ward_k62",10,"CD56","detected_multimodality","detected_multimodality","detected_multimodality","detected_multimodality",TRUE,"stable_across_1000_2000_5000_events"
"historical_80_20_ward_k62",11,"CD185_CXCR5","no_detected_multimodality","no_detected_multimodality","no_detected_multimodality","no_detected_multimodality",TRUE,"stable_across_1000_2000_5000_events"
"historical_80_20_ward_k62",11,"CD8","ambiguous","ambiguous","ambiguous","ambiguous",TRUE,"base_evidence_ambiguous"
"historical_80_20_ward_k62",11,"TCRgd_CD141","no_detected_multimodality","no_detected_multimodality","no_detected_multimodality","no_detected_multimodality",TRUE,"stable_across_1000_2000_5000_events"
"historical_80_20_ward_k62",12,"CD11c","detected_multimodality","detected_multimodality","detected_multimodality","detected_multimodality",TRUE,"stable_across_1000_2000_5000_events"
"historical_80_20_ward_k62",12,"CD56","detected_multimodality","ambiguous","detected_multimodality","ambiguous",FALSE,"sample_size_instability"
"historical_80_20_ward_k62",12,"CD8","ambiguous","ambiguous","detected_multimodality","ambiguous",FALSE,"base_evidence_ambiguous"
"historical_80_20_ward_k62",13,"CD161","ambiguous","no_detected_multimodality","no_detected_multimodality","ambiguous",FALSE,"base_evidence_ambiguous"
"historical_80_20_ward_k62",13,"CD185_CXCR5","no_detected_multimodality","no_detected_multimodality","no_detected_multimodality","no_detected_multimodality",TRUE,"stable_across_1000_2000_5000_events"
"historical_80_20_ward_k62",13,"CD27","ambiguous","ambiguous","detected_multimodality","ambiguous",FALSE,"base_evidence_ambiguous"
"historical_80_20_ward_k62",13,"CD45RA","detected_multimodality","detected_multimodality","detected_multimodality","detected_multimodality",TRUE,"stable_across_1000_2000_5000_events"
"historical_80_20_ward_k62",13,"CD7","ambiguous","no_detected_multimodality","no_detected_multimodality","ambiguous",FALSE,"base_evidence_ambiguous"
"historical_80_20_ward_k62",13,"TCRgd_CD141","no_detected_multimodality","no_detected_multimodality","no_detected_multimodality","no_detected_multimodality",TRUE,"stable_across_1000_2000_5000_events"
"historical_80_20_ward_k62",14,"CD16","no_detected_multimodality","no_detected_multimodality","no_detected_multimodality","no_detected_multimodality",TRUE,"stable_across_1000_2000_5000_events"
"historical_80_20_ward_k62",14,"CD185_CXCR5","ambiguous","no_detected_multimodality","ambiguous","ambiguous",FALSE,"base_evidence_ambiguous"
"historical_80_20_ward_k62",14,"CD1c","no_detected_multimodality","no_detected_multimodality","no_detected_multimodality","no_detected_multimodality",TRUE,"stable_across_1000_2000_5000_events"
"historical_80_20_ward_k62",14,"CD21","no_detected_multimodality","no_detected_multimodality","no_detected_multimodality","no_detected_multimodality",TRUE,"stable_across_1000_2000_5000_events"
"historical_80_20_ward_k62",14,"CD38","detected_multimodality","detected_multimodality","detected_multimodality","detected_multimodality",TRUE,"stable_across_1000_2000_5000_events"
"historical_80_20_ward_k62",14,"CD45RA","ambiguous","ambiguous","ambiguous","ambiguous",TRUE,"base_evidence_ambiguous"
"historical_80_20_ward_k62",14,"CD7","detected_multimodality","ambiguous","detected_multimodality","ambiguous",FALSE,"sample_size_instability"
"historical_80_20_ward_k62",14,"FoxP3","detected_multimodality","detected_multimodality","detected_multimodality","detected_multimodality",TRUE,"stable_across_1000_2000_5000_events"
"historical_80_20_ward_k62",15,"CD161","detected_multimodality","ambiguous","detected_multimodality","ambiguous",FALSE,"sample_size_instability"
"historical_80_20_ward_k62",15,"CD27","detected_multimodality","detected_multimodality","detected_multimodality","detected_multimodality",TRUE,"stable_across_1000_2000_5000_events"
"historical_80_20_ward_k62",16,"CD11c","no_detected_multimodality","no_detected_multimodality","no_detected_multimodality","no_detected_multimodality",TRUE,"stable_across_1000_2000_5000_events"
"historical_80_20_ward_k62",16,"CD127","ambiguous","ambiguous","no_detected_multimodality","ambiguous",FALSE,"base_evidence_ambiguous"
"historical_80_20_ward_k62",16,"CD14","no_detected_multimodality","no_detected_multimodality","no_detected_multimodality","no_detected_multimodality",TRUE,"stable_across_1000_2000_5000_events"
"historical_80_20_ward_k62",16,"CD161","ambiguous","no_detected_multimodality","ambiguous","ambiguous",FALSE,"base_evidence_ambiguous"
"historical_80_20_ward_k62",16,"CD27","detected_multimodality","detected_multimodality","detected_multimodality","detected_multimodality",TRUE,"stable_across_1000_2000_5000_events"
"historical_80_20_ward_k62",16,"CD303_TCRvd2","ambiguous","no_detected_multimodality","ambiguous","ambiguous",FALSE,"base_evidence_ambiguous"
"historical_80_20_ward_k62",16,"CD4","ambiguous","no_detected_multimodality","no_detected_multimodality","ambiguous",FALSE,"base_evidence_ambiguous"
"historical_80_20_ward_k62",16,"CD56","no_detected_multimodality","no_detected_multimodality","no_detected_multimodality","no_detected_multimodality",TRUE,"stable_across_1000_2000_5000_events"
"historical_80_20_ward_k62",17,"CD161","detected_multimodality","detected_multimodality","detected_multimodality","detected_multimodality",TRUE,"stable_across_1000_2000_5000_events"
"historical_80_20_ward_k62",17,"CD27","detected_multimodality","detected_multimodality","detected_multimodality","detected_multimodality",TRUE,"stable_across_1000_2000_5000_events"
"historical_80_20_ward_k62",17,"CD3","no_detected_multimodality","no_detected_multimodality","no_detected_multimodality","no_detected_multimodality",TRUE,"stable_across_1000_2000_5000_events"
"historical_80_20_ward_k62",17,"CD56","detected_multimodality","detected_multimodality","detected_multimodality","detected_multimodality",TRUE,"stable_across_1000_2000_5000_events"
"historical_80_20_ward_k62",17,"CD7","no_detected_multimodality","no_detected_multimodality","no_detected_multimodality","no_detected_multimodality",TRUE,"stable_across_1000_2000_5000_events"
"historical_80_20_ward_k62",17,"Tbet","no_detected_multimodality","ambiguous","no_detected_multimodality","ambiguous",FALSE,"sample_size_instability"
"historical_80_20_ward_k62",18,"CD127","ambiguous","no_detected_multimodality","ambiguous","ambiguous",FALSE,"base_evidence_ambiguous"
"historical_80_20_ward_k62",18,"CD16","detected_multimodality","detected_multimodality","detected_multimodality","detected_multimodality",TRUE,"stable_across_1000_2000_5000_events"
"historical_80_20_ward_k62",18,"CD185_CXCR5","ambiguous","no_detected_multimodality","ambiguous","ambiguous",FALSE,"base_evidence_ambiguous"
"historical_80_20_ward_k62",18,"CD197_CCR7","no_detected_multimodality","no_detected_multimodality","ambiguous","ambiguous",FALSE,"sample_size_instability"
"historical_80_20_ward_k62",18,"CD21","ambiguous","ambiguous","detected_multimodality","ambiguous",FALSE,"base_evidence_ambiguous"
"historical_80_20_ward_k62",18,"CD25","no_detected_multimodality","no_detected_multimodality","ambiguous","ambiguous",FALSE,"sample_size_instability"
"historical_80_20_ward_k62",18,"CD3","ambiguous","no_detected_multimodality","ambiguous","ambiguous",FALSE,"base_evidence_ambiguous"
"historical_80_20_ward_k62",18,"CD38","ambiguous","ambiguous","detected_multimodality","ambiguous",FALSE,"base_evidence_ambiguous"
"historical_80_20_ward_k62",18,"CD45RA","ambiguous","ambiguous","ambiguous","ambiguous",TRUE,"base_evidence_ambiguous"
"historical_80_20_ward_k62",18,"CD8","no_detected_multimodality","no_detected_multimodality","no_detected_multimodality","no_detected_multimodality",TRUE,"stable_across_1000_2000_5000_events"
"historical_80_20_ward_k62",19,"CD11c","ambiguous","ambiguous","ambiguous","ambiguous",TRUE,"base_evidence_ambiguous"
"historical_80_20_ward_k62",19,"CD19","no_detected_multimodality","no_detected_multimodality","no_detected_multimodality","no_detected_multimodality",TRUE,"stable_across_1000_2000_5000_events"
"historical_80_20_ward_k62",19,"CD56","ambiguous","ambiguous","detected_multimodality","ambiguous",FALSE,"base_evidence_ambiguous"
"historical_80_20_ward_k62",19,"CD7","ambiguous","no_detected_multimodality","no_detected_multimodality","ambiguous",FALSE,"base_evidence_ambiguous"
"historical_80_20_ward_k62",19,"Tbet","ambiguous","ambiguous","ambiguous","ambiguous",TRUE,"base_evidence_ambiguous"
"historical_80_20_ward_k62",20,"CD185_CXCR5","no_detected_multimodality","no_detected_multimodality","no_detected_multimodality","no_detected_multimodality",TRUE,"stable_across_1000_2000_5000_events"
"historical_80_20_ward_k62",20,"CD197_CCR7","no_detected_multimodality","no_detected_multimodality","no_detected_multimodality","no_detected_multimodality",TRUE,"stable_across_1000_2000_5000_events"
"historical_80_20_ward_k62",20,"CD27","detected_multimodality","detected_multimodality","detected_multimodality","detected_multimodality",TRUE,"stable_across_1000_2000_5000_events"
"historical_80_20_ward_k62",20,"CD303_TCRvd2","ambiguous","no_detected_multimodality","ambiguous","ambiguous",FALSE,"base_evidence_ambiguous"
"historical_80_20_ward_k62",20,"CD4","detected_multimodality","ambiguous","detected_multimodality","ambiguous",FALSE,"sample_size_instability"
"historical_80_20_ward_k62",20,"FoxP3","no_detected_multimodality","no_detected_multimodality","no_detected_multimodality","no_detected_multimodality",TRUE,"stable_across_1000_2000_5000_events"
"historical_80_20_ward_k62",21,"CD127","ambiguous","ambiguous","ambiguous","ambiguous",TRUE,"base_evidence_ambiguous"
"historical_80_20_ward_k62",21,"CD27","ambiguous","ambiguous","detected_multimodality","ambiguous",FALSE,"base_evidence_ambiguous"
"historical_80_20_ward_k62",21,"Tbet","ambiguous","no_detected_multimodality","ambiguous","ambiguous",FALSE,"base_evidence_ambiguous"
"historical_80_20_ward_k62",22,"CD16","ambiguous","ambiguous","ambiguous","ambiguous",TRUE,"base_evidence_ambiguous"
"historical_80_20_ward_k62",22,"CD185_CXCR5","no_detected_multimodality","no_detected_multimodality","no_detected_multimodality","no_detected_multimodality",TRUE,"stable_across_1000_2000_5000_events"
"historical_80_20_ward_k62",22,"CD56","ambiguous","ambiguous","ambiguous","ambiguous",TRUE,"base_evidence_ambiguous"
"historical_80_20_ward_k62",22,"CD57","detected_multimodality","detected_multimodality","detected_multimodality","detected_multimodality",TRUE,"stable_across_1000_2000_5000_events"
"historical_80_20_ward_k62",22,"FoxP3","no_detected_multimodality","no_detected_multimodality","no_detected_multimodality","no_detected_multimodality",TRUE,"stable_across_1000_2000_5000_events"
"historical_80_20_ward_k62",22,"TCRgd_CD141","no_detected_multimodality","no_detected_multimodality","no_detected_multimodality","no_detected_multimodality",TRUE,"stable_across_1000_2000_5000_events"
"historical_80_20_ward_k62",23,"CD11c","ambiguous","no_detected_multimodality","ambiguous","ambiguous",FALSE,"base_evidence_ambiguous"
"historical_80_20_ward_k62",23,"CD127","detected_multimodality","detected_multimodality","detected_multimodality","detected_multimodality",TRUE,"stable_across_1000_2000_5000_events"
"historical_80_20_ward_k62",23,"CD159c_NKG2C","detected_multimodality","detected_multimodality","detected_multimodality","detected_multimodality",TRUE,"stable_across_1000_2000_5000_events"
"historical_80_20_ward_k62",23,"CD161","detected_multimodality","detected_multimodality","detected_multimodality","detected_multimodality",TRUE,"stable_across_1000_2000_5000_events"
"historical_80_20_ward_k62",23,"CD19","detected_multimodality","detected_multimodality","detected_multimodality","detected_multimodality",TRUE,"stable_across_1000_2000_5000_events"
"historical_80_20_ward_k62",23,"CD27","detected_multimodality","detected_multimodality","detected_multimodality","detected_multimodality",TRUE,"stable_across_1000_2000_5000_events"
"historical_80_20_ward_k62",23,"CD294_CRTH2","detected_multimodality","detected_multimodality","detected_multimodality","detected_multimodality",TRUE,"stable_across_1000_2000_5000_events"
"historical_80_20_ward_k62",23,"CD3","ambiguous","no_detected_multimodality","ambiguous","ambiguous",FALSE,"base_evidence_ambiguous"
"historical_80_20_ward_k62",23,"CD45RA","detected_multimodality","ambiguous","detected_multimodality","ambiguous",FALSE,"sample_size_instability"
"historical_80_20_ward_k62",23,"CD56","detected_multimodality","ambiguous","detected_multimodality","ambiguous",FALSE,"sample_size_instability"
"historical_80_20_ward_k62",23,"CD57","ambiguous","no_detected_multimodality","ambiguous","ambiguous",FALSE,"base_evidence_ambiguous"
"historical_80_20_ward_k62",23,"HLA-DR","no_detected_multimodality","no_detected_multimodality","ambiguous","ambiguous",FALSE,"sample_size_instability"
"historical_80_20_ward_k62",24,"CD56","detected_multimodality","detected_multimodality","detected_multimodality","detected_multimodality",TRUE,"stable_across_1000_2000_5000_events"
"historical_80_20_ward_k62",24,"CD8","no_detected_multimodality","no_detected_multimodality","no_detected_multimodality","no_detected_multimodality",TRUE,"stable_across_1000_2000_5000_events"
"historical_80_20_ward_k62",24,"FoxP3","ambiguous","no_detected_multimodality","no_detected_multimodality","ambiguous",FALSE,"base_evidence_ambiguous"
"historical_80_20_ward_k62",25,"CD197_CCR7","no_detected_multimodality","no_detected_multimodality","no_detected_multimodality","no_detected_multimodality",TRUE,"stable_across_1000_2000_5000_events"
"historical_80_20_ward_k62",25,"CD27","detected_multimodality","detected_multimodality","detected_multimodality","detected_multimodality",TRUE,"stable_across_1000_2000_5000_events"
"historical_80_20_ward_k62",25,"CD7","ambiguous","no_detected_multimodality","ambiguous","ambiguous",FALSE,"base_evidence_ambiguous"
"historical_80_20_ward_k62",26,"CD11c","detected_multimodality","detected_multimodality","detected_multimodality","detected_multimodality",TRUE,"stable_across_1000_2000_5000_events"
"historical_80_20_ward_k62",26,"CD16","no_detected_multimodality","no_detected_multimodality","no_detected_multimodality","no_detected_multimodality",TRUE,"stable_across_1000_2000_5000_events"
"historical_80_20_ward_k62",26,"CD19","ambiguous","ambiguous","detected_multimodality","ambiguous",FALSE,"base_evidence_ambiguous"
"historical_80_20_ward_k62",26,"CD25","ambiguous","no_detected_multimodality","ambiguous","ambiguous",FALSE,"base_evidence_ambiguous"
"historical_80_20_ward_k62",26,"CD303_TCRvd2","ambiguous","no_detected_multimodality","ambiguous","ambiguous",FALSE,"base_evidence_ambiguous"
"historical_80_20_ward_k62",26,"CD45RA","ambiguous","ambiguous","no_detected_multimodality","ambiguous",FALSE,"base_evidence_ambiguous"
"historical_80_20_ward_k62",26,"CD56","ambiguous","no_detected_multimodality","ambiguous","ambiguous",FALSE,"base_evidence_ambiguous"
"historical_80_20_ward_k62",26,"CD57","ambiguous","no_detected_multimodality","ambiguous","ambiguous",FALSE,"base_evidence_ambiguous"
"historical_80_20_ward_k62",26,"HLA-DR","detected_multimodality","detected_multimodality","detected_multimodality","detected_multimodality",TRUE,"stable_across_1000_2000_5000_events"
"historical_80_20_ward_k62",26,"TCRgd_CD141","ambiguous","ambiguous","detected_multimodality","ambiguous",FALSE,"base_evidence_ambiguous"
"historical_80_20_ward_k62",27,"CD161","detected_multimodality","ambiguous","detected_multimodality","ambiguous",FALSE,"sample_size_instability"
"historical_80_20_ward_k62",27,"CD3","detected_multimodality","detected_multimodality","detected_multimodality","detected_multimodality",TRUE,"stable_across_1000_2000_5000_events"
"historical_80_20_ward_k62",27,"CD303_TCRvd2","no_detected_multimodality","no_detected_multimodality","no_detected_multimodality","no_detected_multimodality",TRUE,"stable_across_1000_2000_5000_events"
"historical_80_20_ward_k62",27,"CD4","detected_multimodality","detected_multimodality","detected_multimodality","detected_multimodality",TRUE,"stable_across_1000_2000_5000_events"
"historical_80_20_ward_k62",28,"CD127","ambiguous","ambiguous","ambiguous","ambiguous",TRUE,"base_evidence_ambiguous"
"historical_80_20_ward_k62",28,"CD27","detected_multimodality","ambiguous","detected_multimodality","ambiguous",FALSE,"sample_size_instability"
"historical_80_20_ward_k62",28,"FoxP3","no_detected_multimodality","no_detected_multimodality","no_detected_multimodality","no_detected_multimodality",TRUE,"stable_across_1000_2000_5000_events"
"historical_80_20_ward_k62",28,"Tbet","ambiguous","ambiguous","detected_multimodality","ambiguous",FALSE,"base_evidence_ambiguous"
"historical_80_20_ward_k62",29,"CD16","ambiguous","ambiguous","ambiguous","ambiguous",TRUE,"base_evidence_ambiguous"
"historical_80_20_ward_k62",29,"CD27","ambiguous","no_detected_multimodality","ambiguous","ambiguous",FALSE,"base_evidence_ambiguous"
"historical_80_20_ward_k62",29,"CD3","no_detected_multimodality","no_detected_multimodality","no_detected_multimodality","no_detected_multimodality",TRUE,"stable_across_1000_2000_5000_events"
"historical_80_20_ward_k62",29,"CD303_TCRvd2","no_detected_multimodality","no_detected_multimodality","no_detected_multimodality","no_detected_multimodality",TRUE,"stable_across_1000_2000_5000_events"
"historical_80_20_ward_k62",30,"CD11c","ambiguous","no_detected_multimodality","ambiguous","ambiguous",FALSE,"base_evidence_ambiguous"
"historical_80_20_ward_k62",30,"CD127","ambiguous","ambiguous","ambiguous","ambiguous",TRUE,"base_evidence_ambiguous"
"historical_80_20_ward_k62",30,"CD159c_NKG2C","ambiguous","ambiguous","ambiguous","ambiguous",TRUE,"base_evidence_ambiguous"
"historical_80_20_ward_k62",30,"CD16","ambiguous","no_detected_multimodality","ambiguous","ambiguous",FALSE,"base_evidence_ambiguous"
"historical_80_20_ward_k62",30,"CD19","ambiguous","no_detected_multimodality","ambiguous","ambiguous",FALSE,"base_evidence_ambiguous"
"historical_80_20_ward_k62",30,"CD197_CCR7","ambiguous","ambiguous","ambiguous","ambiguous",TRUE,"base_evidence_ambiguous"
"historical_80_20_ward_k62",30,"CD1c","ambiguous","no_detected_multimodality","ambiguous","ambiguous",FALSE,"base_evidence_ambiguous"
"historical_80_20_ward_k62",30,"CD27","detected_multimodality","detected_multimodality","detected_multimodality","detected_multimodality",TRUE,"stable_across_1000_2000_5000_events"
"historical_80_20_ward_k62",30,"CD294_CRTH2","ambiguous","no_detected_multimodality","ambiguous","ambiguous",FALSE,"base_evidence_ambiguous"
"historical_80_20_ward_k62",30,"CD3","detected_multimodality","detected_multimodality","detected_multimodality","detected_multimodality",TRUE,"stable_across_1000_2000_5000_events"
"historical_80_20_ward_k62",30,"CD303_TCRvd2","ambiguous","no_detected_multimodality","detected_multimodality","ambiguous",FALSE,"base_evidence_ambiguous"
"historical_80_20_ward_k62",30,"CD4","ambiguous","ambiguous","ambiguous","ambiguous",TRUE,"base_evidence_ambiguous"
"historical_80_20_ward_k62",30,"CD45RA","detected_multimodality","ambiguous","detected_multimodality","ambiguous",FALSE,"sample_size_instability"
"historical_80_20_ward_k62",30,"CD56","detected_multimodality","detected_multimodality","detected_multimodality","detected_multimodality",TRUE,"stable_across_1000_2000_5000_events"
"historical_80_20_ward_k62",30,"CD57","ambiguous","ambiguous","detected_multimodality","ambiguous",FALSE,"base_evidence_ambiguous"
"historical_80_20_ward_k62",30,"CD7","ambiguous","no_detected_multimodality","detected_multimodality","ambiguous",FALSE,"base_evidence_ambiguous"
"historical_80_20_ward_k62",30,"Tbet","detected_multimodality","detected_multimodality","detected_multimodality","detected_multimodality",TRUE,"stable_across_1000_2000_5000_events"
"historical_80_20_ward_k62",30,"TCRgd_CD141","ambiguous","ambiguous","ambiguous","ambiguous",TRUE,"base_evidence_ambiguous"
"historical_80_20_ward_k62",31,"CD11c","no_detected_multimodality","no_detected_multimodality","no_detected_multimodality","no_detected_multimodality",TRUE,"stable_across_1000_2000_5000_events"
"historical_80_20_ward_k62",31,"CD127","ambiguous","ambiguous","ambiguous","ambiguous",TRUE,"base_evidence_ambiguous"
"historical_80_20_ward_k62",31,"CD27","detected_multimodality","detected_multimodality","detected_multimodality","detected_multimodality",TRUE,"stable_across_1000_2000_5000_events"
"historical_80_20_ward_k62",31,"CD38","no_detected_multimodality","no_detected_multimodality","no_detected_multimodality","no_detected_multimodality",TRUE,"stable_across_1000_2000_5000_events"
"historical_80_20_ward_k62",31,"CD45RA","detected_multimodality","detected_multimodality","detected_multimodality","detected_multimodality",TRUE,"stable_across_1000_2000_5000_events"
"historical_80_20_ward_k62",31,"CD57","no_detected_multimodality","no_detected_multimodality","no_detected_multimodality","no_detected_multimodality",TRUE,"stable_across_1000_2000_5000_events"
"historical_80_20_ward_k62",31,"TCRgd_CD141","no_detected_multimodality","no_detected_multimodality","no_detected_multimodality","no_detected_multimodality",TRUE,"stable_across_1000_2000_5000_events"
"historical_80_20_ward_k62",32,"CD14","no_detected_multimodality","no_detected_multimodality","no_detected_multimodality","no_detected_multimodality",TRUE,"stable_across_1000_2000_5000_events"
"historical_80_20_ward_k62",32,"CD197_CCR7","no_detected_multimodality","no_detected_multimodality","no_detected_multimodality","no_detected_multimodality",TRUE,"stable_across_1000_2000_5000_events"
"historical_80_20_ward_k62",32,"CD1c","ambiguous","ambiguous","detected_multimodality","ambiguous",FALSE,"base_evidence_ambiguous"
"historical_80_20_ward_k62",32,"CD38","no_detected_multimodality","no_detected_multimodality","no_detected_multimodality","no_detected_multimodality",TRUE,"stable_across_1000_2000_5000_events"
"historical_80_20_ward_k62",32,"CD56","detected_multimodality","detected_multimodality","detected_multimodality","detected_multimodality",TRUE,"stable_across_1000_2000_5000_events"
"historical_80_20_ward_k62",32,"HLA-DR","ambiguous","no_detected_multimodality","no_detected_multimodality","ambiguous",FALSE,"base_evidence_ambiguous"
"historical_80_20_ward_k62",32,"TCRgd_CD141","detected_multimodality","detected_multimodality","detected_multimodality","detected_multimodality",TRUE,"stable_across_1000_2000_5000_events"
"historical_80_20_ward_k62",33,"CD159c_NKG2C","no_detected_multimodality","no_detected_multimodality","no_detected_multimodality","no_detected_multimodality",TRUE,"stable_across_1000_2000_5000_events"
"historical_80_20_ward_k62",33,"CD303_TCRvd2","no_detected_multimodality","no_detected_multimodality","no_detected_multimodality","no_detected_multimodality",TRUE,"stable_across_1000_2000_5000_events"
"historical_80_20_ward_k62",34,"CD25","no_detected_multimodality","no_detected_multimodality","no_detected_multimodality","no_detected_multimodality",TRUE,"stable_across_1000_2000_5000_events"
"historical_80_20_ward_k62",35,"CD11c","detected_multimodality","detected_multimodality","detected_multimodality","detected_multimodality",TRUE,"stable_across_1000_2000_5000_events"
"historical_80_20_ward_k62",35,"CD127","detected_multimodality","detected_multimodality","detected_multimodality","detected_multimodality",TRUE,"stable_across_1000_2000_5000_events"
"historical_80_20_ward_k62",35,"CD14","ambiguous","no_detected_multimodality","no_detected_multimodality","ambiguous",FALSE,"base_evidence_ambiguous"
"historical_80_20_ward_k62",35,"CD159c_NKG2C","no_detected_multimodality","ambiguous","no_detected_multimodality","ambiguous",FALSE,"sample_size_instability"
"historical_80_20_ward_k62",35,"CD161","detected_multimodality","ambiguous","detected_multimodality","ambiguous",FALSE,"sample_size_instability"
"historical_80_20_ward_k62",35,"CD19","no_detected_multimodality","no_detected_multimodality","no_detected_multimodality","no_detected_multimodality",TRUE,"stable_across_1000_2000_5000_events"
"historical_80_20_ward_k62",35,"CD294_CRTH2","detected_multimodality","unresolved_discrete","detected_multimodality","unresolved_discrete",FALSE,"required_refinement_unresolved"
"historical_80_20_ward_k62",35,"CD3","detected_multimodality","detected_multimodality","detected_multimodality","detected_multimodality",TRUE,"stable_across_1000_2000_5000_events"
"historical_80_20_ward_k62",35,"CD303_TCRvd2","no_detected_multimodality","no_detected_multimodality","no_detected_multimodality","no_detected_multimodality",TRUE,"stable_across_1000_2000_5000_events"
"historical_80_20_ward_k62",35,"CD38","detected_multimodality","detected_multimodality","detected_multimodality","detected_multimodality",TRUE,"stable_across_1000_2000_5000_events"
"historical_80_20_ward_k62",35,"CD4","detected_multimodality","detected_multimodality","detected_multimodality","detected_multimodality",TRUE,"stable_across_1000_2000_5000_events"
"historical_80_20_ward_k62",35,"CD45RA","no_detected_multimodality","no_detected_multimodality","no_detected_multimodality","no_detected_multimodality",TRUE,"stable_across_1000_2000_5000_events"
"historical_80_20_ward_k62",35,"CD57","no_detected_multimodality","no_detected_multimodality","no_detected_multimodality","no_detected_multimodality",TRUE,"stable_across_1000_2000_5000_events"
"historical_80_20_ward_k62",36,"Tbet","no_detected_multimodality","no_detected_multimodality","no_detected_multimodality","no_detected_multimodality",TRUE,"stable_across_1000_2000_5000_events"
"historical_80_20_ward_k62",37,"CD14","ambiguous","no_detected_multimodality","ambiguous","ambiguous",FALSE,"base_evidence_ambiguous"
"historical_80_20_ward_k62",37,"CD159c_NKG2C","no_detected_multimodality","no_detected_multimodality","ambiguous","ambiguous",FALSE,"sample_size_instability"
"historical_80_20_ward_k62",37,"CD161","detected_multimodality","ambiguous","detected_multimodality","ambiguous",FALSE,"sample_size_instability"
"historical_80_20_ward_k62",37,"CD197_CCR7","detected_multimodality","detected_multimodality","detected_multimodality","detected_multimodality",TRUE,"stable_across_1000_2000_5000_events"
"historical_80_20_ward_k62",37,"CD27","detected_multimodality","detected_multimodality","detected_multimodality","detected_multimodality",TRUE,"stable_across_1000_2000_5000_events"
"historical_80_20_ward_k62",37,"CD4","ambiguous","ambiguous","detected_multimodality","ambiguous",FALSE,"base_evidence_ambiguous"
"historical_80_20_ward_k62",37,"CD7","detected_multimodality","ambiguous","detected_multimodality","ambiguous",FALSE,"sample_size_instability"
"historical_80_20_ward_k62",37,"FoxP3","ambiguous","no_detected_multimodality","no_detected_multimodality","ambiguous",FALSE,"base_evidence_ambiguous"
"historical_80_20_ward_k62",37,"Tbet","ambiguous","ambiguous","no_detected_multimodality","ambiguous",FALSE,"base_evidence_ambiguous"
"historical_80_20_ward_k62",37,"TCRgd_CD141","ambiguous","no_detected_multimodality","no_detected_multimodality","ambiguous",FALSE,"base_evidence_ambiguous"
"historical_80_20_ward_k62",38,"CD159c_NKG2C","ambiguous","no_detected_multimodality","ambiguous","ambiguous",FALSE,"base_evidence_ambiguous"
"historical_80_20_ward_k62",38,"CD27","detected_multimodality","detected_multimodality","detected_multimodality","detected_multimodality",TRUE,"stable_across_1000_2000_5000_events"
"historical_80_20_ward_k62",38,"CD303_TCRvd2","ambiguous","no_detected_multimodality","no_detected_multimodality","ambiguous",FALSE,"base_evidence_ambiguous"
"historical_80_20_ward_k62",38,"CD4","ambiguous","no_detected_multimodality","no_detected_multimodality","ambiguous",FALSE,"base_evidence_ambiguous"
"historical_80_20_ward_k62",38,"CD8","detected_multimodality","detected_multimodality","detected_multimodality","detected_multimodality",TRUE,"stable_across_1000_2000_5000_events"
"historical_80_20_ward_k62",38,"HLA-DR","ambiguous","ambiguous","ambiguous","ambiguous",TRUE,"base_evidence_ambiguous"
"historical_80_20_ward_k62",39,"CD159c_NKG2C","no_detected_multimodality","no_detected_multimodality","no_detected_multimodality","no_detected_multimodality",TRUE,"stable_across_1000_2000_5000_events"
"historical_80_20_ward_k62",40,"CD11c","ambiguous","ambiguous","detected_multimodality","ambiguous",FALSE,"base_evidence_ambiguous"
"historical_80_20_ward_k62",40,"CD127","no_detected_multimodality","no_detected_multimodality","no_detected_multimodality","no_detected_multimodality",TRUE,"stable_across_1000_2000_5000_events"
"historical_80_20_ward_k62",40,"CD14","no_detected_multimodality","no_detected_multimodality","no_detected_multimodality","no_detected_multimodality",TRUE,"stable_across_1000_2000_5000_events"
"historical_80_20_ward_k62",40,"CD45RA","no_detected_multimodality","no_detected_multimodality","no_detected_multimodality","no_detected_multimodality",TRUE,"stable_across_1000_2000_5000_events"
"historical_80_20_ward_k62",40,"CD56","no_detected_multimodality","no_detected_multimodality","no_detected_multimodality","no_detected_multimodality",TRUE,"stable_across_1000_2000_5000_events"
"historical_80_20_ward_k62",40,"CD7","no_detected_multimodality","no_detected_multimodality","no_detected_multimodality","no_detected_multimodality",TRUE,"stable_across_1000_2000_5000_events"
"historical_80_20_ward_k62",41,"CD14","ambiguous","no_detected_multimodality","ambiguous","ambiguous",FALSE,"base_evidence_ambiguous"
"historical_80_20_ward_k62",41,"CD16","ambiguous","no_detected_multimodality","no_detected_multimodality","ambiguous",FALSE,"base_evidence_ambiguous"
"historical_80_20_ward_k62",41,"CD161","ambiguous","no_detected_multimodality","no_detected_multimodality","ambiguous",FALSE,"base_evidence_ambiguous"
"historical_80_20_ward_k62",41,"CD185_CXCR5","ambiguous","no_detected_multimodality","ambiguous","ambiguous",FALSE,"base_evidence_ambiguous"
"historical_80_20_ward_k62",41,"CD1c","ambiguous","no_detected_multimodality","ambiguous","ambiguous",FALSE,"base_evidence_ambiguous"
"historical_80_20_ward_k62",41,"CD303_TCRvd2","ambiguous","no_detected_multimodality","no_detected_multimodality","ambiguous",FALSE,"base_evidence_ambiguous"
"historical_80_20_ward_k62",41,"CD8","no_detected_multimodality","no_detected_multimodality","no_detected_multimodality","no_detected_multimodality",TRUE,"stable_across_1000_2000_5000_events"
"historical_80_20_ward_k62",42,"CD16","no_detected_multimodality","no_detected_multimodality","no_detected_multimodality","no_detected_multimodality",TRUE,"stable_across_1000_2000_5000_events"
"historical_80_20_ward_k62",42,"CD161","ambiguous","no_detected_multimodality","ambiguous","ambiguous",FALSE,"base_evidence_ambiguous"
"historical_80_20_ward_k62",42,"CD197_CCR7","ambiguous","ambiguous","ambiguous","ambiguous",TRUE,"base_evidence_ambiguous"
"historical_80_20_ward_k62",42,"CD1c","no_detected_multimodality","no_detected_multimodality","no_detected_multimodality","no_detected_multimodality",TRUE,"stable_across_1000_2000_5000_events"
"historical_80_20_ward_k62",42,"CD21","no_detected_multimodality","no_detected_multimodality","no_detected_multimodality","no_detected_multimodality",TRUE,"stable_across_1000_2000_5000_events"
"historical_80_20_ward_k62",42,"CD25","no_detected_multimodality","no_detected_multimodality","no_detected_multimodality","no_detected_multimodality",TRUE,"stable_across_1000_2000_5000_events"
"historical_80_20_ward_k62",42,"CD27","detected_multimodality","detected_multimodality","detected_multimodality","detected_multimodality",TRUE,"stable_across_1000_2000_5000_events"
"historical_80_20_ward_k62",43,"CD19","no_detected_multimodality","no_detected_multimodality","no_detected_multimodality","no_detected_multimodality",TRUE,"stable_across_1000_2000_5000_events"
"historical_80_20_ward_k62",43,"CD197_CCR7","ambiguous","no_detected_multimodality","ambiguous","ambiguous",FALSE,"base_evidence_ambiguous"
"historical_80_20_ward_k62",44,"CD303_TCRvd2","ambiguous","no_detected_multimodality","no_detected_multimodality","ambiguous",FALSE,"base_evidence_ambiguous"
"historical_80_20_ward_k62",44,"HLA-DR","no_detected_multimodality","no_detected_multimodality","no_detected_multimodality","no_detected_multimodality",TRUE,"stable_across_1000_2000_5000_events"
"historical_80_20_ward_k62",45,"CD57","detected_multimodality","ambiguous","detected_multimodality","ambiguous",FALSE,"sample_size_instability"
"historical_80_20_ward_k62",46,"CD3","no_detected_multimodality","no_detected_multimodality","no_detected_multimodality","no_detected_multimodality",TRUE,"stable_across_1000_2000_5000_events"
"historical_80_20_ward_k62",47,"CD14","ambiguous","ambiguous","detected_multimodality","ambiguous",FALSE,"base_evidence_ambiguous"
"historical_80_20_ward_k62",47,"CD159c_NKG2C","detected_multimodality","ambiguous","detected_multimodality","ambiguous",FALSE,"sample_size_instability"
"historical_80_20_ward_k62",47,"CD25","ambiguous","no_detected_multimodality","no_detected_multimodality","ambiguous",FALSE,"base_evidence_ambiguous"
"historical_80_20_ward_k62",47,"CD27","detected_multimodality","detected_multimodality","detected_multimodality","detected_multimodality",TRUE,"stable_across_1000_2000_5000_events"
"historical_80_20_ward_k62",47,"CD294_CRTH2","ambiguous","ambiguous","detected_multimodality","ambiguous",FALSE,"base_evidence_ambiguous"
"historical_80_20_ward_k62",47,"CD3","detected_multimodality","detected_multimodality","detected_multimodality","detected_multimodality",TRUE,"stable_across_1000_2000_5000_events"
"historical_80_20_ward_k62",47,"CD38","detected_multimodality","detected_multimodality","detected_multimodality","detected_multimodality",TRUE,"stable_across_1000_2000_5000_events"
"historical_80_20_ward_k62",47,"CD4","no_detected_multimodality","no_detected_multimodality","no_detected_multimodality","no_detected_multimodality",TRUE,"stable_across_1000_2000_5000_events"
"historical_80_20_ward_k62",47,"CD45RA","detected_multimodality","detected_multimodality","detected_multimodality","detected_multimodality",TRUE,"stable_across_1000_2000_5000_events"
"historical_80_20_ward_k62",47,"CD7","ambiguous","ambiguous","detected_multimodality","ambiguous",FALSE,"base_evidence_ambiguous"
"historical_80_20_ward_k62",47,"CD8","no_detected_multimodality","no_detected_multimodality","no_detected_multimodality","no_detected_multimodality",TRUE,"stable_across_1000_2000_5000_events"
"historical_80_20_ward_k62",48,"CD7","ambiguous","ambiguous","detected_multimodality","ambiguous",FALSE,"base_evidence_ambiguous"
"historical_80_20_ward_k62",49,"CD161","no_detected_multimodality","no_detected_multimodality","no_detected_multimodality","no_detected_multimodality",TRUE,"stable_across_1000_2000_5000_events"
"historical_80_20_ward_k62",50,"CD11c","no_detected_multimodality","no_detected_multimodality","no_detected_multimodality","no_detected_multimodality",TRUE,"stable_across_1000_2000_5000_events"
"historical_80_20_ward_k62",50,"CD25","no_detected_multimodality","no_detected_multimodality","no_detected_multimodality","no_detected_multimodality",TRUE,"stable_across_1000_2000_5000_events"
"historical_80_20_ward_k62",50,"CD294_CRTH2","no_detected_multimodality","no_detected_multimodality","no_detected_multimodality","no_detected_multimodality",TRUE,"stable_across_1000_2000_5000_events"
"historical_80_20_ward_k62",50,"CD45RA","ambiguous","ambiguous","detected_multimodality","ambiguous",FALSE,"base_evidence_ambiguous"
"historical_80_20_ward_k62",50,"HLA-DR","detected_multimodality","ambiguous","detected_multimodality","ambiguous",FALSE,"sample_size_instability"
"historical_80_20_ward_k62",51,"CD19","no_detected_multimodality","no_detected_multimodality","no_detected_multimodality","no_detected_multimodality",TRUE,"stable_across_1000_2000_5000_events"
"historical_80_20_ward_k62",51,"CD38","no_detected_multimodality","no_detected_multimodality","no_detected_multimodality","no_detected_multimodality",TRUE,"stable_across_1000_2000_5000_events"
"historical_80_20_ward_k62",51,"CD57","no_detected_multimodality","no_detected_multimodality","no_detected_multimodality","no_detected_multimodality",TRUE,"stable_across_1000_2000_5000_events"
"historical_80_20_ward_k62",51,"CD7","no_detected_multimodality","no_detected_multimodality","no_detected_multimodality","no_detected_multimodality",TRUE,"stable_across_1000_2000_5000_events"
"historical_80_20_ward_k62",52,"CD197_CCR7","ambiguous","ambiguous","ambiguous","ambiguous",TRUE,"base_evidence_ambiguous"
"historical_80_20_ward_k62",52,"Tbet","no_detected_multimodality","no_detected_multimodality","no_detected_multimodality","no_detected_multimodality",TRUE,"stable_across_1000_2000_5000_events"
"historical_80_20_ward_k62",53,"CD19","detected_multimodality","detected_multimodality","detected_multimodality","detected_multimodality",TRUE,"stable_across_1000_2000_5000_events"
"historical_80_20_ward_k62",53,"CD27","no_detected_multimodality","no_detected_multimodality","ambiguous","ambiguous",FALSE,"sample_size_instability"
"historical_80_20_ward_k62",53,"CD4","no_detected_multimodality","no_detected_multimodality","no_detected_multimodality","no_detected_multimodality",TRUE,"stable_across_1000_2000_5000_events"
"historical_80_20_ward_k62",53,"HLA-DR","no_detected_multimodality","no_detected_multimodality","no_detected_multimodality","no_detected_multimodality",TRUE,"stable_across_1000_2000_5000_events"
"historical_80_20_ward_k62",54,"CD27","ambiguous","no_detected_multimodality","ambiguous","ambiguous",FALSE,"base_evidence_ambiguous"
"historical_80_20_ward_k62",55,"CD127","ambiguous","no_detected_multimodality","ambiguous","ambiguous",FALSE,"base_evidence_ambiguous"
"historical_80_20_ward_k62",55,"CD159c_NKG2C","ambiguous","no_detected_multimodality","no_detected_multimodality","ambiguous",FALSE,"base_evidence_ambiguous"
"historical_80_20_ward_k62",55,"CD1c","ambiguous","no_detected_multimodality","no_detected_multimodality","ambiguous",FALSE,"base_evidence_ambiguous"
"historical_80_20_ward_k62",55,"CD45RA","ambiguous","ambiguous","ambiguous","ambiguous",TRUE,"base_evidence_ambiguous"
"historical_80_20_ward_k62",56,"CD21","ambiguous","ambiguous","detected_multimodality","ambiguous",FALSE,"base_evidence_ambiguous"
"historical_80_20_ward_k62",56,"CD294_CRTH2","ambiguous","no_detected_multimodality","no_detected_multimodality","ambiguous",FALSE,"base_evidence_ambiguous"
"historical_80_20_ward_k62",56,"CD45RA","no_detected_multimodality","ambiguous","no_detected_multimodality","ambiguous",FALSE,"sample_size_instability"
"historical_80_20_ward_k62",56,"FoxP3","no_detected_multimodality","no_detected_multimodality","no_detected_multimodality","no_detected_multimodality",TRUE,"stable_across_1000_2000_5000_events"
"historical_80_20_ward_k62",57,"CD127","no_detected_multimodality","no_detected_multimodality","no_detected_multimodality","no_detected_multimodality",TRUE,"stable_across_1000_2000_5000_events"
"historical_80_20_ward_k62",57,"CD38","ambiguous","no_detected_multimodality","detected_multimodality","ambiguous",FALSE,"base_evidence_ambiguous"
"historical_80_20_ward_k62",57,"CD7","ambiguous","ambiguous","detected_multimodality","ambiguous",FALSE,"base_evidence_ambiguous"
"historical_80_20_ward_k62",58,"CD11c","ambiguous","ambiguous","ambiguous","ambiguous",TRUE,"base_evidence_ambiguous"
"historical_80_20_ward_k62",58,"CD161","ambiguous","no_detected_multimodality","ambiguous","ambiguous",FALSE,"base_evidence_ambiguous"
"historical_80_20_ward_k62",58,"CD25","detected_multimodality","ambiguous","detected_multimodality","ambiguous",FALSE,"sample_size_instability"
"historical_80_20_ward_k62",58,"CD27","ambiguous","no_detected_multimodality","ambiguous","ambiguous",FALSE,"base_evidence_ambiguous"
"historical_80_20_ward_k62",58,"CD38","ambiguous","ambiguous","detected_multimodality","ambiguous",FALSE,"base_evidence_ambiguous"
"historical_80_20_ward_k62",58,"CD7","ambiguous","no_detected_multimodality","ambiguous","ambiguous",FALSE,"base_evidence_ambiguous"
"historical_80_20_ward_k62",58,"FoxP3","detected_multimodality","detected_multimodality","detected_multimodality","detected_multimodality",TRUE,"stable_across_1000_2000_5000_events"
"historical_80_20_ward_k62",59,"CD127","no_detected_multimodality","no_detected_multimodality","no_detected_multimodality","no_detected_multimodality",TRUE,"stable_across_1000_2000_5000_events"
"historical_80_20_ward_k62",59,"CD294_CRTH2","no_detected_multimodality","no_detected_multimodality","no_detected_multimodality","no_detected_multimodality",TRUE,"stable_across_1000_2000_5000_events"
"historical_80_20_ward_k62",59,"CD4","no_detected_multimodality","no_detected_multimodality","no_detected_multimodality","no_detected_multimodality",TRUE,"stable_across_1000_2000_5000_events"
"historical_80_20_ward_k62",60,"CD11c","ambiguous","no_detected_multimodality","ambiguous","ambiguous",FALSE,"base_evidence_ambiguous"
"historical_80_20_ward_k62",60,"Tbet","no_detected_multimodality","no_detected_multimodality","no_detected_multimodality","no_detected_multimodality",TRUE,"stable_across_1000_2000_5000_events"
"historical_80_20_ward_k62",61,"CD127","no_detected_multimodality","no_detected_multimodality","no_detected_multimodality","no_detected_multimodality",TRUE,"stable_across_1000_2000_5000_events"
"historical_80_20_ward_k62",61,"CD25","detected_multimodality","detected_multimodality","detected_multimodality","detected_multimodality",TRUE,"stable_across_1000_2000_5000_events"
"historical_80_20_ward_k62",61,"CD27","detected_multimodality","detected_multimodality","detected_multimodality","detected_multimodality",TRUE,"stable_across_1000_2000_5000_events"
"historical_80_20_ward_k62",61,"CD45RA","ambiguous","no_detected_multimodality","no_detected_multimodality","ambiguous",FALSE,"base_evidence_ambiguous"
"historical_80_20_ward_k62",61,"CD7","ambiguous","ambiguous","no_detected_multimodality","ambiguous",FALSE,"base_evidence_ambiguous"
"historical_80_20_ward_k62",62,"CD25","detected_multimodality","detected_multimodality","detected_multimodality","detected_multimodality",TRUE,"stable_across_1000_2000_5000_events"
"historical_80_20_ward_k62",62,"FoxP3","detected_multimodality","detected_multimodality","detected_multimodality","detected_multimodality",TRUE,"stable_across_1000_2000_5000_events"
"inflect_ward_k55",1,"CD11c","ambiguous","ambiguous","detected_multimodality","ambiguous",FALSE,"base_evidence_ambiguous"
"inflect_ward_k55",1,"CD185_CXCR5","ambiguous","no_detected_multimodality","ambiguous","ambiguous",FALSE,"base_evidence_ambiguous"
"inflect_ward_k55",1,"CD21","ambiguous","no_detected_multimodality","ambiguous","ambiguous",FALSE,"base_evidence_ambiguous"
"inflect_ward_k55",1,"CD294_CRTH2","no_detected_multimodality","ambiguous","no_detected_multimodality","ambiguous",FALSE,"sample_size_instability"
"inflect_ward_k55",1,"CD38","ambiguous","no_detected_multimodality","ambiguous","ambiguous",FALSE,"base_evidence_ambiguous"
"inflect_ward_k55",1,"CD7","ambiguous","no_detected_multimodality","ambiguous","ambiguous",FALSE,"base_evidence_ambiguous"
"inflect_ward_k55",2,"CD11c","detected_multimodality","detected_multimodality","detected_multimodality","detected_multimodality",TRUE,"stable_across_1000_2000_5000_events"
"inflect_ward_k55",2,"CD161","ambiguous","no_detected_multimodality","no_detected_multimodality","ambiguous",FALSE,"base_evidence_ambiguous"
"inflect_ward_k55",2,"CD38","ambiguous","no_detected_multimodality","no_detected_multimodality","ambiguous",FALSE,"base_evidence_ambiguous"
"inflect_ward_k55",2,"CD57","detected_multimodality","detected_multimodality","detected_multimodality","detected_multimodality",TRUE,"stable_across_1000_2000_5000_events"
"inflect_ward_k55",2,"TCRgd_CD141","no_detected_multimodality","no_detected_multimodality","ambiguous","ambiguous",FALSE,"sample_size_instability"
"inflect_ward_k55",3,"CD14","no_detected_multimodality","no_detected_multimodality","no_detected_multimodality","no_detected_multimodality",TRUE,"stable_across_1000_2000_5000_events"
"inflect_ward_k55",3,"CD1c","ambiguous","no_detected_multimodality","no_detected_multimodality","ambiguous",FALSE,"base_evidence_ambiguous"
"inflect_ward_k55",3,"CD3","no_detected_multimodality","no_detected_multimodality","no_detected_multimodality","no_detected_multimodality",TRUE,"stable_across_1000_2000_5000_events"
"inflect_ward_k55",3,"CD56","no_detected_multimodality","no_detected_multimodality","no_detected_multimodality","no_detected_multimodality",TRUE,"stable_across_1000_2000_5000_events"
"inflect_ward_k55",3,"CD57","detected_multimodality","detected_multimodality","detected_multimodality","detected_multimodality",TRUE,"stable_across_1000_2000_5000_events"
"inflect_ward_k55",4,"CD159c_NKG2C","detected_multimodality","detected_multimodality","detected_multimodality","detected_multimodality",TRUE,"stable_across_1000_2000_5000_events"
"inflect_ward_k55",4,"CD27","no_detected_multimodality","no_detected_multimodality","no_detected_multimodality","no_detected_multimodality",TRUE,"stable_across_1000_2000_5000_events"
"inflect_ward_k55",4,"CD57","detected_multimodality","detected_multimodality","detected_multimodality","detected_multimodality",TRUE,"stable_across_1000_2000_5000_events"
"inflect_ward_k55",4,"CD8","no_detected_multimodality","no_detected_multimodality","no_detected_multimodality","no_detected_multimodality",TRUE,"stable_across_1000_2000_5000_events"
"inflect_ward_k55",4,"TCRgd_CD141","ambiguous","no_detected_multimodality","ambiguous","ambiguous",FALSE,"base_evidence_ambiguous"
"inflect_ward_k55",5,"CD21","no_detected_multimodality","no_detected_multimodality","no_detected_multimodality","no_detected_multimodality",TRUE,"stable_across_1000_2000_5000_events"
"inflect_ward_k55",5,"CD3","detected_multimodality","detected_multimodality","detected_multimodality","detected_multimodality",TRUE,"stable_across_1000_2000_5000_events"
"inflect_ward_k55",5,"CD57","detected_multimodality","detected_multimodality","detected_multimodality","detected_multimodality",TRUE,"stable_across_1000_2000_5000_events"
"inflect_ward_k55",6,"CD11c","detected_multimodality","ambiguous","detected_multimodality","ambiguous",FALSE,"sample_size_instability"
"inflect_ward_k55",6,"CD161","detected_multimodality","ambiguous","detected_multimodality","ambiguous",FALSE,"sample_size_instability"
"inflect_ward_k55",6,"CD185_CXCR5","ambiguous","no_detected_multimodality","no_detected_multimodality","ambiguous",FALSE,"base_evidence_ambiguous"
"inflect_ward_k55",6,"CD3","detected_multimodality","detected_multimodality","detected_multimodality","detected_multimodality",TRUE,"stable_across_1000_2000_5000_events"
"inflect_ward_k55",6,"CD4","ambiguous","no_detected_multimodality","no_detected_multimodality","ambiguous",FALSE,"base_evidence_ambiguous"
"inflect_ward_k55",6,"CD56","ambiguous","no_detected_multimodality","no_detected_multimodality","ambiguous",FALSE,"base_evidence_ambiguous"
"inflect_ward_k55",6,"CD57","ambiguous","ambiguous","detected_multimodality","ambiguous",FALSE,"base_evidence_ambiguous"
"inflect_ward_k55",6,"CD7","ambiguous","no_detected_multimodality","no_detected_multimodality","ambiguous",FALSE,"base_evidence_ambiguous"
"inflect_ward_k55",6,"HLA-DR","no_detected_multimodality","no_detected_multimodality","no_detected_multimodality","no_detected_multimodality",TRUE,"stable_across_1000_2000_5000_events"
"inflect_ward_k55",7,"CD11c","ambiguous","ambiguous","detected_multimodality","ambiguous",FALSE,"base_evidence_ambiguous"
"inflect_ward_k55",7,"CD161","ambiguous","ambiguous","detected_multimodality","ambiguous",FALSE,"base_evidence_ambiguous"
"inflect_ward_k55",7,"CD21","ambiguous","no_detected_multimodality","no_detected_multimodality","ambiguous",FALSE,"base_evidence_ambiguous"
"inflect_ward_k55",7,"CD3","ambiguous","no_detected_multimodality","ambiguous","ambiguous",FALSE,"base_evidence_ambiguous"
"inflect_ward_k55",7,"CD57","ambiguous","ambiguous","ambiguous","ambiguous",TRUE,"base_evidence_ambiguous"
"inflect_ward_k55",7,"FoxP3","ambiguous","no_detected_multimodality","no_detected_multimodality","ambiguous",FALSE,"base_evidence_ambiguous"
"inflect_ward_k55",8,"CD159c_NKG2C","ambiguous","ambiguous","detected_multimodality","ambiguous",FALSE,"base_evidence_ambiguous"
"inflect_ward_k55",8,"CD27","no_detected_multimodality","no_detected_multimodality","no_detected_multimodality","no_detected_multimodality",TRUE,"stable_across_1000_2000_5000_events"
"inflect_ward_k55",8,"CD56","no_detected_multimodality","no_detected_multimodality","no_detected_multimodality","no_detected_multimodality",TRUE,"stable_across_1000_2000_5000_events"
"inflect_ward_k55",8,"CD57","detected_multimodality","detected_multimodality","detected_multimodality","detected_multimodality",TRUE,"stable_across_1000_2000_5000_events"
"inflect_ward_k55",8,"Tbet","no_detected_multimodality","no_detected_multimodality","no_detected_multimodality","no_detected_multimodality",TRUE,"stable_across_1000_2000_5000_events"
"inflect_ward_k55",9,"CD16","no_detected_multimodality","no_detected_multimodality","no_detected_multimodality","no_detected_multimodality",TRUE,"stable_across_1000_2000_5000_events"
"inflect_ward_k55",9,"CD1c","no_detected_multimodality","no_detected_multimodality","no_detected_multimodality","no_detected_multimodality",TRUE,"stable_across_1000_2000_5000_events"
"inflect_ward_k55",9,"CD3","no_detected_multimodality","no_detected_multimodality","ambiguous","ambiguous",FALSE,"sample_size_instability"
"inflect_ward_k55",9,"CD303_TCRvd2","no_detected_multimodality","no_detected_multimodality","no_detected_multimodality","no_detected_multimodality",TRUE,"stable_across_1000_2000_5000_events"
"inflect_ward_k55",9,"CD57","detected_multimodality","detected_multimodality","detected_multimodality","detected_multimodality",TRUE,"stable_across_1000_2000_5000_events"
"inflect_ward_k55",10,"CD159c_NKG2C","detected_multimodality","ambiguous","detected_multimodality","ambiguous",FALSE,"sample_size_instability"
"inflect_ward_k55",10,"CD27","ambiguous","no_detected_multimodality","ambiguous","ambiguous",FALSE,"base_evidence_ambiguous"
"inflect_ward_k55",10,"CD45RA","no_detected_multimodality","no_detected_multimodality","no_detected_multimodality","no_detected_multimodality",TRUE,"stable_across_1000_2000_5000_events"
"inflect_ward_k55",10,"CD56","detected_multimodality","ambiguous","detected_multimodality","ambiguous",FALSE,"sample_size_instability"
"inflect_ward_k55",10,"CD57","ambiguous","ambiguous","detected_multimodality","ambiguous",FALSE,"base_evidence_ambiguous"
"inflect_ward_k55",10,"TCRgd_CD141","no_detected_multimodality","no_detected_multimodality","no_detected_multimodality","no_detected_multimodality",TRUE,"stable_across_1000_2000_5000_events"
"inflect_ward_k55",11,"CD16","no_detected_multimodality","no_detected_multimodality","no_detected_multimodality","no_detected_multimodality",TRUE,"stable_across_1000_2000_5000_events"
"inflect_ward_k55",11,"CD161","no_detected_multimodality","no_detected_multimodality","no_detected_multimodality","no_detected_multimodality",TRUE,"stable_across_1000_2000_5000_events"
"inflect_ward_k55",11,"CD1c","no_detected_multimodality","no_detected_multimodality","no_detected_multimodality","no_detected_multimodality",TRUE,"stable_across_1000_2000_5000_events"
"inflect_ward_k55",11,"CD21","no_detected_multimodality","no_detected_multimodality","no_detected_multimodality","no_detected_multimodality",TRUE,"stable_across_1000_2000_5000_events"
"inflect_ward_k55",11,"CD45RA","ambiguous","ambiguous","ambiguous","ambiguous",TRUE,"base_evidence_ambiguous"
"inflect_ward_k55",12,"CD11c","ambiguous","ambiguous","ambiguous","ambiguous",TRUE,"base_evidence_ambiguous"
"inflect_ward_k55",12,"CD159c_NKG2C","ambiguous","no_detected_multimodality","no_detected_multimodality","ambiguous",FALSE,"base_evidence_ambiguous"
"inflect_ward_k55",12,"CD16","ambiguous","no_detected_multimodality","ambiguous","ambiguous",FALSE,"base_evidence_ambiguous"
"inflect_ward_k55",12,"CD161","detected_multimodality","detected_multimodality","detected_multimodality","detected_multimodality",TRUE,"stable_across_1000_2000_5000_events"
"inflect_ward_k55",12,"CD303_TCRvd2","no_detected_multimodality","ambiguous","no_detected_multimodality","ambiguous",FALSE,"sample_size_instability"
"inflect_ward_k55",12,"CD38","no_detected_multimodality","no_detected_multimodality","no_detected_multimodality","no_detected_multimodality",TRUE,"stable_across_1000_2000_5000_events"
"inflect_ward_k55",12,"CD57","ambiguous","no_detected_multimodality","ambiguous","ambiguous",FALSE,"base_evidence_ambiguous"
"inflect_ward_k55",12,"FoxP3","no_detected_multimodality","no_detected_multimodality","no_detected_multimodality","no_detected_multimodality",TRUE,"stable_across_1000_2000_5000_events"
"inflect_ward_k55",13,"CD11c","ambiguous","ambiguous","detected_multimodality","ambiguous",FALSE,"base_evidence_ambiguous"
"inflect_ward_k55",13,"CD127","no_detected_multimodality","no_detected_multimodality","no_detected_multimodality","no_detected_multimodality",TRUE,"stable_across_1000_2000_5000_events"
"inflect_ward_k55",13,"CD14","no_detected_multimodality","no_detected_multimodality","no_detected_multimodality","no_detected_multimodality",TRUE,"stable_across_1000_2000_5000_events"
"inflect_ward_k55",13,"CD159c_NKG2C","ambiguous","no_detected_multimodality","no_detected_multimodality","ambiguous",FALSE,"base_evidence_ambiguous"
"inflect_ward_k55",13,"CD161","ambiguous","ambiguous","ambiguous","ambiguous",TRUE,"base_evidence_ambiguous"
"inflect_ward_k55",13,"CD197_CCR7","ambiguous","no_detected_multimodality","ambiguous","ambiguous",FALSE,"base_evidence_ambiguous"
"inflect_ward_k55",13,"CD3","detected_multimodality","detected_multimodality","detected_multimodality","detected_multimodality",TRUE,"stable_across_1000_2000_5000_events"
"inflect_ward_k55",13,"CD4","ambiguous","no_detected_multimodality","no_detected_multimodality","ambiguous",FALSE,"base_evidence_ambiguous"
"inflect_ward_k55",13,"CD56","ambiguous","ambiguous","detected_multimodality","ambiguous",FALSE,"base_evidence_ambiguous"
"inflect_ward_k55",13,"Tbet","ambiguous","no_detected_multimodality","ambiguous","ambiguous",FALSE,"base_evidence_ambiguous"
"inflect_ward_k55",14,"CD11c","no_detected_multimodality","no_detected_multimodality","no_detected_multimodality","no_detected_multimodality",TRUE,"stable_across_1000_2000_5000_events"
"inflect_ward_k55",14,"CD159c_NKG2C","no_detected_multimodality","no_detected_multimodality","no_detected_multimodality","no_detected_multimodality",TRUE,"stable_across_1000_2000_5000_events"
"inflect_ward_k55",14,"CD57","detected_multimodality","detected_multimodality","detected_multimodality","detected_multimodality",TRUE,"stable_across_1000_2000_5000_events"
"inflect_ward_k55",14,"CD8","no_detected_multimodality","no_detected_multimodality","no_detected_multimodality","no_detected_multimodality",TRUE,"stable_across_1000_2000_5000_events"
"inflect_ward_k55",14,"FoxP3","no_detected_multimodality","no_detected_multimodality","no_detected_multimodality","no_detected_multimodality",TRUE,"stable_across_1000_2000_5000_events"
"inflect_ward_k55",14,"HLA-DR","no_detected_multimodality","no_detected_multimodality","no_detected_multimodality","no_detected_multimodality",TRUE,"stable_across_1000_2000_5000_events"
"inflect_ward_k55",15,"CD127","no_detected_multimodality","no_detected_multimodality","no_detected_multimodality","no_detected_multimodality",TRUE,"stable_across_1000_2000_5000_events"
"inflect_ward_k55",15,"CD185_CXCR5","ambiguous","no_detected_multimodality","no_detected_multimodality","ambiguous",FALSE,"base_evidence_ambiguous"
"inflect_ward_k55",15,"CD197_CCR7","no_detected_multimodality","no_detected_multimodality","no_detected_multimodality","no_detected_multimodality",TRUE,"stable_across_1000_2000_5000_events"
"inflect_ward_k55",15,"CD45RA","ambiguous","no_detected_multimodality","ambiguous","ambiguous",FALSE,"base_evidence_ambiguous"
"inflect_ward_k55",15,"CD57","detected_multimodality","detected_multimodality","detected_multimodality","detected_multimodality",TRUE,"stable_across_1000_2000_5000_events"
"inflect_ward_k55",16,"CD11c","ambiguous","ambiguous","ambiguous","ambiguous",TRUE,"base_evidence_ambiguous"
"inflect_ward_k55",16,"CD294_CRTH2","no_detected_multimodality","no_detected_multimodality","no_detected_multimodality","no_detected_multimodality",TRUE,"stable_across_1000_2000_5000_events"
"inflect_ward_k55",16,"CD3","detected_multimodality","detected_multimodality","detected_multimodality","detected_multimodality",TRUE,"stable_across_1000_2000_5000_events"
"inflect_ward_k55",16,"CD56","detected_multimodality","detected_multimodality","detected_multimodality","detected_multimodality",TRUE,"stable_across_1000_2000_5000_events"
"inflect_ward_k55",16,"CD57","detected_multimodality","detected_multimodality","detected_multimodality","detected_multimodality",TRUE,"stable_across_1000_2000_5000_events"
"inflect_ward_k55",17,"CD11c","ambiguous","ambiguous","ambiguous","ambiguous",TRUE,"base_evidence_ambiguous"
"inflect_ward_k55",17,"CD127","no_detected_multimodality","no_detected_multimodality","no_detected_multimodality","no_detected_multimodality",TRUE,"stable_across_1000_2000_5000_events"
"inflect_ward_k55",17,"CD14","no_detected_multimodality","no_detected_multimodality","no_detected_multimodality","no_detected_multimodality",TRUE,"stable_across_1000_2000_5000_events"
"inflect_ward_k55",17,"CD161","detected_multimodality","detected_multimodality","detected_multimodality","detected_multimodality",TRUE,"stable_across_1000_2000_5000_events"
"inflect_ward_k55",17,"CD45RA","no_detected_multimodality","no_detected_multimodality","no_detected_multimodality","no_detected_multimodality",TRUE,"stable_across_1000_2000_5000_events"
"inflect_ward_k55",17,"CD56","detected_multimodality","ambiguous","detected_multimodality","ambiguous",FALSE,"sample_size_instability"
"inflect_ward_k55",17,"Tbet","ambiguous","no_detected_multimodality","ambiguous","ambiguous",FALSE,"base_evidence_ambiguous"
"inflect_ward_k55",18,"CD159c_NKG2C","detected_multimodality","ambiguous","detected_multimodality","ambiguous",FALSE,"sample_size_instability"
"inflect_ward_k55",18,"CD45RA","ambiguous","ambiguous","ambiguous","ambiguous",TRUE,"base_evidence_ambiguous"
"inflect_ward_k55",18,"CD7","no_detected_multimodality","no_detected_multimodality","ambiguous","ambiguous",FALSE,"sample_size_instability"
"inflect_ward_k55",19,"CD16","no_detected_multimodality","no_detected_multimodality","no_detected_multimodality","no_detected_multimodality",TRUE,"stable_across_1000_2000_5000_events"
"inflect_ward_k55",19,"CD25","no_detected_multimodality","no_detected_multimodality","no_detected_multimodality","no_detected_multimodality",TRUE,"stable_across_1000_2000_5000_events"
"inflect_ward_k55",19,"CD38","ambiguous","no_detected_multimodality","no_detected_multimodality","ambiguous",FALSE,"base_evidence_ambiguous"
"inflect_ward_k55",19,"CD56","ambiguous","ambiguous","detected_multimodality","ambiguous",FALSE,"base_evidence_ambiguous"
"inflect_ward_k55",19,"CD57","ambiguous","no_detected_multimodality","ambiguous","ambiguous",FALSE,"base_evidence_ambiguous"
"inflect_ward_k55",19,"CD8","no_detected_multimodality","no_detected_multimodality","no_detected_multimodality","no_detected_multimodality",TRUE,"stable_across_1000_2000_5000_events"
"inflect_ward_k55",19,"Tbet","ambiguous","no_detected_multimodality","ambiguous","ambiguous",FALSE,"base_evidence_ambiguous"
"inflect_ward_k55",19,"TCRgd_CD141","ambiguous","no_detected_multimodality","ambiguous","ambiguous",FALSE,"base_evidence_ambiguous"
"inflect_ward_k55",20,"CD161","detected_multimodality","detected_multimodality","detected_multimodality","detected_multimodality",TRUE,"stable_across_1000_2000_5000_events"
"inflect_ward_k55",20,"CD27","detected_multimodality","detected_multimodality","detected_multimodality","detected_multimodality",TRUE,"stable_across_1000_2000_5000_events"
"inflect_ward_k55",20,"CD38","no_detected_multimodality","no_detected_multimodality","no_detected_multimodality","no_detected_multimodality",TRUE,"stable_across_1000_2000_5000_events"
"inflect_ward_k55",20,"CD57","no_detected_multimodality","no_detected_multimodality","no_detected_multimodality","no_detected_multimodality",TRUE,"stable_across_1000_2000_5000_events"
"inflect_ward_k55",21,"CD14","no_detected_multimodality","no_detected_multimodality","no_detected_multimodality","no_detected_multimodality",TRUE,"stable_across_1000_2000_5000_events"
"inflect_ward_k55",21,"CD27","detected_multimodality","detected_multimodality","detected_multimodality","detected_multimodality",TRUE,"stable_across_1000_2000_5000_events"
"inflect_ward_k55",21,"CD45RA","ambiguous","ambiguous","ambiguous","ambiguous",TRUE,"base_evidence_ambiguous"
"inflect_ward_k55",21,"CD56","no_detected_multimodality","no_detected_multimodality","no_detected_multimodality","no_detected_multimodality",TRUE,"stable_across_1000_2000_5000_events"
"inflect_ward_k55",21,"CD8","ambiguous","ambiguous","ambiguous","ambiguous",TRUE,"base_evidence_ambiguous"
"inflect_ward_k55",21,"Tbet","detected_multimodality","detected_multimodality","detected_multimodality","detected_multimodality",TRUE,"stable_across_1000_2000_5000_events"
"inflect_ward_k55",21,"TCRgd_CD141","no_detected_multimodality","no_detected_multimodality","no_detected_multimodality","no_detected_multimodality",TRUE,"stable_across_1000_2000_5000_events"
"inflect_ward_k55",22,"CD161","detected_multimodality","ambiguous","ambiguous","ambiguous",FALSE,"sample_size_instability"
"inflect_ward_k55",22,"CD185_CXCR5","ambiguous","no_detected_multimodality","ambiguous","ambiguous",FALSE,"base_evidence_ambiguous"
"inflect_ward_k55",22,"CD38","detected_multimodality","detected_multimodality","detected_multimodality","detected_multimodality",TRUE,"stable_across_1000_2000_5000_events"
"inflect_ward_k55",22,"CD45RA","ambiguous","ambiguous","ambiguous","ambiguous",TRUE,"base_evidence_ambiguous"
"inflect_ward_k55",22,"CD7","detected_multimodality","ambiguous","detected_multimodality","ambiguous",FALSE,"sample_size_instability"
"inflect_ward_k55",22,"FoxP3","detected_multimodality","detected_multimodality","detected_multimodality","detected_multimodality",TRUE,"stable_across_1000_2000_5000_events"
"inflect_ward_k55",23,"CD11c","ambiguous","ambiguous","no_detected_multimodality","ambiguous",FALSE,"base_evidence_ambiguous"
"inflect_ward_k55",23,"CD159c_NKG2C","ambiguous","ambiguous","detected_multimodality","ambiguous",FALSE,"base_evidence_ambiguous"
"inflect_ward_k55",23,"CD16","ambiguous","no_detected_multimodality","ambiguous","ambiguous",FALSE,"base_evidence_ambiguous"
"inflect_ward_k55",23,"CD1c","no_detected_multimodality","no_detected_multimodality","no_detected_multimodality","no_detected_multimodality",TRUE,"stable_across_1000_2000_5000_events"
"inflect_ward_k55",23,"CD21","no_detected_multimodality","no_detected_multimodality","no_detected_multimodality","no_detected_multimodality",TRUE,"stable_across_1000_2000_5000_events"
"inflect_ward_k55",23,"CD3","detected_multimodality","ambiguous","detected_multimodality","ambiguous",FALSE,"sample_size_instability"
"inflect_ward_k55",23,"CD56","ambiguous","no_detected_multimodality","ambiguous","ambiguous",FALSE,"base_evidence_ambiguous"
"inflect_ward_k55",23,"HLA-DR","no_detected_multimodality","no_detected_multimodality","no_detected_multimodality","no_detected_multimodality",TRUE,"stable_across_1000_2000_5000_events"
"inflect_ward_k55",24,"CD161","ambiguous","no_detected_multimodality","ambiguous","ambiguous",FALSE,"base_evidence_ambiguous"
"inflect_ward_k55",24,"CD19","no_detected_multimodality","no_detected_multimodality","no_detected_multimodality","no_detected_multimodality",TRUE,"stable_across_1000_2000_5000_events"
"inflect_ward_k55",24,"CD27","detected_multimodality","detected_multimodality","detected_multimodality","detected_multimodality",TRUE,"stable_across_1000_2000_5000_events"
"inflect_ward_k55",24,"CD303_TCRvd2","detected_multimodality","detected_multimodality","detected_multimodality","detected_multimodality",TRUE,"stable_across_1000_2000_5000_events"
"inflect_ward_k55",24,"CD57","no_detected_multimodality","no_detected_multimodality","no_detected_multimodality","no_detected_multimodality",TRUE,"stable_across_1000_2000_5000_events"
"inflect_ward_k55",24,"TCRgd_CD141","detected_multimodality","detected_multimodality","detected_multimodality","detected_multimodality",TRUE,"stable_across_1000_2000_5000_events"
"inflect_ward_k55",25,"CD127","ambiguous","no_detected_multimodality","ambiguous","ambiguous",FALSE,"base_evidence_ambiguous"
"inflect_ward_k55",25,"CD16","detected_multimodality","detected_multimodality","detected_multimodality","detected_multimodality",TRUE,"stable_across_1000_2000_5000_events"
"inflect_ward_k55",25,"CD161","ambiguous","no_detected_multimodality","ambiguous","ambiguous",FALSE,"base_evidence_ambiguous"
"inflect_ward_k55",25,"CD185_CXCR5","ambiguous","ambiguous","ambiguous","ambiguous",TRUE,"base_evidence_ambiguous"
"inflect_ward_k55",25,"CD21","ambiguous","ambiguous","detected_multimodality","ambiguous",FALSE,"base_evidence_ambiguous"
"inflect_ward_k55",25,"CD27","ambiguous","no_detected_multimodality","ambiguous","ambiguous",FALSE,"base_evidence_ambiguous"
"inflect_ward_k55",25,"CD3","ambiguous","no_detected_multimodality","ambiguous","ambiguous",FALSE,"base_evidence_ambiguous"
"inflect_ward_k55",25,"CD38","ambiguous","ambiguous","detected_multimodality","ambiguous",FALSE,"base_evidence_ambiguous"
"inflect_ward_k55",25,"CD4","ambiguous","no_detected_multimodality","ambiguous","ambiguous",FALSE,"base_evidence_ambiguous"
"inflect_ward_k55",25,"CD45RA","ambiguous","no_detected_multimodality","ambiguous","ambiguous",FALSE,"base_evidence_ambiguous"
"inflect_ward_k55",26,"CD11c","ambiguous","ambiguous","ambiguous","ambiguous",TRUE,"base_evidence_ambiguous"
"inflect_ward_k55",26,"CD159c_NKG2C","detected_multimodality","ambiguous","detected_multimodality","ambiguous",FALSE,"sample_size_instability"
"inflect_ward_k55",26,"CD16","ambiguous","ambiguous","ambiguous","ambiguous",TRUE,"base_evidence_ambiguous"
"inflect_ward_k55",26,"CD161","no_detected_multimodality","no_detected_multimodality","no_detected_multimodality","no_detected_multimodality",TRUE,"stable_across_1000_2000_5000_events"
"inflect_ward_k55",26,"CD27","no_detected_multimodality","no_detected_multimodality","no_detected_multimodality","no_detected_multimodality",TRUE,"stable_across_1000_2000_5000_events"
"inflect_ward_k55",26,"CD3","detected_multimodality","ambiguous","detected_multimodality","ambiguous",FALSE,"sample_size_instability"
"inflect_ward_k55",26,"CD38","ambiguous","no_detected_multimodality","ambiguous","ambiguous",FALSE,"base_evidence_ambiguous"
"inflect_ward_k55",26,"CD4","no_detected_multimodality","no_detected_multimodality","no_detected_multimodality","no_detected_multimodality",TRUE,"stable_across_1000_2000_5000_events"
"inflect_ward_k55",26,"CD57","detected_multimodality","detected_multimodality","detected_multimodality","detected_multimodality",TRUE,"stable_across_1000_2000_5000_events"
"inflect_ward_k55",26,"FoxP3","no_detected_multimodality","no_detected_multimodality","no_detected_multimodality","no_detected_multimodality",TRUE,"stable_across_1000_2000_5000_events"
"inflect_ward_k55",27,"CD11c","no_detected_multimodality","no_detected_multimodality","no_detected_multimodality","no_detected_multimodality",TRUE,"stable_across_1000_2000_5000_events"
"inflect_ward_k55",27,"CD16","ambiguous","ambiguous","ambiguous","ambiguous",TRUE,"base_evidence_ambiguous"
"inflect_ward_k55",27,"CD161","detected_multimodality","detected_multimodality","detected_multimodality","detected_multimodality",TRUE,"stable_across_1000_2000_5000_events"
"inflect_ward_k55",27,"CD294_CRTH2","no_detected_multimodality","no_detected_multimodality","no_detected_multimodality","no_detected_multimodality",TRUE,"stable_across_1000_2000_5000_events"
"inflect_ward_k55",27,"CD303_TCRvd2","detected_multimodality","detected_multimodality","detected_multimodality","detected_multimodality",TRUE,"stable_across_1000_2000_5000_events"
"inflect_ward_k55",27,"CD45RA","ambiguous","ambiguous","detected_multimodality","ambiguous",FALSE,"base_evidence_ambiguous"
"inflect_ward_k55",27,"TCRgd_CD141","ambiguous","ambiguous","ambiguous","ambiguous",TRUE,"base_evidence_ambiguous"
"inflect_ward_k55",28,"CD159c_NKG2C","no_detected_multimodality","no_detected_multimodality","no_detected_multimodality","no_detected_multimodality",TRUE,"stable_across_1000_2000_5000_events"
"inflect_ward_k55",28,"CD16","ambiguous","no_detected_multimodality","ambiguous","ambiguous",FALSE,"base_evidence_ambiguous"
"inflect_ward_k55",28,"CD185_CXCR5","no_detected_multimodality","no_detected_multimodality","no_detected_multimodality","no_detected_multimodality",TRUE,"stable_across_1000_2000_5000_events"
"inflect_ward_k55",28,"CD56","detected_multimodality","ambiguous","detected_multimodality","ambiguous",FALSE,"sample_size_instability"
"inflect_ward_k55",28,"CD57","ambiguous","ambiguous","detected_multimodality","ambiguous",FALSE,"base_evidence_ambiguous"
"inflect_ward_k55",29,"CD127","ambiguous","ambiguous","detected_multimodality","ambiguous",FALSE,"base_evidence_ambiguous"
"inflect_ward_k55",29,"CD14","ambiguous","ambiguous","detected_multimodality","ambiguous",FALSE,"base_evidence_ambiguous"
"inflect_ward_k55",29,"CD161","ambiguous","ambiguous","detected_multimodality","ambiguous",FALSE,"base_evidence_ambiguous"
"inflect_ward_k55",29,"CD185_CXCR5","ambiguous","ambiguous","detected_multimodality","ambiguous",FALSE,"base_evidence_ambiguous"
"inflect_ward_k55",29,"CD27","ambiguous","no_detected_multimodality","ambiguous","ambiguous",FALSE,"base_evidence_ambiguous"
"inflect_ward_k55",29,"CD38","detected_multimodality","detected_multimodality","detected_multimodality","detected_multimodality",TRUE,"stable_across_1000_2000_5000_events"
"inflect_ward_k55",29,"CD45RA","ambiguous","no_detected_multimodality","ambiguous","ambiguous",FALSE,"base_evidence_ambiguous"
"inflect_ward_k55",29,"CD7","ambiguous","no_detected_multimodality","detected_multimodality","ambiguous",FALSE,"base_evidence_ambiguous"
"inflect_ward_k55",29,"Tbet","detected_multimodality","detected_multimodality","detected_multimodality","detected_multimodality",TRUE,"stable_across_1000_2000_5000_events"
"inflect_ward_k55",30,"CD161","ambiguous","no_detected_multimodality","ambiguous","ambiguous",FALSE,"base_evidence_ambiguous"
"inflect_ward_k55",30,"CD21","ambiguous","no_detected_multimodality","ambiguous","ambiguous",FALSE,"base_evidence_ambiguous"
"inflect_ward_k55",30,"CD27","detected_multimodality","detected_multimodality","detected_multimodality","detected_multimodality",TRUE,"stable_across_1000_2000_5000_events"
"inflect_ward_k55",30,"CD303_TCRvd2","detected_multimodality","detected_multimodality","detected_multimodality","detected_multimodality",TRUE,"stable_across_1000_2000_5000_events"
"inflect_ward_k55",30,"CD7","no_detected_multimodality","no_detected_multimodality","no_detected_multimodality","no_detected_multimodality",TRUE,"stable_across_1000_2000_5000_events"
"inflect_ward_k55",30,"TCRgd_CD141","detected_multimodality","detected_multimodality","detected_multimodality","detected_multimodality",TRUE,"stable_across_1000_2000_5000_events"
"inflect_ward_k55",31,"CD11c","no_detected_multimodality","no_detected_multimodality","no_detected_multimodality","no_detected_multimodality",TRUE,"stable_across_1000_2000_5000_events"
"inflect_ward_k55",31,"CD161","detected_multimodality","ambiguous","detected_multimodality","ambiguous",FALSE,"sample_size_instability"
"inflect_ward_k55",31,"CD27","detected_multimodality","detected_multimodality","detected_multimodality","detected_multimodality",TRUE,"stable_across_1000_2000_5000_events"
"inflect_ward_k55",31,"CD45RA","no_detected_multimodality","no_detected_multimodality","no_detected_multimodality","no_detected_multimodality",TRUE,"stable_across_1000_2000_5000_events"
"inflect_ward_k55",32,"CD11c","ambiguous","ambiguous","ambiguous","ambiguous",TRUE,"base_evidence_ambiguous"
"inflect_ward_k55",32,"CD159c_NKG2C","ambiguous","no_detected_multimodality","no_detected_multimodality","ambiguous",FALSE,"base_evidence_ambiguous"
"inflect_ward_k55",32,"CD185_CXCR5","no_detected_multimodality","no_detected_multimodality","no_detected_multimodality","no_detected_multimodality",TRUE,"stable_across_1000_2000_5000_events"
"inflect_ward_k55",32,"CD19","no_detected_multimodality","no_detected_multimodality","no_detected_multimodality","no_detected_multimodality",TRUE,"stable_across_1000_2000_5000_events"
"inflect_ward_k55",32,"CD3","detected_multimodality","ambiguous","detected_multimodality","ambiguous",FALSE,"sample_size_instability"
"inflect_ward_k55",32,"CD303_TCRvd2","ambiguous","ambiguous","detected_multimodality","ambiguous",FALSE,"base_evidence_ambiguous"
"inflect_ward_k55",32,"CD57","detected_multimodality","detected_multimodality","detected_multimodality","detected_multimodality",TRUE,"stable_across_1000_2000_5000_events"
"inflect_ward_k55",32,"Tbet","ambiguous","no_detected_multimodality","no_detected_multimodality","ambiguous",FALSE,"base_evidence_ambiguous"
"inflect_ward_k55",32,"TCRgd_CD141","no_detected_multimodality","no_detected_multimodality","no_detected_multimodality","no_detected_multimodality",TRUE,"stable_across_1000_2000_5000_events"
"inflect_ward_k55",33,"CD27","detected_multimodality","detected_multimodality","detected_multimodality","detected_multimodality",TRUE,"stable_across_1000_2000_5000_events"
"inflect_ward_k55",33,"CD3","detected_multimodality","ambiguous","detected_multimodality","ambiguous",FALSE,"sample_size_instability"
"inflect_ward_k55",33,"CD303_TCRvd2","ambiguous","ambiguous","detected_multimodality","ambiguous",FALSE,"base_evidence_ambiguous"
"inflect_ward_k55",33,"CD38","ambiguous","no_detected_multimodality","ambiguous","ambiguous",FALSE,"base_evidence_ambiguous"
"inflect_ward_k55",33,"CD45RA","detected_multimodality","detected_multimodality","detected_multimodality","detected_multimodality",TRUE,"stable_across_1000_2000_5000_events"
"inflect_ward_k55",33,"FoxP3","no_detected_multimodality","no_detected_multimodality","no_detected_multimodality","no_detected_multimodality",TRUE,"stable_across_1000_2000_5000_events"
"inflect_ward_k55",33,"Tbet","detected_multimodality","detected_multimodality","detected_multimodality","detected_multimodality",TRUE,"stable_across_1000_2000_5000_events"
"inflect_ward_k55",34,"CD127","ambiguous","no_detected_multimodality","ambiguous","ambiguous",FALSE,"base_evidence_ambiguous"
"inflect_ward_k55",34,"CD27","ambiguous","ambiguous","detected_multimodality","ambiguous",FALSE,"base_evidence_ambiguous"
"inflect_ward_k55",34,"CD4","ambiguous","no_detected_multimodality","ambiguous","ambiguous",FALSE,"base_evidence_ambiguous"
"inflect_ward_k55",34,"Tbet","ambiguous","no_detected_multimodality","ambiguous","ambiguous",FALSE,"base_evidence_ambiguous"
"inflect_ward_k55",35,"CD16","no_detected_multimodality","no_detected_multimodality","no_detected_multimodality","no_detected_multimodality",TRUE,"stable_across_1000_2000_5000_events"
"inflect_ward_k55",35,"CD185_CXCR5","ambiguous","ambiguous","detected_multimodality","ambiguous",FALSE,"base_evidence_ambiguous"
"inflect_ward_k55",35,"CD19","detected_multimodality","ambiguous","detected_multimodality","ambiguous",FALSE,"sample_size_instability"
"inflect_ward_k55",35,"CD197_CCR7","ambiguous","ambiguous","no_detected_multimodality","ambiguous",FALSE,"base_evidence_ambiguous"
"inflect_ward_k55",35,"CD1c","no_detected_multimodality","no_detected_multimodality","ambiguous","ambiguous",FALSE,"sample_size_instability"
"inflect_ward_k55",35,"CD21","detected_multimodality","detected_multimodality","detected_multimodality","detected_multimodality",TRUE,"stable_across_1000_2000_5000_events"
"inflect_ward_k55",35,"CD25","no_detected_multimodality","no_detected_multimodality","no_detected_multimodality","no_detected_multimodality",TRUE,"stable_across_1000_2000_5000_events"
"inflect_ward_k55",35,"CD7","no_detected_multimodality","no_detected_multimodality","no_detected_multimodality","no_detected_multimodality",TRUE,"stable_across_1000_2000_5000_events"
"inflect_ward_k55",36,"CD127","no_detected_multimodality","no_detected_multimodality","no_detected_multimodality","no_detected_multimodality",TRUE,"stable_across_1000_2000_5000_events"
"inflect_ward_k55",36,"CD19","no_detected_multimodality","no_detected_multimodality","no_detected_multimodality","no_detected_multimodality",TRUE,"stable_across_1000_2000_5000_events"
"inflect_ward_k55",36,"CD197_CCR7","detected_multimodality","detected_multimodality","detected_multimodality","detected_multimodality",TRUE,"stable_across_1000_2000_5000_events"
"inflect_ward_k55",36,"CD294_CRTH2","no_detected_multimodality","no_detected_multimodality","ambiguous","ambiguous",FALSE,"sample_size_instability"
"inflect_ward_k55",36,"CD3","no_detected_multimodality","no_detected_multimodality","no_detected_multimodality","no_detected_multimodality",TRUE,"stable_across_1000_2000_5000_events"
"inflect_ward_k55",36,"CD38","no_detected_multimodality","no_detected_multimodality","no_detected_multimodality","no_detected_multimodality",TRUE,"stable_across_1000_2000_5000_events"
"inflect_ward_k55",36,"CD45RA","detected_multimodality","detected_multimodality","detected_multimodality","detected_multimodality",TRUE,"stable_across_1000_2000_5000_events"
"inflect_ward_k55",36,"CD57","no_detected_multimodality","no_detected_multimodality","no_detected_multimodality","no_detected_multimodality",TRUE,"stable_across_1000_2000_5000_events"
"inflect_ward_k55",37,"CD16","ambiguous","no_detected_multimodality","ambiguous","ambiguous",FALSE,"base_evidence_ambiguous"
"inflect_ward_k55",37,"CD185_CXCR5","no_detected_multimodality","no_detected_multimodality","no_detected_multimodality","no_detected_multimodality",TRUE,"stable_across_1000_2000_5000_events"
"inflect_ward_k55",37,"CD4","no_detected_multimodality","no_detected_multimodality","no_detected_multimodality","no_detected_multimodality",TRUE,"stable_across_1000_2000_5000_events"
"inflect_ward_k55",37,"Tbet","no_detected_multimodality","no_detected_multimodality","no_detected_multimodality","no_detected_multimodality",TRUE,"stable_across_1000_2000_5000_events"
"inflect_ward_k55",38,"CD11c","ambiguous","no_detected_multimodality","ambiguous","ambiguous",FALSE,"base_evidence_ambiguous"
"inflect_ward_k55",38,"CD159c_NKG2C","ambiguous","ambiguous","ambiguous","ambiguous",TRUE,"base_evidence_ambiguous"
"inflect_ward_k55",38,"CD16","ambiguous","no_detected_multimodality","ambiguous","ambiguous",FALSE,"base_evidence_ambiguous"
"inflect_ward_k55",38,"CD185_CXCR5","ambiguous","no_detected_multimodality","ambiguous","ambiguous",FALSE,"base_evidence_ambiguous"
"inflect_ward_k55",38,"CD19","ambiguous","no_detected_multimodality","ambiguous","ambiguous",FALSE,"base_evidence_ambiguous"
"inflect_ward_k55",38,"CD197_CCR7","ambiguous","ambiguous","ambiguous","ambiguous",TRUE,"base_evidence_ambiguous"
"inflect_ward_k55",38,"CD21","ambiguous","no_detected_multimodality","ambiguous","ambiguous",FALSE,"base_evidence_ambiguous"
"inflect_ward_k55",38,"CD25","ambiguous","no_detected_multimodality","ambiguous","ambiguous",FALSE,"base_evidence_ambiguous"
"inflect_ward_k55",38,"CD27","detected_multimodality","detected_multimodality","detected_multimodality","detected_multimodality",TRUE,"stable_across_1000_2000_5000_events"
"inflect_ward_k55",38,"CD3","detected_multimodality","detected_multimodality","detected_multimodality","detected_multimodality",TRUE,"stable_across_1000_2000_5000_events"
"inflect_ward_k55",38,"CD303_TCRvd2","ambiguous","ambiguous","detected_multimodality","ambiguous",FALSE,"base_evidence_ambiguous"
"inflect_ward_k55",38,"CD38","ambiguous","no_detected_multimodality","ambiguous","ambiguous",FALSE,"base_evidence_ambiguous"
"inflect_ward_k55",38,"CD4","ambiguous","ambiguous","ambiguous","ambiguous",TRUE,"base_evidence_ambiguous"
"inflect_ward_k55",38,"CD45RA","detected_multimodality","ambiguous","detected_multimodality","ambiguous",FALSE,"sample_size_instability"
"inflect_ward_k55",38,"CD56","detected_multimodality","detected_multimodality","detected_multimodality","detected_multimodality",TRUE,"stable_across_1000_2000_5000_events"
"inflect_ward_k55",38,"CD57","ambiguous","ambiguous","ambiguous","ambiguous",TRUE,"base_evidence_ambiguous"
"inflect_ward_k55",38,"CD7","ambiguous","ambiguous","detected_multimodality","ambiguous",FALSE,"base_evidence_ambiguous"
"inflect_ward_k55",38,"HLA-DR","ambiguous","no_detected_multimodality","ambiguous","ambiguous",FALSE,"base_evidence_ambiguous"
"inflect_ward_k55",38,"Tbet","detected_multimodality","detected_multimodality","detected_multimodality","detected_multimodality",TRUE,"stable_across_1000_2000_5000_events"
"inflect_ward_k55",38,"TCRgd_CD141","ambiguous","ambiguous","no_detected_multimodality","ambiguous",FALSE,"base_evidence_ambiguous"
"inflect_ward_k55",39,"CD21","no_detected_multimodality","no_detected_multimodality","no_detected_multimodality","no_detected_multimodality",TRUE,"stable_across_1000_2000_5000_events"
"inflect_ward_k55",39,"CD27","detected_multimodality","detected_multimodality","detected_multimodality","detected_multimodality",TRUE,"stable_across_1000_2000_5000_events"
"inflect_ward_k55",39,"CD303_TCRvd2","no_detected_multimodality","no_detected_multimodality","no_detected_multimodality","no_detected_multimodality",TRUE,"stable_across_1000_2000_5000_events"
"inflect_ward_k55",40,"CD11c","detected_multimodality","detected_multimodality","detected_multimodality","detected_multimodality",TRUE,"stable_across_1000_2000_5000_events"
"inflect_ward_k55",40,"CD19","no_detected_multimodality","no_detected_multimodality","no_detected_multimodality","no_detected_multimodality",TRUE,"stable_across_1000_2000_5000_events"
"inflect_ward_k55",40,"CD1c","detected_multimodality","detected_multimodality","detected_multimodality","detected_multimodality",TRUE,"stable_across_1000_2000_5000_events"
"inflect_ward_k55",40,"CD38","no_detected_multimodality","ambiguous","no_detected_multimodality","ambiguous",FALSE,"sample_size_instability"
"inflect_ward_k55",40,"CD45RA","ambiguous","no_detected_multimodality","ambiguous","ambiguous",FALSE,"base_evidence_ambiguous"
"inflect_ward_k55",40,"CD56","ambiguous","ambiguous","detected_multimodality","ambiguous",FALSE,"base_evidence_ambiguous"
"inflect_ward_k55",40,"CD57","no_detected_multimodality","no_detected_multimodality","ambiguous","ambiguous",FALSE,"sample_size_instability"
"inflect_ward_k55",40,"HLA-DR","detected_multimodality","ambiguous","detected_multimodality","ambiguous",FALSE,"sample_size_instability"
"inflect_ward_k55",40,"Tbet","ambiguous","no_detected_multimodality","ambiguous","ambiguous",FALSE,"base_evidence_ambiguous"
"inflect_ward_k55",40,"TCRgd_CD141","detected_multimodality","detected_multimodality","detected_multimodality","detected_multimodality",TRUE,"stable_across_1000_2000_5000_events"
"inflect_ward_k55",41,"CD197_CCR7","ambiguous","no_detected_multimodality","ambiguous","ambiguous",FALSE,"base_evidence_ambiguous"
"inflect_ward_k55",41,"CD303_TCRvd2","no_detected_multimodality","no_detected_multimodality","no_detected_multimodality","no_detected_multimodality",TRUE,"stable_across_1000_2000_5000_events"
"inflect_ward_k55",41,"CD56","no_detected_multimodality","no_detected_multimodality","no_detected_multimodality","no_detected_multimodality",TRUE,"stable_across_1000_2000_5000_events"
"inflect_ward_k55",41,"CD7","no_detected_multimodality","no_detected_multimodality","no_detected_multimodality","no_detected_multimodality",TRUE,"stable_across_1000_2000_5000_events"
"inflect_ward_k55",41,"Tbet","no_detected_multimodality","no_detected_multimodality","no_detected_multimodality","no_detected_multimodality",TRUE,"stable_across_1000_2000_5000_events"
"inflect_ward_k55",42,"CD19","ambiguous","no_detected_multimodality","no_detected_multimodality","ambiguous",FALSE,"base_evidence_ambiguous"
"inflect_ward_k55",42,"CD197_CCR7","no_detected_multimodality","no_detected_multimodality","no_detected_multimodality","no_detected_multimodality",TRUE,"stable_across_1000_2000_5000_events"
"inflect_ward_k55",42,"CD3","no_detected_multimodality","no_detected_multimodality","ambiguous","ambiguous",FALSE,"sample_size_instability"
"inflect_ward_k55",42,"CD57","ambiguous","ambiguous","detected_multimodality","ambiguous",FALSE,"base_evidence_ambiguous"
"inflect_ward_k55",43,"CD161","no_detected_multimodality","no_detected_multimodality","no_detected_multimodality","no_detected_multimodality",TRUE,"stable_across_1000_2000_5000_events"
"inflect_ward_k55",43,"CD25","no_detected_multimodality","no_detected_multimodality","no_detected_multimodality","no_detected_multimodality",TRUE,"stable_across_1000_2000_5000_events"
"inflect_ward_k55",43,"CD4","no_detected_multimodality","no_detected_multimodality","no_detected_multimodality","no_detected_multimodality",TRUE,"stable_across_1000_2000_5000_events"
"inflect_ward_k55",44,"CD11c","ambiguous","ambiguous","detected_multimodality","ambiguous",FALSE,"base_evidence_ambiguous"
"inflect_ward_k55",44,"CD14","detected_multimodality","detected_multimodality","detected_multimodality","detected_multimodality",TRUE,"stable_across_1000_2000_5000_events"
"inflect_ward_k55",44,"CD1c","detected_multimodality","ambiguous","detected_multimodality","ambiguous",FALSE,"sample_size_instability"
"inflect_ward_k55",44,"HLA-DR","detected_multimodality","detected_multimodality","detected_multimodality","detected_multimodality",TRUE,"stable_across_1000_2000_5000_events"
"inflect_ward_k55",45,"CD127","ambiguous","no_detected_multimodality","no_detected_multimodality","ambiguous",FALSE,"base_evidence_ambiguous"
"inflect_ward_k55",45,"CD159c_NKG2C","no_detected_multimodality","no_detected_multimodality","no_detected_multimodality","no_detected_multimodality",TRUE,"stable_across_1000_2000_5000_events"
"inflect_ward_k55",45,"CD161","no_detected_multimodality","no_detected_multimodality","no_detected_multimodality","no_detected_multimodality",TRUE,"stable_across_1000_2000_5000_events"
"inflect_ward_k55",45,"CD294_CRTH2","ambiguous","ambiguous","no_detected_multimodality","ambiguous",FALSE,"base_evidence_ambiguous"
"inflect_ward_k55",45,"Tbet","no_detected_multimodality","no_detected_multimodality","no_detected_multimodality","no_detected_multimodality",TRUE,"stable_across_1000_2000_5000_events"
"inflect_ward_k55",46,"CD11c","no_detected_multimodality","no_detected_multimodality","no_detected_multimodality","no_detected_multimodality",TRUE,"stable_across_1000_2000_5000_events"
"inflect_ward_k55",46,"CD27","detected_multimodality","detected_multimodality","detected_multimodality","detected_multimodality",TRUE,"stable_across_1000_2000_5000_events"
"inflect_ward_k55",47,"CD197_CCR7","no_detected_multimodality","no_detected_multimodality","no_detected_multimodality","no_detected_multimodality",TRUE,"stable_across_1000_2000_5000_events"
"inflect_ward_k55",47,"CD27","detected_multimodality","detected_multimodality","detected_multimodality","detected_multimodality",TRUE,"stable_across_1000_2000_5000_events"
"inflect_ward_k55",47,"CD45RA","no_detected_multimodality","no_detected_multimodality","no_detected_multimodality","no_detected_multimodality",TRUE,"stable_across_1000_2000_5000_events"
"inflect_ward_k55",47,"CD7","ambiguous","ambiguous","detected_multimodality","ambiguous",FALSE,"base_evidence_ambiguous"
"inflect_ward_k55",48,"CD185_CXCR5","no_detected_multimodality","no_detected_multimodality","no_detected_multimodality","no_detected_multimodality",TRUE,"stable_across_1000_2000_5000_events"
"inflect_ward_k55",48,"CD4","no_detected_multimodality","no_detected_multimodality","no_detected_multimodality","no_detected_multimodality",TRUE,"stable_across_1000_2000_5000_events"
"inflect_ward_k55",48,"CD8","no_detected_multimodality","no_detected_multimodality","no_detected_multimodality","no_detected_multimodality",TRUE,"stable_across_1000_2000_5000_events"
"inflect_ward_k55",49,"CD25","ambiguous","ambiguous","detected_multimodality","ambiguous",FALSE,"base_evidence_ambiguous"
"inflect_ward_k55",49,"CD27","no_detected_multimodality","no_detected_multimodality","ambiguous","ambiguous",FALSE,"sample_size_instability"
"inflect_ward_k55",49,"FoxP3","detected_multimodality","ambiguous","detected_multimodality","ambiguous",FALSE,"sample_size_instability"
"inflect_ward_k55",50,"CD11c","ambiguous","ambiguous","ambiguous","ambiguous",TRUE,"base_evidence_ambiguous"
"inflect_ward_k55",50,"CD14","ambiguous","no_detected_multimodality","ambiguous","ambiguous",FALSE,"base_evidence_ambiguous"
"inflect_ward_k55",50,"CD185_CXCR5","ambiguous","ambiguous","ambiguous","ambiguous",TRUE,"base_evidence_ambiguous"
"inflect_ward_k55",50,"CD294_CRTH2","ambiguous","ambiguous","detected_multimodality","ambiguous",FALSE,"base_evidence_ambiguous"
"inflect_ward_k55",50,"CD303_TCRvd2","detected_multimodality","detected_multimodality","detected_multimodality","detected_multimodality",TRUE,"stable_across_1000_2000_5000_events"
"inflect_ward_k55",50,"CD38","ambiguous","no_detected_multimodality","detected_multimodality","ambiguous",FALSE,"base_evidence_ambiguous"
"inflect_ward_k55",50,"CD4","detected_multimodality","detected_multimodality","detected_multimodality","detected_multimodality",TRUE,"stable_across_1000_2000_5000_events"
"inflect_ward_k55",50,"CD45RA","detected_multimodality","detected_multimodality","detected_multimodality","detected_multimodality",TRUE,"stable_across_1000_2000_5000_events"
"inflect_ward_k55",50,"CD57","ambiguous","ambiguous","detected_multimodality","ambiguous",FALSE,"base_evidence_ambiguous"
"inflect_ward_k55",50,"CD7","ambiguous","no_detected_multimodality","ambiguous","ambiguous",FALSE,"base_evidence_ambiguous"
"inflect_ward_k55",50,"HLA-DR","detected_multimodality","detected_multimodality","detected_multimodality","detected_multimodality",TRUE,"stable_across_1000_2000_5000_events"
"inflect_ward_k55",50,"TCRgd_CD141","detected_multimodality","detected_multimodality","detected_multimodality","detected_multimodality",TRUE,"stable_across_1000_2000_5000_events"
"inflect_ward_k55",52,"CD45RA","detected_multimodality","detected_multimodality","detected_multimodality","detected_multimodality",TRUE,"stable_across_1000_2000_5000_events"
"inflect_ward_k55",53,"HLA-DR","no_detected_multimodality","no_detected_multimodality","no_detected_multimodality","no_detected_multimodality",TRUE,"stable_across_1000_2000_5000_events"
"inflect_ward_k55",54,"CD14","ambiguous","ambiguous","detected_multimodality","ambiguous",FALSE,"base_evidence_ambiguous"
"inflect_ward_k55",54,"CD185_CXCR5","ambiguous","ambiguous","detected_multimodality","ambiguous",FALSE,"base_evidence_ambiguous"
"inflect_ward_k55",54,"CD197_CCR7","no_detected_multimodality","no_detected_multimodality","no_detected_multimodality","no_detected_multimodality",TRUE,"stable_across_1000_2000_5000_events"
"inflect_ward_k55",54,"CD21","ambiguous","no_detected_multimodality","ambiguous","ambiguous",FALSE,"base_evidence_ambiguous"
"inflect_ward_k55",54,"CD27","ambiguous","ambiguous","detected_multimodality","ambiguous",FALSE,"base_evidence_ambiguous"
"inflect_ward_k55",54,"CD38","detected_multimodality","detected_multimodality","detected_multimodality","detected_multimodality",TRUE,"stable_across_1000_2000_5000_events"
"inflect_ward_k55",54,"CD7","detected_multimodality","ambiguous","detected_multimodality","ambiguous",FALSE,"sample_size_instability"
"inflect_ward_k55",54,"HLA-DR","ambiguous","no_detected_multimodality","ambiguous","ambiguous",FALSE,"base_evidence_ambiguous"
"inflect_ward_k55",55,"CD127","ambiguous","ambiguous","ambiguous","ambiguous",TRUE,"base_evidence_ambiguous"
"inflect_ward_k55",55,"CD159c_NKG2C","no_detected_multimodality","no_detected_multimodality","ambiguous","ambiguous",FALSE,"sample_size_instability"
"inflect_ward_k55",55,"CD197_CCR7","ambiguous","no_detected_multimodality","ambiguous","ambiguous",FALSE,"base_evidence_ambiguous"
"inflect_ward_k55",55,"CD25","no_detected_multimodality","no_detected_multimodality","no_detected_multimodality","no_detected_multimodality",TRUE,"stable_across_1000_2000_5000_events"
"inflect_ward_k55",55,"CD27","ambiguous","ambiguous","ambiguous","ambiguous",TRUE,"base_evidence_ambiguous"
"inflect_ward_k55",55,"CD7","ambiguous","no_detected_multimodality","ambiguous","ambiguous",FALSE,"base_evidence_ambiguous"
"inflect_ward_k60",1,"CD11c","detected_multimodality","ambiguous","detected_multimodality","ambiguous",FALSE,"sample_size_instability"
"inflect_ward_k60",1,"CD159c_NKG2C","ambiguous","no_detected_multimodality","ambiguous","ambiguous",FALSE,"base_evidence_ambiguous"
"inflect_ward_k60",1,"CD185_CXCR5","ambiguous","ambiguous","detected_multimodality","ambiguous",FALSE,"base_evidence_ambiguous"
"inflect_ward_k60",1,"CD21","ambiguous","no_detected_multimodality","ambiguous","ambiguous",FALSE,"base_evidence_ambiguous"
"inflect_ward_k60",1,"Tbet","ambiguous","no_detected_multimodality","ambiguous","ambiguous",FALSE,"base_evidence_ambiguous"
"inflect_ward_k60",2,"CD127","no_detected_multimodality","no_detected_multimodality","no_detected_multimodality","no_detected_multimodality",TRUE,"stable_across_1000_2000_5000_events"
"inflect_ward_k60",2,"CD25","no_detected_multimodality","no_detected_multimodality","no_detected_multimodality","no_detected_multimodality",TRUE,"stable_across_1000_2000_5000_events"
"inflect_ward_k60",2,"CD57","ambiguous","no_detected_multimodality","detected_multimodality","ambiguous",FALSE,"base_evidence_ambiguous"
"inflect_ward_k60",3,"CD19","no_detected_multimodality","no_detected_multimodality","no_detected_multimodality","no_detected_multimodality",TRUE,"stable_across_1000_2000_5000_events"
"inflect_ward_k60",3,"CD197_CCR7","no_detected_multimodality","no_detected_multimodality","no_detected_multimodality","no_detected_multimodality",TRUE,"stable_across_1000_2000_5000_events"
"inflect_ward_k60",3,"CD4","no_detected_multimodality","no_detected_multimodality","no_detected_multimodality","no_detected_multimodality",TRUE,"stable_across_1000_2000_5000_events"
"inflect_ward_k60",3,"CD57","detected_multimodality","detected_multimodality","detected_multimodality","detected_multimodality",TRUE,"stable_across_1000_2000_5000_events"
"inflect_ward_k60",3,"FoxP3","no_detected_multimodality","no_detected_multimodality","no_detected_multimodality","no_detected_multimodality",TRUE,"stable_across_1000_2000_5000_events"
"inflect_ward_k60",4,"CD11c","ambiguous","no_detected_multimodality","ambiguous","ambiguous",FALSE,"base_evidence_ambiguous"
"inflect_ward_k60",4,"CD127","ambiguous","no_detected_multimodality","no_detected_multimodality","ambiguous",FALSE,"base_evidence_ambiguous"
"inflect_ward_k60",4,"CD159c_NKG2C","detected_multimodality","ambiguous","detected_multimodality","ambiguous",FALSE,"sample_size_instability"
"inflect_ward_k60",4,"CD185_CXCR5","no_detected_multimodality","no_detected_multimodality","no_detected_multimodality","no_detected_multimodality",TRUE,"stable_across_1000_2000_5000_events"
"inflect_ward_k60",4,"CD27","no_detected_multimodality","no_detected_multimodality","no_detected_multimodality","no_detected_multimodality",TRUE,"stable_across_1000_2000_5000_events"
"inflect_ward_k60",4,"CD294_CRTH2","ambiguous","no_detected_multimodality","no_detected_multimodality","ambiguous",FALSE,"base_evidence_ambiguous"
"inflect_ward_k60",4,"CD57","detected_multimodality","detected_multimodality","detected_multimodality","detected_multimodality",TRUE,"stable_across_1000_2000_5000_events"
"inflect_ward_k60",4,"Tbet","no_detected_multimodality","no_detected_multimodality","no_detected_multimodality","no_detected_multimodality",TRUE,"stable_across_1000_2000_5000_events"
"inflect_ward_k60",5,"CD3","detected_multimodality","detected_multimodality","detected_multimodality","detected_multimodality",TRUE,"stable_across_1000_2000_5000_events"
"inflect_ward_k60",5,"CD57","detected_multimodality","detected_multimodality","detected_multimodality","detected_multimodality",TRUE,"stable_across_1000_2000_5000_events"
"inflect_ward_k60",5,"FoxP3","no_detected_multimodality","no_detected_multimodality","no_detected_multimodality","no_detected_multimodality",TRUE,"stable_across_1000_2000_5000_events"
"inflect_ward_k60",6,"CD11c","detected_multimodality","ambiguous","detected_multimodality","ambiguous",FALSE,"sample_size_instability"
"inflect_ward_k60",6,"CD161","ambiguous","ambiguous","detected_multimodality","ambiguous",FALSE,"base_evidence_ambiguous"
"inflect_ward_k60",6,"CD21","no_detected_multimodality","no_detected_multimodality","no_detected_multimodality","no_detected_multimodality",TRUE,"stable_across_1000_2000_5000_events"
"inflect_ward_k60",6,"CD25","no_detected_multimodality","no_detected_multimodality","no_detected_multimodality","no_detected_multimodality",TRUE,"stable_across_1000_2000_5000_events"
"inflect_ward_k60",6,"CD3","detected_multimodality","detected_multimodality","detected_multimodality","detected_multimodality",TRUE,"stable_across_1000_2000_5000_events"
"inflect_ward_k60",6,"CD45RA","no_detected_multimodality","no_detected_multimodality","no_detected_multimodality","no_detected_multimodality",TRUE,"stable_across_1000_2000_5000_events"
"inflect_ward_k60",6,"CD57","ambiguous","ambiguous","ambiguous","ambiguous",TRUE,"base_evidence_ambiguous"
"inflect_ward_k60",7,"CD11c","detected_multimodality","ambiguous","detected_multimodality","ambiguous",FALSE,"sample_size_instability"
"inflect_ward_k60",7,"CD161","detected_multimodality","ambiguous","detected_multimodality","ambiguous",FALSE,"sample_size_instability"
"inflect_ward_k60",7,"CD3","ambiguous","no_detected_multimodality","ambiguous","ambiguous",FALSE,"base_evidence_ambiguous"
"inflect_ward_k60",7,"CD57","ambiguous","ambiguous","ambiguous","ambiguous",TRUE,"base_evidence_ambiguous"
"inflect_ward_k60",7,"HLA-DR","no_detected_multimodality","no_detected_multimodality","no_detected_multimodality","no_detected_multimodality",TRUE,"stable_across_1000_2000_5000_events"
"inflect_ward_k60",8,"CD11c","ambiguous","no_detected_multimodality","ambiguous","ambiguous",FALSE,"base_evidence_ambiguous"
"inflect_ward_k60",8,"CD159c_NKG2C","ambiguous","no_detected_multimodality","detected_multimodality","ambiguous",FALSE,"base_evidence_ambiguous"
"inflect_ward_k60",8,"CD185_CXCR5","no_detected_multimodality","no_detected_multimodality","no_detected_multimodality","no_detected_multimodality",TRUE,"stable_across_1000_2000_5000_events"
"inflect_ward_k60",8,"CD27","no_detected_multimodality","no_detected_multimodality","no_detected_multimodality","no_detected_multimodality",TRUE,"stable_across_1000_2000_5000_events"
"inflect_ward_k60",8,"CD56","no_detected_multimodality","no_detected_multimodality","no_detected_multimodality","no_detected_multimodality",TRUE,"stable_across_1000_2000_5000_events"
"inflect_ward_k60",8,"CD57","detected_multimodality","detected_multimodality","detected_multimodality","detected_multimodality",TRUE,"stable_across_1000_2000_5000_events"
"inflect_ward_k60",8,"Tbet","no_detected_multimodality","no_detected_multimodality","no_detected_multimodality","no_detected_multimodality",TRUE,"stable_across_1000_2000_5000_events"
"inflect_ward_k60",8,"TCRgd_CD141","no_detected_multimodality","no_detected_multimodality","no_detected_multimodality","no_detected_multimodality",TRUE,"stable_across_1000_2000_5000_events"
"inflect_ward_k60",9,"CD159c_NKG2C","ambiguous","no_detected_multimodality","ambiguous","ambiguous",FALSE,"base_evidence_ambiguous"
"inflect_ward_k60",9,"CD161","ambiguous","no_detected_multimodality","no_detected_multimodality","ambiguous",FALSE,"base_evidence_ambiguous"
"inflect_ward_k60",9,"CD3","ambiguous","no_detected_multimodality","ambiguous","ambiguous",FALSE,"base_evidence_ambiguous"
"inflect_ward_k60",9,"CD45RA","ambiguous","ambiguous","no_detected_multimodality","ambiguous",FALSE,"base_evidence_ambiguous"
"inflect_ward_k60",9,"CD57","detected_multimodality","detected_multimodality","detected_multimodality","detected_multimodality",TRUE,"stable_across_1000_2000_5000_events"
"inflect_ward_k60",10,"CD159c_NKG2C","ambiguous","ambiguous","detected_multimodality","ambiguous",FALSE,"base_evidence_ambiguous"
"inflect_ward_k60",10,"CD27","no_detected_multimodality","no_detected_multimodality","ambiguous","ambiguous",FALSE,"sample_size_instability"
"inflect_ward_k60",10,"CD56","detected_multimodality","ambiguous","detected_multimodality","ambiguous",FALSE,"sample_size_instability"
"inflect_ward_k60",10,"CD57","ambiguous","ambiguous","detected_multimodality","ambiguous",FALSE,"base_evidence_ambiguous"
"inflect_ward_k60",10,"Tbet","no_detected_multimodality","no_detected_multimodality","no_detected_multimodality","no_detected_multimodality",TRUE,"stable_across_1000_2000_5000_events"
"inflect_ward_k60",11,"CD16","no_detected_multimodality","no_detected_multimodality","no_detected_multimodality","no_detected_multimodality",TRUE,"stable_across_1000_2000_5000_events"
"inflect_ward_k60",11,"CD161","no_detected_multimodality","no_detected_multimodality","no_detected_multimodality","no_detected_multimodality",TRUE,"stable_across_1000_2000_5000_events"
"inflect_ward_k60",11,"CD1c","no_detected_multimodality","no_detected_multimodality","no_detected_multimodality","no_detected_multimodality",TRUE,"stable_across_1000_2000_5000_events"
"inflect_ward_k60",11,"CD21","no_detected_multimodality","no_detected_multimodality","no_detected_multimodality","no_detected_multimodality",TRUE,"stable_across_1000_2000_5000_events"
"inflect_ward_k60",11,"CD4","ambiguous","ambiguous","no_detected_multimodality","ambiguous",FALSE,"base_evidence_ambiguous"
"inflect_ward_k60",11,"CD57","ambiguous","no_detected_multimodality","no_detected_multimodality","ambiguous",FALSE,"base_evidence_ambiguous"
"inflect_ward_k60",11,"TCRgd_CD141","no_detected_multimodality","no_detected_multimodality","no_detected_multimodality","no_detected_multimodality",TRUE,"stable_across_1000_2000_5000_events"
"inflect_ward_k60",12,"CD11c","detected_multimodality","detected_multimodality","detected_multimodality","detected_multimodality",TRUE,"stable_across_1000_2000_5000_events"
"inflect_ward_k60",12,"CD3","no_detected_multimodality","no_detected_multimodality","ambiguous","ambiguous",FALSE,"sample_size_instability"
"inflect_ward_k60",12,"CD57","no_detected_multimodality","no_detected_multimodality","no_detected_multimodality","no_detected_multimodality",TRUE,"stable_across_1000_2000_5000_events"
"inflect_ward_k60",12,"CD7","no_detected_multimodality","no_detected_multimodality","no_detected_multimodality","no_detected_multimodality",TRUE,"stable_across_1000_2000_5000_events"
"inflect_ward_k60",12,"CD8","ambiguous","no_detected_multimodality","no_detected_multimodality","ambiguous",FALSE,"base_evidence_ambiguous"
"inflect_ward_k60",13,"CD14","no_detected_multimodality","no_detected_multimodality","no_detected_multimodality","no_detected_multimodality",TRUE,"stable_across_1000_2000_5000_events"
"inflect_ward_k60",13,"CD161","no_detected_multimodality","no_detected_multimodality","ambiguous","ambiguous",FALSE,"sample_size_instability"
"inflect_ward_k60",13,"CD19","no_detected_multimodality","no_detected_multimodality","no_detected_multimodality","no_detected_multimodality",TRUE,"stable_across_1000_2000_5000_events"
"inflect_ward_k60",13,"CD303_TCRvd2","no_detected_multimodality","no_detected_multimodality","no_detected_multimodality","no_detected_multimodality",TRUE,"stable_across_1000_2000_5000_events"
"inflect_ward_k60",13,"CD38","ambiguous","ambiguous","detected_multimodality","ambiguous",FALSE,"base_evidence_ambiguous"
"inflect_ward_k60",13,"CD56","ambiguous","no_detected_multimodality","ambiguous","ambiguous",FALSE,"base_evidence_ambiguous"
"inflect_ward_k60",13,"CD7","ambiguous","no_detected_multimodality","detected_multimodality","ambiguous",FALSE,"base_evidence_ambiguous"
"inflect_ward_k60",13,"FoxP3","ambiguous","no_detected_multimodality","ambiguous","ambiguous",FALSE,"base_evidence_ambiguous"
"inflect_ward_k60",14,"CD11c","detected_multimodality","ambiguous","detected_multimodality","ambiguous",FALSE,"sample_size_instability"
"inflect_ward_k60",14,"CD16","detected_multimodality","detected_multimodality","detected_multimodality","detected_multimodality",TRUE,"stable_across_1000_2000_5000_events"
"inflect_ward_k60",14,"CD57","detected_multimodality","detected_multimodality","detected_multimodality","detected_multimodality",TRUE,"stable_across_1000_2000_5000_events"
"inflect_ward_k60",15,"CD11c","ambiguous","ambiguous","detected_multimodality","ambiguous",FALSE,"base_evidence_ambiguous"
"inflect_ward_k60",15,"CD16","no_detected_multimodality","no_detected_multimodality","no_detected_multimodality","no_detected_multimodality",TRUE,"stable_across_1000_2000_5000_events"
"inflect_ward_k60",15,"CD161","ambiguous","ambiguous","ambiguous","ambiguous",TRUE,"base_evidence_ambiguous"
"inflect_ward_k60",15,"CD1c","no_detected_multimodality","no_detected_multimodality","no_detected_multimodality","no_detected_multimodality",TRUE,"stable_across_1000_2000_5000_events"
"inflect_ward_k60",15,"CD21","no_detected_multimodality","no_detected_multimodality","no_detected_multimodality","no_detected_multimodality",TRUE,"stable_across_1000_2000_5000_events"
"inflect_ward_k60",15,"CD3","detected_multimodality","detected_multimodality","detected_multimodality","detected_multimodality",TRUE,"stable_across_1000_2000_5000_events"
"inflect_ward_k60",15,"CD303_TCRvd2","no_detected_multimodality","no_detected_multimodality","no_detected_multimodality","no_detected_multimodality",TRUE,"stable_across_1000_2000_5000_events"
"inflect_ward_k60",15,"CD56","detected_multimodality","ambiguous","detected_multimodality","ambiguous",FALSE,"sample_size_instability"
"inflect_ward_k60",15,"HLA-DR","no_detected_multimodality","no_detected_multimodality","no_detected_multimodality","no_detected_multimodality",TRUE,"stable_across_1000_2000_5000_events"
"inflect_ward_k60",16,"CD197_CCR7","no_detected_multimodality","no_detected_multimodality","no_detected_multimodality","no_detected_multimodality",TRUE,"stable_across_1000_2000_5000_events"
"inflect_ward_k60",16,"CD38","no_detected_multimodality","no_detected_multimodality","no_detected_multimodality","no_detected_multimodality",TRUE,"stable_across_1000_2000_5000_events"
"inflect_ward_k60",16,"CD57","detected_multimodality","detected_multimodality","detected_multimodality","detected_multimodality",TRUE,"stable_across_1000_2000_5000_events"
"inflect_ward_k60",17,"CD14","no_detected_multimodality","no_detected_multimodality","no_detected_multimodality","no_detected_multimodality",TRUE,"stable_across_1000_2000_5000_events"
"inflect_ward_k60",17,"CD159c_NKG2C","no_detected_multimodality","no_detected_multimodality","no_detected_multimodality","no_detected_multimodality",TRUE,"stable_across_1000_2000_5000_events"
"inflect_ward_k60",17,"CD161","no_detected_multimodality","no_detected_multimodality","no_detected_multimodality","no_detected_multimodality",TRUE,"stable_across_1000_2000_5000_events"
"inflect_ward_k60",17,"CD294_CRTH2","no_detected_multimodality","no_detected_multimodality","no_detected_multimodality","no_detected_multimodality",TRUE,"stable_across_1000_2000_5000_events"
"inflect_ward_k60",17,"CD303_TCRvd2","no_detected_multimodality","no_detected_multimodality","no_detected_multimodality","no_detected_multimodality",TRUE,"stable_across_1000_2000_5000_events"
"inflect_ward_k60",17,"CD45RA","ambiguous","no_detected_multimodality","ambiguous","ambiguous",FALSE,"base_evidence_ambiguous"
"inflect_ward_k60",17,"CD56","no_detected_multimodality","no_detected_multimodality","ambiguous","ambiguous",FALSE,"sample_size_instability"
"inflect_ward_k60",17,"CD57","detected_multimodality","detected_multimodality","detected_multimodality","detected_multimodality",TRUE,"stable_across_1000_2000_5000_events"
"inflect_ward_k60",18,"CD11c","ambiguous","no_detected_multimodality","ambiguous","ambiguous",FALSE,"base_evidence_ambiguous"
"inflect_ward_k60",18,"CD3","detected_multimodality","detected_multimodality","detected_multimodality","detected_multimodality",TRUE,"stable_across_1000_2000_5000_events"
"inflect_ward_k60",18,"CD303_TCRvd2","ambiguous","no_detected_multimodality","no_detected_multimodality","ambiguous",FALSE,"base_evidence_ambiguous"
"inflect_ward_k60",18,"CD45RA","no_detected_multimodality","no_detected_multimodality","no_detected_multimodality","no_detected_multimodality",TRUE,"stable_across_1000_2000_5000_events"
"inflect_ward_k60",18,"CD56","detected_multimodality","detected_multimodality","detected_multimodality","detected_multimodality",TRUE,"stable_across_1000_2000_5000_events"
"inflect_ward_k60",18,"CD57","detected_multimodality","detected_multimodality","detected_multimodality","detected_multimodality",TRUE,"stable_across_1000_2000_5000_events"
"inflect_ward_k60",19,"CD11c","ambiguous","no_detected_multimodality","ambiguous","ambiguous",FALSE,"base_evidence_ambiguous"
"inflect_ward_k60",19,"CD16","no_detected_multimodality","no_detected_multimodality","no_detected_multimodality","no_detected_multimodality",TRUE,"stable_across_1000_2000_5000_events"
"inflect_ward_k60",19,"CD161","detected_multimodality","detected_multimodality","detected_multimodality","detected_multimodality",TRUE,"stable_across_1000_2000_5000_events"
"inflect_ward_k60",19,"CD1c","no_detected_multimodality","no_detected_multimodality","no_detected_multimodality","no_detected_multimodality",TRUE,"stable_across_1000_2000_5000_events"
"inflect_ward_k60",19,"CD21","no_detected_multimodality","no_detected_multimodality","no_detected_multimodality","no_detected_multimodality",TRUE,"stable_across_1000_2000_5000_events"
"inflect_ward_k60",19,"CD3","ambiguous","no_detected_multimodality","ambiguous","ambiguous",FALSE,"base_evidence_ambiguous"
"inflect_ward_k60",19,"CD38","ambiguous","no_detected_multimodality","no_detected_multimodality","ambiguous",FALSE,"base_evidence_ambiguous"
"inflect_ward_k60",19,"CD56","ambiguous","ambiguous","detected_multimodality","ambiguous",FALSE,"base_evidence_ambiguous"
"inflect_ward_k60",19,"CD8","no_detected_multimodality","no_detected_multimodality","no_detected_multimodality","no_detected_multimodality",TRUE,"stable_across_1000_2000_5000_events"
"inflect_ward_k60",19,"Tbet","ambiguous","no_detected_multimodality","ambiguous","ambiguous",FALSE,"base_evidence_ambiguous"
"inflect_ward_k60",20,"CD159c_NKG2C","detected_multimodality","ambiguous","detected_multimodality","ambiguous",FALSE,"sample_size_instability"
"inflect_ward_k60",20,"CD3","ambiguous","no_detected_multimodality","ambiguous","ambiguous",FALSE,"base_evidence_ambiguous"
"inflect_ward_k60",20,"CD4","no_detected_multimodality","no_detected_multimodality","no_detected_multimodality","no_detected_multimodality",TRUE,"stable_across_1000_2000_5000_events"
"inflect_ward_k60",20,"CD57","no_detected_multimodality","no_detected_multimodality","no_detected_multimodality","no_detected_multimodality",TRUE,"stable_across_1000_2000_5000_events"
"inflect_ward_k60",20,"HLA-DR","no_detected_multimodality","no_detected_multimodality","no_detected_multimodality","no_detected_multimodality",TRUE,"stable_across_1000_2000_5000_events"
"inflect_ward_k60",21,"CD11c","ambiguous","no_detected_multimodality","ambiguous","ambiguous",FALSE,"base_evidence_ambiguous"
"inflect_ward_k60",21,"CD127","no_detected_multimodality","no_detected_multimodality","no_detected_multimodality","no_detected_multimodality",TRUE,"stable_across_1000_2000_5000_events"
"inflect_ward_k60",21,"CD14","no_detected_multimodality","no_detected_multimodality","no_detected_multimodality","no_detected_multimodality",TRUE,"stable_across_1000_2000_5000_events"
"inflect_ward_k60",21,"CD159c_NKG2C","ambiguous","no_detected_multimodality","ambiguous","ambiguous",FALSE,"base_evidence_ambiguous"
"inflect_ward_k60",21,"CD19","no_detected_multimodality","no_detected_multimodality","ambiguous","ambiguous",FALSE,"sample_size_instability"
"inflect_ward_k60",21,"CD56","ambiguous","ambiguous","detected_multimodality","ambiguous",FALSE,"base_evidence_ambiguous"
"inflect_ward_k60",21,"TCRgd_CD141","ambiguous","no_detected_multimodality","ambiguous","ambiguous",FALSE,"base_evidence_ambiguous"
"inflect_ward_k60",22,"CD161","detected_multimodality","detected_multimodality","detected_multimodality","detected_multimodality",TRUE,"stable_across_1000_2000_5000_events"
"inflect_ward_k60",22,"CD27","detected_multimodality","detected_multimodality","detected_multimodality","detected_multimodality",TRUE,"stable_across_1000_2000_5000_events"
"inflect_ward_k60",23,"CD197_CCR7","no_detected_multimodality","no_detected_multimodality","no_detected_multimodality","no_detected_multimodality",TRUE,"stable_across_1000_2000_5000_events"
"inflect_ward_k60",23,"CD27","detected_multimodality","detected_multimodality","detected_multimodality","detected_multimodality",TRUE,"stable_across_1000_2000_5000_events"
"inflect_ward_k60",23,"CD45RA","ambiguous","ambiguous","ambiguous","ambiguous",TRUE,"base_evidence_ambiguous"
"inflect_ward_k60",23,"CD8","ambiguous","ambiguous","detected_multimodality","ambiguous",FALSE,"base_evidence_ambiguous"
"inflect_ward_k60",23,"Tbet","detected_multimodality","detected_multimodality","detected_multimodality","detected_multimodality",TRUE,"stable_across_1000_2000_5000_events"
"inflect_ward_k60",24,"CD161","detected_multimodality","ambiguous","ambiguous","ambiguous",FALSE,"sample_size_instability"
"inflect_ward_k60",24,"CD185_CXCR5","ambiguous","no_detected_multimodality","ambiguous","ambiguous",FALSE,"base_evidence_ambiguous"
"inflect_ward_k60",24,"CD197_CCR7","ambiguous","no_detected_multimodality","ambiguous","ambiguous",FALSE,"base_evidence_ambiguous"
"inflect_ward_k60",24,"CD38","detected_multimodality","ambiguous","detected_multimodality","ambiguous",FALSE,"sample_size_instability"
"inflect_ward_k60",24,"CD45RA","ambiguous","ambiguous","ambiguous","ambiguous",TRUE,"base_evidence_ambiguous"
"inflect_ward_k60",24,"CD7","detected_multimodality","ambiguous","detected_multimodality","ambiguous",FALSE,"sample_size_instability"
"inflect_ward_k60",24,"FoxP3","detected_multimodality","detected_multimodality","detected_multimodality","detected_multimodality",TRUE,"stable_across_1000_2000_5000_events"
"inflect_ward_k60",25,"CD127","ambiguous","no_detected_multimodality","no_detected_multimodality","ambiguous",FALSE,"base_evidence_ambiguous"
"inflect_ward_k60",25,"CD159c_NKG2C","ambiguous","ambiguous","detected_multimodality","ambiguous",FALSE,"base_evidence_ambiguous"
"inflect_ward_k60",25,"CD16","ambiguous","ambiguous","ambiguous","ambiguous",TRUE,"base_evidence_ambiguous"
"inflect_ward_k60",25,"CD3","detected_multimodality","ambiguous","detected_multimodality","ambiguous",FALSE,"sample_size_instability"
"inflect_ward_k60",25,"CD56","ambiguous","no_detected_multimodality","ambiguous","ambiguous",FALSE,"base_evidence_ambiguous"
"inflect_ward_k60",25,"CD57","ambiguous","ambiguous","ambiguous","ambiguous",TRUE,"base_evidence_ambiguous"
"inflect_ward_k60",26,"CD161","ambiguous","no_detected_multimodality","detected_multimodality","ambiguous",FALSE,"base_evidence_ambiguous"
"inflect_ward_k60",26,"CD27","detected_multimodality","detected_multimodality","detected_multimodality","detected_multimodality",TRUE,"stable_across_1000_2000_5000_events"
"inflect_ward_k60",26,"CD303_TCRvd2","detected_multimodality","detected_multimodality","detected_multimodality","detected_multimodality",TRUE,"stable_across_1000_2000_5000_events"
"inflect_ward_k60",26,"TCRgd_CD141","detected_multimodality","detected_multimodality","detected_multimodality","detected_multimodality",TRUE,"stable_across_1000_2000_5000_events"
"inflect_ward_k60",27,"CD11c","ambiguous","no_detected_multimodality","ambiguous","ambiguous",FALSE,"base_evidence_ambiguous"
"inflect_ward_k60",27,"CD127","ambiguous","no_detected_multimodality","ambiguous","ambiguous",FALSE,"base_evidence_ambiguous"
"inflect_ward_k60",27,"CD159c_NKG2C","ambiguous","no_detected_multimodality","ambiguous","ambiguous",FALSE,"base_evidence_ambiguous"
"inflect_ward_k60",27,"CD16","detected_multimodality","detected_multimodality","detected_multimodality","detected_multimodality",TRUE,"stable_across_1000_2000_5000_events"
"inflect_ward_k60",27,"CD185_CXCR5","ambiguous","no_detected_multimodality","detected_multimodality","ambiguous",FALSE,"base_evidence_ambiguous"
"inflect_ward_k60",27,"CD21","ambiguous","ambiguous","detected_multimodality","ambiguous",FALSE,"base_evidence_ambiguous"
"inflect_ward_k60",27,"CD3","ambiguous","no_detected_multimodality","ambiguous","ambiguous",FALSE,"base_evidence_ambiguous"
"inflect_ward_k60",27,"CD38","ambiguous","no_detected_multimodality","detected_multimodality","ambiguous",FALSE,"base_evidence_ambiguous"
"inflect_ward_k60",27,"CD45RA","ambiguous","no_detected_multimodality","ambiguous","ambiguous",FALSE,"base_evidence_ambiguous"
"inflect_ward_k60",27,"HLA-DR","no_detected_multimodality","no_detected_multimodality","no_detected_multimodality","no_detected_multimodality",TRUE,"stable_across_1000_2000_5000_events"
"inflect_ward_k60",28,"CD11c","ambiguous","no_detected_multimodality","ambiguous","ambiguous",FALSE,"base_evidence_ambiguous"
"inflect_ward_k60",28,"CD161","ambiguous","ambiguous","detected_multimodality","ambiguous",FALSE,"base_evidence_ambiguous"
"inflect_ward_k60",28,"CD38","ambiguous","no_detected_multimodality","ambiguous","ambiguous",FALSE,"base_evidence_ambiguous"
"inflect_ward_k60",28,"CD7","ambiguous","no_detected_multimodality","ambiguous","ambiguous",FALSE,"base_evidence_ambiguous"
"inflect_ward_k60",29,"CD11c","detected_multimodality","ambiguous","detected_multimodality","ambiguous",FALSE,"sample_size_instability"
"inflect_ward_k60",29,"CD159c_NKG2C","ambiguous","ambiguous","detected_multimodality","ambiguous",FALSE,"base_evidence_ambiguous"
"inflect_ward_k60",29,"CD16","ambiguous","ambiguous","ambiguous","ambiguous",TRUE,"base_evidence_ambiguous"
"inflect_ward_k60",29,"CD3","ambiguous","ambiguous","detected_multimodality","ambiguous",FALSE,"base_evidence_ambiguous"
"inflect_ward_k60",29,"CD56","no_detected_multimodality","no_detected_multimodality","no_detected_multimodality","no_detected_multimodality",TRUE,"stable_across_1000_2000_5000_events"
"inflect_ward_k60",29,"CD57","detected_multimodality","detected_multimodality","detected_multimodality","detected_multimodality",TRUE,"stable_across_1000_2000_5000_events"
"inflect_ward_k60",29,"CD7","no_detected_multimodality","no_detected_multimodality","no_detected_multimodality","no_detected_multimodality",TRUE,"stable_across_1000_2000_5000_events"
"inflect_ward_k60",30,"CD16","ambiguous","ambiguous","ambiguous","ambiguous",TRUE,"base_evidence_ambiguous"
"inflect_ward_k60",30,"CD161","detected_multimodality","detected_multimodality","detected_multimodality","detected_multimodality",TRUE,"stable_across_1000_2000_5000_events"
"inflect_ward_k60",30,"CD3","no_detected_multimodality","no_detected_multimodality","no_detected_multimodality","no_detected_multimodality",TRUE,"stable_across_1000_2000_5000_events"
"inflect_ward_k60",30,"CD303_TCRvd2","detected_multimodality","detected_multimodality","detected_multimodality","detected_multimodality",TRUE,"stable_across_1000_2000_5000_events"
"inflect_ward_k60",30,"CD45RA","ambiguous","ambiguous","ambiguous","ambiguous",TRUE,"base_evidence_ambiguous"
"inflect_ward_k60",30,"CD56","ambiguous","no_detected_multimodality","no_detected_multimodality","ambiguous",FALSE,"base_evidence_ambiguous"
"inflect_ward_k60",30,"CD57","ambiguous","no_detected_multimodality","ambiguous","ambiguous",FALSE,"base_evidence_ambiguous"
"inflect_ward_k60",30,"CD8","no_detected_multimodality","no_detected_multimodality","no_detected_multimodality","no_detected_multimodality",TRUE,"stable_across_1000_2000_5000_events"
"inflect_ward_k60",30,"TCRgd_CD141","ambiguous","ambiguous","ambiguous","ambiguous",TRUE,"base_evidence_ambiguous"
"inflect_ward_k60",31,"CD14","ambiguous","no_detected_multimodality","no_detected_multimodality","ambiguous",FALSE,"base_evidence_ambiguous"
"inflect_ward_k60",31,"CD159c_NKG2C","no_detected_multimodality","no_detected_multimodality","no_detected_multimodality","no_detected_multimodality",TRUE,"stable_across_1000_2000_5000_events"
"inflect_ward_k60",31,"CD16","ambiguous","no_detected_multimodality","ambiguous","ambiguous",FALSE,"base_evidence_ambiguous"
"inflect_ward_k60",31,"CD4","no_detected_multimodality","no_detected_multimodality","no_detected_multimodality","no_detected_multimodality",TRUE,"stable_across_1000_2000_5000_events"
"inflect_ward_k60",31,"CD56","detected_multimodality","ambiguous","detected_multimodality","ambiguous",FALSE,"sample_size_instability"
"inflect_ward_k60",31,"CD57","ambiguous","detected_multimodality","detected_multimodality","ambiguous",FALSE,"base_evidence_ambiguous"
"inflect_ward_k60",31,"TCRgd_CD141","no_detected_multimodality","no_detected_multimodality","ambiguous","ambiguous",FALSE,"sample_size_instability"
"inflect_ward_k60",32,"CD127","ambiguous","ambiguous","detected_multimodality","ambiguous",FALSE,"base_evidence_ambiguous"
"inflect_ward_k60",32,"CD14","ambiguous","ambiguous","detected_multimodality","ambiguous",FALSE,"base_evidence_ambiguous"
"inflect_ward_k60",32,"CD161","ambiguous","ambiguous","detected_multimodality","ambiguous",FALSE,"base_evidence_ambiguous"
"inflect_ward_k60",32,"CD185_CXCR5","ambiguous","ambiguous","detected_multimodality","ambiguous",FALSE,"base_evidence_ambiguous"
"inflect_ward_k60",32,"CD1c","ambiguous","no_detected_multimodality","ambiguous","ambiguous",FALSE,"base_evidence_ambiguous"
"inflect_ward_k60",32,"CD25","no_detected_multimodality","no_detected_multimodality","no_detected_multimodality","no_detected_multimodality",TRUE,"stable_across_1000_2000_5000_events"
"inflect_ward_k60",32,"CD38","detected_multimodality","detected_multimodality","detected_multimodality","detected_multimodality",TRUE,"stable_across_1000_2000_5000_events"
"inflect_ward_k60",32,"CD56","ambiguous","ambiguous","ambiguous","ambiguous",TRUE,"base_evidence_ambiguous"
"inflect_ward_k60",32,"CD57","no_detected_multimodality","no_detected_multimodality","no_detected_multimodality","no_detected_multimodality",TRUE,"stable_across_1000_2000_5000_events"
"inflect_ward_k60",32,"CD7","ambiguous","ambiguous","detected_multimodality","ambiguous",FALSE,"base_evidence_ambiguous"
"inflect_ward_k60",32,"Tbet","detected_multimodality","detected_multimodality","detected_multimodality","detected_multimodality",TRUE,"stable_across_1000_2000_5000_events"
"inflect_ward_k60",33,"CD11c","no_detected_multimodality","no_detected_multimodality","ambiguous","ambiguous",FALSE,"sample_size_instability"
"inflect_ward_k60",33,"CD27","detected_multimodality","detected_multimodality","detected_multimodality","detected_multimodality",TRUE,"stable_across_1000_2000_5000_events"
"inflect_ward_k60",33,"CD303_TCRvd2","detected_multimodality","detected_multimodality","detected_multimodality","detected_multimodality",TRUE,"stable_across_1000_2000_5000_events"
"inflect_ward_k60",33,"HLA-DR","ambiguous","no_detected_multimodality","no_detected_multimodality","ambiguous",FALSE,"base_evidence_ambiguous"
"inflect_ward_k60",33,"TCRgd_CD141","detected_multimodality","detected_multimodality","detected_multimodality","detected_multimodality",TRUE,"stable_across_1000_2000_5000_events"
"inflect_ward_k60",34,"CD16","ambiguous","no_detected_multimodality","no_detected_multimodality","ambiguous",FALSE,"base_evidence_ambiguous"
"inflect_ward_k60",34,"CD161","detected_multimodality","ambiguous","detected_multimodality","ambiguous",FALSE,"sample_size_instability"
"inflect_ward_k60",34,"CD27","detected_multimodality","detected_multimodality","detected_multimodality","detected_multimodality",TRUE,"stable_across_1000_2000_5000_events"
"inflect_ward_k60",35,"CD11c","no_detected_multimodality","ambiguous","no_detected_multimodality","ambiguous",FALSE,"sample_size_instability"
"inflect_ward_k60",35,"CD3","detected_multimodality","detected_multimodality","detected_multimodality","detected_multimodality",TRUE,"stable_across_1000_2000_5000_events"
"inflect_ward_k60",35,"CD303_TCRvd2","ambiguous","ambiguous","detected_multimodality","ambiguous",FALSE,"base_evidence_ambiguous"
"inflect_ward_k60",35,"CD57","detected_multimodality","detected_multimodality","detected_multimodality","detected_multimodality",TRUE,"stable_across_1000_2000_5000_events"
"inflect_ward_k60",35,"CD7","no_detected_multimodality","no_detected_multimodality","no_detected_multimodality","no_detected_multimodality",TRUE,"stable_across_1000_2000_5000_events"
"inflect_ward_k60",36,"CD127","ambiguous","no_detected_multimodality","no_detected_multimodality","ambiguous",FALSE,"base_evidence_ambiguous"
"inflect_ward_k60",36,"CD25","no_detected_multimodality","no_detected_multimodality","no_detected_multimodality","no_detected_multimodality",TRUE,"stable_across_1000_2000_5000_events"
"inflect_ward_k60",36,"CD27","detected_multimodality","detected_multimodality","detected_multimodality","detected_multimodality",TRUE,"stable_across_1000_2000_5000_events"
"inflect_ward_k60",36,"CD3","ambiguous","ambiguous","detected_multimodality","ambiguous",FALSE,"base_evidence_ambiguous"
"inflect_ward_k60",36,"CD303_TCRvd2","ambiguous","ambiguous","ambiguous","ambiguous",TRUE,"base_evidence_ambiguous"
"inflect_ward_k60",36,"CD38","no_detected_multimodality","no_detected_multimodality","ambiguous","ambiguous",FALSE,"sample_size_instability"
"inflect_ward_k60",36,"CD45RA","detected_multimodality","detected_multimodality","detected_multimodality","detected_multimodality",TRUE,"stable_across_1000_2000_5000_events"
"inflect_ward_k60",36,"CD57","no_detected_multimodality","no_detected_multimodality","no_detected_multimodality","no_detected_multimodality",TRUE,"stable_across_1000_2000_5000_events"
"inflect_ward_k60",36,"Tbet","detected_multimodality","detected_multimodality","detected_multimodality","detected_multimodality",TRUE,"stable_across_1000_2000_5000_events"
"inflect_ward_k60",37,"CD11c","no_detected_multimodality","no_detected_multimodality","no_detected_multimodality","no_detected_multimodality",TRUE,"stable_across_1000_2000_5000_events"
"inflect_ward_k60",37,"CD127","ambiguous","ambiguous","ambiguous","ambiguous",TRUE,"base_evidence_ambiguous"
"inflect_ward_k60",37,"CD161","ambiguous","ambiguous","ambiguous","ambiguous",TRUE,"base_evidence_ambiguous"
"inflect_ward_k60",37,"CD27","ambiguous","ambiguous","detected_multimodality","ambiguous",FALSE,"base_evidence_ambiguous"
"inflect_ward_k60",37,"CD294_CRTH2","no_detected_multimodality","no_detected_multimodality","no_detected_multimodality","no_detected_multimodality",TRUE,"stable_across_1000_2000_5000_events"
"inflect_ward_k60",37,"CD4","ambiguous","ambiguous","ambiguous","ambiguous",TRUE,"base_evidence_ambiguous"
"inflect_ward_k60",37,"Tbet","ambiguous","ambiguous","ambiguous","ambiguous",TRUE,"base_evidence_ambiguous"
"inflect_ward_k60",38,"CD11c","detected_multimodality","ambiguous","detected_multimodality","ambiguous",FALSE,"sample_size_instability"
"inflect_ward_k60",38,"CD14","ambiguous","no_detected_multimodality","ambiguous","ambiguous",FALSE,"base_evidence_ambiguous"
"inflect_ward_k60",38,"CD161","no_detected_multimodality","ambiguous","no_detected_multimodality","ambiguous",FALSE,"sample_size_instability"
"inflect_ward_k60",38,"CD185_CXCR5","no_detected_multimodality","no_detected_multimodality","no_detected_multimodality","no_detected_multimodality",TRUE,"stable_across_1000_2000_5000_events"
"inflect_ward_k60",38,"CD1c","detected_multimodality","detected_multimodality","detected_multimodality","detected_multimodality",TRUE,"stable_across_1000_2000_5000_events"
"inflect_ward_k60",38,"CD3","detected_multimodality","detected_multimodality","detected_multimodality","detected_multimodality",TRUE,"stable_across_1000_2000_5000_events"
"inflect_ward_k60",38,"CD56","ambiguous","no_detected_multimodality","no_detected_multimodality","ambiguous",FALSE,"base_evidence_ambiguous"
"inflect_ward_k60",38,"CD7","ambiguous","ambiguous","ambiguous","ambiguous",TRUE,"base_evidence_ambiguous"
"inflect_ward_k60",38,"FoxP3","ambiguous","no_detected_multimodality","no_detected_multimodality","ambiguous",FALSE,"base_evidence_ambiguous"
"inflect_ward_k60",38,"HLA-DR","detected_multimodality","detected_multimodality","detected_multimodality","detected_multimodality",TRUE,"stable_across_1000_2000_5000_events"
"inflect_ward_k60",38,"TCRgd_CD141","ambiguous","ambiguous","detected_multimodality","ambiguous",FALSE,"base_evidence_ambiguous"
"inflect_ward_k60",39,"CD197_CCR7","detected_multimodality","detected_multimodality","detected_multimodality","detected_multimodality",TRUE,"stable_across_1000_2000_5000_events"
"inflect_ward_k60",39,"CD45RA","detected_multimodality","detected_multimodality","detected_multimodality","detected_multimodality",TRUE,"stable_across_1000_2000_5000_events"
"inflect_ward_k60",40,"CD27","ambiguous","no_detected_multimodality","ambiguous","ambiguous",FALSE,"base_evidence_ambiguous"
"inflect_ward_k60",40,"CD38","no_detected_multimodality","no_detected_multimodality","no_detected_multimodality","no_detected_multimodality",TRUE,"stable_across_1000_2000_5000_events"
"inflect_ward_k60",40,"CD57","ambiguous","no_detected_multimodality","no_detected_multimodality","ambiguous",FALSE,"base_evidence_ambiguous"
"inflect_ward_k60",40,"TCRgd_CD141","no_detected_multimodality","no_detected_multimodality","no_detected_multimodality","no_detected_multimodality",TRUE,"stable_across_1000_2000_5000_events"
"inflect_ward_k60",41,"CD11c","ambiguous","ambiguous","ambiguous","ambiguous",TRUE,"base_evidence_ambiguous"
"inflect_ward_k60",41,"CD127","ambiguous","no_detected_multimodality","ambiguous","ambiguous",FALSE,"base_evidence_ambiguous"
"inflect_ward_k60",41,"CD159c_NKG2C","ambiguous","no_detected_multimodality","ambiguous","ambiguous",FALSE,"base_evidence_ambiguous"
"inflect_ward_k60",41,"CD19","ambiguous","ambiguous","ambiguous","ambiguous",TRUE,"base_evidence_ambiguous"
"inflect_ward_k60",41,"CD197_CCR7","ambiguous","ambiguous","detected_multimodality","ambiguous",FALSE,"base_evidence_ambiguous"
"inflect_ward_k60",41,"CD25","ambiguous","no_detected_multimodality","ambiguous","ambiguous",FALSE,"base_evidence_ambiguous"
"inflect_ward_k60",41,"CD27","detected_multimodality","detected_multimodality","detected_multimodality","detected_multimodality",TRUE,"stable_across_1000_2000_5000_events"
"inflect_ward_k60",41,"CD3","detected_multimodality","detected_multimodality","detected_multimodality","detected_multimodality",TRUE,"stable_across_1000_2000_5000_events"
"inflect_ward_k60",41,"CD303_TCRvd2","ambiguous","ambiguous","detected_multimodality","ambiguous",FALSE,"base_evidence_ambiguous"
"inflect_ward_k60",41,"CD38","ambiguous","no_detected_multimodality","ambiguous","ambiguous",FALSE,"base_evidence_ambiguous"
"inflect_ward_k60",41,"CD4","ambiguous","ambiguous","ambiguous","ambiguous",TRUE,"base_evidence_ambiguous"
"inflect_ward_k60",41,"CD45RA","detected_multimodality","ambiguous","detected_multimodality","ambiguous",FALSE,"sample_size_instability"
"inflect_ward_k60",41,"CD56","detected_multimodality","detected_multimodality","detected_multimodality","detected_multimodality",TRUE,"stable_across_1000_2000_5000_events"
"inflect_ward_k60",41,"CD57","ambiguous","ambiguous","detected_multimodality","ambiguous",FALSE,"base_evidence_ambiguous"
"inflect_ward_k60",41,"CD7","ambiguous","ambiguous","detected_multimodality","ambiguous",FALSE,"base_evidence_ambiguous"
"inflect_ward_k60",41,"FoxP3","no_detected_multimodality","no_detected_multimodality","no_detected_multimodality","no_detected_multimodality",TRUE,"stable_across_1000_2000_5000_events"
"inflect_ward_k60",41,"HLA-DR","ambiguous","no_detected_multimodality","ambiguous","ambiguous",FALSE,"base_evidence_ambiguous"
"inflect_ward_k60",41,"Tbet","detected_multimodality","detected_multimodality","detected_multimodality","detected_multimodality",TRUE,"stable_across_1000_2000_5000_events"
"inflect_ward_k60",41,"TCRgd_CD141","ambiguous","ambiguous","no_detected_multimodality","ambiguous",FALSE,"base_evidence_ambiguous"
"inflect_ward_k60",42,"CD127","ambiguous","no_detected_multimodality","ambiguous","ambiguous",FALSE,"base_evidence_ambiguous"
"inflect_ward_k60",42,"CD27","detected_multimodality","detected_multimodality","detected_multimodality","detected_multimodality",TRUE,"stable_across_1000_2000_5000_events"
"inflect_ward_k60",42,"CD7","ambiguous","ambiguous","ambiguous","ambiguous",TRUE,"base_evidence_ambiguous"
"inflect_ward_k60",42,"CD8","no_detected_multimodality","no_detected_multimodality","no_detected_multimodality","no_detected_multimodality",TRUE,"stable_across_1000_2000_5000_events"
"inflect_ward_k60",43,"CD11c","detected_multimodality","ambiguous","detected_multimodality","ambiguous",FALSE,"sample_size_instability"
"inflect_ward_k60",43,"CD197_CCR7","no_detected_multimodality","no_detected_multimodality","no_detected_multimodality","no_detected_multimodality",TRUE,"stable_across_1000_2000_5000_events"
"inflect_ward_k60",43,"CD1c","detected_multimodality","detected_multimodality","detected_multimodality","detected_multimodality",TRUE,"stable_across_1000_2000_5000_events"
"inflect_ward_k60",43,"CD3","ambiguous","no_detected_multimodality","no_detected_multimodality","ambiguous",FALSE,"base_evidence_ambiguous"
"inflect_ward_k60",43,"CD45RA","ambiguous","no_detected_multimodality","ambiguous","ambiguous",FALSE,"base_evidence_ambiguous"
"inflect_ward_k60",43,"CD56","ambiguous","ambiguous","detected_multimodality","ambiguous",FALSE,"base_evidence_ambiguous"
"inflect_ward_k60",43,"HLA-DR","detected_multimodality","ambiguous","detected_multimodality","ambiguous",FALSE,"sample_size_instability"
"inflect_ward_k60",43,"TCRgd_CD141","detected_multimodality","detected_multimodality","detected_multimodality","detected_multimodality",TRUE,"stable_across_1000_2000_5000_events"
"inflect_ward_k60",44,"CD1c","ambiguous","no_detected_multimodality","no_detected_multimodality","ambiguous",FALSE,"base_evidence_ambiguous"
"inflect_ward_k60",44,"CD38","no_detected_multimodality","no_detected_multimodality","no_detected_multimodality","no_detected_multimodality",TRUE,"stable_across_1000_2000_5000_events"
"inflect_ward_k60",44,"CD45RA","no_detected_multimodality","no_detected_multimodality","no_detected_multimodality","no_detected_multimodality",TRUE,"stable_across_1000_2000_5000_events"
"inflect_ward_k60",44,"CD8","ambiguous","no_detected_multimodality","no_detected_multimodality","ambiguous",FALSE,"base_evidence_ambiguous"
"inflect_ward_k60",45,"CD159c_NKG2C","ambiguous","ambiguous","ambiguous","ambiguous",TRUE,"base_evidence_ambiguous"
"inflect_ward_k60",45,"CD57","detected_multimodality","ambiguous","detected_multimodality","ambiguous",FALSE,"sample_size_instability"
"inflect_ward_k60",46,"CD294_CRTH2","no_detected_multimodality","no_detected_multimodality","no_detected_multimodality","no_detected_multimodality",TRUE,"stable_across_1000_2000_5000_events"
"inflect_ward_k60",47,"CD14","ambiguous","no_detected_multimodality","no_detected_multimodality","ambiguous",FALSE,"base_evidence_ambiguous"
"inflect_ward_k60",47,"CD159c_NKG2C","ambiguous","ambiguous","ambiguous","ambiguous",TRUE,"base_evidence_ambiguous"
"inflect_ward_k60",47,"CD27","detected_multimodality","detected_multimodality","detected_multimodality","detected_multimodality",TRUE,"stable_across_1000_2000_5000_events"
"inflect_ward_k60",47,"CD3","no_detected_multimodality","no_detected_multimodality","no_detected_multimodality","no_detected_multimodality",TRUE,"stable_across_1000_2000_5000_events"
"inflect_ward_k60",47,"CD45RA","ambiguous","no_detected_multimodality","ambiguous","ambiguous",FALSE,"base_evidence_ambiguous"
"inflect_ward_k60",47,"CD8","detected_multimodality","ambiguous","detected_multimodality","ambiguous",FALSE,"sample_size_instability"
"inflect_ward_k60",48,"CD11c","detected_multimodality","ambiguous","detected_multimodality","ambiguous",FALSE,"sample_size_instability"
"inflect_ward_k60",48,"CD14","detected_multimodality","detected_multimodality","detected_multimodality","detected_multimodality",TRUE,"stable_across_1000_2000_5000_events"
"inflect_ward_k60",48,"CD19","no_detected_multimodality","no_detected_multimodality","no_detected_multimodality","no_detected_multimodality",TRUE,"stable_across_1000_2000_5000_events"
"inflect_ward_k60",48,"CD1c","detected_multimodality","detected_multimodality","detected_multimodality","detected_multimodality",TRUE,"stable_across_1000_2000_5000_events"
"inflect_ward_k60",48,"CD4","no_detected_multimodality","no_detected_multimodality","no_detected_multimodality","no_detected_multimodality",TRUE,"stable_across_1000_2000_5000_events"
"inflect_ward_k60",48,"CD45RA","ambiguous","no_detected_multimodality","no_detected_multimodality","ambiguous",FALSE,"base_evidence_ambiguous"
"inflect_ward_k60",48,"CD56","ambiguous","no_detected_multimodality","no_detected_multimodality","ambiguous",FALSE,"base_evidence_ambiguous"
"inflect_ward_k60",48,"HLA-DR","detected_multimodality","detected_multimodality","detected_multimodality","detected_multimodality",TRUE,"stable_across_1000_2000_5000_events"
"inflect_ward_k60",49,"CD197_CCR7","ambiguous","no_detected_multimodality","ambiguous","ambiguous",FALSE,"base_evidence_ambiguous"
"inflect_ward_k60",49,"Tbet","no_detected_multimodality","no_detected_multimodality","no_detected_multimodality","no_detected_multimodality",TRUE,"stable_across_1000_2000_5000_events"
"inflect_ward_k60",50,"CD11c","no_detected_multimodality","no_detected_multimodality","no_detected_multimodality","no_detected_multimodality",TRUE,"stable_across_1000_2000_5000_events"
"inflect_ward_k60",50,"CD197_CCR7","ambiguous","no_detected_multimodality","no_detected_multimodality","ambiguous",FALSE,"base_evidence_ambiguous"
"inflect_ward_k60",50,"CD27","detected_multimodality","detected_multimodality","detected_multimodality","detected_multimodality",TRUE,"stable_across_1000_2000_5000_events"
"inflect_ward_k60",50,"CD303_TCRvd2","no_detected_multimodality","no_detected_multimodality","no_detected_multimodality","no_detected_multimodality",TRUE,"stable_across_1000_2000_5000_events"
"inflect_ward_k60",51,"CD27","detected_multimodality","detected_multimodality","detected_multimodality","detected_multimodality",TRUE,"stable_across_1000_2000_5000_events"
"inflect_ward_k60",51,"CD7","ambiguous","ambiguous","detected_multimodality","ambiguous",FALSE,"base_evidence_ambiguous"
"inflect_ward_k60",52,"CD159c_NKG2C","no_detected_multimodality","no_detected_multimodality","no_detected_multimodality","no_detected_multimodality",TRUE,"stable_across_1000_2000_5000_events"
"inflect_ward_k60",53,"CD14","no_detected_multimodality","ambiguous","no_detected_multimodality","ambiguous",FALSE,"sample_size_instability"
"inflect_ward_k60",53,"CD19","ambiguous","no_detected_multimodality","ambiguous","ambiguous",FALSE,"base_evidence_ambiguous"
"inflect_ward_k60",53,"CD25","detected_multimodality","ambiguous","detected_multimodality","ambiguous",FALSE,"sample_size_instability"
"inflect_ward_k60",53,"CD3","no_detected_multimodality","no_detected_multimodality","no_detected_multimodality","no_detected_multimodality",TRUE,"stable_across_1000_2000_5000_events"
"inflect_ward_k60",53,"CD45RA","no_detected_multimodality","no_detected_multimodality","no_detected_multimodality","no_detected_multimodality",TRUE,"stable_across_1000_2000_5000_events"
"inflect_ward_k60",53,"CD56","no_detected_multimodality","no_detected_multimodality","no_detected_multimodality","no_detected_multimodality",TRUE,"stable_across_1000_2000_5000_events"
"inflect_ward_k60",53,"FoxP3","detected_multimodality","ambiguous","detected_multimodality","ambiguous",FALSE,"sample_size_instability"
"inflect_ward_k60",54,"CD11c","ambiguous","no_detected_multimodality","ambiguous","ambiguous",FALSE,"base_evidence_ambiguous"
"inflect_ward_k60",54,"CD14","ambiguous","no_detected_multimodality","ambiguous","ambiguous",FALSE,"base_evidence_ambiguous"
"inflect_ward_k60",54,"CD159c_NKG2C","no_detected_multimodality","no_detected_multimodality","no_detected_multimodality","no_detected_multimodality",TRUE,"stable_across_1000_2000_5000_events"
"inflect_ward_k60",54,"CD185_CXCR5","ambiguous","no_detected_multimodality","ambiguous","ambiguous",FALSE,"base_evidence_ambiguous"
"inflect_ward_k60",54,"CD294_CRTH2","ambiguous","no_detected_multimodality","detected_multimodality","ambiguous",FALSE,"base_evidence_ambiguous"
"inflect_ward_k60",54,"CD303_TCRvd2","detected_multimodality","detected_multimodality","detected_multimodality","detected_multimodality",TRUE,"stable_across_1000_2000_5000_events"
"inflect_ward_k60",54,"CD38","ambiguous","ambiguous","detected_multimodality","ambiguous",FALSE,"base_evidence_ambiguous"
"inflect_ward_k60",54,"CD4","detected_multimodality","detected_multimodality","detected_multimodality","detected_multimodality",TRUE,"stable_across_1000_2000_5000_events"
"inflect_ward_k60",54,"CD45RA","detected_multimodality","detected_multimodality","detected_multimodality","detected_multimodality",TRUE,"stable_across_1000_2000_5000_events"
"inflect_ward_k60",54,"CD57","ambiguous","ambiguous","detected_multimodality","ambiguous",FALSE,"base_evidence_ambiguous"
"inflect_ward_k60",54,"CD7","ambiguous","ambiguous","ambiguous","ambiguous",TRUE,"base_evidence_ambiguous"
"inflect_ward_k60",54,"HLA-DR","detected_multimodality","detected_multimodality","detected_multimodality","detected_multimodality",TRUE,"stable_across_1000_2000_5000_events"
"inflect_ward_k60",54,"TCRgd_CD141","detected_multimodality","detected_multimodality","detected_multimodality","detected_multimodality",TRUE,"stable_across_1000_2000_5000_events"
"inflect_ward_k60",56,"CD45RA","detected_multimodality","detected_multimodality","detected_multimodality","detected_multimodality",TRUE,"stable_across_1000_2000_5000_events"
"inflect_ward_k60",57,"CD127","no_detected_multimodality","no_detected_multimodality","no_detected_multimodality","no_detected_multimodality",TRUE,"stable_across_1000_2000_5000_events"
"inflect_ward_k60",57,"CD185_CXCR5","ambiguous","ambiguous","ambiguous","ambiguous",TRUE,"base_evidence_ambiguous"
"inflect_ward_k60",57,"CD19","detected_multimodality","ambiguous","detected_multimodality","ambiguous",FALSE,"sample_size_instability"
"inflect_ward_k60",57,"CD21","detected_multimodality","detected_multimodality","detected_multimodality","detected_multimodality",TRUE,"stable_across_1000_2000_5000_events"
"inflect_ward_k60",57,"CD294_CRTH2","no_detected_multimodality","no_detected_multimodality","no_detected_multimodality","no_detected_multimodality",TRUE,"stable_across_1000_2000_5000_events"
"inflect_ward_k60",57,"CD303_TCRvd2","ambiguous","ambiguous","no_detected_multimodality","ambiguous",FALSE,"base_evidence_ambiguous"
"inflect_ward_k60",57,"CD57","ambiguous","no_detected_multimodality","no_detected_multimodality","ambiguous",FALSE,"base_evidence_ambiguous"
"inflect_ward_k60",57,"CD7","ambiguous","ambiguous","no_detected_multimodality","ambiguous",FALSE,"base_evidence_ambiguous"
"inflect_ward_k60",57,"Tbet","ambiguous","no_detected_multimodality","no_detected_multimodality","ambiguous",FALSE,"base_evidence_ambiguous"
"inflect_ward_k60",58,"CD161","ambiguous","no_detected_multimodality","no_detected_multimodality","ambiguous",FALSE,"base_evidence_ambiguous"
"inflect_ward_k60",58,"CD185_CXCR5","no_detected_multimodality","no_detected_multimodality","no_detected_multimodality","no_detected_multimodality",TRUE,"stable_across_1000_2000_5000_events"
"inflect_ward_k60",58,"CD21","ambiguous","no_detected_multimodality","ambiguous","ambiguous",FALSE,"base_evidence_ambiguous"
"inflect_ward_k60",58,"CD27","no_detected_multimodality","no_detected_multimodality","no_detected_multimodality","no_detected_multimodality",TRUE,"stable_across_1000_2000_5000_events"
"inflect_ward_k60",58,"CD294_CRTH2","ambiguous","no_detected_multimodality","no_detected_multimodality","ambiguous",FALSE,"base_evidence_ambiguous"
"inflect_ward_k60",58,"CD7","no_detected_multimodality","no_detected_multimodality","no_detected_multimodality","no_detected_multimodality",TRUE,"stable_across_1000_2000_5000_events"
"inflect_ward_k60",58,"FoxP3","no_detected_multimodality","no_detected_multimodality","no_detected_multimodality","no_detected_multimodality",TRUE,"stable_across_1000_2000_5000_events"
"inflect_ward_k60",59,"CD127","no_detected_multimodality","no_detected_multimodality","ambiguous","ambiguous",FALSE,"sample_size_instability"
"inflect_ward_k60",59,"CD14","ambiguous","ambiguous","detected_multimodality","ambiguous",FALSE,"base_evidence_ambiguous"
"inflect_ward_k60",59,"CD16","no_detected_multimodality","no_detected_multimodality","no_detected_multimodality","no_detected_multimodality",TRUE,"stable_across_1000_2000_5000_events"
"inflect_ward_k60",59,"CD185_CXCR5","ambiguous","ambiguous","detected_multimodality","ambiguous",FALSE,"base_evidence_ambiguous"
"inflect_ward_k60",59,"CD1c","no_detected_multimodality","no_detected_multimodality","no_detected_multimodality","no_detected_multimodality",TRUE,"stable_across_1000_2000_5000_events"
"inflect_ward_k60",59,"CD21","ambiguous","ambiguous","ambiguous","ambiguous",TRUE,"base_evidence_ambiguous"
"inflect_ward_k60",59,"CD25","ambiguous","no_detected_multimodality","no_detected_multimodality","ambiguous",FALSE,"base_evidence_ambiguous"
"inflect_ward_k60",59,"CD27","ambiguous","ambiguous","detected_multimodality","ambiguous",FALSE,"base_evidence_ambiguous"
"inflect_ward_k60",59,"CD38","detected_multimodality","detected_multimodality","detected_multimodality","detected_multimodality",TRUE,"stable_across_1000_2000_5000_events"
"inflect_ward_k60",59,"CD56","ambiguous","no_detected_multimodality","no_detected_multimodality","ambiguous",FALSE,"base_evidence_ambiguous"
"inflect_ward_k60",59,"CD7","detected_multimodality","ambiguous","detected_multimodality","ambiguous",FALSE,"sample_size_instability"
"inflect_ward_k60",59,"CD8","no_detected_multimodality","no_detected_multimodality","no_detected_multimodality","no_detected_multimodality",TRUE,"stable_across_1000_2000_5000_events"
"inflect_ward_k60",60,"CD127","ambiguous","ambiguous","ambiguous","ambiguous",TRUE,"base_evidence_ambiguous"
"inflect_ward_k60",60,"CD197_CCR7","ambiguous","ambiguous","ambiguous","ambiguous",TRUE,"base_evidence_ambiguous"
"inflect_ward_k60",60,"CD27","ambiguous","no_detected_multimodality","ambiguous","ambiguous",FALSE,"base_evidence_ambiguous"
"inflect_ward_k60",60,"CD4","ambiguous","no_detected_multimodality","ambiguous","ambiguous",FALSE,"base_evidence_ambiguous"
"inflect_ward_k60",60,"CD7","ambiguous","no_detected_multimodality","ambiguous","ambiguous",FALSE,"base_evidence_ambiguous"
"inflect_ward_k62",1,"CD11c","detected_multimodality","ambiguous","detected_multimodality","ambiguous",FALSE,"sample_size_instability"
"inflect_ward_k62",1,"CD14","no_detected_multimodality","no_detected_multimodality","ambiguous","ambiguous",FALSE,"sample_size_instability"
"inflect_ward_k62",1,"CD185_CXCR5","ambiguous","no_detected_multimodality","detected_multimodality","ambiguous",FALSE,"base_evidence_ambiguous"
"inflect_ward_k62",1,"CD19","no_detected_multimodality","no_detected_multimodality","no_detected_multimodality","no_detected_multimodality",TRUE,"stable_across_1000_2000_5000_events"
"inflect_ward_k62",1,"CD197_CCR7","ambiguous","no_detected_multimodality","ambiguous","ambiguous",FALSE,"base_evidence_ambiguous"
"inflect_ward_k62",1,"CD1c","ambiguous","no_detected_multimodality","ambiguous","ambiguous",FALSE,"base_evidence_ambiguous"
"inflect_ward_k62",1,"CD21","ambiguous","no_detected_multimodality","ambiguous","ambiguous",FALSE,"base_evidence_ambiguous"
"inflect_ward_k62",1,"CD3","ambiguous","no_detected_multimodality","ambiguous","ambiguous",FALSE,"base_evidence_ambiguous"
"inflect_ward_k62",1,"CD38","no_detected_multimodality","no_detected_multimodality","no_detected_multimodality","no_detected_multimodality",TRUE,"stable_across_1000_2000_5000_events"
"inflect_ward_k62",1,"CD56","ambiguous","no_detected_multimodality","ambiguous","ambiguous",FALSE,"base_evidence_ambiguous"
"inflect_ward_k62",1,"CD8","ambiguous","no_detected_multimodality","ambiguous","ambiguous",FALSE,"base_evidence_ambiguous"
"inflect_ward_k62",1,"Tbet","ambiguous","no_detected_multimodality","ambiguous","ambiguous",FALSE,"base_evidence_ambiguous"
"inflect_ward_k62",1,"TCRgd_CD141","ambiguous","no_detected_multimodality","ambiguous","ambiguous",FALSE,"base_evidence_ambiguous"
"inflect_ward_k62",2,"CD11c","ambiguous","ambiguous","ambiguous","ambiguous",TRUE,"base_evidence_ambiguous"
"inflect_ward_k62",2,"CD197_CCR7","no_detected_multimodality","no_detected_multimodality","no_detected_multimodality","no_detected_multimodality",TRUE,"stable_across_1000_2000_5000_events"
"inflect_ward_k62",2,"CD27","no_detected_multimodality","no_detected_multimodality","no_detected_multimodality","no_detected_multimodality",TRUE,"stable_across_1000_2000_5000_events"
"inflect_ward_k62",2,"CD57","ambiguous","no_detected_multimodality","ambiguous","ambiguous",FALSE,"base_evidence_ambiguous"
"inflect_ward_k62",2,"HLA-DR","no_detected_multimodality","no_detected_multimodality","no_detected_multimodality","no_detected_multimodality",TRUE,"stable_across_1000_2000_5000_events"
"inflect_ward_k62",2,"Tbet","no_detected_multimodality","no_detected_multimodality","no_detected_multimodality","no_detected_multimodality",TRUE,"stable_across_1000_2000_5000_events"
"inflect_ward_k62",3,"CD57","detected_multimodality","detected_multimodality","detected_multimodality","detected_multimodality",TRUE,"stable_across_1000_2000_5000_events"
"inflect_ward_k62",4,"CD159c_NKG2C","detected_multimodality","detected_multimodality","detected_multimodality","detected_multimodality",TRUE,"stable_across_1000_2000_5000_events"
"inflect_ward_k62",4,"CD25","no_detected_multimodality","no_detected_multimodality","no_detected_multimodality","no_detected_multimodality",TRUE,"stable_across_1000_2000_5000_events"
"inflect_ward_k62",4,"CD57","detected_multimodality","detected_multimodality","detected_multimodality","detected_multimodality",TRUE,"stable_across_1000_2000_5000_events"
"inflect_ward_k62",4,"TCRgd_CD141","ambiguous","no_detected_multimodality","ambiguous","ambiguous",FALSE,"base_evidence_ambiguous"
"inflect_ward_k62",5,"CD159c_NKG2C","ambiguous","no_detected_multimodality","ambiguous","ambiguous",FALSE,"base_evidence_ambiguous"
"inflect_ward_k62",5,"CD3","detected_multimodality","detected_multimodality","detected_multimodality","detected_multimodality",TRUE,"stable_across_1000_2000_5000_events"
"inflect_ward_k62",5,"CD38","ambiguous","no_detected_multimodality","ambiguous","ambiguous",FALSE,"base_evidence_ambiguous"
"inflect_ward_k62",5,"CD57","detected_multimodality","detected_multimodality","detected_multimodality","detected_multimodality",TRUE,"stable_across_1000_2000_5000_events"
"inflect_ward_k62",6,"CD11c","detected_multimodality","ambiguous","detected_multimodality","ambiguous",FALSE,"sample_size_instability"
"inflect_ward_k62",6,"CD161","ambiguous","ambiguous","detected_multimodality","ambiguous",FALSE,"base_evidence_ambiguous"
"inflect_ward_k62",6,"CD197_CCR7","ambiguous","no_detected_multimodality","no_detected_multimodality","ambiguous",FALSE,"base_evidence_ambiguous"
"inflect_ward_k62",6,"CD27","no_detected_multimodality","no_detected_multimodality","no_detected_multimodality","no_detected_multimodality",TRUE,"stable_across_1000_2000_5000_events"
"inflect_ward_k62",6,"CD3","detected_multimodality","detected_multimodality","detected_multimodality","detected_multimodality",TRUE,"stable_across_1000_2000_5000_events"
"inflect_ward_k62",6,"CD57","ambiguous","ambiguous","ambiguous","ambiguous",TRUE,"base_evidence_ambiguous"
"inflect_ward_k62",6,"Tbet","no_detected_multimodality","no_detected_multimodality","no_detected_multimodality","no_detected_multimodality",TRUE,"stable_across_1000_2000_5000_events"
"inflect_ward_k62",7,"CD11c","detected_multimodality","detected_multimodality","detected_multimodality","detected_multimodality",TRUE,"stable_across_1000_2000_5000_events"
"inflect_ward_k62",7,"CD161","ambiguous","ambiguous","detected_multimodality","ambiguous",FALSE,"base_evidence_ambiguous"
"inflect_ward_k62",7,"CD21","no_detected_multimodality","no_detected_multimodality","no_detected_multimodality","no_detected_multimodality",TRUE,"stable_across_1000_2000_5000_events"
"inflect_ward_k62",7,"CD3","ambiguous","no_detected_multimodality","ambiguous","ambiguous",FALSE,"base_evidence_ambiguous"
"inflect_ward_k62",7,"CD57","ambiguous","ambiguous","ambiguous","ambiguous",TRUE,"base_evidence_ambiguous"
"inflect_ward_k62",7,"CD7","no_detected_multimodality","no_detected_multimodality","no_detected_multimodality","no_detected_multimodality",TRUE,"stable_across_1000_2000_5000_events"
"inflect_ward_k62",8,"CD11c","ambiguous","no_detected_multimodality","ambiguous","ambiguous",FALSE,"base_evidence_ambiguous"
"inflect_ward_k62",8,"CD159c_NKG2C","ambiguous","ambiguous","detected_multimodality","ambiguous",FALSE,"base_evidence_ambiguous"
"inflect_ward_k62",8,"CD161","no_detected_multimodality","no_detected_multimodality","no_detected_multimodality","no_detected_multimodality",TRUE,"stable_across_1000_2000_5000_events"
"inflect_ward_k62",8,"CD4","no_detected_multimodality","no_detected_multimodality","no_detected_multimodality","no_detected_multimodality",TRUE,"stable_across_1000_2000_5000_events"
"inflect_ward_k62",8,"CD57","detected_multimodality","detected_multimodality","detected_multimodality","detected_multimodality",TRUE,"stable_across_1000_2000_5000_events"
"inflect_ward_k62",8,"CD8","no_detected_multimodality","no_detected_multimodality","no_detected_multimodality","no_detected_multimodality",TRUE,"stable_across_1000_2000_5000_events"
"inflect_ward_k62",9,"CD159c_NKG2C","ambiguous","no_detected_multimodality","ambiguous","ambiguous",FALSE,"base_evidence_ambiguous"
"inflect_ward_k62",9,"CD57","detected_multimodality","detected_multimodality","detected_multimodality","detected_multimodality",TRUE,"stable_across_1000_2000_5000_events"
"inflect_ward_k62",9,"TCRgd_CD141","ambiguous","ambiguous","ambiguous","ambiguous",TRUE,"base_evidence_ambiguous"
"inflect_ward_k62",10,"CD14","ambiguous","no_detected_multimodality","ambiguous","ambiguous",FALSE,"base_evidence_ambiguous"
"inflect_ward_k62",10,"CD159c_NKG2C","ambiguous","ambiguous","detected_multimodality","ambiguous",FALSE,"base_evidence_ambiguous"
"inflect_ward_k62",10,"CD19","no_detected_multimodality","no_detected_multimodality","no_detected_multimodality","no_detected_multimodality",TRUE,"stable_across_1000_2000_5000_events"
"inflect_ward_k62",10,"CD197_CCR7","no_detected_multimodality","no_detected_multimodality","no_detected_multimodality","no_detected_multimodality",TRUE,"stable_across_1000_2000_5000_events"
"inflect_ward_k62",10,"CD3","ambiguous","no_detected_multimodality","no_detected_multimodality","ambiguous",FALSE,"base_evidence_ambiguous"
"inflect_ward_k62",10,"CD303_TCRvd2","ambiguous","no_detected_multimodality","ambiguous","ambiguous",FALSE,"base_evidence_ambiguous"
"inflect_ward_k62",10,"CD38","no_detected_multimodality","no_detected_multimodality","no_detected_multimodality","no_detected_multimodality",TRUE,"stable_across_1000_2000_5000_events"
"inflect_ward_k62",10,"CD56","detected_multimodality","ambiguous","detected_multimodality","ambiguous",FALSE,"sample_size_instability"
"inflect_ward_k62",10,"CD57","ambiguous","ambiguous","detected_multimodality","ambiguous",FALSE,"base_evidence_ambiguous"
"inflect_ward_k62",11,"CD27","no_detected_multimodality","no_detected_multimodality","no_detected_multimodality","no_detected_multimodality",TRUE,"stable_across_1000_2000_5000_events"
"inflect_ward_k62",11,"CD45RA","ambiguous","ambiguous","no_detected_multimodality","ambiguous",FALSE,"base_evidence_ambiguous"
"inflect_ward_k62",11,"CD8","no_detected_multimodality","no_detected_multimodality","no_detected_multimodality","no_detected_multimodality",TRUE,"stable_across_1000_2000_5000_events"
"inflect_ward_k62",11,"Tbet","no_detected_multimodality","no_detected_multimodality","no_detected_multimodality","no_detected_multimodality",TRUE,"stable_across_1000_2000_5000_events"
"inflect_ward_k62",11,"TCRgd_CD141","no_detected_multimodality","no_detected_multimodality","no_detected_multimodality","no_detected_multimodality",TRUE,"stable_across_1000_2000_5000_events"
"inflect_ward_k62",12,"CD11c","detected_multimodality","detected_multimodality","detected_multimodality","detected_multimodality",TRUE,"stable_across_1000_2000_5000_events"
"inflect_ward_k62",12,"CD159c_NKG2C","no_detected_multimodality","no_detected_multimodality","no_detected_multimodality","no_detected_multimodality",TRUE,"stable_across_1000_2000_5000_events"
"inflect_ward_k62",12,"CD303_TCRvd2","no_detected_multimodality","no_detected_multimodality","no_detected_multimodality","no_detected_multimodality",TRUE,"stable_across_1000_2000_5000_events"
"inflect_ward_k62",13,"CD11c","ambiguous","no_detected_multimodality","ambiguous","ambiguous",FALSE,"base_evidence_ambiguous"
"inflect_ward_k62",13,"CD161","ambiguous","no_detected_multimodality","ambiguous","ambiguous",FALSE,"base_evidence_ambiguous"
"inflect_ward_k62",13,"CD25","no_detected_multimodality","no_detected_multimodality","no_detected_multimodality","no_detected_multimodality",TRUE,"stable_across_1000_2000_5000_events"
"inflect_ward_k62",13,"CD38","ambiguous","ambiguous","detected_multimodality","ambiguous",FALSE,"base_evidence_ambiguous"
"inflect_ward_k62",13,"CD56","ambiguous","ambiguous","ambiguous","ambiguous",TRUE,"base_evidence_ambiguous"
"inflect_ward_k62",13,"CD7","ambiguous","no_detected_multimodality","detected_multimodality","ambiguous",FALSE,"base_evidence_ambiguous"
"inflect_ward_k62",13,"FoxP3","ambiguous","no_detected_multimodality","ambiguous","ambiguous",FALSE,"base_evidence_ambiguous"
"inflect_ward_k62",13,"HLA-DR","ambiguous","no_detected_multimodality","no_detected_multimodality","ambiguous",FALSE,"base_evidence_ambiguous"
"inflect_ward_k62",14,"CD11c","detected_multimodality","ambiguous","detected_multimodality","ambiguous",FALSE,"sample_size_instability"
"inflect_ward_k62",14,"CD14","no_detected_multimodality","no_detected_multimodality","no_detected_multimodality","no_detected_multimodality",TRUE,"stable_across_1000_2000_5000_events"
"inflect_ward_k62",14,"CD16","detected_multimodality","ambiguous","detected_multimodality","ambiguous",FALSE,"sample_size_instability"
"inflect_ward_k62",14,"CD19","no_detected_multimodality","no_detected_multimodality","no_detected_multimodality","no_detected_multimodality",TRUE,"stable_across_1000_2000_5000_events"
"inflect_ward_k62",14,"CD303_TCRvd2","no_detected_multimodality","no_detected_multimodality","no_detected_multimodality","no_detected_multimodality",TRUE,"stable_across_1000_2000_5000_events"
"inflect_ward_k62",14,"CD38","no_detected_multimodality","no_detected_multimodality","no_detected_multimodality","no_detected_multimodality",TRUE,"stable_across_1000_2000_5000_events"
"inflect_ward_k62",14,"CD56","no_detected_multimodality","no_detected_multimodality","no_detected_multimodality","no_detected_multimodality",TRUE,"stable_across_1000_2000_5000_events"
"inflect_ward_k62",14,"CD57","detected_multimodality","detected_multimodality","detected_multimodality","detected_multimodality",TRUE,"stable_across_1000_2000_5000_events"
"inflect_ward_k62",14,"CD8","ambiguous","no_detected_multimodality","no_detected_multimodality","ambiguous",FALSE,"base_evidence_ambiguous"
"inflect_ward_k62",15,"CD11c","ambiguous","ambiguous","detected_multimodality","ambiguous",FALSE,"base_evidence_ambiguous"
"inflect_ward_k62",15,"CD161","ambiguous","ambiguous","ambiguous","ambiguous",TRUE,"base_evidence_ambiguous"
"inflect_ward_k62",15,"CD197_CCR7","ambiguous","no_detected_multimodality","no_detected_multimodality","ambiguous",FALSE,"base_evidence_ambiguous"
"inflect_ward_k62",15,"CD27","no_detected_multimodality","no_detected_multimodality","ambiguous","ambiguous",FALSE,"sample_size_instability"
"inflect_ward_k62",15,"CD3","detected_multimodality","detected_multimodality","detected_multimodality","detected_multimodality",TRUE,"stable_across_1000_2000_5000_events"
"inflect_ward_k62",15,"CD45RA","ambiguous","ambiguous","no_detected_multimodality","ambiguous",FALSE,"base_evidence_ambiguous"
"inflect_ward_k62",15,"CD56","detected_multimodality","ambiguous","detected_multimodality","ambiguous",FALSE,"sample_size_instability"
"inflect_ward_k62",15,"CD57","ambiguous","ambiguous","ambiguous","ambiguous",TRUE,"base_evidence_ambiguous"
"inflect_ward_k62",15,"Tbet","no_detected_multimodality","no_detected_multimodality","ambiguous","ambiguous",FALSE,"sample_size_instability"
"inflect_ward_k62",16,"CD21","no_detected_multimodality","no_detected_multimodality","no_detected_multimodality","no_detected_multimodality",TRUE,"stable_across_1000_2000_5000_events"
"inflect_ward_k62",16,"CD45RA","no_detected_multimodality","no_detected_multimodality","no_detected_multimodality","no_detected_multimodality",TRUE,"stable_across_1000_2000_5000_events"
"inflect_ward_k62",16,"CD57","detected_multimodality","detected_multimodality","detected_multimodality","detected_multimodality",TRUE,"stable_across_1000_2000_5000_events"
"inflect_ward_k62",17,"CD4","no_detected_multimodality","no_detected_multimodality","no_detected_multimodality","no_detected_multimodality",TRUE,"stable_across_1000_2000_5000_events"
"inflect_ward_k62",17,"CD45RA","ambiguous","ambiguous","ambiguous","ambiguous",TRUE,"base_evidence_ambiguous"
"inflect_ward_k62",17,"CD56","ambiguous","no_detected_multimodality","ambiguous","ambiguous",FALSE,"base_evidence_ambiguous"
"inflect_ward_k62",17,"CD57","detected_multimodality","detected_multimodality","detected_multimodality","detected_multimodality",TRUE,"stable_across_1000_2000_5000_events"
"inflect_ward_k62",18,"CD161","ambiguous","no_detected_multimodality","no_detected_multimodality","ambiguous",FALSE,"base_evidence_ambiguous"
"inflect_ward_k62",18,"CD3","detected_multimodality","detected_multimodality","detected_multimodality","detected_multimodality",TRUE,"stable_across_1000_2000_5000_events"
"inflect_ward_k62",18,"CD56","detected_multimodality","detected_multimodality","detected_multimodality","detected_multimodality",TRUE,"stable_across_1000_2000_5000_events"
"inflect_ward_k62",18,"CD57","detected_multimodality","detected_multimodality","detected_multimodality","detected_multimodality",TRUE,"stable_across_1000_2000_5000_events"
"inflect_ward_k62",18,"FoxP3","ambiguous","ambiguous","no_detected_multimodality","ambiguous",FALSE,"base_evidence_ambiguous"
"inflect_ward_k62",19,"CD11c","ambiguous","ambiguous","ambiguous","ambiguous",TRUE,"base_evidence_ambiguous"
"inflect_ward_k62",19,"CD161","detected_multimodality","detected_multimodality","detected_multimodality","detected_multimodality",TRUE,"stable_across_1000_2000_5000_events"
"inflect_ward_k62",19,"CD294_CRTH2","no_detected_multimodality","no_detected_multimodality","no_detected_multimodality","no_detected_multimodality",TRUE,"stable_across_1000_2000_5000_events"
"inflect_ward_k62",19,"CD3","ambiguous","ambiguous","ambiguous","ambiguous",TRUE,"base_evidence_ambiguous"
"inflect_ward_k62",19,"CD56","ambiguous","ambiguous","detected_multimodality","ambiguous",FALSE,"base_evidence_ambiguous"
"inflect_ward_k62",19,"CD8","ambiguous","no_detected_multimodality","no_detected_multimodality","ambiguous",FALSE,"base_evidence_ambiguous"
"inflect_ward_k62",19,"Tbet","ambiguous","no_detected_multimodality","ambiguous","ambiguous",FALSE,"base_evidence_ambiguous"
"inflect_ward_k62",20,"CD11c","ambiguous","ambiguous","ambiguous","ambiguous",TRUE,"base_evidence_ambiguous"
"inflect_ward_k62",20,"CD159c_NKG2C","detected_multimodality","ambiguous","detected_multimodality","ambiguous",FALSE,"sample_size_instability"
"inflect_ward_k62",20,"CD185_CXCR5","no_detected_multimodality","no_detected_multimodality","no_detected_multimodality","no_detected_multimodality",TRUE,"stable_across_1000_2000_5000_events"
"inflect_ward_k62",20,"TCRgd_CD141","no_detected_multimodality","no_detected_multimodality","ambiguous","ambiguous",FALSE,"sample_size_instability"
"inflect_ward_k62",21,"CD11c","no_detected_multimodality","no_detected_multimodality","no_detected_multimodality","no_detected_multimodality",TRUE,"stable_across_1000_2000_5000_events"
"inflect_ward_k62",21,"CD16","no_detected_multimodality","no_detected_multimodality","no_detected_multimodality","no_detected_multimodality",TRUE,"stable_across_1000_2000_5000_events"
"inflect_ward_k62",21,"CD1c","no_detected_multimodality","no_detected_multimodality","no_detected_multimodality","no_detected_multimodality",TRUE,"stable_across_1000_2000_5000_events"
"inflect_ward_k62",21,"CD25","no_detected_multimodality","no_detected_multimodality","no_detected_multimodality","no_detected_multimodality",TRUE,"stable_across_1000_2000_5000_events"
"inflect_ward_k62",21,"CD3","no_detected_multimodality","no_detected_multimodality","ambiguous","ambiguous",FALSE,"sample_size_instability"
"inflect_ward_k62",21,"CD45RA","no_detected_multimodality","no_detected_multimodality","ambiguous","ambiguous",FALSE,"sample_size_instability"
"inflect_ward_k62",21,"CD56","ambiguous","ambiguous","detected_multimodality","ambiguous",FALSE,"base_evidence_ambiguous"
"inflect_ward_k62",21,"CD57","ambiguous","no_detected_multimodality","ambiguous","ambiguous",FALSE,"base_evidence_ambiguous"
"inflect_ward_k62",21,"TCRgd_CD141","ambiguous","no_detected_multimodality","ambiguous","ambiguous",FALSE,"base_evidence_ambiguous"
"inflect_ward_k62",22,"CD161","detected_multimodality","detected_multimodality","detected_multimodality","detected_multimodality",TRUE,"stable_across_1000_2000_5000_events"
"inflect_ward_k62",22,"CD27","detected_multimodality","detected_multimodality","detected_multimodality","detected_multimodality",TRUE,"stable_across_1000_2000_5000_events"
"inflect_ward_k62",22,"CD3","no_detected_multimodality","no_detected_multimodality","no_detected_multimodality","no_detected_multimodality",TRUE,"stable_across_1000_2000_5000_events"
"inflect_ward_k62",22,"CD57","no_detected_multimodality","no_detected_multimodality","no_detected_multimodality","no_detected_multimodality",TRUE,"stable_across_1000_2000_5000_events"
"inflect_ward_k62",23,"CD16","ambiguous","no_detected_multimodality","no_detected_multimodality","ambiguous",FALSE,"base_evidence_ambiguous"
"inflect_ward_k62",23,"CD27","detected_multimodality","detected_multimodality","detected_multimodality","detected_multimodality",TRUE,"stable_across_1000_2000_5000_events"
"inflect_ward_k62",23,"CD294_CRTH2","ambiguous","no_detected_multimodality","no_detected_multimodality","ambiguous",FALSE,"base_evidence_ambiguous"
"inflect_ward_k62",23,"CD4","no_detected_multimodality","no_detected_multimodality","no_detected_multimodality","no_detected_multimodality",TRUE,"stable_across_1000_2000_5000_events"
"inflect_ward_k62",23,"CD45RA","ambiguous","ambiguous","ambiguous","ambiguous",TRUE,"base_evidence_ambiguous"
"inflect_ward_k62",23,"CD8","ambiguous","ambiguous","ambiguous","ambiguous",TRUE,"base_evidence_ambiguous"
"inflect_ward_k62",23,"Tbet","detected_multimodality","detected_multimodality","detected_multimodality","detected_multimodality",TRUE,"stable_across_1000_2000_5000_events"
"inflect_ward_k62",24,"CD161","detected_multimodality","detected_multimodality","ambiguous","ambiguous",FALSE,"sample_size_instability"
"inflect_ward_k62",24,"CD185_CXCR5","ambiguous","no_detected_multimodality","ambiguous","ambiguous",FALSE,"base_evidence_ambiguous"
"inflect_ward_k62",24,"CD197_CCR7","ambiguous","no_detected_multimodality","ambiguous","ambiguous",FALSE,"base_evidence_ambiguous"
"inflect_ward_k62",24,"CD38","detected_multimodality","detected_multimodality","detected_multimodality","detected_multimodality",TRUE,"stable_across_1000_2000_5000_events"
"inflect_ward_k62",24,"CD45RA","ambiguous","ambiguous","ambiguous","ambiguous",TRUE,"base_evidence_ambiguous"
"inflect_ward_k62",24,"CD7","detected_multimodality","detected_multimodality","detected_multimodality","detected_multimodality",TRUE,"stable_across_1000_2000_5000_events"
"inflect_ward_k62",24,"FoxP3","detected_multimodality","detected_multimodality","detected_multimodality","detected_multimodality",TRUE,"stable_across_1000_2000_5000_events"
"inflect_ward_k62",24,"HLA-DR","ambiguous","ambiguous","no_detected_multimodality","ambiguous",FALSE,"base_evidence_ambiguous"
"inflect_ward_k62",24,"TCRgd_CD141","ambiguous","no_detected_multimodality","no_detected_multimodality","ambiguous",FALSE,"base_evidence_ambiguous"
"inflect_ward_k62",25,"CD159c_NKG2C","ambiguous","ambiguous","detected_multimodality","ambiguous",FALSE,"base_evidence_ambiguous"
"inflect_ward_k62",25,"CD16","ambiguous","ambiguous","ambiguous","ambiguous",TRUE,"base_evidence_ambiguous"
"inflect_ward_k62",25,"CD161","ambiguous","no_detected_multimodality","no_detected_multimodality","ambiguous",FALSE,"base_evidence_ambiguous"
"inflect_ward_k62",25,"CD3","detected_multimodality","ambiguous","detected_multimodality","ambiguous",FALSE,"sample_size_instability"
"inflect_ward_k62",25,"CD56","ambiguous","no_detected_multimodality","ambiguous","ambiguous",FALSE,"base_evidence_ambiguous"
"inflect_ward_k62",25,"CD57","no_detected_multimodality","no_detected_multimodality","ambiguous","ambiguous",FALSE,"sample_size_instability"
"inflect_ward_k62",25,"FoxP3","no_detected_multimodality","no_detected_multimodality","no_detected_multimodality","no_detected_multimodality",TRUE,"stable_across_1000_2000_5000_events"
"inflect_ward_k62",26,"CD11c","ambiguous","no_detected_multimodality","no_detected_multimodality","ambiguous",FALSE,"base_evidence_ambiguous"
"inflect_ward_k62",26,"CD127","no_detected_multimodality","no_detected_multimodality","no_detected_multimodality","no_detected_multimodality",TRUE,"stable_across_1000_2000_5000_events"
"inflect_ward_k62",26,"CD161","ambiguous","ambiguous","detected_multimodality","ambiguous",FALSE,"base_evidence_ambiguous"
"inflect_ward_k62",26,"CD27","detected_multimodality","detected_multimodality","detected_multimodality","detected_multimodality",TRUE,"stable_across_1000_2000_5000_events"
"inflect_ward_k62",26,"CD303_TCRvd2","detected_multimodality","detected_multimodality","detected_multimodality","detected_multimodality",TRUE,"stable_across_1000_2000_5000_events"
"inflect_ward_k62",26,"CD56","no_detected_multimodality","no_detected_multimodality","no_detected_multimodality","no_detected_multimodality",TRUE,"stable_across_1000_2000_5000_events"
"inflect_ward_k62",26,"TCRgd_CD141","detected_multimodality","detected_multimodality","detected_multimodality","detected_multimodality",TRUE,"stable_across_1000_2000_5000_events"
"inflect_ward_k62",27,"CD159c_NKG2C","ambiguous","no_detected_multimodality","ambiguous","ambiguous",FALSE,"base_evidence_ambiguous"
"inflect_ward_k62",27,"CD16","detected_multimodality","detected_multimodality","detected_multimodality","detected_multimodality",TRUE,"stable_across_1000_2000_5000_events"
"inflect_ward_k62",27,"CD185_CXCR5","ambiguous","ambiguous","detected_multimodality","ambiguous",FALSE,"base_evidence_ambiguous"
"inflect_ward_k62",27,"CD19","ambiguous","no_detected_multimodality","no_detected_multimodality","ambiguous",FALSE,"base_evidence_ambiguous"
"inflect_ward_k62",27,"CD197_CCR7","no_detected_multimodality","no_detected_multimodality","no_detected_multimodality","no_detected_multimodality",TRUE,"stable_across_1000_2000_5000_events"
"inflect_ward_k62",27,"CD21","detected_multimodality","ambiguous","detected_multimodality","ambiguous",FALSE,"sample_size_instability"
"inflect_ward_k62",27,"CD3","ambiguous","no_detected_multimodality","ambiguous","ambiguous",FALSE,"base_evidence_ambiguous"
"inflect_ward_k62",27,"CD38","ambiguous","ambiguous","detected_multimodality","ambiguous",FALSE,"base_evidence_ambiguous"
"inflect_ward_k62",27,"CD45RA","ambiguous","ambiguous","ambiguous","ambiguous",TRUE,"base_evidence_ambiguous"
"inflect_ward_k62",27,"FoxP3","no_detected_multimodality","no_detected_multimodality","no_detected_multimodality","no_detected_multimodality",TRUE,"stable_across_1000_2000_5000_events"
"inflect_ward_k62",28,"CD16","no_detected_multimodality","no_detected_multimodality","no_detected_multimodality","no_detected_multimodality",TRUE,"stable_across_1000_2000_5000_events"
"inflect_ward_k62",28,"CD161","ambiguous","ambiguous","detected_multimodality","ambiguous",FALSE,"base_evidence_ambiguous"
"inflect_ward_k62",28,"CD1c","no_detected_multimodality","no_detected_multimodality","no_detected_multimodality","no_detected_multimodality",TRUE,"stable_across_1000_2000_5000_events"
"inflect_ward_k62",28,"CD294_CRTH2","no_detected_multimodality","no_detected_multimodality","no_detected_multimodality","no_detected_multimodality",TRUE,"stable_across_1000_2000_5000_events"
"inflect_ward_k62",28,"CD45RA","no_detected_multimodality","no_detected_multimodality","no_detected_multimodality","no_detected_multimodality",TRUE,"stable_across_1000_2000_5000_events"
"inflect_ward_k62",29,"CD11c","ambiguous","ambiguous","detected_multimodality","ambiguous",FALSE,"base_evidence_ambiguous"
"inflect_ward_k62",29,"CD159c_NKG2C","detected_multimodality","ambiguous","detected_multimodality","ambiguous",FALSE,"sample_size_instability"
"inflect_ward_k62",29,"CD3","ambiguous","ambiguous","detected_multimodality","ambiguous",FALSE,"base_evidence_ambiguous"
"inflect_ward_k62",29,"CD57","detected_multimodality","detected_multimodality","detected_multimodality","detected_multimodality",TRUE,"stable_across_1000_2000_5000_events"
"inflect_ward_k62",29,"CD8","ambiguous","ambiguous","no_detected_multimodality","ambiguous",FALSE,"base_evidence_ambiguous"
"inflect_ward_k62",29,"HLA-DR","no_detected_multimodality","no_detected_multimodality","no_detected_multimodality","no_detected_multimodality",TRUE,"stable_across_1000_2000_5000_events"
"inflect_ward_k62",30,"CD14","no_detected_multimodality","no_detected_multimodality","no_detected_multimodality","no_detected_multimodality",TRUE,"stable_across_1000_2000_5000_events"
"inflect_ward_k62",30,"CD16","ambiguous","ambiguous","ambiguous","ambiguous",TRUE,"base_evidence_ambiguous"
"inflect_ward_k62",30,"CD161","detected_multimodality","detected_multimodality","detected_multimodality","detected_multimodality",TRUE,"stable_across_1000_2000_5000_events"
"inflect_ward_k62",30,"CD303_TCRvd2","detected_multimodality","detected_multimodality","detected_multimodality","detected_multimodality",TRUE,"stable_across_1000_2000_5000_events"
"inflect_ward_k62",30,"CD45RA","detected_multimodality","ambiguous","detected_multimodality","ambiguous",FALSE,"sample_size_instability"
"inflect_ward_k62",30,"CD56","no_detected_multimodality","no_detected_multimodality","no_detected_multimodality","no_detected_multimodality",TRUE,"stable_across_1000_2000_5000_events"
"inflect_ward_k62",30,"CD57","ambiguous","no_detected_multimodality","ambiguous","ambiguous",FALSE,"base_evidence_ambiguous"
"inflect_ward_k62",30,"TCRgd_CD141","ambiguous","no_detected_multimodality","ambiguous","ambiguous",FALSE,"base_evidence_ambiguous"
"inflect_ward_k62",31,"CD185_CXCR5","no_detected_multimodality","no_detected_multimodality","no_detected_multimodality","no_detected_multimodality",TRUE,"stable_across_1000_2000_5000_events"
"inflect_ward_k62",31,"CD21","ambiguous","no_detected_multimodality","no_detected_multimodality","ambiguous",FALSE,"base_evidence_ambiguous"
"inflect_ward_k62",31,"CD303_TCRvd2","no_detected_multimodality","no_detected_multimodality","no_detected_multimodality","no_detected_multimodality",TRUE,"stable_across_1000_2000_5000_events"
"inflect_ward_k62",31,"CD56","detected_multimodality","ambiguous","detected_multimodality","ambiguous",FALSE,"sample_size_instability"
"inflect_ward_k62",31,"CD57","ambiguous","ambiguous","detected_multimodality","ambiguous",FALSE,"base_evidence_ambiguous"
"inflect_ward_k62",31,"TCRgd_CD141","no_detected_multimodality","no_detected_multimodality","ambiguous","ambiguous",FALSE,"sample_size_instability"
"inflect_ward_k62",32,"CD127","ambiguous","ambiguous","ambiguous","ambiguous",TRUE,"base_evidence_ambiguous"
"inflect_ward_k62",32,"CD14","ambiguous","ambiguous","detected_multimodality","ambiguous",FALSE,"base_evidence_ambiguous"
"inflect_ward_k62",32,"CD161","ambiguous","ambiguous","detected_multimodality","ambiguous",FALSE,"base_evidence_ambiguous"
"inflect_ward_k62",32,"CD185_CXCR5","ambiguous","no_detected_multimodality","detected_multimodality","ambiguous",FALSE,"base_evidence_ambiguous"
"inflect_ward_k62",32,"CD21","no_detected_multimodality","no_detected_multimodality","no_detected_multimodality","no_detected_multimodality",TRUE,"stable_across_1000_2000_5000_events"
"inflect_ward_k62",32,"CD38","detected_multimodality","detected_multimodality","detected_multimodality","detected_multimodality",TRUE,"stable_across_1000_2000_5000_events"
"inflect_ward_k62",32,"CD45RA","ambiguous","no_detected_multimodality","no_detected_multimodality","ambiguous",FALSE,"base_evidence_ambiguous"
"inflect_ward_k62",32,"CD7","ambiguous","no_detected_multimodality","detected_multimodality","ambiguous",FALSE,"base_evidence_ambiguous"
"inflect_ward_k62",32,"Tbet","detected_multimodality","detected_multimodality","detected_multimodality","detected_multimodality",TRUE,"stable_across_1000_2000_5000_events"
"inflect_ward_k62",33,"CD161","ambiguous","no_detected_multimodality","ambiguous","ambiguous",FALSE,"base_evidence_ambiguous"
"inflect_ward_k62",33,"CD27","detected_multimodality","detected_multimodality","detected_multimodality","detected_multimodality",TRUE,"stable_across_1000_2000_5000_events"
"inflect_ward_k62",33,"CD303_TCRvd2","detected_multimodality","detected_multimodality","detected_multimodality","detected_multimodality",TRUE,"stable_across_1000_2000_5000_events"
"inflect_ward_k62",33,"CD57","no_detected_multimodality","no_detected_multimodality","no_detected_multimodality","no_detected_multimodality",TRUE,"stable_across_1000_2000_5000_events"
"inflect_ward_k62",33,"CD7","ambiguous","no_detected_multimodality","no_detected_multimodality","ambiguous",FALSE,"base_evidence_ambiguous"
"inflect_ward_k62",33,"TCRgd_CD141","detected_multimodality","detected_multimodality","detected_multimodality","detected_multimodality",TRUE,"stable_across_1000_2000_5000_events"
"inflect_ward_k62",34,"CD161","detected_multimodality","ambiguous","detected_multimodality","ambiguous",FALSE,"sample_size_instability"
"inflect_ward_k62",34,"CD197_CCR7","no_detected_multimodality","no_detected_multimodality","no_detected_multimodality","no_detected_multimodality",TRUE,"stable_across_1000_2000_5000_events"
"inflect_ward_k62",34,"CD27","detected_multimodality","detected_multimodality","detected_multimodality","detected_multimodality",TRUE,"stable_across_1000_2000_5000_events"
"inflect_ward_k62",34,"CD8","no_detected_multimodality","no_detected_multimodality","no_detected_multimodality","no_detected_multimodality",TRUE,"stable_across_1000_2000_5000_events"
"inflect_ward_k62",34,"HLA-DR","no_detected_multimodality","no_detected_multimodality","no_detected_multimodality","no_detected_multimodality",TRUE,"stable_across_1000_2000_5000_events"
"inflect_ward_k62",35,"CD11c","ambiguous","no_detected_multimodality","ambiguous","ambiguous",FALSE,"base_evidence_ambiguous"
"inflect_ward_k62",35,"CD159c_NKG2C","no_detected_multimodality","no_detected_multimodality","no_detected_multimodality","no_detected_multimodality",TRUE,"stable_across_1000_2000_5000_events"
"inflect_ward_k62",35,"CD3","detected_multimodality","detected_multimodality","detected_multimodality","detected_multimodality",TRUE,"stable_across_1000_2000_5000_events"
"inflect_ward_k62",35,"CD303_TCRvd2","ambiguous","ambiguous","detected_multimodality","ambiguous",FALSE,"base_evidence_ambiguous"
"inflect_ward_k62",35,"CD45RA","ambiguous","no_detected_multimodality","no_detected_multimodality","ambiguous",FALSE,"base_evidence_ambiguous"
"inflect_ward_k62",35,"CD57","detected_multimodality","detected_multimodality","detected_multimodality","detected_multimodality",TRUE,"stable_across_1000_2000_5000_events"
"inflect_ward_k62",36,"CD159c_NKG2C","ambiguous","ambiguous","no_detected_multimodality","ambiguous",FALSE,"base_evidence_ambiguous"
"inflect_ward_k62",36,"CD16","no_detected_multimodality","no_detected_multimodality","no_detected_multimodality","no_detected_multimodality",TRUE,"stable_across_1000_2000_5000_events"
"inflect_ward_k62",36,"CD1c","no_detected_multimodality","no_detected_multimodality","no_detected_multimodality","no_detected_multimodality",TRUE,"stable_across_1000_2000_5000_events"
"inflect_ward_k62",36,"CD21","no_detected_multimodality","no_detected_multimodality","no_detected_multimodality","no_detected_multimodality",TRUE,"stable_across_1000_2000_5000_events"
"inflect_ward_k62",36,"CD27","detected_multimodality","detected_multimodality","detected_multimodality","detected_multimodality",TRUE,"stable_across_1000_2000_5000_events"
"inflect_ward_k62",36,"CD3","detected_multimodality","ambiguous","detected_multimodality","ambiguous",FALSE,"sample_size_instability"
"inflect_ward_k62",36,"CD303_TCRvd2","ambiguous","ambiguous","ambiguous","ambiguous",TRUE,"base_evidence_ambiguous"
"inflect_ward_k62",36,"CD38","ambiguous","no_detected_multimodality","ambiguous","ambiguous",FALSE,"base_evidence_ambiguous"
"inflect_ward_k62",36,"CD45RA","detected_multimodality","detected_multimodality","detected_multimodality","detected_multimodality",TRUE,"stable_across_1000_2000_5000_events"
"inflect_ward_k62",36,"Tbet","detected_multimodality","detected_multimodality","detected_multimodality","detected_multimodality",TRUE,"stable_across_1000_2000_5000_events"
"inflect_ward_k62",37,"CD127","ambiguous","ambiguous","ambiguous","ambiguous",TRUE,"base_evidence_ambiguous"
"inflect_ward_k62",37,"CD159c_NKG2C","no_detected_multimodality","no_detected_multimodality","no_detected_multimodality","no_detected_multimodality",TRUE,"stable_across_1000_2000_5000_events"
"inflect_ward_k62",37,"CD161","ambiguous","no_detected_multimodality","ambiguous","ambiguous",FALSE,"base_evidence_ambiguous"
"inflect_ward_k62",37,"CD27","ambiguous","ambiguous","detected_multimodality","ambiguous",FALSE,"base_evidence_ambiguous"
"inflect_ward_k62",37,"CD294_CRTH2","no_detected_multimodality","no_detected_multimodality","no_detected_multimodality","no_detected_multimodality",TRUE,"stable_across_1000_2000_5000_events"
"inflect_ward_k62",37,"CD4","ambiguous","no_detected_multimodality","ambiguous","ambiguous",FALSE,"base_evidence_ambiguous"
"inflect_ward_k62",37,"CD57","ambiguous","no_detected_multimodality","ambiguous","ambiguous",FALSE,"base_evidence_ambiguous"
"inflect_ward_k62",37,"CD7","ambiguous","no_detected_multimodality","ambiguous","ambiguous",FALSE,"base_evidence_ambiguous"
"inflect_ward_k62",37,"Tbet","ambiguous","ambiguous","ambiguous","ambiguous",TRUE,"base_evidence_ambiguous"
"inflect_ward_k62",38,"CD11c","detected_multimodality","detected_multimodality","detected_multimodality","detected_multimodality",TRUE,"stable_across_1000_2000_5000_events"
"inflect_ward_k62",38,"CD14","ambiguous","no_detected_multimodality","ambiguous","ambiguous",FALSE,"base_evidence_ambiguous"
"inflect_ward_k62",38,"CD1c","detected_multimodality","detected_multimodality","detected_multimodality","detected_multimodality",TRUE,"stable_across_1000_2000_5000_events"
"inflect_ward_k62",38,"CD25","ambiguous","no_detected_multimodality","ambiguous","ambiguous",FALSE,"base_evidence_ambiguous"
"inflect_ward_k62",38,"CD27","ambiguous","no_detected_multimodality","ambiguous","ambiguous",FALSE,"base_evidence_ambiguous"
"inflect_ward_k62",38,"CD3","detected_multimodality","ambiguous","detected_multimodality","ambiguous",FALSE,"sample_size_instability"
"inflect_ward_k62",38,"CD7","no_detected_multimodality","no_detected_multimodality","no_detected_multimodality","no_detected_multimodality",TRUE,"stable_across_1000_2000_5000_events"
"inflect_ward_k62",38,"HLA-DR","detected_multimodality","detected_multimodality","detected_multimodality","detected_multimodality",TRUE,"stable_across_1000_2000_5000_events"
"inflect_ward_k62",38,"TCRgd_CD141","ambiguous","ambiguous","detected_multimodality","ambiguous",FALSE,"base_evidence_ambiguous"
"inflect_ward_k62",39,"CD159c_NKG2C","no_detected_multimodality","no_detected_multimodality","no_detected_multimodality","no_detected_multimodality",TRUE,"stable_across_1000_2000_5000_events"
"inflect_ward_k62",39,"CD16","ambiguous","no_detected_multimodality","ambiguous","ambiguous",FALSE,"base_evidence_ambiguous"
"inflect_ward_k62",39,"CD197_CCR7","detected_multimodality","detected_multimodality","detected_multimodality","detected_multimodality",TRUE,"stable_across_1000_2000_5000_events"
"inflect_ward_k62",39,"CD294_CRTH2","no_detected_multimodality","no_detected_multimodality","no_detected_multimodality","no_detected_multimodality",TRUE,"stable_across_1000_2000_5000_events"
"inflect_ward_k62",39,"CD303_TCRvd2","no_detected_multimodality","no_detected_multimodality","no_detected_multimodality","no_detected_multimodality",TRUE,"stable_across_1000_2000_5000_events"
"inflect_ward_k62",39,"CD45RA","detected_multimodality","detected_multimodality","detected_multimodality","detected_multimodality",TRUE,"stable_across_1000_2000_5000_events"
"inflect_ward_k62",39,"FoxP3","ambiguous","no_detected_multimodality","no_detected_multimodality","ambiguous",FALSE,"base_evidence_ambiguous"
"inflect_ward_k62",40,"CD11c","no_detected_multimodality","no_detected_multimodality","ambiguous","ambiguous",FALSE,"sample_size_instability"
"inflect_ward_k62",40,"CD185_CXCR5","no_detected_multimodality","no_detected_multimodality","no_detected_multimodality","no_detected_multimodality",TRUE,"stable_across_1000_2000_5000_events"
"inflect_ward_k62",40,"CD27","ambiguous","no_detected_multimodality","ambiguous","ambiguous",FALSE,"base_evidence_ambiguous"
"inflect_ward_k62",40,"FoxP3","no_detected_multimodality","no_detected_multimodality","no_detected_multimodality","no_detected_multimodality",TRUE,"stable_across_1000_2000_5000_events"
"inflect_ward_k62",40,"TCRgd_CD141","no_detected_multimodality","no_detected_multimodality","no_detected_multimodality","no_detected_multimodality",TRUE,"stable_across_1000_2000_5000_events"
"inflect_ward_k62",41,"CD11c","ambiguous","ambiguous","ambiguous","ambiguous",TRUE,"base_evidence_ambiguous"
"inflect_ward_k62",41,"CD127","ambiguous","no_detected_multimodality","ambiguous","ambiguous",FALSE,"base_evidence_ambiguous"
"inflect_ward_k62",41,"CD159c_NKG2C","ambiguous","no_detected_multimodality","ambiguous","ambiguous",FALSE,"base_evidence_ambiguous"
"inflect_ward_k62",41,"CD161","ambiguous","no_detected_multimodality","ambiguous","ambiguous",FALSE,"base_evidence_ambiguous"
"inflect_ward_k62",41,"CD19","ambiguous","no_detected_multimodality","ambiguous","ambiguous",FALSE,"base_evidence_ambiguous"
"inflect_ward_k62",41,"CD197_CCR7","ambiguous","ambiguous","detected_multimodality","ambiguous",FALSE,"base_evidence_ambiguous"
"inflect_ward_k62",41,"CD25","ambiguous","no_detected_multimodality","ambiguous","ambiguous",FALSE,"base_evidence_ambiguous"
"inflect_ward_k62",41,"CD27","detected_multimodality","detected_multimodality","detected_multimodality","detected_multimodality",TRUE,"stable_across_1000_2000_5000_events"
"inflect_ward_k62",41,"CD3","detected_multimodality","detected_multimodality","detected_multimodality","detected_multimodality",TRUE,"stable_across_1000_2000_5000_events"
"inflect_ward_k62",41,"CD303_TCRvd2","ambiguous","ambiguous","detected_multimodality","ambiguous",FALSE,"base_evidence_ambiguous"
"inflect_ward_k62",41,"CD4","ambiguous","ambiguous","ambiguous","ambiguous",TRUE,"base_evidence_ambiguous"
"inflect_ward_k62",41,"CD45RA","detected_multimodality","ambiguous","detected_multimodality","ambiguous",FALSE,"sample_size_instability"
"inflect_ward_k62",41,"CD56","detected_multimodality","detected_multimodality","detected_multimodality","detected_multimodality",TRUE,"stable_across_1000_2000_5000_events"
"inflect_ward_k62",41,"CD57","ambiguous","ambiguous","ambiguous","ambiguous",TRUE,"base_evidence_ambiguous"
"inflect_ward_k62",41,"CD7","ambiguous","ambiguous","detected_multimodality","ambiguous",FALSE,"base_evidence_ambiguous"
"inflect_ward_k62",41,"HLA-DR","ambiguous","ambiguous","ambiguous","ambiguous",TRUE,"base_evidence_ambiguous"
"inflect_ward_k62",41,"Tbet","detected_multimodality","detected_multimodality","detected_multimodality","detected_multimodality",TRUE,"stable_across_1000_2000_5000_events"
"inflect_ward_k62",42,"CD14","no_detected_multimodality","no_detected_multimodality","ambiguous","ambiguous",FALSE,"sample_size_instability"
"inflect_ward_k62",42,"CD19","no_detected_multimodality","no_detected_multimodality","no_detected_multimodality","no_detected_multimodality",TRUE,"stable_across_1000_2000_5000_events"
"inflect_ward_k62",42,"CD27","detected_multimodality","detected_multimodality","detected_multimodality","detected_multimodality",TRUE,"stable_across_1000_2000_5000_events"
"inflect_ward_k62",42,"CD45RA","no_detected_multimodality","no_detected_multimodality","no_detected_multimodality","no_detected_multimodality",TRUE,"stable_across_1000_2000_5000_events"
"inflect_ward_k62",42,"CD56","no_detected_multimodality","no_detected_multimodality","no_detected_multimodality","no_detected_multimodality",TRUE,"stable_across_1000_2000_5000_events"
"inflect_ward_k62",43,"CD11c","detected_multimodality","detected_multimodality","detected_multimodality","detected_multimodality",TRUE,"stable_across_1000_2000_5000_events"
"inflect_ward_k62",43,"CD127","no_detected_multimodality","no_detected_multimodality","no_detected_multimodality","no_detected_multimodality",TRUE,"stable_across_1000_2000_5000_events"
"inflect_ward_k62",43,"CD161","no_detected_multimodality","no_detected_multimodality","no_detected_multimodality","no_detected_multimodality",TRUE,"stable_across_1000_2000_5000_events"
"inflect_ward_k62",43,"CD1c","detected_multimodality","detected_multimodality","detected_multimodality","detected_multimodality",TRUE,"stable_across_1000_2000_5000_events"
"inflect_ward_k62",43,"CD25","ambiguous","no_detected_multimodality","ambiguous","ambiguous",FALSE,"base_evidence_ambiguous"
"inflect_ward_k62",43,"HLA-DR","detected_multimodality","ambiguous","detected_multimodality","ambiguous",FALSE,"sample_size_instability"
"inflect_ward_k62",43,"TCRgd_CD141","detected_multimodality","detected_multimodality","detected_multimodality","detected_multimodality",TRUE,"stable_across_1000_2000_5000_events"
"inflect_ward_k62",44,"CD11c","no_detected_multimodality","no_detected_multimodality","no_detected_multimodality","no_detected_multimodality",TRUE,"stable_across_1000_2000_5000_events"
"inflect_ward_k62",44,"CD16","no_detected_multimodality","no_detected_multimodality","no_detected_multimodality","no_detected_multimodality",TRUE,"stable_across_1000_2000_5000_events"
"inflect_ward_k62",44,"CD197_CCR7","ambiguous","no_detected_multimodality","ambiguous","ambiguous",FALSE,"base_evidence_ambiguous"
"inflect_ward_k62",44,"CD1c","no_detected_multimodality","no_detected_multimodality","no_detected_multimodality","no_detected_multimodality",TRUE,"stable_across_1000_2000_5000_events"
"inflect_ward_k62",44,"CD7","no_detected_multimodality","no_detected_multimodality","no_detected_multimodality","no_detected_multimodality",TRUE,"stable_across_1000_2000_5000_events"
"inflect_ward_k62",44,"FoxP3","no_detected_multimodality","no_detected_multimodality","no_detected_multimodality","no_detected_multimodality",TRUE,"stable_across_1000_2000_5000_events"
"inflect_ward_k62",45,"CD161","detected_multimodality","detected_multimodality","detected_multimodality","detected_multimodality",TRUE,"stable_across_1000_2000_5000_events"
"inflect_ward_k62",45,"CD185_CXCR5","ambiguous","no_detected_multimodality","ambiguous","ambiguous",FALSE,"base_evidence_ambiguous"
"inflect_ward_k62",45,"CD197_CCR7","ambiguous","ambiguous","detected_multimodality","ambiguous",FALSE,"base_evidence_ambiguous"
"inflect_ward_k62",45,"CD38","ambiguous","ambiguous","ambiguous","ambiguous",TRUE,"base_evidence_ambiguous"
"inflect_ward_k62",45,"CD7","detected_multimodality","detected_multimodality","detected_multimodality","detected_multimodality",TRUE,"stable_across_1000_2000_5000_events"
"inflect_ward_k62",45,"CD8","no_detected_multimodality","no_detected_multimodality","no_detected_multimodality","no_detected_multimodality",TRUE,"stable_across_1000_2000_5000_events"
"inflect_ward_k62",45,"FoxP3","detected_multimodality","detected_multimodality","detected_multimodality","detected_multimodality",TRUE,"stable_across_1000_2000_5000_events"
"inflect_ward_k62",46,"CD159c_NKG2C","ambiguous","no_detected_multimodality","ambiguous","ambiguous",FALSE,"base_evidence_ambiguous"
"inflect_ward_k62",46,"CD4","no_detected_multimodality","no_detected_multimodality","no_detected_multimodality","no_detected_multimodality",TRUE,"stable_across_1000_2000_5000_events"
"inflect_ward_k62",46,"CD57","detected_multimodality","ambiguous","detected_multimodality","ambiguous",FALSE,"sample_size_instability"
"inflect_ward_k62",47,"CD127","no_detected_multimodality","no_detected_multimodality","ambiguous","ambiguous",FALSE,"sample_size_instability"
"inflect_ward_k62",47,"CD161","ambiguous","no_detected_multimodality","no_detected_multimodality","ambiguous",FALSE,"base_evidence_ambiguous"
"inflect_ward_k62",48,"CD159c_NKG2C","ambiguous","no_detected_multimodality","ambiguous","ambiguous",FALSE,"base_evidence_ambiguous"
"inflect_ward_k62",48,"CD197_CCR7","ambiguous","no_detected_multimodality","no_detected_multimodality","ambiguous",FALSE,"base_evidence_ambiguous"
"inflect_ward_k62",48,"CD27","detected_multimodality","detected_multimodality","detected_multimodality","detected_multimodality",TRUE,"stable_across_1000_2000_5000_events"
"inflect_ward_k62",48,"CD4","ambiguous","no_detected_multimodality","no_detected_multimodality","ambiguous",FALSE,"base_evidence_ambiguous"
"inflect_ward_k62",48,"CD8","detected_multimodality","ambiguous","detected_multimodality","ambiguous",FALSE,"sample_size_instability"
"inflect_ward_k62",48,"Tbet","ambiguous","no_detected_multimodality","ambiguous","ambiguous",FALSE,"base_evidence_ambiguous"
"inflect_ward_k62",49,"CD11c","ambiguous","ambiguous","detected_multimodality","ambiguous",FALSE,"base_evidence_ambiguous"
"inflect_ward_k62",49,"CD14","detected_multimodality","detected_multimodality","detected_multimodality","detected_multimodality",TRUE,"stable_across_1000_2000_5000_events"
"inflect_ward_k62",49,"CD19","ambiguous","no_detected_multimodality","ambiguous","ambiguous",FALSE,"base_evidence_ambiguous"
"inflect_ward_k62",49,"CD1c","detected_multimodality","ambiguous","detected_multimodality","ambiguous",FALSE,"sample_size_instability"
"inflect_ward_k62",49,"CD38","no_detected_multimodality","no_detected_multimodality","no_detected_multimodality","no_detected_multimodality",TRUE,"stable_across_1000_2000_5000_events"
"inflect_ward_k62",49,"CD45RA","ambiguous","no_detected_multimodality","ambiguous","ambiguous",FALSE,"base_evidence_ambiguous"
"inflect_ward_k62",49,"CD56","ambiguous","no_detected_multimodality","ambiguous","ambiguous",FALSE,"base_evidence_ambiguous"
"inflect_ward_k62",49,"HLA-DR","detected_multimodality","ambiguous","detected_multimodality","ambiguous",FALSE,"sample_size_instability"
"inflect_ward_k62",49,"TCRgd_CD141","ambiguous","no_detected_multimodality","no_detected_multimodality","ambiguous",FALSE,"base_evidence_ambiguous"
"inflect_ward_k62",50,"CD161","no_detected_multimodality","no_detected_multimodality","no_detected_multimodality","no_detected_multimodality",TRUE,"stable_across_1000_2000_5000_events"
"inflect_ward_k62",50,"CD197_CCR7","ambiguous","no_detected_multimodality","ambiguous","ambiguous",FALSE,"base_evidence_ambiguous"
"inflect_ward_k62",50,"CD3","no_detected_multimodality","no_detected_multimodality","no_detected_multimodality","no_detected_multimodality",TRUE,"stable_across_1000_2000_5000_events"
"inflect_ward_k62",50,"CD7","no_detected_multimodality","no_detected_multimodality","no_detected_multimodality","no_detected_multimodality",TRUE,"stable_across_1000_2000_5000_events"
"inflect_ward_k62",51,"CD27","detected_multimodality","detected_multimodality","detected_multimodality","detected_multimodality",TRUE,"stable_across_1000_2000_5000_events"
"inflect_ward_k62",52,"CD27","detected_multimodality","detected_multimodality","detected_multimodality","detected_multimodality",TRUE,"stable_across_1000_2000_5000_events"
"inflect_ward_k62",52,"CD7","ambiguous","ambiguous","detected_multimodality","ambiguous",FALSE,"base_evidence_ambiguous"
"inflect_ward_k62",52,"FoxP3","ambiguous","no_detected_multimodality","no_detected_multimodality","ambiguous",FALSE,"base_evidence_ambiguous"
"inflect_ward_k62",53,"CD25","no_detected_multimodality","no_detected_multimodality","no_detected_multimodality","no_detected_multimodality",TRUE,"stable_across_1000_2000_5000_events"
"inflect_ward_k62",53,"CD57","no_detected_multimodality","no_detected_multimodality","no_detected_multimodality","no_detected_multimodality",TRUE,"stable_across_1000_2000_5000_events"
"inflect_ward_k62",54,"CD16","ambiguous","no_detected_multimodality","no_detected_multimodality","ambiguous",FALSE,"base_evidence_ambiguous"
"inflect_ward_k62",54,"CD185_CXCR5","ambiguous","ambiguous","no_detected_multimodality","ambiguous",FALSE,"base_evidence_ambiguous"
"inflect_ward_k62",54,"CD25","ambiguous","ambiguous","detected_multimodality","ambiguous",FALSE,"base_evidence_ambiguous"
"inflect_ward_k62",54,"FoxP3","detected_multimodality","ambiguous","detected_multimodality","ambiguous",FALSE,"sample_size_instability"
"inflect_ward_k62",55,"CD11c","no_detected_multimodality","no_detected_multimodality","no_detected_multimodality","no_detected_multimodality",TRUE,"stable_across_1000_2000_5000_events"
"inflect_ward_k62",55,"CD14","ambiguous","ambiguous","detected_multimodality","ambiguous",FALSE,"base_evidence_ambiguous"
"inflect_ward_k62",55,"HLA-DR","no_detected_multimodality","no_detected_multimodality","no_detected_multimodality","no_detected_multimodality",TRUE,"stable_across_1000_2000_5000_events"
"inflect_ward_k62",56,"CD11c","ambiguous","ambiguous","ambiguous","ambiguous",TRUE,"base_evidence_ambiguous"
"inflect_ward_k62",56,"CD127","ambiguous","no_detected_multimodality","no_detected_multimodality","ambiguous",FALSE,"base_evidence_ambiguous"
"inflect_ward_k62",56,"CD14","ambiguous","ambiguous","detected_multimodality","ambiguous",FALSE,"base_evidence_ambiguous"
"inflect_ward_k62",56,"CD159c_NKG2C","ambiguous","no_detected_multimodality","no_detected_multimodality","ambiguous",FALSE,"base_evidence_ambiguous"
"inflect_ward_k62",56,"CD161","ambiguous","no_detected_multimodality","ambiguous","ambiguous",FALSE,"base_evidence_ambiguous"
"inflect_ward_k62",56,"CD185_CXCR5","ambiguous","ambiguous","detected_multimodality","ambiguous",FALSE,"base_evidence_ambiguous"
"inflect_ward_k62",56,"CD21","ambiguous","no_detected_multimodality","no_detected_multimodality","ambiguous",FALSE,"base_evidence_ambiguous"
"inflect_ward_k62",56,"CD294_CRTH2","ambiguous","no_detected_multimodality","ambiguous","ambiguous",FALSE,"base_evidence_ambiguous"
"inflect_ward_k62",56,"CD303_TCRvd2","detected_multimodality","detected_multimodality","detected_multimodality","detected_multimodality",TRUE,"stable_across_1000_2000_5000_events"
"inflect_ward_k62",56,"CD38","ambiguous","ambiguous","detected_multimodality","ambiguous",FALSE,"base_evidence_ambiguous"
"inflect_ward_k62",56,"CD4","detected_multimodality","detected_multimodality","detected_multimodality","detected_multimodality",TRUE,"stable_across_1000_2000_5000_events"
"inflect_ward_k62",56,"CD45RA","detected_multimodality","detected_multimodality","detected_multimodality","detected_multimodality",TRUE,"stable_across_1000_2000_5000_events"
"inflect_ward_k62",56,"CD57","ambiguous","no_detected_multimodality","detected_multimodality","ambiguous",FALSE,"base_evidence_ambiguous"
"inflect_ward_k62",56,"CD7","ambiguous","no_detected_multimodality","detected_multimodality","ambiguous",FALSE,"base_evidence_ambiguous"
"inflect_ward_k62",56,"HLA-DR","detected_multimodality","detected_multimodality","detected_multimodality","detected_multimodality",TRUE,"stable_across_1000_2000_5000_events"
"inflect_ward_k62",56,"Tbet","ambiguous","no_detected_multimodality","ambiguous","ambiguous",FALSE,"base_evidence_ambiguous"
"inflect_ward_k62",56,"TCRgd_CD141","detected_multimodality","detected_multimodality","detected_multimodality","detected_multimodality",TRUE,"stable_across_1000_2000_5000_events"
"inflect_ward_k62",58,"CD185_CXCR5","no_detected_multimodality","no_detected_multimodality","no_detected_multimodality","no_detected_multimodality",TRUE,"stable_across_1000_2000_5000_events"
"inflect_ward_k62",58,"CD45RA","detected_multimodality","detected_multimodality","detected_multimodality","detected_multimodality",TRUE,"stable_across_1000_2000_5000_events"
"inflect_ward_k62",59,"CD185_CXCR5","ambiguous","no_detected_multimodality","ambiguous","ambiguous",FALSE,"base_evidence_ambiguous"
"inflect_ward_k62",59,"CD19","detected_multimodality","ambiguous","detected_multimodality","ambiguous",FALSE,"sample_size_instability"
"inflect_ward_k62",59,"CD21","detected_multimodality","detected_multimodality","detected_multimodality","detected_multimodality",TRUE,"stable_across_1000_2000_5000_events"
"inflect_ward_k62",59,"CD27","ambiguous","ambiguous","ambiguous","ambiguous",TRUE,"base_evidence_ambiguous"
"inflect_ward_k62",60,"CD127","no_detected_multimodality","no_detected_multimodality","no_detected_multimodality","no_detected_multimodality",TRUE,"stable_across_1000_2000_5000_events"
"inflect_ward_k62",61,"CD14","detected_multimodality","ambiguous","detected_multimodality","ambiguous",FALSE,"sample_size_instability"
"inflect_ward_k62",61,"CD185_CXCR5","ambiguous","ambiguous","detected_multimodality","ambiguous",FALSE,"base_evidence_ambiguous"
"inflect_ward_k62",61,"CD197_CCR7","ambiguous","no_detected_multimodality","no_detected_multimodality","ambiguous",FALSE,"base_evidence_ambiguous"
"inflect_ward_k62",61,"CD27","ambiguous","ambiguous","detected_multimodality","ambiguous",FALSE,"base_evidence_ambiguous"
"inflect_ward_k62",61,"CD38","detected_multimodality","detected_multimodality","detected_multimodality","detected_multimodality",TRUE,"stable_across_1000_2000_5000_events"
"inflect_ward_k62",61,"CD7","detected_multimodality","ambiguous","detected_multimodality","ambiguous",FALSE,"sample_size_instability"
"inflect_ward_k62",61,"HLA-DR","ambiguous","no_detected_multimodality","ambiguous","ambiguous",FALSE,"base_evidence_ambiguous"
"inflect_ward_k62",62,"CD127","ambiguous","no_detected_multimodality","ambiguous","ambiguous",FALSE,"base_evidence_ambiguous"
"inflect_ward_k62",62,"CD161","no_detected_multimodality","no_detected_multimodality","no_detected_multimodality","no_detected_multimodality",TRUE,"stable_across_1000_2000_5000_events"
"inflect_ward_k62",62,"CD185_CXCR5","ambiguous","no_detected_multimodality","no_detected_multimodality","ambiguous",FALSE,"base_evidence_ambiguous"
"inflect_ward_k62",62,"CD197_CCR7","ambiguous","ambiguous","ambiguous","ambiguous",TRUE,"base_evidence_ambiguous"
"inflect_ward_k62",62,"CD27","ambiguous","no_detected_multimodality","ambiguous","ambiguous",FALSE,"base_evidence_ambiguous"
"inflect_ward_k62",62,"CD3","no_detected_multimodality","no_detected_multimodality","ambiguous","ambiguous",FALSE,"sample_size_instability"
"inflect_ward_k62",62,"CD45RA","ambiguous","no_detected_multimodality","ambiguous","ambiguous",FALSE,"base_evidence_ambiguous"
"inflect_ward_k62",62,"CD7","ambiguous","no_detected_multimodality","ambiguous","ambiguous",FALSE,"base_evidence_ambiguous"
"inflect_ward_k65",1,"CD11c","detected_multimodality","detected_multimodality","detected_multimodality","detected_multimodality",TRUE,"stable_across_1000_2000_5000_events"
"inflect_ward_k65",1,"CD159c_NKG2C","ambiguous","no_detected_multimodality","ambiguous","ambiguous",FALSE,"base_evidence_ambiguous"
"inflect_ward_k65",1,"CD185_CXCR5","ambiguous","ambiguous","detected_multimodality","ambiguous",FALSE,"base_evidence_ambiguous"
"inflect_ward_k65",1,"CD197_CCR7","ambiguous","no_detected_multimodality","ambiguous","ambiguous",FALSE,"base_evidence_ambiguous"
"inflect_ward_k65",1,"CD1c","ambiguous","no_detected_multimodality","ambiguous","ambiguous",FALSE,"base_evidence_ambiguous"
"inflect_ward_k65",1,"CD21","ambiguous","no_detected_multimodality","ambiguous","ambiguous",FALSE,"base_evidence_ambiguous"
"inflect_ward_k65",1,"CD3","ambiguous","no_detected_multimodality","ambiguous","ambiguous",FALSE,"base_evidence_ambiguous"
"inflect_ward_k65",1,"CD57","no_detected_multimodality","no_detected_multimodality","no_detected_multimodality","no_detected_multimodality",TRUE,"stable_across_1000_2000_5000_events"
"inflect_ward_k65",1,"Tbet","ambiguous","no_detected_multimodality","ambiguous","ambiguous",FALSE,"base_evidence_ambiguous"
"inflect_ward_k65",2,"CD11c","ambiguous","no_detected_multimodality","ambiguous","ambiguous",FALSE,"base_evidence_ambiguous"
"inflect_ward_k65",2,"CD161","ambiguous","ambiguous","ambiguous","ambiguous",TRUE,"base_evidence_ambiguous"
"inflect_ward_k65",2,"CD1c","ambiguous","no_detected_multimodality","ambiguous","ambiguous",FALSE,"base_evidence_ambiguous"
"inflect_ward_k65",2,"CD57","ambiguous","no_detected_multimodality","ambiguous","ambiguous",FALSE,"base_evidence_ambiguous"
"inflect_ward_k65",3,"CD27","no_detected_multimodality","no_detected_multimodality","no_detected_multimodality","no_detected_multimodality",TRUE,"stable_across_1000_2000_5000_events"
"inflect_ward_k65",3,"CD57","detected_multimodality","detected_multimodality","detected_multimodality","detected_multimodality",TRUE,"stable_across_1000_2000_5000_events"
"inflect_ward_k65",4,"CD11c","ambiguous","no_detected_multimodality","ambiguous","ambiguous",FALSE,"base_evidence_ambiguous"
"inflect_ward_k65",4,"CD159c_NKG2C","detected_multimodality","detected_multimodality","detected_multimodality","detected_multimodality",TRUE,"stable_across_1000_2000_5000_events"
"inflect_ward_k65",4,"CD57","detected_multimodality","detected_multimodality","detected_multimodality","detected_multimodality",TRUE,"stable_across_1000_2000_5000_events"
"inflect_ward_k65",5,"CD3","detected_multimodality","detected_multimodality","detected_multimodality","detected_multimodality",TRUE,"stable_across_1000_2000_5000_events"
"inflect_ward_k65",5,"CD57","detected_multimodality","detected_multimodality","detected_multimodality","detected_multimodality",TRUE,"stable_across_1000_2000_5000_events"
"inflect_ward_k65",5,"CD8","no_detected_multimodality","no_detected_multimodality","ambiguous","ambiguous",FALSE,"sample_size_instability"
"inflect_ward_k65",5,"HLA-DR","no_detected_multimodality","no_detected_multimodality","no_detected_multimodality","no_detected_multimodality",TRUE,"stable_across_1000_2000_5000_events"
"inflect_ward_k65",6,"CD11c","ambiguous","ambiguous","detected_multimodality","ambiguous",FALSE,"base_evidence_ambiguous"
"inflect_ward_k65",6,"CD161","ambiguous","ambiguous","detected_multimodality","ambiguous",FALSE,"base_evidence_ambiguous"
"inflect_ward_k65",6,"CD3","detected_multimodality","detected_multimodality","detected_multimodality","detected_multimodality",TRUE,"stable_across_1000_2000_5000_events"
"inflect_ward_k65",6,"CD4","no_detected_multimodality","no_detected_multimodality","no_detected_multimodality","no_detected_multimodality",TRUE,"stable_across_1000_2000_5000_events"
"inflect_ward_k65",6,"CD45RA","ambiguous","ambiguous","no_detected_multimodality","ambiguous",FALSE,"base_evidence_ambiguous"
"inflect_ward_k65",6,"CD57","ambiguous","ambiguous","detected_multimodality","ambiguous",FALSE,"base_evidence_ambiguous"
"inflect_ward_k65",7,"CD11c","detected_multimodality","ambiguous","detected_multimodality","ambiguous",FALSE,"sample_size_instability"
"inflect_ward_k65",7,"CD161","ambiguous","ambiguous","detected_multimodality","ambiguous",FALSE,"base_evidence_ambiguous"
"inflect_ward_k65",7,"CD3","ambiguous","ambiguous","ambiguous","ambiguous",TRUE,"base_evidence_ambiguous"
"inflect_ward_k65",7,"CD57","ambiguous","ambiguous","detected_multimodality","ambiguous",FALSE,"base_evidence_ambiguous"
"inflect_ward_k65",8,"CD11c","ambiguous","no_detected_multimodality","ambiguous","ambiguous",FALSE,"base_evidence_ambiguous"
"inflect_ward_k65",8,"CD159c_NKG2C","ambiguous","no_detected_multimodality","detected_multimodality","ambiguous",FALSE,"base_evidence_ambiguous"
"inflect_ward_k65",8,"CD16","ambiguous","no_detected_multimodality","no_detected_multimodality","ambiguous",FALSE,"base_evidence_ambiguous"
"inflect_ward_k65",8,"CD21","ambiguous","no_detected_multimodality","ambiguous","ambiguous",FALSE,"base_evidence_ambiguous"
"inflect_ward_k65",8,"CD25","no_detected_multimodality","no_detected_multimodality","no_detected_multimodality","no_detected_multimodality",TRUE,"stable_across_1000_2000_5000_events"
"inflect_ward_k65",8,"CD45RA","no_detected_multimodality","no_detected_multimodality","ambiguous","ambiguous",FALSE,"sample_size_instability"
"inflect_ward_k65",8,"CD57","detected_multimodality","detected_multimodality","detected_multimodality","detected_multimodality",TRUE,"stable_across_1000_2000_5000_events"
"inflect_ward_k65",9,"CD159c_NKG2C","ambiguous","no_detected_multimodality","ambiguous","ambiguous",FALSE,"base_evidence_ambiguous"
"inflect_ward_k65",9,"CD294_CRTH2","no_detected_multimodality","no_detected_multimodality","no_detected_multimodality","no_detected_multimodality",TRUE,"stable_across_1000_2000_5000_events"
"inflect_ward_k65",9,"CD57","detected_multimodality","detected_multimodality","detected_multimodality","detected_multimodality",TRUE,"stable_across_1000_2000_5000_events"
"inflect_ward_k65",10,"CD14","no_detected_multimodality","no_detected_multimodality","no_detected_multimodality","no_detected_multimodality",TRUE,"stable_across_1000_2000_5000_events"
"inflect_ward_k65",10,"CD159c_NKG2C","detected_multimodality","ambiguous","detected_multimodality","ambiguous",FALSE,"sample_size_instability"
"inflect_ward_k65",10,"CD185_CXCR5","no_detected_multimodality","no_detected_multimodality","no_detected_multimodality","no_detected_multimodality",TRUE,"stable_across_1000_2000_5000_events"
"inflect_ward_k65",10,"CD19","ambiguous","no_detected_multimodality","no_detected_multimodality","ambiguous",FALSE,"base_evidence_ambiguous"
"inflect_ward_k65",10,"CD27","ambiguous","ambiguous","ambiguous","ambiguous",TRUE,"base_evidence_ambiguous"
"inflect_ward_k65",10,"CD56","detected_multimodality","ambiguous","detected_multimodality","ambiguous",FALSE,"sample_size_instability"
"inflect_ward_k65",10,"CD57","detected_multimodality","ambiguous","detected_multimodality","ambiguous",FALSE,"sample_size_instability"
"inflect_ward_k65",11,"CD27","no_detected_multimodality","no_detected_multimodality","no_detected_multimodality","no_detected_multimodality",TRUE,"stable_across_1000_2000_5000_events"
"inflect_ward_k65",11,"CD294_CRTH2","no_detected_multimodality","no_detected_multimodality","no_detected_multimodality","no_detected_multimodality",TRUE,"stable_across_1000_2000_5000_events"
"inflect_ward_k65",11,"CD4","no_detected_multimodality","no_detected_multimodality","no_detected_multimodality","no_detected_multimodality",TRUE,"stable_across_1000_2000_5000_events"
"inflect_ward_k65",11,"Tbet","no_detected_multimodality","no_detected_multimodality","no_detected_multimodality","no_detected_multimodality",TRUE,"stable_across_1000_2000_5000_events"
"inflect_ward_k65",12,"CD11c","detected_multimodality","detected_multimodality","detected_multimodality","detected_multimodality",TRUE,"stable_across_1000_2000_5000_events"
"inflect_ward_k65",12,"CD16","no_detected_multimodality","no_detected_multimodality","no_detected_multimodality","no_detected_multimodality",TRUE,"stable_across_1000_2000_5000_events"
"inflect_ward_k65",12,"CD161","no_detected_multimodality","no_detected_multimodality","no_detected_multimodality","no_detected_multimodality",TRUE,"stable_across_1000_2000_5000_events"
"inflect_ward_k65",12,"CD185_CXCR5","no_detected_multimodality","no_detected_multimodality","no_detected_multimodality","no_detected_multimodality",TRUE,"stable_across_1000_2000_5000_events"
"inflect_ward_k65",12,"CD197_CCR7","no_detected_multimodality","no_detected_multimodality","no_detected_multimodality","no_detected_multimodality",TRUE,"stable_across_1000_2000_5000_events"
"inflect_ward_k65",12,"CD1c","no_detected_multimodality","no_detected_multimodality","no_detected_multimodality","no_detected_multimodality",TRUE,"stable_across_1000_2000_5000_events"
"inflect_ward_k65",12,"CD21","no_detected_multimodality","no_detected_multimodality","no_detected_multimodality","no_detected_multimodality",TRUE,"stable_across_1000_2000_5000_events"
"inflect_ward_k65",12,"TCRgd_CD141","no_detected_multimodality","ambiguous","ambiguous","ambiguous",FALSE,"sample_size_instability"
"inflect_ward_k65",13,"CD11c","ambiguous","ambiguous","ambiguous","ambiguous",TRUE,"base_evidence_ambiguous"
"inflect_ward_k65",13,"CD161","ambiguous","no_detected_multimodality","ambiguous","ambiguous",FALSE,"base_evidence_ambiguous"
"inflect_ward_k65",13,"CD3","ambiguous","no_detected_multimodality","ambiguous","ambiguous",FALSE,"base_evidence_ambiguous"
"inflect_ward_k65",13,"CD38","ambiguous","ambiguous","detected_multimodality","ambiguous",FALSE,"base_evidence_ambiguous"
"inflect_ward_k65",13,"CD56","ambiguous","ambiguous","detected_multimodality","ambiguous",FALSE,"base_evidence_ambiguous"
"inflect_ward_k65",13,"CD57","no_detected_multimodality","no_detected_multimodality","no_detected_multimodality","no_detected_multimodality",TRUE,"stable_across_1000_2000_5000_events"
"inflect_ward_k65",13,"CD7","ambiguous","ambiguous","detected_multimodality","ambiguous",FALSE,"base_evidence_ambiguous"
"inflect_ward_k65",13,"FoxP3","ambiguous","no_detected_multimodality","ambiguous","ambiguous",FALSE,"base_evidence_ambiguous"
"inflect_ward_k65",14,"CD11c","detected_multimodality","detected_multimodality","detected_multimodality","detected_multimodality",TRUE,"stable_across_1000_2000_5000_events"
"inflect_ward_k65",14,"CD14","no_detected_multimodality","no_detected_multimodality","no_detected_multimodality","no_detected_multimodality",TRUE,"stable_across_1000_2000_5000_events"
"inflect_ward_k65",14,"CD16","detected_multimodality","detected_multimodality","detected_multimodality","detected_multimodality",TRUE,"stable_across_1000_2000_5000_events"
"inflect_ward_k65",14,"CD161","no_detected_multimodality","no_detected_multimodality","ambiguous","ambiguous",FALSE,"sample_size_instability"
"inflect_ward_k65",14,"CD56","no_detected_multimodality","no_detected_multimodality","no_detected_multimodality","no_detected_multimodality",TRUE,"stable_across_1000_2000_5000_events"
"inflect_ward_k65",14,"CD57","detected_multimodality","detected_multimodality","detected_multimodality","detected_multimodality",TRUE,"stable_across_1000_2000_5000_events"
"inflect_ward_k65",15,"CD11c","detected_multimodality","ambiguous","detected_multimodality","ambiguous",FALSE,"sample_size_instability"
"inflect_ward_k65",15,"CD27","no_detected_multimodality","no_detected_multimodality","ambiguous","ambiguous",FALSE,"sample_size_instability"
"inflect_ward_k65",15,"CD3","detected_multimodality","detected_multimodality","detected_multimodality","detected_multimodality",TRUE,"stable_across_1000_2000_5000_events"
"inflect_ward_k65",15,"CD56","ambiguous","ambiguous","detected_multimodality","ambiguous",FALSE,"base_evidence_ambiguous"
"inflect_ward_k65",15,"CD57","ambiguous","ambiguous","ambiguous","ambiguous",TRUE,"base_evidence_ambiguous"
"inflect_ward_k65",15,"Tbet","ambiguous","no_detected_multimodality","ambiguous","ambiguous",FALSE,"base_evidence_ambiguous"
"inflect_ward_k65",16,"CD57","detected_multimodality","detected_multimodality","detected_multimodality","detected_multimodality",TRUE,"stable_across_1000_2000_5000_events"
"inflect_ward_k65",17,"CD19","ambiguous","no_detected_multimodality","no_detected_multimodality","ambiguous",FALSE,"base_evidence_ambiguous"
"inflect_ward_k65",17,"CD38","no_detected_multimodality","no_detected_multimodality","no_detected_multimodality","no_detected_multimodality",TRUE,"stable_across_1000_2000_5000_events"
"inflect_ward_k65",17,"CD45RA","ambiguous","ambiguous","ambiguous","ambiguous",TRUE,"base_evidence_ambiguous"
"inflect_ward_k65",17,"CD56","ambiguous","no_detected_multimodality","ambiguous","ambiguous",FALSE,"base_evidence_ambiguous"
"inflect_ward_k65",17,"CD57","detected_multimodality","detected_multimodality","detected_multimodality","detected_multimodality",TRUE,"stable_across_1000_2000_5000_events"
"inflect_ward_k65",17,"HLA-DR","no_detected_multimodality","no_detected_multimodality","no_detected_multimodality","no_detected_multimodality",TRUE,"stable_across_1000_2000_5000_events"
"inflect_ward_k65",18,"CD11c","ambiguous","no_detected_multimodality","ambiguous","ambiguous",FALSE,"base_evidence_ambiguous"
"inflect_ward_k65",18,"CD197_CCR7","no_detected_multimodality","no_detected_multimodality","no_detected_multimodality","no_detected_multimodality",TRUE,"stable_across_1000_2000_5000_events"
"inflect_ward_k65",18,"CD3","detected_multimodality","detected_multimodality","detected_multimodality","detected_multimodality",TRUE,"stable_across_1000_2000_5000_events"
"inflect_ward_k65",18,"CD56","detected_multimodality","detected_multimodality","detected_multimodality","detected_multimodality",TRUE,"stable_across_1000_2000_5000_events"
"inflect_ward_k65",18,"CD57","detected_multimodality","detected_multimodality","detected_multimodality","detected_multimodality",TRUE,"stable_across_1000_2000_5000_events"
"inflect_ward_k65",19,"CD11c","ambiguous","ambiguous","detected_multimodality","ambiguous",FALSE,"base_evidence_ambiguous"
"inflect_ward_k65",19,"CD161","detected_multimodality","detected_multimodality","detected_multimodality","detected_multimodality",TRUE,"stable_across_1000_2000_5000_events"
"inflect_ward_k65",19,"CD27","no_detected_multimodality","no_detected_multimodality","no_detected_multimodality","no_detected_multimodality",TRUE,"stable_across_1000_2000_5000_events"
"inflect_ward_k65",19,"CD3","ambiguous","no_detected_multimodality","ambiguous","ambiguous",FALSE,"base_evidence_ambiguous"
"inflect_ward_k65",19,"CD56","detected_multimodality","ambiguous","detected_multimodality","ambiguous",FALSE,"sample_size_instability"
"inflect_ward_k65",19,"Tbet","ambiguous","no_detected_multimodality","ambiguous","ambiguous",FALSE,"base_evidence_ambiguous"
"inflect_ward_k65",20,"CD11c","ambiguous","ambiguous","ambiguous","ambiguous",TRUE,"base_evidence_ambiguous"
"inflect_ward_k65",20,"CD159c_NKG2C","detected_multimodality","ambiguous","detected_multimodality","ambiguous",FALSE,"sample_size_instability"
"inflect_ward_k65",20,"CD16","no_detected_multimodality","no_detected_multimodality","no_detected_multimodality","no_detected_multimodality",TRUE,"stable_across_1000_2000_5000_events"
"inflect_ward_k65",20,"CD1c","no_detected_multimodality","no_detected_multimodality","no_detected_multimodality","no_detected_multimodality",TRUE,"stable_across_1000_2000_5000_events"
"inflect_ward_k65",20,"CD21","no_detected_multimodality","no_detected_multimodality","no_detected_multimodality","no_detected_multimodality",TRUE,"stable_across_1000_2000_5000_events"
"inflect_ward_k65",20,"CD3","ambiguous","no_detected_multimodality","ambiguous","ambiguous",FALSE,"base_evidence_ambiguous"
"inflect_ward_k65",21,"CD11c","no_detected_multimodality","no_detected_multimodality","no_detected_multimodality","no_detected_multimodality",TRUE,"stable_across_1000_2000_5000_events"
"inflect_ward_k65",21,"CD25","no_detected_multimodality","no_detected_multimodality","no_detected_multimodality","no_detected_multimodality",TRUE,"stable_across_1000_2000_5000_events"
"inflect_ward_k65",21,"CD3","no_detected_multimodality","no_detected_multimodality","ambiguous","ambiguous",FALSE,"sample_size_instability"
"inflect_ward_k65",21,"CD56","ambiguous","ambiguous","detected_multimodality","ambiguous",FALSE,"base_evidence_ambiguous"
"inflect_ward_k65",21,"CD57","ambiguous","no_detected_multimodality","ambiguous","ambiguous",FALSE,"base_evidence_ambiguous"
"inflect_ward_k65",21,"FoxP3","no_detected_multimodality","no_detected_multimodality","no_detected_multimodality","no_detected_multimodality",TRUE,"stable_across_1000_2000_5000_events"
"inflect_ward_k65",21,"TCRgd_CD141","ambiguous","no_detected_multimodality","ambiguous","ambiguous",FALSE,"base_evidence_ambiguous"
"inflect_ward_k65",22,"CD161","detected_multimodality","detected_multimodality","detected_multimodality","detected_multimodality",TRUE,"stable_across_1000_2000_5000_events"
"inflect_ward_k65",22,"CD27","detected_multimodality","detected_multimodality","detected_multimodality","detected_multimodality",TRUE,"stable_across_1000_2000_5000_events"
"inflect_ward_k65",22,"CD4","no_detected_multimodality","no_detected_multimodality","no_detected_multimodality","no_detected_multimodality",TRUE,"stable_across_1000_2000_5000_events"
"inflect_ward_k65",22,"FoxP3","ambiguous","no_detected_multimodality","no_detected_multimodality","ambiguous",FALSE,"base_evidence_ambiguous"
"inflect_ward_k65",23,"CD27","detected_multimodality","detected_multimodality","detected_multimodality","detected_multimodality",TRUE,"stable_across_1000_2000_5000_events"
"inflect_ward_k65",23,"CD45RA","detected_multimodality","detected_multimodality","detected_multimodality","detected_multimodality",TRUE,"stable_across_1000_2000_5000_events"
"inflect_ward_k65",23,"FoxP3","no_detected_multimodality","no_detected_multimodality","no_detected_multimodality","no_detected_multimodality",TRUE,"stable_across_1000_2000_5000_events"
"inflect_ward_k65",24,"CD161","ambiguous","ambiguous","detected_multimodality","ambiguous",FALSE,"base_evidence_ambiguous"
"inflect_ward_k65",24,"CD197_CCR7","ambiguous","no_detected_multimodality","ambiguous","ambiguous",FALSE,"base_evidence_ambiguous"
"inflect_ward_k65",24,"CD303_TCRvd2","no_detected_multimodality","no_detected_multimodality","no_detected_multimodality","no_detected_multimodality",TRUE,"stable_across_1000_2000_5000_events"
"inflect_ward_k65",24,"CD38","detected_multimodality","detected_multimodality","detected_multimodality","detected_multimodality",TRUE,"stable_across_1000_2000_5000_events"
"inflect_ward_k65",24,"CD45RA","ambiguous","ambiguous","ambiguous","ambiguous",TRUE,"base_evidence_ambiguous"
"inflect_ward_k65",24,"CD7","detected_multimodality","ambiguous","detected_multimodality","ambiguous",FALSE,"sample_size_instability"
"inflect_ward_k65",24,"FoxP3","detected_multimodality","detected_multimodality","detected_multimodality","detected_multimodality",TRUE,"stable_across_1000_2000_5000_events"
"inflect_ward_k65",25,"CD11c","ambiguous","no_detected_multimodality","no_detected_multimodality","ambiguous",FALSE,"base_evidence_ambiguous"
"inflect_ward_k65",25,"CD159c_NKG2C","ambiguous","ambiguous","detected_multimodality","ambiguous",FALSE,"base_evidence_ambiguous"
"inflect_ward_k65",25,"CD16","ambiguous","no_detected_multimodality","ambiguous","ambiguous",FALSE,"base_evidence_ambiguous"
"inflect_ward_k65",25,"CD3","detected_multimodality","ambiguous","detected_multimodality","ambiguous",FALSE,"sample_size_instability"
"inflect_ward_k65",25,"CD38","no_detected_multimodality","no_detected_multimodality","no_detected_multimodality","no_detected_multimodality",TRUE,"stable_across_1000_2000_5000_events"
"inflect_ward_k65",25,"CD45RA","no_detected_multimodality","no_detected_multimodality","no_detected_multimodality","no_detected_multimodality",TRUE,"stable_across_1000_2000_5000_events"
"inflect_ward_k65",25,"CD56","ambiguous","ambiguous","ambiguous","ambiguous",TRUE,"base_evidence_ambiguous"
"inflect_ward_k65",25,"CD57","no_detected_multimodality","no_detected_multimodality","ambiguous","ambiguous",FALSE,"sample_size_instability"
"inflect_ward_k65",26,"CD127","no_detected_multimodality","no_detected_multimodality","no_detected_multimodality","no_detected_multimodality",TRUE,"stable_across_1000_2000_5000_events"
"inflect_ward_k65",26,"CD14","no_detected_multimodality","no_detected_multimodality","no_detected_multimodality","no_detected_multimodality",TRUE,"stable_across_1000_2000_5000_events"
"inflect_ward_k65",26,"CD159c_NKG2C","no_detected_multimodality","no_detected_multimodality","no_detected_multimodality","no_detected_multimodality",TRUE,"stable_across_1000_2000_5000_events"
"inflect_ward_k65",26,"CD161","ambiguous","ambiguous","ambiguous","ambiguous",TRUE,"base_evidence_ambiguous"
"inflect_ward_k65",26,"CD19","ambiguous","no_detected_multimodality","no_detected_multimodality","ambiguous",FALSE,"base_evidence_ambiguous"
"inflect_ward_k65",26,"CD27","detected_multimodality","detected_multimodality","detected_multimodality","detected_multimodality",TRUE,"stable_across_1000_2000_5000_events"
"inflect_ward_k65",26,"CD3","no_detected_multimodality","no_detected_multimodality","no_detected_multimodality","no_detected_multimodality",TRUE,"stable_across_1000_2000_5000_events"
"inflect_ward_k65",26,"CD303_TCRvd2","detected_multimodality","detected_multimodality","detected_multimodality","detected_multimodality",TRUE,"stable_across_1000_2000_5000_events"
"inflect_ward_k65",26,"CD56","no_detected_multimodality","no_detected_multimodality","no_detected_multimodality","no_detected_multimodality",TRUE,"stable_across_1000_2000_5000_events"
"inflect_ward_k65",26,"CD7","no_detected_multimodality","no_detected_multimodality","no_detected_multimodality","no_detected_multimodality",TRUE,"stable_across_1000_2000_5000_events"
"inflect_ward_k65",26,"CD8","no_detected_multimodality","no_detected_multimodality","no_detected_multimodality","no_detected_multimodality",TRUE,"stable_across_1000_2000_5000_events"
"inflect_ward_k65",26,"Tbet","ambiguous","no_detected_multimodality","no_detected_multimodality","ambiguous",FALSE,"base_evidence_ambiguous"
"inflect_ward_k65",26,"TCRgd_CD141","detected_multimodality","detected_multimodality","detected_multimodality","detected_multimodality",TRUE,"stable_across_1000_2000_5000_events"
"inflect_ward_k65",27,"CD11c","ambiguous","no_detected_multimodality","ambiguous","ambiguous",FALSE,"base_evidence_ambiguous"
"inflect_ward_k65",27,"CD127","ambiguous","ambiguous","ambiguous","ambiguous",TRUE,"base_evidence_ambiguous"
"inflect_ward_k65",27,"CD159c_NKG2C","ambiguous","no_detected_multimodality","ambiguous","ambiguous",FALSE,"base_evidence_ambiguous"
"inflect_ward_k65",27,"CD16","detected_multimodality","detected_multimodality","detected_multimodality","detected_multimodality",TRUE,"stable_across_1000_2000_5000_events"
"inflect_ward_k65",27,"CD185_CXCR5","ambiguous","ambiguous","ambiguous","ambiguous",TRUE,"base_evidence_ambiguous"
"inflect_ward_k65",27,"CD21","detected_multimodality","ambiguous","detected_multimodality","ambiguous",FALSE,"sample_size_instability"
"inflect_ward_k65",27,"CD25","ambiguous","ambiguous","ambiguous","ambiguous",TRUE,"base_evidence_ambiguous"
"inflect_ward_k65",27,"CD27","ambiguous","no_detected_multimodality","ambiguous","ambiguous",FALSE,"base_evidence_ambiguous"
"inflect_ward_k65",27,"CD3","ambiguous","no_detected_multimodality","ambiguous","ambiguous",FALSE,"base_evidence_ambiguous"
"inflect_ward_k65",27,"CD303_TCRvd2","ambiguous","no_detected_multimodality","no_detected_multimodality","ambiguous",FALSE,"base_evidence_ambiguous"
"inflect_ward_k65",27,"CD38","ambiguous","ambiguous","detected_multimodality","ambiguous",FALSE,"base_evidence_ambiguous"
"inflect_ward_k65",27,"CD45RA","ambiguous","no_detected_multimodality","ambiguous","ambiguous",FALSE,"base_evidence_ambiguous"
"inflect_ward_k65",27,"CD56","ambiguous","no_detected_multimodality","no_detected_multimodality","ambiguous",FALSE,"base_evidence_ambiguous"
"inflect_ward_k65",27,"FoxP3","ambiguous","no_detected_multimodality","no_detected_multimodality","ambiguous",FALSE,"base_evidence_ambiguous"
"inflect_ward_k65",28,"CD159c_NKG2C","no_detected_multimodality","no_detected_multimodality","no_detected_multimodality","no_detected_multimodality",TRUE,"stable_across_1000_2000_5000_events"
"inflect_ward_k65",28,"CD161","detected_multimodality","detected_multimodality","detected_multimodality","detected_multimodality",TRUE,"stable_across_1000_2000_5000_events"
"inflect_ward_k65",29,"CD11c","no_detected_multimodality","ambiguous","no_detected_multimodality","ambiguous",FALSE,"sample_size_instability"
"inflect_ward_k65",29,"CD38","ambiguous","ambiguous","ambiguous","ambiguous",TRUE,"base_evidence_ambiguous"
"inflect_ward_k65",29,"CD7","ambiguous","ambiguous","detected_multimodality","ambiguous",FALSE,"base_evidence_ambiguous"
"inflect_ward_k65",29,"FoxP3","no_detected_multimodality","no_detected_multimodality","no_detected_multimodality","no_detected_multimodality",TRUE,"stable_across_1000_2000_5000_events"
"inflect_ward_k65",30,"CD11c","ambiguous","ambiguous","detected_multimodality","ambiguous",FALSE,"base_evidence_ambiguous"
"inflect_ward_k65",30,"CD159c_NKG2C","detected_multimodality","ambiguous","detected_multimodality","ambiguous",FALSE,"sample_size_instability"
"inflect_ward_k65",30,"CD19","no_detected_multimodality","no_detected_multimodality","no_detected_multimodality","no_detected_multimodality",TRUE,"stable_across_1000_2000_5000_events"
"inflect_ward_k65",30,"CD3","ambiguous","ambiguous","detected_multimodality","ambiguous",FALSE,"base_evidence_ambiguous"
"inflect_ward_k65",30,"CD56","no_detected_multimodality","no_detected_multimodality","no_detected_multimodality","no_detected_multimodality",TRUE,"stable_across_1000_2000_5000_events"
"inflect_ward_k65",30,"CD57","detected_multimodality","ambiguous","detected_multimodality","ambiguous",FALSE,"sample_size_instability"
"inflect_ward_k65",30,"TCRgd_CD141","no_detected_multimodality","no_detected_multimodality","no_detected_multimodality","no_detected_multimodality",TRUE,"stable_across_1000_2000_5000_events"
"inflect_ward_k65",31,"CD11c","ambiguous","ambiguous","ambiguous","ambiguous",TRUE,"base_evidence_ambiguous"
"inflect_ward_k65",31,"CD16","ambiguous","no_detected_multimodality","ambiguous","ambiguous",FALSE,"base_evidence_ambiguous"
"inflect_ward_k65",31,"CD161","detected_multimodality","detected_multimodality","detected_multimodality","detected_multimodality",TRUE,"stable_across_1000_2000_5000_events"
"inflect_ward_k65",31,"CD303_TCRvd2","detected_multimodality","detected_multimodality","detected_multimodality","detected_multimodality",TRUE,"stable_across_1000_2000_5000_events"
"inflect_ward_k65",31,"CD45RA","ambiguous","ambiguous","detected_multimodality","ambiguous",FALSE,"base_evidence_ambiguous"
"inflect_ward_k65",31,"FoxP3","ambiguous","ambiguous","no_detected_multimodality","ambiguous",FALSE,"base_evidence_ambiguous"
"inflect_ward_k65",31,"HLA-DR","no_detected_multimodality","no_detected_multimodality","no_detected_multimodality","no_detected_multimodality",TRUE,"stable_across_1000_2000_5000_events"
"inflect_ward_k65",31,"Tbet","no_detected_multimodality","no_detected_multimodality","no_detected_multimodality","no_detected_multimodality",TRUE,"stable_across_1000_2000_5000_events"
"inflect_ward_k65",31,"TCRgd_CD141","ambiguous","ambiguous","ambiguous","ambiguous",TRUE,"base_evidence_ambiguous"
"inflect_ward_k65",32,"CD159c_NKG2C","no_detected_multimodality","no_detected_multimodality","no_detected_multimodality","no_detected_multimodality",TRUE,"stable_across_1000_2000_5000_events"
"inflect_ward_k65",32,"CD16","no_detected_multimodality","no_detected_multimodality","ambiguous","ambiguous",FALSE,"sample_size_instability"
"inflect_ward_k65",32,"CD197_CCR7","no_detected_multimodality","no_detected_multimodality","no_detected_multimodality","no_detected_multimodality",TRUE,"stable_across_1000_2000_5000_events"
"inflect_ward_k65",32,"CD1c","no_detected_multimodality","no_detected_multimodality","no_detected_multimodality","no_detected_multimodality",TRUE,"stable_across_1000_2000_5000_events"
"inflect_ward_k65",32,"CD21","no_detected_multimodality","no_detected_multimodality","no_detected_multimodality","no_detected_multimodality",TRUE,"stable_across_1000_2000_5000_events"
"inflect_ward_k65",32,"CD56","detected_multimodality","ambiguous","detected_multimodality","ambiguous",FALSE,"sample_size_instability"
"inflect_ward_k65",32,"CD57","detected_multimodality","ambiguous","detected_multimodality","ambiguous",FALSE,"sample_size_instability"
"inflect_ward_k65",32,"CD7","no_detected_multimodality","no_detected_multimodality","no_detected_multimodality","no_detected_multimodality",TRUE,"stable_across_1000_2000_5000_events"
"inflect_ward_k65",33,"CD127","ambiguous","ambiguous","ambiguous","ambiguous",TRUE,"base_evidence_ambiguous"
"inflect_ward_k65",33,"CD14","ambiguous","ambiguous","detected_multimodality","ambiguous",FALSE,"base_evidence_ambiguous"
"inflect_ward_k65",33,"CD161","ambiguous","ambiguous","detected_multimodality","ambiguous",FALSE,"base_evidence_ambiguous"
"inflect_ward_k65",33,"CD185_CXCR5","ambiguous","ambiguous","detected_multimodality","ambiguous",FALSE,"base_evidence_ambiguous"
"inflect_ward_k65",33,"CD38","detected_multimodality","detected_multimodality","detected_multimodality","detected_multimodality",TRUE,"stable_across_1000_2000_5000_events"
"inflect_ward_k65",33,"CD7","ambiguous","no_detected_multimodality","detected_multimodality","ambiguous",FALSE,"base_evidence_ambiguous"
"inflect_ward_k65",33,"CD8","no_detected_multimodality","no_detected_multimodality","no_detected_multimodality","no_detected_multimodality",TRUE,"stable_across_1000_2000_5000_events"
"inflect_ward_k65",33,"FoxP3","ambiguous","ambiguous","ambiguous","ambiguous",TRUE,"base_evidence_ambiguous"
"inflect_ward_k65",33,"Tbet","detected_multimodality","detected_multimodality","detected_multimodality","detected_multimodality",TRUE,"stable_across_1000_2000_5000_events"
"inflect_ward_k65",34,"CD11c","no_detected_multimodality","no_detected_multimodality","no_detected_multimodality","no_detected_multimodality",TRUE,"stable_across_1000_2000_5000_events"
"inflect_ward_k65",34,"CD16","ambiguous","no_detected_multimodality","no_detected_multimodality","ambiguous",FALSE,"base_evidence_ambiguous"
"inflect_ward_k65",34,"CD27","detected_multimodality","detected_multimodality","detected_multimodality","detected_multimodality",TRUE,"stable_across_1000_2000_5000_events"
"inflect_ward_k65",34,"CD303_TCRvd2","detected_multimodality","detected_multimodality","detected_multimodality","detected_multimodality",TRUE,"stable_across_1000_2000_5000_events"
"inflect_ward_k65",34,"CD45RA","no_detected_multimodality","no_detected_multimodality","no_detected_multimodality","no_detected_multimodality",TRUE,"stable_across_1000_2000_5000_events"
"inflect_ward_k65",34,"TCRgd_CD141","detected_multimodality","detected_multimodality","detected_multimodality","detected_multimodality",TRUE,"stable_across_1000_2000_5000_events"
"inflect_ward_k65",35,"CD11c","ambiguous","no_detected_multimodality","no_detected_multimodality","ambiguous",FALSE,"base_evidence_ambiguous"
"inflect_ward_k65",35,"CD161","detected_multimodality","ambiguous","detected_multimodality","ambiguous",FALSE,"sample_size_instability"
"inflect_ward_k65",35,"CD27","detected_multimodality","detected_multimodality","detected_multimodality","detected_multimodality",TRUE,"stable_across_1000_2000_5000_events"
"inflect_ward_k65",35,"CD294_CRTH2","ambiguous","ambiguous","no_detected_multimodality","ambiguous",FALSE,"base_evidence_ambiguous"
"inflect_ward_k65",35,"CD303_TCRvd2","ambiguous","no_detected_multimodality","no_detected_multimodality","ambiguous",FALSE,"base_evidence_ambiguous"
"inflect_ward_k65",35,"Tbet","no_detected_multimodality","no_detected_multimodality","no_detected_multimodality","no_detected_multimodality",TRUE,"stable_across_1000_2000_5000_events"
"inflect_ward_k65",36,"CD127","ambiguous","ambiguous","ambiguous","ambiguous",TRUE,"base_evidence_ambiguous"
"inflect_ward_k65",36,"CD197_CCR7","detected_multimodality","detected_multimodality","detected_multimodality","detected_multimodality",TRUE,"stable_across_1000_2000_5000_events"
"inflect_ward_k65",36,"CD1c","ambiguous","no_detected_multimodality","no_detected_multimodality","ambiguous",FALSE,"base_evidence_ambiguous"
"inflect_ward_k65",36,"CD27","detected_multimodality","ambiguous","detected_multimodality","ambiguous",FALSE,"sample_size_instability"
"inflect_ward_k65",36,"CD4","ambiguous","ambiguous","no_detected_multimodality","ambiguous",FALSE,"base_evidence_ambiguous"
"inflect_ward_k65",36,"CD45RA","detected_multimodality","detected_multimodality","detected_multimodality","detected_multimodality",TRUE,"stable_across_1000_2000_5000_events"
"inflect_ward_k65",37,"CD11c","ambiguous","ambiguous","ambiguous","ambiguous",TRUE,"base_evidence_ambiguous"
"inflect_ward_k65",37,"CD3","detected_multimodality","detected_multimodality","detected_multimodality","detected_multimodality",TRUE,"stable_across_1000_2000_5000_events"
"inflect_ward_k65",37,"CD303_TCRvd2","ambiguous","ambiguous","detected_multimodality","ambiguous",FALSE,"base_evidence_ambiguous"
"inflect_ward_k65",37,"CD38","no_detected_multimodality","no_detected_multimodality","no_detected_multimodality","no_detected_multimodality",TRUE,"stable_across_1000_2000_5000_events"
"inflect_ward_k65",37,"CD57","detected_multimodality","detected_multimodality","detected_multimodality","detected_multimodality",TRUE,"stable_across_1000_2000_5000_events"
"inflect_ward_k65",37,"CD7","no_detected_multimodality","no_detected_multimodality","no_detected_multimodality","no_detected_multimodality",TRUE,"stable_across_1000_2000_5000_events"
"inflect_ward_k65",38,"CD11c","no_detected_multimodality","no_detected_multimodality","no_detected_multimodality","no_detected_multimodality",TRUE,"stable_across_1000_2000_5000_events"
"inflect_ward_k65",38,"CD127","ambiguous","no_detected_multimodality","no_detected_multimodality","ambiguous",FALSE,"base_evidence_ambiguous"
"inflect_ward_k65",38,"CD14","no_detected_multimodality","no_detected_multimodality","no_detected_multimodality","no_detected_multimodality",TRUE,"stable_across_1000_2000_5000_events"
"inflect_ward_k65",38,"CD197_CCR7","no_detected_multimodality","no_detected_multimodality","no_detected_multimodality","no_detected_multimodality",TRUE,"stable_across_1000_2000_5000_events"
"inflect_ward_k65",38,"CD27","detected_multimodality","detected_multimodality","detected_multimodality","detected_multimodality",TRUE,"stable_across_1000_2000_5000_events"
"inflect_ward_k65",38,"CD3","ambiguous","ambiguous","detected_multimodality","ambiguous",FALSE,"base_evidence_ambiguous"
"inflect_ward_k65",38,"CD303_TCRvd2","ambiguous","ambiguous","ambiguous","ambiguous",TRUE,"base_evidence_ambiguous"
"inflect_ward_k65",38,"CD38","ambiguous","no_detected_multimodality","ambiguous","ambiguous",FALSE,"base_evidence_ambiguous"
"inflect_ward_k65",38,"CD45RA","detected_multimodality","detected_multimodality","detected_multimodality","detected_multimodality",TRUE,"stable_across_1000_2000_5000_events"
"inflect_ward_k65",38,"CD56","no_detected_multimodality","no_detected_multimodality","no_detected_multimodality","no_detected_multimodality",TRUE,"stable_across_1000_2000_5000_events"
"inflect_ward_k65",38,"Tbet","detected_multimodality","detected_multimodality","detected_multimodality","detected_multimodality",TRUE,"stable_across_1000_2000_5000_events"
"inflect_ward_k65",39,"CD127","ambiguous","ambiguous","ambiguous","ambiguous",TRUE,"base_evidence_ambiguous"
"inflect_ward_k65",39,"CD161","ambiguous","no_detected_multimodality","ambiguous","ambiguous",FALSE,"base_evidence_ambiguous"
"inflect_ward_k65",39,"CD27","ambiguous","ambiguous","ambiguous","ambiguous",TRUE,"base_evidence_ambiguous"
"inflect_ward_k65",39,"CD4","ambiguous","no_detected_multimodality","ambiguous","ambiguous",FALSE,"base_evidence_ambiguous"
"inflect_ward_k65",39,"CD57","ambiguous","ambiguous","ambiguous","ambiguous",TRUE,"base_evidence_ambiguous"
"inflect_ward_k65",39,"Tbet","ambiguous","ambiguous","ambiguous","ambiguous",TRUE,"base_evidence_ambiguous"
"inflect_ward_k65",40,"CD11c","detected_multimodality","detected_multimodality","detected_multimodality","detected_multimodality",TRUE,"stable_across_1000_2000_5000_events"
"inflect_ward_k65",40,"CD14","ambiguous","no_detected_multimodality","ambiguous","ambiguous",FALSE,"base_evidence_ambiguous"
"inflect_ward_k65",40,"CD1c","detected_multimodality","detected_multimodality","detected_multimodality","detected_multimodality",TRUE,"stable_across_1000_2000_5000_events"
"inflect_ward_k65",40,"CD27","ambiguous","ambiguous","ambiguous","ambiguous",TRUE,"base_evidence_ambiguous"
"inflect_ward_k65",40,"CD294_CRTH2","no_detected_multimodality","no_detected_multimodality","no_detected_multimodality","no_detected_multimodality",TRUE,"stable_across_1000_2000_5000_events"
"inflect_ward_k65",40,"CD3","detected_multimodality","detected_multimodality","detected_multimodality","detected_multimodality",TRUE,"stable_across_1000_2000_5000_events"
"inflect_ward_k65",40,"CD57","ambiguous","no_detected_multimodality","ambiguous","ambiguous",FALSE,"base_evidence_ambiguous"
"inflect_ward_k65",40,"HLA-DR","detected_multimodality","detected_multimodality","detected_multimodality","detected_multimodality",TRUE,"stable_across_1000_2000_5000_events"
"inflect_ward_k65",40,"TCRgd_CD141","ambiguous","no_detected_multimodality","detected_multimodality","ambiguous",FALSE,"base_evidence_ambiguous"
"inflect_ward_k65",41,"CD127","no_detected_multimodality","no_detected_multimodality","ambiguous","ambiguous",FALSE,"sample_size_instability"
"inflect_ward_k65",41,"CD185_CXCR5","no_detected_multimodality","no_detected_multimodality","no_detected_multimodality","no_detected_multimodality",TRUE,"stable_across_1000_2000_5000_events"
"inflect_ward_k65",41,"CD197_CCR7","detected_multimodality","detected_multimodality","detected_multimodality","detected_multimodality",TRUE,"stable_across_1000_2000_5000_events"
"inflect_ward_k65",41,"CD25","no_detected_multimodality","no_detected_multimodality","no_detected_multimodality","no_detected_multimodality",TRUE,"stable_across_1000_2000_5000_events"
"inflect_ward_k65",41,"CD38","no_detected_multimodality","no_detected_multimodality","no_detected_multimodality","no_detected_multimodality",TRUE,"stable_across_1000_2000_5000_events"
"inflect_ward_k65",41,"CD4","ambiguous","ambiguous","no_detected_multimodality","ambiguous",FALSE,"base_evidence_ambiguous"
"inflect_ward_k65",41,"CD45RA","detected_multimodality","detected_multimodality","detected_multimodality","detected_multimodality",TRUE,"stable_across_1000_2000_5000_events"
"inflect_ward_k65",41,"CD57","no_detected_multimodality","no_detected_multimodality","no_detected_multimodality","no_detected_multimodality",TRUE,"stable_across_1000_2000_5000_events"
"inflect_ward_k65",41,"TCRgd_CD141","no_detected_multimodality","no_detected_multimodality","ambiguous","ambiguous",FALSE,"sample_size_instability"
"inflect_ward_k65",42,"FoxP3","no_detected_multimodality","no_detected_multimodality","no_detected_multimodality","no_detected_multimodality",TRUE,"stable_across_1000_2000_5000_events"
"inflect_ward_k65",43,"CD11c","ambiguous","ambiguous","ambiguous","ambiguous",TRUE,"base_evidence_ambiguous"
"inflect_ward_k65",43,"CD127","ambiguous","ambiguous","ambiguous","ambiguous",TRUE,"base_evidence_ambiguous"
"inflect_ward_k65",43,"CD14","ambiguous","no_detected_multimodality","ambiguous","ambiguous",FALSE,"base_evidence_ambiguous"
"inflect_ward_k65",43,"CD159c_NKG2C","ambiguous","no_detected_multimodality","ambiguous","ambiguous",FALSE,"base_evidence_ambiguous"
"inflect_ward_k65",43,"CD16","ambiguous","no_detected_multimodality","ambiguous","ambiguous",FALSE,"base_evidence_ambiguous"
"inflect_ward_k65",43,"CD161","ambiguous","no_detected_multimodality","ambiguous","ambiguous",FALSE,"base_evidence_ambiguous"
"inflect_ward_k65",43,"CD185_CXCR5","ambiguous","no_detected_multimodality","ambiguous","ambiguous",FALSE,"base_evidence_ambiguous"
"inflect_ward_k65",43,"CD19","ambiguous","no_detected_multimodality","ambiguous","ambiguous",FALSE,"base_evidence_ambiguous"
"inflect_ward_k65",43,"CD197_CCR7","detected_multimodality","ambiguous","detected_multimodality","ambiguous",FALSE,"sample_size_instability"
"inflect_ward_k65",43,"CD1c","ambiguous","no_detected_multimodality","ambiguous","ambiguous",FALSE,"base_evidence_ambiguous"
"inflect_ward_k65",43,"CD21","ambiguous","no_detected_multimodality","ambiguous","ambiguous",FALSE,"base_evidence_ambiguous"
"inflect_ward_k65",43,"CD25","ambiguous","no_detected_multimodality","ambiguous","ambiguous",FALSE,"base_evidence_ambiguous"
"inflect_ward_k65",43,"CD27","detected_multimodality","detected_multimodality","detected_multimodality","detected_multimodality",TRUE,"stable_across_1000_2000_5000_events"
"inflect_ward_k65",43,"CD3","detected_multimodality","detected_multimodality","detected_multimodality","detected_multimodality",TRUE,"stable_across_1000_2000_5000_events"
"inflect_ward_k65",43,"CD303_TCRvd2","ambiguous","ambiguous","detected_multimodality","ambiguous",FALSE,"base_evidence_ambiguous"
"inflect_ward_k65",43,"CD4","ambiguous","ambiguous","ambiguous","ambiguous",TRUE,"base_evidence_ambiguous"
"inflect_ward_k65",43,"CD45RA","detected_multimodality","ambiguous","detected_multimodality","ambiguous",FALSE,"sample_size_instability"
"inflect_ward_k65",43,"CD56","detected_multimodality","detected_multimodality","detected_multimodality","detected_multimodality",TRUE,"stable_across_1000_2000_5000_events"
"inflect_ward_k65",43,"CD57","ambiguous","ambiguous","detected_multimodality","ambiguous",FALSE,"base_evidence_ambiguous"
"inflect_ward_k65",43,"CD7","ambiguous","ambiguous","detected_multimodality","ambiguous",FALSE,"base_evidence_ambiguous"
"inflect_ward_k65",43,"Tbet","detected_multimodality","detected_multimodality","detected_multimodality","detected_multimodality",TRUE,"stable_across_1000_2000_5000_events"
"inflect_ward_k65",44,"CD127","ambiguous","no_detected_multimodality","ambiguous","ambiguous",FALSE,"base_evidence_ambiguous"
"inflect_ward_k65",44,"CD16","no_detected_multimodality","no_detected_multimodality","no_detected_multimodality","no_detected_multimodality",TRUE,"stable_across_1000_2000_5000_events"
"inflect_ward_k65",44,"CD1c","no_detected_multimodality","no_detected_multimodality","no_detected_multimodality","no_detected_multimodality",TRUE,"stable_across_1000_2000_5000_events"
"inflect_ward_k65",44,"CD21","no_detected_multimodality","no_detected_multimodality","no_detected_multimodality","no_detected_multimodality",TRUE,"stable_across_1000_2000_5000_events"
"inflect_ward_k65",44,"CD27","detected_multimodality","detected_multimodality","detected_multimodality","detected_multimodality",TRUE,"stable_across_1000_2000_5000_events"
"inflect_ward_k65",44,"CD3","no_detected_multimodality","no_detected_multimodality","no_detected_multimodality","no_detected_multimodality",TRUE,"stable_across_1000_2000_5000_events"
"inflect_ward_k65",44,"CD7","ambiguous","no_detected_multimodality","ambiguous","ambiguous",FALSE,"base_evidence_ambiguous"
"inflect_ward_k65",45,"CD11c","detected_multimodality","detected_multimodality","detected_multimodality","detected_multimodality",TRUE,"stable_across_1000_2000_5000_events"
"inflect_ward_k65",45,"CD127","no_detected_multimodality","no_detected_multimodality","no_detected_multimodality","no_detected_multimodality",TRUE,"stable_across_1000_2000_5000_events"
"inflect_ward_k65",45,"CD161","no_detected_multimodality","no_detected_multimodality","no_detected_multimodality","no_detected_multimodality",TRUE,"stable_across_1000_2000_5000_events"
"inflect_ward_k65",45,"CD1c","detected_multimodality","detected_multimodality","detected_multimodality","detected_multimodality",TRUE,"stable_across_1000_2000_5000_events"
"inflect_ward_k65",45,"CD4","no_detected_multimodality","no_detected_multimodality","no_detected_multimodality","no_detected_multimodality",TRUE,"stable_across_1000_2000_5000_events"
"inflect_ward_k65",45,"HLA-DR","detected_multimodality","detected_multimodality","detected_multimodality","detected_multimodality",TRUE,"stable_across_1000_2000_5000_events"
"inflect_ward_k65",45,"TCRgd_CD141","detected_multimodality","detected_multimodality","detected_multimodality","detected_multimodality",TRUE,"stable_across_1000_2000_5000_events"
"inflect_ward_k65",46,"CD159c_NKG2C","ambiguous","no_detected_multimodality","no_detected_multimodality","ambiguous",FALSE,"base_evidence_ambiguous"
"inflect_ward_k65",47,"CD161","ambiguous","ambiguous","detected_multimodality","ambiguous",FALSE,"base_evidence_ambiguous"
"inflect_ward_k65",47,"CD185_CXCR5","ambiguous","no_detected_multimodality","ambiguous","ambiguous",FALSE,"base_evidence_ambiguous"
"inflect_ward_k65",47,"CD197_CCR7","ambiguous","ambiguous","detected_multimodality","ambiguous",FALSE,"base_evidence_ambiguous"
"inflect_ward_k65",47,"CD38","ambiguous","no_detected_multimodality","ambiguous","ambiguous",FALSE,"base_evidence_ambiguous"
"inflect_ward_k65",47,"CD7","detected_multimodality","ambiguous","detected_multimodality","ambiguous",FALSE,"sample_size_instability"
"inflect_ward_k65",47,"FoxP3","detected_multimodality","detected_multimodality","detected_multimodality","detected_multimodality",TRUE,"stable_across_1000_2000_5000_events"
"inflect_ward_k65",48,"CD57","ambiguous","ambiguous","detected_multimodality","ambiguous",FALSE,"base_evidence_ambiguous"
"inflect_ward_k65",49,"CD19","no_detected_multimodality","no_detected_multimodality","no_detected_multimodality","no_detected_multimodality",TRUE,"stable_across_1000_2000_5000_events"
"inflect_ward_k65",49,"CD294_CRTH2","no_detected_multimodality","no_detected_multimodality","no_detected_multimodality","no_detected_multimodality",TRUE,"stable_across_1000_2000_5000_events"
"inflect_ward_k65",49,"CD3","no_detected_multimodality","no_detected_multimodality","no_detected_multimodality","no_detected_multimodality",TRUE,"stable_across_1000_2000_5000_events"
"inflect_ward_k65",50,"CD159c_NKG2C","ambiguous","no_detected_multimodality","ambiguous","ambiguous",FALSE,"base_evidence_ambiguous"
"inflect_ward_k65",50,"CD185_CXCR5","no_detected_multimodality","no_detected_multimodality","no_detected_multimodality","no_detected_multimodality",TRUE,"stable_across_1000_2000_5000_events"
"inflect_ward_k65",50,"CD27","detected_multimodality","detected_multimodality","detected_multimodality","detected_multimodality",TRUE,"stable_across_1000_2000_5000_events"
"inflect_ward_k65",50,"CD8","detected_multimodality","ambiguous","detected_multimodality","ambiguous",FALSE,"sample_size_instability"
"inflect_ward_k65",50,"TCRgd_CD141","no_detected_multimodality","no_detected_multimodality","no_detected_multimodality","no_detected_multimodality",TRUE,"stable_across_1000_2000_5000_events"
"inflect_ward_k65",51,"CD11c","ambiguous","ambiguous","detected_multimodality","ambiguous",FALSE,"base_evidence_ambiguous"
"inflect_ward_k65",51,"CD14","detected_multimodality","detected_multimodality","detected_multimodality","detected_multimodality",TRUE,"stable_across_1000_2000_5000_events"
"inflect_ward_k65",51,"CD1c","detected_multimodality","ambiguous","detected_multimodality","ambiguous",FALSE,"sample_size_instability"
"inflect_ward_k65",51,"HLA-DR","detected_multimodality","ambiguous","detected_multimodality","ambiguous",FALSE,"sample_size_instability"
"inflect_ward_k65",52,"CD161","no_detected_multimodality","no_detected_multimodality","no_detected_multimodality","no_detected_multimodality",TRUE,"stable_across_1000_2000_5000_events"
"inflect_ward_k65",52,"CD197_CCR7","ambiguous","no_detected_multimodality","ambiguous","ambiguous",FALSE,"base_evidence_ambiguous"
"inflect_ward_k65",52,"CD1c","ambiguous","no_detected_multimodality","no_detected_multimodality","ambiguous",FALSE,"base_evidence_ambiguous"
"inflect_ward_k65",52,"HLA-DR","no_detected_multimodality","no_detected_multimodality","no_detected_multimodality","no_detected_multimodality",TRUE,"stable_across_1000_2000_5000_events"
"inflect_ward_k65",53,"CD27","detected_multimodality","detected_multimodality","detected_multimodality","detected_multimodality",TRUE,"stable_across_1000_2000_5000_events"
"inflect_ward_k65",54,"CD27","detected_multimodality","detected_multimodality","detected_multimodality","detected_multimodality",TRUE,"stable_across_1000_2000_5000_events"
"inflect_ward_k65",54,"CD7","ambiguous","ambiguous","detected_multimodality","ambiguous",FALSE,"base_evidence_ambiguous"
"inflect_ward_k65",55,"CD27","ambiguous","no_detected_multimodality","no_detected_multimodality","ambiguous",FALSE,"base_evidence_ambiguous"
"inflect_ward_k65",55,"CD45RA","no_detected_multimodality","no_detected_multimodality","no_detected_multimodality","no_detected_multimodality",TRUE,"stable_across_1000_2000_5000_events"
"inflect_ward_k65",56,"CD127","ambiguous","no_detected_multimodality","no_detected_multimodality","ambiguous",FALSE,"base_evidence_ambiguous"
"inflect_ward_k65",56,"CD197_CCR7","ambiguous","no_detected_multimodality","ambiguous","ambiguous",FALSE,"base_evidence_ambiguous"
"inflect_ward_k65",56,"CD25","ambiguous","ambiguous","detected_multimodality","ambiguous",FALSE,"base_evidence_ambiguous"
"inflect_ward_k65",56,"CD8","no_detected_multimodality","no_detected_multimodality","no_detected_multimodality","no_detected_multimodality",TRUE,"stable_across_1000_2000_5000_events"
"inflect_ward_k65",56,"FoxP3","detected_multimodality","ambiguous","detected_multimodality","ambiguous",FALSE,"sample_size_instability"
"inflect_ward_k65",56,"HLA-DR","ambiguous","no_detected_multimodality","no_detected_multimodality","ambiguous",FALSE,"base_evidence_ambiguous"
"inflect_ward_k65",57,"CD14","ambiguous","no_detected_multimodality","detected_multimodality","ambiguous",FALSE,"base_evidence_ambiguous"
"inflect_ward_k65",57,"CD185_CXCR5","ambiguous","no_detected_multimodality","ambiguous","ambiguous",FALSE,"base_evidence_ambiguous"
"inflect_ward_k65",57,"CD19","no_detected_multimodality","no_detected_multimodality","no_detected_multimodality","no_detected_multimodality",TRUE,"stable_across_1000_2000_5000_events"
"inflect_ward_k65",57,"CD197_CCR7","ambiguous","no_detected_multimodality","ambiguous","ambiguous",FALSE,"base_evidence_ambiguous"
"inflect_ward_k65",57,"CD303_TCRvd2","no_detected_multimodality","no_detected_multimodality","no_detected_multimodality","no_detected_multimodality",TRUE,"stable_across_1000_2000_5000_events"
"inflect_ward_k65",57,"CD4","ambiguous","no_detected_multimodality","no_detected_multimodality","ambiguous",FALSE,"base_evidence_ambiguous"
"inflect_ward_k65",58,"CD11c","ambiguous","ambiguous","ambiguous","ambiguous",TRUE,"base_evidence_ambiguous"
"inflect_ward_k65",58,"CD127","no_detected_multimodality","no_detected_multimodality","no_detected_multimodality","no_detected_multimodality",TRUE,"stable_across_1000_2000_5000_events"
"inflect_ward_k65",58,"CD14","ambiguous","ambiguous","ambiguous","ambiguous",TRUE,"base_evidence_ambiguous"
"inflect_ward_k65",58,"CD161","ambiguous","no_detected_multimodality","ambiguous","ambiguous",FALSE,"base_evidence_ambiguous"
"inflect_ward_k65",58,"CD185_CXCR5","ambiguous","ambiguous","ambiguous","ambiguous",TRUE,"base_evidence_ambiguous"
"inflect_ward_k65",58,"CD21","ambiguous","no_detected_multimodality","no_detected_multimodality","ambiguous",FALSE,"base_evidence_ambiguous"
"inflect_ward_k65",58,"CD294_CRTH2","ambiguous","ambiguous","detected_multimodality","ambiguous",FALSE,"base_evidence_ambiguous"
"inflect_ward_k65",58,"CD303_TCRvd2","detected_multimodality","detected_multimodality","detected_multimodality","detected_multimodality",TRUE,"stable_across_1000_2000_5000_events"
"inflect_ward_k65",58,"CD38","ambiguous","ambiguous","detected_multimodality","ambiguous",FALSE,"base_evidence_ambiguous"
"inflect_ward_k65",58,"CD4","detected_multimodality","detected_multimodality","detected_multimodality","detected_multimodality",TRUE,"stable_across_1000_2000_5000_events"
"inflect_ward_k65",58,"CD45RA","detected_multimodality","detected_multimodality","detected_multimodality","detected_multimodality",TRUE,"stable_across_1000_2000_5000_events"
"inflect_ward_k65",58,"CD57","ambiguous","ambiguous","detected_multimodality","ambiguous",FALSE,"base_evidence_ambiguous"
"inflect_ward_k65",58,"CD7","ambiguous","no_detected_multimodality","ambiguous","ambiguous",FALSE,"base_evidence_ambiguous"
"inflect_ward_k65",58,"HLA-DR","detected_multimodality","detected_multimodality","detected_multimodality","detected_multimodality",TRUE,"stable_across_1000_2000_5000_events"
"inflect_ward_k65",58,"Tbet","no_detected_multimodality","no_detected_multimodality","no_detected_multimodality","no_detected_multimodality",TRUE,"stable_across_1000_2000_5000_events"
"inflect_ward_k65",58,"TCRgd_CD141","detected_multimodality","detected_multimodality","detected_multimodality","detected_multimodality",TRUE,"stable_across_1000_2000_5000_events"
"inflect_ward_k65",60,"CD38","ambiguous","no_detected_multimodality","ambiguous","ambiguous",FALSE,"base_evidence_ambiguous"
"inflect_ward_k65",60,"CD45RA","detected_multimodality","ambiguous","detected_multimodality","ambiguous",FALSE,"sample_size_instability"
"inflect_ward_k65",60,"CD7","no_detected_multimodality","no_detected_multimodality","no_detected_multimodality","no_detected_multimodality",TRUE,"stable_across_1000_2000_5000_events"
"inflect_ward_k65",61,"CD14","detected_multimodality","ambiguous","detected_multimodality","ambiguous",FALSE,"sample_size_instability"
"inflect_ward_k65",61,"CD197_CCR7","ambiguous","no_detected_multimodality","ambiguous","ambiguous",FALSE,"base_evidence_ambiguous"
"inflect_ward_k65",61,"CD27","ambiguous","ambiguous","ambiguous","ambiguous",TRUE,"base_evidence_ambiguous"
"inflect_ward_k65",61,"CD294_CRTH2","ambiguous","ambiguous","no_detected_multimodality","ambiguous",FALSE,"base_evidence_ambiguous"
"inflect_ward_k65",61,"CD3","detected_multimodality","detected_multimodality","detected_multimodality","detected_multimodality",TRUE,"stable_across_1000_2000_5000_events"
"inflect_ward_k65",61,"CD303_TCRvd2","no_detected_multimodality","no_detected_multimodality","no_detected_multimodality","no_detected_multimodality",TRUE,"stable_across_1000_2000_5000_events"
"inflect_ward_k65",61,"CD7","detected_multimodality","detected_multimodality","detected_multimodality","detected_multimodality",TRUE,"stable_across_1000_2000_5000_events"
"inflect_ward_k65",61,"TCRgd_CD141","ambiguous","no_detected_multimodality","ambiguous","ambiguous",FALSE,"base_evidence_ambiguous"
"inflect_ward_k65",62,"CD185_CXCR5","ambiguous","ambiguous","ambiguous","ambiguous",TRUE,"base_evidence_ambiguous"
"inflect_ward_k65",62,"CD19","detected_multimodality","detected_multimodality","detected_multimodality","detected_multimodality",TRUE,"stable_across_1000_2000_5000_events"
"inflect_ward_k65",62,"CD21","detected_multimodality","detected_multimodality","detected_multimodality","detected_multimodality",TRUE,"stable_across_1000_2000_5000_events"
"inflect_ward_k65",63,"CD159c_NKG2C","no_detected_multimodality","no_detected_multimodality","no_detected_multimodality","no_detected_multimodality",TRUE,"stable_across_1000_2000_5000_events"
"inflect_ward_k65",64,"CD14","ambiguous","ambiguous","detected_multimodality","ambiguous",FALSE,"base_evidence_ambiguous"
"inflect_ward_k65",64,"CD159c_NKG2C","ambiguous","no_detected_multimodality","ambiguous","ambiguous",FALSE,"base_evidence_ambiguous"
"inflect_ward_k65",64,"CD185_CXCR5","ambiguous","ambiguous","detected_multimodality","ambiguous",FALSE,"base_evidence_ambiguous"
"inflect_ward_k65",64,"CD21","ambiguous","no_detected_multimodality","ambiguous","ambiguous",FALSE,"base_evidence_ambiguous"
"inflect_ward_k65",64,"CD25","no_detected_multimodality","no_detected_multimodality","no_detected_multimodality","no_detected_multimodality",TRUE,"stable_across_1000_2000_5000_events"
"inflect_ward_k65",64,"CD27","ambiguous","ambiguous","detected_multimodality","ambiguous",FALSE,"base_evidence_ambiguous"
"inflect_ward_k65",64,"CD38","detected_multimodality","detected_multimodality","detected_multimodality","detected_multimodality",TRUE,"stable_across_1000_2000_5000_events"
"inflect_ward_k65",64,"CD57","ambiguous","ambiguous","no_detected_multimodality","ambiguous",FALSE,"base_evidence_ambiguous"
"inflect_ward_k65",64,"CD7","detected_multimodality","ambiguous","detected_multimodality","ambiguous",FALSE,"sample_size_instability"
"inflect_ward_k65",64,"FoxP3","ambiguous","no_detected_multimodality","no_detected_multimodality","ambiguous",FALSE,"base_evidence_ambiguous"
"inflect_ward_k65",65,"CD127","ambiguous","no_detected_multimodality","ambiguous","ambiguous",FALSE,"base_evidence_ambiguous"
"inflect_ward_k65",65,"CD19","no_detected_multimodality","no_detected_multimodality","no_detected_multimodality","no_detected_multimodality",TRUE,"stable_across_1000_2000_5000_events"
"inflect_ward_k65",65,"CD27","ambiguous","no_detected_multimodality","ambiguous","ambiguous",FALSE,"base_evidence_ambiguous"
"inflect_ward_k65",65,"CD303_TCRvd2","no_detected_multimodality","no_detected_multimodality","no_detected_multimodality","no_detected_multimodality",TRUE,"stable_across_1000_2000_5000_events"
"inflect_ward_k65",65,"CD7","ambiguous","no_detected_multimodality","ambiguous","ambiguous",FALSE,"base_evidence_ambiguous"
