"solution_id","cluster","cluster_events","marker","status","reason","valid_seeds","both_reject_seeds","dip_reject_seeds","acr_reject_seeds","min_dip_q","min_acr_q","size_stratum","refinement_reason"
"flowsom_consensus_k62_seed1",1,1142694,"CD11c","detected_multimodality","both tests reject in at least two seeds",3,3,3,3,0.00266462834447562,0,4,"detected_multimodality"
"flowsom_consensus_k62_seed1",1,1142694,"CD127","no_detected_multimodality","neither test rejects in any seed",3,0,0,0,1,0.541859164876556,4,"stratified_5_percent_pass_audit"
"flowsom_consensus_k62_seed1",1,1142694,"CD161","detected_multimodality","both tests reject in at least two seeds",3,3,3,3,0,0,4,"detected_multimodality"
"flowsom_consensus_k62_seed1",1,1142694,"CD21","no_detected_multimodality","neither test rejects in any seed",3,0,0,0,1,0.361980990495248,4,"stratified_5_percent_pass_audit"
"flowsom_consensus_k62_seed1",1,1142694,"CD56","ambiguous","borderline_q",3,0,0,0,1,0.0675337668834417,4,"ambiguous"
"flowsom_consensus_k62_seed1",1,1142694,"CD57","ambiguous","discordant_tests;seed_instability",3,0,0,1,1,0,4,"ambiguous"
"flowsom_consensus_k62_seed1",2,354507,"CD303_TCRvd2","no_detected_multimodality","neither test rejects in any seed",3,0,0,0,1,0.947498749374687,4,"stratified_5_percent_pass_audit"
"flowsom_consensus_k62_seed1",2,354507,"CD57","no_detected_multimodality","neither test rejects in any seed",3,0,0,0,1,0.809504752376188,4,"stratified_5_percent_pass_audit"
"flowsom_consensus_k62_seed1",3,336749,"CD14","no_detected_multimodality","neither test rejects in any seed",3,0,0,0,1,0.655077538769385,4,"stratified_5_percent_pass_audit"
"flowsom_consensus_k62_seed1",3,336749,"CD159c_NKG2C","detected_multimodality","both tests reject in at least two seeds",3,3,3,3,0,0,4,"detected_multimodality"
"flowsom_consensus_k62_seed1",3,336749,"CD56","no_detected_multimodality","neither test rejects in any seed",3,0,0,0,1,0.220610305152576,4,"stratified_5_percent_pass_audit"
"flowsom_consensus_k62_seed1",3,336749,"CD57","detected_multimodality","both tests reject in at least two seeds",3,3,3,3,0,0,4,"detected_multimodality"
"flowsom_consensus_k62_seed1",4,228900,"CD159c_NKG2C","no_detected_multimodality","neither test rejects in any seed",3,0,0,0,0.999914933075309,0.121560780390195,3,"stratified_5_percent_pass_audit"
"flowsom_consensus_k62_seed1",4,228900,"CD27","no_detected_multimodality","neither test rejects in any seed",3,0,0,0,0.999914933075309,0.537268634317159,3,"stratified_5_percent_pass_audit"
"flowsom_consensus_k62_seed1",4,228900,"CD3","detected_multimodality","both tests reject in at least two seeds",3,3,3,3,0,0,3,"detected_multimodality"
"flowsom_consensus_k62_seed1",4,228900,"CD57","detected_multimodality","both tests reject in at least two seeds",3,3,3,3,0,0,3,"detected_multimodality"
"flowsom_consensus_k62_seed1",5,340676,"CD11c","detected_multimodality","both tests reject in at least two seeds",3,3,3,3,0,0,4,"detected_multimodality"
"flowsom_consensus_k62_seed1",5,340676,"CD1c","no_detected_multimodality","neither test rejects in any seed",3,0,0,0,1,0.777988994497249,4,"stratified_5_percent_pass_audit"
"flowsom_consensus_k62_seed1",5,340676,"CD294_CRTH2","no_detected_multimodality","neither test rejects in any seed",3,0,0,0,1,0.7797080358361,4,"stratified_5_percent_pass_audit"
"flowsom_consensus_k62_seed1",5,340676,"CD3","detected_multimodality","both tests reject in at least two seeds",3,3,3,3,0,0,4,"detected_multimodality"
"flowsom_consensus_k62_seed1",5,340676,"CD57","detected_multimodality","both tests reject in at least two seeds",3,3,3,3,0,0,4,"detected_multimodality"
"flowsom_consensus_k62_seed1",5,340676,"CD7","no_detected_multimodality","neither test rejects in any seed",3,0,0,0,1,0.796148074037018,4,"stratified_5_percent_pass_audit"
"flowsom_consensus_k62_seed1",6,286433,"CD11c","detected_multimodality","both tests reject in at least two seeds",3,2,2,3,0,0,4,"detected_multimodality"
"flowsom_consensus_k62_seed1",6,286433,"CD161","ambiguous","discordant_tests;seed_instability;borderline_q",3,1,1,3,0.00859776156423264,0,4,"ambiguous"
"flowsom_consensus_k62_seed1",6,286433,"CD185_CXCR5","no_detected_multimodality","neither test rejects in any seed",3,0,0,0,1,0.934967483741871,4,"stratified_5_percent_pass_audit"
"flowsom_consensus_k62_seed1",6,286433,"CD3","ambiguous","borderline_q",3,0,0,0,1,0.0702351175587794,4,"ambiguous"
"flowsom_consensus_k62_seed1",6,286433,"CD57","ambiguous","discordant_tests;seed_instability",3,1,1,3,0.0371792390243053,0,4,"ambiguous"
"flowsom_consensus_k62_seed1",6,286433,"CD8","no_detected_multimodality","neither test rejects in any seed",3,0,0,0,1,0.737468734367184,4,"stratified_5_percent_pass_audit"
"flowsom_consensus_k62_seed1",6,286433,"Tbet","ambiguous","discordant_tests;seed_instability",3,0,0,1,1,0.0180090045022511,4,"ambiguous"
"flowsom_consensus_k62_seed1",7,128303,"CD11c","ambiguous","discordant_tests;seed_instability",3,0,0,1,0.567183341243992,0,3,"ambiguous"
"flowsom_consensus_k62_seed1",7,128303,"CD127","no_detected_multimodality","neither test rejects in any seed",3,0,0,0,1,0.621310655327664,3,"stratified_5_percent_pass_audit"
"flowsom_consensus_k62_seed1",7,128303,"CD14","no_detected_multimodality","neither test rejects in any seed",3,0,0,0,1,0.715857928964482,3,"stratified_5_percent_pass_audit"
"flowsom_consensus_k62_seed1",7,128303,"CD159c_NKG2C","ambiguous","discordant_tests;seed_instability;borderline_q",3,0,0,1,0.343875915617,0,3,"ambiguous"
"flowsom_consensus_k62_seed1",7,128303,"CD45RA","no_detected_multimodality","neither test rejects in any seed",3,0,0,0,1,0.642184728728,3,"stratified_5_percent_pass_audit"
"flowsom_consensus_k62_seed1",7,128303,"CD56","no_detected_multimodality","neither test rejects in any seed",3,0,0,0,1,0.851964443760342,3,"stratified_5_percent_pass_audit"
"flowsom_consensus_k62_seed1",7,128303,"CD57","detected_multimodality","both tests reject in at least two seeds",3,3,3,3,0,0,3,"detected_multimodality"
"flowsom_consensus_k62_seed1",8,280345,"CD11c","ambiguous","discordant_tests;seed_instability",3,0,0,1,0.999318414492356,0.0135067533766883,4,"ambiguous"
"flowsom_consensus_k62_seed1",8,280345,"CD159c_NKG2C","ambiguous","discordant_tests;seed_instability",3,0,0,1,0.999318414492356,0.00675337668834417,4,"ambiguous"
"flowsom_consensus_k62_seed1",8,280345,"CD197_CCR7","no_detected_multimodality","neither test rejects in any seed",3,0,0,0,0.999318414492356,0.653148002572715,4,"stratified_5_percent_pass_audit"
"flowsom_consensus_k62_seed1",8,280345,"CD27","no_detected_multimodality","neither test rejects in any seed",3,0,0,0,0.999318414492356,0.513256628314157,4,"stratified_5_percent_pass_audit"
"flowsom_consensus_k62_seed1",8,280345,"CD57","detected_multimodality","both tests reject in at least two seeds",3,3,3,3,0,0,4,"detected_multimodality"
"flowsom_consensus_k62_seed1",8,280345,"FoxP3","ambiguous","borderline_q",3,0,0,0,0.999318414492356,0.0990495247623812,4,"ambiguous"
"flowsom_consensus_k62_seed1",8,280345,"HLA-DR","no_detected_multimodality","neither test rejects in any seed",3,0,0,0,0.999318414492356,0.918459229614807,4,"stratified_5_percent_pass_audit"
"flowsom_consensus_k62_seed1",9,58949,"CD159c_NKG2C","ambiguous","discordant_tests;seed_instability",3,1,1,3,0.018985960619372,0,2,"ambiguous"
"flowsom_consensus_k62_seed1",9,58949,"CD16","no_detected_multimodality","neither test rejects in any seed",3,0,0,0,0.999235037047361,0.751650825412706,2,"stratified_5_percent_pass_audit"
"flowsom_consensus_k62_seed1",9,58949,"CD1c","no_detected_multimodality","neither test rejects in any seed",3,0,0,0,0.999235037047361,0.813106553276638,2,"stratified_5_percent_pass_audit"
"flowsom_consensus_k62_seed1",9,58949,"CD21","no_detected_multimodality","neither test rejects in any seed",3,0,0,0,0.999235037047361,0.751650825412706,2,"stratified_5_percent_pass_audit"
"flowsom_consensus_k62_seed1",9,58949,"CD27","ambiguous","discordant_tests;seed_instability",3,0,0,1,0.999235037047361,0.00337668834417209,2,"ambiguous"
"flowsom_consensus_k62_seed1",9,58949,"CD3","ambiguous","discordant_tests;seed_instability",3,0,0,1,0.999235037047361,0.040520260130065,2,"ambiguous"
"flowsom_consensus_k62_seed1",9,58949,"CD56","detected_multimodality","both tests reject in at least two seeds",3,2,2,3,5.1954264628451e-05,0,2,"detected_multimodality"
"flowsom_consensus_k62_seed1",9,58949,"CD57","ambiguous","discordant_tests;seed_instability",3,1,1,3,0.0219737892498909,0,2,"ambiguous"
"flowsom_consensus_k62_seed1",10,6767911,"CD11c","ambiguous","discordant_tests;seed_instability",3,0,0,1,1,0.0351175587793897,4,"ambiguous"
"flowsom_consensus_k62_seed1",10,6767911,"CD127","ambiguous","discordant_tests;seed_instability",3,0,0,1,0.644901112867408,0.00675337668834417,4,"ambiguous"
"flowsom_consensus_k62_seed1",10,6767911,"CD197_CCR7","detected_multimodality","both tests reject in at least two seeds",3,3,3,3,0,0,4,"detected_multimodality"
"flowsom_consensus_k62_seed1",10,6767911,"CD27","detected_multimodality","both tests reject in at least two seeds",3,3,3,3,0,0,4,"detected_multimodality"
"flowsom_consensus_k62_seed1",10,6767911,"CD38","no_detected_multimodality","neither test rejects in any seed",3,0,0,0,1,0.709104552276138,4,"stratified_5_percent_pass_audit"
"flowsom_consensus_k62_seed1",10,6767911,"CD45RA","detected_multimodality","both tests reject in at least two seeds",3,3,3,3,0,0,4,"detected_multimodality"
"flowsom_consensus_k62_seed1",10,6767911,"Tbet","ambiguous","discordant_tests;seed_instability",3,0,0,2,0.552568376688965,0,4,"ambiguous"
"flowsom_consensus_k62_seed1",11,133612,"CD11c","ambiguous","discordant_tests;seed_instability",3,0,0,1,0.927773239033098,0,3,"ambiguous"
"flowsom_consensus_k62_seed1",11,133612,"CD159c_NKG2C","detected_multimodality","both tests reject in at least two seeds",3,3,3,3,0,0,3,"detected_multimodality"
"flowsom_consensus_k62_seed1",11,133612,"CD16","ambiguous","discordant_tests;seed_instability",3,1,1,2,0.00429356966941968,0,3,"ambiguous"
"flowsom_consensus_k62_seed1",11,133612,"CD161","ambiguous","borderline_q",3,0,0,0,0.99898875909332,0.0636746944901022,3,"ambiguous"
"flowsom_consensus_k62_seed1",11,133612,"CD197_CCR7","no_detected_multimodality","neither test rejects in any seed",3,0,0,0,0.99898875909332,0.490745372686343,3,"stratified_5_percent_pass_audit"
"flowsom_consensus_k62_seed1",11,133612,"CD294_CRTH2","no_detected_multimodality","neither test rejects in any seed",3,0,0,0,0.99898875909332,0.780690345172586,3,"stratified_5_percent_pass_audit"
"flowsom_consensus_k62_seed1",11,133612,"CD3","ambiguous","discordant_tests;seed_instability",3,0,0,2,0.99898875909332,0.0270135067533767,3,"ambiguous"
"flowsom_consensus_k62_seed1",11,133612,"FoxP3","ambiguous","borderline_q",3,0,0,0,0.99898875909332,0.0540270135067534,3,"ambiguous"
"flowsom_consensus_k62_seed1",11,133612,"HLA-DR","ambiguous","discordant_tests;seed_instability",3,0,0,1,0.99898875909332,0.00675337668834417,3,"ambiguous"
"flowsom_consensus_k62_seed1",12,46765,"CD11c","detected_multimodality","both tests reject in at least two seeds",3,2,2,3,0.0172671842530137,0,2,"detected_multimodality"
"flowsom_consensus_k62_seed1",12,46765,"CD127","no_detected_multimodality","neither test rejects in any seed",3,0,0,0,1,0.953476738369185,2,"stratified_5_percent_pass_audit"
"flowsom_consensus_k62_seed1",12,46765,"CD161","ambiguous","discordant_tests;seed_instability;borderline_q",3,0,0,1,1,0.0202601300650325,2,"ambiguous"
"flowsom_consensus_k62_seed1",12,46765,"CD197_CCR7","no_detected_multimodality","neither test rejects in any seed",3,0,0,0,1,0.953476738369185,2,"stratified_5_percent_pass_audit"
"flowsom_consensus_k62_seed1",12,46765,"CD3","detected_multimodality","both tests reject in at least two seeds",3,3,3,3,0,0,2,"detected_multimodality"
"flowsom_consensus_k62_seed1",12,46765,"CD303_TCRvd2","ambiguous","discordant_tests;seed_instability",3,0,0,1,1,0.0378189094547274,2,"ambiguous"
"flowsom_consensus_k62_seed1",12,46765,"CD56","detected_multimodality","both tests reject in at least two seeds",3,3,3,3,0.00204847209847514,0,2,"detected_multimodality"
"flowsom_consensus_k62_seed1",12,46765,"CD57","ambiguous","discordant_tests;seed_instability;borderline_q",3,0,0,1,1,0.0101300650325163,2,"ambiguous"
"flowsom_consensus_k62_seed1",13,608176,"CD11c","no_detected_multimodality","neither test rejects in any seed",3,0,0,0,0.999107301188409,0.488494247123562,4,"stratified_5_percent_pass_audit"
"flowsom_consensus_k62_seed1",13,608176,"CD16","ambiguous","discordant_tests;seed_instability",3,0,0,1,0.999107301188409,0.0337668834417209,4,"ambiguous"
"flowsom_consensus_k62_seed1",13,608176,"CD3","no_detected_multimodality","neither test rejects in any seed",3,0,0,0,0.999107301188409,0.371435717858929,4,"stratified_5_percent_pass_audit"
"flowsom_consensus_k62_seed1",13,608176,"CD57","detected_multimodality","both tests reject in at least two seeds",3,3,3,3,0,0,4,"detected_multimodality"
"flowsom_consensus_k62_seed1",13,608176,"FoxP3","no_detected_multimodality","neither test rejects in any seed",3,0,0,0,0.999107301188409,0.467671335667834,4,"stratified_5_percent_pass_audit"
"flowsom_consensus_k62_seed1",13,608176,"TCRgd_CD141","ambiguous","discordant_tests;seed_instability",3,0,0,1,0.999107301188409,0,4,"ambiguous"
"flowsom_consensus_k62_seed1",14,31262,"CD11c","ambiguous","discordant_tests;seed_instability",3,0,0,2,0.144283692959292,0,2,"ambiguous"
"flowsom_consensus_k62_seed1",14,31262,"CD161","detected_multimodality","both tests reject in at least two seeds",3,3,3,3,0,0,2,"detected_multimodality"
"flowsom_consensus_k62_seed1",14,31262,"CD185_CXCR5","no_detected_multimodality","neither test rejects in any seed",3,0,0,0,1,0.925962981490745,2,"stratified_5_percent_pass_audit"
"flowsom_consensus_k62_seed1",14,31262,"CD19","no_detected_multimodality","neither test rejects in any seed",3,0,0,0,1,0.192471235617809,2,"stratified_5_percent_pass_audit"
"flowsom_consensus_k62_seed1",14,31262,"CD303_TCRvd2","ambiguous","discordant_tests;seed_instability",3,0,0,1,1,0,2,"ambiguous"
"flowsom_consensus_k62_seed1",14,31262,"CD38","no_detected_multimodality","neither test rejects in any seed",3,0,0,0,1,0.184592296148074,2,"stratified_5_percent_pass_audit"
"flowsom_consensus_k62_seed1",14,31262,"CD4","no_detected_multimodality","neither test rejects in any seed",3,0,0,0,1,0.710230115057529,2,"stratified_5_percent_pass_audit"
"flowsom_consensus_k62_seed1",14,31262,"CD57","no_detected_multimodality","neither test rejects in any seed",3,0,0,0,1,0.542971485742871,2,"stratified_5_percent_pass_audit"
"flowsom_consensus_k62_seed1",14,31262,"CD8","no_detected_multimodality","neither test rejects in any seed",3,0,0,0,1,0.925962981490745,2,"stratified_5_percent_pass_audit"
"flowsom_consensus_k62_seed1",14,31262,"HLA-DR","no_detected_multimodality","neither test rejects in any seed",3,0,0,0,1,0.276888444222111,2,"stratified_5_percent_pass_audit"
"flowsom_consensus_k62_seed1",14,31262,"TCRgd_CD141","ambiguous","discordant_tests;seed_instability",3,0,0,1,0.55097038834715,0,2,"ambiguous"
"flowsom_consensus_k62_seed1",15,57019,"CD11c","ambiguous","discordant_tests;seed_instability",3,1,1,2,0.00116055936919957,0,2,"ambiguous"
"flowsom_consensus_k62_seed1",15,57019,"CD14","no_detected_multimodality","neither test rejects in any seed",3,0,0,0,1,0.938105416344536,2,"stratified_5_percent_pass_audit"
"flowsom_consensus_k62_seed1",15,57019,"CD185_CXCR5","ambiguous","borderline_q",3,0,0,0,1,0.0585292646323162,2,"ambiguous"
"flowsom_consensus_k62_seed1",15,57019,"CD56","no_detected_multimodality","neither test rejects in any seed",3,0,0,0,1,0.3991995997999,2,"stratified_5_percent_pass_audit"
"flowsom_consensus_k62_seed1",15,57019,"FoxP3","no_detected_multimodality","neither test rejects in any seed",3,0,0,0,1,0.423904259822219,2,"stratified_5_percent_pass_audit"
"flowsom_consensus_k62_seed1",15,57019,"Tbet","detected_multimodality","both tests reject in at least two seeds",3,3,3,3,0,0,2,"detected_multimodality"
"flowsom_consensus_k62_seed1",16,22500,"CD11c","ambiguous","discordant_tests;seed_instability;borderline_q",3,0,0,1,1,0,2,"ambiguous"
"flowsom_consensus_k62_seed1",16,22500,"CD159c_NKG2C","ambiguous","borderline_q",3,0,0,0,1,0.0585292646323162,2,"ambiguous"
"flowsom_consensus_k62_seed1",16,22500,"CD161","ambiguous","discordant_tests;seed_instability",3,0,0,1,0.159224711693474,0.00810405202601301,2,"ambiguous"
"flowsom_consensus_k62_seed1",16,22500,"CD27","ambiguous","discordant_tests;seed_instability",3,0,0,1,1,0.0351175587793897,2,"ambiguous"
"flowsom_consensus_k62_seed1",16,22500,"CD45RA","ambiguous","discordant_tests;seed_instability;borderline_q",3,0,0,2,0.124710686818372,0,2,"ambiguous"
"flowsom_consensus_k62_seed1",16,22500,"CD56","detected_multimodality","both tests reject in at least two seeds",3,3,3,3,0,0,2,"detected_multimodality"
"flowsom_consensus_k62_seed1",16,22500,"CD7","detected_multimodality","both tests reject in at least two seeds",3,3,3,3,0,0,2,"detected_multimodality"
"flowsom_consensus_k62_seed1",16,22500,"FoxP3","detected_multimodality","both tests reject in at least two seeds",3,3,3,3,0,0,2,"detected_multimodality"
"flowsom_consensus_k62_seed1",17,132476,"CD159c_NKG2C","detected_multimodality","both tests reject in at least two seeds",3,3,3,3,0.000216941644808344,0,3,"detected_multimodality"
"flowsom_consensus_k62_seed1",17,132476,"CD25","no_detected_multimodality","neither test rejects in any seed",3,0,0,0,1,0.964982491245623,3,"stratified_5_percent_pass_audit"
"flowsom_consensus_k62_seed1",17,132476,"FoxP3","no_detected_multimodality","neither test rejects in any seed",3,0,0,0,1,0.697156270442914,3,"stratified_5_percent_pass_audit"
"flowsom_consensus_k62_seed1",18,28208,"CD56","ambiguous","discordant_tests",3,0,0,3,0.428415089048378,0,2,"ambiguous"
"flowsom_consensus_k62_seed1",18,28208,"CD57","ambiguous","discordant_tests;seed_instability",3,0,0,1,0.999029535699026,0.0135067533766883,2,"ambiguous"
"flowsom_consensus_k62_seed1",18,28208,"TCRgd_CD141","ambiguous","discordant_tests;seed_instability;borderline_q",3,0,0,2,0.999029535699026,0,2,"ambiguous"
"flowsom_consensus_k62_seed1",19,131251,"CD11c","ambiguous","discordant_tests;seed_instability",3,0,0,1,1,0.00675337668834417,3,"ambiguous"
"flowsom_consensus_k62_seed1",19,131251,"CD3","detected_multimodality","both tests reject in at least two seeds",3,3,3,3,0,0,3,"detected_multimodality"
"flowsom_consensus_k62_seed1",19,131251,"CD7","ambiguous","discordant_tests;seed_instability",3,0,0,1,1,0.0225112556278139,3,"ambiguous"
"flowsom_consensus_k62_seed1",20,219490,"CD16","ambiguous","discordant_tests;seed_instability",3,0,0,1,1,0.00675337668834417,3,"ambiguous"
"flowsom_consensus_k62_seed1",20,219490,"CD161","ambiguous","discordant_tests;seed_instability",3,0,0,1,1,0.0168834417208604,3,"ambiguous"
"flowsom_consensus_k62_seed1",20,219490,"CD3","detected_multimodality","both tests reject in at least two seeds",3,3,3,3,0,0,3,"detected_multimodality"
"flowsom_consensus_k62_seed1",20,219490,"CD303_TCRvd2","ambiguous","discordant_tests;seed_instability;borderline_q",3,1,1,3,0.0114299493221855,0,3,"ambiguous"
"flowsom_consensus_k62_seed1",20,219490,"CD45RA","ambiguous","discordant_tests;seed_instability",3,0,0,2,1,0.00450225112556278,3,"ambiguous"
"flowsom_consensus_k62_seed1",20,219490,"CD57","ambiguous","discordant_tests;seed_instability",3,0,0,2,0.945102130894899,0.00675337668834417,3,"ambiguous"
"flowsom_consensus_k62_seed1",20,219490,"CD8","no_detected_multimodality","neither test rejects in any seed",3,0,0,0,1,0.698974487243622,3,"stratified_5_percent_pass_audit"
"flowsom_consensus_k62_seed1",21,244991,"CD16","no_detected_multimodality","neither test rejects in any seed",3,0,0,0,0.999957315010685,0.678714357178589,3,"stratified_5_percent_pass_audit"
"flowsom_consensus_k62_seed1",21,244991,"CD161","detected_multimodality","both tests reject in at least two seeds",3,3,3,3,0,0,3,"detected_multimodality"
"flowsom_consensus_k62_seed1",21,244991,"CD1c","no_detected_multimodality","neither test rejects in any seed",3,0,0,0,0.999957315010685,0.869834917458729,3,"stratified_5_percent_pass_audit"
"flowsom_consensus_k62_seed1",21,244991,"CD21","no_detected_multimodality","neither test rejects in any seed",3,0,0,0,0.999957315010685,0.959479739869935,3,"stratified_5_percent_pass_audit"
"flowsom_consensus_k62_seed1",21,244991,"CD27","detected_multimodality","both tests reject in at least two seeds",3,3,3,3,0,0,3,"detected_multimodality"
"flowsom_consensus_k62_seed1",22,90032,"CD19","no_detected_multimodality","neither test rejects in any seed",3,0,0,0,1,0.772886443221611,3,"stratified_5_percent_pass_audit"
"flowsom_consensus_k62_seed1",22,90032,"CD38","no_detected_multimodality","neither test rejects in any seed",3,0,0,0,1,0.253926963481741,3,"stratified_5_percent_pass_audit"
"flowsom_consensus_k62_seed1",22,90032,"CD57","no_detected_multimodality","neither test rejects in any seed",3,0,0,0,1,0.108054027013507,3,"stratified_5_percent_pass_audit"
"flowsom_consensus_k62_seed1",23,122981,"CD161","ambiguous","discordant_tests;seed_instability;borderline_q",3,1,1,3,0.0182550994731806,0,3,"ambiguous"
"flowsom_consensus_k62_seed1",23,122981,"CD185_CXCR5","ambiguous","borderline_q",3,0,0,0,1,0.0997165249291312,3,"ambiguous"
"flowsom_consensus_k62_seed1",23,122981,"CD3","no_detected_multimodality","neither test rejects in any seed",3,0,0,0,1,0.425498463517473,3,"stratified_5_percent_pass_audit"
"flowsom_consensus_k62_seed1",23,122981,"CD38","detected_multimodality","both tests reject in at least two seeds",3,3,3,3,0,0,3,"detected_multimodality"
"flowsom_consensus_k62_seed1",23,122981,"CD45RA","ambiguous","discordant_tests;seed_instability",3,0,0,1,1,0.0130065032516258,3,"ambiguous"
"flowsom_consensus_k62_seed1",23,122981,"CD7","detected_multimodality","both tests reject in at least two seeds",3,2,2,3,0.00121897138482348,0,3,"detected_multimodality"
"flowsom_consensus_k62_seed1",23,122981,"FoxP3","detected_multimodality","both tests reject in at least two seeds",3,3,3,3,0,0,3,"detected_multimodality"
"flowsom_consensus_k62_seed1",23,122981,"HLA-DR","no_detected_multimodality","neither test rejects in any seed",3,0,0,0,1,0.486814835989423,3,"stratified_5_percent_pass_audit"
"flowsom_consensus_k62_seed1",23,122981,"Tbet","no_detected_multimodality","neither test rejects in any seed",3,0,0,0,1,0.710299594241565,3,"stratified_5_percent_pass_audit"
"flowsom_consensus_k62_seed1",24,11368,"CD159c_NKG2C","detected_multimodality","both tests reject in at least two seeds",3,3,3,3,0,0,1,"detected_multimodality"
"flowsom_consensus_k62_seed1",24,11368,"CD197_CCR7","no_detected_multimodality","neither test rejects in any seed",3,0,0,0,1,0.871935967983992,1,"stratified_5_percent_pass_audit"
"flowsom_consensus_k62_seed1",24,11368,"CD21","ambiguous","borderline_q",3,0,0,0,1,0.0864432216108054,1,"ambiguous"
"flowsom_consensus_k62_seed1",24,11368,"CD3","detected_multimodality","both tests reject in at least two seeds",3,3,3,3,0,0,1,"detected_multimodality"
"flowsom_consensus_k62_seed1",24,11368,"CD38","ambiguous","discordant_tests;seed_instability;borderline_q",3,0,0,1,1,0.0225112556278139,1,"ambiguous"
"flowsom_consensus_k62_seed1",24,11368,"CD56","ambiguous","discordant_tests;seed_instability",3,0,0,1,1,0.0270135067533767,1,"ambiguous"
"flowsom_consensus_k62_seed1",24,11368,"CD7","no_detected_multimodality","neither test rejects in any seed",3,0,0,0,1,0.823011505752876,1,"stratified_5_percent_pass_audit"
"flowsom_consensus_k62_seed1",25,84036,"CD127","detected_multimodality","both tests reject in at least two seeds",3,3,3,3,0.00497853351383635,0,2,"detected_multimodality"
"flowsom_consensus_k62_seed1",25,84036,"CD159c_NKG2C","ambiguous","discordant_tests;seed_instability",3,0,0,1,1,0.0247623811905953,2,"ambiguous"
"flowsom_consensus_k62_seed1",25,84036,"CD161","detected_multimodality","both tests reject in at least two seeds",3,3,3,3,2.66022754714657e-05,0,2,"detected_multimodality"
"flowsom_consensus_k62_seed1",25,84036,"CD25","no_detected_multimodality","neither test rejects in any seed",3,0,0,0,1,0.270135067533767,2,"stratified_5_percent_pass_audit"
"flowsom_consensus_k62_seed1",25,84036,"CD27","detected_multimodality","both tests reject in at least two seeds",3,3,3,3,0,0,2,"detected_multimodality"
"flowsom_consensus_k62_seed1",25,84036,"CD303_TCRvd2","detected_multimodality","both tests reject in at least two seeds",3,3,3,3,0,0,2,"detected_multimodality"
"flowsom_consensus_k62_seed1",25,84036,"Tbet","ambiguous","discordant_tests;seed_instability",3,0,0,1,0.303254411517371,0.00675337668834417,2,"ambiguous"
"flowsom_consensus_k62_seed1",25,84036,"TCRgd_CD141","detected_multimodality","both tests reject in at least two seeds",3,3,3,3,0,0,2,"detected_multimodality"
"flowsom_consensus_k62_seed1",26,724975,"CD11c","ambiguous","discordant_tests;seed_instability",3,0,0,1,0.999383235879477,0.0315157578789395,4,"ambiguous"
"flowsom_consensus_k62_seed1",26,724975,"CD159c_NKG2C","ambiguous","discordant_tests;seed_instability",3,0,0,1,0.999383235879477,0.032416208104052,4,"ambiguous"
"flowsom_consensus_k62_seed1",26,724975,"CD16","detected_multimodality","both tests reject in at least two seeds",3,3,3,3,0,0,4,"detected_multimodality"
"flowsom_consensus_k62_seed1",26,724975,"CD185_CXCR5","ambiguous","discordant_tests;seed_instability",3,0,0,2,0.999383235879477,0,4,"ambiguous"
"flowsom_consensus_k62_seed1",26,724975,"CD19","no_detected_multimodality","neither test rejects in any seed",3,0,0,0,0.999383235879477,0.659901379261059,4,"stratified_5_percent_pass_audit"
"flowsom_consensus_k62_seed1",26,724975,"CD21","ambiguous","discordant_tests;seed_instability",3,1,1,3,0.0138791614464484,0,4,"ambiguous"
"flowsom_consensus_k62_seed1",26,724975,"CD3","ambiguous","borderline_q",3,0,0,0,0.999383235879477,0.0621310655327664,4,"ambiguous"
"flowsom_consensus_k62_seed1",26,724975,"CD38","ambiguous","discordant_tests",3,0,0,3,0.340023775382452,0,4,"ambiguous"
"flowsom_consensus_k62_seed1",26,724975,"CD4","no_detected_multimodality","neither test rejects in any seed",3,0,0,0,0.999383235879477,0.539305366969199,4,"stratified_5_percent_pass_audit"
"flowsom_consensus_k62_seed1",26,724975,"CD45RA","ambiguous","discordant_tests;seed_instability;borderline_q",3,0,0,1,0.609273994866772,0,4,"ambiguous"
"flowsom_consensus_k62_seed1",26,724975,"CD57","ambiguous","borderline_q",3,0,0,0,0.999383235879477,0.0752519116701208,4,"ambiguous"
"flowsom_consensus_k62_seed1",27,173141,"CD11c","ambiguous","discordant_tests;seed_instability",3,0,0,1,1,0.0371435717858929,3,"ambiguous"
"flowsom_consensus_k62_seed1",27,173141,"CD16","ambiguous","borderline_q",3,0,0,0,1,0.0742871435717859,3,"ambiguous"
"flowsom_consensus_k62_seed1",27,173141,"CD161","ambiguous","discordant_tests;seed_instability;borderline_q",3,1,1,2,0.0280046604352663,0,3,"ambiguous"
"flowsom_consensus_k62_seed1",27,173141,"CD56","ambiguous","discordant_tests",3,0,0,3,1,0,3,"ambiguous"
"flowsom_consensus_k62_seed1",27,173141,"CD7","ambiguous","borderline_q",3,0,0,0,1,0.0607803901950975,3,"ambiguous"
"flowsom_consensus_k62_seed1",27,173141,"Tbet","ambiguous","discordant_tests",3,0,0,3,0.185576929028689,0,3,"ambiguous"
"flowsom_consensus_k62_seed1",27,173141,"TCRgd_CD141","no_detected_multimodality","neither test rejects in any seed",3,0,0,0,1,0.975487743871936,3,"stratified_5_percent_pass_audit"
"flowsom_consensus_k62_seed1",28,241701,"CD11c","no_detected_multimodality","neither test rejects in any seed",3,0,0,0,1,0.148574287143572,3,"stratified_5_percent_pass_audit"
"flowsom_consensus_k62_seed1",28,241701,"CD161","ambiguous","discordant_tests",3,0,0,3,0.114495611539395,0,3,"ambiguous"
"flowsom_consensus_k62_seed1",28,241701,"CD38","detected_multimodality","both tests reject in at least two seeds",3,2,2,3,0.00340926444372647,0,3,"detected_multimodality"
"flowsom_consensus_k62_seed1",29,105074,"CD11c","ambiguous","discordant_tests;borderline_q",3,0,0,3,0.0784784977290899,0,3,"ambiguous"
"flowsom_consensus_k62_seed1",29,105074,"CD159c_NKG2C","detected_multimodality","both tests reject in at least two seeds",3,3,3,3,0.00472521620425598,0,3,"detected_multimodality"
"flowsom_consensus_k62_seed1",29,105074,"CD161","no_detected_multimodality","neither test rejects in any seed",3,0,0,0,1,0.943123735780934,3,"stratified_5_percent_pass_audit"
"flowsom_consensus_k62_seed1",29,105074,"CD3","ambiguous","discordant_tests;borderline_q",3,0,0,3,0.0639320363073289,0,3,"ambiguous"
"flowsom_consensus_k62_seed1",29,105074,"CD303_TCRvd2","no_detected_multimodality","neither test rejects in any seed",3,0,0,0,1,0.847548774387194,3,"stratified_5_percent_pass_audit"
"flowsom_consensus_k62_seed1",29,105074,"CD56","ambiguous","discordant_tests;seed_instability",3,0,0,1,1,0.032416208104052,3,"ambiguous"
"flowsom_consensus_k62_seed1",29,105074,"CD57","detected_multimodality","both tests reject in at least two seeds",3,3,3,3,0,0,3,"detected_multimodality"
"flowsom_consensus_k62_seed1",29,105074,"CD7","no_detected_multimodality","neither test rejects in any seed",3,0,0,0,1,0.847548774387194,3,"stratified_5_percent_pass_audit"
"flowsom_consensus_k62_seed1",29,105074,"CD8","ambiguous","borderline_q",3,0,0,0,1,0.0756378189094547,3,"ambiguous"
"flowsom_consensus_k62_seed1",30,28772,"CD11c","ambiguous","discordant_tests;seed_instability",3,0,0,1,0.961943111529585,0.00337668834417209,2,"ambiguous"
"flowsom_consensus_k62_seed1",30,28772,"CD159c_NKG2C","ambiguous","discordant_tests",3,0,0,3,0.127381807689443,0,2,"ambiguous"
"flowsom_consensus_k62_seed1",30,28772,"CD3","ambiguous","discordant_tests",3,0,0,3,0.639204589281334,0,2,"ambiguous"
"flowsom_consensus_k62_seed1",30,28772,"CD56","ambiguous","discordant_tests",3,0,0,3,1,0,2,"ambiguous"
"flowsom_consensus_k62_seed1",30,28772,"CD57","ambiguous","discordant_tests;seed_instability",3,0,0,2,1,0.0180090045022511,2,"ambiguous"
"flowsom_consensus_k62_seed1",31,32398,"CD11c","ambiguous","discordant_tests;seed_instability",3,0,0,1,1,0.032416208104052,2,"ambiguous"
"flowsom_consensus_k62_seed1",31,32398,"CD197_CCR7","ambiguous","discordant_tests;seed_instability",3,0,0,1,1,0.00540270135067534,2,"ambiguous"
"flowsom_consensus_k62_seed1",31,32398,"CD303_TCRvd2","detected_multimodality","both tests reject in at least two seeds",3,3,3,3,0,0,2,"detected_multimodality"
"flowsom_consensus_k62_seed1",31,32398,"CD4","ambiguous","discordant_tests",3,0,0,3,1,0,2,"ambiguous"
"flowsom_consensus_k62_seed1",31,32398,"CD45RA","ambiguous","discordant_tests;seed_instability;borderline_q",3,0,0,1,1,0.0315157578789395,2,"ambiguous"
"flowsom_consensus_k62_seed1",31,32398,"CD57","detected_multimodality","both tests reject in at least two seeds",3,3,3,3,0.000686679880506191,0,2,"detected_multimodality"
"flowsom_consensus_k62_seed1",31,32398,"Tbet","no_detected_multimodality","neither test rejects in any seed",3,0,0,0,1,0.389444722361181,2,"stratified_5_percent_pass_audit"
"flowsom_consensus_k62_seed1",31,32398,"TCRgd_CD141","detected_multimodality","both tests reject in at least two seeds",3,3,3,3,1.46064570493709e-05,0,2,"detected_multimodality"
"flowsom_consensus_k62_seed1",32,163100,"CD127","ambiguous","borderline_q",3,0,0,0,1,0.0900450225112556,3,"ambiguous"
"flowsom_consensus_k62_seed1",32,163100,"CD161","ambiguous","discordant_tests;seed_instability;borderline_q",3,0,0,1,0.270417377870361,0,3,"ambiguous"
"flowsom_consensus_k62_seed1",32,163100,"CD27","ambiguous","discordant_tests;seed_instability",3,1,1,2,0.017829616741438,0,3,"ambiguous"
"flowsom_consensus_k62_seed1",32,163100,"CD303_TCRvd2","detected_multimodality","both tests reject in at least two seeds",3,3,3,3,0,0,3,"detected_multimodality"
"flowsom_consensus_k62_seed1",32,163100,"CD4","no_detected_multimodality","neither test rejects in any seed",3,0,0,0,1,0.885211836687575,3,"stratified_5_percent_pass_audit"
"flowsom_consensus_k62_seed1",32,163100,"CD7","ambiguous","borderline_q",3,0,0,0,1,0.0702351175587794,3,"ambiguous"
"flowsom_consensus_k62_seed1",32,163100,"TCRgd_CD141","detected_multimodality","both tests reject in at least two seeds",3,3,3,3,0,0,3,"detected_multimodality"
"flowsom_consensus_k62_seed1",33,9546,"CD127","no_detected_multimodality","neither test rejects in any seed",3,0,0,0,0.999868735174793,0.886534176178999,1,"stratified_5_percent_pass_audit"
"flowsom_consensus_k62_seed1",33,9546,"CD16","no_detected_multimodality","neither test rejects in any seed",3,0,0,0,0.999868735174793,0.638869434717359,1,"stratified_5_percent_pass_audit"
"flowsom_consensus_k62_seed1",33,9546,"CD1c","no_detected_multimodality","neither test rejects in any seed",3,0,0,0,0.999868735174793,0.886534176178999,1,"stratified_5_percent_pass_audit"
"flowsom_consensus_k62_seed1",33,9546,"CD21","no_detected_multimodality","neither test rejects in any seed",3,0,0,0,0.999868735174793,0.901428975357244,1,"stratified_5_percent_pass_audit"
"flowsom_consensus_k62_seed1",33,9546,"CD25","no_detected_multimodality","neither test rejects in any seed",3,0,0,0,0.999868735174793,0.531265632816408,1,"stratified_5_percent_pass_audit"
"flowsom_consensus_k62_seed1",33,9546,"CD294_CRTH2","no_detected_multimodality","neither test rejects in any seed",3,0,0,0,0.999868735174793,0.503608947330808,1,"stratified_5_percent_pass_audit"
"flowsom_consensus_k62_seed1",33,9546,"CD303_TCRvd2","no_detected_multimodality","neither test rejects in any seed",3,0,0,0,0.999868735174793,0.886534176178999,1,"stratified_5_percent_pass_audit"
"flowsom_consensus_k62_seed1",33,9546,"CD56","detected_multimodality","both tests reject in at least two seeds",3,3,3,3,0,0,1,"detected_multimodality"
"flowsom_consensus_k62_seed1",33,9546,"CD57","detected_multimodality","both tests reject in at least two seeds",3,3,3,3,0,0,1,"detected_multimodality"
"flowsom_consensus_k62_seed1",33,9546,"HLA-DR","ambiguous","discordant_tests;seed_instability",3,0,0,1,0.999868735174793,0.0315157578789395,1,"ambiguous"
"flowsom_consensus_k62_seed1",34,557542,"CD127","ambiguous","discordant_tests;seed_instability",3,0,0,1,0.831089862563986,0.0337668834417209,4,"ambiguous"
"flowsom_consensus_k62_seed1",34,557542,"CD27","detected_multimodality","both tests reject in at least two seeds",3,3,3,3,0,0,4,"detected_multimodality"
"flowsom_consensus_k62_seed1",34,557542,"CD3","ambiguous","borderline_q",3,0,0,0,0.999356822910717,0.0675337668834417,4,"ambiguous"
"flowsom_consensus_k62_seed1",34,557542,"CD303_TCRvd2","detected_multimodality","both tests reject in at least two seeds",3,3,3,3,0,0,4,"detected_multimodality"
"flowsom_consensus_k62_seed1",34,557542,"TCRgd_CD141","detected_multimodality","both tests reject in at least two seeds",3,3,3,3,0,0,4,"detected_multimodality"
"flowsom_consensus_k62_seed1",35,287685,"CD14","ambiguous","discordant_tests;seed_instability",3,0,0,1,1,0.0180090045022511,4,"ambiguous"
"flowsom_consensus_k62_seed1",35,287685,"CD159c_NKG2C","no_detected_multimodality","neither test rejects in any seed",3,0,0,0,1,0.905991457267095,4,"stratified_5_percent_pass_audit"
"flowsom_consensus_k62_seed1",35,287685,"CD161","ambiguous","discordant_tests;seed_instability;borderline_q",3,1,1,3,0.042766758460592,0,4,"ambiguous"
"flowsom_consensus_k62_seed1",35,287685,"CD27","detected_multimodality","both tests reject in at least two seeds",3,3,3,3,0,0,4,"detected_multimodality"
"flowsom_consensus_k62_seed1",35,287685,"CD45RA","no_detected_multimodality","neither test rejects in any seed",3,0,0,0,1,0.825262631315658,4,"stratified_5_percent_pass_audit"
"flowsom_consensus_k62_seed1",35,287685,"Tbet","no_detected_multimodality","neither test rejects in any seed",3,0,0,0,1,0.929964982491246,4,"stratified_5_percent_pass_audit"
"flowsom_consensus_k62_seed1",35,287685,"TCRgd_CD141","ambiguous","borderline_q",3,0,0,0,1,0.0675337668834417,4,"ambiguous"
"flowsom_consensus_k62_seed1",36,3528,"CD11c","ambiguous","discordant_tests",3,0,0,3,0.807295935513285,0,1,"ambiguous"
"flowsom_consensus_k62_seed1",36,3528,"CD127","detected_multimodality","both tests reject in at least two seeds",3,3,3,3,0,0,1,"detected_multimodality"
"flowsom_consensus_k62_seed1",36,3528,"CD159c_NKG2C","detected_multimodality","both tests reject in at least two seeds",3,3,3,3,0,0,1,"detected_multimodality"
"flowsom_consensus_k62_seed1",36,3528,"CD161","detected_multimodality","both tests reject in at least two seeds",3,3,3,3,0,0,1,"detected_multimodality"
"flowsom_consensus_k62_seed1",36,3528,"CD19","ambiguous","borderline_q",3,0,0,0,0.999631502680504,0.0858506176165005,1,"ambiguous"
"flowsom_consensus_k62_seed1",36,3528,"CD294_CRTH2","detected_multimodality","both tests reject in at least two seeds",3,3,3,3,0,0,1,"detected_multimodality"
"flowsom_consensus_k62_seed1",36,3528,"CD3","ambiguous","discordant_tests",3,0,0,3,0.245620623142291,0,1,"ambiguous"
"flowsom_consensus_k62_seed1",36,3528,"CD56","detected_multimodality","both tests reject in at least two seeds",3,3,3,3,0,0,1,"detected_multimodality"
"flowsom_consensus_k62_seed1",36,3528,"CD57","ambiguous","discordant_tests",3,0,0,3,0.999631502680504,0.0292873709582064,1,"ambiguous"
"flowsom_consensus_k62_seed1",36,3528,"CD7","ambiguous","borderline_q",3,0,0,0,0.999631502680504,0.0969770599585507,1,"ambiguous"
"flowsom_consensus_k62_seed1",36,3528,"CD8","ambiguous","discordant_tests",3,0,0,3,0.85301849226499,0.00115057528764382,1,"ambiguous"
"flowsom_consensus_k62_seed1",36,3528,"FoxP3","ambiguous","discordant_tests",3,0,0,3,0.85301849226499,0.00115057528764382,1,"ambiguous"
"flowsom_consensus_k62_seed1",36,3528,"Tbet","ambiguous","borderline_q",3,0,0,0,0.999631502680504,0.0824578956144739,1,"ambiguous"
"flowsom_consensus_k62_seed1",36,3528,"TCRgd_CD141","detected_multimodality","both tests reject in at least two seeds",3,3,3,3,0,0,1,"detected_multimodality"
"flowsom_consensus_k62_seed1",37,726106,"CD16","no_detected_multimodality","neither test rejects in any seed",3,0,0,0,1,0.644272136068034,4,"stratified_5_percent_pass_audit"
"flowsom_consensus_k62_seed1",37,726106,"CD25","no_detected_multimodality","neither test rejects in any seed",3,0,0,0,1,0.783391695847924,4,"stratified_5_percent_pass_audit"
"flowsom_consensus_k62_seed1",37,726106,"CD27","detected_multimodality","both tests reject in at least two seeds",3,3,3,3,0,0,4,"detected_multimodality"
"flowsom_consensus_k62_seed1",37,726106,"CD3","ambiguous","discordant_tests",3,0,0,3,0.132461965158383,0,4,"ambiguous"
"flowsom_consensus_k62_seed1",37,726106,"CD303_TCRvd2","ambiguous","discordant_tests",3,0,0,3,0.29293769973027,0,4,"ambiguous"
"flowsom_consensus_k62_seed1",37,726106,"CD45RA","detected_multimodality","both tests reject in at least two seeds",3,3,3,3,0,0,4,"detected_multimodality"
"flowsom_consensus_k62_seed1",37,726106,"Tbet","detected_multimodality","both tests reject in at least two seeds",3,3,3,3,0,0,4,"detected_multimodality"
"flowsom_consensus_k62_seed1",37,726106,"TCRgd_CD141","ambiguous","borderline_q",3,0,0,0,1,0.0742871435717859,4,"ambiguous"
"flowsom_consensus_k62_seed1",38,23506,"CD11c","no_detected_multimodality","neither test rejects in any seed",3,0,0,0,0.999325240308385,0.270135067533767,2,"stratified_5_percent_pass_audit"
"flowsom_consensus_k62_seed1",38,23506,"CD127","ambiguous","discordant_tests;seed_instability;borderline_q",3,0,0,1,0.999325240308385,0.0382691345672836,2,"ambiguous"
"flowsom_consensus_k62_seed1",38,23506,"CD161","detected_multimodality","both tests reject in at least two seeds",3,3,3,3,0,0,2,"detected_multimodality"
"flowsom_consensus_k62_seed1",38,23506,"CD27","ambiguous","discordant_tests;seed_instability",3,1,1,3,0.0162300132275585,0,2,"ambiguous"
"flowsom_consensus_k62_seed1",38,23506,"CD38","ambiguous","discordant_tests",3,0,0,3,0.340023775382452,0,2,"ambiguous"
"flowsom_consensus_k62_seed1",38,23506,"CD4","detected_multimodality","both tests reject in at least two seeds",3,3,3,3,0,0,2,"detected_multimodality"
"flowsom_consensus_k62_seed1",38,23506,"CD45RA","ambiguous","discordant_tests;seed_instability;borderline_q",3,0,0,2,0.999325240308385,0.00225112556278139,2,"ambiguous"
"flowsom_consensus_k62_seed1",38,23506,"CD56","ambiguous","discordant_tests",3,0,0,3,0.721698586384498,0,2,"ambiguous"
"flowsom_consensus_k62_seed1",38,23506,"TCRgd_CD141","no_detected_multimodality","neither test rejects in any seed",3,0,0,0,0.999325240308385,0.646246200023089,2,"stratified_5_percent_pass_audit"
"flowsom_consensus_k62_seed1",39,1012,"CD11c","ambiguous","discordant_tests",3,0,0,3,0.998097437484138,0.00192953619666976,1,"ambiguous"
"flowsom_consensus_k62_seed1",39,1012,"CD14","no_detected_multimodality","neither test rejects in any seed",3,0,0,0,0.998097437484138,0.795136698784175,1,"stratified_5_percent_pass_audit"
"flowsom_consensus_k62_seed1",39,1012,"CD159c_NKG2C","no_detected_multimodality","neither test rejects in any seed",3,0,0,0,0.998097437484138,0.795136698784175,1,"stratified_5_percent_pass_audit"
"flowsom_consensus_k62_seed1",39,1012,"CD1c","detected_multimodality","both tests reject in at least two seeds",3,3,3,3,0,0,1,"detected_multimodality"
"flowsom_consensus_k62_seed1",39,1012,"CD27","ambiguous","discordant_tests;borderline_q",3,0,0,3,0.0997609811426647,0,1,"ambiguous"
"flowsom_consensus_k62_seed1",39,1012,"CD3","detected_multimodality","both tests reject in at least two seeds",3,3,3,3,0.0145401618337877,0,1,"detected_multimodality"
"flowsom_consensus_k62_seed1",39,1012,"CD4","ambiguous","discordant_tests",3,0,0,3,0.954855481768827,0.00192953619666976,1,"ambiguous"
"flowsom_consensus_k62_seed1",39,1012,"CD45RA","ambiguous","discordant_tests;seed_instability;borderline_q",3,0,0,1,0.998097437484138,0.0435217608804402,1,"ambiguous"
"flowsom_consensus_k62_seed1",39,1012,"CD56","no_detected_multimodality","neither test rejects in any seed",3,0,0,0,0.998097437484138,0.560010774618078,1,"stratified_5_percent_pass_audit"
"flowsom_consensus_k62_seed1",39,1012,"HLA-DR","detected_multimodality","both tests reject in at least two seeds",3,3,3,3,0.00485321480392487,0,1,"detected_multimodality"
"flowsom_consensus_k62_seed1",39,1012,"Tbet","ambiguous","discordant_tests;borderline_q",3,0,0,3,0.0997609811426647,0,1,"ambiguous"
"flowsom_consensus_k62_seed1",39,1012,"TCRgd_CD141","ambiguous","discordant_tests;borderline_q",3,0,0,3,0.0519392924892558,0,1,"ambiguous"
"flowsom_consensus_k62_seed1",40,27307,"CD16","detected_multimodality","both tests reject in at least two seeds",3,2,2,3,0.0083322584196539,0,2,"detected_multimodality"
"flowsom_consensus_k62_seed1",40,27307,"CD161","no_detected_multimodality","neither test rejects in any seed",3,0,0,0,1,0.637349924962481,2,"stratified_5_percent_pass_audit"
"flowsom_consensus_k62_seed1",40,27307,"CD294_CRTH2","no_detected_multimodality","neither test rejects in any seed",3,0,0,0,1,0.637349924962481,2,"stratified_5_percent_pass_audit"
"flowsom_consensus_k62_seed1",40,27307,"CD3","ambiguous","discordant_tests;seed_instability",3,0,0,1,1,0.00450225112556278,2,"ambiguous"
"flowsom_consensus_k62_seed1",40,27307,"CD56","detected_multimodality","both tests reject in at least two seeds",3,3,3,3,0,0,2,"detected_multimodality"
"flowsom_consensus_k62_seed1",40,27307,"CD57","ambiguous","discordant_tests;seed_instability",3,0,0,1,1,0.0180090045022511,2,"ambiguous"
"flowsom_consensus_k62_seed1",41,30576,"CD11c","ambiguous","discordant_tests;seed_instability",3,0,0,1,0.999071803863771,0.0459229614807404,2,"ambiguous"
"flowsom_consensus_k62_seed1",41,30576,"CD159c_NKG2C","no_detected_multimodality","neither test rejects in any seed",3,0,0,0,0.999071803863771,0.86806864970947,2,"stratified_5_percent_pass_audit"
"flowsom_consensus_k62_seed1",41,30576,"CD161","detected_multimodality","both tests reject in at least two seeds",3,3,3,3,0,0,2,"detected_multimodality"
"flowsom_consensus_k62_seed1",41,30576,"CD1c","ambiguous","discordant_tests;seed_instability",3,0,0,1,0.999071803863771,0.0459229614807404,2,"ambiguous"
"flowsom_consensus_k62_seed1",41,30576,"CD294_CRTH2","ambiguous","discordant_tests",3,0,0,3,0.154449622166389,0,2,"ambiguous"
"flowsom_consensus_k62_seed1",41,30576,"CD303_TCRvd2","no_detected_multimodality","neither test rejects in any seed",3,0,0,0,0.999071803863771,0.839444722361181,2,"stratified_5_percent_pass_audit"
"flowsom_consensus_k62_seed1",41,30576,"CD7","ambiguous","discordant_tests;seed_instability;borderline_q",3,1,1,3,0.0270887133571409,0,2,"ambiguous"
"flowsom_consensus_k62_seed1",42,54184,"CD127","ambiguous","discordant_tests",3,0,0,3,0.583116548657796,0,2,"ambiguous"
"flowsom_consensus_k62_seed1",42,54184,"CD27","ambiguous","discordant_tests",3,0,0,3,1,0,2,"ambiguous"
"flowsom_consensus_k62_seed1",42,54184,"CD294_CRTH2","ambiguous","discordant_tests;seed_instability",3,0,0,1,1,0.00337668834417209,2,"ambiguous"
"flowsom_consensus_k62_seed1",42,54184,"CD3","no_detected_multimodality","neither test rejects in any seed",3,0,0,0,1,0.507853926963482,2,"stratified_5_percent_pass_audit"
"flowsom_consensus_k62_seed1",42,54184,"CD57","ambiguous","discordant_tests;seed_instability",3,0,0,2,1,0,2,"ambiguous"
"flowsom_consensus_k62_seed1",42,54184,"Tbet","ambiguous","discordant_tests;seed_instability",3,1,1,3,0.0140104492980786,0,2,"ambiguous"
"flowsom_consensus_k62_seed1",43,1061579,"CD11c","detected_multimodality","both tests reject in at least two seeds",3,3,3,3,0,0,4,"detected_multimodality"
"flowsom_consensus_k62_seed1",43,1061579,"CD14","ambiguous","discordant_tests;seed_instability",3,0,0,1,1,0.0108054027013507,4,"ambiguous"
"flowsom_consensus_k62_seed1",43,1061579,"CD1c","detected_multimodality","both tests reject in at least two seeds",3,2,2,3,0.0211702110020536,0,4,"detected_multimodality"
"flowsom_consensus_k62_seed1",43,1061579,"CD303_TCRvd2","detected_multimodality","both tests reject in at least two seeds",3,3,3,3,0.00687599957759177,0,4,"detected_multimodality"
"flowsom_consensus_k62_seed1",43,1061579,"CD45RA","ambiguous","discordant_tests;seed_instability;borderline_q",3,0,0,1,1,0.0472736368184092,4,"ambiguous"
"flowsom_consensus_k62_seed1",43,1061579,"TCRgd_CD141","ambiguous","discordant_tests",3,0,0,3,0.902123232980623,0,4,"ambiguous"
"flowsom_consensus_k62_seed1",44,14024,"CD14","ambiguous","discordant_tests;seed_instability;borderline_q",3,0,0,1,0.99598761458673,0.00225112556278139,1,"ambiguous"
"flowsom_consensus_k62_seed1",44,14024,"CD161","ambiguous","discordant_tests;seed_instability;borderline_q",3,0,0,1,0.99598761458673,0.040520260130065,1,"ambiguous"
"flowsom_consensus_k62_seed1",44,14024,"CD19","ambiguous","discordant_tests",3,0,0,3,0.99598761458673,0.00385907239333953,1,"ambiguous"
"flowsom_consensus_k62_seed1",44,14024,"CD197_CCR7","ambiguous","discordant_tests;seed_instability",3,0,0,1,0.554664180338469,0.0270135067533767,1,"ambiguous"
"flowsom_consensus_k62_seed1",44,14024,"CD27","detected_multimodality","both tests reject in at least two seeds",3,3,3,3,0,0,1,"detected_multimodality"
"flowsom_consensus_k62_seed1",44,14024,"CD294_CRTH2","ambiguous","discordant_tests;seed_instability",3,0,0,1,0.99598761458673,0.038831915957979,1,"ambiguous"
"flowsom_consensus_k62_seed1",44,14024,"CD3","detected_multimodality","both tests reject in at least two seeds",3,3,3,3,0,0,1,"detected_multimodality"
"flowsom_consensus_k62_seed1",44,14024,"CD303_TCRvd2","ambiguous","discordant_tests;seed_instability",3,1,1,3,0.0425636404595459,0,1,"ambiguous"
"flowsom_consensus_k62_seed1",44,14024,"CD45RA","ambiguous","discordant_tests;seed_instability",3,1,1,3,0.00321723874540614,0,1,"ambiguous"
"flowsom_consensus_k62_seed1",44,14024,"CD57","ambiguous","discordant_tests;borderline_q",3,0,0,3,0.0807676921195878,0,1,"ambiguous"
"flowsom_consensus_k62_seed1",44,14024,"HLA-DR","ambiguous","discordant_tests;seed_instability;borderline_q",3,0,0,2,0.99598761458673,0.00964768098334882,1,"ambiguous"
"flowsom_consensus_k62_seed1",45,135754,"CD159c_NKG2C","ambiguous","borderline_q",3,0,0,0,1,0.0675337668834417,3,"ambiguous"
"flowsom_consensus_k62_seed1",45,135754,"CD185_CXCR5","no_detected_multimodality","neither test rejects in any seed",3,0,0,0,1,0.901350675337669,3,"stratified_5_percent_pass_audit"
"flowsom_consensus_k62_seed1",45,135754,"CD303_TCRvd2","detected_multimodality","both tests reject in at least two seeds",3,2,2,3,0.000134625848447145,0,3,"detected_multimodality"
"flowsom_consensus_k62_seed1",45,135754,"CD45RA","ambiguous","borderline_q",3,0,0,0,1,0.0810405202601301,3,"ambiguous"
"flowsom_consensus_k62_seed1",45,135754,"CD56","ambiguous","discordant_tests;seed_instability;borderline_q",3,0,0,2,0.793179529441733,0,3,"ambiguous"
"flowsom_consensus_k62_seed1",46,13688630,"CD127","ambiguous","discordant_tests;seed_instability",3,0,0,1,0.396285656144077,0,4,"ambiguous"
"flowsom_consensus_k62_seed1",46,13688630,"CD161","no_detected_multimodality","neither test rejects in any seed",3,0,0,0,1,0.710296324632905,4,"stratified_5_percent_pass_audit"
"flowsom_consensus_k62_seed1",46,13688630,"CD197_CCR7","detected_multimodality","both tests reject in at least two seeds",3,3,3,3,0.000106658192690345,0,4,"detected_multimodality"
"flowsom_consensus_k62_seed1",46,13688630,"CD1c","ambiguous","borderline_q",3,0,0,0,1,0.0630315157578789,4,"ambiguous"
"flowsom_consensus_k62_seed1",46,13688630,"CD27","detected_multimodality","both tests reject in at least two seeds",3,3,3,3,0,0,4,"detected_multimodality"
"flowsom_consensus_k62_seed1",46,13688630,"CD45RA","ambiguous","discordant_tests;seed_instability",3,0,0,2,1,0,4,"ambiguous"
"flowsom_consensus_k62_seed1",46,13688630,"CD7","detected_multimodality","both tests reject in at least two seeds",3,2,2,3,0,0,4,"detected_multimodality"
"flowsom_consensus_k62_seed1",47,76407,"CD11c","detected_multimodality","both tests reject in at least two seeds",3,3,3,3,0,0,2,"detected_multimodality"
"flowsom_consensus_k62_seed1",47,76407,"CD197_CCR7","ambiguous","discordant_tests;seed_instability",3,0,0,1,1,0.0378189094547274,2,"ambiguous"
"flowsom_consensus_k62_seed1",47,76407,"CD1c","detected_multimodality","both tests reject in at least two seeds",3,3,3,3,0,0,2,"detected_multimodality"
"flowsom_consensus_k62_seed1",47,76407,"CD27","no_detected_multimodality","neither test rejects in any seed",3,0,0,0,1,0.929714857428714,2,"stratified_5_percent_pass_audit"
"flowsom_consensus_k62_seed1",47,76407,"CD45RA","no_detected_multimodality","neither test rejects in any seed",3,0,0,0,1,0.189094547273637,2,"stratified_5_percent_pass_audit"
"flowsom_consensus_k62_seed1",47,76407,"HLA-DR","detected_multimodality","both tests reject in at least two seeds",3,3,3,3,6.64557722716563e-05,0,2,"detected_multimodality"
"flowsom_consensus_k62_seed1",47,76407,"TCRgd_CD141","detected_multimodality","both tests reject in at least two seeds",3,3,3,3,0,0,2,"detected_multimodality"
"flowsom_consensus_k62_seed1",49,6847,"CD11c","no_detected_multimodality","neither test rejects in any seed",3,0,0,0,1,0.588839874482696,1,"stratified_5_percent_pass_audit"
"flowsom_consensus_k62_seed1",49,6847,"CD127","ambiguous","discordant_tests;seed_instability",3,0,0,1,1,0.0411872602968151,1,"ambiguous"
"flowsom_consensus_k62_seed1",49,6847,"CD161","detected_multimodality","both tests reject in at least two seeds",3,3,3,3,0.00133063128893984,0,1,"detected_multimodality"
"flowsom_consensus_k62_seed1",49,6847,"CD185_CXCR5","ambiguous","discordant_tests;seed_instability",3,0,0,2,1,0,1,"ambiguous"
"flowsom_consensus_k62_seed1",49,6847,"CD197_CCR7","ambiguous","discordant_tests",3,0,0,3,1,0,1,"ambiguous"
"flowsom_consensus_k62_seed1",49,6847,"CD7","detected_multimodality","both tests reject in at least two seeds",3,3,3,3,0,0,1,"detected_multimodality"
"flowsom_consensus_k62_seed1",49,6847,"FoxP3","detected_multimodality","both tests reject in at least two seeds",3,3,3,3,0,0,1,"detected_multimodality"
"flowsom_consensus_k62_seed1",49,6847,"TCRgd_CD141","no_detected_multimodality","neither test rejects in any seed",3,0,0,0,1,0.517658829414707,1,"stratified_5_percent_pass_audit"
"flowsom_consensus_k62_seed1",50,60777,"CD159c_NKG2C","ambiguous","discordant_tests;seed_instability",3,0,0,1,0.999820436960728,0,2,"ambiguous"
"flowsom_consensus_k62_seed1",50,60777,"CD57","detected_multimodality","both tests reject in at least two seeds",3,2,2,3,0.00372554667894254,0,2,"detected_multimodality"
"flowsom_consensus_k62_seed1",51,4475356,"CD197_CCR7","ambiguous","discordant_tests;seed_instability",3,0,0,1,1,0.0135067533766883,4,"ambiguous"
"flowsom_consensus_k62_seed1",52,18663,"CD11c","ambiguous","discordant_tests",3,0,0,3,0.260611335153624,0,1,"ambiguous"
"flowsom_consensus_k62_seed1",52,18663,"CD185_CXCR5","no_detected_multimodality","neither test rejects in any seed",3,0,0,0,0.997918261833747,0.783891945972987,1,"stratified_5_percent_pass_audit"
"flowsom_consensus_k62_seed1",52,18663,"CD1c","detected_multimodality","both tests reject in at least two seeds",3,3,3,3,0,0,1,"detected_multimodality"
"flowsom_consensus_k62_seed1",52,18663,"CD3","no_detected_multimodality","neither test rejects in any seed",3,0,0,0,0.997918261833747,0.572536268134067,1,"stratified_5_percent_pass_audit"
"flowsom_consensus_k62_seed1",52,18663,"CD45RA","ambiguous","discordant_tests;borderline_q",3,0,0,3,0.0649283342042514,0,1,"ambiguous"
"flowsom_consensus_k62_seed1",52,18663,"CD56","ambiguous","discordant_tests",3,0,0,3,0.142805029682793,0,1,"ambiguous"
"flowsom_consensus_k62_seed1",52,18663,"FoxP3","ambiguous","borderline_q",3,0,0,0,0.997918261833747,0.0617451582934324,1,"ambiguous"
"flowsom_consensus_k62_seed1",52,18663,"HLA-DR","ambiguous","discordant_tests",3,0,0,3,0.441361074044174,0,1,"ambiguous"
"flowsom_consensus_k62_seed1",52,18663,"TCRgd_CD141","detected_multimodality","both tests reject in at least two seeds",3,3,3,3,0,0,1,"detected_multimodality"
"flowsom_consensus_k62_seed1",53,63216,"CD57","detected_multimodality","both tests reject in at least two seeds",3,3,3,3,0,0,2,"detected_multimodality"
"flowsom_consensus_k62_seed1",53,63216,"CD7","no_detected_multimodality","neither test rejects in any seed",3,0,0,0,1,0.522261130565283,2,"stratified_5_percent_pass_audit"
"flowsom_consensus_k62_seed1",54,11243,"CD14","ambiguous","borderline_q",3,0,0,0,1,0.0855427713856929,1,"ambiguous"
"flowsom_consensus_k62_seed1",54,11243,"CD19","no_detected_multimodality","neither test rejects in any seed",3,0,0,0,1,0.880071614754746,1,"stratified_5_percent_pass_audit"
"flowsom_consensus_k62_seed1",54,11243,"CD25","ambiguous","discordant_tests",3,0,0,3,0.42862157293834,0,1,"ambiguous"
"flowsom_consensus_k62_seed1",54,11243,"CD38","no_detected_multimodality","neither test rejects in any seed",3,0,0,0,1,0.227685271207032,1,"stratified_5_percent_pass_audit"
"flowsom_consensus_k62_seed1",54,11243,"CD4","no_detected_multimodality","neither test rejects in any seed",3,0,0,0,1,0.82137943971986,1,"stratified_5_percent_pass_audit"
"flowsom_consensus_k62_seed1",54,11243,"CD57","no_detected_multimodality","neither test rejects in any seed",3,0,0,0,1,0.934467233616808,1,"stratified_5_percent_pass_audit"
"flowsom_consensus_k62_seed1",54,11243,"CD8","no_detected_multimodality","neither test rejects in any seed",3,0,0,0,1,0.438969484742371,1,"stratified_5_percent_pass_audit"
"flowsom_consensus_k62_seed1",54,11243,"Tbet","ambiguous","borderline_q",3,0,0,0,1,0.0742871435717859,1,"ambiguous"
"flowsom_consensus_k62_seed1",55,8468,"CD11c","ambiguous","discordant_tests;seed_instability",3,0,0,1,0.992113725546333,0.0115057528764382,1,"ambiguous"
"flowsom_consensus_k62_seed1",55,8468,"CD127","detected_multimodality","both tests reject in at least two seeds",3,3,3,3,0,0,1,"detected_multimodality"
"flowsom_consensus_k62_seed1",55,8468,"CD159c_NKG2C","detected_multimodality","both tests reject in at least two seeds",3,3,3,3,0,0,1,"detected_multimodality"
"flowsom_consensus_k62_seed1",55,8468,"CD161","detected_multimodality","both tests reject in at least two seeds",3,3,3,3,0,0,1,"detected_multimodality"
"flowsom_consensus_k62_seed1",55,8468,"CD19","ambiguous","borderline_q",3,0,0,0,0.998556862291324,0.0930920005457274,1,"ambiguous"
"flowsom_consensus_k62_seed1",55,8468,"CD27","detected_multimodality","both tests reject in at least two seeds",3,3,3,3,0,0,1,"detected_multimodality"
"flowsom_consensus_k62_seed1",55,8468,"CD294_CRTH2","detected_multimodality","both tests reject in at least two seeds",3,3,3,3,0,0,1,"detected_multimodality"
"flowsom_consensus_k62_seed1",55,8468,"CD3","ambiguous","discordant_tests;seed_instability;borderline_q",3,1,1,3,0.00739775068080646,0,1,"ambiguous"
"flowsom_consensus_k62_seed1",55,8468,"CD45RA","detected_multimodality","both tests reject in at least two seeds",3,3,3,3,0,0,1,"detected_multimodality"
"flowsom_consensus_k62_seed1",55,8468,"CD56","ambiguous","discordant_tests;seed_instability",3,0,0,1,0.998556862291324,0.0166194208215219,1,"ambiguous"
"flowsom_consensus_k62_seed1",55,8468,"FoxP3","no_detected_multimodality","neither test rejects in any seed",3,0,0,0,0.998556862291324,0.13231615807904,1,"stratified_5_percent_pass_audit"
"flowsom_consensus_k62_seed1",55,8468,"Tbet","ambiguous","discordant_tests;seed_instability",3,0,0,1,0.998556862291324,0.0379689844922461,1,"ambiguous"
"flowsom_consensus_k62_seed1",57,8521,"CD14","detected_multimodality","both tests reject in at least two seeds",3,3,3,3,0.00390277884341694,0,1,"detected_multimodality"
"flowsom_consensus_k62_seed1",57,8521,"CD197_CCR7","ambiguous","discordant_tests;seed_instability",3,0,0,2,0.999620559476388,0.032416208104052,1,"ambiguous"
"flowsom_consensus_k62_seed1",57,8521,"CD27","ambiguous","discordant_tests;seed_instability",3,0,0,2,0.140387260039197,0,1,"ambiguous"
"flowsom_consensus_k62_seed1",57,8521,"CD3","detected_multimodality","both tests reject in at least two seeds",3,3,3,3,0,0,1,"detected_multimodality"
"flowsom_consensus_k62_seed1",57,8521,"CD7","detected_multimodality","both tests reject in at least two seeds",3,3,3,3,0,0,1,"detected_multimodality"
"flowsom_consensus_k62_seed1",57,8521,"HLA-DR","no_detected_multimodality","neither test rejects in any seed",3,0,0,0,0.999620559476388,0.346110555277639,1,"stratified_5_percent_pass_audit"
"flowsom_consensus_k62_seed1",58,4205683,"CD197_CCR7","ambiguous","borderline_q",3,0,0,0,1,0.0810405202601301,4,"ambiguous"
"flowsom_consensus_k62_seed1",58,4205683,"CD21","ambiguous","discordant_tests;seed_instability;borderline_q",3,1,1,3,0.0129136283470275,0,4,"ambiguous"
"flowsom_consensus_k62_seed1",58,4205683,"CD57","ambiguous","borderline_q",3,0,0,0,1,0.0742871435717859,4,"ambiguous"
"flowsom_consensus_k62_seed1",58,4205683,"TCRgd_CD141","no_detected_multimodality","neither test rejects in any seed",3,0,0,0,1,0.904277138569285,4,"stratified_5_percent_pass_audit"
"flowsom_consensus_k62_seed1",59,5697,"CD11c","detected_multimodality","both tests reject in at least two seeds",3,3,3,3,0,0,1,"detected_multimodality"
"flowsom_consensus_k62_seed1",59,5697,"CD127","ambiguous","discordant_tests;seed_instability",3,0,0,1,1,0.011255627813907,1,"ambiguous"
"flowsom_consensus_k62_seed1",59,5697,"CD14","ambiguous","discordant_tests;seed_instability;borderline_q",3,0,0,1,1,0.0482384049167441,1,"ambiguous"
"flowsom_consensus_k62_seed1",59,5697,"CD1c","detected_multimodality","both tests reject in at least two seeds",3,3,3,3,0,0,1,"detected_multimodality"
"flowsom_consensus_k62_seed1",59,5697,"CD25","ambiguous","borderline_q",3,0,0,0,1,0.0926177374401486,1,"ambiguous"
"flowsom_consensus_k62_seed1",59,5697,"CD27","no_detected_multimodality","neither test rejects in any seed",3,0,0,0,1,0.121560780390195,1,"stratified_5_percent_pass_audit"
"flowsom_consensus_k62_seed1",59,5697,"CD3","detected_multimodality","both tests reject in at least two seeds",3,3,3,3,0,0,1,"detected_multimodality"
"flowsom_consensus_k62_seed1",59,5697,"CD45RA","no_detected_multimodality","neither test rejects in any seed",3,0,0,0,1,0.54886534176179,1,"stratified_5_percent_pass_audit"
"flowsom_consensus_k62_seed1",59,5697,"FoxP3","ambiguous","discordant_tests;seed_instability",3,0,0,1,1,0.040520260130065,1,"ambiguous"
"flowsom_consensus_k62_seed1",59,5697,"HLA-DR","detected_multimodality","both tests reject in at least two seeds",3,3,3,3,0,0,1,"detected_multimodality"
"flowsom_consensus_k62_seed1",59,5697,"Tbet","no_detected_multimodality","neither test rejects in any seed",3,0,0,0,1,0.514221396412492,1,"stratified_5_percent_pass_audit"
"flowsom_consensus_k62_seed1",59,5697,"TCRgd_CD141","ambiguous","discordant_tests",3,0,0,3,1,0,1,"ambiguous"
"flowsom_consensus_k62_seed1",61,6080,"CD11c","ambiguous","discordant_tests;seed_instability;borderline_q",3,1,1,3,0.0202062215514834,0,1,"ambiguous"
"flowsom_consensus_k62_seed1",61,6080,"CD161","no_detected_multimodality","neither test rejects in any seed",3,0,0,0,1,0.132366183091546,1,"stratified_5_percent_pass_audit"
"flowsom_consensus_k62_seed1",61,6080,"CD185_CXCR5","ambiguous","discordant_tests;borderline_q",3,0,0,3,0.0629554092338706,0,1,"ambiguous"
"flowsom_consensus_k62_seed1",61,6080,"CD19","ambiguous","discordant_tests;seed_instability",3,0,0,1,1,0.00675337668834417,1,"ambiguous"
"flowsom_consensus_k62_seed1",61,6080,"CD21","detected_multimodality","both tests reject in at least two seeds",3,3,3,3,0,0,1,"detected_multimodality"
"flowsom_consensus_k62_seed1",61,6080,"HLA-DR","ambiguous","borderline_q",3,0,0,0,1,0.0844172086043021,1,"ambiguous"
"flowsom_consensus_k62_seed1",62,8255,"CD11c","detected_multimodality","both tests reject in at least two seeds",3,3,3,3,0,0,1,"detected_multimodality"
"flowsom_consensus_k62_seed1",62,8255,"CD159c_NKG2C","ambiguous","discordant_tests;seed_instability;borderline_q",3,0,0,2,0.99771465108581,0.0196461867297285,1,"ambiguous"
"flowsom_consensus_k62_seed1",62,8255,"CD16","detected_multimodality","both tests reject in at least two seeds",3,3,3,3,0.000149807698513249,0,1,"detected_multimodality"
"flowsom_consensus_k62_seed1",62,8255,"CD197_CCR7","ambiguous","discordant_tests;seed_instability",3,1,1,3,0.0246407831171935,0,1,"ambiguous"
"flowsom_consensus_k62_seed1",62,8255,"CD21","ambiguous","discordant_tests;seed_instability;borderline_q",3,0,0,1,0.99771465108581,0.0472736368184092,1,"ambiguous"
"flowsom_consensus_k62_seed1",62,8255,"CD25","ambiguous","discordant_tests;seed_instability",3,0,0,2,0.633754260598106,0,1,"ambiguous"
"flowsom_consensus_k62_seed1",62,8255,"CD27","detected_multimodality","both tests reject in at least two seeds",3,3,3,3,0,0,1,"detected_multimodality"
"flowsom_consensus_k62_seed1",62,8255,"CD3","ambiguous","discordant_tests;seed_instability;borderline_q",3,0,0,2,0.295483103497597,0,1,"ambiguous"
"flowsom_consensus_k62_seed1",62,8255,"CD303_TCRvd2","ambiguous","discordant_tests;seed_instability",3,0,0,2,0.992756460615777,0.00945472736368184,1,"ambiguous"
"flowsom_consensus_k62_seed1",62,8255,"CD38","ambiguous","discordant_tests",3,0,0,3,0.445389973222309,0,1,"ambiguous"
"flowsom_consensus_k62_seed1",62,8255,"CD4","detected_multimodality","both tests reject in at least two seeds",3,2,2,3,0.0287138671875858,0,1,"detected_multimodality"
"flowsom_consensus_k62_seed1",62,8255,"CD45RA","detected_multimodality","both tests reject in at least two seeds",3,3,3,3,0,0,1,"detected_multimodality"
"flowsom_consensus_k62_seed1",62,8255,"CD7","detected_multimodality","both tests reject in at least two seeds",3,3,3,3,1.97127959499888e-05,0,1,"detected_multimodality"
"flowsom_consensus_k62_seed1",62,8255,"FoxP3","ambiguous","borderline_q",3,0,0,0,0.99771465108581,0.0855427713856929,1,"ambiguous"
"flowsom_consensus_k62_seed1",62,8255,"HLA-DR","ambiguous","discordant_tests;seed_instability",3,0,0,1,0.878630890323378,0.0123811905952976,1,"ambiguous"
"flowsom_consensus_k62_seed1",62,8255,"Tbet","detected_multimodality","both tests reject in at least two seeds",3,3,3,3,0,0,1,"detected_multimodality"
"flowsom_consensus_k62_seed1",62,8255,"TCRgd_CD141","ambiguous","seed_instability;borderline_q",3,1,1,1,0.00688364565494118,0,1,"ambiguous"
"flowsom_consensus_k62_seed2026",1,1120827,"CD11c","detected_multimodality","both tests reject in at least two seeds",3,3,3,3,5.56176527957697e-05,0,4,"detected_multimodality"
"flowsom_consensus_k62_seed2026",1,1120827,"CD161","detected_multimodality","both tests reject in at least two seeds",3,3,3,3,0,0,4,"detected_multimodality"
"flowsom_consensus_k62_seed2026",1,1120827,"CD185_CXCR5","ambiguous","discordant_tests;seed_instability",3,0,0,1,0.998954280776082,0.040520260130065,4,"ambiguous"
"flowsom_consensus_k62_seed2026",2,354507,"CD159c_NKG2C","no_detected_multimodality","neither test rejects in any seed",3,0,0,0,1,0.202601300650325,4,"stratified_5_percent_pass_audit"
"flowsom_consensus_k62_seed2026",2,354507,"CD303_TCRvd2","no_detected_multimodality","neither test rejects in any seed",3,0,0,0,1,0.337668834417209,4,"stratified_5_percent_pass_audit"
"flowsom_consensus_k62_seed2026",2,354507,"CD57","ambiguous","discordant_tests;seed_instability",3,0,0,1,1,0,4,"ambiguous"
"flowsom_consensus_k62_seed2026",3,336749,"CD159c_NKG2C","detected_multimodality","both tests reject in at least two seeds",3,3,3,3,0,0,4,"detected_multimodality"
"flowsom_consensus_k62_seed2026",3,336749,"CD45RA","no_detected_multimodality","neither test rejects in any seed",3,0,0,0,1,0.882706058911809,4,"stratified_5_percent_pass_audit"
"flowsom_consensus_k62_seed2026",3,336749,"CD57","detected_multimodality","both tests reject in at least two seeds",3,3,3,3,0,0,4,"detected_multimodality"
"flowsom_consensus_k62_seed2026",3,336749,"CD8","no_detected_multimodality","neither test rejects in any seed",3,0,0,0,1,0.882706058911809,4,"stratified_5_percent_pass_audit"
"flowsom_consensus_k62_seed2026",3,336749,"TCRgd_CD141","no_detected_multimodality","neither test rejects in any seed",3,0,0,0,1,0.882706058911809,4,"stratified_5_percent_pass_audit"
"flowsom_consensus_k62_seed2026",4,228900,"CD14","no_detected_multimodality","neither test rejects in any seed",3,0,0,0,1,0.936693346673337,3,"stratified_5_percent_pass_audit"
"flowsom_consensus_k62_seed2026",4,228900,"CD197_CCR7","no_detected_multimodality","neither test rejects in any seed",3,0,0,0,1,0.424112056028014,3,"stratified_5_percent_pass_audit"
"flowsom_consensus_k62_seed2026",4,228900,"CD3","detected_multimodality","both tests reject in at least two seeds",3,3,3,3,0,0,3,"detected_multimodality"
"flowsom_consensus_k62_seed2026",4,228900,"CD38","ambiguous","borderline_q",3,0,0,0,1,0.0990495247623812,3,"ambiguous"
"flowsom_consensus_k62_seed2026",4,228900,"CD4","no_detected_multimodality","neither test rejects in any seed",3,0,0,0,1,0.694247123561781,3,"stratified_5_percent_pass_audit"
"flowsom_consensus_k62_seed2026",4,228900,"CD56","no_detected_multimodality","neither test rejects in any seed",3,0,0,0,1,0.820910455227614,3,"stratified_5_percent_pass_audit"
"flowsom_consensus_k62_seed2026",4,228900,"CD57","detected_multimodality","both tests reject in at least two seeds",3,3,3,3,0,0,3,"detected_multimodality"
"flowsom_consensus_k62_seed2026",5,340676,"CD11c","detected_multimodality","both tests reject in at least two seeds",3,3,3,3,0,0,4,"detected_multimodality"
"flowsom_consensus_k62_seed2026",5,340676,"CD19","ambiguous","discordant_tests;seed_instability",3,0,0,1,1,0.0472736368184092,4,"ambiguous"
"flowsom_consensus_k62_seed2026",5,340676,"CD3","detected_multimodality","both tests reject in at least two seeds",3,3,3,3,0,0,4,"detected_multimodality"
"flowsom_consensus_k62_seed2026",5,340676,"CD57","detected_multimodality","both tests reject in at least two seeds",3,3,3,3,0,0,4,"detected_multimodality"
"flowsom_consensus_k62_seed2026",5,340676,"TCRgd_CD141","ambiguous","borderline_q",3,0,0,0,1,0.0540270135067534,4,"ambiguous"
"flowsom_consensus_k62_seed2026",6,286433,"CD11c","detected_multimodality","both tests reject in at least two seeds",3,3,3,3,0,0,4,"detected_multimodality"
"flowsom_consensus_k62_seed2026",6,286433,"CD161","ambiguous","discordant_tests;borderline_q",3,0,0,3,0.0564476091971214,0,4,"ambiguous"
"flowsom_consensus_k62_seed2026",6,286433,"CD197_CCR7","ambiguous","borderline_q",3,0,0,0,1,0.0742871435717859,4,"ambiguous"
"flowsom_consensus_k62_seed2026",6,286433,"CD25","ambiguous","discordant_tests;seed_instability",3,0,0,1,1,0.0459229614807404,4,"ambiguous"
"flowsom_consensus_k62_seed2026",6,286433,"CD3","ambiguous","discordant_tests;seed_instability",3,0,0,2,1,0.00337668834417209,4,"ambiguous"
"flowsom_consensus_k62_seed2026",6,286433,"CD57","ambiguous","discordant_tests;seed_instability;borderline_q",3,1,1,3,0.0128348362968796,0,4,"ambiguous"
"flowsom_consensus_k62_seed2026",6,286433,"CD8","ambiguous","discordant_tests;seed_instability",3,0,0,1,1,0.048624312156078,4,"ambiguous"
"flowsom_consensus_k62_seed2026",7,128303,"CD159c_NKG2C","ambiguous","discordant_tests;seed_instability",3,0,0,1,0.420750108023596,0.00675337668834417,3,"ambiguous"
"flowsom_consensus_k62_seed2026",7,128303,"CD57","detected_multimodality","both tests reject in at least two seeds",3,3,3,3,0,0,3,"detected_multimodality"
"flowsom_consensus_k62_seed2026",7,128303,"CD8","ambiguous","borderline_q",3,0,0,0,0.998882406387187,0.0540270135067534,3,"ambiguous"
"flowsom_consensus_k62_seed2026",7,128303,"HLA-DR","no_detected_multimodality","neither test rejects in any seed",3,0,0,0,0.998882406387187,0.518451533459037,3,"stratified_5_percent_pass_audit"
"flowsom_consensus_k62_seed2026",8,280345,"CD14","no_detected_multimodality","neither test rejects in any seed",3,0,0,0,0.999588440713402,0.916381267556855,4,"stratified_5_percent_pass_audit"
"flowsom_consensus_k62_seed2026",8,280345,"CD159c_NKG2C","ambiguous","discordant_tests;seed_instability",3,0,0,1,0.999588440713402,0,4,"ambiguous"
"flowsom_consensus_k62_seed2026",8,280345,"CD56","no_detected_multimodality","neither test rejects in any seed",3,0,0,0,0.999588440713402,0.916381267556855,4,"stratified_5_percent_pass_audit"
"flowsom_consensus_k62_seed2026",8,280345,"CD57","detected_multimodality","both tests reject in at least two seeds",3,3,3,3,0,0,4,"detected_multimodality"
"flowsom_consensus_k62_seed2026",9,58949,"CD159c_NKG2C","detected_multimodality","both tests reject in at least two seeds",3,3,3,3,0.000570969114388475,0,2,"detected_multimodality"
"flowsom_consensus_k62_seed2026",9,58949,"CD27","ambiguous","discordant_tests;seed_instability",3,0,0,2,0.854998467859562,0,2,"ambiguous"
"flowsom_consensus_k62_seed2026",9,58949,"CD56","detected_multimodality","both tests reject in at least two seeds",3,2,2,3,0.00625288048781225,0,2,"detected_multimodality"
"flowsom_consensus_k62_seed2026",9,58949,"CD57","ambiguous","discordant_tests",3,0,0,3,0.146544565885943,0,2,"ambiguous"
"flowsom_consensus_k62_seed2026",9,58949,"CD8","no_detected_multimodality","neither test rejects in any seed",3,0,0,0,1,0.95170662254204,2,"stratified_5_percent_pass_audit"
"flowsom_consensus_k62_seed2026",9,58949,"FoxP3","ambiguous","borderline_q",3,0,0,0,1,0.0844172086043021,2,"ambiguous"
"flowsom_consensus_k62_seed2026",10,6767911,"CD127","ambiguous","discordant_tests;seed_instability;borderline_q",3,0,0,1,1,0.048624312156078,4,"ambiguous"
"flowsom_consensus_k62_seed2026",10,6767911,"CD19","no_detected_multimodality","neither test rejects in any seed",3,0,0,0,1,0.77856785535625,4,"stratified_5_percent_pass_audit"
"flowsom_consensus_k62_seed2026",10,6767911,"CD197_CCR7","detected_multimodality","both tests reject in at least two seeds",3,3,3,3,0,0,4,"detected_multimodality"
"flowsom_consensus_k62_seed2026",10,6767911,"CD27","detected_multimodality","both tests reject in at least two seeds",3,3,3,3,0,0,4,"detected_multimodality"
"flowsom_consensus_k62_seed2026",10,6767911,"CD38","no_detected_multimodality","neither test rejects in any seed",3,0,0,0,1,0.937031015507754,4,"stratified_5_percent_pass_audit"
"flowsom_consensus_k62_seed2026",10,6767911,"CD45RA","detected_multimodality","both tests reject in at least two seeds",3,3,3,3,0,0,4,"detected_multimodality"
"flowsom_consensus_k62_seed2026",10,6767911,"CD57","no_detected_multimodality","neither test rejects in any seed",3,0,0,0,1,0.937968984492246,4,"stratified_5_percent_pass_audit"
"flowsom_consensus_k62_seed2026",10,6767911,"Tbet","ambiguous","discordant_tests",3,0,0,3,0.108576793061293,0,4,"ambiguous"
"flowsom_consensus_k62_seed2026",10,6767911,"TCRgd_CD141","ambiguous","borderline_q",3,0,0,0,1,0.0765382691345673,4,"ambiguous"
"flowsom_consensus_k62_seed2026",11,133612,"CD11c","ambiguous","discordant_tests;seed_instability",3,0,0,1,1,0.0135067533766883,3,"ambiguous"
"flowsom_consensus_k62_seed2026",11,133612,"CD159c_NKG2C","detected_multimodality","both tests reject in at least two seeds",3,3,3,3,0,0,3,"detected_multimodality"
"flowsom_consensus_k62_seed2026",11,133612,"CD16","ambiguous","discordant_tests;seed_instability",3,1,1,2,0.00104421480263373,0,3,"ambiguous"
"flowsom_consensus_k62_seed2026",11,133612,"Tbet","no_detected_multimodality","neither test rejects in any seed",3,0,0,0,1,0.847066390338026,3,"stratified_5_percent_pass_audit"
"flowsom_consensus_k62_seed2026",12,46765,"CD11c","detected_multimodality","both tests reject in at least two seeds",3,3,3,3,0.000122090421111998,0,2,"detected_multimodality"
"flowsom_consensus_k62_seed2026",12,46765,"CD27","ambiguous","discordant_tests;seed_instability",3,0,0,1,0.998731411062285,0.00675337668834417,2,"ambiguous"
"flowsom_consensus_k62_seed2026",12,46765,"CD3","detected_multimodality","both tests reject in at least two seeds",3,3,3,3,0,0,2,"detected_multimodality"
"flowsom_consensus_k62_seed2026",12,46765,"CD56","detected_multimodality","both tests reject in at least two seeds",3,3,3,3,0.00038927319787907,0,2,"detected_multimodality"
"flowsom_consensus_k62_seed2026",13,608176,"CD16","no_detected_multimodality","neither test rejects in any seed",3,0,0,0,1,0.924598662967848,4,"stratified_5_percent_pass_audit"
"flowsom_consensus_k62_seed2026",13,608176,"CD197_CCR7","no_detected_multimodality","neither test rejects in any seed",3,0,0,0,1,0.225112556278139,4,"stratified_5_percent_pass_audit"
"flowsom_consensus_k62_seed2026",13,608176,"CD1c","no_detected_multimodality","neither test rejects in any seed",3,0,0,0,1,0.924598662967848,4,"stratified_5_percent_pass_audit"
"flowsom_consensus_k62_seed2026",13,608176,"CD21","no_detected_multimodality","neither test rejects in any seed",3,0,0,0,1,0.924598662967848,4,"stratified_5_percent_pass_audit"
"flowsom_consensus_k62_seed2026",13,608176,"CD25","no_detected_multimodality","neither test rejects in any seed",3,0,0,0,1,0.553776888444222,4,"stratified_5_percent_pass_audit"
"flowsom_consensus_k62_seed2026",13,608176,"CD294_CRTH2","no_detected_multimodality","neither test rejects in any seed",3,0,0,0,1,0.924598662967848,4,"stratified_5_percent_pass_audit"
"flowsom_consensus_k62_seed2026",13,608176,"CD4","no_detected_multimodality","neither test rejects in any seed",3,0,0,0,1,0.924598662967848,4,"stratified_5_percent_pass_audit"
"flowsom_consensus_k62_seed2026",13,608176,"CD57","detected_multimodality","both tests reject in at least two seeds",3,3,3,3,0,0,4,"detected_multimodality"
"flowsom_consensus_k62_seed2026",14,263568,"CD161","ambiguous","discordant_tests;seed_instability",3,0,0,1,1,0,3,"ambiguous"
"flowsom_consensus_k62_seed2026",14,263568,"CD19","no_detected_multimodality","neither test rejects in any seed",3,0,0,0,1,0.395747873936969,3,"stratified_5_percent_pass_audit"
"flowsom_consensus_k62_seed2026",14,263568,"CD38","detected_multimodality","both tests reject in at least two seeds",3,3,3,3,0,0,3,"detected_multimodality"
"flowsom_consensus_k62_seed2026",14,263568,"CD57","no_detected_multimodality","neither test rejects in any seed",3,0,0,0,1,0.726363181590795,3,"stratified_5_percent_pass_audit"
"flowsom_consensus_k62_seed2026",14,263568,"CD7","ambiguous","discordant_tests;seed_instability",3,0,0,1,1,0,3,"ambiguous"
"flowsom_consensus_k62_seed2026",15,31262,"CD11c","ambiguous","discordant_tests;seed_instability",3,1,1,3,0.0210863259838869,0,2,"ambiguous"
"flowsom_consensus_k62_seed2026",15,31262,"CD14","no_detected_multimodality","neither test rejects in any seed",3,0,0,0,1,0.816408204102051,2,"stratified_5_percent_pass_audit"
"flowsom_consensus_k62_seed2026",15,31262,"CD161","detected_multimodality","both tests reject in at least two seeds",3,3,3,3,0,0,2,"detected_multimodality"
"flowsom_consensus_k62_seed2026",15,31262,"CD294_CRTH2","ambiguous","borderline_q",3,0,0,0,1,0.0979239619809905,2,"ambiguous"
"flowsom_consensus_k62_seed2026",15,31262,"CD38","ambiguous","discordant_tests;seed_instability;borderline_q",3,0,0,1,0.0662210285370807,0,2,"ambiguous"
"flowsom_consensus_k62_seed2026",15,31262,"CD56","no_detected_multimodality","neither test rejects in any seed",3,0,0,0,1,0.891445722861431,2,"stratified_5_percent_pass_audit"
"flowsom_consensus_k62_seed2026",15,31262,"Tbet","no_detected_multimodality","neither test rejects in any seed",3,0,0,0,1,0.432216108054027,2,"stratified_5_percent_pass_audit"
"flowsom_consensus_k62_seed2026",16,57019,"CD11c","ambiguous","discordant_tests;seed_instability",3,0,0,2,0.628782839166667,0.00675337668834417,2,"ambiguous"
"flowsom_consensus_k62_seed2026",16,57019,"CD185_CXCR5","ambiguous","discordant_tests;seed_instability",3,0,0,1,0.999616814760247,0.0450225112556278,2,"ambiguous"
"flowsom_consensus_k62_seed2026",16,57019,"Tbet","ambiguous","discordant_tests;seed_instability;borderline_q",3,1,1,3,0.0277583228928968,0,2,"ambiguous"
"flowsom_consensus_k62_seed2026",16,57019,"TCRgd_CD141","no_detected_multimodality","neither test rejects in any seed",3,0,0,0,0.999616814760247,0.221896662617023,2,"stratified_5_percent_pass_audit"
"flowsom_consensus_k62_seed2026",17,22500,"CD16","no_detected_multimodality","neither test rejects in any seed",3,0,0,0,0.999504137192589,0.417744586579004,2,"stratified_5_percent_pass_audit"
"flowsom_consensus_k62_seed2026",17,22500,"CD161","ambiguous","discordant_tests;seed_instability",3,1,1,2,0.0101706458903277,0,2,"ambiguous"
"flowsom_consensus_k62_seed2026",17,22500,"CD197_CCR7","ambiguous","discordant_tests;seed_instability;borderline_q",3,0,0,1,0.999504137192589,0.0247623811905953,2,"ambiguous"
"flowsom_consensus_k62_seed2026",17,22500,"CD1c","no_detected_multimodality","neither test rejects in any seed",3,0,0,0,0.999504137192589,0.24831646592527,2,"stratified_5_percent_pass_audit"
"flowsom_consensus_k62_seed2026",17,22500,"CD21","no_detected_multimodality","neither test rejects in any seed",3,0,0,0,0.999504137192589,0.312343671835918,2,"stratified_5_percent_pass_audit"
"flowsom_consensus_k62_seed2026",17,22500,"CD25","no_detected_multimodality","neither test rejects in any seed",3,0,0,0,0.999504137192589,0.292324733795469,2,"stratified_5_percent_pass_audit"
"flowsom_consensus_k62_seed2026",17,22500,"CD3","ambiguous","borderline_q",3,0,0,0,0.999504137192589,0.0996123061530765,2,"ambiguous"
"flowsom_consensus_k62_seed2026",17,22500,"CD38","ambiguous","discordant_tests;seed_instability",3,0,0,1,0.999504137192589,0.0247623811905953,2,"ambiguous"
"flowsom_consensus_k62_seed2026",17,22500,"CD45RA","ambiguous","discordant_tests;seed_instability",3,1,1,3,0.0474189591012959,0,2,"ambiguous"
"flowsom_consensus_k62_seed2026",17,22500,"CD56","detected_multimodality","both tests reject in at least two seeds",3,3,3,3,0,0,2,"detected_multimodality"
"flowsom_consensus_k62_seed2026",17,22500,"CD7","detected_multimodality","both tests reject in at least two seeds",3,3,3,3,0,0,2,"detected_multimodality"
"flowsom_consensus_k62_seed2026",17,22500,"FoxP3","detected_multimodality","both tests reject in at least two seeds",3,3,3,3,0,0,2,"detected_multimodality"
"flowsom_consensus_k62_seed2026",18,132476,"CD11c","ambiguous","discordant_tests;seed_instability",3,0,0,1,0.555863295352928,0.040520260130065,3,"ambiguous"
"flowsom_consensus_k62_seed2026",18,132476,"CD159c_NKG2C","detected_multimodality","both tests reject in at least two seeds",3,3,3,3,0,0,3,"detected_multimodality"
"flowsom_consensus_k62_seed2026",18,132476,"CD45RA","no_detected_multimodality","neither test rejects in any seed",3,0,0,0,1,0.69866751557597,3,"stratified_5_percent_pass_audit"
"flowsom_consensus_k62_seed2026",18,132476,"TCRgd_CD141","no_detected_multimodality","neither test rejects in any seed",3,0,0,0,1,0.694847423711856,3,"stratified_5_percent_pass_audit"
"flowsom_consensus_k62_seed2026",19,28208,"CD27","no_detected_multimodality","neither test rejects in any seed",3,0,0,0,1,0.79530941941559,2,"stratified_5_percent_pass_audit"
"flowsom_consensus_k62_seed2026",19,28208,"CD56","ambiguous","discordant_tests;borderline_q",3,0,0,3,0.0945204173635045,0,2,"ambiguous"
"flowsom_consensus_k62_seed2026",19,28208,"HLA-DR","no_detected_multimodality","neither test rejects in any seed",3,0,0,0,1,0.749624812406203,2,"stratified_5_percent_pass_audit"
"flowsom_consensus_k62_seed2026",19,28208,"TCRgd_CD141","ambiguous","discordant_tests;seed_instability",3,0,0,2,1,0.00675337668834417,2,"ambiguous"
"flowsom_consensus_k62_seed2026",20,131251,"CD11c","no_detected_multimodality","neither test rejects in any seed",3,0,0,0,1,0.103551775887944,3,"stratified_5_percent_pass_audit"
"flowsom_consensus_k62_seed2026",20,131251,"CD159c_NKG2C","no_detected_multimodality","neither test rejects in any seed",3,0,0,0,1,0.913956978489245,3,"stratified_5_percent_pass_audit"
"flowsom_consensus_k62_seed2026",20,131251,"CD294_CRTH2","no_detected_multimodality","neither test rejects in any seed",3,0,0,0,1,0.27463731865933,3,"stratified_5_percent_pass_audit"
"flowsom_consensus_k62_seed2026",20,131251,"CD3","detected_multimodality","both tests reject in at least two seeds",3,3,3,3,0,0,3,"detected_multimodality"
"flowsom_consensus_k62_seed2026",20,131251,"CD56","ambiguous","discordant_tests;seed_instability",3,0,0,1,1,0.0270135067533767,3,"ambiguous"
"flowsom_consensus_k62_seed2026",21,219490,"CD11c","ambiguous","borderline_q",3,0,0,0,1,0.0810405202601301,3,"ambiguous"
"flowsom_consensus_k62_seed2026",21,219490,"CD16","no_detected_multimodality","neither test rejects in any seed",3,0,0,0,1,0.757417170123523,3,"stratified_5_percent_pass_audit"
"flowsom_consensus_k62_seed2026",21,219490,"CD161","no_detected_multimodality","neither test rejects in any seed",3,0,0,0,1,0.688844422211106,3,"stratified_5_percent_pass_audit"
"flowsom_consensus_k62_seed2026",21,219490,"CD185_CXCR5","no_detected_multimodality","neither test rejects in any seed",3,0,0,0,1,0.757417170123523,3,"stratified_5_percent_pass_audit"
"flowsom_consensus_k62_seed2026",21,219490,"CD1c","no_detected_multimodality","neither test rejects in any seed",3,0,0,0,1,0.757417170123523,3,"stratified_5_percent_pass_audit"
"flowsom_consensus_k62_seed2026",21,219490,"CD21","no_detected_multimodality","neither test rejects in any seed",3,0,0,0,1,0.946267251272695,3,"stratified_5_percent_pass_audit"
"flowsom_consensus_k62_seed2026",21,219490,"CD25","no_detected_multimodality","neither test rejects in any seed",3,0,0,0,1,0.948474237118559,3,"stratified_5_percent_pass_audit"
"flowsom_consensus_k62_seed2026",21,219490,"CD3","detected_multimodality","both tests reject in at least two seeds",3,3,3,3,0,0,3,"detected_multimodality"
"flowsom_consensus_k62_seed2026",21,219490,"CD303_TCRvd2","ambiguous","discordant_tests;seed_instability",3,1,1,3,0.000976545087208569,0,3,"ambiguous"
"flowsom_consensus_k62_seed2026",21,219490,"CD45RA","ambiguous","discordant_tests;seed_instability",3,0,0,1,1,0.00675337668834417,3,"ambiguous"
"flowsom_consensus_k62_seed2026",21,219490,"CD57","ambiguous","discordant_tests",3,0,0,3,0.42894137736655,0,3,"ambiguous"
"flowsom_consensus_k62_seed2026",22,244991,"CD161","detected_multimodality","both tests reject in at least two seeds",3,3,3,3,0,0,3,"detected_multimodality"
"flowsom_consensus_k62_seed2026",22,244991,"CD27","detected_multimodality","both tests reject in at least two seeds",3,3,3,3,0,0,3,"detected_multimodality"
"flowsom_consensus_k62_seed2026",22,244991,"CD38","no_detected_multimodality","neither test rejects in any seed",3,0,0,0,1,0.725987993996999,3,"stratified_5_percent_pass_audit"
"flowsom_consensus_k62_seed2026",23,90032,"CD3","no_detected_multimodality","neither test rejects in any seed",3,0,0,0,0.999677007662016,0.402501250625313,3,"stratified_5_percent_pass_audit"
"flowsom_consensus_k62_seed2026",24,122981,"CD161","detected_multimodality","both tests reject in at least two seeds",3,3,3,3,0.00251357668461494,0,3,"detected_multimodality"
"flowsom_consensus_k62_seed2026",24,122981,"CD197_CCR7","ambiguous","discordant_tests;seed_instability",3,0,0,1,1,0.0260130065032516,3,"ambiguous"
"flowsom_consensus_k62_seed2026",24,122981,"CD38","detected_multimodality","both tests reject in at least two seeds",3,3,3,3,0,0,3,"detected_multimodality"
"flowsom_consensus_k62_seed2026",24,122981,"CD45RA","ambiguous","discordant_tests;seed_instability",3,0,0,2,1,0.00520260130065033,3,"ambiguous"
"flowsom_consensus_k62_seed2026",24,122981,"CD7","detected_multimodality","both tests reject in at least two seeds",3,3,3,3,0.000234576212073456,0,3,"detected_multimodality"
"flowsom_consensus_k62_seed2026",24,122981,"FoxP3","detected_multimodality","both tests reject in at least two seeds",3,3,3,3,0,0,3,"detected_multimodality"
"flowsom_consensus_k62_seed2026",25,11368,"CD159c_NKG2C","detected_multimodality","both tests reject in at least two seeds",3,3,3,3,0,0,1,"detected_multimodality"
"flowsom_consensus_k62_seed2026",25,11368,"CD16","no_detected_multimodality","neither test rejects in any seed",3,0,0,0,0.998501836413298,0.329227113556778,1,"stratified_5_percent_pass_audit"
"flowsom_consensus_k62_seed2026",25,11368,"CD19","ambiguous","borderline_q",3,0,0,0,0.998501836413298,0.0945472736368184,1,"ambiguous"
"flowsom_consensus_k62_seed2026",25,11368,"CD1c","no_detected_multimodality","neither test rejects in any seed",3,0,0,0,0.998501836413298,0.593069261903679,1,"stratified_5_percent_pass_audit"
"flowsom_consensus_k62_seed2026",25,11368,"CD21","no_detected_multimodality","neither test rejects in any seed",3,0,0,0,0.998501836413298,0.201100550275138,1,"stratified_5_percent_pass_audit"
"flowsom_consensus_k62_seed2026",25,11368,"CD25","no_detected_multimodality","neither test rejects in any seed",3,0,0,0,0.998501836413298,0.867246123061531,1,"stratified_5_percent_pass_audit"
"flowsom_consensus_k62_seed2026",25,11368,"CD294_CRTH2","ambiguous","discordant_tests;seed_instability",3,0,0,1,0.998501836413298,0.0438969484742371,1,"ambiguous"
"flowsom_consensus_k62_seed2026",25,11368,"CD3","detected_multimodality","both tests reject in at least two seeds",3,3,3,3,0,0,1,"detected_multimodality"
"flowsom_consensus_k62_seed2026",25,11368,"CD38","ambiguous","discordant_tests;seed_instability;borderline_q",3,0,0,1,0.998501836413298,0.00900450225112556,1,"ambiguous"
"flowsom_consensus_k62_seed2026",25,11368,"CD56","ambiguous","discordant_tests;seed_instability",3,0,0,2,0.998501836413298,0.0168834417208604,1,"ambiguous"
"flowsom_consensus_k62_seed2026",25,11368,"CD57","ambiguous","discordant_tests;seed_instability;borderline_q",3,0,0,2,0.058665990614603,0,1,"ambiguous"
"flowsom_consensus_k62_seed2026",25,11368,"CD7","ambiguous","discordant_tests;seed_instability",3,0,0,1,0.998501836413298,0.0459229614807404,1,"ambiguous"
"flowsom_consensus_k62_seed2026",26,84036,"CD127","detected_multimodality","both tests reject in at least two seeds",3,3,3,3,0.00176386197890361,0,3,"detected_multimodality"
"flowsom_consensus_k62_seed2026",26,84036,"CD161","detected_multimodality","both tests reject in at least two seeds",3,3,3,3,0.00141545411717364,0,3,"detected_multimodality"
"flowsom_consensus_k62_seed2026",26,84036,"CD185_CXCR5","ambiguous","borderline_q",3,0,0,0,1,0.0855427713856929,3,"ambiguous"
"flowsom_consensus_k62_seed2026",26,84036,"CD19","ambiguous","discordant_tests;seed_instability",3,0,0,1,1,0.040520260130065,3,"ambiguous"
"flowsom_consensus_k62_seed2026",26,84036,"CD27","detected_multimodality","both tests reject in at least two seeds",3,3,3,3,0,0,3,"detected_multimodality"
"flowsom_consensus_k62_seed2026",26,84036,"CD303_TCRvd2","detected_multimodality","both tests reject in at least two seeds",3,3,3,3,0,0,3,"detected_multimodality"
"flowsom_consensus_k62_seed2026",26,84036,"FoxP3","no_detected_multimodality","neither test rejects in any seed",3,0,0,0,1,0.936468234117058,3,"stratified_5_percent_pass_audit"
"flowsom_consensus_k62_seed2026",26,84036,"TCRgd_CD141","detected_multimodality","both tests reject in at least two seeds",3,3,3,3,0,0,3,"detected_multimodality"
"flowsom_consensus_k62_seed2026",27,724975,"CD127","no_detected_multimodality","neither test rejects in any seed",3,0,0,0,0.998446098673551,0.273511755877939,4,"stratified_5_percent_pass_audit"
"flowsom_consensus_k62_seed2026",27,724975,"CD16","detected_multimodality","both tests reject in at least two seeds",3,3,3,3,0,0,4,"detected_multimodality"
"flowsom_consensus_k62_seed2026",27,724975,"CD185_CXCR5","ambiguous","discordant_tests",3,0,0,3,0.850778263736789,0,4,"ambiguous"
"flowsom_consensus_k62_seed2026",27,724975,"CD197_CCR7","ambiguous","borderline_q",3,0,0,0,0.998446098673551,0.051775887943972,4,"ambiguous"
"flowsom_consensus_k62_seed2026",27,724975,"CD21","ambiguous","discordant_tests;borderline_q",3,0,0,3,0.0601997404572224,0,4,"ambiguous"
"flowsom_consensus_k62_seed2026",27,724975,"CD27","no_detected_multimodality","neither test rejects in any seed",3,0,0,0,0.998446098673551,0.366611877367255,4,"stratified_5_percent_pass_audit"
"flowsom_consensus_k62_seed2026",27,724975,"CD38","ambiguous","discordant_tests;seed_instability;borderline_q",3,0,0,2,0.255017831536839,0,4,"ambiguous"
"flowsom_consensus_k62_seed2026",27,724975,"CD45RA","ambiguous","discordant_tests;borderline_q",3,0,0,3,0.0933391764123974,0,4,"ambiguous"
"flowsom_consensus_k62_seed2026",27,724975,"Tbet","no_detected_multimodality","neither test rejects in any seed",3,0,0,0,0.998446098673551,0.759379689844922,4,"stratified_5_percent_pass_audit"
"flowsom_consensus_k62_seed2026",28,173141,"CD11c","ambiguous","discordant_tests;seed_instability",3,0,0,1,0.998639058639869,0.0360180090045022,3,"ambiguous"
"flowsom_consensus_k62_seed2026",28,173141,"CD16","ambiguous","borderline_q",3,0,0,0,0.998639058639869,0.0911705852926463,3,"ambiguous"
"flowsom_consensus_k62_seed2026",28,173141,"CD161","ambiguous","discordant_tests;seed_instability",3,1,1,2,0.0441007264944872,0,3,"ambiguous"
"flowsom_consensus_k62_seed2026",28,173141,"CD56","ambiguous","borderline_q",3,0,0,0,0.998639058639869,0.0742871435717859,3,"ambiguous"
"flowsom_consensus_k62_seed2026",28,173141,"CD7","no_detected_multimodality","neither test rejects in any seed",3,0,0,0,0.998639058639869,0.911143071535768,3,"stratified_5_percent_pass_audit"
"flowsom_consensus_k62_seed2026",28,173141,"Tbet","detected_multimodality","both tests reject in at least two seeds",3,2,2,3,0.030436338780505,0,3,"detected_multimodality"
"flowsom_consensus_k62_seed2026",28,173141,"TCRgd_CD141","ambiguous","borderline_q",3,0,0,0,0.998639058639869,0.0855427713856929,3,"ambiguous"
"flowsom_consensus_k62_seed2026",29,105074,"CD11c","ambiguous","discordant_tests;seed_instability",3,1,1,3,0.000295899847898629,0,3,"ambiguous"
"flowsom_consensus_k62_seed2026",29,105074,"CD127","ambiguous","discordant_tests;seed_instability",3,0,0,1,0.999215726882262,0.016208104052026,3,"ambiguous"
"flowsom_consensus_k62_seed2026",29,105074,"CD159c_NKG2C","ambiguous","discordant_tests",3,0,0,3,0.112366041030634,0,3,"ambiguous"
"flowsom_consensus_k62_seed2026",29,105074,"CD3","ambiguous","discordant_tests",3,0,0,3,0.488213056623309,0,3,"ambiguous"
"flowsom_consensus_k62_seed2026",29,105074,"CD57","detected_multimodality","both tests reject in at least two seeds",3,3,3,3,0,0,3,"detected_multimodality"
"flowsom_consensus_k62_seed2026",29,105074,"CD8","no_detected_multimodality","neither test rejects in any seed",3,0,0,0,0.999215726882262,0.929464732366183,3,"stratified_5_percent_pass_audit"
"flowsom_consensus_k62_seed2026",30,28772,"CD159c_NKG2C","ambiguous","discordant_tests",3,0,0,3,0.2184263661375,0,2,"ambiguous"
"flowsom_consensus_k62_seed2026",30,28772,"CD185_CXCR5","no_detected_multimodality","neither test rejects in any seed",3,0,0,0,1,0.670835417708854,2,"stratified_5_percent_pass_audit"
"flowsom_consensus_k62_seed2026",30,28772,"CD19","no_detected_multimodality","neither test rejects in any seed",3,0,0,0,1,0.843652595528534,2,"stratified_5_percent_pass_audit"
"flowsom_consensus_k62_seed2026",30,28772,"CD3","ambiguous","discordant_tests;borderline_q",3,0,0,3,0.0956473019639226,0,2,"ambiguous"
"flowsom_consensus_k62_seed2026",30,28772,"CD38","no_detected_multimodality","neither test rejects in any seed",3,0,0,0,1,0.693065282641321,2,"stratified_5_percent_pass_audit"
"flowsom_consensus_k62_seed2026",30,28772,"CD4","no_detected_multimodality","neither test rejects in any seed",3,0,0,0,1,0.580790395197599,2,"stratified_5_percent_pass_audit"
"flowsom_consensus_k62_seed2026",30,28772,"CD56","ambiguous","discordant_tests",3,0,0,3,1,0,2,"ambiguous"
"flowsom_consensus_k62_seed2026",30,28772,"CD57","ambiguous","discordant_tests;seed_instability",3,0,0,2,0.282175544587397,0,2,"ambiguous"
"flowsom_consensus_k62_seed2026",30,28772,"CD7","ambiguous","borderline_q",3,0,0,0,1,0.0621310655327664,2,"ambiguous"
"flowsom_consensus_k62_seed2026",31,32398,"CD19","ambiguous","borderline_q",3,0,0,0,1,0.0567283641820911,2,"ambiguous"
"flowsom_consensus_k62_seed2026",31,32398,"CD294_CRTH2","no_detected_multimodality","neither test rejects in any seed",3,0,0,0,1,0.681340670335168,2,"stratified_5_percent_pass_audit"
"flowsom_consensus_k62_seed2026",31,32398,"CD303_TCRvd2","detected_multimodality","both tests reject in at least two seeds",3,3,3,3,0,0,2,"detected_multimodality"
"flowsom_consensus_k62_seed2026",31,32398,"CD4","ambiguous","discordant_tests",3,0,0,3,0.723787463191777,0,2,"ambiguous"
"flowsom_consensus_k62_seed2026",31,32398,"CD57","detected_multimodality","both tests reject in at least two seeds",3,3,3,3,0.00216858890542504,0,2,"detected_multimodality"
"flowsom_consensus_k62_seed2026",31,32398,"TCRgd_CD141","detected_multimodality","both tests reject in at least two seeds",3,3,3,3,0,0,2,"detected_multimodality"
"flowsom_consensus_k62_seed2026",32,720642,"CD27","detected_multimodality","both tests reject in at least two seeds",3,3,3,3,0,0,4,"detected_multimodality"
"flowsom_consensus_k62_seed2026",32,720642,"CD303_TCRvd2","detected_multimodality","both tests reject in at least two seeds",3,3,3,3,0,0,4,"detected_multimodality"
"flowsom_consensus_k62_seed2026",32,720642,"TCRgd_CD141","detected_multimodality","both tests reject in at least two seeds",3,3,3,3,0,0,4,"detected_multimodality"
"flowsom_consensus_k62_seed2026",33,9546,"CD56","detected_multimodality","both tests reject in at least two seeds",3,2,2,3,0.00228981063225353,0,1,"detected_multimodality"
"flowsom_consensus_k62_seed2026",33,9546,"CD57","detected_multimodality","both tests reject in at least two seeds",3,3,3,3,0,0,1,"detected_multimodality"
"flowsom_consensus_k62_seed2026",33,9546,"HLA-DR","no_detected_multimodality","neither test rejects in any seed",3,0,0,0,0.999996709885872,0.727435146144501,1,"stratified_5_percent_pass_audit"
"flowsom_consensus_k62_seed2026",33,9546,"TCRgd_CD141","ambiguous","discordant_tests;seed_instability",3,0,0,2,0.999996709885872,0,1,"ambiguous"
"flowsom_consensus_k62_seed2026",34,287685,"CD159c_NKG2C","ambiguous","borderline_q",3,0,0,0,1,0.0630315157578789,4,"ambiguous"
"flowsom_consensus_k62_seed2026",34,287685,"CD161","ambiguous","discordant_tests;seed_instability",3,1,1,3,0.0241458577243583,0,4,"ambiguous"
"flowsom_consensus_k62_seed2026",34,287685,"CD27","detected_multimodality","both tests reject in at least two seeds",3,3,3,3,0,0,4,"detected_multimodality"
"flowsom_consensus_k62_seed2026",34,287685,"CD7","no_detected_multimodality","neither test rejects in any seed",3,0,0,0,1,0.333166583291646,4,"stratified_5_percent_pass_audit"
"flowsom_consensus_k62_seed2026",35,3528,"CD11c","ambiguous","discordant_tests",3,0,0,3,0.807295935513285,0,1,"ambiguous"
"flowsom_consensus_k62_seed2026",35,3528,"CD127","detected_multimodality","both tests reject in at least two seeds",3,3,3,3,0,0,1,"detected_multimodality"
"flowsom_consensus_k62_seed2026",35,3528,"CD159c_NKG2C","detected_multimodality","both tests reject in at least two seeds",3,3,3,3,0,0,1,"detected_multimodality"
"flowsom_consensus_k62_seed2026",35,3528,"CD161","detected_multimodality","both tests reject in at least two seeds",3,3,3,3,0,0,1,"detected_multimodality"
"flowsom_consensus_k62_seed2026",35,3528,"CD19","ambiguous","borderline_q",3,0,0,0,0.999631502680504,0.0788965911527192,1,"ambiguous"
"flowsom_consensus_k62_seed2026",35,3528,"CD294_CRTH2","detected_multimodality","both tests reject in at least two seeds",3,3,3,3,0,0,1,"detected_multimodality"
"flowsom_consensus_k62_seed2026",35,3528,"CD3","ambiguous","discordant_tests",3,0,0,3,0.245620623142291,0,1,"ambiguous"
"flowsom_consensus_k62_seed2026",35,3528,"CD56","detected_multimodality","both tests reject in at least two seeds",3,3,3,3,0,0,1,"detected_multimodality"
"flowsom_consensus_k62_seed2026",35,3528,"CD57","ambiguous","discordant_tests;seed_instability;borderline_q",3,0,0,2,0.999631502680504,0.0355632361635363,1,"ambiguous"
"flowsom_consensus_k62_seed2026",35,3528,"CD7","ambiguous","borderline_q",3,0,0,0,0.999631502680504,0.0788965911527192,1,"ambiguous"
"flowsom_consensus_k62_seed2026",35,3528,"CD8","ambiguous","discordant_tests",3,0,0,3,0.85301849226499,0.00345172586293147,1,"ambiguous"
"flowsom_consensus_k62_seed2026",35,3528,"FoxP3","ambiguous","discordant_tests",3,0,0,3,0.85301849226499,0.00127841698627091,1,"ambiguous"
"flowsom_consensus_k62_seed2026",35,3528,"Tbet","ambiguous","borderline_q",3,0,0,0,0.999631502680504,0.0788965911527192,1,"ambiguous"
"flowsom_consensus_k62_seed2026",35,3528,"TCRgd_CD141","detected_multimodality","both tests reject in at least two seeds",3,3,3,3,0,0,1,"detected_multimodality"
"flowsom_consensus_k62_seed2026",36,726106,"CD127","ambiguous","discordant_tests;seed_instability",3,0,0,1,1,0.0495247623811906,4,"ambiguous"
"flowsom_consensus_k62_seed2026",36,726106,"CD161","no_detected_multimodality","neither test rejects in any seed",3,0,0,0,1,0.166583291645823,4,"stratified_5_percent_pass_audit"
"flowsom_consensus_k62_seed2026",36,726106,"CD27","detected_multimodality","both tests reject in at least two seeds",3,3,3,3,0,0,4,"detected_multimodality"
"flowsom_consensus_k62_seed2026",36,726106,"CD3","ambiguous","discordant_tests",3,0,0,3,0.119669234315819,0,4,"ambiguous"
"flowsom_consensus_k62_seed2026",36,726106,"CD303_TCRvd2","ambiguous","discordant_tests",3,0,0,3,0.549550977132365,0,4,"ambiguous"
"flowsom_consensus_k62_seed2026",36,726106,"CD38","ambiguous","borderline_q",3,0,0,0,1,0.0520974773100836,4,"ambiguous"
"flowsom_consensus_k62_seed2026",36,726106,"CD45RA","detected_multimodality","both tests reject in at least two seeds",3,3,3,3,0,0,4,"detected_multimodality"
"flowsom_consensus_k62_seed2026",36,726106,"HLA-DR","ambiguous","borderline_q",3,0,0,0,1,0.0877938969484742,4,"ambiguous"
"flowsom_consensus_k62_seed2026",36,726106,"Tbet","detected_multimodality","both tests reject in at least two seeds",3,3,3,3,0,0,4,"detected_multimodality"
"flowsom_consensus_k62_seed2026",37,23506,"CD127","ambiguous","discordant_tests;seed_instability",3,0,0,1,1,0.00810405202601301,2,"ambiguous"
"flowsom_consensus_k62_seed2026",37,23506,"CD161","detected_multimodality","both tests reject in at least two seeds",3,3,3,3,0,0,2,"detected_multimodality"
"flowsom_consensus_k62_seed2026",37,23506,"CD27","ambiguous","discordant_tests;seed_instability",3,0,0,2,0.252245405335775,0,2,"ambiguous"
"flowsom_consensus_k62_seed2026",37,23506,"CD38","ambiguous","discordant_tests",3,0,0,3,0.340023775382452,0,2,"ambiguous"
"flowsom_consensus_k62_seed2026",37,23506,"CD4","detected_multimodality","both tests reject in at least two seeds",3,3,3,3,0.000124911061301913,0,2,"detected_multimodality"
"flowsom_consensus_k62_seed2026",37,23506,"CD45RA","ambiguous","discordant_tests;seed_instability;borderline_q",3,0,0,2,1,0,2,"ambiguous"
"flowsom_consensus_k62_seed2026",37,23506,"CD56","ambiguous","discordant_tests",3,0,0,3,0.7216985863845,0,2,"ambiguous"
"flowsom_consensus_k62_seed2026",37,23506,"CD7","ambiguous","borderline_q",3,0,0,0,1,0.0675337668834417,2,"ambiguous"
"flowsom_consensus_k62_seed2026",38,1012,"CD11c","ambiguous","discordant_tests",3,0,0,3,0.998097437484138,0.0101300650325163,1,"ambiguous"
"flowsom_consensus_k62_seed2026",38,1012,"CD161","no_detected_multimodality","neither test rejects in any seed",3,0,0,0,0.998097437484138,0.948974487243622,1,"stratified_5_percent_pass_audit"
"flowsom_consensus_k62_seed2026",38,1012,"CD19","no_detected_multimodality","neither test rejects in any seed",3,0,0,0,0.998097437484138,0.786915196728799,1,"stratified_5_percent_pass_audit"
"flowsom_consensus_k62_seed2026",38,1012,"CD197_CCR7","no_detected_multimodality","neither test rejects in any seed",3,0,0,0,0.998097437484138,0.621310655327664,1,"stratified_5_percent_pass_audit"
"flowsom_consensus_k62_seed2026",38,1012,"CD1c","detected_multimodality","both tests reject in at least two seeds",3,3,3,3,0,0,1,"detected_multimodality"
"flowsom_consensus_k62_seed2026",38,1012,"CD27","ambiguous","discordant_tests;borderline_q",3,0,0,3,0.0997609811426647,0,1,"ambiguous"
"flowsom_consensus_k62_seed2026",38,1012,"CD3","detected_multimodality","both tests reject in at least two seeds",3,3,3,3,0.0145401618337877,0,1,"detected_multimodality"
"flowsom_consensus_k62_seed2026",38,1012,"CD38","no_detected_multimodality","neither test rejects in any seed",3,0,0,0,0.998097437484138,0.756378189094547,1,"stratified_5_percent_pass_audit"
"flowsom_consensus_k62_seed2026",38,1012,"CD4","ambiguous","discordant_tests",3,0,0,3,0.954855481768827,0.00192953619666976,1,"ambiguous"
"flowsom_consensus_k62_seed2026",38,1012,"CD45RA","ambiguous","discordant_tests;seed_instability;borderline_q",3,0,0,2,0.998097437484138,0.0375187593796898,1,"ambiguous"
"flowsom_consensus_k62_seed2026",38,1012,"CD57","no_detected_multimodality","neither test rejects in any seed",3,0,0,0,0.998097437484138,0.782163809177316,1,"stratified_5_percent_pass_audit"
"flowsom_consensus_k62_seed2026",38,1012,"HLA-DR","detected_multimodality","both tests reject in at least two seeds",3,3,3,3,0.00485321480392487,0,1,"detected_multimodality"
"flowsom_consensus_k62_seed2026",38,1012,"Tbet","ambiguous","discordant_tests;borderline_q",3,0,0,3,0.0997609811426647,0,1,"ambiguous"
"flowsom_consensus_k62_seed2026",38,1012,"TCRgd_CD141","ambiguous","discordant_tests;borderline_q",3,0,0,3,0.0519392924892558,0,1,"ambiguous"
"flowsom_consensus_k62_seed2026",39,27307,"CD16","detected_multimodality","both tests reject in at least two seeds",3,2,2,3,0.000388557332690442,0,2,"detected_multimodality"
"flowsom_consensus_k62_seed2026",39,27307,"CD3","ambiguous","discordant_tests;seed_instability",3,0,0,1,0.999946307244543,0.00450225112556278,2,"ambiguous"
"flowsom_consensus_k62_seed2026",39,27307,"CD56","detected_multimodality","both tests reject in at least two seeds",3,3,3,3,0,0,2,"detected_multimodality"
"flowsom_consensus_k62_seed2026",39,27307,"CD57","ambiguous","borderline_q",3,0,0,0,0.999946307244543,0.0506503251625813,2,"ambiguous"
"flowsom_consensus_k62_seed2026",40,30576,"CD159c_NKG2C","no_detected_multimodality","neither test rejects in any seed",3,0,0,0,0.999003626388412,0.775446546802813,2,"stratified_5_percent_pass_audit"
"flowsom_consensus_k62_seed2026",40,30576,"CD161","detected_multimodality","both tests reject in at least two seeds",3,3,3,3,0,0,2,"detected_multimodality"
"flowsom_consensus_k62_seed2026",40,30576,"CD294_CRTH2","ambiguous","discordant_tests",3,0,0,3,0.129138819976189,0,2,"ambiguous"
"flowsom_consensus_k62_seed2026",40,30576,"CD7","ambiguous","discordant_tests;seed_instability",3,1,1,3,0.0140419583868892,0,2,"ambiguous"
"flowsom_consensus_k62_seed2026",41,54184,"CD11c","no_detected_multimodality","neither test rejects in any seed",3,0,0,0,1,0.417021010505253,2,"stratified_5_percent_pass_audit"
"flowsom_consensus_k62_seed2026",41,54184,"CD127","ambiguous","discordant_tests;seed_instability;borderline_q",3,0,0,2,1,0.0202601300650325,2,"ambiguous"
"flowsom_consensus_k62_seed2026",41,54184,"CD161","ambiguous","borderline_q",3,0,0,0,1,0.0506503251625813,2,"ambiguous"
"flowsom_consensus_k62_seed2026",41,54184,"CD27","ambiguous","discordant_tests;borderline_q",3,0,0,3,0.0883176074301708,0,2,"ambiguous"
"flowsom_consensus_k62_seed2026",41,54184,"CD45RA","no_detected_multimodality","neither test rejects in any seed",3,0,0,0,1,0.76206524314789,2,"stratified_5_percent_pass_audit"
"flowsom_consensus_k62_seed2026",41,54184,"CD57","ambiguous","discordant_tests;seed_instability;borderline_q",3,0,0,1,1,0.0180090045022511,2,"ambiguous"
"flowsom_consensus_k62_seed2026",41,54184,"CD7","ambiguous","borderline_q",3,0,0,0,1,0.0891445722861431,2,"ambiguous"
"flowsom_consensus_k62_seed2026",41,54184,"FoxP3","no_detected_multimodality","neither test rejects in any seed",3,0,0,0,1,0.168834417208604,2,"stratified_5_percent_pass_audit"
"flowsom_consensus_k62_seed2026",41,54184,"Tbet","ambiguous","discordant_tests;borderline_q",3,0,0,3,0.0782800425094222,0,2,"ambiguous"
"flowsom_consensus_k62_seed2026",42,1061579,"CD11c","detected_multimodality","both tests reject in at least two seeds",3,3,3,3,0,0,4,"detected_multimodality"
"flowsom_consensus_k62_seed2026",42,1061579,"CD14","ambiguous","discordant_tests;seed_instability",3,0,0,1,1,0.00270135067533767,4,"ambiguous"
"flowsom_consensus_k62_seed2026",42,1061579,"CD159c_NKG2C","ambiguous","borderline_q",3,0,0,0,1,0.0759754877438719,4,"ambiguous"
"flowsom_consensus_k62_seed2026",42,1061579,"CD1c","ambiguous","discordant_tests",3,0,0,3,0.114446467606276,0,4,"ambiguous"
"flowsom_consensus_k62_seed2026",42,1061579,"CD303_TCRvd2","detected_multimodality","both tests reject in at least two seeds",3,3,3,3,0.000495048152387323,0,4,"detected_multimodality"
"flowsom_consensus_k62_seed2026",42,1061579,"CD45RA","ambiguous","discordant_tests;seed_instability;borderline_q",3,0,0,1,1,0.0180090045022511,4,"ambiguous"
"flowsom_consensus_k62_seed2026",42,1061579,"CD7","ambiguous","discordant_tests;seed_instability",3,0,0,1,1,0.0192953619666976,4,"ambiguous"
"flowsom_consensus_k62_seed2026",42,1061579,"HLA-DR","ambiguous","discordant_tests;seed_instability;borderline_q",3,0,0,1,0.850778263736789,0.0180090045022511,4,"ambiguous"
"flowsom_consensus_k62_seed2026",42,1061579,"TCRgd_CD141","ambiguous","discordant_tests",3,0,0,3,0.740773636290259,0,4,"ambiguous"
"flowsom_consensus_k62_seed2026",43,14024,"CD14","ambiguous","borderline_q",3,0,0,0,0.999991875528727,0.0694633030801115,1,"ambiguous"
"flowsom_consensus_k62_seed2026",43,14024,"CD159c_NKG2C","ambiguous","borderline_q",3,0,0,0,0.999991875528727,0.0709104552276138,1,"ambiguous"
"flowsom_consensus_k62_seed2026",43,14024,"CD19","ambiguous","discordant_tests",3,0,0,3,0.999991875528727,0,1,"ambiguous"
"flowsom_consensus_k62_seed2026",43,14024,"CD21","ambiguous","borderline_q",3,0,0,0,0.999991875528727,0.0904952476238119,1,"ambiguous"
"flowsom_consensus_k62_seed2026",43,14024,"CD27","detected_multimodality","both tests reject in at least two seeds",3,3,3,3,0,0,1,"detected_multimodality"
"flowsom_consensus_k62_seed2026",43,14024,"CD3","detected_multimodality","both tests reject in at least two seeds",3,3,3,3,0,0,1,"detected_multimodality"
"flowsom_consensus_k62_seed2026",43,14024,"CD303_TCRvd2","ambiguous","discordant_tests;seed_instability;borderline_q",3,0,0,2,0.109316840990082,0,1,"ambiguous"
"flowsom_consensus_k62_seed2026",43,14024,"CD45RA","detected_multimodality","both tests reject in at least two seeds",3,2,2,3,0.0126573070795813,0,1,"detected_multimodality"
"flowsom_consensus_k62_seed2026",43,14024,"CD57","ambiguous","discordant_tests;seed_instability;borderline_q",3,1,1,2,0.000343881232807375,0,1,"ambiguous"
"flowsom_consensus_k62_seed2026",43,14024,"FoxP3","no_detected_multimodality","neither test rejects in any seed",3,0,0,0,0.999991875528727,0.359487436025705,1,"stratified_5_percent_pass_audit"
"flowsom_consensus_k62_seed2026",43,14024,"HLA-DR","ambiguous","discordant_tests;seed_instability",3,0,0,2,0.999991875528727,0.0157578789394697,1,"ambiguous"
"flowsom_consensus_k62_seed2026",43,14024,"Tbet","ambiguous","borderline_q",3,0,0,0,0.999991875528727,0.0759754877438719,1,"ambiguous"
"flowsom_consensus_k62_seed2026",43,14024,"TCRgd_CD141","no_detected_multimodality","neither test rejects in any seed",3,0,0,0,0.999991875528727,0.443793325234046,1,"stratified_5_percent_pass_audit"
"flowsom_consensus_k62_seed2026",44,135754,"CD11c","ambiguous","discordant_tests;seed_instability",3,0,0,1,0.999672828741956,0.00675337668834417,3,"ambiguous"
"flowsom_consensus_k62_seed2026",44,135754,"CD127","no_detected_multimodality","neither test rejects in any seed",3,0,0,0,0.999672828741956,0.867955716988929,3,"stratified_5_percent_pass_audit"
"flowsom_consensus_k62_seed2026",44,135754,"CD303_TCRvd2","detected_multimodality","both tests reject in at least two seeds",3,2,2,3,5.73375352357353e-05,0,3,"detected_multimodality"
"flowsom_consensus_k62_seed2026",44,135754,"CD56","ambiguous","discordant_tests;seed_instability",3,0,0,2,0.999672828741956,0.0202601300650325,3,"ambiguous"
"flowsom_consensus_k62_seed2026",45,13671605,"CD11c","no_detected_multimodality","neither test rejects in any seed",3,0,0,0,1,0.864432216108054,4,"stratified_5_percent_pass_audit"
"flowsom_consensus_k62_seed2026",45,13671605,"CD127","ambiguous","discordant_tests;seed_instability",3,0,0,2,0.202057697676091,0,4,"ambiguous"
"flowsom_consensus_k62_seed2026",45,13671605,"CD197_CCR7","ambiguous","discordant_tests;seed_instability;borderline_q",3,1,1,2,0.000176441083129975,0,4,"ambiguous"
"flowsom_consensus_k62_seed2026",45,13671605,"CD27","detected_multimodality","both tests reject in at least two seeds",3,3,3,3,0,0,4,"detected_multimodality"
"flowsom_consensus_k62_seed2026",45,13671605,"CD45RA","ambiguous","discordant_tests;seed_instability",3,0,0,2,1,0,4,"ambiguous"
"flowsom_consensus_k62_seed2026",45,13671605,"CD7","detected_multimodality","both tests reject in at least two seeds",3,2,2,3,2.39439155242938e-05,0,4,"detected_multimodality"
"flowsom_consensus_k62_seed2026",45,13671605,"FoxP3","no_detected_multimodality","neither test rejects in any seed",3,0,0,0,1,0.630315157578789,4,"stratified_5_percent_pass_audit"
"flowsom_consensus_k62_seed2026",45,13671605,"HLA-DR","no_detected_multimodality","neither test rejects in any seed",3,0,0,0,1,0.804616594011291,4,"stratified_5_percent_pass_audit"
"flowsom_consensus_k62_seed2026",46,76407,"CD11c","detected_multimodality","both tests reject in at least two seeds",3,3,3,3,0,0,2,"detected_multimodality"
"flowsom_consensus_k62_seed2026",46,76407,"CD127","no_detected_multimodality","neither test rejects in any seed",3,0,0,0,1,0.440657828914457,2,"stratified_5_percent_pass_audit"
"flowsom_consensus_k62_seed2026",46,76407,"CD1c","detected_multimodality","both tests reject in at least two seeds",3,3,3,3,0,0,2,"detected_multimodality"
"flowsom_consensus_k62_seed2026",46,76407,"CD3","no_detected_multimodality","neither test rejects in any seed",3,0,0,0,1,0.78815878527499,2,"stratified_5_percent_pass_audit"
"flowsom_consensus_k62_seed2026",46,76407,"CD57","no_detected_multimodality","neither test rejects in any seed",3,0,0,0,1,0.334967483741871,2,"stratified_5_percent_pass_audit"
"flowsom_consensus_k62_seed2026",46,76407,"FoxP3","ambiguous","borderline_q",3,0,0,0,1,0.0999499749874938,2,"ambiguous"
"flowsom_consensus_k62_seed2026",46,76407,"HLA-DR","detected_multimodality","both tests reject in at least two seeds",3,3,3,3,0,0,2,"detected_multimodality"
"flowsom_consensus_k62_seed2026",46,76407,"TCRgd_CD141","detected_multimodality","both tests reject in at least two seeds",3,3,3,3,0,0,2,"detected_multimodality"
"flowsom_consensus_k62_seed2026",47,115966,"CD27","no_detected_multimodality","neither test rejects in any seed",3,0,0,0,1,0.914822796013391,3,"stratified_5_percent_pass_audit"
"flowsom_consensus_k62_seed2026",47,115966,"CD303_TCRvd2","no_detected_multimodality","neither test rejects in any seed",3,0,0,0,1,0.382691345672836,3,"stratified_5_percent_pass_audit"
"flowsom_consensus_k62_seed2026",48,6847,"CD161","ambiguous","discordant_tests;seed_instability;borderline_q",3,1,1,2,0.000568840824018646,0,1,"ambiguous"
"flowsom_consensus_k62_seed2026",48,6847,"CD185_CXCR5","ambiguous","discordant_tests;seed_instability",3,0,0,1,0.999920798552813,0,1,"ambiguous"
"flowsom_consensus_k62_seed2026",48,6847,"CD197_CCR7","ambiguous","discordant_tests",3,0,0,3,0.999920798552813,0,1,"ambiguous"
"flowsom_consensus_k62_seed2026",48,6847,"CD45RA","no_detected_multimodality","neither test rejects in any seed",3,0,0,0,0.999920798552813,0.878321513698025,1,"stratified_5_percent_pass_audit"
"flowsom_consensus_k62_seed2026",48,6847,"CD7","detected_multimodality","both tests reject in at least two seeds",3,3,3,3,0,0,1,"detected_multimodality"
"flowsom_consensus_k62_seed2026",48,6847,"FoxP3","detected_multimodality","both tests reject in at least two seeds",3,3,3,3,0,0,1,"detected_multimodality"
"flowsom_consensus_k62_seed2026",49,60777,"CD159c_NKG2C","ambiguous","discordant_tests",3,0,0,3,1,0.00675337668834417,2,"ambiguous"
"flowsom_consensus_k62_seed2026",49,60777,"CD16","ambiguous","discordant_tests;seed_instability;borderline_q",3,0,0,1,1,0.0337668834417209,2,"ambiguous"
"flowsom_consensus_k62_seed2026",49,60777,"CD57","ambiguous","discordant_tests;borderline_q",3,0,0,3,0.050997475621681,0,2,"ambiguous"
"flowsom_consensus_k62_seed2026",50,4475356,"CD185_CXCR5","no_detected_multimodality","neither test rejects in any seed",3,0,0,0,0.999782850222752,0.803651825912956,4,"stratified_5_percent_pass_audit"
"flowsom_consensus_k62_seed2026",51,18663,"CD11c","ambiguous","discordant_tests",3,0,0,3,0.425189812176751,0,2,"ambiguous"
"flowsom_consensus_k62_seed2026",51,18663,"CD161","no_detected_multimodality","neither test rejects in any seed",3,0,0,0,0.997787595165293,0.61568284142071,2,"stratified_5_percent_pass_audit"
"flowsom_consensus_k62_seed2026",51,18663,"CD1c","detected_multimodality","both tests reject in at least two seeds",3,3,3,3,0,0,2,"detected_multimodality"
"flowsom_consensus_k62_seed2026",51,18663,"CD303_TCRvd2","no_detected_multimodality","neither test rejects in any seed",3,0,0,0,0.997787595165293,0.540270135067534,2,"stratified_5_percent_pass_audit"
"flowsom_consensus_k62_seed2026",51,18663,"CD45RA","ambiguous","discordant_tests;seed_instability;borderline_q",3,1,1,3,0.0211643594313077,0,2,"ambiguous"
"flowsom_consensus_k62_seed2026",51,18663,"CD56","ambiguous","discordant_tests",3,0,0,3,0.601415488653749,0,2,"ambiguous"
"flowsom_consensus_k62_seed2026",51,18663,"CD7","no_detected_multimodality","neither test rejects in any seed",3,0,0,0,0.997787595165293,0.545465040212414,2,"stratified_5_percent_pass_audit"
"flowsom_consensus_k62_seed2026",51,18663,"FoxP3","ambiguous","discordant_tests;seed_instability",3,0,0,2,0.997787595165293,0.0250839705567069,2,"ambiguous"
"flowsom_consensus_k62_seed2026",51,18663,"HLA-DR","ambiguous","discordant_tests;seed_instability",3,1,1,3,0.0314841377733536,0,2,"ambiguous"
"flowsom_consensus_k62_seed2026",51,18663,"TCRgd_CD141","detected_multimodality","both tests reject in at least two seeds",3,3,3,3,0,0,2,"detected_multimodality"
"flowsom_consensus_k62_seed2026",52,63216,"CD197_CCR7","no_detected_multimodality","neither test rejects in any seed",3,0,0,0,1,0.946373186593297,2,"stratified_5_percent_pass_audit"
"flowsom_consensus_k62_seed2026",52,63216,"CD57","detected_multimodality","both tests reject in at least two seeds",3,3,3,3,0,0,2,"detected_multimodality"
"flowsom_consensus_k62_seed2026",53,11243,"CD127","ambiguous","borderline_q",3,0,0,0,1,0.0945472736368184,1,"ambiguous"
"flowsom_consensus_k62_seed2026",53,11243,"CD14","ambiguous","discordant_tests;seed_instability;borderline_q",3,0,0,1,1,0.0135067533766883,1,"ambiguous"
"flowsom_consensus_k62_seed2026",53,11243,"CD159c_NKG2C","no_detected_multimodality","neither test rejects in any seed",3,0,0,0,1,0.956978489244622,1,"stratified_5_percent_pass_audit"
"flowsom_consensus_k62_seed2026",53,11243,"CD25","ambiguous","discordant_tests",3,0,0,3,0.618626169613349,0,1,"ambiguous"
"flowsom_consensus_k62_seed2026",53,11243,"CD303_TCRvd2","no_detected_multimodality","neither test rejects in any seed",3,0,0,0,1,0.289430429500465,1,"stratified_5_percent_pass_audit"
"flowsom_consensus_k62_seed2026",53,11243,"CD38","ambiguous","discordant_tests;seed_instability",3,0,0,1,1,0.040520260130065,1,"ambiguous"
"flowsom_consensus_k62_seed2026",53,11243,"CD4","no_detected_multimodality","neither test rejects in any seed",3,0,0,0,1,0.633852640606017,1,"stratified_5_percent_pass_audit"
"flowsom_consensus_k62_seed2026",54,8468,"CD11c","ambiguous","discordant_tests;seed_instability",3,0,0,2,0.997607976226423,0.00328735796469663,1,"ambiguous"
"flowsom_consensus_k62_seed2026",54,8468,"CD127","detected_multimodality","both tests reject in at least two seeds",3,3,3,3,0,0,1,"detected_multimodality"
"flowsom_consensus_k62_seed2026",54,8468,"CD159c_NKG2C","detected_multimodality","both tests reject in at least two seeds",3,3,3,3,0,0,1,"detected_multimodality"
"flowsom_consensus_k62_seed2026",54,8468,"CD16","ambiguous","borderline_q",3,0,0,0,0.997607976226423,0.0782391195597799,1,"ambiguous"
"flowsom_consensus_k62_seed2026",54,8468,"CD161","detected_multimodality","both tests reject in at least two seeds",3,3,3,3,0,0,1,"detected_multimodality"
"flowsom_consensus_k62_seed2026",54,8468,"CD19","ambiguous","discordant_tests;seed_instability",3,0,0,1,0.997607976226423,0.0172586293146573,1,"ambiguous"
"flowsom_consensus_k62_seed2026",54,8468,"CD27","detected_multimodality","both tests reject in at least two seeds",3,3,3,3,0,0,1,"detected_multimodality"
"flowsom_consensus_k62_seed2026",54,8468,"CD294_CRTH2","detected_multimodality","both tests reject in at least two seeds",3,3,3,3,0,0,1,"detected_multimodality"
"flowsom_consensus_k62_seed2026",54,8468,"CD3","ambiguous","discordant_tests;seed_instability",3,1,1,3,0.00816724153415936,0,1,"ambiguous"
"flowsom_consensus_k62_seed2026",54,8468,"CD45RA","detected_multimodality","both tests reject in at least two seeds",3,3,3,3,0,0,1,"detected_multimodality"
"flowsom_consensus_k62_seed2026",54,8468,"CD56","ambiguous","discordant_tests;seed_instability",3,0,0,2,0.997607976226423,0.00862931465732866,1,"ambiguous"
"flowsom_consensus_k62_seed2026",54,8468,"HLA-DR","ambiguous","borderline_q",3,0,0,0,0.997607976226423,0.0575287643821911,1,"ambiguous"
"flowsom_consensus_k62_seed2026",56,8521,"CD11c","no_detected_multimodality","neither test rejects in any seed",3,0,0,0,0.999799582548223,0.310655327663832,1,"stratified_5_percent_pass_audit"
"flowsom_consensus_k62_seed2026",56,8521,"CD14","detected_multimodality","both tests reject in at least two seeds",3,3,3,3,0.00381386317548549,0,1,"detected_multimodality"
"flowsom_consensus_k62_seed2026",56,8521,"CD197_CCR7","ambiguous","discordant_tests;seed_instability",3,0,0,2,0.46961143916083,0,1,"ambiguous"
"flowsom_consensus_k62_seed2026",56,8521,"CD27","ambiguous","discordant_tests;seed_instability;borderline_q",3,0,0,1,0.999799582548223,0,1,"ambiguous"
"flowsom_consensus_k62_seed2026",56,8521,"CD3","detected_multimodality","both tests reject in at least two seeds",3,3,3,3,0,0,1,"detected_multimodality"
"flowsom_consensus_k62_seed2026",56,8521,"CD7","detected_multimodality","both tests reject in at least two seeds",3,3,3,3,0,0,1,"detected_multimodality"
"flowsom_consensus_k62_seed2026",57,4205683,"CD197_CCR7","ambiguous","discordant_tests;seed_instability",3,0,0,1,1,0.040520260130065,4,"ambiguous"
"flowsom_consensus_k62_seed2026",57,4205683,"CD21","detected_multimodality","both tests reject in at least two seeds",3,2,2,3,0.000351002029698511,0,4,"detected_multimodality"
"flowsom_consensus_k62_seed2026",57,4205683,"CD3","no_detected_multimodality","neither test rejects in any seed",3,0,0,0,1,0.988494247123562,4,"stratified_5_percent_pass_audit"
"flowsom_consensus_k62_seed2026",58,5697,"CD11c","detected_multimodality","both tests reject in at least two seeds",3,3,3,3,0,0,1,"detected_multimodality"
"flowsom_consensus_k62_seed2026",58,5697,"CD14","ambiguous","borderline_q",3,0,0,0,0.997652884922533,0.051775887943972,1,"ambiguous"
"flowsom_consensus_k62_seed2026",58,5697,"CD1c","detected_multimodality","both tests reject in at least two seeds",3,3,3,3,0,0,1,"detected_multimodality"
"flowsom_consensus_k62_seed2026",58,5697,"CD21","ambiguous","borderline_q",3,0,0,0,0.997652884922533,0.0540270135067534,1,"ambiguous"
"flowsom_consensus_k62_seed2026",58,5697,"CD3","detected_multimodality","both tests reject in at least two seeds",3,3,3,3,3.60430734371031e-05,0,1,"detected_multimodality"
"flowsom_consensus_k62_seed2026",58,5697,"CD56","no_detected_multimodality","neither test rejects in any seed",3,0,0,0,0.997652884922533,0.659804902451226,1,"stratified_5_percent_pass_audit"
"flowsom_consensus_k62_seed2026",58,5697,"CD8","no_detected_multimodality","neither test rejects in any seed",3,0,0,0,0.997652884922533,0.602608996806095,1,"stratified_5_percent_pass_audit"
"flowsom_consensus_k62_seed2026",58,5697,"FoxP3","ambiguous","borderline_q",3,0,0,0,0.997652884922533,0.0742871435717859,1,"ambiguous"
"flowsom_consensus_k62_seed2026",58,5697,"HLA-DR","detected_multimodality","both tests reject in at least two seeds",3,3,3,3,0,0,1,"detected_multimodality"
"flowsom_consensus_k62_seed2026",58,5697,"TCRgd_CD141","ambiguous","discordant_tests",3,0,0,3,0.997652884922533,0.00270135067533767,1,"ambiguous"
"flowsom_consensus_k62_seed2026",60,6080,"CD11c","ambiguous","discordant_tests;borderline_q",3,0,0,3,0.0647056818214705,0,1,"ambiguous"
"flowsom_consensus_k62_seed2026",60,6080,"CD14","no_detected_multimodality","neither test rejects in any seed",3,0,0,0,0.999427360252433,0.673748639025395,1,"stratified_5_percent_pass_audit"
"flowsom_consensus_k62_seed2026",60,6080,"CD185_CXCR5","detected_multimodality","both tests reject in at least two seeds",3,2,2,3,0.0321227654504302,0,1,"detected_multimodality"
"flowsom_consensus_k62_seed2026",60,6080,"CD19","ambiguous","discordant_tests;seed_instability",3,0,0,2,0.999427360252433,0,1,"ambiguous"
"flowsom_consensus_k62_seed2026",60,6080,"CD21","detected_multimodality","both tests reject in at least two seeds",3,3,3,3,0,0,1,"detected_multimodality"
"flowsom_consensus_k62_seed2026",60,6080,"CD27","no_detected_multimodality","neither test rejects in any seed",3,0,0,0,0.999427360252433,0.684077332784039,1,"stratified_5_percent_pass_audit"
"flowsom_consensus_k62_seed2026",60,6080,"CD294_CRTH2","no_detected_multimodality","neither test rejects in any seed",3,0,0,0,0.999427360252433,0.781462159651254,1,"stratified_5_percent_pass_audit"
"flowsom_consensus_k62_seed2026",60,6080,"CD38","ambiguous","discordant_tests;seed_instability;borderline_q",3,0,0,2,0.999427360252433,0.00270135067533767,1,"ambiguous"
"flowsom_consensus_k62_seed2026",60,6080,"Tbet","no_detected_multimodality","neither test rejects in any seed",3,0,0,0,0.999427360252433,0.684077332784039,1,"stratified_5_percent_pass_audit"
"flowsom_consensus_k62_seed2026",61,8255,"CD11c","detected_multimodality","both tests reject in at least two seeds",3,3,3,3,0,0,1,"detected_multimodality"
"flowsom_consensus_k62_seed2026",61,8255,"CD127","no_detected_multimodality","neither test rejects in any seed",3,0,0,0,0.998581530638563,0.287939424257583,1,"stratified_5_percent_pass_audit"
"flowsom_consensus_k62_seed2026",61,8255,"CD14","ambiguous","discordant_tests;seed_instability;borderline_q",3,0,0,1,0.998581530638563,0.0249355446954246,1,"ambiguous"
"flowsom_consensus_k62_seed2026",61,8255,"CD159c_NKG2C","ambiguous","discordant_tests",3,0,0,3,0.179456732747287,0,1,"ambiguous"
"flowsom_consensus_k62_seed2026",61,8255,"CD16","detected_multimodality","both tests reject in at least two seeds",3,3,3,3,0.000733026312440432,0,1,"detected_multimodality"
"flowsom_consensus_k62_seed2026",61,8255,"CD161","ambiguous","borderline_q",3,0,0,0,0.998581530638563,0.0738369184592296,1,"ambiguous"
"flowsom_consensus_k62_seed2026",61,8255,"CD185_CXCR5","no_detected_multimodality","neither test rejects in any seed",3,0,0,0,0.998581530638563,0.121560780390195,1,"stratified_5_percent_pass_audit"
"flowsom_consensus_k62_seed2026",61,8255,"CD197_CCR7","ambiguous","discordant_tests",3,0,0,3,0.125814906780901,0.00122788667060803,1,"ambiguous"
"flowsom_consensus_k62_seed2026",61,8255,"CD21","ambiguous","discordant_tests;seed_instability;borderline_q",3,0,0,1,0.998581530638563,0.0463088687200743,1,"ambiguous"
"flowsom_consensus_k62_seed2026",61,8255,"CD25","ambiguous","discordant_tests;seed_instability;borderline_q",3,0,0,2,0.974529233826339,0.00450225112556278,1,"ambiguous"
"flowsom_consensus_k62_seed2026",61,8255,"CD27","detected_multimodality","both tests reject in at least two seeds",3,3,3,3,0,0,1,"detected_multimodality"
"flowsom_consensus_k62_seed2026",61,8255,"CD3","ambiguous","discordant_tests",3,0,0,3,0.264222153028174,0,1,"ambiguous"
"flowsom_consensus_k62_seed2026",61,8255,"CD303_TCRvd2","ambiguous","discordant_tests;seed_instability;borderline_q",3,0,0,1,0.998581530638563,0.0308725791467162,1,"ambiguous"
"flowsom_consensus_k62_seed2026",61,8255,"CD38","ambiguous","discordant_tests",3,0,0,3,0.125814906780901,0,1,"ambiguous"
"flowsom_consensus_k62_seed2026",61,8255,"CD4","ambiguous","discordant_tests;seed_instability;borderline_q",3,1,1,3,0.0216054325564389,0,1,"ambiguous"
"flowsom_consensus_k62_seed2026",61,8255,"CD45RA","detected_multimodality","both tests reject in at least two seeds",3,3,3,3,0,0,1,"detected_multimodality"
"flowsom_consensus_k62_seed2026",61,8255,"CD57","ambiguous","borderline_q",3,0,0,0,0.998581530638563,0.0751313156578289,1,"ambiguous"
"flowsom_consensus_k62_seed2026",61,8255,"CD7","detected_multimodality","both tests reject in at least two seeds",3,3,3,3,0.000816238098418631,0,1,"detected_multimodality"
"flowsom_consensus_k62_seed2026",61,8255,"HLA-DR","ambiguous","discordant_tests;seed_instability",3,0,0,1,0.998581530638563,0.0135067533766883,1,"ambiguous"
"flowsom_consensus_k62_seed2026",61,8255,"Tbet","detected_multimodality","both tests reject in at least two seeds",3,3,3,3,0,0,1,"detected_multimodality"
"flowsom_consensus_k62_seed2026",61,8255,"TCRgd_CD141","ambiguous","discordant_tests;seed_instability",3,1,1,2,0.00379140239980813,0,1,"ambiguous"
"flowsom_consensus_k62_seed2026",62,17025,"CD14","detected_multimodality","both tests reject in at least two seeds",3,3,3,3,0,0,1,"detected_multimodality"
"flowsom_consensus_k62_seed2026",62,17025,"CD159c_NKG2C","detected_multimodality","both tests reject in at least two seeds",3,3,3,3,0,0,1,"detected_multimodality"
"flowsom_consensus_k62_seed2026",62,17025,"CD185_CXCR5","detected_multimodality","both tests reject in at least two seeds",3,3,3,3,0,0,1,"detected_multimodality"
"flowsom_consensus_k62_seed2026",62,17025,"CD19","ambiguous","discordant_tests;seed_instability;borderline_q",3,0,0,1,0.999851858063732,0.00135067533766883,1,"ambiguous"
"flowsom_consensus_k62_seed2026",62,17025,"CD27","detected_multimodality","both tests reject in at least two seeds",3,3,3,3,0,0,1,"detected_multimodality"
"flowsom_consensus_k62_seed2026",62,17025,"CD294_CRTH2","detected_multimodality","both tests reject in at least two seeds",3,3,3,3,0.00365865353548261,0,1,"detected_multimodality"
"flowsom_consensus_k62_seed2026",62,17025,"CD3","no_detected_multimodality","neither test rejects in any seed",3,0,0,0,0.999851858063732,0.131383873755059,1,"stratified_5_percent_pass_audit"
"flowsom_consensus_k62_seed2026",62,17025,"CD38","detected_multimodality","both tests reject in at least two seeds",3,3,3,3,0,0,1,"detected_multimodality"
"flowsom_consensus_k62_seed2026",62,17025,"CD4","ambiguous","discordant_tests",3,0,0,3,0.230305779296831,0,1,"ambiguous"
"flowsom_consensus_k62_seed2026",62,17025,"CD45RA","ambiguous","discordant_tests",3,0,0,3,0.435088201652113,0,1,"ambiguous"
"flowsom_consensus_k62_seed2026",62,17025,"CD56","ambiguous","borderline_q",3,0,0,0,0.999851858063732,0.0567283641820911,1,"ambiguous"
"flowsom_consensus_k62_seed2026",62,17025,"CD7","no_detected_multimodality","neither test rejects in any seed",3,0,0,0,0.999851858063732,0.358893732580576,1,"stratified_5_percent_pass_audit"
"flowsom_consensus_k62_seed2026",62,17025,"HLA-DR","ambiguous","discordant_tests",3,0,0,3,0.991722669856644,0,1,"ambiguous"
"flowsom_consensus_k62_seed42",1,1120827,"CD11c","detected_multimodality","both tests reject in at least two seeds",3,3,3,3,0,0,4,"detected_multimodality"
"flowsom_consensus_k62_seed42",1,1120827,"CD127","no_detected_multimodality","neither test rejects in any seed",3,0,0,0,0.999503035308577,0.477931273328972,4,"stratified_5_percent_pass_audit"
"flowsom_consensus_k62_seed42",1,1120827,"CD161","detected_multimodality","both tests reject in at least two seeds",3,3,3,3,0,0,4,"detected_multimodality"
"flowsom_consensus_k62_seed42",2,354507,"CD16","no_detected_multimodality","neither test rejects in any seed",3,0,0,0,1,0.910895447723862,4,"stratified_5_percent_pass_audit"
"flowsom_consensus_k62_seed42",2,354507,"CD1c","no_detected_multimodality","neither test rejects in any seed",3,0,0,0,1,0.910895447723862,4,"stratified_5_percent_pass_audit"
"flowsom_consensus_k62_seed42",2,354507,"CD21","no_detected_multimodality","neither test rejects in any seed",3,0,0,0,1,0.910895447723862,4,"stratified_5_percent_pass_audit"
"flowsom_consensus_k62_seed42",2,354507,"CD303_TCRvd2","no_detected_multimodality","neither test rejects in any seed",3,0,0,0,1,0.229614807403702,4,"stratified_5_percent_pass_audit"
"flowsom_consensus_k62_seed42",3,336749,"CD11c","ambiguous","discordant_tests;seed_instability;borderline_q",3,0,0,1,0.99983685620176,0.0270135067533767,4,"ambiguous"
"flowsom_consensus_k62_seed42",3,336749,"CD159c_NKG2C","detected_multimodality","both tests reject in at least two seeds",3,3,3,3,0,0,4,"detected_multimodality"
"flowsom_consensus_k62_seed42",3,336749,"CD3","no_detected_multimodality","neither test rejects in any seed",3,0,0,0,0.99983685620176,0.9231346442452,4,"stratified_5_percent_pass_audit"
"flowsom_consensus_k62_seed42",3,336749,"CD38","no_detected_multimodality","neither test rejects in any seed",3,0,0,0,0.99983685620176,0.416008004002001,4,"stratified_5_percent_pass_audit"
"flowsom_consensus_k62_seed42",3,336749,"CD57","detected_multimodality","both tests reject in at least two seeds",3,3,3,3,0,0,4,"detected_multimodality"
"flowsom_consensus_k62_seed42",4,228900,"CD11c","ambiguous","discordant_tests;seed_instability;borderline_q",3,0,0,1,0.986305189819792,0.0225112556278139,3,"ambiguous"
"flowsom_consensus_k62_seed42",4,228900,"CD14","no_detected_multimodality","neither test rejects in any seed",3,0,0,0,1,0.860908715227179,3,"stratified_5_percent_pass_audit"
"flowsom_consensus_k62_seed42",4,228900,"CD159c_NKG2C","no_detected_multimodality","neither test rejects in any seed",3,0,0,0,1,0.536411062674194,3,"stratified_5_percent_pass_audit"
"flowsom_consensus_k62_seed42",4,228900,"CD3","detected_multimodality","both tests reject in at least two seeds",3,3,3,3,0,0,3,"detected_multimodality"
"flowsom_consensus_k62_seed42",4,228900,"CD4","no_detected_multimodality","neither test rejects in any seed",3,0,0,0,1,0.759221716121218,3,"stratified_5_percent_pass_audit"
"flowsom_consensus_k62_seed42",4,228900,"CD56","no_detected_multimodality","neither test rejects in any seed",3,0,0,0,1,0.587543771885943,3,"stratified_5_percent_pass_audit"
"flowsom_consensus_k62_seed42",4,228900,"CD57","detected_multimodality","both tests reject in at least two seeds",3,3,3,3,0,0,3,"detected_multimodality"
"flowsom_consensus_k62_seed42",4,228900,"CD8","no_detected_multimodality","neither test rejects in any seed",3,0,0,0,1,0.860908715227179,3,"stratified_5_percent_pass_audit"
"flowsom_consensus_k62_seed42",5,340676,"CD11c","detected_multimodality","both tests reject in at least two seeds",3,3,3,3,0,0,4,"detected_multimodality"
"flowsom_consensus_k62_seed42",5,340676,"CD294_CRTH2","no_detected_multimodality","neither test rejects in any seed",3,0,0,0,1,0.814088862613125,4,"stratified_5_percent_pass_audit"
"flowsom_consensus_k62_seed42",5,340676,"CD3","detected_multimodality","both tests reject in at least two seeds",3,3,3,3,0,0,4,"detected_multimodality"
"flowsom_consensus_k62_seed42",5,340676,"CD57","detected_multimodality","both tests reject in at least two seeds",3,3,3,3,0,0,4,"detected_multimodality"
"flowsom_consensus_k62_seed42",5,340676,"HLA-DR","no_detected_multimodality","neither test rejects in any seed",3,0,0,0,1,0.688844422211106,4,"stratified_5_percent_pass_audit"
"flowsom_consensus_k62_seed42",6,286433,"CD11c","detected_multimodality","both tests reject in at least two seeds",3,2,2,3,7.4806091741042e-05,0,4,"detected_multimodality"
"flowsom_consensus_k62_seed42",6,286433,"CD161","detected_multimodality","both tests reject in at least two seeds",3,2,2,2,0.000202712960306717,0,4,"detected_multimodality"
"flowsom_consensus_k62_seed42",6,286433,"CD197_CCR7","ambiguous","borderline_q",3,0,0,0,1,0.0720360180090045,4,"ambiguous"
"flowsom_consensus_k62_seed42",6,286433,"CD3","ambiguous","discordant_tests;seed_instability",3,0,0,1,1,0.0371435717858929,4,"ambiguous"
"flowsom_consensus_k62_seed42",6,286433,"CD57","ambiguous","discordant_tests;borderline_q",3,0,0,3,0.089816110159171,0,4,"ambiguous"
"flowsom_consensus_k62_seed42",7,128303,"CD11c","ambiguous","discordant_tests;seed_instability",3,0,0,1,0.298885711935313,0,3,"ambiguous"
"flowsom_consensus_k62_seed42",7,128303,"CD159c_NKG2C","ambiguous","discordant_tests;seed_instability",3,0,0,2,0.131781967622829,0,3,"ambiguous"
"flowsom_consensus_k62_seed42",7,128303,"CD38","no_detected_multimodality","neither test rejects in any seed",3,0,0,0,1,0.941970985492746,3,"stratified_5_percent_pass_audit"
"flowsom_consensus_k62_seed42",7,128303,"CD57","detected_multimodality","both tests reject in at least two seeds",3,3,3,3,0,0,3,"detected_multimodality"
"flowsom_consensus_k62_seed42",8,280345,"CD14","no_detected_multimodality","neither test rejects in any seed",3,0,0,0,1,0.575387693846924,4,"stratified_5_percent_pass_audit"
"flowsom_consensus_k62_seed42",8,280345,"CD159c_NKG2C","ambiguous","discordant_tests;seed_instability",3,0,0,1,1,0.0225112556278139,4,"ambiguous"
"flowsom_consensus_k62_seed42",8,280345,"CD185_CXCR5","no_detected_multimodality","neither test rejects in any seed",3,0,0,0,1,0.751554348602873,4,"stratified_5_percent_pass_audit"
"flowsom_consensus_k62_seed42",8,280345,"CD197_CCR7","no_detected_multimodality","neither test rejects in any seed",3,0,0,0,1,0.831415707853927,4,"stratified_5_percent_pass_audit"
"flowsom_consensus_k62_seed42",8,280345,"CD3","ambiguous","discordant_tests;seed_instability",3,0,0,1,1,0.0225112556278139,4,"ambiguous"
"flowsom_consensus_k62_seed42",8,280345,"CD56","no_detected_multimodality","neither test rejects in any seed",3,0,0,0,1,0.87343671835918,4,"stratified_5_percent_pass_audit"
"flowsom_consensus_k62_seed42",8,280345,"CD57","detected_multimodality","both tests reject in at least two seeds",3,3,3,3,0,0,4,"detected_multimodality"
"flowsom_consensus_k62_seed42",8,280345,"CD7","no_detected_multimodality","neither test rejects in any seed",3,0,0,0,1,0.740620310155078,4,"stratified_5_percent_pass_audit"
"flowsom_consensus_k62_seed42",9,58949,"CD127","no_detected_multimodality","neither test rejects in any seed",3,0,0,0,1,0.575878848515167,2,"stratified_5_percent_pass_audit"
"flowsom_consensus_k62_seed42",9,58949,"CD159c_NKG2C","detected_multimodality","both tests reject in at least two seeds",3,2,2,3,0.00556679403221128,0,2,"detected_multimodality"
"flowsom_consensus_k62_seed42",9,58949,"CD21","ambiguous","borderline_q",3,0,0,0,1,0.0621310655327664,2,"ambiguous"
"flowsom_consensus_k62_seed42",9,58949,"CD27","ambiguous","discordant_tests;seed_instability",3,0,0,2,1,0,2,"ambiguous"
"flowsom_consensus_k62_seed42",9,58949,"CD3","no_detected_multimodality","neither test rejects in any seed",3,0,0,0,1,0.236368184092046,2,"stratified_5_percent_pass_audit"
"flowsom_consensus_k62_seed42",9,58949,"CD56","detected_multimodality","both tests reject in at least two seeds",3,3,3,3,0.00173655745645018,0,2,"detected_multimodality"
"flowsom_consensus_k62_seed42",9,58949,"CD57","ambiguous","discordant_tests;seed_instability",3,1,1,3,0.0479360582755844,0,2,"ambiguous"
"flowsom_consensus_k62_seed42",10,6767911,"CD11c","ambiguous","discordant_tests;seed_instability",3,0,0,1,1,0.0443793325234046,4,"ambiguous"
"flowsom_consensus_k62_seed42",10,6767911,"CD127","ambiguous","discordant_tests;seed_instability",3,0,0,1,0.885562267298673,0.0202601300650325,4,"ambiguous"
"flowsom_consensus_k62_seed42",10,6767911,"CD161","no_detected_multimodality","neither test rejects in any seed",3,0,0,0,1,0.179446866290288,4,"stratified_5_percent_pass_audit"
"flowsom_consensus_k62_seed42",10,6767911,"CD19","no_detected_multimodality","neither test rejects in any seed",3,0,0,0,1,0.12696348174087,4,"stratified_5_percent_pass_audit"
"flowsom_consensus_k62_seed42",10,6767911,"CD197_CCR7","detected_multimodality","both tests reject in at least two seeds",3,3,3,3,0,0,4,"detected_multimodality"
"flowsom_consensus_k62_seed42",10,6767911,"CD27","detected_multimodality","both tests reject in at least two seeds",3,3,3,3,0,0,4,"detected_multimodality"
"flowsom_consensus_k62_seed42",10,6767911,"CD294_CRTH2","ambiguous","discordant_tests;seed_instability",3,0,0,1,1,0.016208104052026,4,"ambiguous"
"flowsom_consensus_k62_seed42",10,6767911,"CD45RA","detected_multimodality","both tests reject in at least two seeds",3,3,3,3,0,0,4,"detected_multimodality"
"flowsom_consensus_k62_seed42",10,6767911,"CD57","no_detected_multimodality","neither test rejects in any seed",3,0,0,0,1,0.567283641820911,4,"stratified_5_percent_pass_audit"
"flowsom_consensus_k62_seed42",10,6767911,"Tbet","ambiguous","discordant_tests",3,0,0,3,0.318970342462685,0,4,"ambiguous"
"flowsom_consensus_k62_seed42",10,6767911,"TCRgd_CD141","no_detected_multimodality","neither test rejects in any seed",3,0,0,0,1,0.844172086043022,4,"stratified_5_percent_pass_audit"
"flowsom_consensus_k62_seed42",11,133612,"CD11c","ambiguous","discordant_tests;seed_instability",3,0,0,2,0.852713148184973,0,3,"ambiguous"
"flowsom_consensus_k62_seed42",11,133612,"CD127","ambiguous","borderline_q",3,0,0,0,1,0.0979239619809905,3,"ambiguous"
"flowsom_consensus_k62_seed42",11,133612,"CD159c_NKG2C","detected_multimodality","both tests reject in at least two seeds",3,3,3,3,0,0,3,"detected_multimodality"
"flowsom_consensus_k62_seed42",11,133612,"CD16","detected_multimodality","both tests reject in at least two seeds",3,2,2,3,0.010372554663166,0,3,"detected_multimodality"
"flowsom_consensus_k62_seed42",11,133612,"CD197_CCR7","no_detected_multimodality","neither test rejects in any seed",3,0,0,0,1,0.906794306244031,3,"stratified_5_percent_pass_audit"
"flowsom_consensus_k62_seed42",11,133612,"CD3","ambiguous","borderline_q",3,0,0,0,1,0.0877938969484742,3,"ambiguous"
"flowsom_consensus_k62_seed42",11,133612,"Tbet","no_detected_multimodality","neither test rejects in any seed",3,0,0,0,1,0.747695276209533,3,"stratified_5_percent_pass_audit"
"flowsom_consensus_k62_seed42",12,46765,"CD11c","ambiguous","discordant_tests",3,0,0,3,0.198527420422912,0,2,"ambiguous"
"flowsom_consensus_k62_seed42",12,46765,"CD161","ambiguous","discordant_tests;seed_instability",3,0,0,2,0.999664486041349,0,2,"ambiguous"
"flowsom_consensus_k62_seed42",12,46765,"CD27","ambiguous","discordant_tests;seed_instability",3,0,0,1,0.999664486041349,0.0108054027013507,2,"ambiguous"
"flowsom_consensus_k62_seed42",12,46765,"CD3","detected_multimodality","both tests reject in at least two seeds",3,3,3,3,0,0,2,"detected_multimodality"
"flowsom_consensus_k62_seed42",12,46765,"CD56","detected_multimodality","both tests reject in at least two seeds",3,2,2,3,0.00493449431133491,0,2,"detected_multimodality"
"flowsom_consensus_k62_seed42",12,46765,"TCRgd_CD141","no_detected_multimodality","neither test rejects in any seed",3,0,0,0,0.999664486041349,0.669549060244408,2,"stratified_5_percent_pass_audit"
"flowsom_consensus_k62_seed42",13,608176,"CD25","no_detected_multimodality","neither test rejects in any seed",3,0,0,0,0.999014747938679,0.813406703351676,4,"stratified_5_percent_pass_audit"
"flowsom_consensus_k62_seed42",13,608176,"CD57","detected_multimodality","both tests reject in at least two seeds",3,3,3,3,0,0,4,"detected_multimodality"
"flowsom_consensus_k62_seed42",13,608176,"CD8","no_detected_multimodality","neither test rejects in any seed",3,0,0,0,0.999014747938679,0.802301150575288,4,"stratified_5_percent_pass_audit"
"flowsom_consensus_k62_seed42",14,263568,"CD161","ambiguous","discordant_tests",3,0,0,3,0.500189528026757,0,3,"ambiguous"
"flowsom_consensus_k62_seed42",14,263568,"CD19","no_detected_multimodality","neither test rejects in any seed",3,0,0,0,1,0.779532623454585,3,"stratified_5_percent_pass_audit"
"flowsom_consensus_k62_seed42",14,263568,"CD38","detected_multimodality","both tests reject in at least two seeds",3,3,3,3,0,0,3,"detected_multimodality"
"flowsom_consensus_k62_seed42",14,263568,"CD57","no_detected_multimodality","neither test rejects in any seed",3,0,0,0,1,0.686143071535768,3,"stratified_5_percent_pass_audit"
"flowsom_consensus_k62_seed42",15,31262,"CD11c","ambiguous","discordant_tests;seed_instability",3,0,0,2,0.540274159784162,0,2,"ambiguous"
"flowsom_consensus_k62_seed42",15,31262,"CD14","no_detected_multimodality","neither test rejects in any seed",3,0,0,0,1,0.92440220110055,2,"stratified_5_percent_pass_audit"
"flowsom_consensus_k62_seed42",15,31262,"CD161","detected_multimodality","both tests reject in at least two seeds",3,3,3,3,0,0,2,"detected_multimodality"
"flowsom_consensus_k62_seed42",15,31262,"CD38","ambiguous","discordant_tests;seed_instability",3,0,0,1,0.494287662274145,0.00450225112556278,2,"ambiguous"
"flowsom_consensus_k62_seed42",15,31262,"CD56","no_detected_multimodality","neither test rejects in any seed",3,0,0,0,1,0.861537911813049,2,"stratified_5_percent_pass_audit"
"flowsom_consensus_k62_seed42",15,31262,"Tbet","no_detected_multimodality","neither test rejects in any seed",3,0,0,0,1,0.739187775706035,2,"stratified_5_percent_pass_audit"
"flowsom_consensus_k62_seed42",16,57019,"CD11c","ambiguous","seed_instability",3,1,1,1,0.00349888648968349,0,2,"ambiguous"
"flowsom_consensus_k62_seed42",16,57019,"CD161","no_detected_multimodality","neither test rejects in any seed",3,0,0,0,1,0.524512256128064,2,"stratified_5_percent_pass_audit"
"flowsom_consensus_k62_seed42",16,57019,"Tbet","detected_multimodality","both tests reject in at least two seeds",3,3,3,3,0.000898846191079494,0,2,"detected_multimodality"
"flowsom_consensus_k62_seed42",17,22500,"CD11c","ambiguous","borderline_q",3,0,0,0,0.999367825814979,0.0829700564567998,2,"ambiguous"
"flowsom_consensus_k62_seed42",17,22500,"CD16","no_detected_multimodality","neither test rejects in any seed",3,0,0,0,0.999367825814979,0.496571815319424,2,"stratified_5_percent_pass_audit"
"flowsom_consensus_k62_seed42",17,22500,"CD161","detected_multimodality","both tests reject in at least two seeds",3,2,2,2,0.019230044801639,0,2,"detected_multimodality"
"flowsom_consensus_k62_seed42",17,22500,"CD19","ambiguous","discordant_tests;seed_instability",3,0,0,1,0.999367825814979,0.00270135067533767,2,"ambiguous"
"flowsom_consensus_k62_seed42",17,22500,"CD197_CCR7","ambiguous","discordant_tests;seed_instability",3,0,0,1,0.999367825814979,0.0108054027013507,2,"ambiguous"
"flowsom_consensus_k62_seed42",17,22500,"CD1c","no_detected_multimodality","neither test rejects in any seed",3,0,0,0,0.999367825814979,0.128314157078539,2,"stratified_5_percent_pass_audit"
"flowsom_consensus_k62_seed42",17,22500,"CD21","no_detected_multimodality","neither test rejects in any seed",3,0,0,0,0.999367825814979,0.452926463231616,2,"stratified_5_percent_pass_audit"
"flowsom_consensus_k62_seed42",17,22500,"CD25","no_detected_multimodality","neither test rejects in any seed",3,0,0,0,0.999367825814979,0.551750875437719,2,"stratified_5_percent_pass_audit"
"flowsom_consensus_k62_seed42",17,22500,"CD3","ambiguous","borderline_q",3,0,0,0,0.999367825814979,0.0911705852926463,2,"ambiguous"
"flowsom_consensus_k62_seed42",17,22500,"CD45RA","ambiguous","discordant_tests;seed_instability;borderline_q",3,1,1,2,0.0193153150738501,0,2,"ambiguous"
"flowsom_consensus_k62_seed42",17,22500,"CD56","detected_multimodality","both tests reject in at least two seeds",3,3,3,3,0,0,2,"detected_multimodality"
"flowsom_consensus_k62_seed42",17,22500,"CD7","detected_multimodality","both tests reject in at least two seeds",3,3,3,3,0,0,2,"detected_multimodality"
"flowsom_consensus_k62_seed42",17,22500,"FoxP3","detected_multimodality","both tests reject in at least two seeds",3,3,3,3,0,0,2,"detected_multimodality"
"flowsom_consensus_k62_seed42",17,22500,"Tbet","ambiguous","discordant_tests;seed_instability;borderline_q",3,0,0,1,0.999367825814979,0.0135067533766883,2,"ambiguous"
"flowsom_consensus_k62_seed42",18,132476,"CD11c","ambiguous","discordant_tests;seed_instability",3,0,0,1,0.328137336875143,0.00675337668834417,3,"ambiguous"
"flowsom_consensus_k62_seed42",18,132476,"CD159c_NKG2C","detected_multimodality","both tests reject in at least two seeds",3,3,3,3,0.000209738358903588,0,3,"detected_multimodality"
"flowsom_consensus_k62_seed42",18,132476,"CD161","no_detected_multimodality","neither test rejects in any seed",3,0,0,0,1,0.780015007503752,3,"stratified_5_percent_pass_audit"
"flowsom_consensus_k62_seed42",18,132476,"CD3","ambiguous","discordant_tests;seed_instability",3,0,0,1,1,0.0135067533766883,3,"ambiguous"
"flowsom_consensus_k62_seed42",19,28208,"CD11c","no_detected_multimodality","neither test rejects in any seed",3,0,0,0,1,0.16208104052026,2,"stratified_5_percent_pass_audit"
"flowsom_consensus_k62_seed42",19,28208,"CD16","ambiguous","borderline_q",3,0,0,0,1,0.0540270135067534,2,"ambiguous"
"flowsom_consensus_k62_seed42",19,28208,"CD27","no_detected_multimodality","neither test rejects in any seed",3,0,0,0,1,0.572259814117585,2,"stratified_5_percent_pass_audit"
"flowsom_consensus_k62_seed42",19,28208,"CD303_TCRvd2","no_detected_multimodality","neither test rejects in any seed",3,0,0,0,1,0.413514449532459,2,"stratified_5_percent_pass_audit"
"flowsom_consensus_k62_seed42",19,28208,"CD4","no_detected_multimodality","neither test rejects in any seed",3,0,0,0,1,0.37450543453545,2,"stratified_5_percent_pass_audit"
"flowsom_consensus_k62_seed42",19,28208,"CD56","ambiguous","discordant_tests;seed_instability",3,1,1,3,0.0426873405035488,0,2,"ambiguous"
"flowsom_consensus_k62_seed42",19,28208,"CD57","ambiguous","discordant_tests;seed_instability",3,0,0,1,1,0.0270135067533767,2,"ambiguous"
"flowsom_consensus_k62_seed42",19,28208,"HLA-DR","no_detected_multimodality","neither test rejects in any seed",3,0,0,0,1,0.445722861430715,2,"stratified_5_percent_pass_audit"
"flowsom_consensus_k62_seed42",19,28208,"TCRgd_CD141","ambiguous","discordant_tests;seed_instability",3,0,0,2,1,0.0270135067533767,2,"ambiguous"
"flowsom_consensus_k62_seed42",20,131251,"CD127","no_detected_multimodality","neither test rejects in any seed",3,0,0,0,1,0.299849924962481,3,"stratified_5_percent_pass_audit"
"flowsom_consensus_k62_seed42",20,131251,"CD3","detected_multimodality","both tests reject in at least two seeds",3,3,3,3,0,0,3,"detected_multimodality"
"flowsom_consensus_k62_seed42",20,131251,"CD45RA","no_detected_multimodality","neither test rejects in any seed",3,0,0,0,1,0.171085542771386,3,"stratified_5_percent_pass_audit"
"flowsom_consensus_k62_seed42",20,131251,"CD56","ambiguous","discordant_tests;seed_instability",3,0,0,2,1,0.040520260130065,3,"ambiguous"
"flowsom_consensus_k62_seed42",21,219490,"CD11c","no_detected_multimodality","neither test rejects in any seed",3,0,0,0,1,0.182341170585293,3,"stratified_5_percent_pass_audit"
"flowsom_consensus_k62_seed42",21,219490,"CD16","no_detected_multimodality","neither test rejects in any seed",3,0,0,0,1,0.484313585364111,3,"stratified_5_percent_pass_audit"
"flowsom_consensus_k62_seed42",21,219490,"CD185_CXCR5","no_detected_multimodality","neither test rejects in any seed",3,0,0,0,1,0.368541413563925,3,"stratified_5_percent_pass_audit"
"flowsom_consensus_k62_seed42",21,219490,"CD1c","no_detected_multimodality","neither test rejects in any seed",3,0,0,0,1,0.569739415162127,3,"stratified_5_percent_pass_audit"
"flowsom_consensus_k62_seed42",21,219490,"CD21","no_detected_multimodality","neither test rejects in any seed",3,0,0,0,1,0.117058529264632,3,"stratified_5_percent_pass_audit"
"flowsom_consensus_k62_seed42",21,219490,"CD25","no_detected_multimodality","neither test rejects in any seed",3,0,0,0,1,0.647479989994997,3,"stratified_5_percent_pass_audit"
"flowsom_consensus_k62_seed42",21,219490,"CD3","detected_multimodality","both tests reject in at least two seeds",3,3,3,3,0,0,3,"detected_multimodality"
"flowsom_consensus_k62_seed42",21,219490,"CD303_TCRvd2","ambiguous","discordant_tests;seed_instability;borderline_q",3,1,1,3,0.00520376527700028,0,3,"ambiguous"
"flowsom_consensus_k62_seed42",21,219490,"CD57","ambiguous","seed_instability;borderline_q",3,1,1,1,0.0287484733791927,0,3,"ambiguous"
"flowsom_consensus_k62_seed42",21,219490,"FoxP3","no_detected_multimodality","neither test rejects in any seed",3,0,0,0,1,0.647479989994997,3,"stratified_5_percent_pass_audit"
"flowsom_consensus_k62_seed42",21,219490,"TCRgd_CD141","no_detected_multimodality","neither test rejects in any seed",3,0,0,0,1,0.113456728364182,3,"stratified_5_percent_pass_audit"
"flowsom_consensus_k62_seed42",22,244991,"CD161","detected_multimodality","both tests reject in at least two seeds",3,3,3,3,0,0,3,"detected_multimodality"
"flowsom_consensus_k62_seed42",22,244991,"CD27","detected_multimodality","both tests reject in at least two seeds",3,3,3,3,0,0,3,"detected_multimodality"
"flowsom_consensus_k62_seed42",22,244991,"CD56","ambiguous","borderline_q",3,0,0,0,1,0.0979239619809905,3,"ambiguous"
"flowsom_consensus_k62_seed42",22,244991,"TCRgd_CD141","ambiguous","discordant_tests;seed_instability",3,0,0,1,1,0.0270135067533767,3,"ambiguous"
"flowsom_consensus_k62_seed42",23,90032,"CD16","ambiguous","borderline_q",3,0,0,0,1,0.0877938969484742,3,"ambiguous"
"flowsom_consensus_k62_seed42",23,90032,"CD3","ambiguous","borderline_q",3,0,0,0,1,0.0877938969484742,3,"ambiguous"
"flowsom_consensus_k62_seed42",23,90032,"CD303_TCRvd2","no_detected_multimodality","neither test rejects in any seed",3,0,0,0,1,0.931378732844683,3,"stratified_5_percent_pass_audit"
"flowsom_consensus_k62_seed42",23,90032,"CD7","no_detected_multimodality","neither test rejects in any seed",3,0,0,0,1,0.931378732844683,3,"stratified_5_percent_pass_audit"
"flowsom_consensus_k62_seed42",24,122981,"CD161","ambiguous","discordant_tests;seed_instability",3,1,1,2,0.0179133765704707,0,3,"ambiguous"
"flowsom_consensus_k62_seed42",24,122981,"CD185_CXCR5","ambiguous","discordant_tests;seed_instability;borderline_q",3,0,0,1,1,0.0208104052026013,3,"ambiguous"
"flowsom_consensus_k62_seed42",24,122981,"CD197_CCR7","ambiguous","borderline_q",3,0,0,0,1,0.0520260130065032,3,"ambiguous"
"flowsom_consensus_k62_seed42",24,122981,"CD38","detected_multimodality","both tests reject in at least two seeds",3,3,3,3,0.000105324857239242,0,3,"detected_multimodality"
"flowsom_consensus_k62_seed42",24,122981,"CD45RA","ambiguous","discordant_tests;seed_instability",3,0,0,2,1,0,3,"ambiguous"
"flowsom_consensus_k62_seed42",24,122981,"CD7","detected_multimodality","both tests reject in at least two seeds",3,2,2,3,0.00155402480719021,0,3,"detected_multimodality"
"flowsom_consensus_k62_seed42",24,122981,"FoxP3","detected_multimodality","both tests reject in at least two seeds",3,3,3,3,0,0,3,"detected_multimodality"
"flowsom_consensus_k62_seed42",25,11368,"CD159c_NKG2C","detected_multimodality","both tests reject in at least two seeds",3,3,3,3,4.36235645356886e-06,0,1,"detected_multimodality"
"flowsom_consensus_k62_seed42",25,11368,"CD16","ambiguous","discordant_tests;seed_instability",3,0,0,1,1,0.00900450225112556,1,"ambiguous"
"flowsom_consensus_k62_seed42",25,11368,"CD197_CCR7","no_detected_multimodality","neither test rejects in any seed",3,0,0,0,1,0.870864003430287,1,"stratified_5_percent_pass_audit"
"flowsom_consensus_k62_seed42",25,11368,"CD1c","no_detected_multimodality","neither test rejects in any seed",3,0,0,0,1,0.870864003430287,1,"stratified_5_percent_pass_audit"
"flowsom_consensus_k62_seed42",25,11368,"CD21","no_detected_multimodality","neither test rejects in any seed",3,0,0,0,1,0.870864003430287,1,"stratified_5_percent_pass_audit"
"flowsom_consensus_k62_seed42",25,11368,"CD25","no_detected_multimodality","neither test rejects in any seed",3,0,0,0,1,0.870864003430287,1,"stratified_5_percent_pass_audit"
"flowsom_consensus_k62_seed42",25,11368,"CD3","detected_multimodality","both tests reject in at least two seeds",3,3,3,3,0,0,1,"detected_multimodality"
"flowsom_consensus_k62_seed42",25,11368,"CD38","ambiguous","discordant_tests;seed_instability",3,0,0,1,1,0.00450225112556278,1,"ambiguous"
"flowsom_consensus_k62_seed42",25,11368,"CD4","no_detected_multimodality","neither test rejects in any seed",3,0,0,0,1,0.958979489744872,1,"stratified_5_percent_pass_audit"
"flowsom_consensus_k62_seed42",25,11368,"CD57","ambiguous","discordant_tests;seed_instability",3,0,0,2,0.293196694768464,0,1,"ambiguous"
"flowsom_consensus_k62_seed42",25,11368,"CD7","ambiguous","discordant_tests;seed_instability",3,0,0,1,1,0.016208104052026,1,"ambiguous"
"flowsom_consensus_k62_seed42",25,11368,"FoxP3","no_detected_multimodality","neither test rejects in any seed",3,0,0,0,1,0.975487743871936,1,"stratified_5_percent_pass_audit"
"flowsom_consensus_k62_seed42",26,84036,"CD127","detected_multimodality","both tests reject in at least two seeds",3,3,3,3,0.000161718935138777,0,3,"detected_multimodality"
"flowsom_consensus_k62_seed42",26,84036,"CD161","detected_multimodality","both tests reject in at least two seeds",3,3,3,3,5.23115407551344e-05,0,3,"detected_multimodality"
"flowsom_consensus_k62_seed42",26,84036,"CD27","detected_multimodality","both tests reject in at least two seeds",3,3,3,3,0,0,3,"detected_multimodality"
"flowsom_consensus_k62_seed42",26,84036,"CD303_TCRvd2","detected_multimodality","both tests reject in at least two seeds",3,3,3,3,0,0,3,"detected_multimodality"
"flowsom_consensus_k62_seed42",26,84036,"CD45RA","ambiguous","borderline_q",3,0,0,0,1,0.0877938969484742,3,"ambiguous"
"flowsom_consensus_k62_seed42",26,84036,"TCRgd_CD141","detected_multimodality","both tests reject in at least two seeds",3,3,3,3,0,0,3,"detected_multimodality"
"flowsom_consensus_k62_seed42",27,724975,"CD159c_NKG2C","no_detected_multimodality","neither test rejects in any seed",3,0,0,0,1,0.212731365682841,4,"stratified_5_percent_pass_audit"
"flowsom_consensus_k62_seed42",27,724975,"CD16","detected_multimodality","both tests reject in at least two seeds",3,3,3,3,0,0,4,"detected_multimodality"
"flowsom_consensus_k62_seed42",27,724975,"CD21","ambiguous","discordant_tests;borderline_q",3,0,0,3,0.0567515206127278,0,4,"ambiguous"
"flowsom_consensus_k62_seed42",27,724975,"CD27","no_detected_multimodality","neither test rejects in any seed",3,0,0,0,1,0.738573832370731,4,"stratified_5_percent_pass_audit"
"flowsom_consensus_k62_seed42",27,724975,"CD303_TCRvd2","ambiguous","discordant_tests;seed_instability",3,0,0,1,1,0.0351175587793897,4,"ambiguous"
"flowsom_consensus_k62_seed42",27,724975,"CD38","ambiguous","discordant_tests",3,0,0,3,0.740773636290259,0,4,"ambiguous"
"flowsom_consensus_k62_seed42",27,724975,"CD45RA","detected_multimodality","both tests reject in at least two seeds",3,2,2,3,0.00386828550882834,0,4,"detected_multimodality"
"flowsom_consensus_k62_seed42",27,724975,"CD8","ambiguous","borderline_q",3,0,0,0,1,0.0810405202601301,4,"ambiguous"
"flowsom_consensus_k62_seed42",27,724975,"Tbet","no_detected_multimodality","neither test rejects in any seed",3,0,0,0,1,0.356240620310155,4,"stratified_5_percent_pass_audit"
"flowsom_consensus_k62_seed42",28,173141,"CD11c","ambiguous","discordant_tests;seed_instability",3,0,0,2,0.619371098675285,0.00337668834417209,3,"ambiguous"
"flowsom_consensus_k62_seed42",28,173141,"CD161","ambiguous","discordant_tests",3,0,0,3,0.181654002728335,0,3,"ambiguous"
"flowsom_consensus_k62_seed42",28,173141,"CD3","no_detected_multimodality","neither test rejects in any seed",3,0,0,0,1,0.274187093546773,3,"stratified_5_percent_pass_audit"
"flowsom_consensus_k62_seed42",28,173141,"CD56","ambiguous","discordant_tests",3,0,0,3,0.845783396526961,0,3,"ambiguous"
"flowsom_consensus_k62_seed42",28,173141,"HLA-DR","no_detected_multimodality","neither test rejects in any seed",3,0,0,0,1,0.629414707353677,3,"stratified_5_percent_pass_audit"
"flowsom_consensus_k62_seed42",28,173141,"Tbet","ambiguous","discordant_tests;borderline_q",3,0,0,3,0.0841000196580376,0,3,"ambiguous"
"flowsom_consensus_k62_seed42",29,105074,"CD11c","ambiguous","discordant_tests",3,0,0,3,0.142832715177626,0,3,"ambiguous"
"flowsom_consensus_k62_seed42",29,105074,"CD159c_NKG2C","detected_multimodality","both tests reject in at least two seeds",3,2,2,3,0.00018673436567529,0,3,"detected_multimodality"
"flowsom_consensus_k62_seed42",29,105074,"CD19","ambiguous","borderline_q",3,0,0,0,0.99767874257033,0.0999499749874938,3,"ambiguous"
"flowsom_consensus_k62_seed42",29,105074,"CD3","ambiguous","discordant_tests",3,0,0,3,0.301177586780452,0,3,"ambiguous"
"flowsom_consensus_k62_seed42",29,105074,"CD57","detected_multimodality","both tests reject in at least two seeds",3,3,3,3,0,0,3,"detected_multimodality"
"flowsom_consensus_k62_seed42",30,28772,"CD11c","ambiguous","borderline_q",3,0,0,0,1,0.0598156220967627,2,"ambiguous"
"flowsom_consensus_k62_seed42",30,28772,"CD159c_NKG2C","ambiguous","discordant_tests",3,0,0,3,0.239909547763301,0,2,"ambiguous"
"flowsom_consensus_k62_seed42",30,28772,"CD16","ambiguous","discordant_tests;seed_instability",3,0,0,1,1,0.0303901950975488,2,"ambiguous"
"flowsom_consensus_k62_seed42",30,28772,"CD185_CXCR5","no_detected_multimodality","neither test rejects in any seed",3,0,0,0,1,0.850925462731366,2,"stratified_5_percent_pass_audit"
"flowsom_consensus_k62_seed42",30,28772,"CD19","ambiguous","borderline_q",3,0,0,0,1,0.0598156220967627,2,"ambiguous"
"flowsom_consensus_k62_seed42",30,28772,"CD3","ambiguous","discordant_tests",3,0,0,3,1,0,2,"ambiguous"
"flowsom_consensus_k62_seed42",30,28772,"CD38","no_detected_multimodality","neither test rejects in any seed",3,0,0,0,1,0.88439872109968,2,"stratified_5_percent_pass_audit"
"flowsom_consensus_k62_seed42",30,28772,"CD56","ambiguous","discordant_tests",3,0,0,3,1,0,2,"ambiguous"
"flowsom_consensus_k62_seed42",30,28772,"CD57","ambiguous","discordant_tests;seed_instability",3,0,0,1,0.239909547763301,0,2,"ambiguous"
"flowsom_consensus_k62_seed42",30,28772,"CD8","no_detected_multimodality","neither test rejects in any seed",3,0,0,0,1,0.711805902951476,2,"stratified_5_percent_pass_audit"
"flowsom_consensus_k62_seed42",30,28772,"HLA-DR","ambiguous","borderline_q",3,0,0,0,1,0.0598156220967627,2,"ambiguous"
"flowsom_consensus_k62_seed42",30,28772,"TCRgd_CD141","ambiguous","borderline_q",3,0,0,0,1,0.0598156220967627,2,"ambiguous"
"flowsom_consensus_k62_seed42",31,32398,"CD11c","ambiguous","discordant_tests;seed_instability",3,0,0,1,1,0.00675337668834417,2,"ambiguous"
"flowsom_consensus_k62_seed42",31,32398,"CD159c_NKG2C","no_detected_multimodality","neither test rejects in any seed",3,0,0,0,1,0.86074855609623,2,"stratified_5_percent_pass_audit"
"flowsom_consensus_k62_seed42",31,32398,"CD303_TCRvd2","detected_multimodality","both tests reject in at least two seeds",3,3,3,3,0,0,2,"detected_multimodality"
"flowsom_consensus_k62_seed42",31,32398,"CD4","ambiguous","discordant_tests;seed_instability;borderline_q",3,0,0,2,1,0,2,"ambiguous"
"flowsom_consensus_k62_seed42",31,32398,"CD57","ambiguous","discordant_tests;seed_instability",3,1,1,3,0.00111870969538819,0,2,"ambiguous"
"flowsom_consensus_k62_seed42",31,32398,"TCRgd_CD141","detected_multimodality","both tests reject in at least two seeds",3,3,3,3,0,0,2,"detected_multimodality"
"flowsom_consensus_k62_seed42",32,720642,"CD11c","no_detected_multimodality","neither test rejects in any seed",3,0,0,0,0.999767217383515,0.421410705352676,4,"stratified_5_percent_pass_audit"
"flowsom_consensus_k62_seed42",32,720642,"CD127","ambiguous","discordant_tests;seed_instability;borderline_q",3,0,0,1,0.713864291449697,0.0168834417208604,4,"ambiguous"
"flowsom_consensus_k62_seed42",32,720642,"CD19","ambiguous","discordant_tests;seed_instability",3,0,0,1,0.999767217383515,0.00337668834417209,4,"ambiguous"
"flowsom_consensus_k62_seed42",32,720642,"CD27","detected_multimodality","both tests reject in at least two seeds",3,3,3,3,0,0,4,"detected_multimodality"
"flowsom_consensus_k62_seed42",32,720642,"CD294_CRTH2","ambiguous","borderline_q",3,0,0,0,0.999767217383515,0.0756378189094547,4,"ambiguous"
"flowsom_consensus_k62_seed42",32,720642,"CD303_TCRvd2","detected_multimodality","both tests reject in at least two seeds",3,3,3,3,0,0,4,"detected_multimodality"
"flowsom_consensus_k62_seed42",32,720642,"CD56","ambiguous","borderline_q",3,0,0,0,0.999767217383515,0.0810405202601301,4,"ambiguous"
"flowsom_consensus_k62_seed42",32,720642,"TCRgd_CD141","detected_multimodality","both tests reject in at least two seeds",3,3,3,3,0,0,4,"detected_multimodality"
"flowsom_consensus_k62_seed42",33,9546,"CD16","no_detected_multimodality","neither test rejects in any seed",3,0,0,0,0.99869902343668,0.425462731365683,1,"stratified_5_percent_pass_audit"
"flowsom_consensus_k62_seed42",33,9546,"CD161","no_detected_multimodality","neither test rejects in any seed",3,0,0,0,0.99869902343668,0.561880940470235,1,"stratified_5_percent_pass_audit"
"flowsom_consensus_k62_seed42",33,9546,"CD56","ambiguous","discordant_tests;seed_instability;borderline_q",3,1,1,3,0.0204055773190274,0,1,"ambiguous"
"flowsom_consensus_k62_seed42",33,9546,"CD57","detected_multimodality","both tests reject in at least two seeds",3,3,3,3,0,0,1,"detected_multimodality"
"flowsom_consensus_k62_seed42",33,9546,"CD7","no_detected_multimodality","neither test rejects in any seed",3,0,0,0,0.99869902343668,0.907766383191596,1,"stratified_5_percent_pass_audit"
"flowsom_consensus_k62_seed42",33,9546,"HLA-DR","no_detected_multimodality","neither test rejects in any seed",3,0,0,0,0.99869902343668,0.668584292146073,1,"stratified_5_percent_pass_audit"
"flowsom_consensus_k62_seed42",34,287685,"CD161","ambiguous","discordant_tests;seed_instability",3,1,1,3,0.00482585811810921,0,4,"ambiguous"
"flowsom_consensus_k62_seed42",34,287685,"CD27","detected_multimodality","both tests reject in at least two seeds",3,3,3,3,0,0,4,"detected_multimodality"
"flowsom_consensus_k62_seed42",34,287685,"TCRgd_CD141","ambiguous","discordant_tests;seed_instability",3,0,0,1,1,0.0360180090045022,4,"ambiguous"
"flowsom_consensus_k62_seed42",35,3528,"CD11c","ambiguous","discordant_tests",3,0,0,3,0.807295935513285,0,1,"ambiguous"
"flowsom_consensus_k62_seed42",35,3528,"CD127","detected_multimodality","both tests reject in at least two seeds",3,3,3,3,0,0,1,"detected_multimodality"
"flowsom_consensus_k62_seed42",35,3528,"CD159c_NKG2C","detected_multimodality","both tests reject in at least two seeds",3,3,3,3,0,0,1,"detected_multimodality"
"flowsom_consensus_k62_seed42",35,3528,"CD161","detected_multimodality","both tests reject in at least two seeds",3,3,3,3,0,0,1,"detected_multimodality"
"flowsom_consensus_k62_seed42",35,3528,"CD19","ambiguous","borderline_q",3,0,0,0,0.999631502680504,0.0849655597029284,1,"ambiguous"
"flowsom_consensus_k62_seed42",35,3528,"CD294_CRTH2","detected_multimodality","both tests reject in at least two seeds",3,3,3,3,0,0,1,"detected_multimodality"
"flowsom_consensus_k62_seed42",35,3528,"CD3","ambiguous","discordant_tests",3,0,0,3,0.245620623142291,0,1,"ambiguous"
"flowsom_consensus_k62_seed42",35,3528,"CD56","detected_multimodality","both tests reject in at least two seeds",3,3,3,3,0,0,1,"detected_multimodality"
"flowsom_consensus_k62_seed42",35,3528,"CD57","ambiguous","discordant_tests",3,0,0,3,0.999631502680504,0.030333348492428,1,"ambiguous"
"flowsom_consensus_k62_seed42",35,3528,"CD8","ambiguous","discordant_tests",3,0,0,3,0.85301849226499,0.00127841698627091,1,"ambiguous"
"flowsom_consensus_k62_seed42",35,3528,"FoxP3","ambiguous","discordant_tests",3,0,0,3,0.85301849226499,0.00230115057528764,1,"ambiguous"
"flowsom_consensus_k62_seed42",35,3528,"Tbet","ambiguous","borderline_q",3,0,0,0,0.999631502680504,0.0849655597029284,1,"ambiguous"
"flowsom_consensus_k62_seed42",35,3528,"TCRgd_CD141","detected_multimodality","both tests reject in at least two seeds",3,3,3,3,0,0,1,"detected_multimodality"
"flowsom_consensus_k62_seed42",36,726106,"CD27","detected_multimodality","both tests reject in at least two seeds",3,3,3,3,0,0,4,"detected_multimodality"
"flowsom_consensus_k62_seed42",36,726106,"CD3","ambiguous","discordant_tests;seed_instability;borderline_q",3,1,1,3,0.00154531325382801,0,4,"ambiguous"
"flowsom_consensus_k62_seed42",36,726106,"CD303_TCRvd2","ambiguous","discordant_tests",3,0,0,3,0.577604034826619,0,4,"ambiguous"
"flowsom_consensus_k62_seed42",36,726106,"CD45RA","detected_multimodality","both tests reject in at least two seeds",3,3,3,3,0,0,4,"detected_multimodality"
"flowsom_consensus_k62_seed42",36,726106,"Tbet","detected_multimodality","both tests reject in at least two seeds",3,3,3,3,0,0,4,"detected_multimodality"
"flowsom_consensus_k62_seed42",37,23506,"CD127","ambiguous","discordant_tests;seed_instability",3,0,0,2,1,0.0135067533766883,2,"ambiguous"
"flowsom_consensus_k62_seed42",37,23506,"CD161","detected_multimodality","both tests reject in at least two seeds",3,3,3,3,0,0,2,"detected_multimodality"
"flowsom_consensus_k62_seed42",37,23506,"CD27","ambiguous","discordant_tests;seed_instability",3,1,1,3,0.0394756642406233,0,2,"ambiguous"
"flowsom_consensus_k62_seed42",37,23506,"CD38","ambiguous","discordant_tests;borderline_q",3,0,0,3,0.0736817270883287,0,2,"ambiguous"
"flowsom_consensus_k62_seed42",37,23506,"CD4","detected_multimodality","both tests reject in at least two seeds",3,2,2,3,0.000868278728225091,0,2,"detected_multimodality"
"flowsom_consensus_k62_seed42",37,23506,"CD45RA","ambiguous","discordant_tests;seed_instability",3,0,0,1,1,0.0157578789394697,2,"ambiguous"
"flowsom_consensus_k62_seed42",37,23506,"CD56","ambiguous","discordant_tests",3,0,0,3,0.20505872906128,0,2,"ambiguous"
"flowsom_consensus_k62_seed42",37,23506,"CD7","ambiguous","borderline_q",3,0,0,0,1,0.0964768098334882,2,"ambiguous"
"flowsom_consensus_k62_seed42",38,1012,"CD11c","ambiguous","discordant_tests",3,0,0,3,0.998097437484138,0.00844172086043021,1,"ambiguous"
"flowsom_consensus_k62_seed42",38,1012,"CD19","no_detected_multimodality","neither test rejects in any seed",3,0,0,0,0.998097437484138,0.785740696435174,1,"stratified_5_percent_pass_audit"
"flowsom_consensus_k62_seed42",38,1012,"CD1c","detected_multimodality","both tests reject in at least two seeds",3,3,3,3,0,0,1,"detected_multimodality"
"flowsom_consensus_k62_seed42",38,1012,"CD27","ambiguous","discordant_tests;borderline_q",3,0,0,3,0.0997609811426647,0,1,"ambiguous"
"flowsom_consensus_k62_seed42",38,1012,"CD3","detected_multimodality","both tests reject in at least two seeds",3,3,3,3,0.0145401618337877,0,1,"detected_multimodality"
"flowsom_consensus_k62_seed42",38,1012,"CD38","no_detected_multimodality","neither test rejects in any seed",3,0,0,0,0.998097437484138,0.776241061707324,1,"stratified_5_percent_pass_audit"
"flowsom_consensus_k62_seed42",38,1012,"CD4","ambiguous","discordant_tests",3,0,0,3,0.954855481768827,0.00192953619666976,1,"ambiguous"
"flowsom_consensus_k62_seed42",38,1012,"CD45RA","ambiguous","discordant_tests;seed_instability;borderline_q",3,0,0,2,0.998097437484138,0.0465232616308154,1,"ambiguous"
"flowsom_consensus_k62_seed42",38,1012,"CD57","no_detected_multimodality","neither test rejects in any seed",3,0,0,0,0.998097437484138,0.785740696435174,1,"stratified_5_percent_pass_audit"
"flowsom_consensus_k62_seed42",38,1012,"HLA-DR","detected_multimodality","both tests reject in at least two seeds",3,3,3,3,0.00485321480392487,0,1,"detected_multimodality"
"flowsom_consensus_k62_seed42",38,1012,"Tbet","ambiguous","discordant_tests;borderline_q",3,0,0,3,0.0997609811426647,0,1,"ambiguous"
"flowsom_consensus_k62_seed42",38,1012,"TCRgd_CD141","ambiguous","discordant_tests;borderline_q",3,0,0,3,0.0519392924892558,0,1,"ambiguous"
"flowsom_consensus_k62_seed42",39,27307,"CD16","detected_multimodality","both tests reject in at least two seeds",3,3,3,3,0.000897984561496812,0,2,"detected_multimodality"
"flowsom_consensus_k62_seed42",39,27307,"CD27","ambiguous","discordant_tests;seed_instability",3,0,0,1,1,0.0459229614807404,2,"ambiguous"
"flowsom_consensus_k62_seed42",39,27307,"CD3","ambiguous","discordant_tests;seed_instability",3,0,0,2,1,0.00900450225112556,2,"ambiguous"
"flowsom_consensus_k62_seed42",39,27307,"CD56","detected_multimodality","both tests reject in at least two seeds",3,3,3,3,0,0,2,"detected_multimodality"
"flowsom_consensus_k62_seed42",39,27307,"CD7","ambiguous","discordant_tests;seed_instability",3,0,0,1,1,0.0459229614807404,2,"ambiguous"
"flowsom_consensus_k62_seed42",40,30576,"CD161","detected_multimodality","both tests reject in at least two seeds",3,3,3,3,0,0,2,"detected_multimodality"
"flowsom_consensus_k62_seed42",40,30576,"CD294_CRTH2","ambiguous","discordant_tests;seed_instability;borderline_q",3,1,1,3,0.042766758460592,0,2,"ambiguous"
"flowsom_consensus_k62_seed42",40,30576,"CD7","ambiguous","discordant_tests;seed_instability;borderline_q",3,1,1,3,0.0425741514583397,0,2,"ambiguous"
"flowsom_consensus_k62_seed42",40,30576,"FoxP3","no_detected_multimodality","neither test rejects in any seed",3,0,0,0,1,0.876438219109555,2,"stratified_5_percent_pass_audit"
"flowsom_consensus_k62_seed42",41,54184,"CD127","ambiguous","discordant_tests;seed_instability",3,0,0,1,0.609356242798705,0,2,"ambiguous"
"flowsom_consensus_k62_seed42",41,54184,"CD27","ambiguous","discordant_tests",3,0,0,3,0.609356242798705,0,2,"ambiguous"
"flowsom_consensus_k62_seed42",41,54184,"CD45RA","no_detected_multimodality","neither test rejects in any seed",3,0,0,0,0.999914177561531,0.467333666833417,2,"stratified_5_percent_pass_audit"
"flowsom_consensus_k62_seed42",41,54184,"CD57","ambiguous","discordant_tests;seed_instability",3,0,0,1,0.999914177561531,0,2,"ambiguous"
"flowsom_consensus_k62_seed42",41,54184,"Tbet","ambiguous","discordant_tests;seed_instability",3,1,1,3,0.00507722884127582,0,2,"ambiguous"
"flowsom_consensus_k62_seed42",42,1061579,"CD11c","detected_multimodality","both tests reject in at least two seeds",3,3,3,3,0,0,4,"detected_multimodality"
"flowsom_consensus_k62_seed42",42,1061579,"CD14","ambiguous","borderline_q",3,0,0,0,0.999936532754708,0.0945472736368184,4,"ambiguous"
"flowsom_consensus_k62_seed42",42,1061579,"CD1c","ambiguous","discordant_tests",3,0,0,3,0.220976368649009,0,4,"ambiguous"
"flowsom_consensus_k62_seed42",42,1061579,"CD303_TCRvd2","detected_multimodality","both tests reject in at least two seeds",3,3,3,3,0.000239818514620849,0,4,"detected_multimodality"
"flowsom_consensus_k62_seed42",42,1061579,"CD4","no_detected_multimodality","neither test rejects in any seed",3,0,0,0,0.999936532754708,0.374812406203102,4,"stratified_5_percent_pass_audit"
"flowsom_consensus_k62_seed42",42,1061579,"CD45RA","ambiguous","discordant_tests;seed_instability;borderline_q",3,0,0,1,0.315866277928657,0,4,"ambiguous"
"flowsom_consensus_k62_seed42",42,1061579,"CD56","ambiguous","borderline_q",3,0,0,0,0.999936532754708,0.0810405202601301,4,"ambiguous"
"flowsom_consensus_k62_seed42",42,1061579,"TCRgd_CD141","ambiguous","discordant_tests",3,0,0,3,0.588481432058899,0,4,"ambiguous"
"flowsom_consensus_k62_seed42",43,14024,"CD11c","ambiguous","discordant_tests;seed_instability",3,0,0,1,0.240423128194278,0,1,"ambiguous"
"flowsom_consensus_k62_seed42",43,14024,"CD127","no_detected_multimodality","neither test rejects in any seed",3,0,0,0,0.999367825814979,0.235242621310655,1,"stratified_5_percent_pass_audit"
"flowsom_consensus_k62_seed42",43,14024,"CD14","ambiguous","discordant_tests;seed_instability;borderline_q",3,0,0,1,0.999367825814979,0.00450225112556278,1,"ambiguous"
"flowsom_consensus_k62_seed42",43,14024,"CD159c_NKG2C","ambiguous","discordant_tests;seed_instability",3,0,0,2,0.312164604483597,0,1,"ambiguous"
"flowsom_consensus_k62_seed42",43,14024,"CD161","ambiguous","discordant_tests;seed_instability",3,0,0,1,0.764689083663426,0.0148574287143572,1,"ambiguous"
"flowsom_consensus_k62_seed42",43,14024,"CD19","ambiguous","discordant_tests;seed_instability",3,0,0,2,0.999367825814979,0.00771814478667905,1,"ambiguous"
"flowsom_consensus_k62_seed42",43,14024,"CD197_CCR7","ambiguous","discordant_tests;seed_instability",3,1,1,3,0.0281033424802276,0,1,"ambiguous"
"flowsom_consensus_k62_seed42",43,14024,"CD27","detected_multimodality","both tests reject in at least two seeds",3,3,3,3,0,0,1,"detected_multimodality"
"flowsom_consensus_k62_seed42",43,14024,"CD3","detected_multimodality","both tests reject in at least two seeds",3,3,3,3,0,0,1,"detected_multimodality"
"flowsom_consensus_k62_seed42",43,14024,"CD303_TCRvd2","ambiguous","discordant_tests",3,0,0,3,0.633433796839672,0,1,"ambiguous"
"flowsom_consensus_k62_seed42",43,14024,"CD45RA","ambiguous","discordant_tests;seed_instability;borderline_q",3,1,1,3,0.00548798030322392,0,1,"ambiguous"
"flowsom_consensus_k62_seed42",43,14024,"CD56","no_detected_multimodality","neither test rejects in any seed",3,0,0,0,0.999367825814979,0.456051555189359,1,"stratified_5_percent_pass_audit"
"flowsom_consensus_k62_seed42",43,14024,"CD57","detected_multimodality","both tests reject in at least two seeds",3,2,2,3,0.000234532771852369,0,1,"detected_multimodality"
"flowsom_consensus_k62_seed42",43,14024,"CD7","ambiguous","discordant_tests;seed_instability",3,0,0,1,0.999367825814979,0.0435217608804402,1,"ambiguous"
"flowsom_consensus_k62_seed42",43,14024,"HLA-DR","ambiguous","borderline_q",3,0,0,0,0.999367825814979,0.0945472736368184,1,"ambiguous"
"flowsom_consensus_k62_seed42",43,14024,"Tbet","no_detected_multimodality","neither test rejects in any seed",3,0,0,0,0.999367825814979,0.208229114557279,1,"stratified_5_percent_pass_audit"
"flowsom_consensus_k62_seed42",43,14024,"TCRgd_CD141","no_detected_multimodality","neither test rejects in any seed",3,0,0,0,0.999367825814979,0.368059029514757,1,"stratified_5_percent_pass_audit"
"flowsom_consensus_k62_seed42",44,135754,"CD19","ambiguous","discordant_tests;seed_instability",3,0,0,1,1,0.0202601300650325,3,"ambiguous"
"flowsom_consensus_k62_seed42",44,135754,"CD303_TCRvd2","ambiguous","discordant_tests;seed_instability",3,1,1,3,0.00852904821911382,0,3,"ambiguous"
"flowsom_consensus_k62_seed42",45,13688630,"CD127","ambiguous","discordant_tests;seed_instability",3,0,0,1,0.999420827020468,0.0236368184092046,4,"ambiguous"
"flowsom_consensus_k62_seed42",45,13688630,"CD159c_NKG2C","ambiguous","discordant_tests;seed_instability",3,0,0,1,0.999420827020468,0.0297148574287144,4,"ambiguous"
"flowsom_consensus_k62_seed42",45,13688630,"CD197_CCR7","detected_multimodality","both tests reject in at least two seeds",3,2,2,3,0.000247826189758826,0,4,"detected_multimodality"
"flowsom_consensus_k62_seed42",45,13688630,"CD27","detected_multimodality","both tests reject in at least two seeds",3,3,3,3,0,0,4,"detected_multimodality"
"flowsom_consensus_k62_seed42",45,13688630,"CD3","ambiguous","borderline_q",3,0,0,0,0.999420827020468,0.0810405202601301,4,"ambiguous"
"flowsom_consensus_k62_seed42",45,13688630,"CD7","detected_multimodality","both tests reject in at least two seeds",3,3,3,3,0.000143147486701689,0,4,"detected_multimodality"
"flowsom_consensus_k62_seed42",46,76407,"CD11c","detected_multimodality","both tests reject in at least two seeds",3,3,3,3,0,0,2,"detected_multimodality"
"flowsom_consensus_k62_seed42",46,76407,"CD14","ambiguous","borderline_q",3,0,0,0,0.999712169706863,0.0984063460301579,2,"ambiguous"
"flowsom_consensus_k62_seed42",46,76407,"CD19","no_detected_multimodality","neither test rejects in any seed",3,0,0,0,0.999712169706863,0.558279139569785,2,"stratified_5_percent_pass_audit"
"flowsom_consensus_k62_seed42",46,76407,"CD1c","detected_multimodality","both tests reject in at least two seeds",3,3,3,3,0,0,2,"detected_multimodality"
"flowsom_consensus_k62_seed42",46,76407,"CD21","ambiguous","borderline_q",3,0,0,0,0.999712169706863,0.0984063460301579,2,"ambiguous"
"flowsom_consensus_k62_seed42",46,76407,"CD294_CRTH2","ambiguous","borderline_q",3,0,0,0,0.999712169706863,0.0702351175587794,2,"ambiguous"
"flowsom_consensus_k62_seed42",46,76407,"CD45RA","ambiguous","borderline_q",3,0,0,0,0.999712169706863,0.0729364682341171,2,"ambiguous"
"flowsom_consensus_k62_seed42",46,76407,"CD57","no_detected_multimodality","neither test rejects in any seed",3,0,0,0,0.999712169706863,0.495247623811906,2,"stratified_5_percent_pass_audit"
"flowsom_consensus_k62_seed42",46,76407,"CD7","no_detected_multimodality","neither test rejects in any seed",3,0,0,0,0.999712169706863,0.495247623811906,2,"stratified_5_percent_pass_audit"
"flowsom_consensus_k62_seed42",46,76407,"HLA-DR","detected_multimodality","both tests reject in at least two seeds",3,3,3,3,0,0,2,"detected_multimodality"
"flowsom_consensus_k62_seed42",46,76407,"TCRgd_CD141","detected_multimodality","both tests reject in at least two seeds",3,3,3,3,0,0,2,"detected_multimodality"
"flowsom_consensus_k62_seed42",47,115966,"CD27","no_detected_multimodality","neither test rejects in any seed",3,0,0,0,1,0.954212400317806,3,"stratified_5_percent_pass_audit"
"flowsom_consensus_k62_seed42",47,115966,"CD294_CRTH2","no_detected_multimodality","neither test rejects in any seed",3,0,0,0,1,0.958979489744872,3,"stratified_5_percent_pass_audit"
"flowsom_consensus_k62_seed42",48,6847,"CD127","ambiguous","discordant_tests;seed_instability",3,0,0,2,1,0,1,"ambiguous"
"flowsom_consensus_k62_seed42",48,6847,"CD161","ambiguous","discordant_tests;seed_instability",3,0,0,2,0.141950988650855,0.00325162581290645,1,"ambiguous"
"flowsom_consensus_k62_seed42",48,6847,"CD185_CXCR5","ambiguous","discordant_tests",3,0,0,3,1,0.00520260130065033,1,"ambiguous"
"flowsom_consensus_k62_seed42",48,6847,"CD197_CCR7","ambiguous","discordant_tests",3,0,0,3,1,0,1,"ambiguous"
"flowsom_consensus_k62_seed42",48,6847,"CD27","no_detected_multimodality","neither test rejects in any seed",3,0,0,0,1,0.36255627813907,1,"stratified_5_percent_pass_audit"
"flowsom_consensus_k62_seed42",48,6847,"CD3","ambiguous","discordant_tests;seed_instability",3,0,0,1,1,0.0208104052026013,1,"ambiguous"
"flowsom_consensus_k62_seed42",48,6847,"CD45RA","no_detected_multimodality","neither test rejects in any seed",3,0,0,0,1,0.544105386026347,1,"stratified_5_percent_pass_audit"
"flowsom_consensus_k62_seed42",48,6847,"CD7","detected_multimodality","both tests reject in at least two seeds",3,3,3,3,0,0,1,"detected_multimodality"
"flowsom_consensus_k62_seed42",48,6847,"FoxP3","detected_multimodality","both tests reject in at least two seeds",3,3,3,3,0,0,1,"detected_multimodality"
"flowsom_consensus_k62_seed42",49,60777,"CD159c_NKG2C","ambiguous","discordant_tests;seed_instability;borderline_q",3,0,0,1,1,0.0360180090045022,2,"ambiguous"
"flowsom_consensus_k62_seed42",49,60777,"CD197_CCR7","no_detected_multimodality","neither test rejects in any seed",3,0,0,0,1,0.321460730365183,2,"stratified_5_percent_pass_audit"
"flowsom_consensus_k62_seed42",49,60777,"CD294_CRTH2","no_detected_multimodality","neither test rejects in any seed",3,0,0,0,1,0.725681022329347,2,"stratified_5_percent_pass_audit"
"flowsom_consensus_k62_seed42",49,60777,"CD3","ambiguous","discordant_tests;seed_instability",3,0,0,1,1,0.0360180090045022,2,"ambiguous"
"flowsom_consensus_k62_seed42",49,60777,"CD57","ambiguous","discordant_tests;seed_instability",3,1,1,3,0.0189153771710304,0,2,"ambiguous"
"flowsom_consensus_k62_seed42",49,60777,"FoxP3","ambiguous","borderline_q",3,0,0,0,1,0.0765382691345673,2,"ambiguous"
"flowsom_consensus_k62_seed42",50,4475356,"CD57","ambiguous","borderline_q",3,0,0,0,0.999834941471287,0.0945472736368184,4,"ambiguous"
"flowsom_consensus_k62_seed42",51,18663,"CD11c","ambiguous","discordant_tests",3,0,0,3,0.517161759291049,0,2,"ambiguous"
"flowsom_consensus_k62_seed42",51,18663,"CD1c","detected_multimodality","both tests reject in at least two seeds",3,3,3,3,0,0,2,"detected_multimodality"
"flowsom_consensus_k62_seed42",51,18663,"CD45RA","ambiguous","discordant_tests;borderline_q",3,0,0,3,0.0856830178096755,0,2,"ambiguous"
"flowsom_consensus_k62_seed42",51,18663,"CD56","ambiguous","discordant_tests;borderline_q",3,0,0,3,0.0723030828473075,0,2,"ambiguous"
"flowsom_consensus_k62_seed42",51,18663,"FoxP3","ambiguous","discordant_tests;seed_instability;borderline_q",3,0,0,1,0.998696720433273,0,2,"ambiguous"
"flowsom_consensus_k62_seed42",51,18663,"HLA-DR","ambiguous","discordant_tests;borderline_q",3,0,0,3,0.0856830178096755,0,2,"ambiguous"
"flowsom_consensus_k62_seed42",51,18663,"Tbet","ambiguous","discordant_tests;seed_instability",3,0,0,1,0.998696720433273,0.0231544343600372,2,"ambiguous"
"flowsom_consensus_k62_seed42",51,18663,"TCRgd_CD141","detected_multimodality","both tests reject in at least two seeds",3,3,3,3,0,0,2,"detected_multimodality"
"flowsom_consensus_k62_seed42",52,63216,"CD3","ambiguous","discordant_tests;seed_instability",3,0,0,1,0.999331042944454,0.0202601300650325,2,"ambiguous"
"flowsom_consensus_k62_seed42",52,63216,"CD57","detected_multimodality","both tests reject in at least two seeds",3,2,2,3,4.70204668071572e-05,0,2,"detected_multimodality"
"flowsom_consensus_k62_seed42",53,11243,"CD11c","no_detected_multimodality","neither test rejects in any seed",3,0,0,0,0.999606186269522,0.288144072036018,1,"stratified_5_percent_pass_audit"
"flowsom_consensus_k62_seed42",53,11243,"CD185_CXCR5","ambiguous","borderline_q",3,0,0,0,0.999606186269522,0.0810405202601301,1,"ambiguous"
"flowsom_consensus_k62_seed42",53,11243,"CD25","ambiguous","discordant_tests",3,0,0,3,0.330376501044902,0,1,"ambiguous"
"flowsom_consensus_k62_seed42",53,11243,"CD8","no_detected_multimodality","neither test rejects in any seed",3,0,0,0,0.999606186269522,0.605348128609759,1,"stratified_5_percent_pass_audit"
"flowsom_consensus_k62_seed42",54,8468,"CD11c","ambiguous","discordant_tests;seed_instability",3,0,0,2,0.559635890005151,0.00143821910955478,1,"ambiguous"
"flowsom_consensus_k62_seed42",54,8468,"CD127","detected_multimodality","both tests reject in at least two seeds",3,3,3,3,0,0,1,"detected_multimodality"
"flowsom_consensus_k62_seed42",54,8468,"CD159c_NKG2C","detected_multimodality","both tests reject in at least two seeds",3,3,3,3,0,0,1,"detected_multimodality"
"flowsom_consensus_k62_seed42",54,8468,"CD161","detected_multimodality","both tests reject in at least two seeds",3,3,3,3,0,0,1,"detected_multimodality"
"flowsom_consensus_k62_seed42",54,8468,"CD19","ambiguous","discordant_tests;seed_instability",3,0,0,1,0.996703352443828,0.0355632361635363,1,"ambiguous"
"flowsom_consensus_k62_seed42",54,8468,"CD25","ambiguous","borderline_q",3,0,0,0,0.996703352443828,0.0532141070535268,1,"ambiguous"
"flowsom_consensus_k62_seed42",54,8468,"CD27","detected_multimodality","both tests reject in at least two seeds",3,3,3,3,0,0,1,"detected_multimodality"
"flowsom_consensus_k62_seed42",54,8468,"CD294_CRTH2","detected_multimodality","both tests reject in at least two seeds",3,3,3,3,0,0,1,"detected_multimodality"
"flowsom_consensus_k62_seed42",54,8468,"CD3","detected_multimodality","both tests reject in at least two seeds",3,2,2,3,0.0263963635791757,0,1,"detected_multimodality"
"flowsom_consensus_k62_seed42",54,8468,"CD303_TCRvd2","no_detected_multimodality","neither test rejects in any seed",3,0,0,0,0.996703352443828,0.684592296148074,1,"stratified_5_percent_pass_audit"
"flowsom_consensus_k62_seed42",54,8468,"CD45RA","detected_multimodality","both tests reject in at least two seeds",3,3,3,3,0,0,1,"detected_multimodality"
"flowsom_consensus_k62_seed42",54,8468,"CD56","ambiguous","discordant_tests;seed_instability",3,0,0,1,0.9396460326816,0.00255683397254183,1,"ambiguous"
"flowsom_consensus_k62_seed42",54,8468,"FoxP3","ambiguous","borderline_q",3,0,0,0,0.996703352443828,0.0639208493135456,1,"ambiguous"
"flowsom_consensus_k62_seed42",54,8468,"HLA-DR","ambiguous","discordant_tests;seed_instability",3,0,0,1,0.996703352443828,0.019559779889945,1,"ambiguous"
"flowsom_consensus_k62_seed42",56,8521,"CD127","ambiguous","discordant_tests;seed_instability",3,0,0,1,0.998078106334515,0.0378189094547274,1,"ambiguous"
"flowsom_consensus_k62_seed42",56,8521,"CD14","detected_multimodality","both tests reject in at least two seeds",3,2,2,3,0.00590417601088877,0,1,"detected_multimodality"
"flowsom_consensus_k62_seed42",56,8521,"CD197_CCR7","ambiguous","discordant_tests;seed_instability;borderline_q",3,0,0,2,0.362236272774015,0,1,"ambiguous"
"flowsom_consensus_k62_seed42",56,8521,"CD27","ambiguous","discordant_tests",3,0,0,3,0.957080533201648,0.00270135067533767,1,"ambiguous"
"flowsom_consensus_k62_seed42",56,8521,"CD294_CRTH2","no_detected_multimodality","neither test rejects in any seed",3,0,0,0,0.998078106334515,0.187165011076967,1,"stratified_5_percent_pass_audit"
"flowsom_consensus_k62_seed42",56,8521,"CD3","detected_multimodality","both tests reject in at least two seeds",3,3,3,3,0,0,1,"detected_multimodality"
"flowsom_consensus_k62_seed42",56,8521,"CD7","detected_multimodality","both tests reject in at least two seeds",3,3,3,3,0,0,1,"detected_multimodality"
"flowsom_consensus_k62_seed42",57,4188617,"CD19","ambiguous","discordant_tests;seed_instability",3,0,0,1,1,0,4,"ambiguous"
"flowsom_consensus_k62_seed42",57,4188617,"CD21","ambiguous","discordant_tests",3,0,0,3,0.432148445483997,0,4,"ambiguous"
"flowsom_consensus_k62_seed42",57,4188617,"CD45RA","no_detected_multimodality","neither test rejects in any seed",3,0,0,0,1,0.65218323447438,4,"stratified_5_percent_pass_audit"
"flowsom_consensus_k62_seed42",57,4188617,"FoxP3","no_detected_multimodality","neither test rejects in any seed",3,0,0,0,1,0.700100050025013,4,"stratified_5_percent_pass_audit"
"flowsom_consensus_k62_seed42",58,5697,"CD11c","detected_multimodality","both tests reject in at least two seeds",3,3,3,3,0,0,1,"detected_multimodality"
"flowsom_consensus_k62_seed42",58,5697,"CD127","ambiguous","discordant_tests;seed_instability",3,0,0,1,0.998315447582965,0.0202601300650325,1,"ambiguous"
"flowsom_consensus_k62_seed42",58,5697,"CD1c","detected_multimodality","both tests reject in at least two seeds",3,3,3,3,0,0,1,"detected_multimodality"
"flowsom_consensus_k62_seed42",58,5697,"CD21","ambiguous","discordant_tests;seed_instability",3,0,0,1,0.998315447582965,0.0231544343600372,1,"ambiguous"
"flowsom_consensus_k62_seed42",58,5697,"CD3","detected_multimodality","both tests reject in at least two seeds",3,3,3,3,0.000298539387895952,0,1,"detected_multimodality"
"flowsom_consensus_k62_seed42",58,5697,"CD56","ambiguous","borderline_q",3,0,0,0,0.998315447582965,0.0844172086043021,1,"ambiguous"
"flowsom_consensus_k62_seed42",58,5697,"HLA-DR","detected_multimodality","both tests reject in at least two seeds",3,3,3,3,0,0,1,"detected_multimodality"
"flowsom_consensus_k62_seed42",58,5697,"TCRgd_CD141","ambiguous","discordant_tests",3,0,0,3,0.998315447582965,0.00540270135067534,1,"ambiguous"
"flowsom_consensus_k62_seed42",60,6080,"CD11c","detected_multimodality","both tests reject in at least two seeds",3,2,2,3,0.0200952428759421,0,1,"detected_multimodality"
"flowsom_consensus_k62_seed42",60,6080,"CD14","no_detected_multimodality","neither test rejects in any seed",3,0,0,0,0.998609167310582,0.317408704352176,1,"stratified_5_percent_pass_audit"
"flowsom_consensus_k62_seed42",60,6080,"CD159c_NKG2C","no_detected_multimodality","neither test rejects in any seed",3,0,0,0,0.998609167310582,0.895129382873255,1,"stratified_5_percent_pass_audit"
"flowsom_consensus_k62_seed42",60,6080,"CD185_CXCR5","detected_multimodality","both tests reject in at least two seeds",3,2,2,2,0.0154003905745532,0,1,"detected_multimodality"
"flowsom_consensus_k62_seed42",60,6080,"CD19","ambiguous","discordant_tests;seed_instability",3,0,0,2,0.998609167310582,0.0101300650325163,1,"ambiguous"
"flowsom_consensus_k62_seed42",60,6080,"CD21","detected_multimodality","both tests reject in at least two seeds",3,3,3,3,0,0,1,"detected_multimodality"
"flowsom_consensus_k62_seed42",60,6080,"CD27","ambiguous","borderline_q",3,0,0,0,0.998609167310582,0.0945472736368184,1,"ambiguous"
"flowsom_consensus_k62_seed42",60,6080,"CD38","ambiguous","discordant_tests",3,0,0,3,0.998609167310582,0.0189094547273637,1,"ambiguous"
"flowsom_consensus_k62_seed42",60,6080,"CD8","ambiguous","discordant_tests;seed_instability",3,0,0,1,0.998609167310582,0.0472736368184092,1,"ambiguous"
"flowsom_consensus_k62_seed42",61,8255,"CD11c","detected_multimodality","both tests reject in at least two seeds",3,3,3,3,0,0,1,"detected_multimodality"
"flowsom_consensus_k62_seed42",61,8255,"CD14","ambiguous","borderline_q",3,0,0,0,0.99771465108581,0.0612306153076538,1,"ambiguous"
"flowsom_consensus_k62_seed42",61,8255,"CD159c_NKG2C","ambiguous","discordant_tests",3,0,0,3,0.99771465108581,0.0155847154346404,1,"ambiguous"
"flowsom_consensus_k62_seed42",61,8255,"CD16","detected_multimodality","both tests reject in at least two seeds",3,3,3,3,0.000504956488291675,0,1,"detected_multimodality"
"flowsom_consensus_k62_seed42",61,8255,"CD185_CXCR5","no_detected_multimodality","neither test rejects in any seed",3,0,0,0,0.99771465108581,0.105802901450725,1,"stratified_5_percent_pass_audit"
"flowsom_consensus_k62_seed42",61,8255,"CD197_CCR7","ambiguous","discordant_tests;seed_instability;borderline_q",3,1,1,2,0.0213168259569364,0,1,"ambiguous"
"flowsom_consensus_k62_seed42",61,8255,"CD21","ambiguous","discordant_tests;seed_instability;borderline_q",3,0,0,1,0.99771465108581,0.0337668834417209,1,"ambiguous"
"flowsom_consensus_k62_seed42",61,8255,"CD25","ambiguous","discordant_tests",3,0,0,3,0.561988808564219,0,1,"ambiguous"
"flowsom_consensus_k62_seed42",61,8255,"CD27","detected_multimodality","both tests reject in at least two seeds",3,3,3,3,0,0,1,"detected_multimodality"
"flowsom_consensus_k62_seed42",61,8255,"CD3","ambiguous","discordant_tests",3,0,0,3,0.197793975624852,0,1,"ambiguous"
"flowsom_consensus_k62_seed42",61,8255,"CD303_TCRvd2","ambiguous","discordant_tests;seed_instability;borderline_q",3,0,0,2,0.99771465108581,0.024119202458372,1,"ambiguous"
"flowsom_consensus_k62_seed42",61,8255,"CD38","ambiguous","discordant_tests",3,0,0,3,0.206869212833812,0,1,"ambiguous"
"flowsom_consensus_k62_seed42",61,8255,"CD4","detected_multimodality","both tests reject in at least two seeds",3,3,3,3,0.00494650364213622,0,1,"detected_multimodality"
"flowsom_consensus_k62_seed42",61,8255,"CD45RA","detected_multimodality","both tests reject in at least two seeds",3,3,3,3,0,0,1,"detected_multimodality"
"flowsom_consensus_k62_seed42",61,8255,"CD7","detected_multimodality","both tests reject in at least two seeds",3,3,3,3,0,0,1,"detected_multimodality"
"flowsom_consensus_k62_seed42",61,8255,"HLA-DR","ambiguous","discordant_tests;seed_instability;borderline_q",3,0,0,1,0.859328584411857,0.00368366001182409,1,"ambiguous"
"flowsom_consensus_k62_seed42",61,8255,"Tbet","detected_multimodality","both tests reject in at least two seeds",3,3,3,3,0,0,1,"detected_multimodality"
"flowsom_consensus_k62_seed42",61,8255,"TCRgd_CD141","ambiguous","discordant_tests;seed_instability;borderline_q",3,1,1,3,0.00289824704137961,0,1,"ambiguous"
"flowsom_consensus_k62_seed42",62,17066,"CD127","detected_multimodality","both tests reject in at least two seeds",3,3,3,3,1.90574311048908e-05,0,1,"detected_multimodality"
"flowsom_consensus_k62_seed42",62,17066,"CD159c_NKG2C","detected_multimodality","both tests reject in at least two seeds",3,3,3,3,0,0,1,"detected_multimodality"
"flowsom_consensus_k62_seed42",62,17066,"CD161","detected_multimodality","both tests reject in at least two seeds",3,3,3,3,0,0,1,"detected_multimodality"
"flowsom_consensus_k62_seed42",62,17066,"CD27","detected_multimodality","both tests reject in at least two seeds",3,3,3,3,0,0,1,"detected_multimodality"
"flowsom_consensus_k62_seed42",62,17066,"CD294_CRTH2","detected_multimodality","both tests reject in at least two seeds",3,3,3,3,0,0,1,"detected_multimodality"
"flowsom_consensus_k62_seed42",62,17066,"CD3","no_detected_multimodality","neither test rejects in any seed",3,0,0,0,0.998546212356158,0.248195526334596,1,"stratified_5_percent_pass_audit"
"flowsom_consensus_k62_seed42",62,17066,"CD56","detected_multimodality","both tests reject in at least two seeds",3,3,3,3,0.00394099646010263,0,1,"detected_multimodality"
"flowsom_consensus_k62_seed42",62,17066,"CD57","ambiguous","discordant_tests;seed_instability",3,0,0,1,0.998546212356158,0.0460230115057529,1,"ambiguous"
"flowsom_consensus_k62_seed42",62,17066,"HLA-DR","ambiguous","discordant_tests;seed_instability;borderline_q",3,0,0,2,0.0922591732534678,0,1,"ambiguous"
"historical_80_20_ward_k50",1,155017,"CD11c","ambiguous","discordant_tests;seed_instability;borderline_q",3,1,1,3,0.0264716570612218,0,1,"ambiguous"
"historical_80_20_ward_k50",1,155017,"CD14","ambiguous","discordant_tests",3,0,0,3,0.171669701409414,0,1,"ambiguous"
"historical_80_20_ward_k50",1,155017,"CD159c_NKG2C","ambiguous","discordant_tests;borderline_q",3,0,0,3,0.0878546450818861,0,1,"ambiguous"
"historical_80_20_ward_k50",1,155017,"CD16","ambiguous","discordant_tests",3,0,0,3,0.365709898160189,0,1,"ambiguous"
"historical_80_20_ward_k50",1,155017,"CD185_CXCR5","ambiguous","discordant_tests;seed_instability",3,0,0,1,0.699898529349344,0.00168834417208604,1,"ambiguous"
"historical_80_20_ward_k50",1,155017,"CD19","ambiguous","borderline_q",3,0,0,0,0.999990009918808,0.0658454227113557,1,"ambiguous"
"historical_80_20_ward_k50",1,155017,"CD197_CCR7","ambiguous","discordant_tests;seed_instability",3,0,0,1,0.999990009918808,0.00675337668834417,1,"ambiguous"
"historical_80_20_ward_k50",1,155017,"CD21","ambiguous","discordant_tests",3,0,0,3,0.559813797416499,0,1,"ambiguous"
"historical_80_20_ward_k50",1,155017,"CD27","no_detected_multimodality","neither test rejects in any seed",3,0,0,0,0.999990009918808,0.347798899449725,1,"stratified_5_percent_pass_audit"
"historical_80_20_ward_k50",1,155017,"CD3","ambiguous","discordant_tests;seed_instability;borderline_q",3,0,0,1,0.999990009918808,0.00300150075037519,1,"ambiguous"
"historical_80_20_ward_k50",1,155017,"CD7","ambiguous","discordant_tests;seed_instability",3,0,0,1,0.999990009918808,0.0221019600709446,1,"ambiguous"
"historical_80_20_ward_k50",1,155017,"FoxP3","ambiguous","discordant_tests",3,0,0,3,0.699898529349344,0,1,"ambiguous"
"historical_80_20_ward_k50",1,155017,"Tbet","ambiguous","discordant_tests;seed_instability",3,1,1,3,0.0481855195845883,0,1,"ambiguous"
"historical_80_20_ward_k50",2,986456,"CD11c","ambiguous","borderline_q",3,0,0,0,1,0.0945472736368184,4,"ambiguous"
"historical_80_20_ward_k50",2,986456,"CD16","no_detected_multimodality","neither test rejects in any seed",3,0,0,0,1,0.862843186299032,4,"stratified_5_percent_pass_audit"
"historical_80_20_ward_k50",2,986456,"CD185_CXCR5","ambiguous","borderline_q",3,0,0,0,1,0.0540270135067534,4,"ambiguous"
"historical_80_20_ward_k50",2,986456,"CD197_CCR7","no_detected_multimodality","neither test rejects in any seed",3,0,0,0,1,0.435592796398199,4,"stratified_5_percent_pass_audit"
"historical_80_20_ward_k50",2,986456,"CD1c","no_detected_multimodality","neither test rejects in any seed",3,0,0,0,1,0.435592796398199,4,"stratified_5_percent_pass_audit"
"historical_80_20_ward_k50",2,986456,"CD21","no_detected_multimodality","neither test rejects in any seed",3,0,0,0,1,0.540270135067534,4,"stratified_5_percent_pass_audit"
"historical_80_20_ward_k50",2,986456,"CD38","ambiguous","discordant_tests;seed_instability",3,0,0,1,1,0,4,"ambiguous"
"historical_80_20_ward_k50",2,986456,"Tbet","ambiguous","discordant_tests;seed_instability",3,0,0,1,1,0.0270135067533767,4,"ambiguous"
"historical_80_20_ward_k50",3,169881,"CD11c","ambiguous","discordant_tests;seed_instability;borderline_q",3,0,0,2,0.0535795371198271,0,1,"ambiguous"
"historical_80_20_ward_k50",3,169881,"CD185_CXCR5","ambiguous","borderline_q",3,0,0,0,1,0.0540270135067534,1,"ambiguous"
"historical_80_20_ward_k50",3,169881,"CD19","no_detected_multimodality","neither test rejects in any seed",3,0,0,0,1,0.822411205602801,1,"stratified_5_percent_pass_audit"
"historical_80_20_ward_k50",3,169881,"CD1c","ambiguous","discordant_tests;seed_instability",3,0,0,2,1,0,1,"ambiguous"
"historical_80_20_ward_k50",3,169881,"CD38","no_detected_multimodality","neither test rejects in any seed",3,0,0,0,1,0.407453726863432,1,"stratified_5_percent_pass_audit"
"historical_80_20_ward_k50",3,169881,"CD57","ambiguous","discordant_tests",3,0,0,3,0.420750108023596,0,1,"ambiguous"
"historical_80_20_ward_k50",4,400818,"CD14","no_detected_multimodality","neither test rejects in any seed",3,0,0,0,1,0.895947973986994,2,"stratified_5_percent_pass_audit"
"historical_80_20_ward_k50",4,400818,"CD159c_NKG2C","ambiguous","discordant_tests;seed_instability",3,0,0,1,1,0.0135067533766883,2,"ambiguous"
"historical_80_20_ward_k50",4,400818,"CD161","no_detected_multimodality","neither test rejects in any seed",3,0,0,0,1,0.850250125062531,2,"stratified_5_percent_pass_audit"
"historical_80_20_ward_k50",4,400818,"CD57","ambiguous","borderline_q",3,0,0,0,1,0.0810405202601301,2,"ambiguous"
"historical_80_20_ward_k50",4,400818,"Tbet","no_detected_multimodality","neither test rejects in any seed",3,0,0,0,1,0.182341170585293,2,"stratified_5_percent_pass_audit"
"historical_80_20_ward_k50",5,374114,"CD11c","no_detected_multimodality","neither test rejects in any seed",3,0,0,0,1,0.289430429500465,2,"stratified_5_percent_pass_audit"
"historical_80_20_ward_k50",5,374114,"CD16","detected_multimodality","both tests reject in at least two seeds",3,3,3,3,0,0,2,"detected_multimodality"
"historical_80_20_ward_k50",5,374114,"CD3","detected_multimodality","both tests reject in at least two seeds",3,3,3,3,0,0,2,"detected_multimodality"
"historical_80_20_ward_k50",5,374114,"CD45RA","no_detected_multimodality","neither test rejects in any seed",3,0,0,0,1,0.776118828645092,2,"stratified_5_percent_pass_audit"
"historical_80_20_ward_k50",5,374114,"CD56","ambiguous","discordant_tests;seed_instability",3,0,0,2,1,0.0303901950975488,2,"ambiguous"
"historical_80_20_ward_k50",5,374114,"CD57","detected_multimodality","both tests reject in at least two seeds",3,3,3,3,0,0,2,"detected_multimodality"
"historical_80_20_ward_k50",5,374114,"TCRgd_CD141","ambiguous","borderline_q",3,0,0,0,1,0.0945472736368184,2,"ambiguous"
"historical_80_20_ward_k50",6,579267,"CD16","no_detected_multimodality","neither test rejects in any seed",3,0,0,0,1,0.737468734367184,3,"stratified_5_percent_pass_audit"
"historical_80_20_ward_k50",6,579267,"CD161","no_detected_multimodality","neither test rejects in any seed",3,0,0,0,1,0.725067078994043,3,"stratified_5_percent_pass_audit"
"historical_80_20_ward_k50",6,579267,"CD1c","no_detected_multimodality","neither test rejects in any seed",3,0,0,0,1,0.652826413206603,3,"stratified_5_percent_pass_audit"
"historical_80_20_ward_k50",6,579267,"CD21","no_detected_multimodality","neither test rejects in any seed",3,0,0,0,1,0.469052708172268,3,"stratified_5_percent_pass_audit"
"historical_80_20_ward_k50",6,579267,"CD25","no_detected_multimodality","neither test rejects in any seed",3,0,0,0,1,0.469052708172268,3,"stratified_5_percent_pass_audit"
"historical_80_20_ward_k50",6,579267,"CD56","ambiguous","discordant_tests",3,0,0,3,0.23725243886098,0,3,"ambiguous"
"historical_80_20_ward_k50",7,539001,"CD11c","ambiguous","discordant_tests;seed_instability;borderline_q",3,0,0,1,1,0.0315157578789395,3,"ambiguous"
"historical_80_20_ward_k50",7,539001,"CD159c_NKG2C","detected_multimodality","both tests reject in at least two seeds",3,3,3,3,0.00993472224924474,0,3,"detected_multimodality"
"historical_80_20_ward_k50",7,539001,"CD16","ambiguous","discordant_tests",3,0,0,3,1,0,3,"ambiguous"
"historical_80_20_ward_k50",7,539001,"CD19","no_detected_multimodality","neither test rejects in any seed",3,0,0,0,1,0.83471735867934,3,"stratified_5_percent_pass_audit"
"historical_80_20_ward_k50",7,539001,"CD38","no_detected_multimodality","neither test rejects in any seed",3,0,0,0,1,0.951663331665833,3,"stratified_5_percent_pass_audit"
"historical_80_20_ward_k50",7,539001,"CD57","no_detected_multimodality","neither test rejects in any seed",3,0,0,0,1,0.172211105552776,3,"stratified_5_percent_pass_audit"
"historical_80_20_ward_k50",7,539001,"CD7","no_detected_multimodality","neither test rejects in any seed",3,0,0,0,1,0.802687057814622,3,"stratified_5_percent_pass_audit"
"historical_80_20_ward_k50",8,339294,"CD159c_NKG2C","ambiguous","discordant_tests",3,0,0,3,0.708649686961252,0,2,"ambiguous"
"historical_80_20_ward_k50",8,339294,"CD56","detected_multimodality","both tests reject in at least two seeds",3,3,3,3,0.0185639552756482,0,2,"detected_multimodality"
"historical_80_20_ward_k50",8,339294,"CD57","detected_multimodality","both tests reject in at least two seeds",3,3,3,3,0,0,2,"detected_multimodality"
"historical_80_20_ward_k50",8,339294,"CD8","no_detected_multimodality","neither test rejects in any seed",3,0,0,0,0.999366483979239,0.609733438147645,2,"stratified_5_percent_pass_audit"
"historical_80_20_ward_k50",9,936977,"CD11c","no_detected_multimodality","neither test rejects in any seed",3,0,0,0,0.999846296153457,0.613206603301651,4,"stratified_5_percent_pass_audit"
"historical_80_20_ward_k50",9,936977,"CD159c_NKG2C","ambiguous","discordant_tests;seed_instability",3,0,0,1,0.999846296153457,0.00450225112556278,4,"ambiguous"
"historical_80_20_ward_k50",9,936977,"CD4","no_detected_multimodality","neither test rejects in any seed",3,0,0,0,0.999846296153457,0.601050525262631,4,"stratified_5_percent_pass_audit"
"historical_80_20_ward_k50",9,936977,"CD45RA","detected_multimodality","both tests reject in at least two seeds",3,3,3,3,0,0,4,"detected_multimodality"
"historical_80_20_ward_k50",9,936977,"CD56","detected_multimodality","both tests reject in at least two seeds",3,3,3,3,0,0,4,"detected_multimodality"
"historical_80_20_ward_k50",9,936977,"FoxP3","no_detected_multimodality","neither test rejects in any seed",3,0,0,0,0.999846296153457,0.916870199805785,4,"stratified_5_percent_pass_audit"
"historical_80_20_ward_k50",10,312858,"CD11c","detected_multimodality","both tests reject in at least two seeds",3,2,2,3,4.16211615627549e-05,0,2,"detected_multimodality"
"historical_80_20_ward_k50",10,312858,"CD16","detected_multimodality","both tests reject in at least two seeds",3,3,3,3,0,0,2,"detected_multimodality"
"historical_80_20_ward_k50",10,312858,"CD19","ambiguous","borderline_q",3,0,0,0,1,0.0694633030801115,2,"ambiguous"
"historical_80_20_ward_k50",10,312858,"CD27","no_detected_multimodality","neither test rejects in any seed",3,0,0,0,1,0.577413706853427,2,"stratified_5_percent_pass_audit"
"historical_80_20_ward_k50",10,312858,"CD294_CRTH2","ambiguous","discordant_tests;seed_instability",3,0,0,1,1,0.0472736368184092,2,"ambiguous"
"historical_80_20_ward_k50",10,312858,"CD3","detected_multimodality","both tests reject in at least two seeds",3,3,3,3,0,0,2,"detected_multimodality"
"historical_80_20_ward_k50",10,312858,"CD4","ambiguous","discordant_tests",3,0,0,3,1,0,2,"ambiguous"
"historical_80_20_ward_k50",10,312858,"CD56","detected_multimodality","both tests reject in at least two seeds",3,3,3,3,0,0,2,"detected_multimodality"
"historical_80_20_ward_k50",10,312858,"CD7","ambiguous","discordant_tests;seed_instability",3,0,0,1,1,0.0337668834417209,2,"ambiguous"
"historical_80_20_ward_k50",10,312858,"HLA-DR","no_detected_multimodality","neither test rejects in any seed",3,0,0,0,1,0.974487243621811,2,"stratified_5_percent_pass_audit"
"historical_80_20_ward_k50",11,656347,"CD11c","detected_multimodality","both tests reject in at least two seeds",3,3,3,3,0,0,3,"detected_multimodality"
"historical_80_20_ward_k50",11,656347,"CD16","detected_multimodality","both tests reject in at least two seeds",3,3,3,3,0,0,3,"detected_multimodality"
"historical_80_20_ward_k50",11,656347,"CD197_CCR7","no_detected_multimodality","neither test rejects in any seed",3,0,0,0,1,0.61069820624598,3,"stratified_5_percent_pass_audit"
"historical_80_20_ward_k50",11,656347,"CD56","ambiguous","discordant_tests;seed_instability;borderline_q",3,1,1,3,0.00267117456244081,0,3,"ambiguous"
"historical_80_20_ward_k50",11,656347,"TCRgd_CD141","no_detected_multimodality","neither test rejects in any seed",3,0,0,0,1,0.95430407511448,3,"stratified_5_percent_pass_audit"
"historical_80_20_ward_k50",12,1290392,"CD25","no_detected_multimodality","neither test rejects in any seed",3,0,0,0,1,0.921835917958979,4,"stratified_5_percent_pass_audit"
"historical_80_20_ward_k50",12,1290392,"CD27","ambiguous","discordant_tests;seed_instability",3,0,0,2,0.19721272295834,0,4,"ambiguous"
"historical_80_20_ward_k50",12,1290392,"CD45RA","detected_multimodality","both tests reject in at least two seeds",3,3,3,3,0,0,4,"detected_multimodality"
"historical_80_20_ward_k50",12,1290392,"CD56","ambiguous","discordant_tests;seed_instability",3,0,0,1,1,0.0270135067533767,4,"ambiguous"
"historical_80_20_ward_k50",12,1290392,"CD7","no_detected_multimodality","neither test rejects in any seed",3,0,0,0,1,0.459229614807404,4,"stratified_5_percent_pass_audit"
"historical_80_20_ward_k50",13,159733,"CD159c_NKG2C","no_detected_multimodality","neither test rejects in any seed",3,0,0,0,1,0.895675110282414,1,"stratified_5_percent_pass_audit"
"historical_80_20_ward_k50",13,159733,"CD38","detected_multimodality","both tests reject in at least two seeds",3,3,3,3,0.000114400001043902,0,1,"detected_multimodality"
"historical_80_20_ward_k50",13,159733,"CD45RA","ambiguous","discordant_tests;seed_instability;borderline_q",3,0,0,1,1,0.0260130065032516,1,"ambiguous"
"historical_80_20_ward_k50",13,159733,"CD57","no_detected_multimodality","neither test rejects in any seed",3,0,0,0,1,0.902039254921578,1,"stratified_5_percent_pass_audit"
"historical_80_20_ward_k50",13,159733,"CD7","detected_multimodality","both tests reject in at least two seeds",3,3,3,3,3.11838940990627e-05,0,1,"detected_multimodality"
"historical_80_20_ward_k50",13,159733,"CD8","no_detected_multimodality","neither test rejects in any seed",3,0,0,0,1,0.440595297648824,1,"stratified_5_percent_pass_audit"
"historical_80_20_ward_k50",13,159733,"FoxP3","detected_multimodality","both tests reject in at least two seeds",3,3,3,3,0,0,1,"detected_multimodality"
"historical_80_20_ward_k50",14,706671,"CD161","detected_multimodality","both tests reject in at least two seeds",3,3,3,3,0,0,3,"detected_multimodality"
"historical_80_20_ward_k50",14,706671,"CD27","detected_multimodality","both tests reject in at least two seeds",3,3,3,3,0,0,3,"detected_multimodality"
"historical_80_20_ward_k50",14,706671,"CD3","ambiguous","borderline_q",3,0,0,0,0.998480947760767,0.0729364682341171,3,"ambiguous"
"historical_80_20_ward_k50",14,706671,"CD38","ambiguous","borderline_q",3,0,0,0,0.998480947760767,0.0891445722861431,3,"ambiguous"
"historical_80_20_ward_k50",14,706671,"CD56","ambiguous","discordant_tests;seed_instability;borderline_q",3,0,0,2,0.532264479112539,0.00337668834417209,3,"ambiguous"
"historical_80_20_ward_k50",14,706671,"CD8","detected_multimodality","both tests reject in at least two seeds",3,3,3,3,0,0,3,"detected_multimodality"
"historical_80_20_ward_k50",14,706671,"FoxP3","no_detected_multimodality","neither test rejects in any seed",3,0,0,0,0.998480947760767,0.883727578074752,3,"stratified_5_percent_pass_audit"
"historical_80_20_ward_k50",14,706671,"Tbet","no_detected_multimodality","neither test rejects in any seed",3,0,0,0,0.998480947760767,0.908954477238619,3,"stratified_5_percent_pass_audit"
"historical_80_20_ward_k50",15,748192,"CD27","detected_multimodality","both tests reject in at least two seeds",3,3,3,3,0,0,3,"detected_multimodality"
"historical_80_20_ward_k50",15,748192,"CD294_CRTH2","no_detected_multimodality","neither test rejects in any seed",3,0,0,0,1,0.585855427713857,3,"stratified_5_percent_pass_audit"
"historical_80_20_ward_k50",16,703126,"CD127","ambiguous","borderline_q",3,0,0,0,0.997145777639367,0.0810405202601301,3,"ambiguous"
"historical_80_20_ward_k50",16,703126,"CD159c_NKG2C","ambiguous","borderline_q",3,0,0,0,0.997145777639367,0.0810405202601301,3,"ambiguous"
"historical_80_20_ward_k50",16,703126,"CD16","detected_multimodality","both tests reject in at least two seeds",3,3,3,3,0,0,3,"detected_multimodality"
"historical_80_20_ward_k50",16,703126,"CD161","ambiguous","borderline_q",3,0,0,0,0.997145777639367,0.0675337668834417,3,"ambiguous"
"historical_80_20_ward_k50",16,703126,"CD185_CXCR5","ambiguous","discordant_tests",3,0,0,3,0.997145777639367,0,3,"ambiguous"
"historical_80_20_ward_k50",16,703126,"CD21","ambiguous","discordant_tests;seed_instability;borderline_q",3,1,1,3,0.00549868838032169,0,3,"ambiguous"
"historical_80_20_ward_k50",16,703126,"CD25","ambiguous","borderline_q",3,0,0,0,0.997145777639367,0.077663831915958,3,"ambiguous"
"historical_80_20_ward_k50",16,703126,"CD27","ambiguous","borderline_q",3,0,0,0,0.997145777639367,0.077663831915958,3,"ambiguous"
"historical_80_20_ward_k50",16,703126,"CD3","ambiguous","borderline_q",3,0,0,0,0.997145777639367,0.0752519116701208,3,"ambiguous"
"historical_80_20_ward_k50",16,703126,"CD38","ambiguous","discordant_tests;seed_instability;borderline_q",3,0,0,2,0.828817941863607,0,3,"ambiguous"
"historical_80_20_ward_k50",16,703126,"CD45RA","ambiguous","discordant_tests;seed_instability",3,0,0,2,0.101965196754666,0,3,"ambiguous"
"historical_80_20_ward_k50",16,703126,"CD57","ambiguous","discordant_tests;seed_instability",3,0,0,1,0.997145777639367,0.032416208104052,3,"ambiguous"
"historical_80_20_ward_k50",17,184201,"CD127","ambiguous","discordant_tests;seed_instability",3,0,0,1,0.99959196023141,0.00900450225112556,1,"ambiguous"
"historical_80_20_ward_k50",17,184201,"CD161","ambiguous","discordant_tests;seed_instability",3,0,0,1,0.99959196023141,0,1,"ambiguous"
"historical_80_20_ward_k50",17,184201,"CD19","ambiguous","discordant_tests;seed_instability",3,0,0,1,0.99959196023141,0.0438969484742371,1,"ambiguous"
"historical_80_20_ward_k50",17,184201,"CD27","detected_multimodality","both tests reject in at least two seeds",3,2,2,3,0,0,1,"detected_multimodality"
"historical_80_20_ward_k50",17,184201,"CD294_CRTH2","no_detected_multimodality","neither test rejects in any seed",3,0,0,0,0.99959196023141,0.775287643821911,1,"stratified_5_percent_pass_audit"
"historical_80_20_ward_k50",17,184201,"CD303_TCRvd2","ambiguous","discordant_tests;seed_instability",3,0,0,2,0.99959196023141,0,1,"ambiguous"
"historical_80_20_ward_k50",17,184201,"CD4","detected_multimodality","both tests reject in at least two seeds",3,2,2,3,0.00615282974653492,0,1,"detected_multimodality"
"historical_80_20_ward_k50",17,184201,"CD56","no_detected_multimodality","neither test rejects in any seed",3,0,0,0,0.99959196023141,0.818717050833109,1,"stratified_5_percent_pass_audit"
"historical_80_20_ward_k50",17,184201,"CD7","no_detected_multimodality","neither test rejects in any seed",3,0,0,0,0.99959196023141,0.796898449224612,1,"stratified_5_percent_pass_audit"
"historical_80_20_ward_k50",18,1792139,"CD127","ambiguous","discordant_tests;seed_instability",3,0,0,1,0.318984128188202,0.00675337668834417,4,"ambiguous"
"historical_80_20_ward_k50",18,1792139,"CD185_CXCR5","no_detected_multimodality","neither test rejects in any seed",3,0,0,0,0.999368183080954,0.931965982991496,4,"stratified_5_percent_pass_audit"
"historical_80_20_ward_k50",18,1792139,"CD27","detected_multimodality","both tests reject in at least two seeds",3,2,2,3,0.0134906144343838,0,4,"detected_multimodality"
"historical_80_20_ward_k50",18,1792139,"CD3","no_detected_multimodality","neither test rejects in any seed",3,0,0,0,0.999368183080954,0.661830915457729,4,"stratified_5_percent_pass_audit"
"historical_80_20_ward_k50",19,167693,"CD11c","ambiguous","borderline_q",3,0,0,0,1,0.0918459229614808,1,"ambiguous"
"historical_80_20_ward_k50",19,167693,"CD159c_NKG2C","ambiguous","discordant_tests;seed_instability;borderline_q",3,0,0,2,0.0900043220469169,0,1,"ambiguous"
"historical_80_20_ward_k50",19,167693,"CD16","ambiguous","discordant_tests;seed_instability;borderline_q",3,0,0,2,1,0,1,"ambiguous"
"historical_80_20_ward_k50",19,167693,"CD21","ambiguous","borderline_q",3,0,0,0,1,0.0918459229614808,1,"ambiguous"
"historical_80_20_ward_k50",19,167693,"CD27","ambiguous","borderline_q",3,0,0,0,1,0.0641570785392696,1,"ambiguous"
"historical_80_20_ward_k50",19,167693,"CD4","no_detected_multimodality","neither test rejects in any seed",3,0,0,0,1,0.395747873936969,1,"stratified_5_percent_pass_audit"
"historical_80_20_ward_k50",19,167693,"CD56","ambiguous","discordant_tests",3,0,0,3,0.661394985347465,0,1,"ambiguous"
"historical_80_20_ward_k50",19,167693,"CD57","detected_multimodality","both tests reject in at least two seeds",3,3,3,3,0,0,1,"detected_multimodality"
"historical_80_20_ward_k50",20,29062,"CD11c","ambiguous","borderline_q",3,0,0,0,1,0.0632816408204102,1,"ambiguous"
"historical_80_20_ward_k50",20,29062,"CD127","detected_multimodality","both tests reject in at least two seeds",3,3,3,3,0,0,1,"detected_multimodality"
"historical_80_20_ward_k50",20,29062,"CD159c_NKG2C","detected_multimodality","both tests reject in at least two seeds",3,3,3,3,0,0,1,"detected_multimodality"
"historical_80_20_ward_k50",20,29062,"CD16","no_detected_multimodality","neither test rejects in any seed",3,0,0,0,1,0.740001579737237,1,"stratified_5_percent_pass_audit"
"historical_80_20_ward_k50",20,29062,"CD161","detected_multimodality","both tests reject in at least two seeds",3,3,3,3,0,0,1,"detected_multimodality"
"historical_80_20_ward_k50",20,29062,"CD19","detected_multimodality","both tests reject in at least two seeds",3,3,3,3,0,0,1,"detected_multimodality"
"historical_80_20_ward_k50",20,29062,"CD1c","no_detected_multimodality","neither test rejects in any seed",3,0,0,0,1,0.370339015661677,1,"stratified_5_percent_pass_audit"
"historical_80_20_ward_k50",20,29062,"CD25","no_detected_multimodality","neither test rejects in any seed",3,0,0,0,1,0.923890516686915,1,"stratified_5_percent_pass_audit"
"historical_80_20_ward_k50",20,29062,"CD27","detected_multimodality","both tests reject in at least two seeds",3,3,3,3,0,0,1,"detected_multimodality"
"historical_80_20_ward_k50",20,29062,"CD294_CRTH2","detected_multimodality","both tests reject in at least two seeds",3,3,3,3,0,0,1,"detected_multimodality"
"historical_80_20_ward_k50",20,29062,"CD3","ambiguous","discordant_tests",3,0,0,3,0.463718778704709,0,1,"ambiguous"
"historical_80_20_ward_k50",20,29062,"CD4","ambiguous","discordant_tests;seed_instability",3,0,0,1,1,0.013097457819819,1,"ambiguous"
"historical_80_20_ward_k50",20,29062,"CD45RA","detected_multimodality","both tests reject in at least two seeds",3,2,2,3,0.00137274837469881,0,1,"detected_multimodality"
"historical_80_20_ward_k50",20,29062,"CD56","detected_multimodality","both tests reject in at least two seeds",3,3,3,3,0.000623000542230174,0,1,"detected_multimodality"
"historical_80_20_ward_k50",20,29062,"TCRgd_CD141","no_detected_multimodality","neither test rejects in any seed",3,0,0,0,1,0.220701259720769,1,"stratified_5_percent_pass_audit"
"historical_80_20_ward_k50",21,199766,"CD11c","no_detected_multimodality","neither test rejects in any seed",3,0,0,0,1,0.727113556778389,1,"stratified_5_percent_pass_audit"
"historical_80_20_ward_k50",21,199766,"CD56","detected_multimodality","both tests reject in at least two seeds",3,3,3,3,0,0,1,"detected_multimodality"
"historical_80_20_ward_k50",22,942694,"CD27","detected_multimodality","both tests reject in at least two seeds",3,3,3,3,0,0,4,"detected_multimodality"
"historical_80_20_ward_k50",22,942694,"CD7","ambiguous","discordant_tests;seed_instability;borderline_q",3,0,0,1,1,0,4,"ambiguous"
"historical_80_20_ward_k50",22,942694,"Tbet","no_detected_multimodality","neither test rejects in any seed",3,0,0,0,1,0.318759379689845,4,"stratified_5_percent_pass_audit"
"historical_80_20_ward_k50",22,942694,"TCRgd_CD141","no_detected_multimodality","neither test rejects in any seed",3,0,0,0,1,0.618193712240736,4,"stratified_5_percent_pass_audit"
"historical_80_20_ward_k50",23,179350,"CD11c","detected_multimodality","both tests reject in at least two seeds",3,3,3,3,0,0,1,"detected_multimodality"
"historical_80_20_ward_k50",23,179350,"CD19","ambiguous","discordant_tests",3,0,0,3,0.455893262632412,0,1,"ambiguous"
"historical_80_20_ward_k50",23,179350,"CD1c","ambiguous","discordant_tests;borderline_q",3,0,0,3,0.0843593487095895,0,1,"ambiguous"
"historical_80_20_ward_k50",23,179350,"CD25","ambiguous","discordant_tests",3,0,0,3,0.999132362051253,0.00578860859000929,1,"ambiguous"
"historical_80_20_ward_k50",23,179350,"CD3","no_detected_multimodality","neither test rejects in any seed",3,0,0,0,0.999132362051253,0.335417708854427,1,"stratified_5_percent_pass_audit"
"historical_80_20_ward_k50",23,179350,"CD38","ambiguous","discordant_tests;seed_instability",3,0,0,1,0.999132362051253,0.0308725791467162,1,"ambiguous"
"historical_80_20_ward_k50",23,179350,"CD45RA","ambiguous","borderline_q",3,0,0,0,0.999132362051253,0.0526763381690845,1,"ambiguous"
"historical_80_20_ward_k50",23,179350,"CD56","ambiguous","discordant_tests",3,0,0,3,0.588979218203423,0,1,"ambiguous"
"historical_80_20_ward_k50",23,179350,"CD57","ambiguous","discordant_tests;seed_instability;borderline_q",3,0,0,1,0.999132362051253,0.00675337668834417,1,"ambiguous"
"historical_80_20_ward_k50",23,179350,"CD7","ambiguous","borderline_q",3,0,0,0,0.999132362051253,0.0663058802128337,1,"ambiguous"
"historical_80_20_ward_k50",23,179350,"HLA-DR","detected_multimodality","both tests reject in at least two seeds",3,3,3,3,0,0,1,"detected_multimodality"
"historical_80_20_ward_k50",23,179350,"TCRgd_CD141","ambiguous","discordant_tests",3,0,0,3,0.210375054011798,0,1,"ambiguous"
"historical_80_20_ward_k50",24,250087,"CD16","no_detected_multimodality","neither test rejects in any seed",3,0,0,0,0.999169085691777,0.155327663831916,2,"stratified_5_percent_pass_audit"
"historical_80_20_ward_k50",24,250087,"CD161","detected_multimodality","both tests reject in at least two seeds",3,3,3,3,7.62015317925524e-05,0,2,"detected_multimodality"
"historical_80_20_ward_k50",24,250087,"CD197_CCR7","no_detected_multimodality","neither test rejects in any seed",3,0,0,0,0.999169085691777,0.420638890874008,2,"stratified_5_percent_pass_audit"
"historical_80_20_ward_k50",24,250087,"CD1c","ambiguous","discordant_tests;seed_instability",3,0,0,1,0.999169085691777,0.0168834417208604,2,"ambiguous"
"historical_80_20_ward_k50",24,250087,"CD25","ambiguous","borderline_q",3,0,0,0,0.999169085691777,0.0513256628314157,2,"ambiguous"
"historical_80_20_ward_k50",24,250087,"CD3","detected_multimodality","both tests reject in at least two seeds",3,3,3,3,0,0,2,"detected_multimodality"
"historical_80_20_ward_k50",24,250087,"CD4","detected_multimodality","both tests reject in at least two seeds",3,3,3,3,0,0,2,"detected_multimodality"
"historical_80_20_ward_k50",25,632482,"CD11c","no_detected_multimodality","neither test rejects in any seed",3,0,0,0,1,0.325512756378189,3,"stratified_5_percent_pass_audit"
"historical_80_20_ward_k50",25,632482,"CD127","ambiguous","discordant_tests;seed_instability",3,1,1,2,0.000564550526691632,0,3,"ambiguous"
"historical_80_20_ward_k50",25,632482,"CD27","detected_multimodality","both tests reject in at least two seeds",3,3,3,3,0,0,3,"detected_multimodality"
"historical_80_20_ward_k50",25,632482,"CD4","no_detected_multimodality","neither test rejects in any seed",3,0,0,0,1,0.336629853388233,3,"stratified_5_percent_pass_audit"
"historical_80_20_ward_k50",25,632482,"CD45RA","no_detected_multimodality","neither test rejects in any seed",3,0,0,0,1,0.539042248396926,3,"stratified_5_percent_pass_audit"
"historical_80_20_ward_k50",25,632482,"CD56","no_detected_multimodality","neither test rejects in any seed",3,0,0,0,1,0.745220436305109,3,"stratified_5_percent_pass_audit"
"historical_80_20_ward_k50",25,632482,"Tbet","ambiguous","discordant_tests;seed_instability",3,1,1,2,0.0320136117466207,0,3,"ambiguous"
"historical_80_20_ward_k50",26,407233,"CD303_TCRvd2","no_detected_multimodality","neither test rejects in any seed",3,0,0,0,1,0.844172086043022,2,"stratified_5_percent_pass_audit"
"historical_80_20_ward_k50",27,402265,"CD127","ambiguous","discordant_tests;seed_instability;borderline_q",3,0,0,1,0.999770896242766,0.0135067533766883,2,"ambiguous"
"historical_80_20_ward_k50",27,402265,"CD185_CXCR5","no_detected_multimodality","neither test rejects in any seed",3,0,0,0,0.999770896242766,0.904952476238119,2,"stratified_5_percent_pass_audit"
"historical_80_20_ward_k50",27,402265,"CD27","detected_multimodality","both tests reject in at least two seeds",3,3,3,3,6.39684372202298e-05,0,2,"detected_multimodality"
"historical_80_20_ward_k50",27,402265,"CD3","ambiguous","discordant_tests;seed_instability",3,0,0,1,0.999770896242766,0.040520260130065,2,"ambiguous"
"historical_80_20_ward_k50",27,402265,"CD45RA","detected_multimodality","both tests reject in at least two seeds",3,3,3,3,0,0,2,"detected_multimodality"
"historical_80_20_ward_k50",27,402265,"CD56","ambiguous","discordant_tests;seed_instability",3,0,0,1,0.999770896242766,0,2,"ambiguous"
"historical_80_20_ward_k50",27,402265,"CD7","no_detected_multimodality","neither test rejects in any seed",3,0,0,0,0.999770896242766,0.663519259629815,2,"stratified_5_percent_pass_audit"
"historical_80_20_ward_k50",27,402265,"FoxP3","no_detected_multimodality","neither test rejects in any seed",3,0,0,0,0.999770896242766,0.951955977988995,2,"stratified_5_percent_pass_audit"
"historical_80_20_ward_k50",28,163841,"CD11c","ambiguous","borderline_q",3,0,0,0,0.9994274601811,0.0594297148574287,1,"ambiguous"
"historical_80_20_ward_k50",28,163841,"CD127","no_detected_multimodality","neither test rejects in any seed",3,0,0,0,0.9994274601811,0.838213224259188,1,"stratified_5_percent_pass_audit"
"historical_80_20_ward_k50",28,163841,"CD1c","ambiguous","discordant_tests",3,0,0,3,0.662849330246084,0,1,"ambiguous"
"historical_80_20_ward_k50",28,163841,"CD303_TCRvd2","no_detected_multimodality","neither test rejects in any seed",3,0,0,0,0.9994274601811,0.838213224259188,1,"stratified_5_percent_pass_audit"
"historical_80_20_ward_k50",28,163841,"CD45RA","ambiguous","discordant_tests",3,0,0,3,0.708649686961252,0,1,"ambiguous"
"historical_80_20_ward_k50",28,163841,"CD56","detected_multimodality","both tests reject in at least two seeds",3,3,3,3,0,0,1,"detected_multimodality"
"historical_80_20_ward_k50",28,163841,"TCRgd_CD141","detected_multimodality","both tests reject in at least two seeds",3,3,3,3,0,0,1,"detected_multimodality"
"historical_80_20_ward_k50",29,3461763,"CD197_CCR7","ambiguous","borderline_q",3,0,0,0,1,0.0675337668834417,4,"ambiguous"
"historical_80_20_ward_k50",29,3461763,"HLA-DR","no_detected_multimodality","neither test rejects in any seed",3,0,0,0,1,0.903451725862932,4,"stratified_5_percent_pass_audit"
"historical_80_20_ward_k50",31,156095,"CD11c","detected_multimodality","both tests reject in at least two seeds",3,3,3,3,8.75822439881935e-05,0,1,"detected_multimodality"
"historical_80_20_ward_k50",31,156095,"CD127","detected_multimodality","both tests reject in at least two seeds",3,3,3,3,0,0,1,"detected_multimodality"
"historical_80_20_ward_k50",31,156095,"CD161","ambiguous","discordant_tests;seed_instability",3,1,1,3,0.00203871226000315,0,1,"ambiguous"
"historical_80_20_ward_k50",31,156095,"CD185_CXCR5","no_detected_multimodality","neither test rejects in any seed",3,0,0,0,1,0.848392946473237,1,"stratified_5_percent_pass_audit"
"historical_80_20_ward_k50",31,156095,"CD197_CCR7","no_detected_multimodality","neither test rejects in any seed",3,0,0,0,1,0.934771733692933,1,"stratified_5_percent_pass_audit"
"historical_80_20_ward_k50",31,156095,"CD3","detected_multimodality","both tests reject in at least two seeds",3,3,3,3,0,0,1,"detected_multimodality"
"historical_80_20_ward_k50",31,156095,"CD38","detected_multimodality","both tests reject in at least two seeds",3,3,3,3,3.49997048215478e-05,0,1,"detected_multimodality"
"historical_80_20_ward_k50",31,156095,"CD4","detected_multimodality","both tests reject in at least two seeds",3,3,3,3,0,0,1,"detected_multimodality"
"historical_80_20_ward_k50",31,156095,"CD45RA","no_detected_multimodality","neither test rejects in any seed",3,0,0,0,1,0.64165416041354,1,"stratified_5_percent_pass_audit"
"historical_80_20_ward_k50",31,156095,"FoxP3","no_detected_multimodality","neither test rejects in any seed",3,0,0,0,1,0.8064032016008,1,"stratified_5_percent_pass_audit"
"historical_80_20_ward_k50",31,156095,"HLA-DR","no_detected_multimodality","neither test rejects in any seed",3,0,0,0,1,0.757606075765155,1,"stratified_5_percent_pass_audit"
"historical_80_20_ward_k50",32,799192,"CD159c_NKG2C","no_detected_multimodality","neither test rejects in any seed",3,0,0,0,1,0.709104552276138,3,"stratified_5_percent_pass_audit"
"historical_80_20_ward_k50",32,799192,"CD303_TCRvd2","no_detected_multimodality","neither test rejects in any seed",3,0,0,0,1,0.863891945972987,3,"stratified_5_percent_pass_audit"
"historical_80_20_ward_k50",33,251259,"CD11c","ambiguous","discordant_tests;seed_instability;borderline_q",3,0,0,1,0.999576870136976,0.040520260130065,2,"ambiguous"
"historical_80_20_ward_k50",33,251259,"CD14","ambiguous","borderline_q",3,0,0,0,0.999576870136976,0.0868291288501394,2,"ambiguous"
"historical_80_20_ward_k50",33,251259,"CD161","detected_multimodality","both tests reject in at least two seeds",3,2,2,3,0.00449947238056536,0,2,"detected_multimodality"
"historical_80_20_ward_k50",33,251259,"CD185_CXCR5","ambiguous","discordant_tests;seed_instability;borderline_q",3,0,0,1,0.999576870136976,0.0135067533766883,2,"ambiguous"
"historical_80_20_ward_k50",33,251259,"CD19","no_detected_multimodality","neither test rejects in any seed",3,0,0,0,0.999576870136976,0.719830503487038,2,"stratified_5_percent_pass_audit"
"historical_80_20_ward_k50",33,251259,"CD197_CCR7","detected_multimodality","both tests reject in at least two seeds",3,2,2,3,0,0,2,"detected_multimodality"
"historical_80_20_ward_k50",33,251259,"CD27","detected_multimodality","both tests reject in at least two seeds",3,3,3,3,0,0,2,"detected_multimodality"
"historical_80_20_ward_k50",33,251259,"CD3","no_detected_multimodality","neither test rejects in any seed",3,0,0,0,0.999576870136976,0.435592796398199,2,"stratified_5_percent_pass_audit"
"historical_80_20_ward_k50",33,251259,"CD38","no_detected_multimodality","neither test rejects in any seed",3,0,0,0,0.999576870136976,0.271823411705853,2,"stratified_5_percent_pass_audit"
"historical_80_20_ward_k50",33,251259,"CD4","ambiguous","discordant_tests;borderline_q",3,0,0,3,0.0856830178096755,0,2,"ambiguous"
"historical_80_20_ward_k50",33,251259,"CD56","no_detected_multimodality","neither test rejects in any seed",3,0,0,0,0.999576870136976,0.585011255627814,2,"stratified_5_percent_pass_audit"
"historical_80_20_ward_k50",33,251259,"CD7","ambiguous","discordant_tests;seed_instability",3,1,1,3,0.0175158381119267,0,2,"ambiguous"
"historical_80_20_ward_k50",33,251259,"TCRgd_CD141","no_detected_multimodality","neither test rejects in any seed",3,0,0,0,0.999576870136976,0.621310655327664,2,"stratified_5_percent_pass_audit"
"historical_80_20_ward_k50",34,227853,"CD14","ambiguous","discordant_tests;seed_instability",3,0,0,1,0.999950560539855,0.0154362895733581,2,"ambiguous"
"historical_80_20_ward_k50",34,227853,"CD159c_NKG2C","ambiguous","discordant_tests",3,0,0,3,0.599338124792182,0,2,"ambiguous"
"historical_80_20_ward_k50",34,227853,"CD27","detected_multimodality","both tests reject in at least two seeds",3,3,3,3,0,0,2,"detected_multimodality"
"historical_80_20_ward_k50",34,227853,"CD294_CRTH2","ambiguous","borderline_q",3,0,0,0,0.999950560539855,0.0636746944901022,2,"ambiguous"
"historical_80_20_ward_k50",34,227853,"CD3","detected_multimodality","both tests reject in at least two seeds",3,3,3,3,0,0,2,"detected_multimodality"
"historical_80_20_ward_k50",34,227853,"CD38","detected_multimodality","both tests reject in at least two seeds",3,3,3,3,0,0,2,"detected_multimodality"
"historical_80_20_ward_k50",34,227853,"CD45RA","detected_multimodality","both tests reject in at least two seeds",3,3,3,3,0,0,2,"detected_multimodality"
"historical_80_20_ward_k50",34,227853,"CD7","ambiguous","discordant_tests;seed_instability",3,0,0,1,0.999950560539855,0.0385907239333953,2,"ambiguous"
"historical_80_20_ward_k50",34,227853,"CD8","detected_multimodality","both tests reject in at least two seeds",3,3,3,3,0,0,2,"detected_multimodality"
"historical_80_20_ward_k50",34,227853,"HLA-DR","ambiguous","discordant_tests;seed_instability",3,0,0,1,0.999950560539855,0.0236368184092046,2,"ambiguous"
"historical_80_20_ward_k50",34,227853,"Tbet","ambiguous","borderline_q",3,0,0,0,0.999950560539855,0.0827288644322161,2,"ambiguous"
"historical_80_20_ward_k50",35,582226,"CD3","no_detected_multimodality","neither test rejects in any seed",3,0,0,0,0.99942731765092,0.638973332820256,3,"stratified_5_percent_pass_audit"
"historical_80_20_ward_k50",35,582226,"CD8","no_detected_multimodality","neither test rejects in any seed",3,0,0,0,0.99942731765092,0.730715357678839,3,"stratified_5_percent_pass_audit"
"historical_80_20_ward_k50",36,3204436,"CD159c_NKG2C","no_detected_multimodality","neither test rejects in any seed",3,0,0,0,0.999784283790609,0.866361752304724,4,"stratified_5_percent_pass_audit"
"historical_80_20_ward_k50",36,3204436,"CD303_TCRvd2","no_detected_multimodality","neither test rejects in any seed",3,0,0,0,0.999784283790609,0.542971485742871,4,"stratified_5_percent_pass_audit"
"historical_80_20_ward_k50",36,3204436,"TCRgd_CD141","ambiguous","discordant_tests;seed_instability",3,0,0,1,0.999784283790609,0.040520260130065,4,"ambiguous"
"historical_80_20_ward_k50",37,1970767,"CD11c","ambiguous","discordant_tests;seed_instability",3,0,0,1,1,0.0337668834417209,4,"ambiguous"
"historical_80_20_ward_k50",37,1970767,"CD161","no_detected_multimodality","neither test rejects in any seed",3,0,0,0,1,0.62376642866888,4,"stratified_5_percent_pass_audit"
"historical_80_20_ward_k50",37,1970767,"CD197_CCR7","ambiguous","discordant_tests;seed_instability",3,0,0,1,1,0.040520260130065,4,"ambiguous"
"historical_80_20_ward_k50",37,1970767,"CD27","detected_multimodality","both tests reject in at least two seeds",3,3,3,3,0,0,4,"detected_multimodality"
"historical_80_20_ward_k50",37,1970767,"CD56","ambiguous","borderline_q",3,0,0,0,1,0.0585292646323162,4,"ambiguous"
"historical_80_20_ward_k50",38,723330,"CD185_CXCR5","no_detected_multimodality","neither test rejects in any seed",3,0,0,0,1,0.841020510255128,3,"stratified_5_percent_pass_audit"
"historical_80_20_ward_k50",38,723330,"CD197_CCR7","ambiguous","discordant_tests;seed_instability",3,0,0,1,1,0,3,"ambiguous"
"historical_80_20_ward_k50",38,723330,"CD27","no_detected_multimodality","neither test rejects in any seed",3,0,0,0,1,0.686143071535768,3,"stratified_5_percent_pass_audit"
"historical_80_20_ward_k50",38,723330,"CD4","ambiguous","discordant_tests;seed_instability",3,0,0,1,1,0.0202601300650325,3,"ambiguous"
"historical_80_20_ward_k50",38,723330,"HLA-DR","no_detected_multimodality","neither test rejects in any seed",3,0,0,0,1,0.927267981816996,3,"stratified_5_percent_pass_audit"
"historical_80_20_ward_k50",39,144240,"CD161","no_detected_multimodality","neither test rejects in any seed",3,0,0,0,0.999721169706334,0.246498249124562,1,"stratified_5_percent_pass_audit"
"historical_80_20_ward_k50",39,144240,"CD21","no_detected_multimodality","neither test rejects in any seed",3,0,0,0,0.999721169706334,0.513256628314157,1,"stratified_5_percent_pass_audit"
"historical_80_20_ward_k50",39,144240,"CD57","detected_multimodality","both tests reject in at least two seeds",3,2,2,3,0.000898846191079494,0,1,"detected_multimodality"
"historical_80_20_ward_k50",41,2863853,"CD14","no_detected_multimodality","neither test rejects in any seed",3,0,0,0,1,0.74512256128064,4,"stratified_5_percent_pass_audit"
"historical_80_20_ward_k50",41,2863853,"CD19","no_detected_multimodality","neither test rejects in any seed",3,0,0,0,1,0.881315657828915,4,"stratified_5_percent_pass_audit"
"historical_80_20_ward_k50",41,2863853,"CD38","no_detected_multimodality","neither test rejects in any seed",3,0,0,0,1,0.729364682341171,4,"stratified_5_percent_pass_audit"
"historical_80_20_ward_k50",41,2863853,"CD56","no_detected_multimodality","neither test rejects in any seed",3,0,0,0,1,0.910477966255855,4,"stratified_5_percent_pass_audit"
"historical_80_20_ward_k50",41,2863853,"CD57","no_detected_multimodality","neither test rejects in any seed",3,0,0,0,1,0.910477966255855,4,"stratified_5_percent_pass_audit"
"historical_80_20_ward_k50",41,2863853,"CD7","ambiguous","discordant_tests;seed_instability",3,1,1,2,0.0260781678213442,0,4,"ambiguous"
"historical_80_20_ward_k50",42,3012669,"CD27","no_detected_multimodality","neither test rejects in any seed",3,0,0,0,0.999084283946,0.840535652441605,4,"stratified_5_percent_pass_audit"
"historical_80_20_ward_k50",42,3012669,"CD8","no_detected_multimodality","neither test rejects in any seed",3,0,0,0,0.999084283946,0.840535652441605,4,"stratified_5_percent_pass_audit"
"historical_80_20_ward_k50",43,839820,"CD127","no_detected_multimodality","neither test rejects in any seed",3,0,0,0,1,0.95847923961981,4,"stratified_5_percent_pass_audit"
"historical_80_20_ward_k50",44,531511,"CD159c_NKG2C","no_detected_multimodality","neither test rejects in any seed",3,0,0,0,1,0.696789571256216,2,"stratified_5_percent_pass_audit"
"historical_80_20_ward_k50",44,531511,"CD19","detected_multimodality","both tests reject in at least two seeds",3,3,3,3,0,0,2,"detected_multimodality"
"historical_80_20_ward_k50",44,531511,"CD1c","no_detected_multimodality","neither test rejects in any seed",3,0,0,0,1,0.32416208104052,2,"stratified_5_percent_pass_audit"
"historical_80_20_ward_k50",44,531511,"CD25","no_detected_multimodality","neither test rejects in any seed",3,0,0,0,1,0.624687343671836,2,"stratified_5_percent_pass_audit"
"historical_80_20_ward_k50",44,531511,"CD294_CRTH2","no_detected_multimodality","neither test rejects in any seed",3,0,0,0,1,0.275537768884442,2,"stratified_5_percent_pass_audit"
"historical_80_20_ward_k50",44,531511,"CD57","no_detected_multimodality","neither test rejects in any seed",3,0,0,0,1,0.696789571256216,2,"stratified_5_percent_pass_audit"
"historical_80_20_ward_k50",44,531511,"Tbet","ambiguous","borderline_q",3,0,0,0,1,0.0810405202601301,2,"ambiguous"
"historical_80_20_ward_k50",45,975508,"CD127","ambiguous","discordant_tests;seed_instability",3,0,0,1,1,0.00675337668834417,4,"ambiguous"
"historical_80_20_ward_k50",45,975508,"CD45RA","ambiguous","discordant_tests;seed_instability",3,0,0,2,1,0,4,"ambiguous"
"historical_80_20_ward_k50",46,2540506,"CD294_CRTH2","no_detected_multimodality","neither test rejects in any seed",3,0,0,0,1,0.650125062531266,4,"stratified_5_percent_pass_audit"
"historical_80_20_ward_k50",46,2540506,"CD45RA","no_detected_multimodality","neither test rejects in any seed",3,0,0,0,1,0.677026013006503,4,"stratified_5_percent_pass_audit"
"historical_80_20_ward_k50",47,303082,"CD127","no_detected_multimodality","neither test rejects in any seed",3,0,0,0,0.998818249426229,0.646246200023089,2,"stratified_5_percent_pass_audit"
"historical_80_20_ward_k50",47,303082,"CD21","no_detected_multimodality","neither test rejects in any seed",3,0,0,0,0.998818249426229,0.252126063031516,2,"stratified_5_percent_pass_audit"
"historical_80_20_ward_k50",47,303082,"CD27","ambiguous","discordant_tests;seed_instability;borderline_q",3,0,0,1,0.998818249426229,0.0450225112556278,2,"ambiguous"
"historical_80_20_ward_k50",47,303082,"CD38","ambiguous","discordant_tests",3,0,0,3,0.998818249426229,0,2,"ambiguous"
"historical_80_20_ward_k50",47,303082,"CD7","ambiguous","discordant_tests",3,0,0,3,0.998818249426229,0,2,"ambiguous"
"historical_80_20_ward_k50",48,291329,"CD25","detected_multimodality","both tests reject in at least two seeds",3,3,3,3,0,0,2,"detected_multimodality"
"historical_80_20_ward_k50",48,291329,"CD4","no_detected_multimodality","neither test rejects in any seed",3,0,0,0,0.999917780119768,0.744559779889945,2,"stratified_5_percent_pass_audit"
"historical_80_20_ward_k50",48,291329,"FoxP3","detected_multimodality","both tests reject in at least two seeds",3,3,3,3,0,0,2,"detected_multimodality"
"historical_80_20_ward_k50",49,674602,"CD11c","ambiguous","discordant_tests;seed_instability;borderline_q",3,0,0,2,1,0,3,"ambiguous"
"historical_80_20_ward_k50",49,674602,"CD127","no_detected_multimodality","neither test rejects in any seed",3,0,0,0,1,0.351175587793897,3,"stratified_5_percent_pass_audit"
"historical_80_20_ward_k50",49,674602,"CD14","no_detected_multimodality","neither test rejects in any seed",3,0,0,0,1,0.826295500691522,3,"stratified_5_percent_pass_audit"
"historical_80_20_ward_k50",50,63382,"CD14","no_detected_multimodality","neither test rejects in any seed",3,0,0,0,1,0.75367683841921,1,"stratified_5_percent_pass_audit"
"historical_80_20_ward_k50",50,63382,"CD25","detected_multimodality","both tests reject in at least two seeds",3,3,3,3,0,0,1,"detected_multimodality"
"historical_80_20_ward_k50",50,63382,"CD27","detected_multimodality","both tests reject in at least two seeds",3,3,3,3,0,0,1,"detected_multimodality"
"historical_80_20_ward_k50",50,63382,"Tbet","no_detected_multimodality","neither test rejects in any seed",3,0,0,0,1,0.964982491245623,1,"stratified_5_percent_pass_audit"
"historical_80_20_ward_k62",1,155017,"CD11c","ambiguous","discordant_tests;borderline_q",3,0,0,3,0.0794454975807105,0,1,"ambiguous"
"historical_80_20_ward_k62",1,155017,"CD127","ambiguous","discordant_tests;seed_instability",3,0,0,2,1,0.00675337668834417,1,"ambiguous"
"historical_80_20_ward_k62",1,155017,"CD14","ambiguous","discordant_tests",3,0,0,3,0.234156588578272,0,1,"ambiguous"
"historical_80_20_ward_k62",1,155017,"CD159c_NKG2C","ambiguous","discordant_tests;borderline_q",3,0,0,3,0.0846000981469008,0,1,"ambiguous"
"historical_80_20_ward_k62",1,155017,"CD16","ambiguous","discordant_tests;borderline_q",3,0,0,3,0.0794454975807105,0,1,"ambiguous"
"historical_80_20_ward_k62",1,155017,"CD161","no_detected_multimodality","neither test rejects in any seed",3,0,0,0,1,0.211605802901451,1,"stratified_5_percent_pass_audit"
"historical_80_20_ward_k62",1,155017,"CD185_CXCR5","ambiguous","discordant_tests",3,0,0,3,0.607698759811992,0,1,"ambiguous"
"historical_80_20_ward_k62",1,155017,"CD197_CCR7","ambiguous","discordant_tests;seed_instability",3,0,0,1,0.965059333482176,0.00150075037518759,1,"ambiguous"
"historical_80_20_ward_k62",1,155017,"CD21","ambiguous","discordant_tests;seed_instability",3,1,1,3,0.018985960619372,0,1,"ambiguous"
"historical_80_20_ward_k62",1,155017,"CD27","no_detected_multimodality","neither test rejects in any seed",3,0,0,0,1,0.837958979489745,1,"stratified_5_percent_pass_audit"
"historical_80_20_ward_k62",1,155017,"CD3","ambiguous","discordant_tests;seed_instability;borderline_q",3,0,0,2,1,0.0148574287143572,1,"ambiguous"
"historical_80_20_ward_k62",1,155017,"CD38","ambiguous","borderline_q",3,0,0,0,1,0.0847241802719542,1,"ambiguous"
"historical_80_20_ward_k62",1,155017,"CD56","no_detected_multimodality","neither test rejects in any seed",3,0,0,0,1,0.649674837418709,1,"stratified_5_percent_pass_audit"
"historical_80_20_ward_k62",1,155017,"CD7","ambiguous","discordant_tests;seed_instability;borderline_q",3,0,0,1,1,0.00750375187593797,1,"ambiguous"
"historical_80_20_ward_k62",1,155017,"FoxP3","ambiguous","discordant_tests",3,0,0,3,0.425189812176751,0,1,"ambiguous"
"historical_80_20_ward_k62",1,155017,"Tbet","ambiguous","discordant_tests;seed_instability;borderline_q",3,1,1,3,0.018985960619372,0,1,"ambiguous"
"historical_80_20_ward_k62",1,155017,"TCRgd_CD141","ambiguous","borderline_q",3,0,0,0,1,0.0967983991995998,1,"ambiguous"
"historical_80_20_ward_k62",2,562043,"CD11c","detected_multimodality","both tests reject in at least two seeds",3,2,2,3,0.000113167380493606,0,3,"detected_multimodality"
"historical_80_20_ward_k62",2,562043,"CD16","ambiguous","discordant_tests;seed_instability",3,1,1,3,0.0251471482043173,0,3,"ambiguous"
"historical_80_20_ward_k62",2,562043,"CD185_CXCR5","ambiguous","discordant_tests",3,0,0,3,0.740773636290259,0,3,"ambiguous"
"historical_80_20_ward_k62",2,562043,"CD19","ambiguous","borderline_q",3,0,0,0,1,0.0594297148574287,3,"ambiguous"
"historical_80_20_ward_k62",2,562043,"CD1c","ambiguous","borderline_q",3,0,0,0,1,0.0945472736368184,3,"ambiguous"
"historical_80_20_ward_k62",2,562043,"CD21","no_detected_multimodality","neither test rejects in any seed",3,0,0,0,1,0.312584863860502,3,"stratified_5_percent_pass_audit"
"historical_80_20_ward_k62",2,562043,"CD294_CRTH2","no_detected_multimodality","neither test rejects in any seed",3,0,0,0,1,0.673086543271636,3,"stratified_5_percent_pass_audit"
"historical_80_20_ward_k62",2,562043,"CD4","ambiguous","discordant_tests;seed_instability",3,0,0,1,1,0.040520260130065,3,"ambiguous"
"historical_80_20_ward_k62",2,562043,"CD7","ambiguous","discordant_tests;seed_instability;borderline_q",3,0,0,1,1,0.00810405202601301,3,"ambiguous"
"historical_80_20_ward_k62",2,562043,"Tbet","ambiguous","discordant_tests",3,0,0,3,0.740773636290259,0,3,"ambiguous"
"historical_80_20_ward_k62",3,169881,"CD11c","ambiguous","discordant_tests;seed_instability",3,0,0,2,0.170051059033723,0,2,"ambiguous"
"historical_80_20_ward_k62",3,169881,"CD14","ambiguous","borderline_q",3,0,0,0,0.999217068354347,0.0506503251625813,2,"ambiguous"
"historical_80_20_ward_k62",3,169881,"CD161","no_detected_multimodality","neither test rejects in any seed",3,0,0,0,0.999217068354347,0.786993496748374,2,"stratified_5_percent_pass_audit"
"historical_80_20_ward_k62",3,169881,"CD185_CXCR5","ambiguous","discordant_tests;seed_instability",3,0,0,1,0.999217068354347,0.00450225112556278,2,"ambiguous"
"historical_80_20_ward_k62",3,169881,"CD1c","ambiguous","discordant_tests;seed_instability;borderline_q",3,0,0,2,0.999217068354347,0.00810405202601301,2,"ambiguous"
"historical_80_20_ward_k62",3,169881,"CD294_CRTH2","ambiguous","discordant_tests;seed_instability",3,0,0,1,0.999217068354347,0.0202601300650325,2,"ambiguous"
"historical_80_20_ward_k62",3,169881,"CD38","ambiguous","discordant_tests;seed_instability",3,0,0,1,0.999217068354347,0.00450225112556278,2,"ambiguous"
"historical_80_20_ward_k62",3,169881,"CD45RA","no_detected_multimodality","neither test rejects in any seed",3,0,0,0,0.999217068354347,0.303901950975488,2,"stratified_5_percent_pass_audit"
"historical_80_20_ward_k62",3,169881,"CD57","ambiguous","discordant_tests;seed_instability",3,1,1,3,0.0277583228928968,0,2,"ambiguous"
"historical_80_20_ward_k62",3,169881,"CD7","no_detected_multimodality","neither test rejects in any seed",3,0,0,0,0.999217068354347,0.505377688844422,2,"stratified_5_percent_pass_audit"
"historical_80_20_ward_k62",3,169881,"HLA-DR","no_detected_multimodality","neither test rejects in any seed",3,0,0,0,0.999217068354347,0.565932966483242,2,"stratified_5_percent_pass_audit"
"historical_80_20_ward_k62",3,169881,"Tbet","ambiguous","borderline_q",3,0,0,0,0.999217068354347,0.0506503251625813,2,"ambiguous"
"historical_80_20_ward_k62",4,400818,"CD14","no_detected_multimodality","neither test rejects in any seed",3,0,0,0,1,0.784517258629315,2,"stratified_5_percent_pass_audit"
"historical_80_20_ward_k62",4,400818,"CD3","no_detected_multimodality","neither test rejects in any seed",3,0,0,0,1,0.621310655327664,2,"stratified_5_percent_pass_audit"
"historical_80_20_ward_k62",4,400818,"CD56","no_detected_multimodality","neither test rejects in any seed",3,0,0,0,1,0.784517258629315,2,"stratified_5_percent_pass_audit"
"historical_80_20_ward_k62",5,374114,"CD159c_NKG2C","ambiguous","discordant_tests;seed_instability",3,0,0,2,0.441361074044174,0,2,"ambiguous"
"historical_80_20_ward_k62",5,374114,"CD16","detected_multimodality","both tests reject in at least two seeds",3,3,3,3,0,0,2,"detected_multimodality"
"historical_80_20_ward_k62",5,374114,"CD27","no_detected_multimodality","neither test rejects in any seed",3,0,0,0,1,0.68584292146073,2,"stratified_5_percent_pass_audit"
"historical_80_20_ward_k62",5,374114,"CD3","detected_multimodality","both tests reject in at least two seeds",3,3,3,3,0,0,2,"detected_multimodality"
"historical_80_20_ward_k62",5,374114,"CD4","no_detected_multimodality","neither test rejects in any seed",3,0,0,0,1,0.910017508754377,2,"stratified_5_percent_pass_audit"
"historical_80_20_ward_k62",5,374114,"CD56","ambiguous","discordant_tests;seed_instability",3,0,0,1,1,0,2,"ambiguous"
"historical_80_20_ward_k62",5,374114,"CD57","detected_multimodality","both tests reject in at least two seeds",3,3,3,3,0,0,2,"detected_multimodality"
"historical_80_20_ward_k62",5,374114,"CD7","ambiguous","discordant_tests;seed_instability",3,0,0,1,1,0.0297148574287144,2,"ambiguous"
"historical_80_20_ward_k62",5,374114,"CD8","ambiguous","borderline_q",3,0,0,0,1,0.0729364682341171,2,"ambiguous"
"historical_80_20_ward_k62",6,579267,"CD11c","no_detected_multimodality","neither test rejects in any seed",3,0,0,0,1,0.108054027013507,3,"stratified_5_percent_pass_audit"
"historical_80_20_ward_k62",6,579267,"CD16","no_detected_multimodality","neither test rejects in any seed",3,0,0,0,1,0.940070035017509,3,"stratified_5_percent_pass_audit"
"historical_80_20_ward_k62",6,579267,"CD1c","no_detected_multimodality","neither test rejects in any seed",3,0,0,0,1,0.839669834917459,3,"stratified_5_percent_pass_audit"
"historical_80_20_ward_k62",6,579267,"CD56","ambiguous","discordant_tests;seed_instability",3,1,1,3,0.0189953308882154,0,3,"ambiguous"
"historical_80_20_ward_k62",7,539001,"CD11c","ambiguous","discordant_tests;seed_instability",3,0,0,2,1,0.0135067533766883,3,"ambiguous"
"historical_80_20_ward_k62",7,539001,"CD159c_NKG2C","detected_multimodality","both tests reject in at least two seeds",3,3,3,3,0.00408724130555094,0,3,"detected_multimodality"
"historical_80_20_ward_k62",7,539001,"CD16","ambiguous","discordant_tests;seed_instability",3,0,0,2,1,0.0450225112556278,3,"ambiguous"
"historical_80_20_ward_k62",7,539001,"CD38","no_detected_multimodality","neither test rejects in any seed",3,0,0,0,1,0.548149074537269,3,"stratified_5_percent_pass_audit"
"historical_80_20_ward_k62",7,539001,"CD57","no_detected_multimodality","neither test rejects in any seed",3,0,0,0,1,0.69366826270278,3,"stratified_5_percent_pass_audit"
"historical_80_20_ward_k62",8,339294,"CD159c_NKG2C","ambiguous","discordant_tests;seed_instability",3,0,0,2,1,0,2,"ambiguous"
"historical_80_20_ward_k62",8,339294,"CD56","detected_multimodality","both tests reject in at least two seeds",3,2,2,3,0.000152539000896013,0,2,"detected_multimodality"
"historical_80_20_ward_k62",8,339294,"CD57","detected_multimodality","both tests reject in at least two seeds",3,3,3,3,0,0,2,"detected_multimodality"
"historical_80_20_ward_k62",9,936977,"CD161","no_detected_multimodality","neither test rejects in any seed",3,0,0,0,1,0.723455477738869,4,"stratified_5_percent_pass_audit"
"historical_80_20_ward_k62",9,936977,"CD27","no_detected_multimodality","neither test rejects in any seed",3,0,0,0,1,0.666895947973987,4,"stratified_5_percent_pass_audit"
"historical_80_20_ward_k62",9,936977,"CD45RA","detected_multimodality","both tests reject in at least two seeds",3,3,3,3,0,0,4,"detected_multimodality"
"historical_80_20_ward_k62",9,936977,"CD56","detected_multimodality","both tests reject in at least two seeds",3,3,3,3,0,0,4,"detected_multimodality"
"historical_80_20_ward_k62",10,290579,"CD11c","detected_multimodality","both tests reject in at least two seeds",3,3,3,3,0.00031365486301127,0,2,"detected_multimodality"
"historical_80_20_ward_k62",10,290579,"CD16","detected_multimodality","both tests reject in at least two seeds",3,3,3,3,0,0,2,"detected_multimodality"
"historical_80_20_ward_k62",10,290579,"CD1c","no_detected_multimodality","neither test rejects in any seed",3,0,0,0,1,0.922013638398147,2,"stratified_5_percent_pass_audit"
"historical_80_20_ward_k62",10,290579,"CD21","no_detected_multimodality","neither test rejects in any seed",3,0,0,0,1,0.922013638398147,2,"stratified_5_percent_pass_audit"
"historical_80_20_ward_k62",10,290579,"CD294_CRTH2","no_detected_multimodality","neither test rejects in any seed",3,0,0,0,1,0.951159790421527,2,"stratified_5_percent_pass_audit"
"historical_80_20_ward_k62",10,290579,"CD3","detected_multimodality","both tests reject in at least two seeds",3,3,3,3,0,0,2,"detected_multimodality"
"historical_80_20_ward_k62",10,290579,"CD56","detected_multimodality","both tests reject in at least two seeds",3,3,3,3,0,0,2,"detected_multimodality"
"historical_80_20_ward_k62",11,424413,"CD185_CXCR5","no_detected_multimodality","neither test rejects in any seed",3,0,0,0,1,0.770965482741371,3,"stratified_5_percent_pass_audit"
"historical_80_20_ward_k62",11,424413,"CD8","ambiguous","discordant_tests;seed_instability",3,0,0,1,1,0,3,"ambiguous"
"historical_80_20_ward_k62",11,424413,"TCRgd_CD141","no_detected_multimodality","neither test rejects in any seed",3,0,0,0,1,0.770965482741371,3,"stratified_5_percent_pass_audit"
"historical_80_20_ward_k62",12,385569,"CD11c","detected_multimodality","both tests reject in at least two seeds",3,3,3,3,0,0,2,"detected_multimodality"
"historical_80_20_ward_k62",12,385569,"CD56","detected_multimodality","both tests reject in at least two seeds",3,3,3,3,8.51540244062865e-05,0,2,"detected_multimodality"
"historical_80_20_ward_k62",12,385569,"CD8","ambiguous","discordant_tests",3,0,0,3,0.392264203860572,0,2,"ambiguous"
"historical_80_20_ward_k62",13,1290392,"CD161","ambiguous","borderline_q",3,0,0,0,0.998749875549083,0.0720360180090045,4,"ambiguous"
"historical_80_20_ward_k62",13,1290392,"CD185_CXCR5","no_detected_multimodality","neither test rejects in any seed",3,0,0,0,0.998749875549083,0.670835417708854,4,"stratified_5_percent_pass_audit"
"historical_80_20_ward_k62",13,1290392,"CD27","ambiguous","discordant_tests",3,0,0,3,0.132378655305338,0,4,"ambiguous"
"historical_80_20_ward_k62",13,1290392,"CD45RA","detected_multimodality","both tests reject in at least two seeds",3,2,2,3,0,0,4,"detected_multimodality"
"historical_80_20_ward_k62",13,1290392,"CD7","ambiguous","discordant_tests;seed_instability",3,0,0,1,0.998749875549083,0,4,"ambiguous"
"historical_80_20_ward_k62",13,1290392,"TCRgd_CD141","no_detected_multimodality","neither test rejects in any seed",3,0,0,0,0.998749875549083,0.553776888444222,4,"stratified_5_percent_pass_audit"
"historical_80_20_ward_k62",14,159733,"CD16","no_detected_multimodality","neither test rejects in any seed",3,0,0,0,1,0.586475055709673,1,"stratified_5_percent_pass_audit"
"historical_80_20_ward_k62",14,159733,"CD185_CXCR5","ambiguous","borderline_q",3,0,0,0,1,0.0936468234117059,1,"ambiguous"
"historical_80_20_ward_k62",14,159733,"CD1c","no_detected_multimodality","neither test rejects in any seed",3,0,0,0,1,0.583847479295203,1,"stratified_5_percent_pass_audit"
"historical_80_20_ward_k62",14,159733,"CD21","no_detected_multimodality","neither test rejects in any seed",3,0,0,0,1,0.977988994497249,1,"stratified_5_percent_pass_audit"
"historical_80_20_ward_k62",14,159733,"CD38","detected_multimodality","both tests reject in at least two seeds",3,3,3,3,0,0,1,"detected_multimodality"
"historical_80_20_ward_k62",14,159733,"CD45RA","ambiguous","discordant_tests;seed_instability",3,0,0,2,0.597645541087316,0,1,"ambiguous"
"historical_80_20_ward_k62",14,159733,"CD7","detected_multimodality","both tests reject in at least two seeds",3,3,3,3,0.00118359191573555,0,1,"detected_multimodality"
"historical_80_20_ward_k62",14,159733,"FoxP3","detected_multimodality","both tests reject in at least two seeds",3,3,3,3,0,0,1,"detected_multimodality"
"historical_80_20_ward_k62",15,566127,"CD161","detected_multimodality","both tests reject in at least two seeds",3,3,3,3,6.47854157485583e-05,0,3,"detected_multimodality"
"historical_80_20_ward_k62",15,566127,"CD27","detected_multimodality","both tests reject in at least two seeds",3,3,3,3,0,0,3,"detected_multimodality"
"historical_80_20_ward_k62",16,748192,"CD11c","no_detected_multimodality","neither test rejects in any seed",3,0,0,0,1,0.863204329437446,4,"stratified_5_percent_pass_audit"
"historical_80_20_ward_k62",16,748192,"CD127","ambiguous","borderline_q",3,0,0,0,1,0.0783391695847924,4,"ambiguous"
"historical_80_20_ward_k62",16,748192,"CD14","no_detected_multimodality","neither test rejects in any seed",3,0,0,0,1,0.290395197598799,4,"stratified_5_percent_pass_audit"
"historical_80_20_ward_k62",16,748192,"CD161","ambiguous","borderline_q",3,0,0,0,1,0.0742871435717859,4,"ambiguous"
"historical_80_20_ward_k62",16,748192,"CD27","detected_multimodality","both tests reject in at least two seeds",3,3,3,3,0,0,4,"detected_multimodality"
"historical_80_20_ward_k62",16,748192,"CD303_TCRvd2","ambiguous","discordant_tests;seed_instability",3,0,0,1,1,0.0135067533766883,4,"ambiguous"
"historical_80_20_ward_k62",16,748192,"CD4","ambiguous","discordant_tests;seed_instability",3,0,0,1,1,0.0360180090045022,4,"ambiguous"
"historical_80_20_ward_k62",16,748192,"CD56","no_detected_multimodality","neither test rejects in any seed",3,0,0,0,1,0.86612056028014,4,"stratified_5_percent_pass_audit"
"historical_80_20_ward_k62",17,140544,"CD161","detected_multimodality","both tests reject in at least two seeds",3,3,3,3,0,0,1,"detected_multimodality"
"historical_80_20_ward_k62",17,140544,"CD27","detected_multimodality","both tests reject in at least two seeds",3,3,3,3,0,0,1,"detected_multimodality"
"historical_80_20_ward_k62",17,140544,"CD3","no_detected_multimodality","neither test rejects in any seed",3,0,0,0,1,0.968484242121061,1,"stratified_5_percent_pass_audit"
"historical_80_20_ward_k62",17,140544,"CD56","detected_multimodality","both tests reject in at least two seeds",3,3,3,3,0,0,1,"detected_multimodality"
"historical_80_20_ward_k62",17,140544,"CD7","no_detected_multimodality","neither test rejects in any seed",3,0,0,0,1,0.265632816408204,1,"stratified_5_percent_pass_audit"
"historical_80_20_ward_k62",17,140544,"Tbet","no_detected_multimodality","neither test rejects in any seed",3,0,0,0,1,0.256628314157079,1,"stratified_5_percent_pass_audit"
"historical_80_20_ward_k62",18,703126,"CD127","ambiguous","discordant_tests;seed_instability",3,0,0,1,0.998231380692321,0.00337668834417209,3,"ambiguous"
"historical_80_20_ward_k62",18,703126,"CD16","detected_multimodality","both tests reject in at least two seeds",3,3,3,3,0,0,3,"detected_multimodality"
"historical_80_20_ward_k62",18,703126,"CD185_CXCR5","ambiguous","discordant_tests;seed_instability",3,0,0,2,0.621613456397705,0,3,"ambiguous"
"historical_80_20_ward_k62",18,703126,"CD197_CCR7","no_detected_multimodality","neither test rejects in any seed",3,0,0,0,0.998231380692321,0.41099120989066,3,"stratified_5_percent_pass_audit"
"historical_80_20_ward_k62",18,703126,"CD21","ambiguous","discordant_tests;borderline_q",3,0,0,3,0.0537869777742225,0,3,"ambiguous"
"historical_80_20_ward_k62",18,703126,"CD25","no_detected_multimodality","neither test rejects in any seed",3,0,0,0,0.998231380692321,0.465532766383192,3,"stratified_5_percent_pass_audit"
"historical_80_20_ward_k62",18,703126,"CD3","ambiguous","discordant_tests;seed_instability",3,0,0,1,0.998231380692321,0.0135067533766883,3,"ambiguous"
"historical_80_20_ward_k62",18,703126,"CD38","ambiguous","discordant_tests",3,0,0,3,0.621613456397705,0,3,"ambiguous"
"historical_80_20_ward_k62",18,703126,"CD45RA","ambiguous","discordant_tests;seed_instability",3,0,0,1,0.998231380692321,0.0270135067533767,3,"ambiguous"
"historical_80_20_ward_k62",18,703126,"CD8","no_detected_multimodality","neither test rejects in any seed",3,0,0,0,0.998231380692321,0.418709354677339,3,"stratified_5_percent_pass_audit"
"historical_80_20_ward_k62",19,270778,"CD11c","ambiguous","discordant_tests;seed_instability",3,0,0,2,0.998638975687585,0,2,"ambiguous"
"historical_80_20_ward_k62",19,270778,"CD19","no_detected_multimodality","neither test rejects in any seed",3,0,0,0,0.998638975687585,0.915957978989495,2,"stratified_5_percent_pass_audit"
"historical_80_20_ward_k62",19,270778,"CD56","ambiguous","discordant_tests;borderline_q",3,0,0,3,0.0633091903696943,0,2,"ambiguous"
"historical_80_20_ward_k62",19,270778,"CD7","ambiguous","discordant_tests;seed_instability",3,0,0,1,0.998638975687585,0.0168834417208604,2,"ambiguous"
"historical_80_20_ward_k62",19,270778,"Tbet","ambiguous","discordant_tests;seed_instability;borderline_q",3,0,0,2,0.998638975687585,0,2,"ambiguous"
"historical_80_20_ward_k62",20,184201,"CD185_CXCR5","no_detected_multimodality","neither test rejects in any seed",3,0,0,0,1,0.863204329437446,2,"stratified_5_percent_pass_audit"
"historical_80_20_ward_k62",20,184201,"CD197_CCR7","no_detected_multimodality","neither test rejects in any seed",3,0,0,0,1,0.863204329437446,2,"stratified_5_percent_pass_audit"
"historical_80_20_ward_k62",20,184201,"CD27","detected_multimodality","both tests reject in at least two seeds",3,3,3,3,0,0,2,"detected_multimodality"
"historical_80_20_ward_k62",20,184201,"CD303_TCRvd2","ambiguous","discordant_tests;seed_instability;borderline_q",3,0,0,1,1,0,2,"ambiguous"
"historical_80_20_ward_k62",20,184201,"CD4","detected_multimodality","both tests reject in at least two seeds",3,2,2,3,0.00183256578110108,0,2,"detected_multimodality"
"historical_80_20_ward_k62",20,184201,"FoxP3","no_detected_multimodality","neither test rejects in any seed",3,0,0,0,1,0.673649324662331,2,"stratified_5_percent_pass_audit"
"historical_80_20_ward_k62",21,1792139,"CD127","ambiguous","discordant_tests;seed_instability",3,0,0,2,0.417708866858809,0,4,"ambiguous"
"historical_80_20_ward_k62",21,1792139,"CD27","ambiguous","discordant_tests;seed_instability",3,1,1,3,0.000627282053013656,0,4,"ambiguous"
"historical_80_20_ward_k62",21,1792139,"Tbet","ambiguous","discordant_tests;seed_instability",3,0,0,1,1,0.0472736368184092,4,"ambiguous"
"historical_80_20_ward_k62",22,167693,"CD16","ambiguous","discordant_tests",3,0,0,3,0.540517462056443,0,1,"ambiguous"
"historical_80_20_ward_k62",22,167693,"CD185_CXCR5","no_detected_multimodality","neither test rejects in any seed",3,0,0,0,1,0.899238080578751,1,"stratified_5_percent_pass_audit"
"historical_80_20_ward_k62",22,167693,"CD56","ambiguous","discordant_tests",3,0,0,3,0.595282930949012,0,1,"ambiguous"
"historical_80_20_ward_k62",22,167693,"CD57","detected_multimodality","both tests reject in at least two seeds",3,3,3,3,0,0,1,"detected_multimodality"
"historical_80_20_ward_k62",22,167693,"FoxP3","no_detected_multimodality","neither test rejects in any seed",3,0,0,0,1,0.882915141781417,1,"stratified_5_percent_pass_audit"
"historical_80_20_ward_k62",22,167693,"TCRgd_CD141","no_detected_multimodality","neither test rejects in any seed",3,0,0,0,1,0.618416351032659,1,"stratified_5_percent_pass_audit"
"historical_80_20_ward_k62",23,29062,"CD11c","ambiguous","borderline_q",3,0,0,0,0.999813356488911,0.069853108372368,1,"ambiguous"
"historical_80_20_ward_k62",23,29062,"CD127","detected_multimodality","both tests reject in at least two seeds",3,3,3,3,0,0,1,"detected_multimodality"
"historical_80_20_ward_k62",23,29062,"CD159c_NKG2C","detected_multimodality","both tests reject in at least two seeds",3,3,3,3,0,0,1,"detected_multimodality"
"historical_80_20_ward_k62",23,29062,"CD161","detected_multimodality","both tests reject in at least two seeds",3,3,3,3,0,0,1,"detected_multimodality"
"historical_80_20_ward_k62",23,29062,"CD19","detected_multimodality","both tests reject in at least two seeds",3,3,3,3,0,0,1,"detected_multimodality"
"historical_80_20_ward_k62",23,29062,"CD27","detected_multimodality","both tests reject in at least two seeds",3,3,3,3,0,0,1,"detected_multimodality"
"historical_80_20_ward_k62",23,29062,"CD294_CRTH2","detected_multimodality","both tests reject in at least two seeds",3,3,3,3,0,0,1,"detected_multimodality"
"historical_80_20_ward_k62",23,29062,"CD3","ambiguous","discordant_tests",3,0,0,3,0.886930169083258,0,1,"ambiguous"
"historical_80_20_ward_k62",23,29062,"CD45RA","detected_multimodality","both tests reject in at least two seeds",3,2,2,3,0.00419110750995718,0,1,"detected_multimodality"
"historical_80_20_ward_k62",23,29062,"CD56","detected_multimodality","both tests reject in at least two seeds",3,2,2,3,0.00687138252185507,0,1,"detected_multimodality"
"historical_80_20_ward_k62",23,29062,"CD57","ambiguous","borderline_q",3,0,0,0,0.999813356488911,0.0678839419709855,1,"ambiguous"
"historical_80_20_ward_k62",23,29062,"HLA-DR","no_detected_multimodality","neither test rejects in any seed",3,0,0,0,0.999813356488911,0.463946258843708,1,"stratified_5_percent_pass_audit"
"historical_80_20_ward_k62",24,199766,"CD56","detected_multimodality","both tests reject in at least two seeds",3,3,3,3,0,0,2,"detected_multimodality"
"historical_80_20_ward_k62",24,199766,"CD8","no_detected_multimodality","neither test rejects in any seed",3,0,0,0,1,0.75487743871936,2,"stratified_5_percent_pass_audit"
"historical_80_20_ward_k62",24,199766,"FoxP3","ambiguous","discordant_tests;seed_instability",3,0,0,1,1,0.0337668834417209,2,"ambiguous"
"historical_80_20_ward_k62",25,942694,"CD197_CCR7","no_detected_multimodality","neither test rejects in any seed",3,0,0,0,1,0.640220110055028,4,"stratified_5_percent_pass_audit"
"historical_80_20_ward_k62",25,942694,"CD27","detected_multimodality","both tests reject in at least two seeds",3,3,3,3,0,0,4,"detected_multimodality"
"historical_80_20_ward_k62",25,942694,"CD7","ambiguous","discordant_tests;seed_instability",3,0,0,2,1,0.00675337668834417,4,"ambiguous"
"historical_80_20_ward_k62",26,179350,"CD11c","detected_multimodality","both tests reject in at least two seeds",3,3,3,3,0,0,2,"detected_multimodality"
"historical_80_20_ward_k62",26,179350,"CD16","no_detected_multimodality","neither test rejects in any seed",3,0,0,0,1,0.501438219109555,2,"stratified_5_percent_pass_audit"
"historical_80_20_ward_k62",26,179350,"CD19","ambiguous","discordant_tests",3,0,0,3,0.457562653586979,0,2,"ambiguous"
"historical_80_20_ward_k62",26,179350,"CD25","ambiguous","discordant_tests",3,0,0,3,0.721698586384498,0,2,"ambiguous"
"historical_80_20_ward_k62",26,179350,"CD303_TCRvd2","ambiguous","discordant_tests;seed_instability",3,0,0,1,1,0.0151950975487744,2,"ambiguous"
"historical_80_20_ward_k62",26,179350,"CD45RA","ambiguous","discordant_tests;seed_instability",3,0,0,2,1,0.0135067533766883,2,"ambiguous"
"historical_80_20_ward_k62",26,179350,"CD56","ambiguous","borderline_q",3,0,0,0,1,0.0574037018509255,2,"ambiguous"
"historical_80_20_ward_k62",26,179350,"CD57","ambiguous","discordant_tests;seed_instability;borderline_q",3,0,0,1,1,0.00964768098334882,2,"ambiguous"
"historical_80_20_ward_k62",26,179350,"HLA-DR","detected_multimodality","both tests reject in at least two seeds",3,3,3,3,0,0,2,"detected_multimodality"
"historical_80_20_ward_k62",26,179350,"TCRgd_CD141","ambiguous","discordant_tests;borderline_q",3,0,0,3,0.0542273121354806,0,2,"ambiguous"
"historical_80_20_ward_k62",27,250087,"CD161","detected_multimodality","both tests reject in at least two seeds",3,3,3,3,5.58712341451884e-05,0,2,"detected_multimodality"
"historical_80_20_ward_k62",27,250087,"CD3","detected_multimodality","both tests reject in at least two seeds",3,3,3,3,0,0,2,"detected_multimodality"
"historical_80_20_ward_k62",27,250087,"CD303_TCRvd2","no_detected_multimodality","neither test rejects in any seed",3,0,0,0,1,0.661830915457729,2,"stratified_5_percent_pass_audit"
"historical_80_20_ward_k62",27,250087,"CD4","detected_multimodality","both tests reject in at least two seeds",3,3,3,3,0,0,2,"detected_multimodality"
"historical_80_20_ward_k62",28,632482,"CD127","ambiguous","discordant_tests;seed_instability",3,0,0,1,0.439894309408805,0,3,"ambiguous"
"historical_80_20_ward_k62",28,632482,"CD27","detected_multimodality","both tests reject in at least two seeds",3,2,2,3,0.00483734073660125,0,3,"detected_multimodality"
"historical_80_20_ward_k62",28,632482,"FoxP3","no_detected_multimodality","neither test rejects in any seed",3,0,0,0,0.999687875858295,0.931965982991496,3,"stratified_5_percent_pass_audit"
"historical_80_20_ward_k62",28,632482,"Tbet","ambiguous","discordant_tests;seed_instability;borderline_q",3,1,1,2,0.020610580899059,0,3,"ambiguous"
"historical_80_20_ward_k62",29,407233,"CD16","ambiguous","borderline_q",3,0,0,0,0.999372019433309,0.0877938969484742,3,"ambiguous"
"historical_80_20_ward_k62",29,407233,"CD27","ambiguous","borderline_q",3,0,0,0,0.999372019433309,0.0877938969484742,3,"ambiguous"
"historical_80_20_ward_k62",29,407233,"CD3","no_detected_multimodality","neither test rejects in any seed",3,0,0,0,0.999372019433309,0.928464232116058,3,"stratified_5_percent_pass_audit"
"historical_80_20_ward_k62",29,407233,"CD303_TCRvd2","no_detected_multimodality","neither test rejects in any seed",3,0,0,0,0.999372019433309,0.192471235617809,3,"stratified_5_percent_pass_audit"
"historical_80_20_ward_k62",30,22279,"CD11c","ambiguous","borderline_q",3,0,0,0,0.997634319060016,0.0657328664332166,1,"ambiguous"
"historical_80_20_ward_k62",30,22279,"CD127","ambiguous","discordant_tests;seed_instability",3,0,0,1,0.523147978060681,0.00245577334121606,1,"ambiguous"
"historical_80_20_ward_k62",30,22279,"CD159c_NKG2C","ambiguous","discordant_tests",3,0,0,3,0.997634319060016,0.00491154668243212,1,"ambiguous"
"historical_80_20_ward_k62",30,22279,"CD16","ambiguous","borderline_q",3,0,0,0,0.997634319060016,0.0937527587323073,1,"ambiguous"
"historical_80_20_ward_k62",30,22279,"CD19","ambiguous","discordant_tests;seed_instability;borderline_q",3,0,0,2,0.868553400133959,0.00150075037518759,1,"ambiguous"
"historical_80_20_ward_k62",30,22279,"CD197_CCR7","ambiguous","discordant_tests;seed_instability",3,1,1,3,0.0440797435386518,0.00168834417208604,1,"ambiguous"
"historical_80_20_ward_k62",30,22279,"CD1c","ambiguous","borderline_q",3,0,0,0,0.997634319060016,0.0617451582934324,1,"ambiguous"
"historical_80_20_ward_k62",30,22279,"CD27","detected_multimodality","both tests reject in at least two seeds",3,3,3,3,0,0,1,"detected_multimodality"
"historical_80_20_ward_k62",30,22279,"CD294_CRTH2","ambiguous","discordant_tests;seed_instability",3,0,0,1,0.997634319060016,0.0173658257700279,1,"ambiguous"
"historical_80_20_ward_k62",30,22279,"CD3","detected_multimodality","both tests reject in at least two seeds",3,3,3,3,0,0,1,"detected_multimodality"
"historical_80_20_ward_k62",30,22279,"CD303_TCRvd2","ambiguous","discordant_tests",3,0,0,3,0.252206328025242,0,1,"ambiguous"
"historical_80_20_ward_k62",30,22279,"CD4","ambiguous","discordant_tests;seed_instability",3,0,0,2,0.682906622809259,0,1,"ambiguous"
"historical_80_20_ward_k62",30,22279,"CD45RA","detected_multimodality","both tests reject in at least two seeds",3,3,3,3,0.000290321848258146,0,1,"detected_multimodality"
"historical_80_20_ward_k62",30,22279,"CD56","detected_multimodality","both tests reject in at least two seeds",3,3,3,3,0,0,1,"detected_multimodality"
"historical_80_20_ward_k62",30,22279,"CD57","ambiguous","discordant_tests;borderline_q",3,0,0,3,0.0548038769955564,0,1,"ambiguous"
"historical_80_20_ward_k62",30,22279,"CD7","ambiguous","discordant_tests",3,0,0,3,0.472347958621525,0,1,"ambiguous"
"historical_80_20_ward_k62",30,22279,"Tbet","detected_multimodality","both tests reject in at least two seeds",3,3,3,3,0,0,1,"detected_multimodality"
"historical_80_20_ward_k62",30,22279,"TCRgd_CD141","ambiguous","discordant_tests;seed_instability",3,0,0,2,0.376545535896322,0,1,"ambiguous"
"historical_80_20_ward_k62",31,402265,"CD11c","no_detected_multimodality","neither test rejects in any seed",3,0,0,0,0.999102768621218,0.360180090045022,2,"stratified_5_percent_pass_audit"
"historical_80_20_ward_k62",31,402265,"CD127","ambiguous","discordant_tests;seed_instability;borderline_q",3,0,0,2,0.297733118635815,0,2,"ambiguous"
"historical_80_20_ward_k62",31,402265,"CD27","detected_multimodality","both tests reject in at least two seeds",3,3,3,3,0,0,2,"detected_multimodality"
"historical_80_20_ward_k62",31,402265,"CD38","no_detected_multimodality","neither test rejects in any seed",3,0,0,0,0.999102768621218,0.855427713856929,2,"stratified_5_percent_pass_audit"
"historical_80_20_ward_k62",31,402265,"CD45RA","detected_multimodality","both tests reject in at least two seeds",3,3,3,3,0,0,2,"detected_multimodality"
"historical_80_20_ward_k62",31,402265,"CD57","no_detected_multimodality","neither test rejects in any seed",3,0,0,0,0.999102768621218,0.855427713856929,2,"stratified_5_percent_pass_audit"
"historical_80_20_ward_k62",31,402265,"TCRgd_CD141","no_detected_multimodality","neither test rejects in any seed",3,0,0,0,0.999102768621218,0.815600107746181,2,"stratified_5_percent_pass_audit"
"historical_80_20_ward_k62",32,142224,"CD14","no_detected_multimodality","neither test rejects in any seed",3,0,0,0,0.999953483193281,0.71377996690653,1,"stratified_5_percent_pass_audit"
"historical_80_20_ward_k62",32,142224,"CD197_CCR7","no_detected_multimodality","neither test rejects in any seed",3,0,0,0,0.999953483193281,0.949974987493747,1,"stratified_5_percent_pass_audit"
"historical_80_20_ward_k62",32,142224,"CD1c","ambiguous","discordant_tests",3,0,0,3,0.147422056433323,0,1,"ambiguous"
"historical_80_20_ward_k62",32,142224,"CD38","no_detected_multimodality","neither test rejects in any seed",3,0,0,0,0.999953483193281,0.682091045522761,1,"stratified_5_percent_pass_audit"
"historical_80_20_ward_k62",32,142224,"CD56","detected_multimodality","both tests reject in at least two seeds",3,3,3,3,0,0,1,"detected_multimodality"
"historical_80_20_ward_k62",32,142224,"HLA-DR","ambiguous","borderline_q",3,0,0,0,0.999953483193281,0.0979239619809905,1,"ambiguous"
"historical_80_20_ward_k62",32,142224,"TCRgd_CD141","detected_multimodality","both tests reject in at least two seeds",3,3,3,3,0,0,1,"detected_multimodality"
"historical_80_20_ward_k62",33,2356568,"CD159c_NKG2C","no_detected_multimodality","neither test rejects in any seed",3,0,0,0,1,0.986993496748374,4,"stratified_5_percent_pass_audit"
"historical_80_20_ward_k62",33,2356568,"CD303_TCRvd2","no_detected_multimodality","neither test rejects in any seed",3,0,0,0,1,0.906882012434789,4,"stratified_5_percent_pass_audit"
"historical_80_20_ward_k62",34,216681,"CD25","no_detected_multimodality","neither test rejects in any seed",3,0,0,0,0.999107106573013,0.935467733866933,2,"stratified_5_percent_pass_audit"
"historical_80_20_ward_k62",35,156095,"CD11c","detected_multimodality","both tests reject in at least two seeds",3,3,3,3,0,0,1,"detected_multimodality"
"historical_80_20_ward_k62",35,156095,"CD127","detected_multimodality","both tests reject in at least two seeds",3,3,3,3,0,0,1,"detected_multimodality"
"historical_80_20_ward_k62",35,156095,"CD14","ambiguous","borderline_q",3,0,0,0,1,0.0996123061530765,1,"ambiguous"
"historical_80_20_ward_k62",35,156095,"CD159c_NKG2C","no_detected_multimodality","neither test rejects in any seed",3,0,0,0,1,0.402201100550275,1,"stratified_5_percent_pass_audit"
"historical_80_20_ward_k62",35,156095,"CD161","detected_multimodality","both tests reject in at least two seeds",3,2,2,3,0.000629349161542003,0,1,"detected_multimodality"
"historical_80_20_ward_k62",35,156095,"CD19","no_detected_multimodality","neither test rejects in any seed",3,0,0,0,1,0.616808404202101,1,"stratified_5_percent_pass_audit"
"historical_80_20_ward_k62",35,156095,"CD294_CRTH2","detected_multimodality","both tests reject in at least two seeds",3,3,3,3,0,0,1,"detected_multimodality"
"historical_80_20_ward_k62",35,156095,"CD3","detected_multimodality","both tests reject in at least two seeds",3,3,3,3,0,0,1,"detected_multimodality"
"historical_80_20_ward_k62",35,156095,"CD303_TCRvd2","no_detected_multimodality","neither test rejects in any seed",3,0,0,0,1,0.65218323447438,1,"stratified_5_percent_pass_audit"
"historical_80_20_ward_k62",35,156095,"CD38","detected_multimodality","both tests reject in at least two seeds",3,3,3,3,0,0,1,"detected_multimodality"
"historical_80_20_ward_k62",35,156095,"CD4","detected_multimodality","both tests reject in at least two seeds",3,3,3,3,0,0,1,"detected_multimodality"
"historical_80_20_ward_k62",35,156095,"CD45RA","no_detected_multimodality","neither test rejects in any seed",3,0,0,0,1,0.835797898949475,1,"stratified_5_percent_pass_audit"
"historical_80_20_ward_k62",35,156095,"CD57","no_detected_multimodality","neither test rejects in any seed",3,0,0,0,1,0.660986743371686,1,"stratified_5_percent_pass_audit"
"historical_80_20_ward_k62",36,799192,"Tbet","no_detected_multimodality","neither test rejects in any seed",3,0,0,0,1,0.850925462731366,4,"stratified_5_percent_pass_audit"
"historical_80_20_ward_k62",37,251259,"CD14","ambiguous","discordant_tests;seed_instability;borderline_q",3,0,0,1,1,0.0287018509254627,2,"ambiguous"
"historical_80_20_ward_k62",37,251259,"CD159c_NKG2C","no_detected_multimodality","neither test rejects in any seed",3,0,0,0,1,0.216108054027013,2,"stratified_5_percent_pass_audit"
"historical_80_20_ward_k62",37,251259,"CD161","detected_multimodality","both tests reject in at least two seeds",3,2,2,3,0.0090139187549696,0,2,"detected_multimodality"
"historical_80_20_ward_k62",37,251259,"CD197_CCR7","detected_multimodality","both tests reject in at least two seeds",3,3,3,3,0,0,2,"detected_multimodality"
"historical_80_20_ward_k62",37,251259,"CD27","detected_multimodality","both tests reject in at least two seeds",3,3,3,3,0,0,2,"detected_multimodality"
"historical_80_20_ward_k62",37,251259,"CD4","ambiguous","discordant_tests;borderline_q",3,0,0,3,0.0658909838114146,0,2,"ambiguous"
"historical_80_20_ward_k62",37,251259,"CD7","detected_multimodality","both tests reject in at least two seeds",3,2,2,3,0.00108106660578178,0,2,"detected_multimodality"
"historical_80_20_ward_k62",37,251259,"FoxP3","ambiguous","discordant_tests;seed_instability",3,0,0,1,1,0.0287018509254627,2,"ambiguous"
"historical_80_20_ward_k62",37,251259,"Tbet","ambiguous","discordant_tests;seed_instability",3,0,0,1,1,0.0287018509254627,2,"ambiguous"
"historical_80_20_ward_k62",37,251259,"TCRgd_CD141","ambiguous","borderline_q",3,0,0,0,1,0.0926177374401486,2,"ambiguous"
"historical_80_20_ward_k62",38,118692,"CD159c_NKG2C","ambiguous","discordant_tests;seed_instability",3,0,0,2,0.998660418691883,0.040520260130065,1,"ambiguous"
"historical_80_20_ward_k62",38,118692,"CD27","detected_multimodality","both tests reject in at least two seeds",3,3,3,3,0,0,1,"detected_multimodality"
"historical_80_20_ward_k62",38,118692,"CD303_TCRvd2","ambiguous","borderline_q",3,0,0,0,0.998660418691883,0.0967983991995998,1,"ambiguous"
"historical_80_20_ward_k62",38,118692,"CD4","ambiguous","borderline_q",3,0,0,0,0.998660418691883,0.0967983991995998,1,"ambiguous"
"historical_80_20_ward_k62",38,118692,"CD8","detected_multimodality","both tests reject in at least two seeds",3,3,3,3,0,0,1,"detected_multimodality"
"historical_80_20_ward_k62",38,118692,"HLA-DR","ambiguous","borderline_q",3,0,0,0,0.998660418691883,0.0967983991995998,1,"ambiguous"
"historical_80_20_ward_k62",39,582226,"CD159c_NKG2C","no_detected_multimodality","neither test rejects in any seed",3,0,0,0,1,0.342171085542771,3,"stratified_5_percent_pass_audit"
"historical_80_20_ward_k62",40,558385,"CD11c","ambiguous","discordant_tests;seed_instability",3,1,1,3,0.0123056594930698,0,3,"ambiguous"
"historical_80_20_ward_k62",40,558385,"CD127","no_detected_multimodality","neither test rejects in any seed",3,0,0,0,0.999015603676096,0.632887872507682,3,"stratified_5_percent_pass_audit"
"historical_80_20_ward_k62",40,558385,"CD14","no_detected_multimodality","neither test rejects in any seed",3,0,0,0,0.999015603676096,0.785321232044594,3,"stratified_5_percent_pass_audit"
"historical_80_20_ward_k62",40,558385,"CD45RA","no_detected_multimodality","neither test rejects in any seed",3,0,0,0,0.999015603676096,0.32416208104052,3,"stratified_5_percent_pass_audit"
"historical_80_20_ward_k62",40,558385,"CD56","no_detected_multimodality","neither test rejects in any seed",3,0,0,0,0.999015603676096,0.632887872507682,3,"stratified_5_percent_pass_audit"
"historical_80_20_ward_k62",40,558385,"CD7","no_detected_multimodality","neither test rejects in any seed",3,0,0,0,0.999015603676096,0.684985349817766,3,"stratified_5_percent_pass_audit"
"historical_80_20_ward_k62",41,1105195,"CD14","ambiguous","borderline_q",3,0,0,0,1,0.0972486243121561,4,"ambiguous"
"historical_80_20_ward_k62",41,1105195,"CD16","ambiguous","borderline_q",3,0,0,0,1,0.0540270135067534,4,"ambiguous"
"historical_80_20_ward_k62",41,1105195,"CD161","ambiguous","borderline_q",3,0,0,0,1,0.0972486243121561,4,"ambiguous"
"historical_80_20_ward_k62",41,1105195,"CD185_CXCR5","ambiguous","borderline_q",3,0,0,0,1,0.0972486243121561,4,"ambiguous"
"historical_80_20_ward_k62",41,1105195,"CD1c","ambiguous","borderline_q",3,0,0,0,1,0.0972486243121561,4,"ambiguous"
"historical_80_20_ward_k62",41,1105195,"CD303_TCRvd2","ambiguous","borderline_q",3,0,0,0,1,0.0675337668834417,4,"ambiguous"
"historical_80_20_ward_k62",41,1105195,"CD8","no_detected_multimodality","neither test rejects in any seed",3,0,0,0,1,0.928849039904568,4,"stratified_5_percent_pass_audit"
"historical_80_20_ward_k62",42,1970767,"CD16","no_detected_multimodality","neither test rejects in any seed",3,0,0,0,1,0.79866019966505,4,"stratified_5_percent_pass_audit"
"historical_80_20_ward_k62",42,1970767,"CD161","ambiguous","borderline_q",3,0,0,0,1,0.0607803901950975,4,"ambiguous"
"historical_80_20_ward_k62",42,1970767,"CD197_CCR7","ambiguous","borderline_q",3,0,0,0,1,0.0675337668834417,4,"ambiguous"
"historical_80_20_ward_k62",42,1970767,"CD1c","no_detected_multimodality","neither test rejects in any seed",3,0,0,0,1,0.79866019966505,4,"stratified_5_percent_pass_audit"
"historical_80_20_ward_k62",42,1970767,"CD21","no_detected_multimodality","neither test rejects in any seed",3,0,0,0,1,0.79866019966505,4,"stratified_5_percent_pass_audit"
"historical_80_20_ward_k62",42,1970767,"CD25","no_detected_multimodality","neither test rejects in any seed",3,0,0,0,1,0.79866019966505,4,"stratified_5_percent_pass_audit"
"historical_80_20_ward_k62",42,1970767,"CD27","detected_multimodality","both tests reject in at least two seeds",3,3,3,3,0,0,4,"detected_multimodality"
"historical_80_20_ward_k62",43,723330,"CD19","no_detected_multimodality","neither test rejects in any seed",3,0,0,0,1,0.821210605302651,3,"stratified_5_percent_pass_audit"
"historical_80_20_ward_k62",43,723330,"CD197_CCR7","ambiguous","discordant_tests;seed_instability;borderline_q",3,0,0,1,0.284749410526925,0,3,"ambiguous"
"historical_80_20_ward_k62",44,2646051,"CD303_TCRvd2","ambiguous","borderline_q",3,0,0,0,1,0.0810405202601301,4,"ambiguous"
"historical_80_20_ward_k62",44,2646051,"HLA-DR","no_detected_multimodality","neither test rejects in any seed",3,0,0,0,1,0.77663831915958,4,"stratified_5_percent_pass_audit"
"historical_80_20_ward_k62",45,144240,"CD57","detected_multimodality","both tests reject in at least two seeds",3,3,3,3,0.0121674274275527,0,1,"detected_multimodality"
"historical_80_20_ward_k62",46,807892,"CD3","no_detected_multimodality","neither test rejects in any seed",3,0,0,0,0.999111123901876,0.916003456273591,4,"stratified_5_percent_pass_audit"
"historical_80_20_ward_k62",47,109161,"CD14","ambiguous","discordant_tests",3,0,0,3,0.102698155055586,0,1,"ambiguous"
"historical_80_20_ward_k62",47,109161,"CD159c_NKG2C","detected_multimodality","both tests reject in at least two seeds",3,2,2,3,0.00555166457857936,0,1,"detected_multimodality"
"historical_80_20_ward_k62",47,109161,"CD25","ambiguous","discordant_tests;seed_instability",3,0,0,1,0.998243109134397,0.0300150075037519,1,"ambiguous"
"historical_80_20_ward_k62",47,109161,"CD27","detected_multimodality","both tests reject in at least two seeds",3,3,3,3,0,0,1,"detected_multimodality"
"historical_80_20_ward_k62",47,109161,"CD294_CRTH2","ambiguous","discordant_tests",3,0,0,3,0.140250036007865,0,1,"ambiguous"
"historical_80_20_ward_k62",47,109161,"CD3","detected_multimodality","both tests reject in at least two seeds",3,3,3,3,0,0,1,"detected_multimodality"
"historical_80_20_ward_k62",47,109161,"CD38","detected_multimodality","both tests reject in at least two seeds",3,3,3,3,0,0,1,"detected_multimodality"
"historical_80_20_ward_k62",47,109161,"CD4","no_detected_multimodality","neither test rejects in any seed",3,0,0,0,0.998243109134397,0.120060030015008,1,"stratified_5_percent_pass_audit"
"historical_80_20_ward_k62",47,109161,"CD45RA","detected_multimodality","both tests reject in at least two seeds",3,3,3,3,0,0,1,"detected_multimodality"
"historical_80_20_ward_k62",47,109161,"CD7","ambiguous","discordant_tests",3,0,0,3,0.281750117725181,0,1,"ambiguous"
"historical_80_20_ward_k62",47,109161,"CD8","no_detected_multimodality","neither test rejects in any seed",3,0,0,0,0.998243109134397,0.646394625884371,1,"stratified_5_percent_pass_audit"
"historical_80_20_ward_k62",48,2269558,"CD7","ambiguous","discordant_tests",3,0,0,3,0.114275205556398,0,4,"ambiguous"
"historical_80_20_ward_k62",49,594295,"CD161","no_detected_multimodality","neither test rejects in any seed",3,0,0,0,1,0.958979489744872,3,"stratified_5_percent_pass_audit"
"historical_80_20_ward_k62",50,21617,"CD11c","no_detected_multimodality","neither test rejects in any seed",3,0,0,0,1,0.905577788894447,1,"stratified_5_percent_pass_audit"
"historical_80_20_ward_k62",50,21617,"CD25","no_detected_multimodality","neither test rejects in any seed",3,0,0,0,1,0.557111889277972,1,"stratified_5_percent_pass_audit"
"historical_80_20_ward_k62",50,21617,"CD294_CRTH2","no_detected_multimodality","neither test rejects in any seed",3,0,0,0,1,0.855990495247624,1,"stratified_5_percent_pass_audit"
"historical_80_20_ward_k62",50,21617,"CD45RA","ambiguous","discordant_tests;seed_instability;borderline_q",3,1,1,3,0.000664535304074731,0,1,"ambiguous"
"historical_80_20_ward_k62",50,21617,"HLA-DR","detected_multimodality","both tests reject in at least two seeds",3,2,2,3,0.000664535304074731,0,1,"detected_multimodality"
"historical_80_20_ward_k62",51,3012669,"CD19","no_detected_multimodality","neither test rejects in any seed",3,0,0,0,1,0.414207103551776,4,"stratified_5_percent_pass_audit"
"historical_80_20_ward_k62",51,3012669,"CD38","no_detected_multimodality","neither test rejects in any seed",3,0,0,0,1,0.964768098334882,4,"stratified_5_percent_pass_audit"
"historical_80_20_ward_k62",51,3012669,"CD57","no_detected_multimodality","neither test rejects in any seed",3,0,0,0,1,0.414207103551776,4,"stratified_5_percent_pass_audit"
"historical_80_20_ward_k62",51,3012669,"CD7","no_detected_multimodality","neither test rejects in any seed",3,0,0,0,1,0.964768098334882,4,"stratified_5_percent_pass_audit"
"historical_80_20_ward_k62",52,400322,"CD197_CCR7","ambiguous","discordant_tests",3,0,0,3,0.99944564613724,0,2,"ambiguous"
"historical_80_20_ward_k62",52,400322,"Tbet","no_detected_multimodality","neither test rejects in any seed",3,0,0,0,0.99944564613724,0.92096048024012,2,"stratified_5_percent_pass_audit"
"historical_80_20_ward_k62",53,531511,"CD19","detected_multimodality","both tests reject in at least two seeds",3,3,3,3,0,0,3,"detected_multimodality"
"historical_80_20_ward_k62",53,531511,"CD27","no_detected_multimodality","neither test rejects in any seed",3,0,0,0,1,0.619509754877439,3,"stratified_5_percent_pass_audit"
"historical_80_20_ward_k62",53,531511,"CD4","no_detected_multimodality","neither test rejects in any seed",3,0,0,0,1,0.293289501893804,3,"stratified_5_percent_pass_audit"
"historical_80_20_ward_k62",53,531511,"HLA-DR","no_detected_multimodality","neither test rejects in any seed",3,0,0,0,1,0.449099549774887,3,"stratified_5_percent_pass_audit"
"historical_80_20_ward_k62",54,439498,"CD27","ambiguous","borderline_q",3,0,0,0,1,0.0675337668834417,3,"ambiguous"
"historical_80_20_ward_k62",55,975508,"CD127","ambiguous","discordant_tests;seed_instability;borderline_q",3,0,0,2,0.999815751498947,0.00900450225112556,4,"ambiguous"
"historical_80_20_ward_k62",55,975508,"CD159c_NKG2C","ambiguous","borderline_q",3,0,0,0,0.999815751498947,0.0675337668834417,4,"ambiguous"
"historical_80_20_ward_k62",55,975508,"CD1c","ambiguous","discordant_tests;seed_instability",3,0,0,1,0.999815751498947,0.00675337668834417,4,"ambiguous"
"historical_80_20_ward_k62",55,975508,"CD45RA","ambiguous","discordant_tests;seed_instability",3,0,0,2,0.999815751498947,0,4,"ambiguous"
"historical_80_20_ward_k62",56,1081168,"CD21","ambiguous","discordant_tests;seed_instability",3,1,1,3,0.037971921238744,0,4,"ambiguous"
"historical_80_20_ward_k62",56,1081168,"CD294_CRTH2","ambiguous","borderline_q",3,0,0,0,1,0.0742871435717859,4,"ambiguous"
"historical_80_20_ward_k62",56,1081168,"CD45RA","no_detected_multimodality","neither test rejects in any seed",3,0,0,0,1,0.81233473879797,4,"stratified_5_percent_pass_audit"
"historical_80_20_ward_k62",56,1081168,"FoxP3","no_detected_multimodality","neither test rejects in any seed",3,0,0,0,1,0.81233473879797,4,"stratified_5_percent_pass_audit"
"historical_80_20_ward_k62",57,303082,"CD127","no_detected_multimodality","neither test rejects in any seed",3,0,0,0,1,0.76280997641678,2,"stratified_5_percent_pass_audit"
"historical_80_20_ward_k62",57,303082,"CD38","ambiguous","discordant_tests",3,0,0,3,0.882722148088348,0,2,"ambiguous"
"historical_80_20_ward_k62",57,303082,"CD7","ambiguous","discordant_tests",3,0,0,3,0.882722148088348,0,2,"ambiguous"
"historical_80_20_ward_k62",58,147861,"CD11c","ambiguous","discordant_tests;seed_instability;borderline_q",3,1,1,2,0.0433566101053913,0,1,"ambiguous"
"historical_80_20_ward_k62",58,147861,"CD161","ambiguous","discordant_tests;seed_instability",3,0,0,1,0.999608108622816,0.0135067533766883,1,"ambiguous"
"historical_80_20_ward_k62",58,147861,"CD25","detected_multimodality","both tests reject in at least two seeds",3,3,3,3,0.00349888648968349,0,1,"detected_multimodality"
"historical_80_20_ward_k62",58,147861,"CD27","ambiguous","discordant_tests;seed_instability;borderline_q",3,0,0,1,0.999608108622816,0.00540270135067534,1,"ambiguous"
"historical_80_20_ward_k62",58,147861,"CD38","ambiguous","discordant_tests;seed_instability",3,1,1,3,0.0431519999124436,0,1,"ambiguous"
"historical_80_20_ward_k62",58,147861,"CD7","ambiguous","discordant_tests;seed_instability;borderline_q",3,0,0,2,0.684767313482121,0,1,"ambiguous"
"historical_80_20_ward_k62",58,147861,"FoxP3","detected_multimodality","both tests reject in at least two seeds",3,3,3,3,0,0,1,"detected_multimodality"
"historical_80_20_ward_k62",59,1459338,"CD127","no_detected_multimodality","neither test rejects in any seed",3,0,0,0,1,0.876177219044305,4,"stratified_5_percent_pass_audit"
"historical_80_20_ward_k62",59,1459338,"CD294_CRTH2","no_detected_multimodality","neither test rejects in any seed",3,0,0,0,1,0.844172086043022,4,"stratified_5_percent_pass_audit"
"historical_80_20_ward_k62",59,1459338,"CD4","no_detected_multimodality","neither test rejects in any seed",3,0,0,0,1,0.844172086043022,4,"stratified_5_percent_pass_audit"
"historical_80_20_ward_k62",60,674602,"CD11c","ambiguous","borderline_q",3,0,0,0,0.999913172617024,0.0540270135067534,3,"ambiguous"
"historical_80_20_ward_k62",60,674602,"Tbet","no_detected_multimodality","neither test rejects in any seed",3,0,0,0,0.999913172617024,0.59879939969985,3,"stratified_5_percent_pass_audit"
"historical_80_20_ward_k62",61,63382,"CD127","no_detected_multimodality","neither test rejects in any seed",3,0,0,0,1,0.985492746373187,1,"stratified_5_percent_pass_audit"
"historical_80_20_ward_k62",61,63382,"CD25","detected_multimodality","both tests reject in at least two seeds",3,3,3,3,0,0,1,"detected_multimodality"
"historical_80_20_ward_k62",61,63382,"CD27","detected_multimodality","both tests reject in at least two seeds",3,3,3,3,0,0,1,"detected_multimodality"
"historical_80_20_ward_k62",61,63382,"CD45RA","ambiguous","discordant_tests;seed_instability",3,0,0,1,1,0.0315157578789395,1,"ambiguous"
"historical_80_20_ward_k62",61,63382,"CD7","ambiguous","borderline_q",3,0,0,0,1,0.0630315157578789,1,"ambiguous"
"historical_80_20_ward_k62",62,143468,"CD25","detected_multimodality","both tests reject in at least two seeds",3,3,3,3,0,0,1,"detected_multimodality"
"historical_80_20_ward_k62",62,143468,"FoxP3","detected_multimodality","both tests reject in at least two seeds",3,3,3,3,0,0,1,"detected_multimodality"
"inflect_ward_k55",1,417259,"CD11c","ambiguous","discordant_tests;seed_instability",3,0,0,1,0.756040187655598,0.00675337668834417,3,"ambiguous"
"inflect_ward_k55",1,417259,"CD185_CXCR5","ambiguous","discordant_tests;seed_instability",3,0,0,2,0.998363645809778,0,3,"ambiguous"
"inflect_ward_k55",1,417259,"CD21","ambiguous","discordant_tests;seed_instability",3,0,0,1,0.998363645809778,0,3,"ambiguous"
"inflect_ward_k55",1,417259,"CD294_CRTH2","no_detected_multimodality","neither test rejects in any seed",3,0,0,0,0.998363645809778,0.65218323447438,3,"stratified_5_percent_pass_audit"
"inflect_ward_k55",1,417259,"CD38","ambiguous","discordant_tests;seed_instability",3,0,0,1,0.998363645809778,0.0337668834417209,3,"ambiguous"
"inflect_ward_k55",1,417259,"CD7","ambiguous","borderline_q",3,0,0,0,0.998363645809778,0.0607803901950975,3,"ambiguous"
"inflect_ward_k55",2,609686,"CD11c","detected_multimodality","both tests reject in at least two seeds",3,3,3,3,0,0,3,"detected_multimodality"
"inflect_ward_k55",2,609686,"CD161","ambiguous","borderline_q",3,0,0,0,1,0.0630315157578789,3,"ambiguous"
"inflect_ward_k55",2,609686,"CD38","ambiguous","discordant_tests;seed_instability",3,0,0,1,1,0.00450225112556278,3,"ambiguous"
"inflect_ward_k55",2,609686,"CD57","detected_multimodality","both tests reject in at least two seeds",3,3,3,3,0,0,3,"detected_multimodality"
"inflect_ward_k55",2,609686,"TCRgd_CD141","no_detected_multimodality","neither test rejects in any seed",3,0,0,0,1,0.655077538769385,3,"stratified_5_percent_pass_audit"
"inflect_ward_k55",3,438555,"CD14","no_detected_multimodality","neither test rejects in any seed",3,0,0,0,1,0.827435456858864,3,"stratified_5_percent_pass_audit"
"inflect_ward_k55",3,438555,"CD1c","ambiguous","borderline_q",3,0,0,0,1,0.0675337668834417,3,"ambiguous"
"inflect_ward_k55",3,438555,"CD3","no_detected_multimodality","neither test rejects in any seed",3,0,0,0,1,0.482866433216608,3,"stratified_5_percent_pass_audit"
"inflect_ward_k55",3,438555,"CD56","no_detected_multimodality","neither test rejects in any seed",3,0,0,0,1,0.744672336168084,3,"stratified_5_percent_pass_audit"
"inflect_ward_k55",3,438555,"CD57","detected_multimodality","both tests reject in at least two seeds",3,3,3,3,0,0,3,"detected_multimodality"
"inflect_ward_k55",4,302122,"CD159c_NKG2C","detected_multimodality","both tests reject in at least two seeds",3,3,3,3,0,0,3,"detected_multimodality"
"inflect_ward_k55",4,302122,"CD27","no_detected_multimodality","neither test rejects in any seed",3,0,0,0,0.999344629146269,0.77663831915958,3,"stratified_5_percent_pass_audit"
"inflect_ward_k55",4,302122,"CD57","detected_multimodality","both tests reject in at least two seeds",3,3,3,3,0,0,3,"detected_multimodality"
"inflect_ward_k55",4,302122,"CD8","no_detected_multimodality","neither test rejects in any seed",3,0,0,0,0.999344629146269,0.922095663216223,3,"stratified_5_percent_pass_audit"
"inflect_ward_k55",4,302122,"TCRgd_CD141","ambiguous","borderline_q",3,0,0,0,0.999344629146269,0.0585292646323162,3,"ambiguous"
"inflect_ward_k55",5,228900,"CD21","no_detected_multimodality","neither test rejects in any seed",3,0,0,0,0.999886325296437,0.696348174087044,2,"stratified_5_percent_pass_audit"
"inflect_ward_k55",5,228900,"CD3","detected_multimodality","both tests reject in at least two seeds",3,3,3,3,0,0,2,"detected_multimodality"
"inflect_ward_k55",5,228900,"CD57","detected_multimodality","both tests reject in at least two seeds",3,3,3,3,0,0,2,"detected_multimodality"
"inflect_ward_k55",6,331025,"CD11c","detected_multimodality","both tests reject in at least two seeds",3,2,2,3,0,0,3,"detected_multimodality"
"inflect_ward_k55",6,331025,"CD161","detected_multimodality","both tests reject in at least two seeds",3,2,2,3,0.000400567026429433,0,3,"detected_multimodality"
"inflect_ward_k55",6,331025,"CD185_CXCR5","ambiguous","borderline_q",3,0,0,0,0.998829420037642,0.0945472736368184,3,"ambiguous"
"inflect_ward_k55",6,331025,"CD3","detected_multimodality","both tests reject in at least two seeds",3,3,3,3,0,0,3,"detected_multimodality"
"inflect_ward_k55",6,331025,"CD4","ambiguous","borderline_q",3,0,0,0,0.998829420037642,0.0900450225112556,3,"ambiguous"
"inflect_ward_k55",6,331025,"CD56","ambiguous","discordant_tests;seed_instability",3,0,0,1,0.998829420037642,0.048624312156078,3,"ambiguous"
"inflect_ward_k55",6,331025,"CD57","ambiguous","discordant_tests",3,0,0,3,0.160022334414878,0,3,"ambiguous"
"inflect_ward_k55",6,331025,"CD7","ambiguous","discordant_tests;seed_instability",3,0,0,1,0.88080408152483,0.00270135067533767,3,"ambiguous"
"inflect_ward_k55",6,331025,"HLA-DR","no_detected_multimodality","neither test rejects in any seed",3,0,0,0,0.998829420037642,0.883133874629623,3,"stratified_5_percent_pass_audit"
"inflect_ward_k55",7,317695,"CD11c","ambiguous","discordant_tests;seed_instability;borderline_q",3,0,0,2,0.0786682064386643,0,3,"ambiguous"
"inflect_ward_k55",7,317695,"CD161","ambiguous","discordant_tests;seed_instability",3,0,0,2,0.585893726510552,0,3,"ambiguous"
"inflect_ward_k55",7,317695,"CD21","ambiguous","borderline_q",3,0,0,0,1,0.0675337668834417,3,"ambiguous"
"inflect_ward_k55",7,317695,"CD3","ambiguous","borderline_q",3,0,0,0,1,0.0607803901950975,3,"ambiguous"
"inflect_ward_k55",7,317695,"CD57","ambiguous","discordant_tests;seed_instability;borderline_q",3,0,0,2,0.138406155804282,0,3,"ambiguous"
"inflect_ward_k55",7,317695,"FoxP3","ambiguous","borderline_q",3,0,0,0,1,0.0607803901950975,3,"ambiguous"
"inflect_ward_k55",8,128303,"CD159c_NKG2C","ambiguous","discordant_tests;seed_instability",3,1,1,2,0.0240927597922941,0,2,"ambiguous"
"inflect_ward_k55",8,128303,"CD27","no_detected_multimodality","neither test rejects in any seed",3,0,0,0,1,0.808475666404631,2,"stratified_5_percent_pass_audit"
"inflect_ward_k55",8,128303,"CD56","no_detected_multimodality","neither test rejects in any seed",3,0,0,0,1,0.753001500750375,2,"stratified_5_percent_pass_audit"
"inflect_ward_k55",8,128303,"CD57","detected_multimodality","both tests reject in at least two seeds",3,3,3,3,0,0,2,"detected_multimodality"
"inflect_ward_k55",8,128303,"Tbet","no_detected_multimodality","neither test rejects in any seed",3,0,0,0,1,0.364682341170585,2,"stratified_5_percent_pass_audit"
"inflect_ward_k55",9,280345,"CD16","no_detected_multimodality","neither test rejects in any seed",3,0,0,0,1,0.308404202101051,2,"stratified_5_percent_pass_audit"
"inflect_ward_k55",9,280345,"CD1c","no_detected_multimodality","neither test rejects in any seed",3,0,0,0,1,0.905991457267095,2,"stratified_5_percent_pass_audit"
"inflect_ward_k55",9,280345,"CD3","no_detected_multimodality","neither test rejects in any seed",3,0,0,0,1,0.135067533766883,2,"stratified_5_percent_pass_audit"
"inflect_ward_k55",9,280345,"CD303_TCRvd2","no_detected_multimodality","neither test rejects in any seed",3,0,0,0,1,0.736637549544003,2,"stratified_5_percent_pass_audit"
"inflect_ward_k55",9,280345,"CD57","detected_multimodality","both tests reject in at least two seeds",3,3,3,3,0,0,2,"detected_multimodality"
"inflect_ward_k55",10,58949,"CD159c_NKG2C","detected_multimodality","both tests reject in at least two seeds",3,2,2,3,0.00252478244145837,0,1,"detected_multimodality"
"inflect_ward_k55",10,58949,"CD27","ambiguous","discordant_tests;seed_instability",3,0,0,1,0.998743622803651,0.0438969484742371,1,"ambiguous"
"inflect_ward_k55",10,58949,"CD45RA","no_detected_multimodality","neither test rejects in any seed",3,0,0,0,0.998743622803651,0.796898449224612,1,"stratified_5_percent_pass_audit"
"inflect_ward_k55",10,58949,"CD56","detected_multimodality","both tests reject in at least two seeds",3,2,2,3,0.00615282974653492,0,1,"detected_multimodality"
"inflect_ward_k55",10,58949,"CD57","ambiguous","discordant_tests",3,0,0,3,0.155527512183559,0,1,"ambiguous"
"inflect_ward_k55",10,58949,"TCRgd_CD141","no_detected_multimodality","neither test rejects in any seed",3,0,0,0,0.998743622803651,0.305590295147574,1,"stratified_5_percent_pass_audit"
"inflect_ward_k55",11,607557,"CD16","no_detected_multimodality","neither test rejects in any seed",3,0,0,0,1,0.966771847462193,3,"stratified_5_percent_pass_audit"
"inflect_ward_k55",11,607557,"CD161","no_detected_multimodality","neither test rejects in any seed",3,0,0,0,1,0.869834917458729,3,"stratified_5_percent_pass_audit"
"inflect_ward_k55",11,607557,"CD1c","no_detected_multimodality","neither test rejects in any seed",3,0,0,0,1,0.908022192914639,3,"stratified_5_percent_pass_audit"
"inflect_ward_k55",11,607557,"CD21","no_detected_multimodality","neither test rejects in any seed",3,0,0,0,1,0.869834917458729,3,"stratified_5_percent_pass_audit"
"inflect_ward_k55",11,607557,"CD45RA","ambiguous","discordant_tests;seed_instability",3,0,0,1,0.938539035363053,0.0135067533766883,3,"ambiguous"
"inflect_ward_k55",12,582601,"CD11c","ambiguous","seed_instability",3,1,1,1,0.0180189049084627,0,3,"ambiguous"
"inflect_ward_k55",12,582601,"CD159c_NKG2C","ambiguous","discordant_tests;seed_instability",3,0,0,1,1,0.0360180090045022,3,"ambiguous"
"inflect_ward_k55",12,582601,"CD16","ambiguous","borderline_q",3,0,0,0,1,0.0877938969484742,3,"ambiguous"
"inflect_ward_k55",12,582601,"CD161","detected_multimodality","both tests reject in at least two seeds",3,2,2,3,0.000581690689220427,0,3,"detected_multimodality"
"inflect_ward_k55",12,582601,"CD303_TCRvd2","no_detected_multimodality","neither test rejects in any seed",3,0,0,0,1,0.652826413206603,3,"stratified_5_percent_pass_audit"
"inflect_ward_k55",12,582601,"CD38","no_detected_multimodality","neither test rejects in any seed",3,0,0,0,1,0.413306653326663,3,"stratified_5_percent_pass_audit"
"inflect_ward_k55",12,582601,"CD57","ambiguous","discordant_tests;seed_instability",3,0,0,1,1,0.040520260130065,3,"ambiguous"
"inflect_ward_k55",12,582601,"FoxP3","no_detected_multimodality","neither test rejects in any seed",3,0,0,0,1,0.606678339169585,3,"stratified_5_percent_pass_audit"
"inflect_ward_k55",13,46765,"CD11c","ambiguous","discordant_tests;seed_instability;borderline_q",3,1,1,3,0.0133349710020544,0,1,"ambiguous"
"inflect_ward_k55",13,46765,"CD127","no_detected_multimodality","neither test rejects in any seed",3,0,0,0,0.99896605076619,0.408579289644822,1,"stratified_5_percent_pass_audit"
"inflect_ward_k55",13,46765,"CD14","no_detected_multimodality","neither test rejects in any seed",3,0,0,0,0.99896605076619,0.548374187093547,1,"stratified_5_percent_pass_audit"
"inflect_ward_k55",13,46765,"CD159c_NKG2C","ambiguous","borderline_q",3,0,0,0,0.99896605076619,0.0756378189094547,1,"ambiguous"
"inflect_ward_k55",13,46765,"CD161","ambiguous","discordant_tests;seed_instability",3,0,0,1,0.99896605076619,0.00337668834417209,1,"ambiguous"
"inflect_ward_k55",13,46765,"CD197_CCR7","ambiguous","borderline_q",3,0,0,0,0.99896605076619,0.0765382691345673,1,"ambiguous"
"inflect_ward_k55",13,46765,"CD3","detected_multimodality","both tests reject in at least two seeds",3,3,3,3,0,0,1,"detected_multimodality"
"inflect_ward_k55",13,46765,"CD4","ambiguous","borderline_q",3,0,0,0,0.99896605076619,0.0540270135067534,1,"ambiguous"
"inflect_ward_k55",13,46765,"CD56","ambiguous","discordant_tests;seed_instability;borderline_q",3,1,1,3,0.0179802826581822,0,1,"ambiguous"
"inflect_ward_k55",13,46765,"Tbet","ambiguous","borderline_q",3,0,0,0,0.99896605076619,0.0540270135067534,1,"ambiguous"
"inflect_ward_k55",14,277783,"CD11c","no_detected_multimodality","neither test rejects in any seed",3,0,0,0,1,0.95447723861931,2,"stratified_5_percent_pass_audit"
"inflect_ward_k55",14,277783,"CD159c_NKG2C","no_detected_multimodality","neither test rejects in any seed",3,0,0,0,1,0.830665332666333,2,"stratified_5_percent_pass_audit"
"inflect_ward_k55",14,277783,"CD57","detected_multimodality","both tests reject in at least two seeds",3,3,3,3,0,0,2,"detected_multimodality"
"inflect_ward_k55",14,277783,"CD8","no_detected_multimodality","neither test rejects in any seed",3,0,0,0,1,0.527991268361453,2,"stratified_5_percent_pass_audit"
"inflect_ward_k55",14,277783,"FoxP3","no_detected_multimodality","neither test rejects in any seed",3,0,0,0,1,0.527991268361453,2,"stratified_5_percent_pass_audit"
"inflect_ward_k55",14,277783,"HLA-DR","no_detected_multimodality","neither test rejects in any seed",3,0,0,0,1,0.830665332666333,2,"stratified_5_percent_pass_audit"
"inflect_ward_k55",15,330393,"CD127","no_detected_multimodality","neither test rejects in any seed",3,0,0,0,1,0.710069320374473,3,"stratified_5_percent_pass_audit"
"inflect_ward_k55",15,330393,"CD185_CXCR5","ambiguous","borderline_q",3,0,0,0,1,0.0675337668834417,3,"ambiguous"
"inflect_ward_k55",15,330393,"CD197_CCR7","no_detected_multimodality","neither test rejects in any seed",3,0,0,0,1,0.11615807903952,3,"stratified_5_percent_pass_audit"
"inflect_ward_k55",15,330393,"CD45RA","ambiguous","discordant_tests;seed_instability",3,0,0,2,0.160809706782303,0,3,"ambiguous"
"inflect_ward_k55",15,330393,"CD57","detected_multimodality","both tests reject in at least two seeds",3,3,3,3,0,0,3,"detected_multimodality"
"inflect_ward_k55",16,179840,"CD11c","ambiguous","discordant_tests;seed_instability",3,0,0,1,0.526169212634917,0,2,"ambiguous"
"inflect_ward_k55",16,179840,"CD294_CRTH2","no_detected_multimodality","neither test rejects in any seed",3,0,0,0,0.998282012252623,0.629414707353677,2,"stratified_5_percent_pass_audit"
"inflect_ward_k55",16,179840,"CD3","detected_multimodality","both tests reject in at least two seeds",3,3,3,3,0,0,2,"detected_multimodality"
"inflect_ward_k55",16,179840,"CD56","detected_multimodality","both tests reject in at least two seeds",3,3,3,3,0,0,2,"detected_multimodality"
"inflect_ward_k55",16,179840,"CD57","detected_multimodality","both tests reject in at least two seeds",3,3,3,3,0,0,2,"detected_multimodality"
"inflect_ward_k55",17,147051,"CD11c","ambiguous","discordant_tests;seed_instability",3,0,0,2,1,0.00900450225112556,2,"ambiguous"
"inflect_ward_k55",17,147051,"CD127","no_detected_multimodality","neither test rejects in any seed",3,0,0,0,1,0.420638890874008,2,"stratified_5_percent_pass_audit"
"inflect_ward_k55",17,147051,"CD14","no_detected_multimodality","neither test rejects in any seed",3,0,0,0,1,0.903331665832916,2,"stratified_5_percent_pass_audit"
"inflect_ward_k55",17,147051,"CD161","detected_multimodality","both tests reject in at least two seeds",3,3,3,3,0,0,2,"detected_multimodality"
"inflect_ward_k55",17,147051,"CD45RA","no_detected_multimodality","neither test rejects in any seed",3,0,0,0,1,0.524833845494176,2,"stratified_5_percent_pass_audit"
"inflect_ward_k55",17,147051,"CD56","detected_multimodality","both tests reject in at least two seeds",3,2,2,3,0.000377706133745548,0,2,"detected_multimodality"
"inflect_ward_k55",17,147051,"Tbet","ambiguous","discordant_tests;seed_instability;borderline_q",3,0,0,2,0.468313177156544,0,2,"ambiguous"
"inflect_ward_k55",18,132476,"CD159c_NKG2C","detected_multimodality","both tests reject in at least two seeds",3,3,3,3,8.32229686994479e-05,0,2,"detected_multimodality"
"inflect_ward_k55",18,132476,"CD45RA","ambiguous","discordant_tests;seed_instability",3,0,0,1,1,0.0135067533766883,2,"ambiguous"
"inflect_ward_k55",18,132476,"CD7","no_detected_multimodality","neither test rejects in any seed",3,0,0,0,1,0.297148574287144,2,"stratified_5_percent_pass_audit"
"inflect_ward_k55",19,28208,"CD16","no_detected_multimodality","neither test rejects in any seed",3,0,0,0,1,0.11255627813907,1,"stratified_5_percent_pass_audit"
"inflect_ward_k55",19,28208,"CD25","no_detected_multimodality","neither test rejects in any seed",3,0,0,0,1,0.753845672836418,1,"stratified_5_percent_pass_audit"
"inflect_ward_k55",19,28208,"CD38","ambiguous","borderline_q",3,0,0,0,1,0.0729364682341171,1,"ambiguous"
"inflect_ward_k55",19,28208,"CD56","ambiguous","discordant_tests;seed_instability",3,1,1,3,0.0481855195845883,0,1,"ambiguous"
"inflect_ward_k55",19,28208,"CD57","ambiguous","discordant_tests;seed_instability;borderline_q",3,0,0,1,1,0.0472736368184092,1,"ambiguous"
"inflect_ward_k55",19,28208,"CD8","no_detected_multimodality","neither test rejects in any seed",3,0,0,0,1,0.922095663216223,1,"stratified_5_percent_pass_audit"
"inflect_ward_k55",19,28208,"Tbet","ambiguous","discordant_tests;seed_instability",3,0,0,1,1,0.0472736368184092,1,"ambiguous"
"inflect_ward_k55",19,28208,"TCRgd_CD141","ambiguous","discordant_tests;seed_instability;borderline_q",3,0,0,1,1,0.040520260130065,1,"ambiguous"
"inflect_ward_k55",20,195943,"CD161","detected_multimodality","both tests reject in at least two seeds",3,3,3,3,0,0,2,"detected_multimodality"
"inflect_ward_k55",20,195943,"CD27","detected_multimodality","both tests reject in at least two seeds",3,3,3,3,0,0,2,"detected_multimodality"
"inflect_ward_k55",20,195943,"CD38","no_detected_multimodality","neither test rejects in any seed",3,0,0,0,1,0.909454727363682,2,"stratified_5_percent_pass_audit"
"inflect_ward_k55",20,195943,"CD57","no_detected_multimodality","neither test rejects in any seed",3,0,0,0,1,0.601050525262631,2,"stratified_5_percent_pass_audit"
"inflect_ward_k55",21,1888077,"CD14","no_detected_multimodality","neither test rejects in any seed",3,0,0,0,1,0.478524976774101,4,"stratified_5_percent_pass_audit"
"inflect_ward_k55",21,1888077,"CD27","detected_multimodality","both tests reject in at least two seeds",3,3,3,3,0,0,4,"detected_multimodality"
"inflect_ward_k55",21,1888077,"CD45RA","ambiguous","discordant_tests;seed_instability;borderline_q",3,0,0,1,0.708072469134815,0.0135067533766883,4,"ambiguous"
"inflect_ward_k55",21,1888077,"CD56","no_detected_multimodality","neither test rejects in any seed",3,0,0,0,1,0.568409204602301,4,"stratified_5_percent_pass_audit"
"inflect_ward_k55",21,1888077,"CD8","ambiguous","discordant_tests",3,0,0,3,0.708072469134815,0.0135067533766883,4,"ambiguous"
"inflect_ward_k55",21,1888077,"Tbet","detected_multimodality","both tests reject in at least two seeds",3,3,3,3,0,0,4,"detected_multimodality"
"inflect_ward_k55",21,1888077,"TCRgd_CD141","no_detected_multimodality","neither test rejects in any seed",3,0,0,0,1,0.447223611805903,4,"stratified_5_percent_pass_audit"
"inflect_ward_k55",22,122981,"CD161","detected_multimodality","both tests reject in at least two seeds",3,2,2,2,0.000301850735638709,0,2,"detected_multimodality"
"inflect_ward_k55",22,122981,"CD185_CXCR5","ambiguous","borderline_q",3,0,0,0,1,0.095381023845256,2,"ambiguous"
"inflect_ward_k55",22,122981,"CD38","detected_multimodality","both tests reject in at least two seeds",3,3,3,3,0,0,2,"detected_multimodality"
"inflect_ward_k55",22,122981,"CD45RA","ambiguous","discordant_tests",3,0,0,3,0.25725339855736,0,2,"ambiguous"
"inflect_ward_k55",22,122981,"CD7","detected_multimodality","both tests reject in at least two seeds",3,2,2,3,0.000149203288987598,0,2,"detected_multimodality"
"inflect_ward_k55",22,122981,"FoxP3","detected_multimodality","both tests reject in at least two seeds",3,3,3,3,0,0,2,"detected_multimodality"
"inflect_ward_k55",23,40140,"CD11c","ambiguous","borderline_q",3,0,0,0,0.999446143423585,0.0810405202601301,1,"ambiguous"
"inflect_ward_k55",23,40140,"CD159c_NKG2C","ambiguous","discordant_tests;seed_instability;borderline_q",3,1,1,3,0.0127563806456579,0,1,"ambiguous"
"inflect_ward_k55",23,40140,"CD16","ambiguous","borderline_q",3,0,0,0,0.999446143423585,0.0630315157578789,1,"ambiguous"
"inflect_ward_k55",23,40140,"CD1c","no_detected_multimodality","neither test rejects in any seed",3,0,0,0,0.999446143423585,0.761903679112284,1,"stratified_5_percent_pass_audit"
"inflect_ward_k55",23,40140,"CD21","no_detected_multimodality","neither test rejects in any seed",3,0,0,0,0.999446143423585,0.895767883941971,1,"stratified_5_percent_pass_audit"
"inflect_ward_k55",23,40140,"CD3","detected_multimodality","both tests reject in at least two seeds",3,3,3,3,0,0,1,"detected_multimodality"
"inflect_ward_k55",23,40140,"CD56","ambiguous","discordant_tests;seed_instability;borderline_q",3,0,0,2,0.999446143423585,0,1,"ambiguous"
"inflect_ward_k55",23,40140,"HLA-DR","no_detected_multimodality","neither test rejects in any seed",3,0,0,0,0.999446143423585,0.667233616808404,1,"stratified_5_percent_pass_audit"
"inflect_ward_k55",24,331660,"CD161","ambiguous","discordant_tests;seed_instability",3,0,0,1,1,0.00337668834417209,3,"ambiguous"
"inflect_ward_k55",24,331660,"CD19","no_detected_multimodality","neither test rejects in any seed",3,0,0,0,1,0.943221610805403,3,"stratified_5_percent_pass_audit"
"inflect_ward_k55",24,331660,"CD27","detected_multimodality","both tests reject in at least two seeds",3,3,3,3,0,0,3,"detected_multimodality"
"inflect_ward_k55",24,331660,"CD303_TCRvd2","detected_multimodality","both tests reject in at least two seeds",3,3,3,3,0,0,3,"detected_multimodality"
"inflect_ward_k55",24,331660,"CD57","no_detected_multimodality","neither test rejects in any seed",3,0,0,0,1,0.963654904375265,3,"stratified_5_percent_pass_audit"
"inflect_ward_k55",24,331660,"TCRgd_CD141","detected_multimodality","both tests reject in at least two seeds",3,3,3,3,0,0,3,"detected_multimodality"
"inflect_ward_k55",25,636588,"CD127","ambiguous","discordant_tests;seed_instability",3,0,0,1,0.998125265751586,0.040520260130065,4,"ambiguous"
"inflect_ward_k55",25,636588,"CD16","detected_multimodality","both tests reject in at least two seeds",3,3,3,3,0,0,4,"detected_multimodality"
"inflect_ward_k55",25,636588,"CD161","ambiguous","borderline_q",3,0,0,0,0.998125265751586,0.0855427713856929,4,"ambiguous"
"inflect_ward_k55",25,636588,"CD185_CXCR5","ambiguous","discordant_tests;seed_instability;borderline_q",3,0,0,2,0.998125265751586,0,4,"ambiguous"
"inflect_ward_k55",25,636588,"CD21","ambiguous","discordant_tests;seed_instability",3,1,1,3,0.035857985182815,0,4,"ambiguous"
"inflect_ward_k55",25,636588,"CD27","ambiguous","discordant_tests;seed_instability",3,0,0,1,0.998125265751586,0.040520260130065,4,"ambiguous"
"inflect_ward_k55",25,636588,"CD3","ambiguous","discordant_tests;seed_instability;borderline_q",3,0,0,1,0.998125265751586,0.00540270135067534,4,"ambiguous"
"inflect_ward_k55",25,636588,"CD38","ambiguous","discordant_tests;seed_instability",3,1,1,3,0.035857985182815,0,4,"ambiguous"
"inflect_ward_k55",25,636588,"CD4","ambiguous","discordant_tests;seed_instability",3,0,0,1,0.998125265751586,0.00675337668834417,4,"ambiguous"
"inflect_ward_k55",25,636588,"CD45RA","ambiguous","discordant_tests;seed_instability",3,0,0,1,0.371774071009977,0,4,"ambiguous"
"inflect_ward_k55",26,105074,"CD11c","ambiguous","discordant_tests;seed_instability",3,1,1,2,0.0324035985439265,0,1,"ambiguous"
"inflect_ward_k55",26,105074,"CD159c_NKG2C","detected_multimodality","both tests reject in at least two seeds",3,2,2,3,0.00615282974653492,0,1,"detected_multimodality"
"inflect_ward_k55",26,105074,"CD16","ambiguous","discordant_tests;seed_instability",3,0,0,1,0.999976717130583,0.0168834417208604,1,"ambiguous"
"inflect_ward_k55",26,105074,"CD161","no_detected_multimodality","neither test rejects in any seed",3,0,0,0,0.999976717130583,0.153976988494247,1,"stratified_5_percent_pass_audit"
"inflect_ward_k55",26,105074,"CD27","no_detected_multimodality","neither test rejects in any seed",3,0,0,0,0.999976717130583,0.706853426713357,1,"stratified_5_percent_pass_audit"
"inflect_ward_k55",26,105074,"CD3","detected_multimodality","both tests reject in at least two seeds",3,2,2,3,0.0217196765221209,0,1,"detected_multimodality"
"inflect_ward_k55",26,105074,"CD38","ambiguous","discordant_tests;seed_instability",3,0,0,1,0.999976717130583,0.032416208104052,1,"ambiguous"
"inflect_ward_k55",26,105074,"CD4","no_detected_multimodality","neither test rejects in any seed",3,0,0,0,0.999976717130583,0.77404086658714,1,"stratified_5_percent_pass_audit"
"inflect_ward_k55",26,105074,"CD57","detected_multimodality","both tests reject in at least two seeds",3,3,3,3,0,0,1,"detected_multimodality"
"inflect_ward_k55",26,105074,"FoxP3","no_detected_multimodality","neither test rejects in any seed",3,0,0,0,0.999976717130583,0.897448724362181,1,"stratified_5_percent_pass_audit"
"inflect_ward_k55",27,113765,"CD11c","no_detected_multimodality","neither test rejects in any seed",3,0,0,0,1,0.393625384120632,1,"stratified_5_percent_pass_audit"
"inflect_ward_k55",27,113765,"CD16","ambiguous","discordant_tests;seed_instability",3,0,0,1,0.926674795669365,0,1,"ambiguous"
"inflect_ward_k55",27,113765,"CD161","detected_multimodality","both tests reject in at least two seeds",3,3,3,3,0,0,1,"detected_multimodality"
"inflect_ward_k55",27,113765,"CD294_CRTH2","no_detected_multimodality","neither test rejects in any seed",3,0,0,0,1,0.997498749374687,1,"stratified_5_percent_pass_audit"
"inflect_ward_k55",27,113765,"CD303_TCRvd2","detected_multimodality","both tests reject in at least two seeds",3,3,3,3,0,0,1,"detected_multimodality"
"inflect_ward_k55",27,113765,"CD45RA","ambiguous","discordant_tests;seed_instability",3,1,1,3,0.00339148718361948,0,1,"ambiguous"
"inflect_ward_k55",27,113765,"TCRgd_CD141","ambiguous","discordant_tests;borderline_q",3,0,0,3,0.057347142216369,0,1,"ambiguous"
"inflect_ward_k55",28,100069,"CD159c_NKG2C","no_detected_multimodality","neither test rejects in any seed",3,0,0,0,1,0.922781390695348,1,"stratified_5_percent_pass_audit"
"inflect_ward_k55",28,100069,"CD16","ambiguous","borderline_q",3,0,0,0,1,0.0855427713856929,1,"ambiguous"
"inflect_ward_k55",28,100069,"CD185_CXCR5","no_detected_multimodality","neither test rejects in any seed",3,0,0,0,1,0.973005733636049,1,"stratified_5_percent_pass_audit"
"inflect_ward_k55",28,100069,"CD56","detected_multimodality","both tests reject in at least two seeds",3,3,3,3,5.82489873495184e-05,0,1,"detected_multimodality"
"inflect_ward_k55",28,100069,"CD57","ambiguous","discordant_tests;seed_instability;borderline_q",3,1,1,2,0.0222200141424819,0,1,"ambiguous"
"inflect_ward_k55",29,88785,"CD127","ambiguous","discordant_tests;seed_instability;borderline_q",3,0,0,2,0.814767130557658,0,1,"ambiguous"
"inflect_ward_k55",29,88785,"CD14","ambiguous","discordant_tests;seed_instability",3,1,1,3,0.0126573070795813,0,1,"ambiguous"
"inflect_ward_k55",29,88785,"CD161","ambiguous","discordant_tests;seed_instability",3,1,1,3,0.0126573070795813,0,1,"ambiguous"
"inflect_ward_k55",29,88785,"CD185_CXCR5","ambiguous","discordant_tests",3,0,0,3,0.176795804541541,0,1,"ambiguous"
"inflect_ward_k55",29,88785,"CD27","ambiguous","borderline_q",3,0,0,0,1,0.0945472736368184,1,"ambiguous"
"inflect_ward_k55",29,88785,"CD38","detected_multimodality","both tests reject in at least two seeds",3,3,3,3,0,0,1,"detected_multimodality"
"inflect_ward_k55",29,88785,"CD45RA","ambiguous","borderline_q",3,0,0,0,1,0.0928589294647324,1,"ambiguous"
"inflect_ward_k55",29,88785,"CD7","ambiguous","discordant_tests;seed_instability;borderline_q",3,0,0,2,0.752813413883016,0,1,"ambiguous"
"inflect_ward_k55",29,88785,"Tbet","detected_multimodality","both tests reject in at least two seeds",3,3,3,3,0,0,1,"detected_multimodality"
"inflect_ward_k55",30,492309,"CD161","ambiguous","borderline_q",3,0,0,0,1,0.0513256628314157,3,"ambiguous"
"inflect_ward_k55",30,492309,"CD21","ambiguous","discordant_tests;seed_instability",3,0,0,1,1,0.0438969484742371,3,"ambiguous"
"inflect_ward_k55",30,492309,"CD27","detected_multimodality","both tests reject in at least two seeds",3,3,3,3,0,0,3,"detected_multimodality"
"inflect_ward_k55",30,492309,"CD303_TCRvd2","detected_multimodality","both tests reject in at least two seeds",3,3,3,3,0,0,3,"detected_multimodality"
"inflect_ward_k55",30,492309,"CD7","no_detected_multimodality","neither test rejects in any seed",3,0,0,0,1,0.662731365682842,3,"stratified_5_percent_pass_audit"
"inflect_ward_k55",30,492309,"TCRgd_CD141","detected_multimodality","both tests reject in at least two seeds",3,3,3,3,0,0,3,"detected_multimodality"
"inflect_ward_k55",31,336733,"CD11c","no_detected_multimodality","neither test rejects in any seed",3,0,0,0,0.999348968558779,0.599924962481241,3,"stratified_5_percent_pass_audit"
"inflect_ward_k55",31,336733,"CD161","detected_multimodality","both tests reject in at least two seeds",3,2,2,3,8.48272976001763e-05,0,3,"detected_multimodality"
"inflect_ward_k55",31,336733,"CD27","detected_multimodality","both tests reject in at least two seeds",3,3,3,3,0,0,3,"detected_multimodality"
"inflect_ward_k55",31,336733,"CD45RA","no_detected_multimodality","neither test rejects in any seed",3,0,0,0,0.999348968558779,0.675337668834417,3,"stratified_5_percent_pass_audit"
"inflect_ward_k55",32,215648,"CD11c","ambiguous","discordant_tests;seed_instability;borderline_q",3,0,0,1,0.657523378418075,0.0101300650325163,2,"ambiguous"
"inflect_ward_k55",32,215648,"CD159c_NKG2C","ambiguous","borderline_q",3,0,0,0,0.999850529943704,0.0729364682341171,2,"ambiguous"
"inflect_ward_k55",32,215648,"CD185_CXCR5","no_detected_multimodality","neither test rejects in any seed",3,0,0,0,0.999850529943704,0.803651825912956,2,"stratified_5_percent_pass_audit"
"inflect_ward_k55",32,215648,"CD19","no_detected_multimodality","neither test rejects in any seed",3,0,0,0,0.999850529943704,0.803651825912956,2,"stratified_5_percent_pass_audit"
"inflect_ward_k55",32,215648,"CD3","detected_multimodality","both tests reject in at least two seeds",3,3,3,3,0,0,2,"detected_multimodality"
"inflect_ward_k55",32,215648,"CD303_TCRvd2","ambiguous","discordant_tests;seed_instability",3,1,1,3,0.0255653258120919,0,2,"ambiguous"
"inflect_ward_k55",32,215648,"CD57","detected_multimodality","both tests reject in at least two seeds",3,3,3,3,0,0,2,"detected_multimodality"
"inflect_ward_k55",32,215648,"Tbet","ambiguous","borderline_q",3,0,0,0,0.999850529943704,0.0709104552276138,2,"ambiguous"
"inflect_ward_k55",32,215648,"TCRgd_CD141","no_detected_multimodality","neither test rejects in any seed",3,0,0,0,0.999850529943704,0.796898449224612,2,"stratified_5_percent_pass_audit"
"inflect_ward_k55",33,726106,"CD27","detected_multimodality","both tests reject in at least two seeds",3,3,3,3,0,0,4,"detected_multimodality"
"inflect_ward_k55",33,726106,"CD3","detected_multimodality","both tests reject in at least two seeds",3,2,2,3,0.00322076254956111,0,4,"detected_multimodality"
"inflect_ward_k55",33,726106,"CD303_TCRvd2","ambiguous","discordant_tests",3,0,0,3,0.596845937190761,0,4,"ambiguous"
"inflect_ward_k55",33,726106,"CD38","ambiguous","discordant_tests;seed_instability",3,0,0,1,0.999065407795411,0,4,"ambiguous"
"inflect_ward_k55",33,726106,"CD45RA","detected_multimodality","both tests reject in at least two seeds",3,3,3,3,0,0,4,"detected_multimodality"
"inflect_ward_k55",33,726106,"FoxP3","no_detected_multimodality","neither test rejects in any seed",3,0,0,0,0.999065407795411,0.473636818409205,4,"stratified_5_percent_pass_audit"
"inflect_ward_k55",33,726106,"Tbet","detected_multimodality","both tests reject in at least two seeds",3,3,3,3,0,0,4,"detected_multimodality"
"inflect_ward_k55",34,77690,"CD127","ambiguous","discordant_tests;seed_instability",3,0,0,1,1,0,1,"ambiguous"
"inflect_ward_k55",34,77690,"CD27","ambiguous","discordant_tests",3,0,0,3,1,0,1,"ambiguous"
"inflect_ward_k55",34,77690,"CD4","ambiguous","discordant_tests;seed_instability",3,0,0,1,1,0.00450225112556278,1,"ambiguous"
"inflect_ward_k55",34,77690,"Tbet","ambiguous","discordant_tests;seed_instability",3,0,0,1,1,0.0303901950975488,1,"ambiguous"
"inflect_ward_k55",35,1019805,"CD16","no_detected_multimodality","neither test rejects in any seed",3,0,0,0,1,0.877938969484742,4,"stratified_5_percent_pass_audit"
"inflect_ward_k55",35,1019805,"CD185_CXCR5","ambiguous","discordant_tests;seed_instability;borderline_q",3,0,0,2,0.0780979533216583,0.00900450225112556,4,"ambiguous"
"inflect_ward_k55",35,1019805,"CD19","detected_multimodality","both tests reject in at least two seeds",3,3,3,3,9.7847813266827e-05,0,4,"detected_multimodality"
"inflect_ward_k55",35,1019805,"CD197_CCR7","ambiguous","discordant_tests;seed_instability",3,0,0,1,1,0,4,"ambiguous"
"inflect_ward_k55",35,1019805,"CD1c","no_detected_multimodality","neither test rejects in any seed",3,0,0,0,1,0.668584292146073,4,"stratified_5_percent_pass_audit"
"inflect_ward_k55",35,1019805,"CD21","detected_multimodality","both tests reject in at least two seeds",3,3,3,3,0,0,4,"detected_multimodality"
"inflect_ward_k55",35,1019805,"CD25","no_detected_multimodality","neither test rejects in any seed",3,0,0,0,1,0.627613806903452,4,"stratified_5_percent_pass_audit"
"inflect_ward_k55",35,1019805,"CD7","no_detected_multimodality","neither test rejects in any seed",3,0,0,0,1,0.688257172064293,4,"stratified_5_percent_pass_audit"
"inflect_ward_k55",36,4272277,"CD127","no_detected_multimodality","neither test rejects in any seed",3,0,0,0,0.998216345290272,0.754127063531766,4,"stratified_5_percent_pass_audit"
"inflect_ward_k55",36,4272277,"CD19","no_detected_multimodality","neither test rejects in any seed",3,0,0,0,0.998216345290272,0.542971485742871,4,"stratified_5_percent_pass_audit"
"inflect_ward_k55",36,4272277,"CD197_CCR7","detected_multimodality","both tests reject in at least two seeds",3,3,3,3,0,0,4,"detected_multimodality"
"inflect_ward_k55",36,4272277,"CD294_CRTH2","no_detected_multimodality","neither test rejects in any seed",3,0,0,0,0.998216345290272,0.821210605302651,4,"stratified_5_percent_pass_audit"
"inflect_ward_k55",36,4272277,"CD3","no_detected_multimodality","neither test rejects in any seed",3,0,0,0,0.998216345290272,0.246498249124562,4,"stratified_5_percent_pass_audit"
"inflect_ward_k55",36,4272277,"CD38","no_detected_multimodality","neither test rejects in any seed",3,0,0,0,0.998216345290272,0.88344172086043,4,"stratified_5_percent_pass_audit"
"inflect_ward_k55",36,4272277,"CD45RA","detected_multimodality","both tests reject in at least two seeds",3,3,3,3,0,0,4,"detected_multimodality"
"inflect_ward_k55",36,4272277,"CD57","no_detected_multimodality","neither test rejects in any seed",3,0,0,0,0.998216345290272,0.821210605302651,4,"stratified_5_percent_pass_audit"
"inflect_ward_k55",37,413636,"CD16","ambiguous","borderline_q",3,0,0,0,1,0.0945472736368184,3,"ambiguous"
"inflect_ward_k55",37,413636,"CD185_CXCR5","no_detected_multimodality","neither test rejects in any seed",3,0,0,0,1,0.916838419209605,3,"stratified_5_percent_pass_audit"
"inflect_ward_k55",37,413636,"CD4","no_detected_multimodality","neither test rejects in any seed",3,0,0,0,1,0.700100050025013,3,"stratified_5_percent_pass_audit"
"inflect_ward_k55",37,413636,"Tbet","no_detected_multimodality","neither test rejects in any seed",3,0,0,0,1,0.883341670835418,3,"stratified_5_percent_pass_audit"
"inflect_ward_k55",38,22279,"CD11c","ambiguous","discordant_tests;seed_instability;borderline_q",3,0,0,1,0.179001830437515,0.00150075037518759,1,"ambiguous"
"inflect_ward_k55",38,22279,"CD159c_NKG2C","ambiguous","discordant_tests",3,0,0,3,0.997536645391558,0.00270135067533767,1,"ambiguous"
"inflect_ward_k55",38,22279,"CD16","ambiguous","discordant_tests;seed_instability",3,0,0,2,0.922567349859666,0.037403317043137,1,"ambiguous"
"inflect_ward_k55",38,22279,"CD185_CXCR5","ambiguous","discordant_tests;seed_instability",3,0,0,1,0.997536645391558,0.0225112556278139,1,"ambiguous"
"inflect_ward_k55",38,22279,"CD19","ambiguous","discordant_tests;seed_instability;borderline_q",3,0,0,2,0.922567349859666,0.00900450225112556,1,"ambiguous"
"inflect_ward_k55",38,22279,"CD197_CCR7","ambiguous","discordant_tests;borderline_q",3,0,0,3,0.0852581891738445,0,1,"ambiguous"
"inflect_ward_k55",38,22279,"CD21","ambiguous","discordant_tests;seed_instability",3,0,0,1,0.997536645391558,0.0444928346526204,1,"ambiguous"
"inflect_ward_k55",38,22279,"CD25","ambiguous","borderline_q",3,0,0,0,0.997536645391558,0.0658454227113557,1,"ambiguous"
"inflect_ward_k55",38,22279,"CD27","detected_multimodality","both tests reject in at least two seeds",3,3,3,3,0,0,1,"detected_multimodality"
"inflect_ward_k55",38,22279,"CD3","detected_multimodality","both tests reject in at least two seeds",3,3,3,3,0,0,1,"detected_multimodality"
"inflect_ward_k55",38,22279,"CD303_TCRvd2","ambiguous","discordant_tests",3,0,0,3,0.268911591291192,0,1,"ambiguous"
"inflect_ward_k55",38,22279,"CD38","ambiguous","discordant_tests;seed_instability",3,0,0,1,0.997536645391558,0.0444928346526204,1,"ambiguous"
"inflect_ward_k55",38,22279,"CD4","ambiguous","discordant_tests;seed_instability",3,0,0,2,0.228119504646674,0,1,"ambiguous"
"inflect_ward_k55",38,22279,"CD45RA","detected_multimodality","both tests reject in at least two seeds",3,2,2,3,0.00168572634700519,0,1,"detected_multimodality"
"inflect_ward_k55",38,22279,"CD56","detected_multimodality","both tests reject in at least two seeds",3,3,3,3,0,0,1,"detected_multimodality"
"inflect_ward_k55",38,22279,"CD57","ambiguous","discordant_tests",3,0,0,3,0.905873302521831,0.00192953619666976,1,"ambiguous"
"inflect_ward_k55",38,22279,"CD7","ambiguous","discordant_tests;seed_instability",3,1,1,3,0.0385976638888276,0,1,"ambiguous"
"inflect_ward_k55",38,22279,"HLA-DR","ambiguous","discordant_tests;seed_instability;borderline_q",3,0,0,2,0.997536645391558,0.00675337668834417,1,"ambiguous"
"inflect_ward_k55",38,22279,"Tbet","detected_multimodality","both tests reject in at least two seeds",3,3,3,3,0,0,1,"detected_multimodality"
"inflect_ward_k55",38,22279,"TCRgd_CD141","ambiguous","discordant_tests;seed_instability",3,0,0,2,0.905873302521831,0.0319250534358088,1,"ambiguous"
"inflect_ward_k55",39,1093840,"CD21","no_detected_multimodality","neither test rejects in any seed",3,0,0,0,1,0.922615153730712,4,"stratified_5_percent_pass_audit"
"inflect_ward_k55",39,1093840,"CD27","detected_multimodality","both tests reject in at least two seeds",3,3,3,3,0,0,4,"detected_multimodality"
"inflect_ward_k55",39,1093840,"CD303_TCRvd2","no_detected_multimodality","neither test rejects in any seed",3,0,0,0,1,0.775794147073537,4,"stratified_5_percent_pass_audit"
"inflect_ward_k55",40,101917,"CD11c","detected_multimodality","both tests reject in at least two seeds",3,3,3,3,0,0,1,"detected_multimodality"
"inflect_ward_k55",40,101917,"CD19","no_detected_multimodality","neither test rejects in any seed",3,0,0,0,0.998431698888462,0.289644822411206,1,"stratified_5_percent_pass_audit"
"inflect_ward_k55",40,101917,"CD1c","detected_multimodality","both tests reject in at least two seeds",3,3,3,3,0,0,1,"detected_multimodality"
"inflect_ward_k55",40,101917,"CD38","no_detected_multimodality","neither test rejects in any seed",3,0,0,0,0.998431698888462,0.289644822411206,1,"stratified_5_percent_pass_audit"
"inflect_ward_k55",40,101917,"CD45RA","ambiguous","discordant_tests;seed_instability",3,0,0,2,0.998431698888462,0.00450225112556278,1,"ambiguous"
"inflect_ward_k55",40,101917,"CD56","ambiguous","discordant_tests;borderline_q",3,0,0,3,0.0881317390114754,0,1,"ambiguous"
"inflect_ward_k55",40,101917,"CD57","no_detected_multimodality","neither test rejects in any seed",3,0,0,0,0.998431698888462,0.565782891445723,1,"stratified_5_percent_pass_audit"
"inflect_ward_k55",40,101917,"HLA-DR","detected_multimodality","both tests reject in at least two seeds",3,3,3,3,4.64045839541904e-05,0,1,"detected_multimodality"
"inflect_ward_k55",40,101917,"Tbet","ambiguous","borderline_q",3,0,0,0,0.998431698888462,0.0887586650468091,1,"ambiguous"
"inflect_ward_k55",40,101917,"TCRgd_CD141","detected_multimodality","both tests reject in at least two seeds",3,3,3,3,0,0,1,"detected_multimodality"
"inflect_ward_k55",41,115966,"CD197_CCR7","ambiguous","discordant_tests;seed_instability",3,0,0,1,1,0.040520260130065,1,"ambiguous"
"inflect_ward_k55",41,115966,"CD303_TCRvd2","no_detected_multimodality","neither test rejects in any seed",3,0,0,0,1,0.859367183591796,1,"stratified_5_percent_pass_audit"
"inflect_ward_k55",41,115966,"CD56","no_detected_multimodality","neither test rejects in any seed",3,0,0,0,1,0.859367183591796,1,"stratified_5_percent_pass_audit"
"inflect_ward_k55",41,115966,"CD7","no_detected_multimodality","neither test rejects in any seed",3,0,0,0,1,0.491645822911456,1,"stratified_5_percent_pass_audit"
"inflect_ward_k55",41,115966,"Tbet","no_detected_multimodality","neither test rejects in any seed",3,0,0,0,1,0.798249124562281,1,"stratified_5_percent_pass_audit"
"inflect_ward_k55",42,60777,"CD19","ambiguous","borderline_q",3,0,0,0,0.999486730395936,0.0607803901950975,1,"ambiguous"
"inflect_ward_k55",42,60777,"CD197_CCR7","no_detected_multimodality","neither test rejects in any seed",3,0,0,0,0.999486730395936,0.729364682341171,1,"stratified_5_percent_pass_audit"
"inflect_ward_k55",42,60777,"CD3","no_detected_multimodality","neither test rejects in any seed",3,0,0,0,0.999486730395936,0.144072036018009,1,"stratified_5_percent_pass_audit"
"inflect_ward_k55",42,60777,"CD57","ambiguous","discordant_tests;seed_instability",3,1,1,3,0.0438452921172658,0,1,"ambiguous"
"inflect_ward_k55",43,170897,"CD161","no_detected_multimodality","neither test rejects in any seed",3,0,0,0,1,0.504252126063031,2,"stratified_5_percent_pass_audit"
"inflect_ward_k55",43,170897,"CD25","no_detected_multimodality","neither test rejects in any seed",3,0,0,0,1,0.48624312156078,2,"stratified_5_percent_pass_audit"
"inflect_ward_k55",43,170897,"CD4","no_detected_multimodality","neither test rejects in any seed",3,0,0,0,1,0.805002501250625,2,"stratified_5_percent_pass_audit"
"inflect_ward_k55",44,620548,"CD11c","ambiguous","discordant_tests;seed_instability;borderline_q",3,1,1,3,0.0102647295764103,0,4,"ambiguous"
"inflect_ward_k55",44,620548,"CD14","detected_multimodality","both tests reject in at least two seeds",3,3,3,3,0,0,4,"detected_multimodality"
"inflect_ward_k55",44,620548,"CD1c","detected_multimodality","both tests reject in at least two seeds",3,3,3,3,0,0,4,"detected_multimodality"
"inflect_ward_k55",44,620548,"HLA-DR","detected_multimodality","both tests reject in at least two seeds",3,3,3,3,0,0,4,"detected_multimodality"
"inflect_ward_k55",45,672104,"CD127","ambiguous","borderline_q",3,0,0,0,0.998812425843679,0.0945472736368184,4,"ambiguous"
"inflect_ward_k55",45,672104,"CD159c_NKG2C","no_detected_multimodality","neither test rejects in any seed",3,0,0,0,0.998812425843679,0.761443221610805,4,"stratified_5_percent_pass_audit"
"inflect_ward_k55",45,672104,"CD161","no_detected_multimodality","neither test rejects in any seed",3,0,0,0,0.998812425843679,0.48624312156078,4,"stratified_5_percent_pass_audit"
"inflect_ward_k55",45,672104,"CD294_CRTH2","ambiguous","discordant_tests;seed_instability",3,0,0,1,0.998812425843679,0.040520260130065,4,"ambiguous"
"inflect_ward_k55",45,672104,"Tbet","no_detected_multimodality","neither test rejects in any seed",3,0,0,0,0.998812425843679,0.925482741370685,4,"stratified_5_percent_pass_audit"
"inflect_ward_k55",46,3842157,"CD11c","no_detected_multimodality","neither test rejects in any seed",3,0,0,0,1,0.705052526263132,4,"stratified_5_percent_pass_audit"
"inflect_ward_k55",46,3842157,"CD27","detected_multimodality","both tests reject in at least two seeds",3,3,3,3,0,0,4,"detected_multimodality"
"inflect_ward_k55",47,1793702,"CD197_CCR7","no_detected_multimodality","neither test rejects in any seed",3,0,0,0,0.999959211018724,0.229614807403702,4,"stratified_5_percent_pass_audit"
"inflect_ward_k55",47,1793702,"CD27","detected_multimodality","both tests reject in at least two seeds",3,3,3,3,0,0,4,"detected_multimodality"
"inflect_ward_k55",47,1793702,"CD45RA","no_detected_multimodality","neither test rejects in any seed",3,0,0,0,0.999959211018724,0.807561675574629,4,"stratified_5_percent_pass_audit"
"inflect_ward_k55",47,1793702,"CD7","ambiguous","discordant_tests;seed_instability",3,0,0,2,0.249900328703622,0,4,"ambiguous"
"inflect_ward_k55",48,3678534,"CD185_CXCR5","no_detected_multimodality","neither test rejects in any seed",3,0,0,0,1,0.889367760803479,4,"stratified_5_percent_pass_audit"
"inflect_ward_k55",48,3678534,"CD4","no_detected_multimodality","neither test rejects in any seed",3,0,0,0,1,0.710455227613807,4,"stratified_5_percent_pass_audit"
"inflect_ward_k55",48,3678534,"CD8","no_detected_multimodality","neither test rejects in any seed",3,0,0,0,1,0.710455227613807,4,"stratified_5_percent_pass_audit"
"inflect_ward_k55",49,1028144,"CD25","ambiguous","discordant_tests;seed_instability",3,1,1,3,0.0127338117914614,0,4,"ambiguous"
"inflect_ward_k55",49,1028144,"CD27","no_detected_multimodality","neither test rejects in any seed",3,0,0,0,1,0.164782391195598,4,"stratified_5_percent_pass_audit"
"inflect_ward_k55",49,1028144,"FoxP3","detected_multimodality","both tests reject in at least two seeds",3,3,3,3,0,0,4,"detected_multimodality"
"inflect_ward_k55",50,260211,"CD11c","ambiguous","discordant_tests;seed_instability",3,0,0,2,1,0.00600300150075037,2,"ambiguous"
"inflect_ward_k55",50,260211,"CD14","ambiguous","discordant_tests",3,0,0,3,1,0,2,"ambiguous"
"inflect_ward_k55",50,260211,"CD185_CXCR5","ambiguous","discordant_tests;seed_instability",3,0,0,2,1,0.00450225112556278,2,"ambiguous"
"inflect_ward_k55",50,260211,"CD294_CRTH2","ambiguous","discordant_tests;seed_instability",3,0,0,2,0.869247269234935,0,2,"ambiguous"
"inflect_ward_k55",50,260211,"CD303_TCRvd2","detected_multimodality","both tests reject in at least two seeds",3,3,3,3,0,0,2,"detected_multimodality"
"inflect_ward_k55",50,260211,"CD38","ambiguous","discordant_tests",3,0,0,3,0.42060973558511,0,2,"ambiguous"
"inflect_ward_k55",50,260211,"CD4","detected_multimodality","both tests reject in at least two seeds",3,3,3,3,0,0,2,"detected_multimodality"
"inflect_ward_k55",50,260211,"CD45RA","detected_multimodality","both tests reject in at least two seeds",3,3,3,3,0,0,2,"detected_multimodality"
"inflect_ward_k55",50,260211,"CD57","ambiguous","discordant_tests",3,0,0,3,0.515498990274642,0,2,"ambiguous"
"inflect_ward_k55",50,260211,"CD7","ambiguous","discordant_tests",3,0,0,3,1,0.00135067533766883,2,"ambiguous"
"inflect_ward_k55",50,260211,"HLA-DR","detected_multimodality","both tests reject in at least two seeds",3,3,3,3,0,0,2,"detected_multimodality"
"inflect_ward_k55",50,260211,"TCRgd_CD141","detected_multimodality","both tests reject in at least two seeds",3,3,3,3,0,0,2,"detected_multimodality"
"inflect_ward_k55",52,5226443,"CD45RA","detected_multimodality","both tests reject in at least two seeds",3,3,3,3,0,0,4,"detected_multimodality"
"inflect_ward_k55",53,2920244,"HLA-DR","no_detected_multimodality","neither test rejects in any seed",3,0,0,0,1,0.820228295966165,4,"stratified_5_percent_pass_audit"
"inflect_ward_k55",54,278423,"CD14","ambiguous","discordant_tests",3,0,0,3,0.142805029682793,0,2,"ambiguous"
"inflect_ward_k55",54,278423,"CD185_CXCR5","ambiguous","discordant_tests",3,0,0,3,0.351234882867408,0,2,"ambiguous"
"inflect_ward_k55",54,278423,"CD197_CCR7","no_detected_multimodality","neither test rejects in any seed",3,0,0,0,1,0.604427213606803,2,"stratified_5_percent_pass_audit"
"inflect_ward_k55",54,278423,"CD21","ambiguous","discordant_tests;seed_instability",3,0,0,1,0.223071320879958,0.00450225112556278,2,"ambiguous"
"inflect_ward_k55",54,278423,"CD27","ambiguous","discordant_tests",3,0,0,3,0.292595415961573,0,2,"ambiguous"
"inflect_ward_k55",54,278423,"CD38","detected_multimodality","both tests reject in at least two seeds",3,3,3,3,0,0,2,"detected_multimodality"
"inflect_ward_k55",54,278423,"CD7","detected_multimodality","both tests reject in at least two seeds",3,3,3,3,0.00150314512039745,0,2,"detected_multimodality"
"inflect_ward_k55",54,278423,"HLA-DR","ambiguous","discordant_tests;seed_instability",3,0,0,1,1,0.0180090045022511,2,"ambiguous"
"inflect_ward_k55",55,541968,"CD127","ambiguous","discordant_tests",3,0,0,3,0.241385496806287,0,3,"ambiguous"
"inflect_ward_k55",55,541968,"CD159c_NKG2C","no_detected_multimodality","neither test rejects in any seed",3,0,0,0,0.998309673890773,0.743514614450082,3,"stratified_5_percent_pass_audit"
"inflect_ward_k55",55,541968,"CD197_CCR7","ambiguous","discordant_tests;seed_instability",3,0,0,1,0.998309673890773,0.0270135067533767,3,"ambiguous"
"inflect_ward_k55",55,541968,"CD25","no_detected_multimodality","neither test rejects in any seed",3,0,0,0,0.998309673890773,0.743514614450082,3,"stratified_5_percent_pass_audit"
"inflect_ward_k55",55,541968,"CD27","ambiguous","discordant_tests;seed_instability;borderline_q",3,0,0,2,0.994170219498361,0,3,"ambiguous"
"inflect_ward_k55",55,541968,"CD7","ambiguous","borderline_q",3,0,0,0,0.998309673890773,0.0630315157578789,3,"ambiguous"
"inflect_ward_k60",1,283291,"CD11c","detected_multimodality","both tests reject in at least two seeds",3,2,2,2,0.000520441650114889,0,3,"detected_multimodality"
"inflect_ward_k60",1,283291,"CD159c_NKG2C","ambiguous","discordant_tests;seed_instability",3,0,0,1,1,0,3,"ambiguous"
"inflect_ward_k60",1,283291,"CD185_CXCR5","ambiguous","discordant_tests",3,0,0,3,0.331464552973513,0,3,"ambiguous"
"inflect_ward_k60",1,283291,"CD21","ambiguous","discordant_tests;seed_instability",3,0,0,1,1,0.0135067533766883,3,"ambiguous"
"inflect_ward_k60",1,283291,"Tbet","ambiguous","discordant_tests;seed_instability",3,0,0,1,1,0.0135067533766883,3,"ambiguous"
"inflect_ward_k60",2,271299,"CD127","no_detected_multimodality","neither test rejects in any seed",3,0,0,0,0.999679123065791,0.721997362317522,2,"stratified_5_percent_pass_audit"
"inflect_ward_k60",2,271299,"CD25","no_detected_multimodality","neither test rejects in any seed",3,0,0,0,0.999679123065791,0.680740370185092,2,"stratified_5_percent_pass_audit"
"inflect_ward_k60",2,271299,"CD57","ambiguous","discordant_tests",3,0,0,3,0.999679123065791,0,2,"ambiguous"
"inflect_ward_k60",3,438555,"CD19","no_detected_multimodality","neither test rejects in any seed",3,0,0,0,1,0.885013935539198,3,"stratified_5_percent_pass_audit"
"inflect_ward_k60",3,438555,"CD197_CCR7","no_detected_multimodality","neither test rejects in any seed",3,0,0,0,1,0.126063031515758,3,"stratified_5_percent_pass_audit"
"inflect_ward_k60",3,438555,"CD4","no_detected_multimodality","neither test rejects in any seed",3,0,0,0,1,0.885013935539198,3,"stratified_5_percent_pass_audit"
"inflect_ward_k60",3,438555,"CD57","detected_multimodality","both tests reject in at least two seeds",3,3,3,3,0,0,3,"detected_multimodality"
"inflect_ward_k60",3,438555,"FoxP3","no_detected_multimodality","neither test rejects in any seed",3,0,0,0,1,0.209354677338669,3,"stratified_5_percent_pass_audit"
"inflect_ward_k60",4,302122,"CD11c","ambiguous","borderline_q",3,0,0,0,1,0.0720360180090045,3,"ambiguous"
"inflect_ward_k60",4,302122,"CD127","ambiguous","borderline_q",3,0,0,0,1,0.0837418709354677,3,"ambiguous"
"inflect_ward_k60",4,302122,"CD159c_NKG2C","detected_multimodality","both tests reject in at least two seeds",3,3,3,3,0,0,3,"detected_multimodality"
"inflect_ward_k60",4,302122,"CD185_CXCR5","no_detected_multimodality","neither test rejects in any seed",3,0,0,0,1,0.966543271635818,3,"stratified_5_percent_pass_audit"
"inflect_ward_k60",4,302122,"CD27","no_detected_multimodality","neither test rejects in any seed",3,0,0,0,1,0.904952476238119,3,"stratified_5_percent_pass_audit"
"inflect_ward_k60",4,302122,"CD294_CRTH2","ambiguous","borderline_q",3,0,0,0,1,0.0837418709354677,3,"ambiguous"
"inflect_ward_k60",4,302122,"CD57","detected_multimodality","both tests reject in at least two seeds",3,3,3,3,0,0,3,"detected_multimodality"
"inflect_ward_k60",4,302122,"Tbet","no_detected_multimodality","neither test rejects in any seed",3,0,0,0,1,0.904952476238119,3,"stratified_5_percent_pass_audit"
"inflect_ward_k60",5,228900,"CD3","detected_multimodality","both tests reject in at least two seeds",3,3,3,3,0,0,2,"detected_multimodality"
"inflect_ward_k60",5,228900,"CD57","detected_multimodality","both tests reject in at least two seeds",3,3,3,3,0,0,2,"detected_multimodality"
"inflect_ward_k60",5,228900,"FoxP3","no_detected_multimodality","neither test rejects in any seed",3,0,0,0,1,0.870220824698063,2,"stratified_5_percent_pass_audit"
"inflect_ward_k60",6,331025,"CD11c","detected_multimodality","both tests reject in at least two seeds",3,2,2,3,5.92628844462983e-05,0,3,"detected_multimodality"
"inflect_ward_k60",6,331025,"CD161","ambiguous","discordant_tests;seed_instability;borderline_q",3,1,1,3,0.00531338868841968,0,3,"ambiguous"
"inflect_ward_k60",6,331025,"CD21","no_detected_multimodality","neither test rejects in any seed",3,0,0,0,1,0.694247123561781,3,"stratified_5_percent_pass_audit"
"inflect_ward_k60",6,331025,"CD25","no_detected_multimodality","neither test rejects in any seed",3,0,0,0,1,0.259329664832416,3,"stratified_5_percent_pass_audit"
"inflect_ward_k60",6,331025,"CD3","detected_multimodality","both tests reject in at least two seeds",3,3,3,3,0,0,3,"detected_multimodality"
"inflect_ward_k60",6,331025,"CD45RA","no_detected_multimodality","neither test rejects in any seed",3,0,0,0,1,0.814907453726863,3,"stratified_5_percent_pass_audit"
"inflect_ward_k60",6,331025,"CD57","ambiguous","discordant_tests;seed_instability",3,1,1,3,0.00153024074957731,0,3,"ambiguous"
"inflect_ward_k60",7,317695,"CD11c","detected_multimodality","both tests reject in at least two seeds",3,3,3,3,0.00203513418755291,0,3,"detected_multimodality"
"inflect_ward_k60",7,317695,"CD161","detected_multimodality","both tests reject in at least two seeds",3,2,2,3,0.000109854135129539,0,3,"detected_multimodality"
"inflect_ward_k60",7,317695,"CD3","ambiguous","discordant_tests;seed_instability",3,0,0,1,1,0.0438969484742371,3,"ambiguous"
"inflect_ward_k60",7,317695,"CD57","ambiguous","discordant_tests",3,0,0,3,0.118389038903795,0,3,"ambiguous"
"inflect_ward_k60",7,317695,"HLA-DR","no_detected_multimodality","neither test rejects in any seed",3,0,0,0,1,0.757878939469735,3,"stratified_5_percent_pass_audit"
"inflect_ward_k60",8,128303,"CD11c","ambiguous","discordant_tests;seed_instability;borderline_q",3,0,0,1,0.868189683313543,0.0180090045022511,2,"ambiguous"
"inflect_ward_k60",8,128303,"CD159c_NKG2C","ambiguous","discordant_tests",3,0,0,3,0.152146420300148,0,2,"ambiguous"
"inflect_ward_k60",8,128303,"CD185_CXCR5","no_detected_multimodality","neither test rejects in any seed",3,0,0,0,1,0.4739642548547,2,"stratified_5_percent_pass_audit"
"inflect_ward_k60",8,128303,"CD27","no_detected_multimodality","neither test rejects in any seed",3,0,0,0,1,0.91791895947974,2,"stratified_5_percent_pass_audit"
"inflect_ward_k60",8,128303,"CD56","no_detected_multimodality","neither test rejects in any seed",3,0,0,0,1,0.461930965482741,2,"stratified_5_percent_pass_audit"
"inflect_ward_k60",8,128303,"CD57","detected_multimodality","both tests reject in at least two seeds",3,3,3,3,0,0,2,"detected_multimodality"
"inflect_ward_k60",8,128303,"Tbet","no_detected_multimodality","neither test rejects in any seed",3,0,0,0,1,0.238619309654827,2,"stratified_5_percent_pass_audit"
"inflect_ward_k60",8,128303,"TCRgd_CD141","no_detected_multimodality","neither test rejects in any seed",3,0,0,0,1,0.461930965482741,2,"stratified_5_percent_pass_audit"
"inflect_ward_k60",9,280345,"CD159c_NKG2C","ambiguous","discordant_tests;seed_instability",3,0,0,1,1,0,3,"ambiguous"
"inflect_ward_k60",9,280345,"CD161","ambiguous","discordant_tests;seed_instability",3,0,0,1,1,0.0135067533766883,3,"ambiguous"
"inflect_ward_k60",9,280345,"CD3","ambiguous","discordant_tests;seed_instability",3,0,0,1,1,0.0270135067533767,3,"ambiguous"
"inflect_ward_k60",9,280345,"CD45RA","ambiguous","discordant_tests;seed_instability",3,0,0,1,1,0.0270135067533767,3,"ambiguous"
"inflect_ward_k60",9,280345,"CD57","detected_multimodality","both tests reject in at least two seeds",3,3,3,3,0,0,3,"detected_multimodality"
"inflect_ward_k60",10,58949,"CD159c_NKG2C","ambiguous","discordant_tests;seed_instability;borderline_q",3,1,1,3,0.00482585811810921,0,1,"ambiguous"
"inflect_ward_k60",10,58949,"CD27","no_detected_multimodality","neither test rejects in any seed",3,0,0,0,1,0.104677338669335,1,"stratified_5_percent_pass_audit"
"inflect_ward_k60",10,58949,"CD56","detected_multimodality","both tests reject in at least two seeds",3,3,3,3,0.000898846191079494,0,1,"detected_multimodality"
"inflect_ward_k60",10,58949,"CD57","ambiguous","discordant_tests;seed_instability",3,1,1,3,0.0321575336705742,0,1,"ambiguous"
"inflect_ward_k60",10,58949,"Tbet","no_detected_multimodality","neither test rejects in any seed",3,0,0,0,1,0.354177088544272,1,"stratified_5_percent_pass_audit"
"inflect_ward_k60",11,607557,"CD16","no_detected_multimodality","neither test rejects in any seed",3,0,0,0,1,0.960153990038498,4,"stratified_5_percent_pass_audit"
"inflect_ward_k60",11,607557,"CD161","no_detected_multimodality","neither test rejects in any seed",3,0,0,0,1,0.960153990038498,4,"stratified_5_percent_pass_audit"
"inflect_ward_k60",11,607557,"CD1c","no_detected_multimodality","neither test rejects in any seed",3,0,0,0,1,0.960153990038498,4,"stratified_5_percent_pass_audit"
"inflect_ward_k60",11,607557,"CD21","no_detected_multimodality","neither test rejects in any seed",3,0,0,0,1,0.960153990038498,4,"stratified_5_percent_pass_audit"
"inflect_ward_k60",11,607557,"CD4","ambiguous","discordant_tests;seed_instability",3,0,0,1,1,0,4,"ambiguous"
"inflect_ward_k60",11,607557,"CD57","ambiguous","borderline_q",3,0,0,0,1,0.0810405202601301,4,"ambiguous"
"inflect_ward_k60",11,607557,"TCRgd_CD141","no_detected_multimodality","neither test rejects in any seed",3,0,0,0,1,0.73322375473451,4,"stratified_5_percent_pass_audit"
"inflect_ward_k60",12,338387,"CD11c","detected_multimodality","both tests reject in at least two seeds",3,3,3,3,0,0,3,"detected_multimodality"
"inflect_ward_k60",12,338387,"CD3","no_detected_multimodality","neither test rejects in any seed",3,0,0,0,1,0.589794897448724,3,"stratified_5_percent_pass_audit"
"inflect_ward_k60",12,338387,"CD57","no_detected_multimodality","neither test rejects in any seed",3,0,0,0,1,0.810405202601301,3,"stratified_5_percent_pass_audit"
"inflect_ward_k60",12,338387,"CD7","no_detected_multimodality","neither test rejects in any seed",3,0,0,0,1,0.532166083041521,3,"stratified_5_percent_pass_audit"
"inflect_ward_k60",12,338387,"CD8","ambiguous","discordant_tests;seed_instability",3,0,0,1,1,0.0337668834417209,3,"ambiguous"
"inflect_ward_k60",13,133968,"CD14","no_detected_multimodality","neither test rejects in any seed",3,0,0,0,1,0.903331665832916,2,"stratified_5_percent_pass_audit"
"inflect_ward_k60",13,133968,"CD161","no_detected_multimodality","neither test rejects in any seed",3,0,0,0,1,0.666333166583292,2,"stratified_5_percent_pass_audit"
"inflect_ward_k60",13,133968,"CD19","no_detected_multimodality","neither test rejects in any seed",3,0,0,0,1,0.372786393196598,2,"stratified_5_percent_pass_audit"
"inflect_ward_k60",13,133968,"CD303_TCRvd2","no_detected_multimodality","neither test rejects in any seed",3,0,0,0,1,0.903331665832916,2,"stratified_5_percent_pass_audit"
"inflect_ward_k60",13,133968,"CD38","ambiguous","discordant_tests;seed_instability;borderline_q",3,0,0,2,0.0966800331510228,0,2,"ambiguous"
"inflect_ward_k60",13,133968,"CD56","ambiguous","discordant_tests;seed_instability;borderline_q",3,0,0,2,1,0.00450225112556278,2,"ambiguous"
"inflect_ward_k60",13,133968,"CD7","ambiguous","discordant_tests",3,0,0,3,1,0,2,"ambiguous"
"inflect_ward_k60",13,133968,"FoxP3","ambiguous","discordant_tests;seed_instability",3,0,0,1,1,0.0180090045022511,2,"ambiguous"
"inflect_ward_k60",14,251526,"CD11c","detected_multimodality","both tests reject in at least two seeds",3,2,2,2,0.000670775191741191,0,2,"detected_multimodality"
"inflect_ward_k60",14,251526,"CD16","detected_multimodality","both tests reject in at least two seeds",3,3,3,3,0,0,2,"detected_multimodality"
"inflect_ward_k60",14,251526,"CD57","detected_multimodality","both tests reject in at least two seeds",3,3,3,3,0,0,2,"detected_multimodality"
"inflect_ward_k60",15,46765,"CD11c","ambiguous","discordant_tests;seed_instability;borderline_q",3,1,1,3,0.0121646100259737,0,1,"ambiguous"
"inflect_ward_k60",15,46765,"CD16","no_detected_multimodality","neither test rejects in any seed",3,0,0,0,1,0.636168084042021,1,"stratified_5_percent_pass_audit"
"inflect_ward_k60",15,46765,"CD161","ambiguous","discordant_tests;seed_instability",3,0,0,1,0.456694430130423,0,1,"ambiguous"
"inflect_ward_k60",15,46765,"CD1c","no_detected_multimodality","neither test rejects in any seed",3,0,0,0,1,0.975300150075038,1,"stratified_5_percent_pass_audit"
"inflect_ward_k60",15,46765,"CD21","no_detected_multimodality","neither test rejects in any seed",3,0,0,0,1,0.660603028787121,1,"stratified_5_percent_pass_audit"
"inflect_ward_k60",15,46765,"CD3","detected_multimodality","both tests reject in at least two seeds",3,3,3,3,0,0,1,"detected_multimodality"
"inflect_ward_k60",15,46765,"CD303_TCRvd2","no_detected_multimodality","neither test rejects in any seed",3,0,0,0,1,0.725505609947831,1,"stratified_5_percent_pass_audit"
"inflect_ward_k60",15,46765,"CD56","detected_multimodality","both tests reject in at least two seeds",3,2,2,3,0.00444484916145549,0,1,"detected_multimodality"
"inflect_ward_k60",15,46765,"HLA-DR","no_detected_multimodality","neither test rejects in any seed",3,0,0,0,1,0.975300150075038,1,"stratified_5_percent_pass_audit"
"inflect_ward_k60",16,277783,"CD197_CCR7","no_detected_multimodality","neither test rejects in any seed",3,0,0,0,1,0.906714226678557,2,"stratified_5_percent_pass_audit"
"inflect_ward_k60",16,277783,"CD38","no_detected_multimodality","neither test rejects in any seed",3,0,0,0,1,0.906714226678557,2,"stratified_5_percent_pass_audit"
"inflect_ward_k60",16,277783,"CD57","detected_multimodality","both tests reject in at least two seeds",3,3,3,3,0,0,2,"detected_multimodality"
"inflect_ward_k60",17,330393,"CD14","no_detected_multimodality","neither test rejects in any seed",3,0,0,0,1,0.858870611776477,3,"stratified_5_percent_pass_audit"
"inflect_ward_k60",17,330393,"CD159c_NKG2C","no_detected_multimodality","neither test rejects in any seed",3,0,0,0,1,0.92832954939008,3,"stratified_5_percent_pass_audit"
"inflect_ward_k60",17,330393,"CD161","no_detected_multimodality","neither test rejects in any seed",3,0,0,0,1,0.92832954939008,3,"stratified_5_percent_pass_audit"
"inflect_ward_k60",17,330393,"CD294_CRTH2","no_detected_multimodality","neither test rejects in any seed",3,0,0,0,1,0.290395197598799,3,"stratified_5_percent_pass_audit"
"inflect_ward_k60",17,330393,"CD303_TCRvd2","no_detected_multimodality","neither test rejects in any seed",3,0,0,0,1,0.454164582291146,3,"stratified_5_percent_pass_audit"
"inflect_ward_k60",17,330393,"CD45RA","ambiguous","discordant_tests;seed_instability",3,0,0,2,0.656651684703717,0,3,"ambiguous"
"inflect_ward_k60",17,330393,"CD56","no_detected_multimodality","neither test rejects in any seed",3,0,0,0,1,0.416458229114557,3,"stratified_5_percent_pass_audit"
"inflect_ward_k60",17,330393,"CD57","detected_multimodality","both tests reject in at least two seeds",3,3,3,3,0,0,3,"detected_multimodality"
"inflect_ward_k60",18,179840,"CD11c","ambiguous","borderline_q",3,0,0,0,1,0.0844172086043021,2,"ambiguous"
"inflect_ward_k60",18,179840,"CD3","detected_multimodality","both tests reject in at least two seeds",3,3,3,3,0,0,2,"detected_multimodality"
"inflect_ward_k60",18,179840,"CD303_TCRvd2","ambiguous","discordant_tests;seed_instability",3,0,0,1,1,0.0472736368184092,2,"ambiguous"
"inflect_ward_k60",18,179840,"CD45RA","no_detected_multimodality","neither test rejects in any seed",3,0,0,0,1,0.159379689844922,2,"stratified_5_percent_pass_audit"
"inflect_ward_k60",18,179840,"CD56","detected_multimodality","both tests reject in at least two seeds",3,3,3,3,0,0,2,"detected_multimodality"
"inflect_ward_k60",18,179840,"CD57","detected_multimodality","both tests reject in at least two seeds",3,3,3,3,0,0,2,"detected_multimodality"
"inflect_ward_k60",19,147051,"CD11c","ambiguous","discordant_tests;seed_instability",3,0,0,2,0.373332605387393,0,2,"ambiguous"
"inflect_ward_k60",19,147051,"CD16","no_detected_multimodality","neither test rejects in any seed",3,0,0,0,1,0.531828414207104,2,"stratified_5_percent_pass_audit"
"inflect_ward_k60",19,147051,"CD161","detected_multimodality","both tests reject in at least two seeds",3,3,3,3,0,0,2,"detected_multimodality"
"inflect_ward_k60",19,147051,"CD1c","no_detected_multimodality","neither test rejects in any seed",3,0,0,0,1,0.45247623811906,2,"stratified_5_percent_pass_audit"
"inflect_ward_k60",19,147051,"CD21","no_detected_multimodality","neither test rejects in any seed",3,0,0,0,1,0.812788747314834,2,"stratified_5_percent_pass_audit"
"inflect_ward_k60",19,147051,"CD3","ambiguous","borderline_q",3,0,0,0,1,0.0765382691345673,2,"ambiguous"
"inflect_ward_k60",19,147051,"CD38","ambiguous","borderline_q",3,0,0,0,1,0.0574037018509255,2,"ambiguous"
"inflect_ward_k60",19,147051,"CD56","ambiguous","discordant_tests;seed_instability",3,1,1,3,0.00011530298104051,0,2,"ambiguous"
"inflect_ward_k60",19,147051,"CD8","no_detected_multimodality","neither test rejects in any seed",3,0,0,0,1,0.48624312156078,2,"stratified_5_percent_pass_audit"
"inflect_ward_k60",19,147051,"Tbet","ambiguous","borderline_q",3,0,0,0,1,0.0675337668834417,2,"ambiguous"
"inflect_ward_k60",20,132476,"CD159c_NKG2C","detected_multimodality","both tests reject in at least two seeds",3,3,3,3,0,0,2,"detected_multimodality"
"inflect_ward_k60",20,132476,"CD3","ambiguous","borderline_q",3,0,0,0,1,0.0675337668834417,2,"ambiguous"
"inflect_ward_k60",20,132476,"CD4","no_detected_multimodality","neither test rejects in any seed",3,0,0,0,1,0.871748374187093,2,"stratified_5_percent_pass_audit"
"inflect_ward_k60",20,132476,"CD57","no_detected_multimodality","neither test rejects in any seed",3,0,0,0,1,0.871748374187093,2,"stratified_5_percent_pass_audit"
"inflect_ward_k60",20,132476,"HLA-DR","no_detected_multimodality","neither test rejects in any seed",3,0,0,0,1,0.175587793896948,2,"stratified_5_percent_pass_audit"
"inflect_ward_k60",21,28208,"CD11c","ambiguous","discordant_tests;seed_instability",3,0,0,1,1,0.0495247623811906,1,"ambiguous"
"inflect_ward_k60",21,28208,"CD127","no_detected_multimodality","neither test rejects in any seed",3,0,0,0,1,0.103551775887944,1,"stratified_5_percent_pass_audit"
"inflect_ward_k60",21,28208,"CD14","no_detected_multimodality","neither test rejects in any seed",3,0,0,0,1,0.720078789394697,1,"stratified_5_percent_pass_audit"
"inflect_ward_k60",21,28208,"CD159c_NKG2C","ambiguous","borderline_q",3,0,0,0,1,0.0574037018509255,1,"ambiguous"
"inflect_ward_k60",21,28208,"CD19","no_detected_multimodality","neither test rejects in any seed",3,0,0,0,1,0.456978489244622,1,"stratified_5_percent_pass_audit"
"inflect_ward_k60",21,28208,"CD56","ambiguous","discordant_tests",3,0,0,3,0.192795524571471,0,1,"ambiguous"
"inflect_ward_k60",21,28208,"TCRgd_CD141","ambiguous","discordant_tests;seed_instability",3,0,0,2,1,0,1,"ambiguous"
"inflect_ward_k60",22,195943,"CD161","detected_multimodality","both tests reject in at least two seeds",3,3,3,3,0,0,2,"detected_multimodality"
"inflect_ward_k60",22,195943,"CD27","detected_multimodality","both tests reject in at least two seeds",3,3,3,3,0,0,2,"detected_multimodality"
"inflect_ward_k60",23,1769385,"CD197_CCR7","no_detected_multimodality","neither test rejects in any seed",3,0,0,0,1,0.947633816908454,4,"stratified_5_percent_pass_audit"
"inflect_ward_k60",23,1769385,"CD27","detected_multimodality","both tests reject in at least two seeds",3,3,3,3,0,0,4,"detected_multimodality"
"inflect_ward_k60",23,1769385,"CD45RA","ambiguous","discordant_tests;seed_instability",3,0,0,1,0.947163252194289,0.0101300650325163,4,"ambiguous"
"inflect_ward_k60",23,1769385,"CD8","ambiguous","discordant_tests;borderline_q",3,0,0,3,0.0700082134914809,0,4,"ambiguous"
"inflect_ward_k60",23,1769385,"Tbet","detected_multimodality","both tests reject in at least two seeds",3,3,3,3,0,0,4,"detected_multimodality"
"inflect_ward_k60",24,122981,"CD161","detected_multimodality","both tests reject in at least two seeds",3,2,2,3,0.00289119495943827,0,2,"detected_multimodality"
"inflect_ward_k60",24,122981,"CD185_CXCR5","ambiguous","discordant_tests;seed_instability",3,0,0,1,1,0.00520260130065033,2,"ambiguous"
"inflect_ward_k60",24,122981,"CD197_CCR7","ambiguous","discordant_tests;seed_instability",3,0,0,1,1,0.0498582624645656,2,"ambiguous"
"inflect_ward_k60",24,122981,"CD38","detected_multimodality","both tests reject in at least two seeds",3,3,3,3,0,0,2,"detected_multimodality"
"inflect_ward_k60",24,122981,"CD45RA","ambiguous","discordant_tests;seed_instability",3,0,0,2,1,0.0104052026013007,2,"ambiguous"
"inflect_ward_k60",24,122981,"CD7","detected_multimodality","both tests reject in at least two seeds",3,3,3,3,0.000118310866224676,0,2,"detected_multimodality"
"inflect_ward_k60",24,122981,"FoxP3","detected_multimodality","both tests reject in at least two seeds",3,3,3,3,0,0,2,"detected_multimodality"
"inflect_ward_k60",25,40140,"CD127","ambiguous","borderline_q",3,0,0,0,1,0.0540270135067534,1,"ambiguous"
"inflect_ward_k60",25,40140,"CD159c_NKG2C","ambiguous","discordant_tests;seed_instability",3,1,1,3,0.0138791614464484,0,1,"ambiguous"
"inflect_ward_k60",25,40140,"CD16","ambiguous","borderline_q",3,0,0,0,1,0.0506503251625813,1,"ambiguous"
"inflect_ward_k60",25,40140,"CD3","detected_multimodality","both tests reject in at least two seeds",3,3,3,3,0,0,1,"detected_multimodality"
"inflect_ward_k60",25,40140,"CD56","ambiguous","discordant_tests;seed_instability",3,0,0,2,1,0,1,"ambiguous"
"inflect_ward_k60",25,40140,"CD57","ambiguous","discordant_tests;seed_instability",3,0,0,1,1,0.0337668834417209,1,"ambiguous"
"inflect_ward_k60",26,331660,"CD161","ambiguous","discordant_tests;seed_instability",3,0,0,1,0.902123232980623,0.00337668834417209,3,"ambiguous"
"inflect_ward_k60",26,331660,"CD27","detected_multimodality","both tests reject in at least two seeds",3,3,3,3,0.000276577621067586,0,3,"detected_multimodality"
"inflect_ward_k60",26,331660,"CD303_TCRvd2","detected_multimodality","both tests reject in at least two seeds",3,3,3,3,0,0,3,"detected_multimodality"
"inflect_ward_k60",26,331660,"TCRgd_CD141","detected_multimodality","both tests reject in at least two seeds",3,3,3,3,0,0,3,"detected_multimodality"
"inflect_ward_k60",27,636588,"CD11c","ambiguous","borderline_q",3,0,0,0,0.999639072834119,0.077663831915958,4,"ambiguous"
"inflect_ward_k60",27,636588,"CD127","ambiguous","borderline_q",3,0,0,0,0.999639072834119,0.077663831915958,4,"ambiguous"
"inflect_ward_k60",27,636588,"CD159c_NKG2C","ambiguous","borderline_q",3,0,0,0,0.999639072834119,0.0697848924462231,4,"ambiguous"
"inflect_ward_k60",27,636588,"CD16","detected_multimodality","both tests reject in at least two seeds",3,3,3,3,0,0,4,"detected_multimodality"
"inflect_ward_k60",27,636588,"CD185_CXCR5","ambiguous","discordant_tests",3,0,0,3,0.953445683483936,0,4,"ambiguous"
"inflect_ward_k60",27,636588,"CD21","ambiguous","discordant_tests;seed_instability;borderline_q",3,1,1,3,0.0240927597922941,0,4,"ambiguous"
"inflect_ward_k60",27,636588,"CD3","ambiguous","discordant_tests;seed_instability",3,0,0,2,0.999639072834119,0,4,"ambiguous"
"inflect_ward_k60",27,636588,"CD38","ambiguous","discordant_tests",3,0,0,3,0.987698181720345,0,4,"ambiguous"
"inflect_ward_k60",27,636588,"CD45RA","ambiguous","discordant_tests;seed_instability;borderline_q",3,0,0,1,0.999639072834119,0.0378189094547274,4,"ambiguous"
"inflect_ward_k60",27,636588,"HLA-DR","no_detected_multimodality","neither test rejects in any seed",3,0,0,0,0.999639072834119,0.540270135067534,4,"stratified_5_percent_pass_audit"
"inflect_ward_k60",28,331075,"CD11c","ambiguous","discordant_tests;seed_instability;borderline_q",3,0,0,1,1,0.0472736368184092,3,"ambiguous"
"inflect_ward_k60",28,331075,"CD161","ambiguous","discordant_tests",3,0,0,3,0.241240905576472,0,3,"ambiguous"
"inflect_ward_k60",28,331075,"CD38","ambiguous","discordant_tests;seed_instability",3,0,0,1,0.911818327917099,0,3,"ambiguous"
"inflect_ward_k60",28,331075,"CD7","ambiguous","borderline_q",3,0,0,0,1,0.0675337668834417,3,"ambiguous"
"inflect_ward_k60",29,105074,"CD11c","detected_multimodality","both tests reject in at least two seeds",3,2,2,2,0.00153775726403615,0,1,"detected_multimodality"
"inflect_ward_k60",29,105074,"CD159c_NKG2C","ambiguous","discordant_tests;seed_instability",3,1,1,3,0.00731730707096523,0,1,"ambiguous"
"inflect_ward_k60",29,105074,"CD16","ambiguous","discordant_tests;seed_instability",3,0,0,1,0.997524808925817,0.00270135067533767,1,"ambiguous"
"inflect_ward_k60",29,105074,"CD3","ambiguous","discordant_tests;borderline_q",3,0,0,3,0.0684794961865348,0,1,"ambiguous"
"inflect_ward_k60",29,105074,"CD56","no_detected_multimodality","neither test rejects in any seed",3,0,0,0,0.997524808925817,0.796898449224612,1,"stratified_5_percent_pass_audit"
"inflect_ward_k60",29,105074,"CD57","detected_multimodality","both tests reject in at least two seeds",3,3,3,3,0,0,1,"detected_multimodality"
"inflect_ward_k60",29,105074,"CD7","no_detected_multimodality","neither test rejects in any seed",3,0,0,0,0.997524808925817,0.751313156578289,1,"stratified_5_percent_pass_audit"
"inflect_ward_k60",30,113765,"CD16","ambiguous","discordant_tests;seed_instability",3,0,0,1,0.848763449576369,0.00450225112556278,1,"ambiguous"
"inflect_ward_k60",30,113765,"CD161","detected_multimodality","both tests reject in at least two seeds",3,3,3,3,0,0,1,"detected_multimodality"
"inflect_ward_k60",30,113765,"CD3","no_detected_multimodality","neither test rejects in any seed",3,0,0,0,1,0.928364182091046,1,"stratified_5_percent_pass_audit"
"inflect_ward_k60",30,113765,"CD303_TCRvd2","detected_multimodality","both tests reject in at least two seeds",3,3,3,3,0,0,1,"detected_multimodality"
"inflect_ward_k60",30,113765,"CD45RA","ambiguous","discordant_tests;seed_instability",3,1,1,2,0.0013576366662742,0,1,"ambiguous"
"inflect_ward_k60",30,113765,"CD56","ambiguous","borderline_q",3,0,0,0,1,0.0567283641820911,1,"ambiguous"
"inflect_ward_k60",30,113765,"CD57","ambiguous","borderline_q",3,0,0,0,1,0.0844172086043021,1,"ambiguous"
"inflect_ward_k60",30,113765,"CD8","no_detected_multimodality","neither test rejects in any seed",3,0,0,0,1,0.455177588794397,1,"stratified_5_percent_pass_audit"
"inflect_ward_k60",30,113765,"TCRgd_CD141","ambiguous","discordant_tests;seed_instability",3,1,1,2,0.0180535211802792,0,1,"ambiguous"
"inflect_ward_k60",31,100069,"CD14","ambiguous","discordant_tests;seed_instability",3,0,0,1,1,0.0303901950975488,1,"ambiguous"
"inflect_ward_k60",31,100069,"CD159c_NKG2C","no_detected_multimodality","neither test rejects in any seed",3,0,0,0,1,0.898199099549775,1,"stratified_5_percent_pass_audit"
"inflect_ward_k60",31,100069,"CD16","ambiguous","discordant_tests;seed_instability",3,0,0,1,1,0.00450225112556278,1,"ambiguous"
"inflect_ward_k60",31,100069,"CD4","no_detected_multimodality","neither test rejects in any seed",3,0,0,0,1,0.943784392196098,1,"stratified_5_percent_pass_audit"
"inflect_ward_k60",31,100069,"CD56","detected_multimodality","both tests reject in at least two seeds",3,2,2,3,0.000917439719920088,0,1,"detected_multimodality"
"inflect_ward_k60",31,100069,"CD57","ambiguous","discordant_tests;borderline_q",3,0,0,3,0.0605513390178786,0,1,"ambiguous"
"inflect_ward_k60",31,100069,"TCRgd_CD141","no_detected_multimodality","neither test rejects in any seed",3,0,0,0,1,0.56921317801758,1,"stratified_5_percent_pass_audit"
"inflect_ward_k60",32,88785,"CD127","ambiguous","discordant_tests;borderline_q",3,0,0,3,0.0677423518691396,0,1,"ambiguous"
"inflect_ward_k60",32,88785,"CD14","ambiguous","discordant_tests;seed_instability;borderline_q",3,1,1,3,0.0146090769251527,0,1,"ambiguous"
"inflect_ward_k60",32,88785,"CD161","ambiguous","discordant_tests;seed_instability",3,1,1,3,0.0146090769251527,0,1,"ambiguous"
"inflect_ward_k60",32,88785,"CD185_CXCR5","ambiguous","discordant_tests",3,0,0,3,0.280150461198079,0,1,"ambiguous"
"inflect_ward_k60",32,88785,"CD1c","ambiguous","borderline_q",3,0,0,0,1,0.0709104552276138,1,"ambiguous"
"inflect_ward_k60",32,88785,"CD25","no_detected_multimodality","neither test rejects in any seed",3,0,0,0,1,0.438519259629815,1,"stratified_5_percent_pass_audit"
"inflect_ward_k60",32,88785,"CD38","detected_multimodality","both tests reject in at least two seeds",3,3,3,3,0,0,1,"detected_multimodality"
"inflect_ward_k60",32,88785,"CD56","ambiguous","borderline_q",3,0,0,0,1,0.0930465232616308,1,"ambiguous"
"inflect_ward_k60",32,88785,"CD57","no_detected_multimodality","neither test rejects in any seed",3,0,0,0,1,0.422865278793243,1,"stratified_5_percent_pass_audit"
"inflect_ward_k60",32,88785,"CD7","ambiguous","discordant_tests",3,0,0,3,0.749724615289036,0.00192953619666976,1,"ambiguous"
"inflect_ward_k60",32,88785,"Tbet","detected_multimodality","both tests reject in at least two seeds",3,3,3,3,0,0,1,"detected_multimodality"
"inflect_ward_k60",33,492309,"CD11c","no_detected_multimodality","neither test rejects in any seed",3,0,0,0,1,0.627388694347174,3,"stratified_5_percent_pass_audit"
"inflect_ward_k60",33,492309,"CD27","detected_multimodality","both tests reject in at least two seeds",3,3,3,3,0,0,3,"detected_multimodality"
"inflect_ward_k60",33,492309,"CD303_TCRvd2","detected_multimodality","both tests reject in at least two seeds",3,3,3,3,0,0,3,"detected_multimodality"
"inflect_ward_k60",33,492309,"HLA-DR","ambiguous","discordant_tests;seed_instability",3,0,0,1,1,0.040520260130065,3,"ambiguous"
"inflect_ward_k60",33,492309,"TCRgd_CD141","detected_multimodality","both tests reject in at least two seeds",3,3,3,3,0,0,3,"detected_multimodality"
"inflect_ward_k60",34,336733,"CD16","ambiguous","discordant_tests;seed_instability",3,0,0,1,1,0.0225112556278139,3,"ambiguous"
"inflect_ward_k60",34,336733,"CD161","detected_multimodality","both tests reject in at least two seeds",3,3,3,3,0.012150927721904,0,3,"detected_multimodality"
"inflect_ward_k60",34,336733,"CD27","detected_multimodality","both tests reject in at least two seeds",3,3,3,3,0,0,3,"detected_multimodality"
"inflect_ward_k60",35,215648,"CD11c","no_detected_multimodality","neither test rejects in any seed",3,0,0,0,1,0.202601300650325,2,"stratified_5_percent_pass_audit"
"inflect_ward_k60",35,215648,"CD3","detected_multimodality","both tests reject in at least two seeds",3,3,3,3,0,0,2,"detected_multimodality"
"inflect_ward_k60",35,215648,"CD303_TCRvd2","ambiguous","discordant_tests;seed_instability;borderline_q",3,1,1,2,0.04404691150882,0,2,"ambiguous"
"inflect_ward_k60",35,215648,"CD57","detected_multimodality","both tests reject in at least two seeds",3,3,3,3,0,0,2,"detected_multimodality"
"inflect_ward_k60",35,215648,"CD7","no_detected_multimodality","neither test rejects in any seed",3,0,0,0,1,0.849336432922344,2,"stratified_5_percent_pass_audit"
"inflect_ward_k60",36,726106,"CD127","ambiguous","discordant_tests;seed_instability",3,0,0,1,1,0.0157578789394697,4,"ambiguous"
"inflect_ward_k60",36,726106,"CD25","no_detected_multimodality","neither test rejects in any seed",3,0,0,0,1,0.642696348174087,4,"stratified_5_percent_pass_audit"
"inflect_ward_k60",36,726106,"CD27","detected_multimodality","both tests reject in at least two seeds",3,3,3,3,0,0,4,"detected_multimodality"
"inflect_ward_k60",36,726106,"CD3","ambiguous","discordant_tests;seed_instability",3,1,1,3,0.0377312294660106,0,4,"ambiguous"
"inflect_ward_k60",36,726106,"CD303_TCRvd2","ambiguous","discordant_tests",3,0,0,3,1,0,4,"ambiguous"
"inflect_ward_k60",36,726106,"CD38","no_detected_multimodality","neither test rejects in any seed",3,0,0,0,1,0.102265418423497,4,"stratified_5_percent_pass_audit"
"inflect_ward_k60",36,726106,"CD45RA","detected_multimodality","both tests reject in at least two seeds",3,3,3,3,0,0,4,"detected_multimodality"
"inflect_ward_k60",36,726106,"CD57","no_detected_multimodality","neither test rejects in any seed",3,0,0,0,1,0.830145842151845,4,"stratified_5_percent_pass_audit"
"inflect_ward_k60",36,726106,"Tbet","detected_multimodality","both tests reject in at least two seeds",3,3,3,3,0,0,4,"detected_multimodality"
"inflect_ward_k60",37,77690,"CD11c","no_detected_multimodality","neither test rejects in any seed",3,0,0,0,1,0.766815225794716,1,"stratified_5_percent_pass_audit"
"inflect_ward_k60",37,77690,"CD127","ambiguous","discordant_tests;seed_instability",3,0,0,2,0.839055719470949,0,1,"ambiguous"
"inflect_ward_k60",37,77690,"CD161","ambiguous","discordant_tests;seed_instability",3,0,0,2,0.416332925624882,0.00450225112556278,1,"ambiguous"
"inflect_ward_k60",37,77690,"CD27","ambiguous","discordant_tests;seed_instability",3,0,0,2,1,0,1,"ambiguous"
"inflect_ward_k60",37,77690,"CD294_CRTH2","no_detected_multimodality","neither test rejects in any seed",3,0,0,0,1,0.626222202010096,1,"stratified_5_percent_pass_audit"
"inflect_ward_k60",37,77690,"CD4","ambiguous","discordant_tests;seed_instability",3,0,0,2,0.839055719470949,0,1,"ambiguous"
"inflect_ward_k60",37,77690,"Tbet","ambiguous","discordant_tests;seed_instability",3,0,0,1,1,0.0236368184092046,1,"ambiguous"
"inflect_ward_k60",38,6709,"CD11c","detected_multimodality","both tests reject in at least two seeds",3,3,3,3,0,0,1,"detected_multimodality"
"inflect_ward_k60",38,6709,"CD14","ambiguous","discordant_tests;seed_instability;borderline_q",3,0,0,1,1,0.040520260130065,1,"ambiguous"
"inflect_ward_k60",38,6709,"CD161","no_detected_multimodality","neither test rejects in any seed",3,0,0,0,1,0.775030372329022,1,"stratified_5_percent_pass_audit"
"inflect_ward_k60",38,6709,"CD185_CXCR5","no_detected_multimodality","neither test rejects in any seed",3,0,0,0,1,0.734131771768237,1,"stratified_5_percent_pass_audit"
"inflect_ward_k60",38,6709,"CD1c","detected_multimodality","both tests reject in at least two seeds",3,3,3,3,0,0,1,"detected_multimodality"
"inflect_ward_k60",38,6709,"CD3","detected_multimodality","both tests reject in at least two seeds",3,3,3,3,0,0,1,"detected_multimodality"
"inflect_ward_k60",38,6709,"CD56","ambiguous","discordant_tests;seed_instability",3,0,0,1,1,0.0360180090045022,1,"ambiguous"
"inflect_ward_k60",38,6709,"CD7","ambiguous","discordant_tests;seed_instability",3,0,0,1,1,0,1,"ambiguous"
"inflect_ward_k60",38,6709,"FoxP3","ambiguous","borderline_q",3,0,0,0,1,0.0607803901950975,1,"ambiguous"
"inflect_ward_k60",38,6709,"HLA-DR","detected_multimodality","both tests reject in at least two seeds",3,3,3,3,0,0,1,"detected_multimodality"
"inflect_ward_k60",38,6709,"TCRgd_CD141","ambiguous","discordant_tests",3,0,0,3,0.228700214623061,0,1,"ambiguous"
"inflect_ward_k60",39,4272277,"CD197_CCR7","detected_multimodality","both tests reject in at least two seeds",3,3,3,3,0,0,4,"detected_multimodality"
"inflect_ward_k60",39,4272277,"CD45RA","detected_multimodality","both tests reject in at least two seeds",3,3,3,3,0,0,4,"detected_multimodality"
"inflect_ward_k60",40,413636,"CD27","ambiguous","discordant_tests;seed_instability",3,0,0,1,0.997337632056951,0.0135067533766883,3,"ambiguous"
"inflect_ward_k60",40,413636,"CD38","no_detected_multimodality","neither test rejects in any seed",3,0,0,0,0.997337632056951,0.760237261487887,3,"stratified_5_percent_pass_audit"
"inflect_ward_k60",40,413636,"CD57","ambiguous","borderline_q",3,0,0,0,0.997337632056951,0.0945472736368184,3,"ambiguous"
"inflect_ward_k60",40,413636,"TCRgd_CD141","no_detected_multimodality","neither test rejects in any seed",3,0,0,0,0.997337632056951,0.710455227613807,3,"stratified_5_percent_pass_audit"
"inflect_ward_k60",41,22279,"CD11c","ambiguous","discordant_tests",3,0,0,3,0.186843807819526,0,1,"ambiguous"
"inflect_ward_k60",41,22279,"CD127","ambiguous","discordant_tests;seed_instability",3,0,0,1,0.539227323781734,0.0101300650325163,1,"ambiguous"
"inflect_ward_k60",41,22279,"CD159c_NKG2C","ambiguous","discordant_tests;seed_instability",3,0,0,2,0.997490794395469,0.00613943335304016,1,"ambiguous"
"inflect_ward_k60",41,22279,"CD19","ambiguous","discordant_tests;seed_instability",3,0,0,1,0.660072495740521,0.00135067533766883,1,"ambiguous"
"inflect_ward_k60",41,22279,"CD197_CCR7","ambiguous","discordant_tests;seed_instability",3,1,1,2,0.00215487815789313,0,1,"ambiguous"
"inflect_ward_k60",41,22279,"CD25","ambiguous","discordant_tests;seed_instability;borderline_q",3,0,0,1,0.997490794395469,0.0270135067533767,1,"ambiguous"
"inflect_ward_k60",41,22279,"CD27","detected_multimodality","both tests reject in at least two seeds",3,3,3,3,0,0,1,"detected_multimodality"
"inflect_ward_k60",41,22279,"CD3","detected_multimodality","both tests reject in at least two seeds",3,3,3,3,0,0,1,"detected_multimodality"
"inflect_ward_k60",41,22279,"CD303_TCRvd2","ambiguous","discordant_tests",3,0,0,3,0.612411213180675,0,1,"ambiguous"
"inflect_ward_k60",41,22279,"CD38","ambiguous","borderline_q",3,0,0,0,0.997490794395469,0.079239619809905,1,"ambiguous"
"inflect_ward_k60",41,22279,"CD4","ambiguous","discordant_tests",3,0,0,3,0.970259783030115,0.00135067533766883,1,"ambiguous"
"inflect_ward_k60",41,22279,"CD45RA","detected_multimodality","both tests reject in at least two seeds",3,2,2,3,0.00643359833773973,0,1,"detected_multimodality"
"inflect_ward_k60",41,22279,"CD56","detected_multimodality","both tests reject in at least two seeds",3,3,3,3,0,0,1,"detected_multimodality"
"inflect_ward_k60",41,22279,"CD57","ambiguous","discordant_tests",3,0,0,3,0.624432009515798,0,1,"ambiguous"
"inflect_ward_k60",41,22279,"CD7","ambiguous","discordant_tests;borderline_q",3,0,0,3,0.073021272169469,0,1,"ambiguous"
"inflect_ward_k60",41,22279,"FoxP3","no_detected_multimodality","neither test rejects in any seed",3,0,0,0,0.997490794395469,0.730365182591296,1,"stratified_5_percent_pass_audit"
"inflect_ward_k60",41,22279,"HLA-DR","ambiguous","borderline_q",3,0,0,0,0.997490794395469,0.0598156220967627,1,"ambiguous"
"inflect_ward_k60",41,22279,"Tbet","detected_multimodality","both tests reject in at least two seeds",3,3,3,3,0,0,1,"detected_multimodality"
"inflect_ward_k60",41,22279,"TCRgd_CD141","ambiguous","borderline_q",3,0,0,0,0.997490794395469,0.0887586650468091,1,"ambiguous"
"inflect_ward_k60",42,1093840,"CD127","ambiguous","discordant_tests;seed_instability",3,0,0,1,0.999246970834748,0.00675337668834417,4,"ambiguous"
"inflect_ward_k60",42,1093840,"CD27","detected_multimodality","both tests reject in at least two seeds",3,3,3,3,0,0,4,"detected_multimodality"
"inflect_ward_k60",42,1093840,"CD7","ambiguous","discordant_tests;seed_instability",3,0,0,2,0.537828860357382,0,4,"ambiguous"
"inflect_ward_k60",42,1093840,"CD8","no_detected_multimodality","neither test rejects in any seed",3,0,0,0,0.999246970834748,0.84728902912995,4,"stratified_5_percent_pass_audit"
"inflect_ward_k60",43,101917,"CD11c","detected_multimodality","both tests reject in at least two seeds",3,3,3,3,0,0,1,"detected_multimodality"
"inflect_ward_k60",43,101917,"CD197_CCR7","no_detected_multimodality","neither test rejects in any seed",3,0,0,0,1,0.198742228256986,1,"stratified_5_percent_pass_audit"
"inflect_ward_k60",43,101917,"CD1c","detected_multimodality","both tests reject in at least two seeds",3,3,3,3,0,0,1,"detected_multimodality"
"inflect_ward_k60",43,101917,"CD3","ambiguous","discordant_tests;seed_instability",3,0,0,1,1,0.0157578789394697,1,"ambiguous"
"inflect_ward_k60",43,101917,"CD45RA","ambiguous","borderline_q",3,0,0,0,1,0.0765382691345673,1,"ambiguous"
"inflect_ward_k60",43,101917,"CD56","ambiguous","discordant_tests",3,0,0,3,0.132585821189405,0,1,"ambiguous"
"inflect_ward_k60",43,101917,"HLA-DR","detected_multimodality","both tests reject in at least two seeds",3,3,3,3,7.15499579561907e-05,0,1,"detected_multimodality"
"inflect_ward_k60",43,101917,"TCRgd_CD141","detected_multimodality","both tests reject in at least two seeds",3,3,3,3,0,0,1,"detected_multimodality"
"inflect_ward_k60",44,115966,"CD1c","ambiguous","borderline_q",3,0,0,0,1,0.0877938969484742,1,"ambiguous"
"inflect_ward_k60",44,115966,"CD38","no_detected_multimodality","neither test rejects in any seed",3,0,0,0,1,0.815470235117559,1,"stratified_5_percent_pass_audit"
"inflect_ward_k60",44,115966,"CD45RA","no_detected_multimodality","neither test rejects in any seed",3,0,0,0,1,0.32416208104052,1,"stratified_5_percent_pass_audit"
"inflect_ward_k60",44,115966,"CD8","ambiguous","borderline_q",3,0,0,0,1,0.0877938969484742,1,"ambiguous"
"inflect_ward_k60",45,60777,"CD159c_NKG2C","ambiguous","discordant_tests",3,0,0,3,0.998493262224911,0.0135067533766883,1,"ambiguous"
"inflect_ward_k60",45,60777,"CD57","detected_multimodality","both tests reject in at least two seeds",3,2,2,3,0.0269408954707632,0,1,"detected_multimodality"
"inflect_ward_k60",46,170897,"CD294_CRTH2","no_detected_multimodality","neither test rejects in any seed",3,0,0,0,1,0.840795397698849,2,"stratified_5_percent_pass_audit"
"inflect_ward_k60",47,118692,"CD14","ambiguous","discordant_tests;seed_instability",3,0,0,1,0.999839017892529,0.0135067533766883,2,"ambiguous"
"inflect_ward_k60",47,118692,"CD159c_NKG2C","ambiguous","discordant_tests;seed_instability",3,0,0,2,0.999839017892529,0.0135067533766883,2,"ambiguous"
"inflect_ward_k60",47,118692,"CD27","detected_multimodality","both tests reject in at least two seeds",3,3,3,3,0,0,2,"detected_multimodality"
"inflect_ward_k60",47,118692,"CD3","no_detected_multimodality","neither test rejects in any seed",3,0,0,0,0.999839017892529,0.102651325662831,2,"stratified_5_percent_pass_audit"
"inflect_ward_k60",47,118692,"CD45RA","ambiguous","discordant_tests;seed_instability",3,0,0,1,0.999839017892529,0.0270135067533767,2,"ambiguous"
"inflect_ward_k60",47,118692,"CD8","detected_multimodality","both tests reject in at least two seeds",3,2,2,3,0.000641387116562309,0,2,"detected_multimodality"
"inflect_ward_k60",48,620548,"CD11c","detected_multimodality","both tests reject in at least two seeds",3,2,2,3,0.00548798030322392,0,4,"detected_multimodality"
"inflect_ward_k60",48,620548,"CD14","detected_multimodality","both tests reject in at least two seeds",3,3,3,3,0,0,4,"detected_multimodality"
"inflect_ward_k60",48,620548,"CD19","no_detected_multimodality","neither test rejects in any seed",3,0,0,0,1,0.921576172701736,4,"stratified_5_percent_pass_audit"
"inflect_ward_k60",48,620548,"CD1c","detected_multimodality","both tests reject in at least two seeds",3,3,3,3,3.10651346346891e-06,0,4,"detected_multimodality"
"inflect_ward_k60",48,620548,"CD4","no_detected_multimodality","neither test rejects in any seed",3,0,0,0,1,0.817158579289645,4,"stratified_5_percent_pass_audit"
"inflect_ward_k60",48,620548,"CD45RA","ambiguous","borderline_q",3,0,0,0,1,0.0675337668834417,4,"ambiguous"
"inflect_ward_k60",48,620548,"CD56","ambiguous","borderline_q",3,0,0,0,1,0.0675337668834417,4,"ambiguous"
"inflect_ward_k60",48,620548,"HLA-DR","detected_multimodality","both tests reject in at least two seeds",3,3,3,3,0,0,4,"detected_multimodality"
"inflect_ward_k60",49,672104,"CD197_CCR7","ambiguous","discordant_tests;seed_instability",3,0,0,1,0.788693922806586,0,4,"ambiguous"
"inflect_ward_k60",49,672104,"Tbet","no_detected_multimodality","neither test rejects in any seed",3,0,0,0,1,0.957940508715896,4,"stratified_5_percent_pass_audit"
"inflect_ward_k60",50,3842157,"CD11c","no_detected_multimodality","neither test rejects in any seed",3,0,0,0,1,0.940187485046871,4,"stratified_5_percent_pass_audit"
"inflect_ward_k60",50,3842157,"CD197_CCR7","ambiguous","borderline_q",3,0,0,0,1,0.0742871435717859,4,"ambiguous"
"inflect_ward_k60",50,3842157,"CD27","detected_multimodality","both tests reject in at least two seeds",3,3,3,3,0,0,4,"detected_multimodality"
"inflect_ward_k60",50,3842157,"CD303_TCRvd2","no_detected_multimodality","neither test rejects in any seed",3,0,0,0,1,0.32416208104052,4,"stratified_5_percent_pass_audit"
"inflect_ward_k60",51,1793702,"CD27","detected_multimodality","both tests reject in at least two seeds",3,3,3,3,0,0,4,"detected_multimodality"
"inflect_ward_k60",51,1793702,"CD7","ambiguous","discordant_tests",3,0,0,3,0.292632716412971,0.00675337668834417,4,"ambiguous"
"inflect_ward_k60",52,3678534,"CD159c_NKG2C","no_detected_multimodality","neither test rejects in any seed",3,0,0,0,1,0.684792396198099,4,"stratified_5_percent_pass_audit"
"inflect_ward_k60",53,1028144,"CD14","no_detected_multimodality","neither test rejects in any seed",3,0,0,0,1,0.933586793396698,4,"stratified_5_percent_pass_audit"
"inflect_ward_k60",53,1028144,"CD19","ambiguous","borderline_q",3,0,0,0,1,0.0900450225112556,4,"ambiguous"
"inflect_ward_k60",53,1028144,"CD25","detected_multimodality","both tests reject in at least two seeds",3,2,2,3,0.0251157225843205,0,4,"detected_multimodality"
"inflect_ward_k60",53,1028144,"CD3","no_detected_multimodality","neither test rejects in any seed",3,0,0,0,1,0.534481526477524,4,"stratified_5_percent_pass_audit"
"inflect_ward_k60",53,1028144,"CD45RA","no_detected_multimodality","neither test rejects in any seed",3,0,0,0,1,0.56255627813907,4,"stratified_5_percent_pass_audit"
"inflect_ward_k60",53,1028144,"CD56","no_detected_multimodality","neither test rejects in any seed",3,0,0,0,1,0.480840420210105,4,"stratified_5_percent_pass_audit"
"inflect_ward_k60",53,1028144,"FoxP3","detected_multimodality","both tests reject in at least two seeds",3,3,3,3,0.000373468731350579,0,4,"detected_multimodality"
"inflect_ward_k60",54,260211,"CD11c","ambiguous","discordant_tests",3,0,0,3,0.999942775994159,0,2,"ambiguous"
"inflect_ward_k60",54,260211,"CD14","ambiguous","discordant_tests;seed_instability",3,0,0,2,0.999942775994159,0.00675337668834417,2,"ambiguous"
"inflect_ward_k60",54,260211,"CD159c_NKG2C","no_detected_multimodality","neither test rejects in any seed",3,0,0,0,0.999942775994159,0.504814907453727,2,"stratified_5_percent_pass_audit"
"inflect_ward_k60",54,260211,"CD185_CXCR5","ambiguous","discordant_tests;seed_instability;borderline_q",3,0,0,1,0.999942775994159,0.0247623811905953,2,"ambiguous"
"inflect_ward_k60",54,260211,"CD294_CRTH2","ambiguous","discordant_tests",3,0,0,3,0.927516052493944,0,2,"ambiguous"
"inflect_ward_k60",54,260211,"CD303_TCRvd2","detected_multimodality","both tests reject in at least two seeds",3,3,3,3,0,0,2,"detected_multimodality"
"inflect_ward_k60",54,260211,"CD38","ambiguous","discordant_tests",3,0,0,3,0.329471215928572,0,2,"ambiguous"
"inflect_ward_k60",54,260211,"CD4","detected_multimodality","both tests reject in at least two seeds",3,3,3,3,0,0,2,"detected_multimodality"
"inflect_ward_k60",54,260211,"CD45RA","detected_multimodality","both tests reject in at least two seeds",3,3,3,3,0,0,2,"detected_multimodality"
"inflect_ward_k60",54,260211,"CD57","ambiguous","discordant_tests",3,0,0,3,0.194160863765561,0,2,"ambiguous"
"inflect_ward_k60",54,260211,"CD7","ambiguous","discordant_tests",3,0,0,3,0.425709740597502,0,2,"ambiguous"
"inflect_ward_k60",54,260211,"HLA-DR","detected_multimodality","both tests reject in at least two seeds",3,3,3,3,0,0,2,"detected_multimodality"
"inflect_ward_k60",54,260211,"TCRgd_CD141","detected_multimodality","both tests reject in at least two seeds",3,3,3,3,0,0,2,"detected_multimodality"
"inflect_ward_k60",56,5226443,"CD45RA","detected_multimodality","both tests reject in at least two seeds",3,3,3,3,0,0,4,"detected_multimodality"
"inflect_ward_k60",57,1013096,"CD127","no_detected_multimodality","neither test rejects in any seed",3,0,0,0,1,0.545897948974487,4,"stratified_5_percent_pass_audit"
"inflect_ward_k60",57,1013096,"CD185_CXCR5","ambiguous","borderline_q",3,0,0,0,0.594421555959487,0.0540270135067534,4,"ambiguous"
"inflect_ward_k60",57,1013096,"CD19","detected_multimodality","both tests reject in at least two seeds",3,2,2,3,0.0105742129684574,0,4,"detected_multimodality"
"inflect_ward_k60",57,1013096,"CD21","detected_multimodality","both tests reject in at least two seeds",3,3,3,3,0,0,4,"detected_multimodality"
"inflect_ward_k60",57,1013096,"CD294_CRTH2","no_detected_multimodality","neither test rejects in any seed",3,0,0,0,1,0.591119088956243,4,"stratified_5_percent_pass_audit"
"inflect_ward_k60",57,1013096,"CD303_TCRvd2","ambiguous","borderline_q",3,0,0,0,1,0.0810405202601301,4,"ambiguous"
"inflect_ward_k60",57,1013096,"CD57","ambiguous","borderline_q",3,0,0,0,1,0.0945472736368184,4,"ambiguous"
"inflect_ward_k60",57,1013096,"CD7","ambiguous","discordant_tests;seed_instability",3,0,0,1,1,0.0236368184092046,4,"ambiguous"
"inflect_ward_k60",57,1013096,"Tbet","ambiguous","discordant_tests;seed_instability;borderline_q",3,0,0,1,1,0.0236368184092046,4,"ambiguous"
"inflect_ward_k60",58,2920244,"CD161","ambiguous","discordant_tests;seed_instability",3,0,0,1,0.999206710150963,0.0270135067533767,4,"ambiguous"
"inflect_ward_k60",58,2920244,"CD185_CXCR5","no_detected_multimodality","neither test rejects in any seed",3,0,0,0,0.999206710150963,0.825262631315658,4,"stratified_5_percent_pass_audit"
"inflect_ward_k60",58,2920244,"CD21","ambiguous","discordant_tests;seed_instability",3,0,0,1,0.999206710150963,0,4,"ambiguous"
"inflect_ward_k60",58,2920244,"CD27","no_detected_multimodality","neither test rejects in any seed",3,0,0,0,0.999206710150963,0.131690845422711,4,"stratified_5_percent_pass_audit"
"inflect_ward_k60",58,2920244,"CD294_CRTH2","ambiguous","discordant_tests;seed_instability",3,0,0,1,0.999206710150963,0.0135067533766883,4,"ambiguous"
"inflect_ward_k60",58,2920244,"CD7","no_detected_multimodality","neither test rejects in any seed",3,0,0,0,0.999206710150963,0.827288644322161,4,"stratified_5_percent_pass_audit"
"inflect_ward_k60",58,2920244,"FoxP3","no_detected_multimodality","neither test rejects in any seed",3,0,0,0,0.999206710150963,0.863306653326663,4,"stratified_5_percent_pass_audit"
"inflect_ward_k60",59,278423,"CD127","no_detected_multimodality","neither test rejects in any seed",3,0,0,0,0.998686090884055,0.256628314157079,3,"stratified_5_percent_pass_audit"
"inflect_ward_k60",59,278423,"CD14","ambiguous","discordant_tests;seed_instability;borderline_q",3,1,1,3,0.0285111723070613,0,3,"ambiguous"
"inflect_ward_k60",59,278423,"CD16","no_detected_multimodality","neither test rejects in any seed",3,0,0,0,0.998686090884055,0.413644322161081,3,"stratified_5_percent_pass_audit"
"inflect_ward_k60",59,278423,"CD185_CXCR5","ambiguous","discordant_tests;seed_instability",3,1,1,3,0.0392336157148757,0,3,"ambiguous"
"inflect_ward_k60",59,278423,"CD1c","no_detected_multimodality","neither test rejects in any seed",3,0,0,0,0.998686090884055,0.744372186093047,3,"stratified_5_percent_pass_audit"
"inflect_ward_k60",59,278423,"CD21","ambiguous","discordant_tests;seed_instability",3,0,0,1,0.202246334995621,0.00225112556278139,3,"ambiguous"
"inflect_ward_k60",59,278423,"CD25","ambiguous","borderline_q",3,0,0,0,0.998686090884055,0.0877938969484742,3,"ambiguous"
"inflect_ward_k60",59,278423,"CD27","ambiguous","discordant_tests;borderline_q",3,0,0,3,0.0845547874042528,0,3,"ambiguous"
"inflect_ward_k60",59,278423,"CD38","detected_multimodality","both tests reject in at least two seeds",3,3,3,3,0,0,3,"detected_multimodality"
"inflect_ward_k60",59,278423,"CD56","ambiguous","borderline_q",3,0,0,0,0.998686090884055,0.0787893946973487,3,"ambiguous"
"inflect_ward_k60",59,278423,"CD7","detected_multimodality","both tests reject in at least two seeds",3,3,3,3,0.000449423095539747,0,3,"detected_multimodality"
"inflect_ward_k60",59,278423,"CD8","no_detected_multimodality","neither test rejects in any seed",3,0,0,0,0.998686090884055,0.836624194450166,3,"stratified_5_percent_pass_audit"
"inflect_ward_k60",60,541968,"CD127","ambiguous","borderline_q",3,0,0,0,0.999081515419404,0.0607803901950975,3,"ambiguous"
"inflect_ward_k60",60,541968,"CD197_CCR7","ambiguous","discordant_tests;seed_instability",3,0,0,1,0.999081515419404,0,3,"ambiguous"
"inflect_ward_k60",60,541968,"CD27","ambiguous","discordant_tests;seed_instability",3,0,0,1,0.999081515419404,0.0135067533766883,3,"ambiguous"
"inflect_ward_k60",60,541968,"CD4","ambiguous","borderline_q",3,0,0,0,0.999081515419404,0.0855427713856929,3,"ambiguous"
"inflect_ward_k60",60,541968,"CD7","ambiguous","discordant_tests;seed_instability;borderline_q",3,0,0,1,0.999081515419404,0.0472736368184092,3,"ambiguous"
"inflect_ward_k62",1,283291,"CD11c","detected_multimodality","both tests reject in at least two seeds",3,3,3,3,0.0288589846400391,0,3,"detected_multimodality"
"inflect_ward_k62",1,283291,"CD14","no_detected_multimodality","neither test rejects in any seed",3,0,0,0,0.999154305151977,0.153976988494247,3,"stratified_5_percent_pass_audit"
"inflect_ward_k62",1,283291,"CD185_CXCR5","ambiguous","discordant_tests",3,0,0,3,0.999154305151977,0,3,"ambiguous"
"inflect_ward_k62",1,283291,"CD19","no_detected_multimodality","neither test rejects in any seed",3,0,0,0,0.999154305151977,0.295797898949475,3,"stratified_5_percent_pass_audit"
"inflect_ward_k62",1,283291,"CD197_CCR7","ambiguous","discordant_tests;seed_instability;borderline_q",3,0,0,1,0.999154305151977,0.00675337668834417,3,"ambiguous"
"inflect_ward_k62",1,283291,"CD1c","ambiguous","discordant_tests;seed_instability;borderline_q",3,0,0,1,0.999154305151977,0.0495247623811906,3,"ambiguous"
"inflect_ward_k62",1,283291,"CD21","ambiguous","discordant_tests;seed_instability;borderline_q",3,0,0,2,0.999154305151977,0.00450225112556278,3,"ambiguous"
"inflect_ward_k62",1,283291,"CD3","ambiguous","discordant_tests;seed_instability",3,0,0,1,0.999154305151977,0.0371435717858929,3,"ambiguous"
"inflect_ward_k62",1,283291,"CD38","no_detected_multimodality","neither test rejects in any seed",3,0,0,0,0.999154305151977,0.222111055527764,3,"stratified_5_percent_pass_audit"
"inflect_ward_k62",1,283291,"CD56","ambiguous","borderline_q",3,0,0,0,0.999154305151977,0.0658454227113557,3,"ambiguous"
"inflect_ward_k62",1,283291,"CD8","ambiguous","discordant_tests;seed_instability",3,0,0,1,0.999154305151977,0.0495247623811906,3,"ambiguous"
"inflect_ward_k62",1,283291,"Tbet","ambiguous","borderline_q",3,0,0,0,0.999154305151977,0.0648324162081041,3,"ambiguous"
"inflect_ward_k62",1,283291,"TCRgd_CD141","ambiguous","borderline_q",3,0,0,0,0.999154305151977,0.0675337668834417,3,"ambiguous"
"inflect_ward_k62",2,271299,"CD11c","ambiguous","discordant_tests;seed_instability;borderline_q",3,0,0,2,0.833528177063373,0,2,"ambiguous"
"inflect_ward_k62",2,271299,"CD197_CCR7","no_detected_multimodality","neither test rejects in any seed",3,0,0,0,0.999832194107196,0.79352176088044,2,"stratified_5_percent_pass_audit"
"inflect_ward_k62",2,271299,"CD27","no_detected_multimodality","neither test rejects in any seed",3,0,0,0,0.999832194107196,0.922318302008147,2,"stratified_5_percent_pass_audit"
"inflect_ward_k62",2,271299,"CD57","ambiguous","discordant_tests;seed_instability",3,0,0,1,0.999832194107196,0,2,"ambiguous"
"inflect_ward_k62",2,271299,"HLA-DR","no_detected_multimodality","neither test rejects in any seed",3,0,0,0,0.999832194107196,0.79352176088044,2,"stratified_5_percent_pass_audit"
"inflect_ward_k62",2,271299,"Tbet","no_detected_multimodality","neither test rejects in any seed",3,0,0,0,0.999832194107196,0.79352176088044,2,"stratified_5_percent_pass_audit"
"inflect_ward_k62",3,438555,"CD57","detected_multimodality","both tests reject in at least two seeds",3,3,3,3,0,0,3,"detected_multimodality"
"inflect_ward_k62",4,302122,"CD159c_NKG2C","detected_multimodality","both tests reject in at least two seeds",3,3,3,3,0,0,3,"detected_multimodality"
"inflect_ward_k62",4,302122,"CD25","no_detected_multimodality","neither test rejects in any seed",3,0,0,0,1,0.96074124018531,3,"stratified_5_percent_pass_audit"
"inflect_ward_k62",4,302122,"CD57","detected_multimodality","both tests reject in at least two seeds",3,3,3,3,0,0,3,"detected_multimodality"
"inflect_ward_k62",4,302122,"TCRgd_CD141","ambiguous","discordant_tests;seed_instability;borderline_q",3,0,0,1,1,0,3,"ambiguous"
"inflect_ward_k62",5,228900,"CD159c_NKG2C","ambiguous","discordant_tests;seed_instability",3,0,0,1,1,0.00900450225112556,2,"ambiguous"
"inflect_ward_k62",5,228900,"CD3","detected_multimodality","both tests reject in at least two seeds",3,3,3,3,0,0,2,"detected_multimodality"
"inflect_ward_k62",5,228900,"CD38","ambiguous","discordant_tests;seed_instability",3,0,0,1,1,0.0202601300650325,2,"ambiguous"
"inflect_ward_k62",5,228900,"CD57","detected_multimodality","both tests reject in at least two seeds",3,3,3,3,0,0,2,"detected_multimodality"
"inflect_ward_k62",6,331025,"CD11c","detected_multimodality","both tests reject in at least two seeds",3,2,2,3,0,0,3,"detected_multimodality"
"inflect_ward_k62",6,331025,"CD161","ambiguous","discordant_tests;seed_instability;borderline_q",3,1,1,3,0.000681354266652279,0,3,"ambiguous"
"inflect_ward_k62",6,331025,"CD197_CCR7","ambiguous","discordant_tests;seed_instability",3,0,0,1,1,0.0351175587793897,3,"ambiguous"
"inflect_ward_k62",6,331025,"CD27","no_detected_multimodality","neither test rejects in any seed",3,0,0,0,1,0.951475737868934,3,"stratified_5_percent_pass_audit"
"inflect_ward_k62",6,331025,"CD3","detected_multimodality","both tests reject in at least two seeds",3,3,3,3,0,0,3,"detected_multimodality"
"inflect_ward_k62",6,331025,"CD57","ambiguous","discordant_tests;seed_instability;borderline_q",3,0,0,2,0.0714797731301453,0,3,"ambiguous"
"inflect_ward_k62",6,331025,"Tbet","no_detected_multimodality","neither test rejects in any seed",3,0,0,0,1,0.858489244622311,3,"stratified_5_percent_pass_audit"
"inflect_ward_k62",7,317695,"CD11c","detected_multimodality","both tests reject in at least two seeds",3,3,3,3,0.00454066422711108,0,3,"detected_multimodality"
"inflect_ward_k62",7,317695,"CD161","ambiguous","discordant_tests;seed_instability",3,1,1,3,0.0413729735110236,0,3,"ambiguous"
"inflect_ward_k62",7,317695,"CD21","no_detected_multimodality","neither test rejects in any seed",3,0,0,0,1,0.191024083470307,3,"stratified_5_percent_pass_audit"
"inflect_ward_k62",7,317695,"CD3","ambiguous","discordant_tests;seed_instability",3,0,0,1,1,0.040520260130065,3,"ambiguous"
"inflect_ward_k62",7,317695,"CD57","ambiguous","discordant_tests;seed_instability",3,0,0,2,1,0.00900450225112556,3,"ambiguous"
"inflect_ward_k62",7,317695,"CD7","no_detected_multimodality","neither test rejects in any seed",3,0,0,0,1,0.788456728364182,3,"stratified_5_percent_pass_audit"
"inflect_ward_k62",8,128303,"CD11c","ambiguous","borderline_q",3,0,0,0,0.998077052840693,0.0810405202601301,2,"ambiguous"
"inflect_ward_k62",8,128303,"CD159c_NKG2C","ambiguous","discordant_tests;seed_instability;borderline_q",3,0,0,1,0.380486431131962,0,2,"ambiguous"
"inflect_ward_k62",8,128303,"CD161","no_detected_multimodality","neither test rejects in any seed",3,0,0,0,0.998077052840693,0.535503045640467,2,"stratified_5_percent_pass_audit"
"inflect_ward_k62",8,128303,"CD4","no_detected_multimodality","neither test rejects in any seed",3,0,0,0,0.998077052840693,0.802841420710355,2,"stratified_5_percent_pass_audit"
"inflect_ward_k62",8,128303,"CD57","detected_multimodality","both tests reject in at least two seeds",3,3,3,3,0,0,2,"detected_multimodality"
"inflect_ward_k62",8,128303,"CD8","no_detected_multimodality","neither test rejects in any seed",3,0,0,0,0.998077052840693,0.631262999921013,2,"stratified_5_percent_pass_audit"
"inflect_ward_k62",9,280345,"CD159c_NKG2C","ambiguous","discordant_tests;seed_instability",3,0,0,2,0.999396129696889,0,3,"ambiguous"
"inflect_ward_k62",9,280345,"CD57","detected_multimodality","both tests reject in at least two seeds",3,3,3,3,0,0,3,"detected_multimodality"
"inflect_ward_k62",9,280345,"TCRgd_CD141","ambiguous","discordant_tests;seed_instability",3,0,0,1,0.999396129696889,0.040520260130065,3,"ambiguous"
"inflect_ward_k62",10,58949,"CD14","ambiguous","discordant_tests;seed_instability",3,0,0,1,0.999201564626149,0.0135067533766883,1,"ambiguous"
"inflect_ward_k62",10,58949,"CD159c_NKG2C","ambiguous","discordant_tests;seed_instability;borderline_q",3,1,1,3,0.0240927597922941,0,1,"ambiguous"
"inflect_ward_k62",10,58949,"CD19","no_detected_multimodality","neither test rejects in any seed",3,0,0,0,0.999201564626149,0.919539769884943,1,"stratified_5_percent_pass_audit"
"inflect_ward_k62",10,58949,"CD197_CCR7","no_detected_multimodality","neither test rejects in any seed",3,0,0,0,0.999201564626149,0.6114875619628,1,"stratified_5_percent_pass_audit"
"inflect_ward_k62",10,58949,"CD3","ambiguous","borderline_q",3,0,0,0,0.999201564626149,0.0506503251625813,1,"ambiguous"
"inflect_ward_k62",10,58949,"CD303_TCRvd2","ambiguous","borderline_q",3,0,0,0,0.999201564626149,0.0891445722861431,1,"ambiguous"
"inflect_ward_k62",10,58949,"CD38","no_detected_multimodality","neither test rejects in any seed",3,0,0,0,0.999201564626149,0.494554969792589,1,"stratified_5_percent_pass_audit"
"inflect_ward_k62",10,58949,"CD56","detected_multimodality","both tests reject in at least two seeds",3,2,2,3,0.00880808134941935,0,1,"detected_multimodality"
"inflect_ward_k62",10,58949,"CD57","ambiguous","discordant_tests;borderline_q",3,0,0,3,0.0743236315004346,0,1,"ambiguous"
"inflect_ward_k62",11,607557,"CD27","no_detected_multimodality","neither test rejects in any seed",3,0,0,0,1,0.699349674837419,4,"stratified_5_percent_pass_audit"
"inflect_ward_k62",11,607557,"CD45RA","ambiguous","seed_instability",3,1,1,1,0.0226281909163745,0,4,"ambiguous"
"inflect_ward_k62",11,607557,"CD8","no_detected_multimodality","neither test rejects in any seed",3,0,0,0,1,0.699349674837419,4,"stratified_5_percent_pass_audit"
"inflect_ward_k62",11,607557,"Tbet","no_detected_multimodality","neither test rejects in any seed",3,0,0,0,1,0.692221110555278,4,"stratified_5_percent_pass_audit"
"inflect_ward_k62",11,607557,"TCRgd_CD141","no_detected_multimodality","neither test rejects in any seed",3,0,0,0,1,0.905595654970342,4,"stratified_5_percent_pass_audit"
"inflect_ward_k62",12,338387,"CD11c","detected_multimodality","both tests reject in at least two seeds",3,3,3,3,0,0,3,"detected_multimodality"
"inflect_ward_k62",12,338387,"CD159c_NKG2C","no_detected_multimodality","neither test rejects in any seed",3,0,0,0,1,0.68742265869777,3,"stratified_5_percent_pass_audit"
"inflect_ward_k62",12,338387,"CD303_TCRvd2","no_detected_multimodality","neither test rejects in any seed",3,0,0,0,1,0.68742265869777,3,"stratified_5_percent_pass_audit"
"inflect_ward_k62",13,133968,"CD11c","ambiguous","borderline_q",3,0,0,0,1,0.0648324162081041,2,"ambiguous"
"inflect_ward_k62",13,133968,"CD161","ambiguous","discordant_tests;seed_instability",3,0,0,1,1,0.0135067533766883,2,"ambiguous"
"inflect_ward_k62",13,133968,"CD25","no_detected_multimodality","neither test rejects in any seed",3,0,0,0,1,0.909454727363682,2,"stratified_5_percent_pass_audit"
"inflect_ward_k62",13,133968,"CD38","ambiguous","discordant_tests;seed_instability",3,1,1,2,0.00327129754819233,0,2,"ambiguous"
"inflect_ward_k62",13,133968,"CD56","ambiguous","discordant_tests",3,0,0,3,1,0,2,"ambiguous"
"inflect_ward_k62",13,133968,"CD7","ambiguous","discordant_tests",3,0,0,3,1,0,2,"ambiguous"
"inflect_ward_k62",13,133968,"FoxP3","ambiguous","discordant_tests;seed_instability",3,0,0,1,1,0.0135067533766883,2,"ambiguous"
"inflect_ward_k62",13,133968,"HLA-DR","ambiguous","borderline_q",3,0,0,0,1,0.0648324162081041,2,"ambiguous"
"inflect_ward_k62",14,251526,"CD11c","detected_multimodality","both tests reject in at least two seeds",3,2,2,3,0.0229641082466314,0,2,"detected_multimodality"
"inflect_ward_k62",14,251526,"CD14","no_detected_multimodality","neither test rejects in any seed",3,0,0,0,1,0.937875187593797,2,"stratified_5_percent_pass_audit"
"inflect_ward_k62",14,251526,"CD16","detected_multimodality","both tests reject in at least two seeds",3,3,3,3,0,0,2,"detected_multimodality"
"inflect_ward_k62",14,251526,"CD19","no_detected_multimodality","neither test rejects in any seed",3,0,0,0,1,0.937875187593797,2,"stratified_5_percent_pass_audit"
"inflect_ward_k62",14,251526,"CD303_TCRvd2","no_detected_multimodality","neither test rejects in any seed",3,0,0,0,1,0.447223611805903,2,"stratified_5_percent_pass_audit"
"inflect_ward_k62",14,251526,"CD38","no_detected_multimodality","neither test rejects in any seed",3,0,0,0,1,0.751875937968984,2,"stratified_5_percent_pass_audit"
"inflect_ward_k62",14,251526,"CD56","no_detected_multimodality","neither test rejects in any seed",3,0,0,0,1,0.938363918801506,2,"stratified_5_percent_pass_audit"
"inflect_ward_k62",14,251526,"CD57","detected_multimodality","both tests reject in at least two seeds",3,3,3,3,0,0,2,"detected_multimodality"
"inflect_ward_k62",14,251526,"CD8","ambiguous","borderline_q",3,0,0,0,1,0.077663831915958,2,"ambiguous"
"inflect_ward_k62",15,46765,"CD11c","ambiguous","discordant_tests",3,0,0,3,0.103002184954867,0,1,"ambiguous"
"inflect_ward_k62",15,46765,"CD161","ambiguous","discordant_tests;seed_instability",3,0,0,2,0.99931363504773,0,1,"ambiguous"
"inflect_ward_k62",15,46765,"CD197_CCR7","ambiguous","discordant_tests;seed_instability",3,0,0,1,0.99931363504773,0.0180090045022511,1,"ambiguous"
"inflect_ward_k62",15,46765,"CD27","no_detected_multimodality","neither test rejects in any seed",3,0,0,0,0.99931363504773,0.110305152576288,1,"stratified_5_percent_pass_audit"
"inflect_ward_k62",15,46765,"CD3","detected_multimodality","both tests reject in at least two seeds",3,3,3,3,0,0,1,"detected_multimodality"
"inflect_ward_k62",15,46765,"CD45RA","ambiguous","discordant_tests;seed_instability",3,0,0,1,0.99931363504773,0.0135067533766883,1,"ambiguous"
"inflect_ward_k62",15,46765,"CD56","detected_multimodality","both tests reject in at least two seeds",3,2,2,3,2.02352903928005e-05,0,1,"detected_multimodality"
"inflect_ward_k62",15,46765,"CD57","ambiguous","discordant_tests;seed_instability",3,0,0,1,0.99931363504773,0.00337668834417209,1,"ambiguous"
"inflect_ward_k62",15,46765,"Tbet","no_detected_multimodality","neither test rejects in any seed",3,0,0,0,0.99931363504773,0.609492246123062,1,"stratified_5_percent_pass_audit"
"inflect_ward_k62",16,277783,"CD21","no_detected_multimodality","neither test rejects in any seed",3,0,0,0,1,0.917845286279503,2,"stratified_5_percent_pass_audit"
"inflect_ward_k62",16,277783,"CD45RA","no_detected_multimodality","neither test rejects in any seed",3,0,0,0,1,0.917845286279503,2,"stratified_5_percent_pass_audit"
"inflect_ward_k62",16,277783,"CD57","detected_multimodality","both tests reject in at least two seeds",3,3,3,3,0,0,2,"detected_multimodality"
"inflect_ward_k62",17,330393,"CD4","no_detected_multimodality","neither test rejects in any seed",3,0,0,0,1,0.671960980490245,3,"stratified_5_percent_pass_audit"
"inflect_ward_k62",17,330393,"CD45RA","ambiguous","discordant_tests;seed_instability",3,0,0,2,0.753781580845715,0,3,"ambiguous"
"inflect_ward_k62",17,330393,"CD56","ambiguous","discordant_tests;seed_instability;borderline_q",3,0,0,1,0.0881050335792475,0,3,"ambiguous"
"inflect_ward_k62",17,330393,"CD57","detected_multimodality","both tests reject in at least two seeds",3,3,3,3,0,0,3,"detected_multimodality"
"inflect_ward_k62",18,179840,"CD161","ambiguous","borderline_q",3,0,0,0,0.999782456994083,0.0742871435717859,2,"ambiguous"
"inflect_ward_k62",18,179840,"CD3","detected_multimodality","both tests reject in at least two seeds",3,3,3,3,0,0,2,"detected_multimodality"
"inflect_ward_k62",18,179840,"CD56","detected_multimodality","both tests reject in at least two seeds",3,3,3,3,0,0,2,"detected_multimodality"
"inflect_ward_k62",18,179840,"CD57","detected_multimodality","both tests reject in at least two seeds",3,3,3,3,0,0,2,"detected_multimodality"
"inflect_ward_k62",18,179840,"FoxP3","ambiguous","discordant_tests;seed_instability",3,0,0,1,0.999782456994083,0.0371435717858929,2,"ambiguous"
"inflect_ward_k62",19,147051,"CD11c","ambiguous","discordant_tests;seed_instability",3,0,0,1,0.999422149232154,0.0378189094547274,2,"ambiguous"
"inflect_ward_k62",19,147051,"CD161","detected_multimodality","both tests reject in at least two seeds",3,3,3,3,0,0,2,"detected_multimodality"
"inflect_ward_k62",19,147051,"CD294_CRTH2","no_detected_multimodality","neither test rejects in any seed",3,0,0,0,0.999422149232154,0.455852926463232,2,"stratified_5_percent_pass_audit"
"inflect_ward_k62",19,147051,"CD3","ambiguous","discordant_tests;seed_instability",3,0,0,2,0.999422149232154,0.0180090045022511,2,"ambiguous"
"inflect_ward_k62",19,147051,"CD56","ambiguous","discordant_tests;seed_instability;borderline_q",3,1,1,2,0.0295604203954218,0,2,"ambiguous"
"inflect_ward_k62",19,147051,"CD8","ambiguous","discordant_tests;seed_instability",3,0,0,1,0.999422149232154,0.0270135067533767,2,"ambiguous"
"inflect_ward_k62",19,147051,"Tbet","ambiguous","discordant_tests;seed_instability;borderline_q",3,0,0,1,0.999422149232154,0.0427713856928464,2,"ambiguous"
"inflect_ward_k62",20,132476,"CD11c","ambiguous","discordant_tests;seed_instability",3,1,1,2,0.0436244852164333,0.00675337668834417,2,"ambiguous"
"inflect_ward_k62",20,132476,"CD159c_NKG2C","detected_multimodality","both tests reject in at least two seeds",3,3,3,3,0,0,2,"detected_multimodality"
"inflect_ward_k62",20,132476,"CD185_CXCR5","no_detected_multimodality","neither test rejects in any seed",3,0,0,0,0.999806147966361,0.804049083365212,2,"stratified_5_percent_pass_audit"
"inflect_ward_k62",20,132476,"TCRgd_CD141","no_detected_multimodality","neither test rejects in any seed",3,0,0,0,0.999806147966361,0.589473308082613,2,"stratified_5_percent_pass_audit"
"inflect_ward_k62",21,28208,"CD11c","no_detected_multimodality","neither test rejects in any seed",3,0,0,0,0.999862851036758,0.421410705352676,1,"stratified_5_percent_pass_audit"
"inflect_ward_k62",21,28208,"CD16","no_detected_multimodality","neither test rejects in any seed",3,0,0,0,0.999862851036758,0.833559636961338,1,"stratified_5_percent_pass_audit"
"inflect_ward_k62",21,28208,"CD1c","no_detected_multimodality","neither test rejects in any seed",3,0,0,0,0.999862851036758,0.660705352676338,1,"stratified_5_percent_pass_audit"
"inflect_ward_k62",21,28208,"CD25","no_detected_multimodality","neither test rejects in any seed",3,0,0,0,0.999862851036758,0.660705352676338,1,"stratified_5_percent_pass_audit"
"inflect_ward_k62",21,28208,"CD3","no_detected_multimodality","neither test rejects in any seed",3,0,0,0,0.999862851036758,0.660705352676338,1,"stratified_5_percent_pass_audit"
"inflect_ward_k62",21,28208,"CD45RA","no_detected_multimodality","neither test rejects in any seed",3,0,0,0,0.999862851036758,0.121560780390195,1,"stratified_5_percent_pass_audit"
"inflect_ward_k62",21,28208,"CD56","ambiguous","discordant_tests;borderline_q",3,0,0,3,0.085533516921184,0,1,"ambiguous"
"inflect_ward_k62",21,28208,"CD57","ambiguous","borderline_q",3,0,0,0,0.999862851036758,0.0585292646323162,1,"ambiguous"
"inflect_ward_k62",21,28208,"TCRgd_CD141","ambiguous","discordant_tests;seed_instability;borderline_q",3,0,0,1,0.999862851036758,0.0202601300650325,1,"ambiguous"
"inflect_ward_k62",22,195943,"CD161","detected_multimodality","both tests reject in at least two seeds",3,3,3,3,0,0,2,"detected_multimodality"
"inflect_ward_k62",22,195943,"CD27","detected_multimodality","both tests reject in at least two seeds",3,3,3,3,0,0,2,"detected_multimodality"
"inflect_ward_k62",22,195943,"CD3","no_detected_multimodality","neither test rejects in any seed",3,0,0,0,1,0.92008004002001,2,"stratified_5_percent_pass_audit"
"inflect_ward_k62",22,195943,"CD57","no_detected_multimodality","neither test rejects in any seed",3,0,0,0,1,0.92008004002001,2,"stratified_5_percent_pass_audit"
"inflect_ward_k62",23,1769385,"CD16","ambiguous","borderline_q",3,0,0,0,0.999848418081018,0.0648324162081041,4,"ambiguous"
"inflect_ward_k62",23,1769385,"CD27","detected_multimodality","both tests reject in at least two seeds",3,3,3,3,0,0,4,"detected_multimodality"
"inflect_ward_k62",23,1769385,"CD294_CRTH2","ambiguous","borderline_q",3,0,0,0,0.999848418081018,0.0648324162081041,4,"ambiguous"
"inflect_ward_k62",23,1769385,"CD4","no_detected_multimodality","neither test rejects in any seed",3,0,0,0,0.999848418081018,0.952976488244122,4,"stratified_5_percent_pass_audit"
"inflect_ward_k62",23,1769385,"CD45RA","ambiguous","discordant_tests;seed_instability",3,0,0,2,0.53744658931802,0.00337668834417209,4,"ambiguous"
"inflect_ward_k62",23,1769385,"CD8","ambiguous","discordant_tests;seed_instability;borderline_q",3,0,0,1,0.268716859904205,0.00337668834417209,4,"ambiguous"
"inflect_ward_k62",23,1769385,"Tbet","detected_multimodality","both tests reject in at least two seeds",3,3,3,3,0,0,4,"detected_multimodality"
"inflect_ward_k62",24,122981,"CD161","detected_multimodality","both tests reject in at least two seeds",3,2,2,2,0.000384431554305416,0,2,"detected_multimodality"
"inflect_ward_k62",24,122981,"CD185_CXCR5","ambiguous","discordant_tests;seed_instability",3,0,0,1,1,0.0130065032516258,2,"ambiguous"
"inflect_ward_k62",24,122981,"CD197_CCR7","ambiguous","discordant_tests;seed_instability",3,0,0,1,1,0.0338169084542271,2,"ambiguous"
"inflect_ward_k62",24,122981,"CD38","detected_multimodality","both tests reject in at least two seeds",3,3,3,3,0,0,2,"detected_multimodality"
"inflect_ward_k62",24,122981,"CD45RA","ambiguous","discordant_tests;seed_instability;borderline_q",3,0,0,2,0.679341071752189,0,2,"ambiguous"
"inflect_ward_k62",24,122981,"CD7","detected_multimodality","both tests reject in at least two seeds",3,3,3,3,0.00105330229735623,0,2,"detected_multimodality"
"inflect_ward_k62",24,122981,"FoxP3","detected_multimodality","both tests reject in at least two seeds",3,3,3,3,0,0,2,"detected_multimodality"
"inflect_ward_k62",24,122981,"HLA-DR","ambiguous","borderline_q",3,0,0,0,1,0.0613163724719503,2,"ambiguous"
"inflect_ward_k62",24,122981,"TCRgd_CD141","ambiguous","borderline_q",3,0,0,0,1,0.0628647657161914,2,"ambiguous"
"inflect_ward_k62",25,40140,"CD159c_NKG2C","ambiguous","discordant_tests;seed_instability;borderline_q",3,1,1,3,0.042766758460592,0,1,"ambiguous"
"inflect_ward_k62",25,40140,"CD16","ambiguous","borderline_q",3,0,0,0,1,0.0585292646323162,1,"ambiguous"
"inflect_ward_k62",25,40140,"CD161","ambiguous","discordant_tests;seed_instability",3,0,0,1,1,0.0135067533766883,1,"ambiguous"
"inflect_ward_k62",25,40140,"CD3","detected_multimodality","both tests reject in at least two seeds",3,3,3,3,0.000166457619036553,0,1,"detected_multimodality"
"inflect_ward_k62",25,40140,"CD56","ambiguous","discordant_tests;seed_instability",3,0,0,2,0.399547478749173,0,1,"ambiguous"
"inflect_ward_k62",25,40140,"CD57","no_detected_multimodality","neither test rejects in any seed",3,0,0,0,1,0.118184092046023,1,"stratified_5_percent_pass_audit"
"inflect_ward_k62",25,40140,"FoxP3","no_detected_multimodality","neither test rejects in any seed",3,0,0,0,1,0.644168237965136,1,"stratified_5_percent_pass_audit"
"inflect_ward_k62",26,331660,"CD11c","ambiguous","borderline_q",3,0,0,0,1,0.0756378189094547,3,"ambiguous"
"inflect_ward_k62",26,331660,"CD127","no_detected_multimodality","neither test rejects in any seed",3,0,0,0,1,0.622661330665333,3,"stratified_5_percent_pass_audit"
"inflect_ward_k62",26,331660,"CD161","ambiguous","discordant_tests;seed_instability",3,0,0,2,0.892995185812276,0.0270135067533767,3,"ambiguous"
"inflect_ward_k62",26,331660,"CD27","detected_multimodality","both tests reject in at least two seeds",3,3,3,3,0,0,3,"detected_multimodality"
"inflect_ward_k62",26,331660,"CD303_TCRvd2","detected_multimodality","both tests reject in at least two seeds",3,3,3,3,0,0,3,"detected_multimodality"
"inflect_ward_k62",26,331660,"CD56","no_detected_multimodality","neither test rejects in any seed",3,0,0,0,1,0.881154863145859,3,"stratified_5_percent_pass_audit"
"inflect_ward_k62",26,331660,"TCRgd_CD141","detected_multimodality","both tests reject in at least two seeds",3,3,3,3,0,0,3,"detected_multimodality"
"inflect_ward_k62",27,636588,"CD159c_NKG2C","ambiguous","discordant_tests;seed_instability",3,0,0,2,0.999014315720889,0.0270135067533767,4,"ambiguous"
"inflect_ward_k62",27,636588,"CD16","detected_multimodality","both tests reject in at least two seeds",3,3,3,3,0,0,4,"detected_multimodality"
"inflect_ward_k62",27,636588,"CD185_CXCR5","ambiguous","discordant_tests;seed_instability",3,0,0,2,0.119467480971448,0,4,"ambiguous"
"inflect_ward_k62",27,636588,"CD19","ambiguous","borderline_q",3,0,0,0,0.999014315720889,0.0984063460301579,4,"ambiguous"
"inflect_ward_k62",27,636588,"CD197_CCR7","no_detected_multimodality","neither test rejects in any seed",3,0,0,0,0.999014315720889,0.776993760037914,4,"stratified_5_percent_pass_audit"
"inflect_ward_k62",27,636588,"CD21","detected_multimodality","both tests reject in at least two seeds",3,3,3,3,0.00183256578110108,0,4,"detected_multimodality"
"inflect_ward_k62",27,636588,"CD3","ambiguous","discordant_tests",3,0,0,3,0.811420152783308,0,4,"ambiguous"
"inflect_ward_k62",27,636588,"CD38","ambiguous","discordant_tests",3,0,0,3,0.119467480971448,0,4,"ambiguous"
"inflect_ward_k62",27,636588,"CD45RA","ambiguous","discordant_tests",3,0,0,3,0.119467480971448,0,4,"ambiguous"
"inflect_ward_k62",27,636588,"FoxP3","no_detected_multimodality","neither test rejects in any seed",3,0,0,0,0.999014315720889,0.702351175587794,4,"stratified_5_percent_pass_audit"
"inflect_ward_k62",28,331075,"CD16","no_detected_multimodality","neither test rejects in any seed",3,0,0,0,1,0.959498980259361,3,"stratified_5_percent_pass_audit"
"inflect_ward_k62",28,331075,"CD161","ambiguous","discordant_tests;seed_instability",3,0,0,2,0.490921463978781,0,3,"ambiguous"
"inflect_ward_k62",28,331075,"CD1c","no_detected_multimodality","neither test rejects in any seed",3,0,0,0,1,0.553776888444222,3,"stratified_5_percent_pass_audit"
"inflect_ward_k62",28,331075,"CD294_CRTH2","no_detected_multimodality","neither test rejects in any seed",3,0,0,0,1,0.913056528264132,3,"stratified_5_percent_pass_audit"
"inflect_ward_k62",28,331075,"CD45RA","no_detected_multimodality","neither test rejects in any seed",3,0,0,0,1,0.715857928964482,3,"stratified_5_percent_pass_audit"
"inflect_ward_k62",29,105074,"CD11c","ambiguous","discordant_tests;seed_instability",3,1,1,2,0.0276158842778485,0,1,"ambiguous"
"inflect_ward_k62",29,105074,"CD159c_NKG2C","detected_multimodality","both tests reject in at least two seeds",3,2,2,3,0.00349888648968349,0,1,"detected_multimodality"
"inflect_ward_k62",29,105074,"CD3","ambiguous","discordant_tests",3,0,0,3,0.326367769101427,0,1,"ambiguous"
"inflect_ward_k62",29,105074,"CD57","detected_multimodality","both tests reject in at least two seeds",3,3,3,3,0,0,1,"detected_multimodality"
"inflect_ward_k62",29,105074,"CD8","ambiguous","discordant_tests;seed_instability",3,0,0,1,1,0.0432216108054027,1,"ambiguous"
"inflect_ward_k62",29,105074,"HLA-DR","no_detected_multimodality","neither test rejects in any seed",3,0,0,0,1,0.63751875937969,1,"stratified_5_percent_pass_audit"
"inflect_ward_k62",30,113765,"CD14","no_detected_multimodality","neither test rejects in any seed",3,0,0,0,1,0.741643549047251,1,"stratified_5_percent_pass_audit"
"inflect_ward_k62",30,113765,"CD16","ambiguous","discordant_tests;seed_instability",3,0,0,1,0.133202889875833,0,1,"ambiguous"
"inflect_ward_k62",30,113765,"CD161","detected_multimodality","both tests reject in at least two seeds",3,3,3,3,0,0,1,"detected_multimodality"
"inflect_ward_k62",30,113765,"CD303_TCRvd2","detected_multimodality","both tests reject in at least two seeds",3,3,3,3,0,0,1,"detected_multimodality"
"inflect_ward_k62",30,113765,"CD45RA","detected_multimodality","both tests reject in at least two seeds",3,2,2,2,0.00100280046327084,0,1,"detected_multimodality"
"inflect_ward_k62",30,113765,"CD56","no_detected_multimodality","neither test rejects in any seed",3,0,0,0,1,0.483541770885443,1,"stratified_5_percent_pass_audit"
"inflect_ward_k62",30,113765,"CD57","ambiguous","borderline_q",3,0,0,0,1,0.0641570785392696,1,"ambiguous"
"inflect_ward_k62",30,113765,"TCRgd_CD141","ambiguous","discordant_tests;seed_instability",3,0,0,2,0.688722731717024,0.0168834417208604,1,"ambiguous"
"inflect_ward_k62",31,100069,"CD185_CXCR5","no_detected_multimodality","neither test rejects in any seed",3,0,0,0,0.999970824874422,0.900277061607727,1,"stratified_5_percent_pass_audit"
"inflect_ward_k62",31,100069,"CD21","ambiguous","borderline_q",3,0,0,0,0.999970824874422,0.0630315157578789,1,"ambiguous"
"inflect_ward_k62",31,100069,"CD303_TCRvd2","no_detected_multimodality","neither test rejects in any seed",3,0,0,0,0.999970824874422,0.27823911955978,1,"stratified_5_percent_pass_audit"
"inflect_ward_k62",31,100069,"CD56","detected_multimodality","both tests reject in at least two seeds",3,3,3,3,0.000838496728361338,0,1,"detected_multimodality"
"inflect_ward_k62",31,100069,"CD57","ambiguous","discordant_tests;seed_instability;borderline_q",3,1,1,2,0.000268914460814229,0,1,"ambiguous"
"inflect_ward_k62",31,100069,"TCRgd_CD141","no_detected_multimodality","neither test rejects in any seed",3,0,0,0,0.999970824874422,0.474665904380762,1,"stratified_5_percent_pass_audit"
"inflect_ward_k62",32,88785,"CD127","ambiguous","discordant_tests",3,0,0,3,0.476017271125247,0,1,"ambiguous"
"inflect_ward_k62",32,88785,"CD14","ambiguous","discordant_tests",3,0,0,3,0.171163591759309,0,1,"ambiguous"
"inflect_ward_k62",32,88785,"CD161","ambiguous","discordant_tests",3,0,0,3,0.31011737012315,0,1,"ambiguous"
"inflect_ward_k62",32,88785,"CD185_CXCR5","ambiguous","discordant_tests",3,0,0,3,0.999931536112641,0,1,"ambiguous"
"inflect_ward_k62",32,88785,"CD21","no_detected_multimodality","neither test rejects in any seed",3,0,0,0,0.999931536112641,0.893287552867343,1,"stratified_5_percent_pass_audit"
"inflect_ward_k62",32,88785,"CD38","detected_multimodality","both tests reject in at least two seeds",3,3,3,3,0,0,1,"detected_multimodality"
"inflect_ward_k62",32,88785,"CD45RA","ambiguous","borderline_q",3,0,0,0,0.999931536112641,0.0928589294647324,1,"ambiguous"
"inflect_ward_k62",32,88785,"CD7","ambiguous","discordant_tests;seed_instability;borderline_q",3,0,0,1,0.999931536112641,0.0231544343600372,1,"ambiguous"
"inflect_ward_k62",32,88785,"Tbet","detected_multimodality","both tests reject in at least two seeds",3,3,3,3,0,0,1,"detected_multimodality"
"inflect_ward_k62",33,492309,"CD161","ambiguous","borderline_q",3,0,0,0,1,0.0783391695847924,3,"ambiguous"
"inflect_ward_k62",33,492309,"CD27","detected_multimodality","both tests reject in at least two seeds",3,3,3,3,0,0,3,"detected_multimodality"
"inflect_ward_k62",33,492309,"CD303_TCRvd2","detected_multimodality","both tests reject in at least two seeds",3,3,3,3,0,0,3,"detected_multimodality"
"inflect_ward_k62",33,492309,"CD57","no_detected_multimodality","neither test rejects in any seed",3,0,0,0,1,0.91935967983992,3,"stratified_5_percent_pass_audit"
"inflect_ward_k62",33,492309,"CD7","ambiguous","borderline_q",3,0,0,0,1,0.0675337668834417,3,"ambiguous"
"inflect_ward_k62",33,492309,"TCRgd_CD141","detected_multimodality","both tests reject in at least two seeds",3,3,3,3,0,0,3,"detected_multimodality"
"inflect_ward_k62",34,336733,"CD161","detected_multimodality","both tests reject in at least two seeds",3,3,3,3,0.000449423095539747,0,3,"detected_multimodality"
"inflect_ward_k62",34,336733,"CD197_CCR7","no_detected_multimodality","neither test rejects in any seed",3,0,0,0,1,0.232991495747874,3,"stratified_5_percent_pass_audit"
"inflect_ward_k62",34,336733,"CD27","detected_multimodality","both tests reject in at least two seeds",3,3,3,3,0,0,3,"detected_multimodality"
"inflect_ward_k62",34,336733,"CD8","no_detected_multimodality","neither test rejects in any seed",3,0,0,0,1,0.729364682341171,3,"stratified_5_percent_pass_audit"
"inflect_ward_k62",34,336733,"HLA-DR","no_detected_multimodality","neither test rejects in any seed",3,0,0,0,1,0.979989994997499,3,"stratified_5_percent_pass_audit"
"inflect_ward_k62",35,215648,"CD11c","ambiguous","discordant_tests;seed_instability",3,0,0,1,1,0.0168834417208604,2,"ambiguous"
"inflect_ward_k62",35,215648,"CD159c_NKG2C","no_detected_multimodality","neither test rejects in any seed",3,0,0,0,1,0.660142571285643,2,"stratified_5_percent_pass_audit"
"inflect_ward_k62",35,215648,"CD3","detected_multimodality","both tests reject in at least two seeds",3,3,3,3,0,0,2,"detected_multimodality"
"inflect_ward_k62",35,215648,"CD303_TCRvd2","ambiguous","discordant_tests;seed_instability",3,1,1,3,0.030910288665665,0,2,"ambiguous"
"inflect_ward_k62",35,215648,"CD45RA","ambiguous","discordant_tests;seed_instability",3,0,0,1,1,0.00450225112556278,2,"ambiguous"
"inflect_ward_k62",35,215648,"CD57","detected_multimodality","both tests reject in at least two seeds",3,3,3,3,0,0,2,"detected_multimodality"
"inflect_ward_k62",36,726106,"CD159c_NKG2C","ambiguous","discordant_tests;seed_instability",3,0,0,1,1,0.00225112556278139,4,"ambiguous"
"inflect_ward_k62",36,726106,"CD16","no_detected_multimodality","neither test rejects in any seed",3,0,0,0,1,0.749227554953948,4,"stratified_5_percent_pass_audit"
"inflect_ward_k62",36,726106,"CD1c","no_detected_multimodality","neither test rejects in any seed",3,0,0,0,1,0.534130701714494,4,"stratified_5_percent_pass_audit"
"inflect_ward_k62",36,726106,"CD21","no_detected_multimodality","neither test rejects in any seed",3,0,0,0,1,0.218359179589795,4,"stratified_5_percent_pass_audit"
"inflect_ward_k62",36,726106,"CD27","detected_multimodality","both tests reject in at least two seeds",3,3,3,3,0,0,4,"detected_multimodality"
"inflect_ward_k62",36,726106,"CD3","detected_multimodality","both tests reject in at least two seeds",3,2,2,3,0.0442700091954969,0,4,"detected_multimodality"
"inflect_ward_k62",36,726106,"CD303_TCRvd2","ambiguous","discordant_tests",3,0,0,3,0.714776634383952,0,4,"ambiguous"
"inflect_ward_k62",36,726106,"CD38","ambiguous","borderline_q",3,0,0,0,1,0.0607803901950975,4,"ambiguous"
"inflect_ward_k62",36,726106,"CD45RA","detected_multimodality","both tests reject in at least two seeds",3,3,3,3,0,0,4,"detected_multimodality"
"inflect_ward_k62",36,726106,"Tbet","detected_multimodality","both tests reject in at least two seeds",3,3,3,3,0,0,4,"detected_multimodality"
"inflect_ward_k62",37,77690,"CD127","ambiguous","discordant_tests;seed_instability",3,0,0,1,0.649762251296549,0,1,"ambiguous"
"inflect_ward_k62",37,77690,"CD159c_NKG2C","no_detected_multimodality","neither test rejects in any seed",3,0,0,0,1,0.733866933466733,1,"stratified_5_percent_pass_audit"
"inflect_ward_k62",37,77690,"CD161","ambiguous","discordant_tests;seed_instability",3,0,0,1,0.587195355136796,0.00337668834417209,1,"ambiguous"
"inflect_ward_k62",37,77690,"CD27","ambiguous","discordant_tests",3,0,0,3,0.440774615017493,0,1,"ambiguous"
"inflect_ward_k62",37,77690,"CD294_CRTH2","no_detected_multimodality","neither test rejects in any seed",3,0,0,0,1,0.733866933466733,1,"stratified_5_percent_pass_audit"
"inflect_ward_k62",37,77690,"CD4","ambiguous","discordant_tests;seed_instability",3,0,0,1,1,0,1,"ambiguous"
"inflect_ward_k62",37,77690,"CD57","ambiguous","discordant_tests;seed_instability",3,0,0,2,1,0.00810405202601301,1,"ambiguous"
"inflect_ward_k62",37,77690,"CD7","ambiguous","discordant_tests;seed_instability",3,0,0,1,1,0.0450225112556278,1,"ambiguous"
"inflect_ward_k62",37,77690,"Tbet","ambiguous","discordant_tests;seed_instability",3,0,0,1,1,0.00337668834417209,1,"ambiguous"
"inflect_ward_k62",38,6709,"CD11c","detected_multimodality","both tests reject in at least two seeds",3,3,3,3,0,0,1,"detected_multimodality"
"inflect_ward_k62",38,6709,"CD14","ambiguous","discordant_tests;seed_instability",3,0,0,1,1,0.0292646323161581,1,"ambiguous"
"inflect_ward_k62",38,6709,"CD1c","detected_multimodality","both tests reject in at least two seeds",3,3,3,3,0,0,1,"detected_multimodality"
"inflect_ward_k62",38,6709,"CD25","ambiguous","borderline_q",3,0,0,0,1,0.0709104552276138,1,"ambiguous"
"inflect_ward_k62",38,6709,"CD27","ambiguous","borderline_q",3,0,0,0,1,0.0559565497034231,1,"ambiguous"
"inflect_ward_k62",38,6709,"CD3","detected_multimodality","both tests reject in at least two seeds",3,3,3,3,1.03685236051976e-05,0,1,"detected_multimodality"
"inflect_ward_k62",38,6709,"CD7","no_detected_multimodality","neither test rejects in any seed",3,0,0,0,1,0.45247623811906,1,"stratified_5_percent_pass_audit"
"inflect_ward_k62",38,6709,"HLA-DR","detected_multimodality","both tests reject in at least two seeds",3,3,3,3,0,0,1,"detected_multimodality"
"inflect_ward_k62",38,6709,"TCRgd_CD141","ambiguous","discordant_tests",3,0,0,3,0.814091158195532,0,1,"ambiguous"
"inflect_ward_k62",39,4272277,"CD159c_NKG2C","no_detected_multimodality","neither test rejects in any seed",3,0,0,0,0.99947454123581,0.883341670835418,4,"stratified_5_percent_pass_audit"
"inflect_ward_k62",39,4272277,"CD16","ambiguous","borderline_q",3,0,0,0,0.99947454123581,0.0540270135067534,4,"ambiguous"
"inflect_ward_k62",39,4272277,"CD197_CCR7","detected_multimodality","both tests reject in at least two seeds",3,3,3,3,0,0,4,"detected_multimodality"
"inflect_ward_k62",39,4272277,"CD294_CRTH2","no_detected_multimodality","neither test rejects in any seed",3,0,0,0,0.99947454123581,0.524512256128064,4,"stratified_5_percent_pass_audit"
"inflect_ward_k62",39,4272277,"CD303_TCRvd2","no_detected_multimodality","neither test rejects in any seed",3,0,0,0,0.99947454123581,0.934967483741871,4,"stratified_5_percent_pass_audit"
"inflect_ward_k62",39,4272277,"CD45RA","detected_multimodality","both tests reject in at least two seeds",3,3,3,3,0,0,4,"detected_multimodality"
"inflect_ward_k62",39,4272277,"FoxP3","ambiguous","borderline_q",3,0,0,0,0.99947454123581,0.0855427713856929,4,"ambiguous"
"inflect_ward_k62",40,413636,"CD11c","no_detected_multimodality","neither test rejects in any seed",3,0,0,0,1,0.155327663831916,3,"stratified_5_percent_pass_audit"
"inflect_ward_k62",40,413636,"CD185_CXCR5","no_detected_multimodality","neither test rejects in any seed",3,0,0,0,1,0.740620310155078,3,"stratified_5_percent_pass_audit"
"inflect_ward_k62",40,413636,"CD27","ambiguous","discordant_tests;seed_instability",3,0,0,1,1,0,3,"ambiguous"
"inflect_ward_k62",40,413636,"FoxP3","no_detected_multimodality","neither test rejects in any seed",3,0,0,0,1,0.585292646323162,3,"stratified_5_percent_pass_audit"
"inflect_ward_k62",40,413636,"TCRgd_CD141","no_detected_multimodality","neither test rejects in any seed",3,0,0,0,1,0.497048524262131,3,"stratified_5_percent_pass_audit"
"inflect_ward_k62",41,22279,"CD11c","ambiguous","discordant_tests;seed_instability;borderline_q",3,0,0,1,0.99771465108581,0.0472736368184092,1,"ambiguous"
"inflect_ward_k62",41,22279,"CD127","ambiguous","borderline_q",3,0,0,0,0.99771465108581,0.0765382691345673,1,"ambiguous"
"inflect_ward_k62",41,22279,"CD159c_NKG2C","ambiguous","discordant_tests;seed_instability;borderline_q",3,0,0,2,0.99771465108581,0.0180090045022511,1,"ambiguous"
"inflect_ward_k62",41,22279,"CD161","ambiguous","borderline_q",3,0,0,0,0.99771465108581,0.0762166797684557,1,"ambiguous"
"inflect_ward_k62",41,22279,"CD19","ambiguous","discordant_tests",3,0,0,3,0.818799301754882,0.00135067533766883,1,"ambiguous"
"inflect_ward_k62",41,22279,"CD197_CCR7","ambiguous","discordant_tests;seed_instability;borderline_q",3,1,1,2,0.0142209361618912,0,1,"ambiguous"
"inflect_ward_k62",41,22279,"CD25","ambiguous","discordant_tests;seed_instability",3,0,0,1,0.99771465108581,0.0472736368184092,1,"ambiguous"
"inflect_ward_k62",41,22279,"CD27","detected_multimodality","both tests reject in at least two seeds",3,3,3,3,0,0,1,"detected_multimodality"
"inflect_ward_k62",41,22279,"CD3","detected_multimodality","both tests reject in at least two seeds",3,3,3,3,0,0,1,"detected_multimodality"
"inflect_ward_k62",41,22279,"CD303_TCRvd2","ambiguous","discordant_tests",3,0,0,3,0.145724475163908,0,1,"ambiguous"
"inflect_ward_k62",41,22279,"CD4","ambiguous","discordant_tests",3,0,0,3,0.21068898349006,0,1,"ambiguous"
"inflect_ward_k62",41,22279,"CD45RA","detected_multimodality","both tests reject in at least two seeds",3,2,2,3,0.00195445652924482,0,1,"detected_multimodality"
"inflect_ward_k62",41,22279,"CD56","detected_multimodality","both tests reject in at least two seeds",3,3,3,3,0,0,1,"detected_multimodality"
"inflect_ward_k62",41,22279,"CD57","ambiguous","discordant_tests",3,0,0,3,0.903173804063254,0,1,"ambiguous"
"inflect_ward_k62",41,22279,"CD7","ambiguous","discordant_tests;borderline_q",3,0,0,3,0.0727547472630816,0,1,"ambiguous"
"inflect_ward_k62",41,22279,"HLA-DR","ambiguous","discordant_tests;seed_instability",3,0,0,1,0.99771465108581,0.00859520669425622,1,"ambiguous"
"inflect_ward_k62",41,22279,"Tbet","detected_multimodality","both tests reject in at least two seeds",3,3,3,3,0,0,1,"detected_multimodality"
"inflect_ward_k62",42,1093840,"CD14","no_detected_multimodality","neither test rejects in any seed",3,0,0,0,1,0.838919459729865,4,"stratified_5_percent_pass_audit"
"inflect_ward_k62",42,1093840,"CD19","no_detected_multimodality","neither test rejects in any seed",3,0,0,0,1,0.883881940970485,4,"stratified_5_percent_pass_audit"
"inflect_ward_k62",42,1093840,"CD27","detected_multimodality","both tests reject in at least two seeds",3,3,3,3,0,0,4,"detected_multimodality"
"inflect_ward_k62",42,1093840,"CD45RA","no_detected_multimodality","neither test rejects in any seed",3,0,0,0,1,0.883881940970485,4,"stratified_5_percent_pass_audit"
"inflect_ward_k62",42,1093840,"CD56","no_detected_multimodality","neither test rejects in any seed",3,0,0,0,1,0.883881940970485,4,"stratified_5_percent_pass_audit"
"inflect_ward_k62",43,95070,"CD11c","detected_multimodality","both tests reject in at least two seeds",3,3,3,3,0,0,1,"detected_multimodality"
"inflect_ward_k62",43,95070,"CD127","no_detected_multimodality","neither test rejects in any seed",3,0,0,0,1,0.38961788586601,1,"stratified_5_percent_pass_audit"
"inflect_ward_k62",43,95070,"CD161","no_detected_multimodality","neither test rejects in any seed",3,0,0,0,1,0.281712284713785,1,"stratified_5_percent_pass_audit"
"inflect_ward_k62",43,95070,"CD1c","detected_multimodality","both tests reject in at least two seeds",3,3,3,3,0,0,1,"detected_multimodality"
"inflect_ward_k62",43,95070,"CD25","ambiguous","discordant_tests;seed_instability",3,0,0,1,1,0,1,"ambiguous"
"inflect_ward_k62",43,95070,"HLA-DR","detected_multimodality","both tests reject in at least two seeds",3,3,3,3,9.33671828376448e-05,0,1,"detected_multimodality"
"inflect_ward_k62",43,95070,"TCRgd_CD141","detected_multimodality","both tests reject in at least two seeds",3,3,3,3,0,0,1,"detected_multimodality"
"inflect_ward_k62",44,115966,"CD11c","no_detected_multimodality","neither test rejects in any seed",3,0,0,0,1,0.71735867933967,2,"stratified_5_percent_pass_audit"
"inflect_ward_k62",44,115966,"CD16","no_detected_multimodality","neither test rejects in any seed",3,0,0,0,1,0.71735867933967,2,"stratified_5_percent_pass_audit"
"inflect_ward_k62",44,115966,"CD197_CCR7","ambiguous","discordant_tests;seed_instability",3,0,0,1,1,0.0270135067533767,2,"ambiguous"
"inflect_ward_k62",44,115966,"CD1c","no_detected_multimodality","neither test rejects in any seed",3,0,0,0,1,0.713606803401701,2,"stratified_5_percent_pass_audit"
"inflect_ward_k62",44,115966,"CD7","no_detected_multimodality","neither test rejects in any seed",3,0,0,0,1,0.944909954977489,2,"stratified_5_percent_pass_audit"
"inflect_ward_k62",44,115966,"FoxP3","no_detected_multimodality","neither test rejects in any seed",3,0,0,0,1,0.71735867933967,2,"stratified_5_percent_pass_audit"
"inflect_ward_k62",45,6847,"CD161","detected_multimodality","both tests reject in at least two seeds",3,2,2,3,0.000196905891018876,0,1,"detected_multimodality"
"inflect_ward_k62",45,6847,"CD185_CXCR5","ambiguous","discordant_tests;seed_instability",3,0,0,1,0.999950407356062,0,1,"ambiguous"
"inflect_ward_k62",45,6847,"CD197_CCR7","ambiguous","discordant_tests",3,0,0,3,0.241511055400563,0,1,"ambiguous"
"inflect_ward_k62",45,6847,"CD38","ambiguous","discordant_tests;seed_instability",3,0,0,1,0.715324179704227,0.0260130065032516,1,"ambiguous"
"inflect_ward_k62",45,6847,"CD7","detected_multimodality","both tests reject in at least two seeds",3,3,3,3,0,0,1,"detected_multimodality"
"inflect_ward_k62",45,6847,"CD8","no_detected_multimodality","neither test rejects in any seed",3,0,0,0,0.999950407356062,0.501341579880849,1,"stratified_5_percent_pass_audit"
"inflect_ward_k62",45,6847,"FoxP3","detected_multimodality","both tests reject in at least two seeds",3,3,3,3,0,0,1,"detected_multimodality"
"inflect_ward_k62",46,60777,"CD159c_NKG2C","ambiguous","discordant_tests;seed_instability",3,0,0,1,1,0.0472736368184092,1,"ambiguous"
"inflect_ward_k62",46,60777,"CD4","no_detected_multimodality","neither test rejects in any seed",3,0,0,0,1,0.960909025941542,1,"stratified_5_percent_pass_audit"
"inflect_ward_k62",46,60777,"CD57","detected_multimodality","both tests reject in at least two seeds",3,2,2,3,0,0,1,"detected_multimodality"
"inflect_ward_k62",47,170897,"CD127","no_detected_multimodality","neither test rejects in any seed",3,0,0,0,1,0.557153576788394,2,"stratified_5_percent_pass_audit"
"inflect_ward_k62",47,170897,"CD161","ambiguous","borderline_q",3,0,0,0,1,0.0945472736368184,2,"ambiguous"
"inflect_ward_k62",48,118692,"CD159c_NKG2C","ambiguous","discordant_tests;seed_instability",3,0,0,1,1,0,2,"ambiguous"
"inflect_ward_k62",48,118692,"CD197_CCR7","ambiguous","borderline_q",3,0,0,0,1,0.0675337668834417,2,"ambiguous"
"inflect_ward_k62",48,118692,"CD27","detected_multimodality","both tests reject in at least two seeds",3,3,3,3,0,0,2,"detected_multimodality"
"inflect_ward_k62",48,118692,"CD4","ambiguous","borderline_q",3,0,0,0,1,0.0675337668834417,2,"ambiguous"
"inflect_ward_k62",48,118692,"CD8","detected_multimodality","both tests reject in at least two seeds",3,3,3,3,0.0018219621046362,0,2,"detected_multimodality"
"inflect_ward_k62",48,118692,"Tbet","ambiguous","borderline_q",3,0,0,0,1,0.0877938969484742,2,"ambiguous"
"inflect_ward_k62",49,620548,"CD11c","ambiguous","discordant_tests;borderline_q",3,0,0,3,0.0648201584960253,0,4,"ambiguous"
"inflect_ward_k62",49,620548,"CD14","detected_multimodality","both tests reject in at least two seeds",3,3,3,3,0,0,4,"detected_multimodality"
"inflect_ward_k62",49,620548,"CD19","ambiguous","borderline_q",3,0,0,0,1,0.0720360180090045,4,"ambiguous"
"inflect_ward_k62",49,620548,"CD1c","detected_multimodality","both tests reject in at least two seeds",3,3,3,3,0,0,4,"detected_multimodality"
"inflect_ward_k62",49,620548,"CD38","no_detected_multimodality","neither test rejects in any seed",3,0,0,0,1,0.741643549047251,4,"stratified_5_percent_pass_audit"
"inflect_ward_k62",49,620548,"CD45RA","ambiguous","discordant_tests;seed_instability",3,0,0,1,1,0.0270135067533767,4,"ambiguous"
"inflect_ward_k62",49,620548,"CD56","ambiguous","borderline_q",3,0,0,0,1,0.0868291288501394,4,"ambiguous"
"inflect_ward_k62",49,620548,"HLA-DR","detected_multimodality","both tests reject in at least two seeds",3,3,3,3,0.00249785104319988,0,4,"detected_multimodality"
"inflect_ward_k62",49,620548,"TCRgd_CD141","ambiguous","borderline_q",3,0,0,0,1,0.0720360180090045,4,"ambiguous"
"inflect_ward_k62",50,672104,"CD161","no_detected_multimodality","neither test rejects in any seed",3,0,0,0,1,0.523386693346673,4,"stratified_5_percent_pass_audit"
"inflect_ward_k62",50,672104,"CD197_CCR7","ambiguous","discordant_tests;seed_instability",3,0,0,1,1,0.0270135067533767,4,"ambiguous"
"inflect_ward_k62",50,672104,"CD3","no_detected_multimodality","neither test rejects in any seed",3,0,0,0,1,0.853274463318616,4,"stratified_5_percent_pass_audit"
"inflect_ward_k62",50,672104,"CD7","no_detected_multimodality","neither test rejects in any seed",3,0,0,0,1,0.853274463318616,4,"stratified_5_percent_pass_audit"
"inflect_ward_k62",51,3842157,"CD27","detected_multimodality","both tests reject in at least two seeds",3,3,3,3,0,0,4,"detected_multimodality"
"inflect_ward_k62",52,1793702,"CD27","detected_multimodality","both tests reject in at least two seeds",3,3,3,3,0,0,4,"detected_multimodality"
"inflect_ward_k62",52,1793702,"CD7","ambiguous","discordant_tests;seed_instability",3,1,1,2,0.0386162122328862,0,4,"ambiguous"
"inflect_ward_k62",52,1793702,"FoxP3","ambiguous","borderline_q",3,0,0,0,1,0.0810405202601301,4,"ambiguous"
"inflect_ward_k62",53,2430769,"CD25","no_detected_multimodality","neither test rejects in any seed",3,0,0,0,1,0.939238850194328,4,"stratified_5_percent_pass_audit"
"inflect_ward_k62",53,2430769,"CD57","no_detected_multimodality","neither test rejects in any seed",3,0,0,0,1,0.939238850194328,4,"stratified_5_percent_pass_audit"
"inflect_ward_k62",54,1028144,"CD16","ambiguous","discordant_tests;seed_instability",3,0,0,1,1,0.040520260130065,4,"ambiguous"
"inflect_ward_k62",54,1028144,"CD185_CXCR5","ambiguous","discordant_tests;seed_instability",3,0,0,1,1,0.0225112556278139,4,"ambiguous"
"inflect_ward_k62",54,1028144,"CD25","ambiguous","discordant_tests;borderline_q",3,0,0,3,0.0584464290969685,0,4,"ambiguous"
"inflect_ward_k62",54,1028144,"FoxP3","detected_multimodality","both tests reject in at least two seeds",3,2,2,3,0,0,4,"detected_multimodality"
"inflect_ward_k62",55,1247765,"CD11c","no_detected_multimodality","neither test rejects in any seed",3,0,0,0,0.999363244140907,0.745872936468234,4,"stratified_5_percent_pass_audit"
"inflect_ward_k62",55,1247765,"CD14","ambiguous","discordant_tests;seed_instability",3,1,1,3,0.041920045384478,0,4,"ambiguous"
"inflect_ward_k62",55,1247765,"HLA-DR","no_detected_multimodality","neither test rejects in any seed",3,0,0,0,0.999363244140907,0.288144072036018,4,"stratified_5_percent_pass_audit"
"inflect_ward_k62",56,260211,"CD11c","ambiguous","discordant_tests;seed_instability",3,0,0,1,0.758013089131707,0,2,"ambiguous"
"inflect_ward_k62",56,260211,"CD127","ambiguous","discordant_tests;seed_instability",3,0,0,1,1,0.048624312156078,2,"ambiguous"
"inflect_ward_k62",56,260211,"CD14","ambiguous","discordant_tests;seed_instability;borderline_q",3,0,0,2,0.802841155091741,0,2,"ambiguous"
"inflect_ward_k62",56,260211,"CD159c_NKG2C","ambiguous","discordant_tests;seed_instability",3,0,0,1,1,0.0221896662617023,2,"ambiguous"
"inflect_ward_k62",56,260211,"CD161","ambiguous","borderline_q",3,0,0,0,1,0.0934217108554277,2,"ambiguous"
"inflect_ward_k62",56,260211,"CD185_CXCR5","ambiguous","discordant_tests;seed_instability",3,0,0,2,0.861032871386367,0,2,"ambiguous"
"inflect_ward_k62",56,260211,"CD21","ambiguous","discordant_tests;seed_instability",3,0,0,1,1,0.0197406395505445,2,"ambiguous"
"inflect_ward_k62",56,260211,"CD294_CRTH2","ambiguous","discordant_tests",3,0,0,3,0.965059333482176,0.00150075037518759,2,"ambiguous"
"inflect_ward_k62",56,260211,"CD303_TCRvd2","detected_multimodality","both tests reject in at least two seeds",3,3,3,3,0,0,2,"detected_multimodality"
"inflect_ward_k62",56,260211,"CD38","ambiguous","discordant_tests;seed_instability",3,1,1,3,0.0483059735758207,0,2,"ambiguous"
"inflect_ward_k62",56,260211,"CD4","detected_multimodality","both tests reject in at least two seeds",3,3,3,3,0,0,2,"detected_multimodality"
"inflect_ward_k62",56,260211,"CD45RA","detected_multimodality","both tests reject in at least two seeds",3,3,3,3,0,0,2,"detected_multimodality"
"inflect_ward_k62",56,260211,"CD57","ambiguous","discordant_tests",3,0,0,3,1,0.00225112556278139,2,"ambiguous"
"inflect_ward_k62",56,260211,"CD7","ambiguous","discordant_tests",3,0,0,3,1,0.00150075037518759,2,"ambiguous"
"inflect_ward_k62",56,260211,"HLA-DR","detected_multimodality","both tests reject in at least two seeds",3,3,3,3,0,0,2,"detected_multimodality"
"inflect_ward_k62",56,260211,"Tbet","ambiguous","borderline_q",3,0,0,0,1,0.0953914457228614,2,"ambiguous"
"inflect_ward_k62",56,260211,"TCRgd_CD141","detected_multimodality","both tests reject in at least two seeds",3,3,3,3,0,0,2,"detected_multimodality"
"inflect_ward_k62",58,5226443,"CD185_CXCR5","no_detected_multimodality","neither test rejects in any seed",3,0,0,0,1,0.73708282712785,4,"stratified_5_percent_pass_audit"
"inflect_ward_k62",58,5226443,"CD45RA","detected_multimodality","both tests reject in at least two seeds",3,3,3,3,0,0,4,"detected_multimodality"
"inflect_ward_k62",59,1013096,"CD185_CXCR5","ambiguous","discordant_tests;seed_instability",3,0,0,1,0.548222500565061,0.0135067533766883,4,"ambiguous"
"inflect_ward_k62",59,1013096,"CD19","detected_multimodality","both tests reject in at least two seeds",3,3,3,3,4.47435338984392e-05,0,4,"detected_multimodality"
"inflect_ward_k62",59,1013096,"CD21","detected_multimodality","both tests reject in at least two seeds",3,3,3,3,0,0,4,"detected_multimodality"
"inflect_ward_k62",59,1013096,"CD27","ambiguous","borderline_q",3,0,0,0,1,0.0900450225112556,4,"ambiguous"
"inflect_ward_k62",60,2920244,"CD127","no_detected_multimodality","neither test rejects in any seed",3,0,0,0,1,0.696562566997785,4,"stratified_5_percent_pass_audit"
"inflect_ward_k62",61,278423,"CD14","detected_multimodality","both tests reject in at least two seeds",3,2,2,3,0.024037414159426,0,3,"detected_multimodality"
"inflect_ward_k62",61,278423,"CD185_CXCR5","ambiguous","discordant_tests;seed_instability",3,1,1,3,0.0324035985439265,0,3,"ambiguous"
"inflect_ward_k62",61,278423,"CD197_CCR7","ambiguous","borderline_q",3,0,0,0,0.999059320287979,0.0855427713856929,3,"ambiguous"
"inflect_ward_k62",61,278423,"CD27","ambiguous","discordant_tests",3,0,0,3,0.106964839696697,0,3,"ambiguous"
"inflect_ward_k62",61,278423,"CD38","detected_multimodality","both tests reject in at least two seeds",3,3,3,3,0,0,3,"detected_multimodality"
"inflect_ward_k62",61,278423,"CD7","detected_multimodality","both tests reject in at least two seeds",3,3,3,3,0.000104869179451794,0,3,"detected_multimodality"
"inflect_ward_k62",61,278423,"HLA-DR","ambiguous","borderline_q",3,0,0,0,0.999059320287979,0.0675337668834417,3,"ambiguous"
"inflect_ward_k62",62,541968,"CD127","ambiguous","borderline_q",3,0,0,0,1,0.0675337668834417,3,"ambiguous"
"inflect_ward_k62",62,541968,"CD161","no_detected_multimodality","neither test rejects in any seed",3,0,0,0,1,0.583322911455728,3,"stratified_5_percent_pass_audit"
"inflect_ward_k62",62,541968,"CD185_CXCR5","ambiguous","borderline_q",3,0,0,0,1,0.0990495247623812,3,"ambiguous"
"inflect_ward_k62",62,541968,"CD197_CCR7","ambiguous","borderline_q",3,0,0,0,1,0.0540270135067534,3,"ambiguous"
"inflect_ward_k62",62,541968,"CD27","ambiguous","borderline_q",3,0,0,0,1,0.0855427713856929,3,"ambiguous"
"inflect_ward_k62",62,541968,"CD3","no_detected_multimodality","neither test rejects in any seed",3,0,0,0,1,0.350050025012506,3,"stratified_5_percent_pass_audit"
"inflect_ward_k62",62,541968,"CD45RA","ambiguous","borderline_q",3,0,0,0,1,0.0990495247623812,3,"ambiguous"
"inflect_ward_k62",62,541968,"CD7","ambiguous","borderline_q",3,0,0,0,1,0.0990495247623812,3,"ambiguous"
"inflect_ward_k65",1,283291,"CD11c","detected_multimodality","both tests reject in at least two seeds",3,3,3,3,0,0,3,"detected_multimodality"
"inflect_ward_k65",1,283291,"CD159c_NKG2C","ambiguous","borderline_q",3,0,0,0,0.998209963719406,0.0911705852926463,3,"ambiguous"
"inflect_ward_k65",1,283291,"CD185_CXCR5","ambiguous","discordant_tests",3,0,0,3,0.510035663073678,0,3,"ambiguous"
"inflect_ward_k65",1,283291,"CD197_CCR7","ambiguous","borderline_q",3,0,0,0,0.998209963719406,0.0787893946973487,3,"ambiguous"
"inflect_ward_k65",1,283291,"CD1c","ambiguous","discordant_tests;seed_instability",3,0,0,1,0.998209963719406,0,3,"ambiguous"
"inflect_ward_k65",1,283291,"CD21","ambiguous","discordant_tests;seed_instability;borderline_q",3,0,0,1,0.998209963719406,0.0225112556278139,3,"ambiguous"
"inflect_ward_k65",1,283291,"CD3","ambiguous","borderline_q",3,0,0,0,0.998209963719406,0.0787893946973487,3,"ambiguous"
"inflect_ward_k65",1,283291,"CD57","no_detected_multimodality","neither test rejects in any seed",3,0,0,0,0.998209963719406,0.289269634817409,3,"stratified_5_percent_pass_audit"
"inflect_ward_k65",1,283291,"Tbet","ambiguous","discordant_tests;seed_instability;borderline_q",3,0,0,1,0.998209963719406,0,3,"ambiguous"
"inflect_ward_k65",2,271299,"CD11c","ambiguous","borderline_q",3,0,0,0,0.999390074260547,0.0945472736368184,3,"ambiguous"
"inflect_ward_k65",2,271299,"CD161","ambiguous","discordant_tests;seed_instability",3,0,0,1,0.598022754499355,0,3,"ambiguous"
"inflect_ward_k65",2,271299,"CD1c","ambiguous","discordant_tests;seed_instability",3,0,0,1,0.999390074260547,0.0270135067533767,3,"ambiguous"
"inflect_ward_k65",2,271299,"CD57","ambiguous","discordant_tests;seed_instability",3,0,0,1,0.263563935245658,0,3,"ambiguous"
"inflect_ward_k65",3,438555,"CD27","no_detected_multimodality","neither test rejects in any seed",3,0,0,0,1,0.850925462731366,3,"stratified_5_percent_pass_audit"
"inflect_ward_k65",3,438555,"CD57","detected_multimodality","both tests reject in at least two seeds",3,3,3,3,0,0,3,"detected_multimodality"
"inflect_ward_k65",4,302122,"CD11c","ambiguous","borderline_q",3,0,0,0,1,0.0900450225112556,3,"ambiguous"
"inflect_ward_k65",4,302122,"CD159c_NKG2C","detected_multimodality","both tests reject in at least two seeds",3,3,3,3,0,0,3,"detected_multimodality"
"inflect_ward_k65",4,302122,"CD57","detected_multimodality","both tests reject in at least two seeds",3,3,3,3,0,0,3,"detected_multimodality"
"inflect_ward_k65",5,228900,"CD3","detected_multimodality","both tests reject in at least two seeds",3,3,3,3,0,0,2,"detected_multimodality"
"inflect_ward_k65",5,228900,"CD57","detected_multimodality","both tests reject in at least two seeds",3,3,3,3,0,0,2,"detected_multimodality"
"inflect_ward_k65",5,228900,"CD8","no_detected_multimodality","neither test rejects in any seed",3,0,0,0,1,0.537568784392196,2,"stratified_5_percent_pass_audit"
"inflect_ward_k65",5,228900,"HLA-DR","no_detected_multimodality","neither test rejects in any seed",3,0,0,0,1,0.91669747917437,2,"stratified_5_percent_pass_audit"
"inflect_ward_k65",6,331025,"CD11c","ambiguous","discordant_tests;seed_instability;borderline_q",3,1,1,3,8.61760514048182e-06,0,3,"ambiguous"
"inflect_ward_k65",6,331025,"CD161","ambiguous","discordant_tests;borderline_q",3,0,0,3,0.0778502105481483,0,3,"ambiguous"
"inflect_ward_k65",6,331025,"CD3","detected_multimodality","both tests reject in at least two seeds",3,3,3,3,0,0,3,"detected_multimodality"
"inflect_ward_k65",6,331025,"CD4","no_detected_multimodality","neither test rejects in any seed",3,0,0,0,1,0.297148574287144,3,"stratified_5_percent_pass_audit"
"inflect_ward_k65",6,331025,"CD45RA","ambiguous","discordant_tests;seed_instability",3,0,0,1,1,0.0270135067533767,3,"ambiguous"
"inflect_ward_k65",6,331025,"CD57","ambiguous","discordant_tests",3,0,0,3,0.235960462475437,0,3,"ambiguous"
"inflect_ward_k65",7,317695,"CD11c","detected_multimodality","both tests reject in at least two seeds",3,2,2,3,0.000199498973550982,0,3,"detected_multimodality"
"inflect_ward_k65",7,317695,"CD161","ambiguous","discordant_tests;seed_instability;borderline_q",3,1,1,3,0.00670897031056128,0,3,"ambiguous"
"inflect_ward_k65",7,317695,"CD3","ambiguous","discordant_tests;seed_instability",3,0,0,2,1,0.00675337668834417,3,"ambiguous"
"inflect_ward_k65",7,317695,"CD57","ambiguous","discordant_tests",3,0,0,3,0.684839429102198,0,3,"ambiguous"
"inflect_ward_k65",8,128303,"CD11c","ambiguous","borderline_q",3,0,0,0,1,0.0837418709354677,2,"ambiguous"
"inflect_ward_k65",8,128303,"CD159c_NKG2C","ambiguous","discordant_tests;seed_instability;borderline_q",3,0,0,1,0.666592278413532,0,2,"ambiguous"
"inflect_ward_k65",8,128303,"CD16","ambiguous","borderline_q",3,0,0,0,1,0.0837418709354677,2,"ambiguous"
"inflect_ward_k65",8,128303,"CD21","ambiguous","discordant_tests;seed_instability",3,0,0,1,1,0.0270135067533767,2,"ambiguous"
"inflect_ward_k65",8,128303,"CD25","no_detected_multimodality","neither test rejects in any seed",3,0,0,0,1,0.925212606303152,2,"stratified_5_percent_pass_audit"
"inflect_ward_k65",8,128303,"CD45RA","no_detected_multimodality","neither test rejects in any seed",3,0,0,0,1,0.312006003001501,2,"stratified_5_percent_pass_audit"
"inflect_ward_k65",8,128303,"CD57","detected_multimodality","both tests reject in at least two seeds",3,3,3,3,0,0,2,"detected_multimodality"
"inflect_ward_k65",9,280345,"CD159c_NKG2C","ambiguous","discordant_tests;seed_instability",3,0,0,1,0.999524293598675,0.00675337668834417,3,"ambiguous"
"inflect_ward_k65",9,280345,"CD294_CRTH2","no_detected_multimodality","neither test rejects in any seed",3,0,0,0,0.999524293598675,0.870864003430287,3,"stratified_5_percent_pass_audit"
"inflect_ward_k65",9,280345,"CD57","detected_multimodality","both tests reject in at least two seeds",3,3,3,3,0,0,3,"detected_multimodality"
"inflect_ward_k65",10,58949,"CD14","no_detected_multimodality","neither test rejects in any seed",3,0,0,0,1,0.845238408678023,1,"stratified_5_percent_pass_audit"
"inflect_ward_k65",10,58949,"CD159c_NKG2C","detected_multimodality","both tests reject in at least two seeds",3,3,3,3,0.00549966042470018,0,1,"detected_multimodality"
"inflect_ward_k65",10,58949,"CD185_CXCR5","no_detected_multimodality","neither test rejects in any seed",3,0,0,0,1,0.904389694847424,1,"stratified_5_percent_pass_audit"
"inflect_ward_k65",10,58949,"CD19","ambiguous","borderline_q",3,0,0,0,1,0.0675337668834417,1,"ambiguous"
"inflect_ward_k65",10,58949,"CD27","ambiguous","discordant_tests;seed_instability",3,0,0,1,1,0.0303901950975488,1,"ambiguous"
"inflect_ward_k65",10,58949,"CD56","detected_multimodality","both tests reject in at least two seeds",3,3,3,3,0,0,1,"detected_multimodality"
"inflect_ward_k65",10,58949,"CD57","detected_multimodality","both tests reject in at least two seeds",3,2,2,3,0.00128538195621808,0,1,"detected_multimodality"
"inflect_ward_k65",11,607557,"CD27","no_detected_multimodality","neither test rejects in any seed",3,0,0,0,0.999917239553566,0.625169727721003,4,"stratified_5_percent_pass_audit"
"inflect_ward_k65",11,607557,"CD294_CRTH2","no_detected_multimodality","neither test rejects in any seed",3,0,0,0,0.999917239553566,0.547988279854213,4,"stratified_5_percent_pass_audit"
"inflect_ward_k65",11,607557,"CD4","no_detected_multimodality","neither test rejects in any seed",3,0,0,0,0.999917239553566,0.625169727721003,4,"stratified_5_percent_pass_audit"
"inflect_ward_k65",11,607557,"Tbet","no_detected_multimodality","neither test rejects in any seed",3,0,0,0,0.999917239553566,0.625169727721003,4,"stratified_5_percent_pass_audit"
"inflect_ward_k65",12,338387,"CD11c","detected_multimodality","both tests reject in at least two seeds",3,3,3,3,0,0,3,"detected_multimodality"
"inflect_ward_k65",12,338387,"CD16","no_detected_multimodality","neither test rejects in any seed",3,0,0,0,1,0.749624812406203,3,"stratified_5_percent_pass_audit"
"inflect_ward_k65",12,338387,"CD161","no_detected_multimodality","neither test rejects in any seed",3,0,0,0,1,0.59879939969985,3,"stratified_5_percent_pass_audit"
"inflect_ward_k65",12,338387,"CD185_CXCR5","no_detected_multimodality","neither test rejects in any seed",3,0,0,0,1,0.422086043021511,3,"stratified_5_percent_pass_audit"
"inflect_ward_k65",12,338387,"CD197_CCR7","no_detected_multimodality","neither test rejects in any seed",3,0,0,0,1,0.502451225612806,3,"stratified_5_percent_pass_audit"
"inflect_ward_k65",12,338387,"CD1c","no_detected_multimodality","neither test rejects in any seed",3,0,0,0,1,0.499749874937469,3,"stratified_5_percent_pass_audit"
"inflect_ward_k65",12,338387,"CD21","no_detected_multimodality","neither test rejects in any seed",3,0,0,0,1,0.59879939969985,3,"stratified_5_percent_pass_audit"
"inflect_ward_k65",12,338387,"TCRgd_CD141","no_detected_multimodality","neither test rejects in any seed",3,0,0,0,1,0.35567783891946,3,"stratified_5_percent_pass_audit"
"inflect_ward_k65",13,133968,"CD11c","ambiguous","discordant_tests;seed_instability",3,0,0,2,1,0.040520260130065,2,"ambiguous"
"inflect_ward_k65",13,133968,"CD161","ambiguous","discordant_tests;seed_instability",3,0,0,1,1,0.0315157578789395,2,"ambiguous"
"inflect_ward_k65",13,133968,"CD3","ambiguous","borderline_q",3,0,0,0,1,0.0621310655327664,2,"ambiguous"
"inflect_ward_k65",13,133968,"CD38","ambiguous","discordant_tests;seed_instability;borderline_q",3,0,0,2,0.085711907176755,0,2,"ambiguous"
"inflect_ward_k65",13,133968,"CD56","ambiguous","discordant_tests",3,0,0,3,0.783039608531796,0,2,"ambiguous"
"inflect_ward_k65",13,133968,"CD57","no_detected_multimodality","neither test rejects in any seed",3,0,0,0,1,0.631065532766383,2,"stratified_5_percent_pass_audit"
"inflect_ward_k65",13,133968,"CD7","ambiguous","discordant_tests;borderline_q",3,0,0,3,0.085711907176755,0,2,"ambiguous"
"inflect_ward_k65",13,133968,"FoxP3","ambiguous","borderline_q",3,0,0,0,1,0.0506503251625813,2,"ambiguous"
"inflect_ward_k65",14,251526,"CD11c","detected_multimodality","both tests reject in at least two seeds",3,3,3,3,0,0,2,"detected_multimodality"
"inflect_ward_k65",14,251526,"CD14","no_detected_multimodality","neither test rejects in any seed",3,0,0,0,1,0.943311655827914,2,"stratified_5_percent_pass_audit"
"inflect_ward_k65",14,251526,"CD16","detected_multimodality","both tests reject in at least two seeds",3,3,3,3,0,0,2,"detected_multimodality"
"inflect_ward_k65",14,251526,"CD161","no_detected_multimodality","neither test rejects in any seed",3,0,0,0,1,0.905702851425713,2,"stratified_5_percent_pass_audit"
"inflect_ward_k65",14,251526,"CD56","no_detected_multimodality","neither test rejects in any seed",3,0,0,0,1,0.943311655827914,2,"stratified_5_percent_pass_audit"
"inflect_ward_k65",14,251526,"CD57","detected_multimodality","both tests reject in at least two seeds",3,3,3,3,0,0,2,"detected_multimodality"
"inflect_ward_k65",15,46765,"CD11c","detected_multimodality","both tests reject in at least two seeds",3,2,2,3,0.000748264092719497,0,1,"detected_multimodality"
"inflect_ward_k65",15,46765,"CD27","no_detected_multimodality","neither test rejects in any seed",3,0,0,0,1,0.411955977988995,1,"stratified_5_percent_pass_audit"
"inflect_ward_k65",15,46765,"CD3","detected_multimodality","both tests reject in at least two seeds",3,3,3,3,0,0,1,"detected_multimodality"
"inflect_ward_k65",15,46765,"CD56","ambiguous","discordant_tests;seed_instability;borderline_q",3,1,1,3,0.00996206910356678,0,1,"ambiguous"
"inflect_ward_k65",15,46765,"CD57","ambiguous","discordant_tests;seed_instability",3,0,0,2,0.845919504261782,0,1,"ambiguous"
"inflect_ward_k65",15,46765,"Tbet","ambiguous","borderline_q",3,0,0,0,1,0.0945472736368184,1,"ambiguous"
"inflect_ward_k65",16,277783,"CD57","detected_multimodality","both tests reject in at least two seeds",3,3,3,3,0,0,3,"detected_multimodality"
"inflect_ward_k65",17,330393,"CD19","ambiguous","borderline_q",3,0,0,0,1,0.0675337668834417,3,"ambiguous"
"inflect_ward_k65",17,330393,"CD38","no_detected_multimodality","neither test rejects in any seed",3,0,0,0,1,0.93352445453496,3,"stratified_5_percent_pass_audit"
"inflect_ward_k65",17,330393,"CD45RA","ambiguous","discordant_tests;seed_instability",3,0,0,2,0.977972995980638,0,3,"ambiguous"
"inflect_ward_k65",17,330393,"CD56","ambiguous","discordant_tests;seed_instability",3,0,0,1,0.977972995980638,0.0315157578789395,3,"ambiguous"
"inflect_ward_k65",17,330393,"CD57","detected_multimodality","both tests reject in at least two seeds",3,3,3,3,0,0,3,"detected_multimodality"
"inflect_ward_k65",17,330393,"HLA-DR","no_detected_multimodality","neither test rejects in any seed",3,0,0,0,1,0.93352445453496,3,"stratified_5_percent_pass_audit"
"inflect_ward_k65",18,179840,"CD11c","ambiguous","borderline_q",3,0,0,0,1,0.0979239619809905,2,"ambiguous"
"inflect_ward_k65",18,179840,"CD197_CCR7","no_detected_multimodality","neither test rejects in any seed",3,0,0,0,1,0.861190595297649,2,"stratified_5_percent_pass_audit"
"inflect_ward_k65",18,179840,"CD3","detected_multimodality","both tests reject in at least two seeds",3,3,3,3,0,0,2,"detected_multimodality"
"inflect_ward_k65",18,179840,"CD56","detected_multimodality","both tests reject in at least two seeds",3,3,3,3,0,0,2,"detected_multimodality"
"inflect_ward_k65",18,179840,"CD57","detected_multimodality","both tests reject in at least two seeds",3,3,3,3,0,0,2,"detected_multimodality"
"inflect_ward_k65",19,147051,"CD11c","ambiguous","discordant_tests",3,0,0,3,0.346813900384696,0.00450225112556278,2,"ambiguous"
"inflect_ward_k65",19,147051,"CD161","detected_multimodality","both tests reject in at least two seeds",3,3,3,3,0,0,2,"detected_multimodality"
"inflect_ward_k65",19,147051,"CD27","no_detected_multimodality","neither test rejects in any seed",3,0,0,0,1,0.642090275907184,2,"stratified_5_percent_pass_audit"
"inflect_ward_k65",19,147051,"CD3","ambiguous","discordant_tests;seed_instability",3,0,0,1,1,0.032416208104052,2,"ambiguous"
"inflect_ward_k65",19,147051,"CD56","detected_multimodality","both tests reject in at least two seeds",3,2,2,3,0.000102860222905177,0,2,"detected_multimodality"
"inflect_ward_k65",19,147051,"Tbet","ambiguous","discordant_tests;seed_instability;borderline_q",3,0,0,2,1,0,2,"ambiguous"
"inflect_ward_k65",20,132476,"CD11c","ambiguous","discordant_tests;seed_instability",3,0,0,1,0.751423935377321,0.040520260130065,2,"ambiguous"
"inflect_ward_k65",20,132476,"CD159c_NKG2C","detected_multimodality","both tests reject in at least two seeds",3,3,3,3,0,0,2,"detected_multimodality"
"inflect_ward_k65",20,132476,"CD16","no_detected_multimodality","neither test rejects in any seed",3,0,0,0,0.99840736122597,0.472736368184092,2,"stratified_5_percent_pass_audit"
"inflect_ward_k65",20,132476,"CD1c","no_detected_multimodality","neither test rejects in any seed",3,0,0,0,0.99840736122597,0.905952976488244,2,"stratified_5_percent_pass_audit"
"inflect_ward_k65",20,132476,"CD21","no_detected_multimodality","neither test rejects in any seed",3,0,0,0,0.99840736122597,0.823161580790395,2,"stratified_5_percent_pass_audit"
"inflect_ward_k65",20,132476,"CD3","ambiguous","borderline_q",3,0,0,0,0.99840736122597,0.0540270135067534,2,"ambiguous"
"inflect_ward_k65",21,28208,"CD11c","no_detected_multimodality","neither test rejects in any seed",3,0,0,0,1,0.694406026542683,1,"stratified_5_percent_pass_audit"
"inflect_ward_k65",21,28208,"CD25","no_detected_multimodality","neither test rejects in any seed",3,0,0,0,1,0.586579003787608,1,"stratified_5_percent_pass_audit"
"inflect_ward_k65",21,28208,"CD3","no_detected_multimodality","neither test rejects in any seed",3,0,0,0,1,0.694406026542683,1,"stratified_5_percent_pass_audit"
"inflect_ward_k65",21,28208,"CD56","ambiguous","discordant_tests",3,0,0,3,0.295692750375438,0,1,"ambiguous"
"inflect_ward_k65",21,28208,"CD57","ambiguous","borderline_q",3,0,0,0,1,0.0585292646323162,1,"ambiguous"
"inflect_ward_k65",21,28208,"FoxP3","no_detected_multimodality","neither test rejects in any seed",3,0,0,0,1,0.857159348905222,1,"stratified_5_percent_pass_audit"
"inflect_ward_k65",21,28208,"TCRgd_CD141","ambiguous","discordant_tests;seed_instability",3,0,0,2,1,0.0202601300650325,1,"ambiguous"
"inflect_ward_k65",22,195943,"CD161","detected_multimodality","both tests reject in at least two seeds",3,3,3,3,0,0,2,"detected_multimodality"
"inflect_ward_k65",22,195943,"CD27","detected_multimodality","both tests reject in at least two seeds",3,3,3,3,0,0,2,"detected_multimodality"
"inflect_ward_k65",22,195943,"CD4","no_detected_multimodality","neither test rejects in any seed",3,0,0,0,1,0.84192096048024,2,"stratified_5_percent_pass_audit"
"inflect_ward_k65",22,195943,"FoxP3","ambiguous","borderline_q",3,0,0,0,1,0.0990495247623812,2,"ambiguous"
"inflect_ward_k65",23,1235429,"CD27","detected_multimodality","both tests reject in at least two seeds",3,3,3,3,0,0,4,"detected_multimodality"
"inflect_ward_k65",23,1235429,"CD45RA","detected_multimodality","both tests reject in at least two seeds",3,3,3,3,0.00121423207977805,0,4,"detected_multimodality"
"inflect_ward_k65",23,1235429,"FoxP3","no_detected_multimodality","neither test rejects in any seed",3,0,0,0,1,0.848392946473237,4,"stratified_5_percent_pass_audit"
"inflect_ward_k65",24,122981,"CD161","ambiguous","discordant_tests;seed_instability",3,1,1,3,0.0175858839013247,0,2,"ambiguous"
"inflect_ward_k65",24,122981,"CD197_CCR7","ambiguous","discordant_tests;seed_instability;borderline_q",3,0,0,1,0.999744262551489,0.015607803901951,2,"ambiguous"
"inflect_ward_k65",24,122981,"CD303_TCRvd2","no_detected_multimodality","neither test rejects in any seed",3,0,0,0,0.999744262551489,0.888604302151076,2,"stratified_5_percent_pass_audit"
"inflect_ward_k65",24,122981,"CD38","detected_multimodality","both tests reject in at least two seeds",3,3,3,3,0,0,2,"detected_multimodality"
"inflect_ward_k65",24,122981,"CD45RA","ambiguous","discordant_tests;seed_instability;borderline_q",3,0,0,1,0.917221163803609,0,2,"ambiguous"
"inflect_ward_k65",24,122981,"CD7","detected_multimodality","both tests reject in at least two seeds",3,2,2,3,0.000836649804610253,0,2,"detected_multimodality"
"inflect_ward_k65",24,122981,"FoxP3","detected_multimodality","both tests reject in at least two seeds",3,3,3,3,0,0,2,"detected_multimodality"
"inflect_ward_k65",25,40140,"CD11c","ambiguous","borderline_q",3,0,0,0,1,0.077663831915958,1,"ambiguous"
"inflect_ward_k65",25,40140,"CD159c_NKG2C","ambiguous","discordant_tests;borderline_q",3,0,0,3,0.0551239406608325,0,1,"ambiguous"
"inflect_ward_k65",25,40140,"CD16","ambiguous","discordant_tests;seed_instability",3,0,0,1,1,0.0225112556278139,1,"ambiguous"
"inflect_ward_k65",25,40140,"CD3","detected_multimodality","both tests reject in at least two seeds",3,3,3,3,0,0,1,"detected_multimodality"
"inflect_ward_k65",25,40140,"CD38","no_detected_multimodality","neither test rejects in any seed",3,0,0,0,1,0.572348674337169,1,"stratified_5_percent_pass_audit"
"inflect_ward_k65",25,40140,"CD45RA","no_detected_multimodality","neither test rejects in any seed",3,0,0,0,1,0.906033016508254,1,"stratified_5_percent_pass_audit"
"inflect_ward_k65",25,40140,"CD56","ambiguous","discordant_tests;seed_instability",3,0,0,2,1,0.00900450225112556,1,"ambiguous"
"inflect_ward_k65",25,40140,"CD57","no_detected_multimodality","neither test rejects in any seed",3,0,0,0,1,0.24312156078039,1,"stratified_5_percent_pass_audit"
"inflect_ward_k65",26,331660,"CD127","no_detected_multimodality","neither test rejects in any seed",3,0,0,0,0.998713755306261,0.102651325662831,3,"stratified_5_percent_pass_audit"
"inflect_ward_k65",26,331660,"CD14","no_detected_multimodality","neither test rejects in any seed",3,0,0,0,0.998713755306261,0.491645822911456,3,"stratified_5_percent_pass_audit"
"inflect_ward_k65",26,331660,"CD159c_NKG2C","no_detected_multimodality","neither test rejects in any seed",3,0,0,0,0.998713755306261,0.515712401655373,3,"stratified_5_percent_pass_audit"
"inflect_ward_k65",26,331660,"CD161","ambiguous","discordant_tests;seed_instability",3,1,1,2,0.0154939109551328,0,3,"ambiguous"
"inflect_ward_k65",26,331660,"CD19","ambiguous","borderline_q",3,0,0,0,0.998713755306261,0.0729364682341171,3,"ambiguous"
"inflect_ward_k65",26,331660,"CD27","detected_multimodality","both tests reject in at least two seeds",3,3,3,3,2.94236524265301e-05,0,3,"detected_multimodality"
"inflect_ward_k65",26,331660,"CD3","no_detected_multimodality","neither test rejects in any seed",3,0,0,0,0.998713755306261,0.92224112056028,3,"stratified_5_percent_pass_audit"
"inflect_ward_k65",26,331660,"CD303_TCRvd2","detected_multimodality","both tests reject in at least two seeds",3,3,3,3,0,0,3,"detected_multimodality"
"inflect_ward_k65",26,331660,"CD56","no_detected_multimodality","neither test rejects in any seed",3,0,0,0,0.998713755306261,0.515712401655373,3,"stratified_5_percent_pass_audit"
"inflect_ward_k65",26,331660,"CD7","no_detected_multimodality","neither test rejects in any seed",3,0,0,0,0.998713755306261,0.570660330165083,3,"stratified_5_percent_pass_audit"
"inflect_ward_k65",26,331660,"CD8","no_detected_multimodality","neither test rejects in any seed",3,0,0,0,0.998713755306261,0.92224112056028,3,"stratified_5_percent_pass_audit"
"inflect_ward_k65",26,331660,"Tbet","ambiguous","discordant_tests;seed_instability",3,0,0,1,0.998713755306261,0.040520260130065,3,"ambiguous"
"inflect_ward_k65",26,331660,"TCRgd_CD141","detected_multimodality","both tests reject in at least two seeds",3,3,3,3,0,0,3,"detected_multimodality"
"inflect_ward_k65",27,636588,"CD11c","ambiguous","discordant_tests;seed_instability;borderline_q",3,0,0,1,0.996754688261646,0.0212248981633674,4,"ambiguous"
"inflect_ward_k65",27,636588,"CD127","ambiguous","discordant_tests;seed_instability",3,0,0,1,0.996754688261646,0,4,"ambiguous"
"inflect_ward_k65",27,636588,"CD159c_NKG2C","ambiguous","borderline_q",3,0,0,0,0.996754688261646,0.0877938969484742,4,"ambiguous"
"inflect_ward_k65",27,636588,"CD16","detected_multimodality","both tests reject in at least two seeds",3,3,3,3,0,0,4,"detected_multimodality"
"inflect_ward_k65",27,636588,"CD185_CXCR5","ambiguous","discordant_tests;seed_instability;borderline_q",3,0,0,1,0.315206560554618,0,4,"ambiguous"
"inflect_ward_k65",27,636588,"CD21","detected_multimodality","both tests reject in at least two seeds",3,2,2,3,0.0317465391469615,0,4,"detected_multimodality"
"inflect_ward_k65",27,636588,"CD25","ambiguous","discordant_tests;seed_instability",3,0,0,1,0.996754688261646,0.0157578789394697,4,"ambiguous"
"inflect_ward_k65",27,636588,"CD27","ambiguous","discordant_tests;seed_instability",3,0,0,1,0.996754688261646,0.040520260130065,4,"ambiguous"
"inflect_ward_k65",27,636588,"CD3","ambiguous","discordant_tests;seed_instability",3,0,0,1,0.996754688261646,0.0157578789394697,4,"ambiguous"
"inflect_ward_k65",27,636588,"CD303_TCRvd2","ambiguous","borderline_q",3,0,0,0,0.996754688261646,0.0742871435717859,4,"ambiguous"
"inflect_ward_k65",27,636588,"CD38","ambiguous","discordant_tests",3,0,0,3,0.828817941863607,0,4,"ambiguous"
"inflect_ward_k65",27,636588,"CD45RA","ambiguous","discordant_tests;seed_instability",3,0,0,2,0.135761493172728,0,4,"ambiguous"
"inflect_ward_k65",27,636588,"CD56","ambiguous","discordant_tests;seed_instability",3,0,0,1,0.996754688261646,0.00675337668834417,4,"ambiguous"
"inflect_ward_k65",27,636588,"FoxP3","ambiguous","borderline_q",3,0,0,0,0.996754688261646,0.079352176088044,4,"ambiguous"
"inflect_ward_k65",28,187264,"CD159c_NKG2C","no_detected_multimodality","neither test rejects in any seed",3,0,0,0,1,0.833262785238773,2,"stratified_5_percent_pass_audit"
"inflect_ward_k65",28,187264,"CD161","detected_multimodality","both tests reject in at least two seeds",3,3,3,3,0,0,2,"detected_multimodality"
"inflect_ward_k65",29,143811,"CD11c","no_detected_multimodality","neither test rejects in any seed",3,0,0,0,1,0.16208104052026,2,"stratified_5_percent_pass_audit"
"inflect_ward_k65",29,143811,"CD38","ambiguous","borderline_q",3,0,0,0,1,0.0877938969484742,2,"ambiguous"
"inflect_ward_k65",29,143811,"CD7","ambiguous","discordant_tests;seed_instability",3,1,1,3,0.0420065876151817,0,2,"ambiguous"
"inflect_ward_k65",29,143811,"FoxP3","no_detected_multimodality","neither test rejects in any seed",3,0,0,0,1,0.691300195552322,2,"stratified_5_percent_pass_audit"
"inflect_ward_k65",30,105074,"CD11c","ambiguous","discordant_tests;borderline_q",3,0,0,3,0.0794481699747036,0,1,"ambiguous"
"inflect_ward_k65",30,105074,"CD159c_NKG2C","detected_multimodality","both tests reject in at least two seeds",3,2,2,3,0.0211643594313077,0,1,"detected_multimodality"
"inflect_ward_k65",30,105074,"CD19","no_detected_multimodality","neither test rejects in any seed",3,0,0,0,1,0.445722861430715,1,"stratified_5_percent_pass_audit"
"inflect_ward_k65",30,105074,"CD3","ambiguous","discordant_tests;seed_instability",3,1,1,3,0.0211643594313077,0,1,"ambiguous"
"inflect_ward_k65",30,105074,"CD56","no_detected_multimodality","neither test rejects in any seed",3,0,0,0,1,0.445722861430715,1,"stratified_5_percent_pass_audit"
"inflect_ward_k65",30,105074,"CD57","detected_multimodality","both tests reject in at least two seeds",3,3,3,3,0,0,1,"detected_multimodality"
"inflect_ward_k65",30,105074,"TCRgd_CD141","no_detected_multimodality","neither test rejects in any seed",3,0,0,0,1,0.585985300342479,1,"stratified_5_percent_pass_audit"
"inflect_ward_k65",31,113765,"CD11c","ambiguous","discordant_tests;seed_instability;borderline_q",3,0,0,1,1,0.040520260130065,1,"ambiguous"
"inflect_ward_k65",31,113765,"CD16","ambiguous","discordant_tests;seed_instability;borderline_q",3,0,0,1,1,0.0315157578789395,1,"ambiguous"
"inflect_ward_k65",31,113765,"CD161","detected_multimodality","both tests reject in at least two seeds",3,3,3,3,0,0,1,"detected_multimodality"
"inflect_ward_k65",31,113765,"CD303_TCRvd2","detected_multimodality","both tests reject in at least two seeds",3,3,3,3,0,0,1,"detected_multimodality"
"inflect_ward_k65",31,113765,"CD45RA","ambiguous","discordant_tests;seed_instability",3,1,1,3,0.0006755911763483,0,1,"ambiguous"
"inflect_ward_k65",31,113765,"FoxP3","ambiguous","borderline_q",3,0,0,0,1,0.0984063460301579,1,"ambiguous"
"inflect_ward_k65",31,113765,"HLA-DR","no_detected_multimodality","neither test rejects in any seed",3,0,0,0,1,0.951475737868934,1,"stratified_5_percent_pass_audit"
"inflect_ward_k65",31,113765,"Tbet","no_detected_multimodality","neither test rejects in any seed",3,0,0,0,1,0.678039019509755,1,"stratified_5_percent_pass_audit"
"inflect_ward_k65",31,113765,"TCRgd_CD141","ambiguous","discordant_tests;seed_instability",3,0,0,2,0.601393028420267,0,1,"ambiguous"
"inflect_ward_k65",32,100069,"CD159c_NKG2C","no_detected_multimodality","neither test rejects in any seed",3,0,0,0,1,0.734767383691846,1,"stratified_5_percent_pass_audit"
"inflect_ward_k65",32,100069,"CD16","no_detected_multimodality","neither test rejects in any seed",3,0,0,0,1,0.11255627813907,1,"stratified_5_percent_pass_audit"
"inflect_ward_k65",32,100069,"CD197_CCR7","no_detected_multimodality","neither test rejects in any seed",3,0,0,0,1,0.679558529264632,1,"stratified_5_percent_pass_audit"
"inflect_ward_k65",32,100069,"CD1c","no_detected_multimodality","neither test rejects in any seed",3,0,0,0,1,0.812566283141571,1,"stratified_5_percent_pass_audit"
"inflect_ward_k65",32,100069,"CD21","no_detected_multimodality","neither test rejects in any seed",3,0,0,0,1,0.653148002572715,1,"stratified_5_percent_pass_audit"
"inflect_ward_k65",32,100069,"CD56","detected_multimodality","both tests reject in at least two seeds",3,3,3,3,0,0,1,"detected_multimodality"
"inflect_ward_k65",32,100069,"CD57","detected_multimodality","both tests reject in at least two seeds",3,2,2,2,0.0198392456980966,0,1,"detected_multimodality"
"inflect_ward_k65",32,100069,"CD7","no_detected_multimodality","neither test rejects in any seed",3,0,0,0,1,0.279139569784892,1,"stratified_5_percent_pass_audit"
"inflect_ward_k65",33,88785,"CD127","ambiguous","discordant_tests",3,0,0,3,0.424178071421053,0,1,"ambiguous"
"inflect_ward_k65",33,88785,"CD14","ambiguous","discordant_tests;seed_instability",3,1,1,3,0.000944047081400168,0,1,"ambiguous"
"inflect_ward_k65",33,88785,"CD161","ambiguous","discordant_tests",3,0,0,3,0.114519893993138,0,1,"ambiguous"
"inflect_ward_k65",33,88785,"CD185_CXCR5","ambiguous","discordant_tests",3,0,0,3,0.295751894292155,0,1,"ambiguous"
"inflect_ward_k65",33,88785,"CD38","detected_multimodality","both tests reject in at least two seeds",3,3,3,3,0,0,1,"detected_multimodality"
"inflect_ward_k65",33,88785,"CD7","ambiguous","discordant_tests;seed_instability;borderline_q",3,0,0,1,1,0,1,"ambiguous"
"inflect_ward_k65",33,88785,"CD8","no_detected_multimodality","neither test rejects in any seed",3,0,0,0,1,0.906753376688344,1,"stratified_5_percent_pass_audit"
"inflect_ward_k65",33,88785,"FoxP3","ambiguous","borderline_q",3,0,0,0,1,0.0928589294647324,1,"ambiguous"
"inflect_ward_k65",33,88785,"Tbet","detected_multimodality","both tests reject in at least two seeds",3,3,3,3,0,0,1,"detected_multimodality"
"inflect_ward_k65",34,492309,"CD11c","no_detected_multimodality","neither test rejects in any seed",3,0,0,0,1,0.407903951975988,3,"stratified_5_percent_pass_audit"
"inflect_ward_k65",34,492309,"CD16","ambiguous","borderline_q",3,0,0,0,1,0.0877938969484742,3,"ambiguous"
"inflect_ward_k65",34,492309,"CD27","detected_multimodality","both tests reject in at least two seeds",3,3,3,3,0,0,3,"detected_multimodality"
"inflect_ward_k65",34,492309,"CD303_TCRvd2","detected_multimodality","both tests reject in at least two seeds",3,3,3,3,0,0,3,"detected_multimodality"
"inflect_ward_k65",34,492309,"CD45RA","no_detected_multimodality","neither test rejects in any seed",3,0,0,0,1,0.983491745872936,3,"stratified_5_percent_pass_audit"
"inflect_ward_k65",34,492309,"TCRgd_CD141","detected_multimodality","both tests reject in at least two seeds",3,3,3,3,0,0,3,"detected_multimodality"
"inflect_ward_k65",35,336733,"CD11c","ambiguous","borderline_q",3,0,0,0,0.999342004513033,0.0810405202601301,3,"ambiguous"
"inflect_ward_k65",35,336733,"CD161","detected_multimodality","both tests reject in at least two seeds",3,2,2,3,0.00215356451106141,0,3,"detected_multimodality"
"inflect_ward_k65",35,336733,"CD27","detected_multimodality","both tests reject in at least two seeds",3,3,3,3,0,0,3,"detected_multimodality"
"inflect_ward_k65",35,336733,"CD294_CRTH2","ambiguous","borderline_q",3,0,0,0,0.999342004513033,0.0810405202601301,3,"ambiguous"
"inflect_ward_k65",35,336733,"CD303_TCRvd2","ambiguous","borderline_q",3,0,0,0,0.999342004513033,0.0630315157578789,3,"ambiguous"
"inflect_ward_k65",35,336733,"Tbet","no_detected_multimodality","neither test rejects in any seed",3,0,0,0,0.999342004513033,0.841470735367684,3,"stratified_5_percent_pass_audit"
"inflect_ward_k65",36,533956,"CD127","ambiguous","discordant_tests;seed_instability;borderline_q",3,0,0,2,0.99983465397937,0,3,"ambiguous"
"inflect_ward_k65",36,533956,"CD197_CCR7","detected_multimodality","both tests reject in at least two seeds",3,2,2,2,0.000466343680961545,0,3,"detected_multimodality"
"inflect_ward_k65",36,533956,"CD1c","ambiguous","borderline_q",3,0,0,0,0.99983465397937,0.0729364682341171,3,"ambiguous"
"inflect_ward_k65",36,533956,"CD27","detected_multimodality","both tests reject in at least two seeds",3,3,3,3,0.000109104803552251,0,3,"detected_multimodality"
"inflect_ward_k65",36,533956,"CD4","ambiguous","discordant_tests;seed_instability",3,0,0,1,0.99983465397937,0.024312156078039,3,"ambiguous"
"inflect_ward_k65",36,533956,"CD45RA","detected_multimodality","both tests reject in at least two seeds",3,3,3,3,0,0,3,"detected_multimodality"
"inflect_ward_k65",37,215648,"CD11c","ambiguous","discordant_tests;seed_instability",3,1,1,2,0.020817521087803,0,2,"ambiguous"
"inflect_ward_k65",37,215648,"CD3","detected_multimodality","both tests reject in at least two seeds",3,3,3,3,0,0,2,"detected_multimodality"
"inflect_ward_k65",37,215648,"CD303_TCRvd2","ambiguous","discordant_tests;seed_instability",3,0,0,2,0.104301293427848,0,2,"ambiguous"
"inflect_ward_k65",37,215648,"CD38","no_detected_multimodality","neither test rejects in any seed",3,0,0,0,1,0.683055813621096,2,"stratified_5_percent_pass_audit"
"inflect_ward_k65",37,215648,"CD57","detected_multimodality","both tests reject in at least two seeds",3,3,3,3,0,0,2,"detected_multimodality"
"inflect_ward_k65",37,215648,"CD7","no_detected_multimodality","neither test rejects in any seed",3,0,0,0,1,0.977488744372186,2,"stratified_5_percent_pass_audit"
"inflect_ward_k65",38,726106,"CD11c","no_detected_multimodality","neither test rejects in any seed",3,0,0,0,0.998990108136149,0.173899449724862,4,"stratified_5_percent_pass_audit"
"inflect_ward_k65",38,726106,"CD127","ambiguous","borderline_q",3,0,0,0,0.998990108136149,0.0697848924462231,4,"ambiguous"
"inflect_ward_k65",38,726106,"CD14","no_detected_multimodality","neither test rejects in any seed",3,0,0,0,0.998990108136149,0.668584292146073,4,"stratified_5_percent_pass_audit"
"inflect_ward_k65",38,726106,"CD197_CCR7","no_detected_multimodality","neither test rejects in any seed",3,0,0,0,0.998990108136149,0.668584292146073,4,"stratified_5_percent_pass_audit"
"inflect_ward_k65",38,726106,"CD27","detected_multimodality","both tests reject in at least two seeds",3,3,3,3,0,0,4,"detected_multimodality"
"inflect_ward_k65",38,726106,"CD3","ambiguous","discordant_tests;seed_instability;borderline_q",3,1,1,3,0.036393875178382,0,4,"ambiguous"
"inflect_ward_k65",38,726106,"CD303_TCRvd2","ambiguous","discordant_tests",3,0,0,3,0.168942380381087,0,4,"ambiguous"
"inflect_ward_k65",38,726106,"CD38","ambiguous","discordant_tests;seed_instability",3,0,0,1,0.998990108136149,0.011255627813907,4,"ambiguous"
"inflect_ward_k65",38,726106,"CD45RA","detected_multimodality","both tests reject in at least two seeds",3,3,3,3,0,0,4,"detected_multimodality"
"inflect_ward_k65",38,726106,"CD56","no_detected_multimodality","neither test rejects in any seed",3,0,0,0,0.998990108136149,0.883341670835418,4,"stratified_5_percent_pass_audit"
"inflect_ward_k65",38,726106,"Tbet","detected_multimodality","both tests reject in at least two seeds",3,3,3,3,0,0,4,"detected_multimodality"
"inflect_ward_k65",39,77690,"CD127","ambiguous","discordant_tests;seed_instability",3,0,0,2,0.526653623826208,0,1,"ambiguous"
"inflect_ward_k65",39,77690,"CD161","ambiguous","discordant_tests;seed_instability",3,0,0,1,1,0.0495247623811906,1,"ambiguous"
"inflect_ward_k65",39,77690,"CD27","ambiguous","discordant_tests",3,0,0,3,0.392379875964892,0,1,"ambiguous"
"inflect_ward_k65",39,77690,"CD4","ambiguous","discordant_tests;seed_instability",3,0,0,1,1,0.0135067533766883,1,"ambiguous"
"inflect_ward_k65",39,77690,"CD57","ambiguous","discordant_tests;seed_instability",3,0,0,1,1,0.00675337668834417,1,"ambiguous"
"inflect_ward_k65",39,77690,"Tbet","ambiguous","discordant_tests;seed_instability",3,0,0,2,0.982318614222294,0,1,"ambiguous"
"inflect_ward_k65",40,6709,"CD11c","detected_multimodality","both tests reject in at least two seeds",3,3,3,3,0,0,1,"detected_multimodality"
"inflect_ward_k65",40,6709,"CD14","ambiguous","borderline_q",3,0,0,0,1,0.0848995926534696,1,"ambiguous"
"inflect_ward_k65",40,6709,"CD1c","detected_multimodality","both tests reject in at least two seeds",3,3,3,3,0,0,1,"detected_multimodality"
"inflect_ward_k65",40,6709,"CD27","ambiguous","borderline_q",3,0,0,0,1,0.0765382691345673,1,"ambiguous"
"inflect_ward_k65",40,6709,"CD294_CRTH2","no_detected_multimodality","neither test rejects in any seed",3,0,0,0,1,0.506147810747479,1,"stratified_5_percent_pass_audit"
"inflect_ward_k65",40,6709,"CD3","detected_multimodality","both tests reject in at least two seeds",3,3,3,3,3.7854005946053e-05,0,1,"detected_multimodality"
"inflect_ward_k65",40,6709,"CD57","ambiguous","borderline_q",3,0,0,0,1,0.0630315157578789,1,"ambiguous"
"inflect_ward_k65",40,6709,"HLA-DR","detected_multimodality","both tests reject in at least two seeds",3,3,3,3,0,0,1,"detected_multimodality"
"inflect_ward_k65",40,6709,"TCRgd_CD141","ambiguous","discordant_tests",3,0,0,3,0.684185367828417,0,1,"ambiguous"
"inflect_ward_k65",41,4272277,"CD127","no_detected_multimodality","neither test rejects in any seed",3,0,0,0,1,0.23711855927964,4,"stratified_5_percent_pass_audit"
"inflect_ward_k65",41,4272277,"CD185_CXCR5","no_detected_multimodality","neither test rejects in any seed",3,0,0,0,1,0.507117194961117,4,"stratified_5_percent_pass_audit"
"inflect_ward_k65",41,4272277,"CD197_CCR7","detected_multimodality","both tests reject in at least two seeds",3,3,3,3,0,0,4,"detected_multimodality"
"inflect_ward_k65",41,4272277,"CD25","no_detected_multimodality","neither test rejects in any seed",3,0,0,0,1,0.456528264132066,4,"stratified_5_percent_pass_audit"
"inflect_ward_k65",41,4272277,"CD38","no_detected_multimodality","neither test rejects in any seed",3,0,0,0,1,0.840596768972722,4,"stratified_5_percent_pass_audit"
"inflect_ward_k65",41,4272277,"CD4","ambiguous","borderline_q",3,0,0,0,1,0.0855427713856929,4,"ambiguous"
"inflect_ward_k65",41,4272277,"CD45RA","detected_multimodality","both tests reject in at least two seeds",3,3,3,3,0,0,4,"detected_multimodality"
"inflect_ward_k65",41,4272277,"CD57","no_detected_multimodality","neither test rejects in any seed",3,0,0,0,1,0.515334590372109,4,"stratified_5_percent_pass_audit"
"inflect_ward_k65",41,4272277,"TCRgd_CD141","no_detected_multimodality","neither test rejects in any seed",3,0,0,0,1,0.221896662617023,4,"stratified_5_percent_pass_audit"
"inflect_ward_k65",42,413636,"FoxP3","no_detected_multimodality","neither test rejects in any seed",3,0,0,0,1,0.877938969484742,3,"stratified_5_percent_pass_audit"
"inflect_ward_k65",43,22279,"CD11c","ambiguous","discordant_tests;seed_instability",3,0,0,2,0.99771465108581,0.0282413934239847,1,"ambiguous"
"inflect_ward_k65",43,22279,"CD127","ambiguous","discordant_tests;seed_instability",3,0,0,1,0.643495958927953,0.0196461867297285,1,"ambiguous"
"inflect_ward_k65",43,22279,"CD14","ambiguous","borderline_q",3,0,0,0,0.99771465108581,0.0762734308330636,1,"ambiguous"
"inflect_ward_k65",43,22279,"CD159c_NKG2C","ambiguous","discordant_tests;seed_instability;borderline_q",3,0,0,1,0.99771465108581,0.00168834417208604,1,"ambiguous"
"inflect_ward_k65",43,22279,"CD16","ambiguous","borderline_q",3,0,0,0,0.99771465108581,0.0877938969484742,1,"ambiguous"
"inflect_ward_k65",43,22279,"CD161","ambiguous","discordant_tests;seed_instability;borderline_q",3,0,0,1,0.99771465108581,0.0189094547273637,1,"ambiguous"
"inflect_ward_k65",43,22279,"CD185_CXCR5","ambiguous","discordant_tests;seed_instability",3,0,0,1,0.99771465108581,0.0281390695347674,1,"ambiguous"
"inflect_ward_k65",43,22279,"CD19","ambiguous","borderline_q",3,0,0,0,0.99771465108581,0.0576288144072036,1,"ambiguous"
"inflect_ward_k65",43,22279,"CD197_CCR7","detected_multimodality","both tests reject in at least two seeds",3,2,2,3,0.00106498104756776,0,1,"detected_multimodality"
"inflect_ward_k65",43,22279,"CD1c","ambiguous","borderline_q",3,0,0,0,0.99771465108581,0.0700662831415708,1,"ambiguous"
"inflect_ward_k65",43,22279,"CD21","ambiguous","discordant_tests;seed_instability",3,0,0,1,0.99771465108581,0.049203173015079,1,"ambiguous"
"inflect_ward_k65",43,22279,"CD25","ambiguous","discordant_tests;seed_instability",3,0,0,1,0.99771465108581,0.0415592411590411,1,"ambiguous"
"inflect_ward_k65",43,22279,"CD27","detected_multimodality","both tests reject in at least two seeds",3,3,3,3,0,0,1,"detected_multimodality"
"inflect_ward_k65",43,22279,"CD3","detected_multimodality","both tests reject in at least two seeds",3,3,3,3,0,0,1,"detected_multimodality"
"inflect_ward_k65",43,22279,"CD303_TCRvd2","ambiguous","discordant_tests;borderline_q",3,0,0,3,0.0947041579924324,0,1,"ambiguous"
"inflect_ward_k65",43,22279,"CD4","ambiguous","discordant_tests;seed_instability",3,0,0,1,0.264455276206745,0,1,"ambiguous"
"inflect_ward_k65",43,22279,"CD45RA","detected_multimodality","both tests reject in at least two seeds",3,3,3,3,0.00071162905664004,0,1,"detected_multimodality"
"inflect_ward_k65",43,22279,"CD56","detected_multimodality","both tests reject in at least two seeds",3,3,3,3,0,0,1,"detected_multimodality"
"inflect_ward_k65",43,22279,"CD57","ambiguous","discordant_tests",3,0,0,3,0.293592084697448,0,1,"ambiguous"
"inflect_ward_k65",43,22279,"CD7","ambiguous","discordant_tests",3,0,0,3,0.210868520812245,0,1,"ambiguous"
"inflect_ward_k65",43,22279,"Tbet","detected_multimodality","both tests reject in at least two seeds",3,3,3,3,0,0,1,"detected_multimodality"
"inflect_ward_k65",44,1093840,"CD127","ambiguous","discordant_tests;seed_instability",3,0,0,1,1,0.00675337668834417,4,"ambiguous"
"inflect_ward_k65",44,1093840,"CD16","no_detected_multimodality","neither test rejects in any seed",3,0,0,0,1,0.731165582791396,4,"stratified_5_percent_pass_audit"
"inflect_ward_k65",44,1093840,"CD1c","no_detected_multimodality","neither test rejects in any seed",3,0,0,0,1,0.636746944901022,4,"stratified_5_percent_pass_audit"
"inflect_ward_k65",44,1093840,"CD21","no_detected_multimodality","neither test rejects in any seed",3,0,0,0,1,0.513256628314157,4,"stratified_5_percent_pass_audit"
"inflect_ward_k65",44,1093840,"CD27","detected_multimodality","both tests reject in at least two seeds",3,3,3,3,0,0,4,"detected_multimodality"
"inflect_ward_k65",44,1093840,"CD3","no_detected_multimodality","neither test rejects in any seed",3,0,0,0,1,0.867004931036947,4,"stratified_5_percent_pass_audit"
"inflect_ward_k65",44,1093840,"CD7","ambiguous","discordant_tests",3,0,0,3,0.494158279932191,0,4,"ambiguous"
"inflect_ward_k65",45,95070,"CD11c","detected_multimodality","both tests reject in at least two seeds",3,3,3,3,0,0,1,"detected_multimodality"
"inflect_ward_k65",45,95070,"CD127","no_detected_multimodality","neither test rejects in any seed",3,0,0,0,1,0.910355177588794,1,"stratified_5_percent_pass_audit"
"inflect_ward_k65",45,95070,"CD161","no_detected_multimodality","neither test rejects in any seed",3,0,0,0,1,0.906238833702566,1,"stratified_5_percent_pass_audit"
"inflect_ward_k65",45,95070,"CD1c","detected_multimodality","both tests reject in at least two seeds",3,3,3,3,0,0,1,"detected_multimodality"
"inflect_ward_k65",45,95070,"CD4","no_detected_multimodality","neither test rejects in any seed",3,0,0,0,1,0.288144072036018,1,"stratified_5_percent_pass_audit"
"inflect_ward_k65",45,95070,"HLA-DR","detected_multimodality","both tests reject in at least two seeds",3,3,3,3,0,0,1,"detected_multimodality"
"inflect_ward_k65",45,95070,"TCRgd_CD141","detected_multimodality","both tests reject in at least two seeds",3,3,3,3,0,0,1,"detected_multimodality"
"inflect_ward_k65",46,115966,"CD159c_NKG2C","ambiguous","borderline_q",3,0,0,0,1,0.0675337668834417,2,"ambiguous"
"inflect_ward_k65",47,6847,"CD161","ambiguous","discordant_tests;seed_instability",3,1,1,2,0.00560144690912782,0,1,"ambiguous"
"inflect_ward_k65",47,6847,"CD185_CXCR5","ambiguous","discordant_tests;seed_instability",3,0,0,1,1,0.00325162581290645,1,"ambiguous"
"inflect_ward_k65",47,6847,"CD197_CCR7","ambiguous","discordant_tests",3,0,0,3,1,0,1,"ambiguous"
"inflect_ward_k65",47,6847,"CD38","ambiguous","discordant_tests;seed_instability",3,0,0,1,0.643706739390457,0.0390195097548774,1,"ambiguous"
"inflect_ward_k65",47,6847,"CD7","detected_multimodality","both tests reject in at least two seeds",3,3,3,3,6.23859559060191e-05,0,1,"detected_multimodality"
"inflect_ward_k65",47,6847,"FoxP3","detected_multimodality","both tests reject in at least two seeds",3,3,3,3,0,0,1,"detected_multimodality"
"inflect_ward_k65",48,60777,"CD57","ambiguous","discordant_tests;seed_instability;borderline_q",3,1,1,3,0.0201371404108426,0,1,"ambiguous"
"inflect_ward_k65",49,170897,"CD19","no_detected_multimodality","neither test rejects in any seed",3,0,0,0,0.999614918121772,0.934217108554277,2,"stratified_5_percent_pass_audit"
"inflect_ward_k65",49,170897,"CD294_CRTH2","no_detected_multimodality","neither test rejects in any seed",3,0,0,0,0.999614918121772,0.438969484742371,2,"stratified_5_percent_pass_audit"
"inflect_ward_k65",49,170897,"CD3","no_detected_multimodality","neither test rejects in any seed",3,0,0,0,0.999614918121772,0.937468734367184,2,"stratified_5_percent_pass_audit"
"inflect_ward_k65",50,118692,"CD159c_NKG2C","ambiguous","borderline_q",3,0,0,0,1,0.0990495247623812,2,"ambiguous"
"inflect_ward_k65",50,118692,"CD185_CXCR5","no_detected_multimodality","neither test rejects in any seed",3,0,0,0,1,0.1451975987994,2,"stratified_5_percent_pass_audit"
"inflect_ward_k65",50,118692,"CD27","detected_multimodality","both tests reject in at least two seeds",3,3,3,3,0,0,2,"detected_multimodality"
"inflect_ward_k65",50,118692,"CD8","detected_multimodality","both tests reject in at least two seeds",3,3,3,3,0.000104869179451794,0,2,"detected_multimodality"
"inflect_ward_k65",50,118692,"TCRgd_CD141","no_detected_multimodality","neither test rejects in any seed",3,0,0,0,1,0.499749874937469,2,"stratified_5_percent_pass_audit"
"inflect_ward_k65",51,620548,"CD11c","ambiguous","discordant_tests;seed_instability",3,0,0,2,0.165732276486757,0,4,"ambiguous"
"inflect_ward_k65",51,620548,"CD14","detected_multimodality","both tests reject in at least two seeds",3,3,3,3,0,0,4,"detected_multimodality"
"inflect_ward_k65",51,620548,"CD1c","detected_multimodality","both tests reject in at least two seeds",3,3,3,3,0,0,4,"detected_multimodality"
"inflect_ward_k65",51,620548,"HLA-DR","detected_multimodality","both tests reject in at least two seeds",3,3,3,3,0,0,4,"detected_multimodality"
"inflect_ward_k65",52,672104,"CD161","no_detected_multimodality","neither test rejects in any seed",3,0,0,0,0.99978972227383,0.921460730365183,4,"stratified_5_percent_pass_audit"
"inflect_ward_k65",52,672104,"CD197_CCR7","ambiguous","discordant_tests;seed_instability",3,0,0,1,0.903862871951048,0,4,"ambiguous"
"inflect_ward_k65",52,672104,"CD1c","ambiguous","borderline_q",3,0,0,0,0.99978972227383,0.0540270135067534,4,"ambiguous"
"inflect_ward_k65",52,672104,"HLA-DR","no_detected_multimodality","neither test rejects in any seed",3,0,0,0,0.99978972227383,0.813522145688229,4,"stratified_5_percent_pass_audit"
"inflect_ward_k65",53,3842157,"CD27","detected_multimodality","both tests reject in at least two seeds",3,3,3,3,0,0,4,"detected_multimodality"
"inflect_ward_k65",54,1793702,"CD27","detected_multimodality","both tests reject in at least two seeds",3,3,3,3,0,0,4,"detected_multimodality"
"inflect_ward_k65",54,1793702,"CD7","ambiguous","discordant_tests;seed_instability;borderline_q",3,0,0,2,0.0915544890402443,0,4,"ambiguous"
"inflect_ward_k65",55,2430769,"CD27","ambiguous","discordant_tests;seed_instability",3,0,0,1,1,0,4,"ambiguous"
"inflect_ward_k65",55,2430769,"CD45RA","no_detected_multimodality","neither test rejects in any seed",3,0,0,0,1,0.889603892855519,4,"stratified_5_percent_pass_audit"
"inflect_ward_k65",56,1028144,"CD127","ambiguous","discordant_tests;seed_instability",3,0,0,1,1,0.0337668834417209,4,"ambiguous"
"inflect_ward_k65",56,1028144,"CD197_CCR7","ambiguous","discordant_tests;seed_instability",3,0,0,1,1,0.0337668834417209,4,"ambiguous"
"inflect_ward_k65",56,1028144,"CD25","ambiguous","discordant_tests",3,0,0,3,0.420750108023596,0,4,"ambiguous"
"inflect_ward_k65",56,1028144,"CD8","no_detected_multimodality","neither test rejects in any seed",3,0,0,0,1,0.634817408704352,4,"stratified_5_percent_pass_audit"
"inflect_ward_k65",56,1028144,"FoxP3","detected_multimodality","both tests reject in at least two seeds",3,3,3,3,0.000244091926392298,0,4,"detected_multimodality"
"inflect_ward_k65",56,1028144,"HLA-DR","ambiguous","discordant_tests;seed_instability",3,0,0,1,1,0.00450225112556278,4,"ambiguous"
"inflect_ward_k65",57,1247765,"CD14","ambiguous","discordant_tests",3,0,0,3,0.183349401980303,0,4,"ambiguous"
"inflect_ward_k65",57,1247765,"CD185_CXCR5","ambiguous","discordant_tests;seed_instability",3,0,0,1,0.999716953334629,0.0337668834417209,4,"ambiguous"
"inflect_ward_k65",57,1247765,"CD19","no_detected_multimodality","neither test rejects in any seed",3,0,0,0,0.999716953334629,0.907336020951652,4,"stratified_5_percent_pass_audit"
"inflect_ward_k65",57,1247765,"CD197_CCR7","ambiguous","borderline_q",3,0,0,0,0.999716953334629,0.0877938969484742,4,"ambiguous"
"inflect_ward_k65",57,1247765,"CD303_TCRvd2","no_detected_multimodality","neither test rejects in any seed",3,0,0,0,0.999716953334629,0.319659829914957,4,"stratified_5_percent_pass_audit"
"inflect_ward_k65",57,1247765,"CD4","ambiguous","discordant_tests;seed_instability",3,0,0,1,0.999716953334629,0.0337668834417209,4,"ambiguous"
"inflect_ward_k65",58,260211,"CD11c","ambiguous","discordant_tests;seed_instability;borderline_q",3,0,0,1,0.30370700869768,0,2,"ambiguous"
"inflect_ward_k65",58,260211,"CD127","no_detected_multimodality","neither test rejects in any seed",3,0,0,0,1,0.273994139927106,2,"stratified_5_percent_pass_audit"
"inflect_ward_k65",58,260211,"CD14","ambiguous","discordant_tests;seed_instability",3,0,0,2,0.612411213180675,0.00300150075037519,2,"ambiguous"
"inflect_ward_k65",58,260211,"CD161","ambiguous","borderline_q",3,0,0,0,1,0.0957751603074264,2,"ambiguous"
"inflect_ward_k65",58,260211,"CD185_CXCR5","ambiguous","discordant_tests;seed_instability",3,0,0,1,0.842395758796471,0.00300150075037519,2,"ambiguous"
"inflect_ward_k65",58,260211,"CD21","ambiguous","borderline_q",3,0,0,0,1,0.0958979489744873,2,"ambiguous"
"inflect_ward_k65",58,260211,"CD294_CRTH2","ambiguous","discordant_tests;seed_instability;borderline_q",3,0,0,2,0.30370700869768,0,2,"ambiguous"
"inflect_ward_k65",58,260211,"CD303_TCRvd2","detected_multimodality","both tests reject in at least two seeds",3,3,3,3,0,0,2,"detected_multimodality"
"inflect_ward_k65",58,260211,"CD38","ambiguous","discordant_tests;borderline_q",3,0,0,3,0.0572232338031384,0,2,"ambiguous"
"inflect_ward_k65",58,260211,"CD4","detected_multimodality","both tests reject in at least two seeds",3,3,3,3,0,0,2,"detected_multimodality"
"inflect_ward_k65",58,260211,"CD45RA","detected_multimodality","both tests reject in at least two seeds",3,3,3,3,0,0,2,"detected_multimodality"
"inflect_ward_k65",58,260211,"CD57","ambiguous","discordant_tests",3,0,0,3,0.515498990274642,0,2,"ambiguous"
"inflect_ward_k65",58,260211,"CD7","ambiguous","borderline_q",3,0,0,0,1,0.0540270135067534,2,"ambiguous"
"inflect_ward_k65",58,260211,"HLA-DR","detected_multimodality","both tests reject in at least two seeds",3,3,3,3,0,0,2,"detected_multimodality"
"inflect_ward_k65",58,260211,"Tbet","no_detected_multimodality","neither test rejects in any seed",3,0,0,0,1,0.24831646592527,2,"stratified_5_percent_pass_audit"
"inflect_ward_k65",58,260211,"TCRgd_CD141","detected_multimodality","both tests reject in at least two seeds",3,3,3,3,0,0,2,"detected_multimodality"
"inflect_ward_k65",60,5217922,"CD38","ambiguous","borderline_q",3,0,0,0,0.998595882513222,0.0945472736368184,4,"ambiguous"
"inflect_ward_k65",60,5217922,"CD45RA","detected_multimodality","both tests reject in at least two seeds",3,3,3,3,0,0,4,"detected_multimodality"
"inflect_ward_k65",60,5217922,"CD7","no_detected_multimodality","neither test rejects in any seed",3,0,0,0,0.998595882513222,0.644272136068034,4,"stratified_5_percent_pass_audit"
"inflect_ward_k65",61,8521,"CD14","detected_multimodality","both tests reject in at least two seeds",3,3,3,3,0.00884536598285801,0,1,"detected_multimodality"
"inflect_ward_k65",61,8521,"CD197_CCR7","ambiguous","borderline_q",3,0,0,0,1,0.0783391695847924,1,"ambiguous"
"inflect_ward_k65",61,8521,"CD27","ambiguous","discordant_tests;seed_instability",3,0,0,2,0.76348301928636,0,1,"ambiguous"
"inflect_ward_k65",61,8521,"CD294_CRTH2","ambiguous","borderline_q",3,0,0,0,1,0.0967983991995998,1,"ambiguous"
"inflect_ward_k65",61,8521,"CD3","detected_multimodality","both tests reject in at least two seeds",3,3,3,3,0,0,1,"detected_multimodality"
"inflect_ward_k65",61,8521,"CD303_TCRvd2","no_detected_multimodality","neither test rejects in any seed",3,0,0,0,1,0.866781216695304,1,"stratified_5_percent_pass_audit"
"inflect_ward_k65",61,8521,"CD7","detected_multimodality","both tests reject in at least two seeds",3,3,3,3,0,0,1,"detected_multimodality"
"inflect_ward_k65",61,8521,"TCRgd_CD141","ambiguous","discordant_tests;seed_instability",3,0,0,1,1,0.0202601300650325,1,"ambiguous"
"inflect_ward_k65",62,1013096,"CD185_CXCR5","ambiguous","discordant_tests;seed_instability",3,0,0,1,0.116060790178146,0,4,"ambiguous"
"inflect_ward_k65",62,1013096,"CD19","detected_multimodality","both tests reject in at least two seeds",3,3,3,3,0,0,4,"detected_multimodality"
"inflect_ward_k65",62,1013096,"CD21","detected_multimodality","both tests reject in at least two seeds",3,3,3,3,0,0,4,"detected_multimodality"
"inflect_ward_k65",63,2920244,"CD159c_NKG2C","no_detected_multimodality","neither test rejects in any seed",3,0,0,0,0.999781733704302,0.867246123061531,4,"stratified_5_percent_pass_audit"
"inflect_ward_k65",64,278423,"CD14","ambiguous","discordant_tests",3,0,0,3,0.367616031737495,0,3,"ambiguous"
"inflect_ward_k65",64,278423,"CD159c_NKG2C","ambiguous","borderline_q",3,0,0,0,1,0.0607803901950975,3,"ambiguous"
"inflect_ward_k65",64,278423,"CD185_CXCR5","ambiguous","discordant_tests",3,0,0,3,0.48872932072434,0,3,"ambiguous"
"inflect_ward_k65",64,278423,"CD21","ambiguous","borderline_q",3,0,0,0,1,0.0771814478667905,3,"ambiguous"
"inflect_ward_k65",64,278423,"CD25","no_detected_multimodality","neither test rejects in any seed",3,0,0,0,1,0.846627859384238,3,"stratified_5_percent_pass_audit"
"inflect_ward_k65",64,278423,"CD27","ambiguous","discordant_tests",3,0,0,3,0.281950455578951,0,3,"ambiguous"
"inflect_ward_k65",64,278423,"CD38","detected_multimodality","both tests reject in at least two seeds",3,3,3,3,0,0,3,"detected_multimodality"
"inflect_ward_k65",64,278423,"CD57","ambiguous","borderline_q",3,0,0,0,1,0.0979239619809905,3,"ambiguous"
"inflect_ward_k65",64,278423,"CD7","detected_multimodality","both tests reject in at least two seeds",3,2,2,3,0.000868278728225091,0,3,"detected_multimodality"
"inflect_ward_k65",64,278423,"FoxP3","ambiguous","borderline_q",3,0,0,0,1,0.0607803901950975,3,"ambiguous"
"inflect_ward_k65",65,541968,"CD127","ambiguous","discordant_tests;seed_instability",3,0,0,2,1,0.040520260130065,3,"ambiguous"
"inflect_ward_k65",65,541968,"CD19","no_detected_multimodality","neither test rejects in any seed",3,0,0,0,1,0.580790395197599,3,"stratified_5_percent_pass_audit"
"inflect_ward_k65",65,541968,"CD27","ambiguous","discordant_tests;seed_instability",3,0,0,1,1,0.040520260130065,3,"ambiguous"
"inflect_ward_k65",65,541968,"CD303_TCRvd2","no_detected_multimodality","neither test rejects in any seed",3,0,0,0,1,0.580790395197599,3,"stratified_5_percent_pass_audit"
"inflect_ward_k65",65,541968,"CD7","ambiguous","discordant_tests;seed_instability",3,0,0,1,1,0.040520260130065,3,"ambiguous"
